time_s,amcl_x,amcl_y,amcl_qz,amcl_qw,filtered_vx,filtered_wz,left_command_mps,right_command_mps,left_measured_mps,right_measured_mps,left_encoder_rps,right_encoder_rps,voltage
0.0,,,,,,,-0.0000,0.0000,0.0001,0.0000,0.0002,0.0000,0.0000
0.5,,,,,,,-0.0000,0.0000,0.0001,0.0000,0.0002,0.0000,0.0000
1.0,,,,,,,-0.0000,0.0000,0.0001,0.0000,0.0002,0.0000,0.0000
1.5,,,,,,,-0.0000,0.0000,0.0001,0.0000,0.0002,0.0000,0.0000
2.0,,,,,,,-0.0000,0.0000,0.0001,0.0000,0.0002,0.0000,0.0000
2.5,,,,,0.0001,-0.0000,-0.0000,0.0000,0.0001,0.0000,0.0002,0.0000,0.0000
3.0,,,,,0.0001,-0.0000,-0.0000,0.0000,0.0001,0.0000,0.0002,0.0000,0.0000
3.5,,,,,0.0001,-0.0001,-0.0000,0.0000,0.0001,0.0000,0.0002,0.0000,0.0000
4.0,0.0000,0.0000,0.0000,1.0000,0.0000,-0.0001,-0.0000,0.0000,-0.0000,-0.0001,-0.0000,-0.0002,0.0000
4.5,0.0000,0.0000,0.0000,1.0000,-0.0001,-0.0001,-0.0000,0.0000,0.0001,-0.0001,0.0002,-0.0002,0.0000
5.0,0.0000,0.0000,0.0000,1.0000,-0.0001,-0.0001,-0.0000,0.0000,-0.0001,0.0000,-0.0002,0.0000,0.0000
5.5,0.0000,0.0000,0.0000,1.0000,-0.0001,0.0000,-0.0000,0.0000,-0.0001,0.0001,-0.0002,0.0002,0.0000
6.0,0.0000,0.0000,0.0000,1.0000,0.0000,0.0001,-0.0000,0.0000,-0.0001,0.0001,-0.0002,0.0002,0.0000
6.5,0.0000,0.0000,0.0000,1.0000,-0.0001,0.0002,-0.0000,0.0000,-0.0001,0.0000,-0.0002,0.0000,0.0000
7.0,0.0000,0.0000,0.0000,1.0000,-0.0001,0.0002,-0.0000,0.0000,-0.0001,0.0000,-0.0002,0.0000,0.0000
7.5,0.0000,0.0000,0.0000,1.0000,-0.0001,0.0002,-0.0000,0.0000,-0.0001,-0.0001,-0.0002,-0.0002,0.0000
8.0,0.0000,0.0000,0.0000,1.0000,-0.0001,0.0001,-0.0000,0.0000,-0.0004,0.0000,-0.0006,0.0000,0.0000
8.5,0.0000,0.0000,0.0000,1.0000,-0.0002,0.0003,-0.0000,0.0000,-0.0004,0.0000,-0.0006,0.0000,0.0000
9.0,0.0000,0.0000,0.0000,1.0000,-0.0002,0.0004,-0.0000,0.0000,-0.0004,0.0000,-0.0006,0.0000,0.0000
9.5,0.0000,0.0000,0.0000,1.0000,0.0002,0.0003,-0.0000,0.0000,0.0001,0.0001,0.0002,0.0002,0.0000
10.0,0.0000,0.0000,0.0000,1.0000,0.0000,0.0002,-0.0000,0.0000,0.0001,0.0003,0.0002,0.0004,0.0000
10.5,0.0000,0.0000,0.0000,1.0000,0.0000,0.0003,-0.0000,0.0000,-0.0001,0.0001,-0.0002,0.0002,0.0000
11.0,0.0000,0.0000,0.0000,1.0000,0.0001,0.0002,-0.0000,0.0000,0.0003,0.0000,0.0004,0.0000,0.0000
11.5,0.0000,0.0000,0.0000,1.0000,-0.0000,0.0001,-0.0000,0.0000,-0.0001,0.0000,-0.0002,0.0000,0.0000
12.0,0.0000,0.0000,0.0000,1.0000,-0.0000,0.0001,-0.0000,0.0000,-0.0000,0.0000,-0.0000,0.0000,0.0000
12.5,0.0000,0.0000,0.0000,1.0000,-0.0000,0.0001,-0.0000,0.0000,-0.0000,0.0000,-0.0000,0.0000,0.0000
13.0,0.0000,0.0000,0.0000,1.0000,-0.0000,0.0001,-0.0000,0.0000,-0.0000,0.0000,-0.0000,0.0000,0.0000
13.5,0.0000,0.0000,0.0000,1.0000,-0.0000,0.0001,-0.0000,0.0000,-0.0000,0.0000,-0.0000,0.0000,0.0000
14.0,0.0000,0.0000,0.0000,1.0000,-0.0000,0.0000,-0.0000,0.0000,-0.0000,0.0000,-0.0000,0.0000,0.0000
14.5,0.0000,0.0000,0.0000,1.0000,-0.0000,0.0000,-0.0000,0.0000,-0.0000,0.0000,-0.0000,0.0000,0.0000
15.0,0.0000,0.0000,0.0000,1.0000,-0.0001,0.0001,-0.0000,0.0000,-0.0003,0.0000,-0.0004,0.0000,0.0000
15.5,0.0000,0.0000,0.0000,1.0000,-0.0000,0.0001,-0.0000,0.0000,0.0001,-0.0001,0.0002,-0.0002,0.0000
16.0,0.0000,0.0000,0.0000,1.0000,0.0001,0.0001,-0.0000,0.0000,-0.0000,0.0001,-0.0000,0.0002,0.0000
16.5,0.0000,0.0000,0.0000,1.0000,0.0001,0.0001,-0.0000,0.0000,-0.0000,0.0001,-0.0000,0.0002,0.0000
17.0,0.0000,0.0000,0.0000,1.0000,0.0001,0.0001,-0.0000,0.0000,-0.0000,0.0001,-0.0000,0.0002,0.0000
17.5,0.0000,0.0000,0.0000,1.0000,0.0000,0.0001,-0.0000,0.0000,-0.0000,0.0000,-0.0000,0.0000,0.0000
18.0,0.0000,0.0000,0.0000,1.0000,-0.0000,0.0001,-0.0000,0.0000,-0.0000,0.0000,-0.0000,0.0000,0.0000
18.5,0.0000,0.0000,0.0000,1.0000,0.0001,0.0001,-0.0000,0.0000,-0.0000,0.0003,-0.0000,0.0004,0.0000
19.0,0.0000,0.0000,0.0000,1.0000,0.0001,0.0002,-0.0000,0.0000,-0.0000,0.0003,-0.0000,0.0004,0.0000
19.5,0.0000,0.0000,0.0000,1.0000,0.0003,0.0003,-0.0000,0.0000,0.0001,0.0001,0.0002,0.0002,0.0000
20.0,0.0000,0.0000,0.0000,1.0000,-0.0000,0.0003,-0.0000,0.0000,-0.0000,0.0000,-0.0000,0.0000,0.0000
20.5,0.0000,0.0000,0.0000,1.0000,-0.0000,0.0002,-0.0000,0.0000,-0.0000,0.0000,-0.0000,0.0000,0.0000
21.0,0.0000,0.0000,0.0000,1.0000,0.0001,0.0001,-0.0000,0.0000,0.0001,0.0000,0.0002,0.0000,0.0000
21.5,0.0000,0.0000,0.0000,1.0000,0.0001,0.0000,-0.0000,0.0000,0.0001,0.0000,0.0002,0.0000,0.0000
22.0,0.0000,0.0000,0.0000,1.0000,0.0001,-0.0000,-0.0000,0.0000,0.0001,0.0000,0.0002,0.0000,0.0000
22.5,0.0000,0.0000,0.0000,1.0000,0.0001,-0.0001,-0.0000,0.0000,0.0001,0.0000,0.0002,0.0000,0.0000
23.0,0.0000,0.0000,0.0000,1.0000,0.0001,-0.0001,-0.0000,0.0000,0.0001,0.0000,0.0002,0.0000,0.0000
23.5,0.0000,0.0000,0.0000,1.0000,0.0001,-0.0001,-0.0000,0.0000,0.0001,0.0000,0.0002,0.0000,0.0000
24.0,0.0000,0.0000,0.0000,1.0000,0.0001,-0.0002,-0.0000,0.0000,0.0001,0.0000,0.0002,0.0000,0.0000
24.5,0.0000,0.0000,0.0000,1.0000,0.0001,-0.0002,-0.0000,0.0000,0.0001,0.0000,0.0002,0.0000,0.0000
25.0,0.0000,0.0000,0.0000,1.0000,-0.0000,-0.0001,-0.0000,0.0000,-0.0001,0.0000,-0.0002,0.0000,0.0000
25.5,0.0000,0.0000,0.0000,1.0000,-0.0001,-0.0001,-0.0000,0.0000,-0.0000,-0.0001,-0.0000,-0.0002,0.0000
26.0,0.0000,0.0000,0.0000,1.0000,-0.0000,-0.0001,-0.0000,0.0000,-0.0000,0.0000,-0.0000,0.0000,0.0000
26.5,0.0000,0.0000,0.0000,1.0000,-0.0000,-0.0001,-0.0000,0.0000,-0.0000,-0.0001,-0.0000,-0.0002,0.0000
27.0,0.0000,0.0000,0.0000,1.0000,-0.0001,-0.0001,-0.0000,0.0000,-0.0000,-0.0001,-0.0000,-0.0002,0.0000
27.5,0.0000,0.0000,0.0000,1.0000,-0.0000,-0.0001,-0.0000,0.0000,-0.0000,0.0000,-0.0000,0.0000,0.0000
28.0,0.0000,0.0000,0.0000,1.0000,0.0000,-0.0001,-0.0000,0.0000,-0.0000,0.0001,-0.0000,0.0002,0.0000
28.5,0.0000,0.0000,0.0000,1.0000,0.0000,-0.0000,-0.0000,0.0000,-0.0001,0.0000,-0.0002,0.0000,0.0000
29.0,0.0000,0.0000,0.0000,1.0000,-0.0000,-0.0001,-0.0000,0.0000,-0.0000,0.0001,-0.0000,0.0002,0.0000
29.5,0.0000,0.0000,0.0000,1.0000,-0.0001,-0.0000,-0.0000,0.0000,-0.0001,-0.0001,-0.0002,-0.0002,0.0000
30.0,0.0000,0.0000,0.0000,1.0000,-0.0001,-0.0000,-0.0000,0.0000,-0.0001,-0.0001,-0.0002,-0.0002,0.0000
30.5,0.0000,0.0000,0.0000,1.0000,0.0001,0.0000,-0.0000,0.0000,-0.0000,0.0003,-0.0000,0.0004,0.0000
31.0,0.0000,0.0000,0.0000,1.0000,-0.0001,0.0001,-0.0000,0.0000,-0.0001,0.0000,-0.0002,0.0000,0.0000
31.5,0.0000,0.0000,0.0000,1.0000,-0.0001,0.0002,-0.0000,0.0000,-0.0000,0.0000,-0.0000,0.0000,0.0000
32.0,0.0000,0.0000,0.0000,1.0000,-0.0001,0.0002,-0.0000,0.0000,-0.0001,0.0000,-0.0002,0.0000,0.0000
32.5,0.0000,0.0000,0.0000,1.0000,0.0001,0.0002,-0.0000,0.0000,-0.0000,0.0003,-0.0000,0.0004,0.0000
33.0,0.0000,0.0000,0.0000,1.0000,0.0001,0.0003,-0.0000,0.0000,-0.0000,0.0003,-0.0000,0.0004,0.0000
33.5,0.0000,0.0000,0.0000,1.0000,0.0001,0.0002,-0.0000,0.0000,0.0003,0.0004,0.0004,0.0006,0.0000
34.0,0.0000,0.0000,0.0000,1.0000,-0.0002,0.0002,-0.0000,0.0000,-0.0003,-0.0001,-0.0004,-0.0002,0.0000
34.5,0.0000,0.0000,0.0000,1.0000,-0.0002,0.0002,-0.0000,0.0000,-0.0001,-0.0001,-0.0002,-0.0002,0.0000
35.0,0.0000,0.0000,0.0000,1.0000,0.0001,0.0002,-0.0000,0.0000,-0.0000,0.0001,-0.0000,0.0002,0.0000
35.5,17.9244,20.2779,-0.0043,1.0000,0.0002,0.0002,-0.0000,0.0000,0.0001,0.0005,0.0002,0.0008,0.0000
36.0,17.9244,20.2779,-0.0043,1.0000,0.0003,0.0004,-0.0000,0.0000,0.0001,0.0005,0.0002,0.0008,0.0000
36.5,17.9244,20.2779,-0.0043,1.0000,0.0002,0.0003,-0.0000,0.0000,-0.0000,0.0005,-0.0000,0.0008,0.0000
37.0,17.9244,20.2779,-0.0043,1.0000,0.0000,0.0003,-0.0000,0.0000,-0.0000,0.0000,-0.0000,0.0000,0.0000
37.5,17.9244,20.2779,-0.0043,1.0000,-0.0000,0.0002,-0.0000,0.0000,-0.0000,0.0000,-0.0000,0.0000,0.0000
38.0,17.9244,20.2779,-0.0043,1.0000,-0.0001,0.0002,-0.0000,0.0000,-0.0003,0.0000,-0.0004,0.0000,0.0000
38.5,17.9244,20.2779,-0.0043,1.0000,-0.0001,0.0003,-0.0000,0.0000,-0.0003,0.0000,-0.0004,0.0000,0.0000
39.0,17.9244,20.2779,-0.0043,1.0000,-0.0001,0.0003,-0.0000,0.0000,-0.0000,-0.0001,-0.0000,-0.0002,0.0000
39.5,17.9244,20.2779,-0.0043,1.0000,0.0000,0.0002,-0.0000,0.0000,0.0001,0.0004,0.0002,0.0006,0.0000
40.0,17.9244,20.2779,-0.0043,1.0000,0.0002,0.0003,-0.0000,0.0000,-0.0000,0.0001,-0.0000,0.0002,0.0000
40.5,17.9244,20.2779,-0.0043,1.0000,0.0001,0.0002,-0.0000,0.0000,0.0001,0.0000,0.0002,0.0000,0.0000
41.0,17.9244,20.2779,-0.0043,1.0000,0.0001,0.0001,-0.0000,0.0000,0.0001,0.0000,0.0002,0.0000,0.0000
41.5,17.9244,20.2779,-0.0043,1.0000,0.0000,0.0001,-0.0000,0.0000,-0.0000,0.0000,-0.0000,0.0000,0.0000
42.0,17.7963,20.9451,0.0288,0.9996,0.0002,0.0002,-0.0000,0.0000,-0.0000,0.0004,-0.0000,0.0006,0.0000
42.5,17.7963,20.9451,0.0288,0.9996,0.0000,0.0003,-0.0000,0.0000,-0.0000,0.0000,-0.0000,0.0000,0.0000
43.0,17.7963,20.9451,0.0288,0.9996,-0.0000,0.0002,-0.0000,0.0000,-0.0000,0.0000,-0.0000,0.0000,0.0000
43.5,17.7963,20.9451,0.0288,0.9996,-0.0000,0.0002,-0.0000,0.0000,-0.0000,0.0000,-0.0000,0.0000,0.0000
44.0,17.7963,20.9451,0.0288,0.9996,0.0000,0.0001,-0.0000,0.0000,0.0004,0.0003,0.0006,0.0004,0.0000
44.5,17.7963,20.9451,0.0288,0.9996,0.0003,0.0000,-0.0000,0.0000,0.0004,0.0003,0.0006,0.0004,0.0000
45.0,17.7963,20.9451,0.0288,0.9996,0.0001,0.0001,-0.0000,0.0000,-0.0000,0.0001,-0.0000,0.0002,0.0000
45.5,17.7963,20.9451,0.0288,0.9996,0.0001,0.0001,-0.0000,0.0000,-0.0000,0.0001,-0.0000,0.0002,0.0000
46.0,17.7963,20.9451,0.0288,0.9996,0.0001,0.0001,-0.0000,0.0000,-0.0000,0.0003,-0.0000,0.0004,0.0000
46.5,17.7963,20.9451,0.0288,0.9996,0.0001,0.0002,-0.0000,0.0000,-0.0000,0.0003,-0.0000,0.0004,0.0000
47.0,17.7963,20.9451,0.0288,0.9996,0.0001,0.0004,-0.0000,0.0000,-0.0001,0.0004,-0.0002,0.0006,0.0000
47.5,17.7963,20.9451,0.0288,0.9996,0.0001,0.0005,-0.0000,0.0000,-0.0001,0.0004,-0.0002,0.0006,0.0000
48.0,17.7963,20.9451,0.0288,0.9996,-0.0001,0.0006,-0.0000,0.0000,-0.0004,0.0000,-0.0006,0.0000,0.0000
48.5,17.8115,20.6723,0.0013,1.0000,-0.0002,0.0006,-0.0000,0.0000,-0.0004,0.0000,-0.0006,0.0000,0.0000
49.0,17.8115,20.6723,0.0013,1.0000,-0.0001,0.0005,-0.0000,0.0000,0.0001,-0.0001,0.0002,-0.0002,0.0000
49.5,17.8115,20.6723,0.0013,1.0000,0.0000,0.0003,-0.0000,0.0000,0.0001,-0.0001,0.0002,-0.0002,0.0000
50.0,17.8115,20.6723,0.0013,1.0000,-0.0000,0.0001,-0.0000,0.0000,-0.0000,-0.0001,-0.0000,-0.0002,0.0000
50.5,17.8115,20.6723,0.0013,1.0000,-0.0001,0.0000,-0.0000,0.0000,-0.0000,-0.0001,-0.0000,-0.0002,0.0000
51.0,17.8115,20.6723,0.0013,1.0000,-0.0001,-0.0000,-0.0000,0.0000,-0.0000,-0.0001,-0.0000,-0.0002,0.0000
51.5,17.8115,20.6723,0.0013,1.0000,-0.0000,-0.0000,-0.0000,0.0000,0.0003,0.0000,0.0004,0.0000,0.0000
52.0,17.8115,20.6723,0.0013,1.0000,0.0000,-0.0001,-0.0000,0.0000,-0.0000,-0.0001,-0.0000,-0.0002,0.0000
52.5,17.8115,20.6723,0.0013,1.0000,-0.0001,0.0000,-0.0000,0.0000,-0.0003,0.0000,-0.0004,0.0000,0.0000
53.0,17.8115,20.6723,0.0013,1.0000,-0.0000,0.0001,-0.0000,0.0000,-0.0003,0.0001,-0.0004,0.0002,0.0000
53.5,17.8115,20.6723,0.0013,1.0000,-0.0000,0.0002,-0.0000,0.0000,0.0003,-0.0001,0.0004,-0.0002,0.0000
54.0,17.8115,20.6723,0.0013,1.0000,0.0001,0.0000,-0.0000,0.0000,0.0001,0.0003,0.0002,0.0004,0.0000
54.5,17.8115,20.6723,0.0013,1.0000,0.0002,0.0001,-0.0000,0.0000,0.0001,0.0003,0.0002,0.0004,0.0000
55.0,17.8115,20.6723,0.0013,1.0000,0.0001,0.0001,-0.0000,0.0000,-0.0001,0.0000,-0.0002,0.0000,0.0000
55.5,17.8115,20.6723,0.0013,1.0000,0.0000,0.0000,-0.0000,0.0000,0.0001,0.0001,0.0002,0.0002,0.0000
56.0,17.8115,20.6723,0.0013,1.0000,0.0001,0.0000,-0.0000,0.0000,0.0001,0.0001,0.0002,0.0002,0.0000
56.5,17.8115,20.6723,0.0013,1.0000,0.0001,0.0000,-0.0000,0.0000,-0.0000,0.0001,-0.0000,0.0002,0.0000
57.0,17.8115,20.6723,0.0013,1.0000,-0.0001,0.0000,-0.0000,0.0000,-0.0000,-0.0003,-0.0000,-0.0004,0.0000
57.5,17.8115,20.6723,0.0013,1.0000,-0.0001,-0.0001,-0.0000,0.0000,-0.0003,0.0003,-0.0004,0.0004,0.0000
58.0,17.8115,20.6723,0.0013,1.0000,0.0000,0.0001,-0.0000,0.0000,0.0001,0.0001,0.0002,0.0002,0.0000
58.5,17.8115,20.6723,0.0013,1.0000,0.0001,0.0001,-0.0000,0.0000,0.0001,0.0000,0.0002,0.0000,0.0000
59.0,17.8115,20.6723,0.0013,1.0000,0.0001,-0.0000,-0.0000,0.0000,0.0001,0.0000,0.0002,0.0000,0.0000
59.5,17.8115,20.6723,0.0013,1.0000,-0.0000,-0.0000,-0.0000,0.0000,-0.0001,0.0000,-0.0002,0.0000,0.0000
60.0,17.8115,20.6723,0.0013,1.0000,-0.0001,0.0000,-0.0000,0.0000,-0.0001,0.0000,-0.0002,0.0000,0.0000
60.5,17.8115,20.6723,0.0013,1.0000,-0.0000,0.0001,-0.0000,0.0000,0.0003,0.0000,0.0004,0.0000,0.0000
61.0,17.8115,20.6723,0.0013,1.0000,0.0001,-0.0000,-0.0000,0.0000,-0.0000,0.0000,-0.0000,0.0000,0.0000
61.5,17.8115,20.6723,0.0013,1.0000,-0.0000,-0.0000,-0.0000,0.0000,-0.0003,0.0000,-0.0004,0.0000,0.0000
62.0,17.8115,20.6723,0.0013,1.0000,0.0002,0.0001,-0.0000,0.0000,-0.0000,0.0004,-0.0000,0.0006,0.0000
62.5,17.8115,20.6723,0.0013,1.0000,0.0002,0.0003,-0.0000,0.0000,-0.0000,0.0004,-0.0000,0.0006,0.0000
63.0,17.8115,20.6723,0.0013,1.0000,0.0001,0.0003,-0.0000,0.0000,-0.0000,0.0000,-0.0000,0.0000,0.0000
63.5,17.8115,20.6723,0.0013,1.0000,-0.0000,0.0003,-0.0000,0.0000,-0.0000,0.0000,-0.0000,0.0000,0.0000
64.0,17.8115,20.6723,0.0013,1.0000,0.0001,0.0002,-0.0000,0.0000,-0.0001,0.0004,-0.0002,0.0006,0.0000
64.5,17.8115,20.6723,0.0013,1.0000,0.0000,0.0003,-0.0000,0.0000,-0.0001,0.0001,-0.0002,0.0002,0.0000
65.0,17.8115,20.6723,0.0013,1.0000,-0.0000,0.0004,-0.0000,0.0000,-0.0001,0.0001,-0.0002,0.0002,0.0000
65.5,17.8115,20.6723,0.0013,1.0000,0.0000,0.0004,-0.0000,0.0000,0.0001,0.0001,0.0002,0.0002,0.0000
66.0,17.8115,20.6723,0.0013,1.0000,0.0001,0.0003,-0.0000,0.0000,-0.0000,0.0001,-0.0000,0.0002,0.0000
66.5,17.8115,20.6723,0.0013,1.0000,-0.0000,0.0002,-0.0000,0.0000,-0.0000,0.0000,-0.0000,0.0000,0.0000
67.0,17.8115,20.6723,0.0013,1.0000,0.0000,0.0002,-0.0000,0.0000,0.0001,0.0000,0.0002,0.0000,0.0000
67.5,17.8115,20.6723,0.0013,1.0000,-0.0001,0.0001,-0.0000,0.0000,-0.0001,0.0000,-0.0002,0.0000,0.0000
68.0,17.8115,20.6723,0.0013,1.0000,-0.0001,0.0001,-0.0000,0.0000,-0.0001,0.0000,-0.0002,0.0000,0.0000
68.5,17.8115,20.6723,0.0013,1.0000,-0.0001,0.0002,-0.0000,0.0000,-0.0001,0.0000,-0.0002,0.0000,0.0000
69.0,17.8115,20.6723,0.0013,1.0000,-0.0001,0.0002,-0.0000,0.0000,-0.0000,0.0000,-0.0000,0.0000,0.0000
69.5,17.8115,20.6723,0.0013,1.0000,0.0000,0.0001,-0.0000,0.0000,-0.0000,0.0000,-0.0000,0.0000,0.0000
70.0,17.8115,20.6723,0.0013,1.0000,0.0000,0.0001,-0.0000,0.0000,-0.0000,0.0000,-0.0000,0.0000,0.0000
70.5,17.8115,20.6723,0.0013,1.0000,-0.0000,-0.0000,-0.0000,0.0000,0.0001,-0.0001,0.0002,-0.0002,0.0000
71.0,17.8115,20.6723,0.0013,1.0000,0.0000,-0.0001,-0.0000,0.0000,0.0001,-0.0001,0.0002,-0.0002,0.0000
71.5,17.8115,20.6723,0.0013,1.0000,0.0000,-0.0002,-0.0000,0.0000,0.0003,0.0000,0.0004,0.0000,0.0000
72.0,17.8115,20.6723,0.0013,1.0000,-0.0001,-0.0001,-0.0000,0.0000,-0.0001,0.0000,-0.0002,0.0000,0.0000
72.5,17.8115,20.6723,0.0013,1.0000,-0.0001,0.0000,-0.0000,0.0000,-0.0005,0.0001,-0.0008,0.0002,0.0000
73.0,17.9877,-3.4786,-0.0082,1.0000,0.0000,0.0000,-0.0000,0.0000,-0.0000,0.0000,-0.0000,0.0000,0.0000
73.5,17.9877,-3.4786,-0.0082,1.0000,0.0000,0.0000,-0.0000,0.0000,-0.0000,0.0000,-0.0000,0.0000,0.0000
74.0,17.9877,-3.4786,-0.0082,1.0000,0.0000,0.0000,-0.0000,0.0000,-0.0000,0.0000,-0.0000,0.0000,0.0000
74.5,17.9877,-3.4786,-0.0082,1.0000,0.0000,0.0000,-0.0000,0.0000,-0.0001,0.0003,-0.0002,0.0004,0.0000
75.0,17.9877,-3.4786,-0.0082,1.0000,0.0000,0.0000,-0.0000,0.0000,0.0001,0.0000,0.0002,0.0000,0.0000
75.5,17.9877,-3.4786,-0.0082,1.0000,0.0001,-0.0000,-0.0000,0.0000,0.0001,0.0000,0.0002,0.0000,0.0000
76.0,17.9877,-3.4786,-0.0082,1.0000,0.0000,0.0000,-0.0000,0.0000,-0.0000,0.0000,-0.0000,0.0000,0.0000
76.5,17.9877,-3.4786,-0.0082,1.0000,0.0001,-0.0000,-0.0000,0.0000,0.0001,0.0000,0.0002,0.0000,0.0000
77.0,17.9877,-3.4786,-0.0082,1.0000,0.0001,-0.0001,-0.0000,0.0000,0.0001,0.0001,0.0002,0.0002,0.0000
77.5,17.9877,-3.4786,-0.0082,1.0000,-0.0001,0.0000,-0.0000,0.0000,-0.0004,0.0001,-0.0006,0.0002,0.0000
78.0,17.9877,-3.4786,-0.0082,1.0000,-0.0001,0.0002,-0.0000,0.0000,-0.0000,0.0000,-0.0000,0.0000,0.0000
78.5,17.9877,-3.4786,-0.0082,1.0000,-0.0000,0.0001,-0.0000,0.0000,-0.0000,0.0000,-0.0000,0.0000,0.0000
79.0,17.9877,-3.4786,-0.0082,1.0000,0.0000,0.0001,-0.0000,0.0000,-0.0000,0.0000,-0.0000,0.0000,0.0000
79.5,17.9877,-3.4786,-0.0082,1.0000,0.0000,0.0001,-0.0000,0.0000,-0.0000,0.0000,-0.0000,0.0000,0.0000
80.0,17.9877,-3.4786,-0.0082,1.0000,0.0000,0.0001,-0.0000,0.0000,0.0003,0.0003,0.0004,0.0004,0.0000
80.5,17.9877,-3.4786,-0.0082,1.0000,0.0001,0.0000,-0.0000,0.0000,0.0001,0.0000,0.0002,0.0000,0.0000
81.0,17.9877,-3.4786,-0.0082,1.0000,0.0001,-0.0000,-0.0000,0.0000,0.0001,0.0001,0.0002,0.0002,0.0000
81.5,17.9877,-3.4786,-0.0082,1.0000,0.0000,-0.0000,-0.0000,0.0000,-0.0000,0.0004,-0.0000,0.0006,0.0000
82.0,17.9877,-3.4786,-0.0082,1.0000,0.0002,0.0002,-0.0000,0.0000,-0.0000,0.0004,-0.0000,0.0006,0.0000
82.5,17.9877,-3.4786,-0.0082,1.0000,0.0001,0.0003,-0.0000,0.0000,-0.0001,-0.0001,-0.0002,-0.0002,0.0000
83.0,17.9877,-3.4786,-0.0082,1.0000,-0.0001,0.0002,-0.0000,0.0000,-0.0001,-0.0001,-0.0002,-0.0002,0.0000
83.5,17.9877,-3.4786,-0.0082,1.0000,-0.0001,0.0002,-0.0000,0.0000,-0.0004,0.0000,-0.0006,0.0000,0.0000
84.0,17.9877,-3.4786,-0.0082,1.0000,-0.0000,0.0001,-0.0000,0.0000,0.0001,0.0000,0.0002,0.0000,0.0000
84.5,17.9877,-3.4786,-0.0082,1.0000,0.0000,0.0000,-0.0000,0.0000,0.0004,-0.0001,0.0006,-0.0002,0.0000
85.0,17.9877,-3.4786,-0.0082,1.0000,0.0001,-0.0001,-0.0000,0.0000,0.0001,0.0001,0.0002,0.0002,0.0000
85.5,17.9877,-3.4786,-0.0082,1.0000,0.0001,-0.0000,-0.0000,0.0000,-0.0000,0.0001,-0.0000,0.0002,0.0000
86.0,17.9877,-3.4786,-0.0082,1.0000,-0.0001,0.0001,-0.0000,0.0000,-0.0003,0.0001,-0.0004,0.0002,0.0000
86.5,17.9877,-3.4786,-0.0082,1.0000,-0.0001,0.0003,-0.0000,0.0000,-0.0003,0.0001,-0.0004,0.0002,0.0000
87.0,17.9877,-3.4786,-0.0082,1.0000,-0.0001,0.0004,-0.0000,0.0000,-0.0003,0.0001,-0.0004,0.0002,0.0000
87.5,17.9877,-3.4786,-0.0082,1.0000,0.0000,0.0003,-0.0000,0.0000,-0.0000,0.0000,-0.0000,0.0000,0.0000
88.0,17.9877,-3.4786,-0.0082,1.0000,0.0001,0.0003,-0.0000,0.0000,-0.0000,0.0001,-0.0000,0.0002,0.0000
88.5,17.9877,-3.4786,-0.0082,1.0000,0.0001,0.0003,-0.0000,0.0000,-0.0000,0.0000,-0.0000,0.0000,0.0000
89.0,17.9877,-3.4786,-0.0082,1.0000,-0.0000,0.0002,-0.0000,0.0000,-0.0000,0.0000,-0.0000,0.0000,0.0000
89.5,17.9877,-3.4786,-0.0082,1.0000,-0.0000,0.0001,-0.0000,0.0000,-0.0000,0.0000,-0.0000,0.0000,0.0000
90.0,17.9877,-3.4786,-0.0082,1.0000,-0.0000,0.0001,-0.0000,0.0000,-0.0000,0.0000,-0.0000,0.0000,0.0000
90.5,17.9877,-3.4786,-0.0082,1.0000,-0.0000,0.0001,-0.0000,0.0000,-0.0000,0.0000,-0.0000,0.0000,0.0000
91.0,17.9877,-3.4786,-0.0082,1.0000,-0.0000,0.0001,-0.0000,0.0000,-0.0001,0.0000,-0.0002,0.0000,0.0000
91.5,17.9877,-3.4786,-0.0082,1.0000,-0.0001,0.0001,-0.0000,0.0000,-0.0001,0.0000,-0.0002,0.0000,0.0000
92.0,17.9877,-3.4786,-0.0082,1.0000,-0.0001,0.0001,-0.0000,0.0000,-0.0001,0.0000,-0.0002,0.0000,0.0000
92.5,17.9877,-3.4786,-0.0082,1.0000,-0.0001,0.0002,-0.0000,0.0000,-0.0000,0.0000,-0.0000,0.0000,0.0000
93.0,17.9877,-3.4786,-0.0082,1.0000,0.0000,0.0001,-0.0000,0.0000,-0.0000,0.0000,-0.0000,0.0000,0.0000
93.5,17.9877,-3.4786,-0.0082,1.0000,-0.0000,0.0001,-0.0000,0.0000,-0.0000,-0.0001,-0.0000,-0.0002,0.0000
94.0,17.9877,-3.4786,-0.0082,1.0000,-0.0001,0.0001,-0.0000,0.0000,-0.0003,0.0000,-0.0004,0.0000,0.0000
94.5,17.9877,-3.4786,-0.0082,1.0000,0.0000,0.0001,-0.0000,0.0000,0.0001,0.0001,0.0002,0.0002,0.0000
95.0,17.9877,-3.4786,-0.0082,1.0000,0.0001,0.0001,-0.0000,0.0000,0.0001,0.0001,0.0002,0.0002,0.0000
95.5,17.9877,-3.4786,-0.0082,1.0000,0.0001,0.0001,-0.0000,0.0000,-0.0000,0.0000,-0.0000,0.0000,0.0000
96.0,17.9877,-3.4786,-0.0082,1.0000,0.0000,-0.0000,-0.0000,0.0000,0.0001,-0.0001,0.0002,-0.0002,0.0000
96.5,17.9877,-3.4786,-0.0082,1.0000,-0.0000,-0.0001,-0.0000,0.0000,0.0001,-0.0001,0.0002,-0.0002,0.0000
97.0,17.9877,-3.4786,-0.0082,1.0000,-0.0001,-0.0002,-0.0000,0.0000,-0.0000,-0.0001,-0.0000,-0.0002,0.0000
97.5,17.9877,-3.4786,-0.0082,1.0000,-0.0001,-0.0002,-0.0000,0.0000,-0.0000,-0.0001,-0.0000,-0.0002,0.0000
98.0,17.9877,-3.4786,-0.0082,1.0000,0.0000,-0.0001,-0.0000,0.0000,-0.0000,0.0001,-0.0000,0.0002,0.0000
98.5,17.9877,-3.4786,-0.0082,1.0000,0.0001,-0.0000,-0.0000,0.0000,-0.0000,0.0001,-0.0000,0.0002,0.0000
99.0,17.9877,-3.4786,-0.0082,1.0000,0.0000,0.0000,-0.0000,0.0000,0.0001,-0.0001,0.0002,-0.0002,0.0000
99.5,17.9877,-3.4786,-0.0082,1.0000,-0.0000,-0.0001,-0.0000,0.0000,0.0001,-0.0001,0.0002,-0.0002,0.0000
100.0,17.9877,-3.4786,-0.0082,1.0000,-0.0000,-0.0002,-0.0000,0.0000,-0.0000,0.0000,-0.0000,0.0000,0.0000
100.5,17.9877,-3.4786,-0.0082,1.0000,0.0001,-0.0001,-0.0000,0.0000,-0.0000,0.0001,-0.0000,0.0002,0.0000
101.0,17.9877,-3.4786,-0.0082,1.0000,0.0001,-0.0000,-0.0000,0.0000,-0.0000,0.0001,-0.0000,0.0002,0.0000
101.5,17.9877,-3.4786,-0.0082,1.0000,0.0001,0.0000,-0.0000,0.0000,-0.0000,0.0001,-0.0000,0.0002,0.0000
102.0,17.9877,-3.4786,-0.0082,1.0000,0.0000,0.0001,-0.0000,0.0000,-0.0000,0.0000,-0.0000,0.0000,0.0000
102.5,17.9877,-3.4786,-0.0082,1.0000,-0.0000,0.0000,-0.0000,0.0000,-0.0000,-0.0001,-0.0000,-0.0002,0.0000
103.0,17.9877,-3.4786,-0.0082,1.0000,0.0001,0.0001,-0.0000,0.0000,0.0001,-0.0001,0.0002,-0.0002,0.0000
103.5,17.5973,20.3939,0.0171,0.9999,0.0001,0.0001,-0.0000,0.0000,-0.0000,0.0001,-0.0000,0.0002,0.0000
104.0,17.5973,20.3939,0.0171,0.9999,0.0001,0.0001,-0.0000,0.0000,-0.0000,0.0001,-0.0000,0.0002,0.0000
104.5,17.5973,20.3939,0.0171,0.9999,0.0001,0.0002,-0.0000,0.0000,-0.0000,0.0001,-0.0000,0.0002,0.0000
105.0,17.5973,20.3939,0.0171,0.9999,-0.0001,0.0002,-0.0000,0.0000,-0.0001,0.0000,-0.0002,0.0000,0.0000
105.5,17.5973,20.3939,0.0171,0.9999,-0.0001,0.0002,-0.0000,0.0000,-0.0001,0.0000,-0.0002,0.0000,0.0000
106.0,17.5973,20.3939,0.0171,0.9999,-0.0001,0.0002,-0.0000,0.0000,-0.0001,0.0000,-0.0002,0.0000,0.0000
106.5,17.5973,20.3939,0.0171,0.9999,-0.0000,0.0002,-0.0000,0.0000,-0.0000,0.0000,-0.0000,0.0000,0.0000
107.0,17.5973,20.3939,0.0171,0.9999,0.0000,0.0001,-0.0000,0.0000,-0.0000,0.0000,-0.0000,0.0000,0.0000
107.5,17.5973,20.3939,0.0171,0.9999,0.0001,0.0002,-0.0000,0.0000,-0.0000,0.0003,-0.0000,0.0004,0.0000
108.0,17.5973,20.3939,0.0171,0.9999,0.0001,0.0002,-0.0000,0.0000,-0.0000,0.0003,-0.0000,0.0004,0.0000
108.5,17.8138,20.6808,0.0072,1.0000,0.0000,0.0002,-0.0000,0.0000,-0.0000,0.0000,-0.0000,0.0000,0.0000
109.0,17.8138,20.6808,0.0072,1.0000,-0.0000,0.0002,-0.0000,0.0000,-0.0000,0.0000,-0.0000,0.0000,0.0000
109.5,17.8138,20.6808,0.0072,1.0000,0.0003,0.0003,-0.0000,0.0000,-0.0000,0.0005,-0.0000,0.0008,0.0000
110.0,17.8138,20.6808,0.0072,1.0000,-0.0000,0.0002,-0.0000,0.0000,-0.0000,-0.0003,-0.0000,-0.0004,0.0000
110.5,17.8138,20.6808,0.0072,1.0000,-0.0000,0.0001,-0.0000,0.0000,0.0001,-0.0001,0.0002,-0.0002,0.0000
111.0,17.8138,20.6808,0.0072,1.0000,0.0000,-0.0000,-0.0000,0.0000,-0.0000,0.0001,-0.0000,0.0002,0.0000
111.5,17.8138,20.6808,0.0072,1.0000,0.0001,0.0001,-0.0000,0.0000,-0.0000,0.0001,-0.0000,0.0002,0.0000
112.0,17.8138,20.6808,0.0072,1.0000,0.0001,0.0001,-0.0000,0.0000,0.0004,0.0000,0.0006,0.0000,0.0000
112.5,17.8138,20.6808,0.0072,1.0000,0.0002,-0.0001,-0.0000,0.0000,0.0004,0.0000,0.0006,0.0000,0.0000
113.0,17.8138,20.6808,0.0072,1.0000,0.0002,-0.0003,-0.0000,0.0000,0.0004,0.0001,0.0006,0.0002,0.0000
113.5,17.8138,20.6808,0.0072,1.0000,0.0000,-0.0002,-0.0000,0.0000,-0.0000,0.0000,-0.0000,0.0000,0.0000
114.0,17.9684,20.5924,0.0341,0.9994,-0.0000,-0.0002,-0.0000,0.0000,-0.0000,0.0000,-0.0000,0.0000,0.0000
114.5,17.9684,20.5924,0.0341,0.9994,0.0000,-0.0001,-0.0000,0.0000,-0.0000,0.0001,-0.0000,0.0002,0.0000
115.0,17.9684,20.5924,0.0341,0.9994,0.0001,-0.0001,-0.0000,0.0000,-0.0000,0.0001,-0.0000,0.0002,0.0000
115.5,17.9684,20.5924,0.0341,0.9994,0.0000,0.0000,-0.0000,0.0000,-0.0001,0.0001,-0.0002,0.0002,0.0000
116.0,17.9684,20.5924,0.0341,0.9994,-0.0000,0.0001,-0.0000,0.0000,-0.0001,0.0001,-0.0002,0.0002,0.0000
116.5,17.9684,20.5924,0.0341,0.9994,-0.0000,0.0002,-0.0000,0.0000,-0.0001,-0.0001,-0.0002,-0.0002,0.0000
117.0,17.9684,20.5924,0.0341,0.9994,-0.0001,0.0001,-0.0000,0.0000,-0.0001,-0.0001,-0.0002,-0.0002,0.0000
117.5,17.9684,20.5924,0.0341,0.9994,0.0005,-0.0001,-0.0000,0.0000,0.0008,0.0001,0.0012,0.0002,0.0000
118.0,17.9684,20.5924,0.0341,0.9994,0.0005,-0.0004,-0.0000,0.0000,0.0008,0.0001,0.0012,0.0002,0.0000
118.5,17.9684,20.5924,0.0341,0.9994,0.0002,-0.0004,-0.0000,0.0000,-0.0003,0.0001,-0.0004,0.0002,0.0000
119.0,17.9684,20.5924,0.0341,0.9994,-0.0001,-0.0002,-0.0000,0.0000,-0.0000,0.0000,-0.0000,0.0000,0.0000
119.5,17.9684,20.5924,0.0341,0.9994,-0.0000,-0.0001,-0.0000,0.0000,-0.0000,0.0000,-0.0000,0.0000,0.0000
120.0,17.9516,20.7535,0.0147,0.9999,-0.0000,-0.0000,-0.0000,0.0000,0.0001,-0.0001,0.0002,-0.0002,0.0000
120.5,17.9516,20.7535,0.0147,0.9999,-0.0000,-0.0001,-0.0000,0.0000,-0.0001,-0.0001,-0.0002,-0.0002,0.0000
121.0,17.9516,20.7535,0.0147,0.9999,-0.0001,-0.0001,-0.0000,0.0000,-0.0000,-0.0001,-0.0000,-0.0002,0.0000
121.5,17.9516,20.7535,0.0147,0.9999,-0.0001,-0.0001,-0.0000,0.0000,-0.0000,-0.0001,-0.0000,-0.0002,0.0000
122.0,17.9516,20.7535,0.0147,0.9999,-0.0000,-0.0002,-0.0000,0.0000,-0.0000,0.0000,-0.0000,0.0000,0.0000
122.5,17.9516,20.7535,0.0147,0.9999,0.0000,-0.0001,-0.0000,0.0000,0.0003,-0.0003,0.0004,-0.0004,0.0000
123.0,17.9516,20.7535,0.0147,0.9999,0.0000,-0.0003,-0.0000,0.0000,0.0003,-0.0003,0.0004,-0.0004,0.0000
123.5,17.9516,20.7535,0.0147,0.9999,-0.0001,-0.0003,-0.0000,0.0000,-0.0001,0.0000,-0.0002,0.0000,0.0000
124.0,17.9516,20.7535,0.0147,0.9999,0.0001,-0.0002,-0.0000,0.0000,0.0001,0.0000,0.0002,0.0000,0.0000
124.5,17.9516,20.7535,0.0147,0.9999,0.0001,-0.0002,-0.0000,0.0000,0.0001,0.0000,0.0002,0.0000,0.0000
125.0,17.9516,20.7535,0.0147,0.9999,0.0001,-0.0002,-0.0000,0.0000,0.0001,0.0000,0.0002,0.0000,0.0000
125.5,17.9516,20.7535,0.0147,0.9999,0.0001,-0.0002,-0.0000,0.0000,0.0003,-0.0001,0.0004,-0.0002,0.0000
126.0,17.9516,20.7535,0.0147,0.9999,0.0001,-0.0003,-0.0000,0.0000,0.0003,-0.0001,0.0004,-0.0002,0.0000
126.5,17.9516,20.7535,0.0147,0.9999,0.0001,-0.0004,-0.0000,0.0000,0.0001,0.0000,0.0002,0.0000,0.0000
127.0,17.9516,20.7535,0.0147,0.9999,0.0001,-0.0004,-0.0000,0.0000,0.0001,0.0000,0.0002,0.0000,0.0000
127.5,17.9516,20.7535,0.0147,0.9999,0.0001,-0.0003,-0.0000,0.0000,0.0001,0.0000,0.0002,0.0000,0.0000
128.0,17.8934,20.7886,0.0228,0.9997,0.0001,-0.0003,-0.0000,0.0000,0.0001,0.0000,0.0002,0.0000,0.0000
128.5,17.8934,20.7886,0.0228,0.9997,0.0001,-0.0003,-0.0000,0.0000,0.0001,0.0000,0.0002,0.0000,0.0000
129.0,17.8934,20.7886,0.0228,0.9997,0.0003,-0.0001,-0.0000,0.0000,-0.0000,0.0005,-0.0000,0.0008,0.0000
129.5,17.8934,20.7886,0.0228,0.9997,0.0000,0.0000,-0.0000,0.0000,-0.0000,0.0000,-0.0000,0.0000,0.0000
130.0,17.8934,20.7886,0.0228,0.9997,-0.0000,-0.0000,-0.0000,0.0000,0.0001,-0.0001,0.0002,-0.0002,0.0000
130.5,17.8934,20.7886,0.0228,0.9997,-0.0000,-0.0001,-0.0000,0.0000,-0.0000,-0.0001,-0.0000,-0.0002,0.0000
131.0,17.8934,20.7886,0.0228,0.9997,-0.0000,-0.0001,-0.0000,0.0000,-0.0000,0.0000,-0.0000,0.0000,0.0000
131.5,17.8934,20.7886,0.0228,0.9997,-0.0000,-0.0001,-0.0000,0.0000,-0.0000,0.0000,-0.0000,0.0000,0.0000
132.0,17.8934,20.7886,0.0228,0.9997,-0.0000,-0.0001,-0.0000,0.0000,-0.0000,0.0000,-0.0000,0.0000,0.0000
132.5,17.8934,20.7886,0.0228,0.9997,0.0000,-0.0001,-0.0000,0.0000,-0.0004,0.0000,-0.0006,0.0000,0.0000
133.0,17.8934,20.7886,0.0228,0.9997,-0.0002,0.0001,-0.0000,0.0000,-0.0004,0.0000,-0.0006,0.0000,0.0000
133.5,17.9488,20.6918,0.0167,0.9999,-0.0001,0.0001,-0.0000,0.0000,-0.0000,-0.0003,-0.0000,-0.0004,0.0000
134.0,17.9488,20.6918,0.0167,0.9999,0.0000,0.0001,-0.0000,0.0000,-0.0000,0.0001,-0.0000,0.0002,0.0000
134.5,17.9488,20.6918,0.0167,0.9999,0.0001,0.0000,-0.0000,0.0000,0.0001,0.0000,0.0002,0.0000,0.0000
135.0,17.9488,20.6918,0.0167,0.9999,0.0001,-0.0001,-0.0000,0.0000,0.0003,0.0000,0.0004,0.0000,0.0000
135.5,17.9488,20.6918,0.0167,0.9999,0.0001,-0.0002,-0.0000,0.0000,0.0003,0.0000,0.0004,0.0000,0.0000
136.0,17.9488,20.6918,0.0167,0.9999,-0.0001,-0.0000,-0.0000,0.0000,-0.0003,0.0001,-0.0004,0.0002,0.0000
136.5,17.9488,20.6918,0.0167,0.9999,-0.0001,0.0002,-0.0000,0.0000,-0.0003,0.0001,-0.0004,0.0002,0.0000
137.0,17.9488,20.6918,0.0167,0.9999,-0.0001,0.0002,-0.0000,0.0000,-0.0001,-0.0001,-0.0002,-0.0002,0.0000
137.5,17.9488,20.6918,0.0167,0.9999,-0.0001,-0.0000,-0.0000,0.0000,-0.0000,0.0000,-0.0000,0.0000,0.0000
138.0,17.9488,20.6918,0.0167,0.9999,0.0000,-0.0000,-0.0000,0.0000,-0.0000,0.0000,-0.0000,0.0000,0.0000
138.5,17.9488,20.6918,0.0167,0.9999,0.0000,-0.0000,-0.0000,0.0000,-0.0000,0.0000,-0.0000,0.0000,0.0000
139.0,17.9488,20.6918,0.0167,0.9999,0.0000,-0.0001,-0.0000,0.0000,-0.0001,0.0000,-0.0002,0.0000,0.0000
139.5,17.9175,20.8166,-0.0111,0.9999,-0.0001,0.0000,-0.0000,0.0000,-0.0001,0.0000,-0.0002,0.0000,0.0000
140.0,17.9175,20.8166,-0.0111,0.9999,0.0001,0.0001,-0.0000,0.0000,-0.0001,0.0000,-0.0002,0.0000,0.0000
140.5,17.9175,20.8166,-0.0111,0.9999,0.0001,0.0000,-0.0000,0.0000,0.0001,0.0000,0.0002,0.0000,0.0000
141.0,17.9175,20.8166,-0.0111,0.9999,-0.0001,-0.0000,-0.0000,0.0000,0.0001,-0.0001,0.0002,-0.0002,0.0000
141.5,17.9175,20.8166,-0.0111,0.9999,0.0000,-0.0001,-0.0000,0.0000,-0.0000,0.0000,-0.0000,0.0000,0.0000
142.0,17.9175,20.8166,-0.0111,0.9999,0.0000,-0.0001,-0.0000,0.0000,-0.0000,0.0000,-0.0000,0.0000,0.0000
142.5,17.9175,20.8166,-0.0111,0.9999,0.0002,-0.0002,-0.0000,0.0000,0.0005,-0.0001,0.0008,-0.0002,0.0000
143.0,17.9175,20.8166,-0.0111,0.9999,0.0002,-0.0004,-0.0000,0.0000,0.0005,-0.0001,0.0008,-0.0002,0.0000
143.5,17.9175,20.8166,-0.0111,0.9999,0.0001,-0.0006,-0.0000,0.0000,-0.0000,0.0000,-0.0000,0.0000,0.0000
144.0,17.9175,20.8166,-0.0111,0.9999,-0.0000,-0.0004,-0.0000,0.0000,-0.0000,0.0000,-0.0000,0.0000,0.0000
144.5,17.9175,20.8166,-0.0111,0.9999,0.0000,-0.0002,-0.0000,0.0000,-0.0000,0.0001,-0.0000,0.0002,0.0000
145.0,17.9175,20.8166,-0.0111,0.9999,0.0002,-0.0003,-0.0000,0.0000,-0.0000,0.0000,-0.0000,0.0000,0.0000
145.5,17.9175,20.8166,-0.0111,0.9999,-0.0000,-0.0002,-0.0000,0.0000,-0.0001,0.0000,-0.0002,0.0000,0.0000
146.0,17.9175,20.8166,-0.0111,0.9999,-0.0000,-0.0000,-0.0000,0.0000,-0.0001,0.0001,-0.0002,0.0002,0.0000
146.5,17.9175,20.8166,-0.0111,0.9999,0.0001,0.0001,-0.0000,0.0000,-0.0000,0.0001,-0.0000,0.0002,0.0000
147.0,17.9175,20.8166,-0.0111,0.9999,0.0001,0.0001,-0.0000,0.0000,-0.0000,0.0001,-0.0000,0.0002,0.0000
147.5,17.9175,20.8166,-0.0111,0.9999,-0.0001,0.0001,-0.0000,0.0000,-0.0001,-0.0001,-0.0002,-0.0002,0.0000
148.0,17.9175,20.8166,-0.0111,0.9999,0.0001,0.0001,-0.0000,0.0000,0.0001,0.0003,0.0002,0.0004,0.0000
148.5,17.9175,20.8166,-0.0111,0.9999,-0.0000,0.0001,-0.0000,0.0000,-0.0000,0.0000,-0.0000,0.0000,0.0000
149.0,17.9175,20.8166,-0.0111,0.9999,0.0001,0.0000,-0.0000,0.0000,0.0001,0.0000,0.0002,0.0000,0.0000
149.5,17.9939,20.8338,0.0157,0.9999,0.0001,-0.0000,-0.0000,0.0000,0.0001,0.0000,0.0002,0.0000,0.0000
150.0,17.9939,20.8338,0.0157,0.9999,-0.0001,-0.0001,-0.0000,0.0000,-0.0000,-0.0003,-0.0000,-0.0004,0.0000
150.5,17.9939,20.8338,0.0157,0.9999,-0.0000,-0.0001,-0.0000,0.0000,-0.0000,0.0000,-0.0000,0.0000,0.0000
151.0,17.9939,20.8338,0.0157,0.9999,0.0000,-0.0001,-0.0000,0.0000,-0.0000,0.0000,-0.0000,0.0000,0.0000
151.5,17.9939,20.8338,0.0157,0.9999,-0.0001,-0.0001,-0.0000,0.0000,-0.0003,0.0001,-0.0004,0.0002,0.0000
152.0,17.9939,20.8338,0.0157,0.9999,0.0002,-0.0001,-0.0000,0.0000,0.0004,0.0001,0.0006,0.0002,0.0000
152.5,17.9939,20.8338,0.0157,0.9999,0.0001,-0.0002,-0.0000,0.0000,0.0003,0.0000,0.0004,0.0000,0.0000
153.0,17.9939,20.8338,0.0157,0.9999,0.0001,-0.0002,-0.0000,0.0000,0.0003,0.0000,0.0004,0.0000,0.0000
153.5,17.9939,20.8338,0.0157,0.9999,-0.0001,-0.0003,-0.0000,0.0000,0.0001,-0.0003,0.0002,-0.0004,0.0000
154.0,17.9939,20.8338,0.0157,0.9999,-0.0001,-0.0004,-0.0000,0.0000,0.0001,-0.0003,0.0002,-0.0004,0.0000
154.5,17.9939,20.8338,0.0157,0.9999,0.0001,-0.0005,-0.0000,0.0000,0.0004,0.0000,0.0006,0.0000,0.0000
155.0,17.9939,20.8338,0.0157,0.9999,0.0002,-0.0005,-0.0000,0.0000,-0.0000,-0.0001,-0.0000,-0.0002,0.0000
155.5,17.9939,20.8338,0.0157,0.9999,-0.0000,-0.0005,-0.0000,0.0000,0.0004,-0.0001,0.0006,-0.0002,0.0000
156.0,17.9939,20.8338,0.0157,0.9999,-0.0000,-0.0004,-0.0000,0.0000,-0.0000,0.0000,-0.0000,0.0000,0.0000
156.5,17.9939,20.8338,0.0157,0.9999,-0.0000,-0.0003,-0.0000,0.0000,-0.0000,0.0000,-0.0000,0.0000,0.0000
157.0,17.9939,20.8338,0.0157,0.9999,-0.0000,-0.0002,-0.0000,0.0000,-0.0000,0.0000,-0.0000,0.0000,0.0000
157.5,17.9939,20.8338,0.0157,0.9999,0.0001,-0.0002,-0.0000,0.0000,-0.0000,-0.0001,-0.0000,-0.0002,0.0000
158.0,17.9939,20.8338,0.0157,0.9999,-0.0001,-0.0001,-0.0000,0.0000,-0.0001,-0.0001,-0.0002,-0.0002,0.0000
158.5,17.9939,20.8338,0.0157,0.9999,0.0000,-0.0001,-0.0000,0.0000,-0.0001,0.0003,-0.0002,0.0004,0.0000
159.0,17.9939,20.8338,0.0157,0.9999,0.0001,0.0001,-0.0000,0.0000,-0.0001,0.0003,-0.0002,0.0004,0.0000
159.5,17.9939,20.8338,0.0157,0.9999,0.0001,0.0002,-0.0000,0.0000,-0.0003,0.0000,-0.0004,0.0000,0.0000
160.0,17.9939,20.8338,0.0157,0.9999,-0.0001,0.0003,-0.0000,0.0000,-0.0003,0.0000,-0.0004,0.0000,0.0000
160.5,17.9939,20.8338,0.0157,0.9999,-0.0001,0.0002,-0.0000,0.0000,-0.0000,-0.0003,-0.0000,-0.0004,0.0000
161.0,17.9939,20.8338,0.0157,0.9999,-0.0001,0.0000,-0.0000,0.0000,-0.0000,-0.0003,-0.0000,-0.0004,0.0000
161.5,17.9939,20.8338,0.0157,0.9999,-0.0000,0.0000,-0.0000,0.0000,-0.0000,0.0000,-0.0000,0.0000,0.0000
162.0,17.9939,20.8338,0.0157,0.9999,0.0000,0.0001,-0.0000,0.0000,-0.0001,0.0001,-0.0002,0.0002,0.0000
162.5,17.9939,20.8338,0.0157,0.9999,0.0001,0.0000,-0.0000,0.0000,0.0003,-0.0001,0.0004,-0.0002,0.0000
163.0,17.9939,20.8338,0.0157,0.9999,0.0001,-0.0000,-0.0000,0.0000,-0.0000,0.0001,-0.0000,0.0002,0.0000
163.5,17.9939,20.8338,0.0157,0.9999,0.0001,0.0000,-0.0000,0.0000,-0.0000,0.0001,-0.0000,0.0002,0.0000
164.0,17.9939,20.8338,0.0157,0.9999,-0.0000,0.0000,-0.0000,0.0000,-0.0001,0.0000,-0.0002,0.0000,0.0000
164.5,17.9939,20.8338,0.0157,0.9999,-0.0001,0.0000,-0.0000,0.0000,-0.0000,-0.0001,-0.0000,-0.0002,0.0000
165.0,17.9939,20.8338,0.0157,0.9999,-0.0001,-0.0001,-0.0000,0.0000,-0.0000,-0.0001,-0.0000,-0.0002,0.0000
165.5,17.9939,20.8338,0.0157,0.9999,-0.0001,-0.0001,-0.0000,0.0000,-0.0000,-0.0001,-0.0000,-0.0002,0.0000
166.0,17.9939,20.8338,0.0157,0.9999,-0.0001,-0.0001,-0.0000,0.0000,-0.0000,-0.0001,-0.0000,-0.0002,0.0000
166.5,17.9939,20.8338,0.0157,0.9999,-0.0001,-0.0002,-0.0000,0.0000,-0.0000,-0.0001,-0.0000,-0.0002,0.0000
167.0,17.9939,20.8338,0.0157,0.9999,-0.0001,-0.0002,-0.0000,0.0000,-0.0000,-0.0001,-0.0000,-0.0002,0.0000
167.5,17.9939,20.8338,0.0157,0.9999,-0.0001,-0.0002,-0.0000,0.0000,-0.0000,-0.0001,-0.0000,-0.0002,0.0000
168.0,17.9939,20.8338,0.0157,0.9999,0.0001,-0.0002,-0.0000,0.0000,0.0003,0.0001,0.0004,0.0002,0.0000
168.5,17.9939,20.8338,0.0157,0.9999,0.0002,-0.0002,-0.0000,0.0000,0.0003,0.0001,0.0004,0.0002,0.0000
169.0,17.9939,20.8338,0.0157,0.9999,0.0002,-0.0002,-0.0000,0.0000,0.0003,0.0001,0.0004,0.0002,0.0000
169.5,17.9939,20.8338,0.0157,0.9999,0.0000,-0.0002,-0.0000,0.0000,-0.0000,0.0000,-0.0000,0.0000,0.0000
170.0,17.9939,20.8338,0.0157,0.9999,0.0002,0.0000,-0.0000,0.0000,-0.0000,0.0004,-0.0000,0.0006,0.0000
170.5,17.9939,20.8338,0.0157,0.9999,0.0002,0.0002,-0.0000,0.0000,-0.0003,0.0003,-0.0004,0.0004,0.0000
171.0,17.9939,20.8338,0.0157,0.9999,0.0001,0.0003,-0.0000,0.0000,0.0005,0.0003,0.0008,0.0004,0.0000
171.5,17.9939,20.8338,0.0157,0.9999,0.0002,0.0002,-0.0000,0.0000,-0.0001,-0.0001,-0.0002,-0.0002,0.0000
172.0,17.9939,20.8338,0.0157,0.9999,-0.0000,0.0001,-0.0000,0.0000,-0.0000,0.0000,-0.0000,0.0000,0.0000
172.5,17.9939,20.8338,0.0157,0.9999,-0.0000,0.0002,-0.0000,0.0000,-0.0001,0.0001,-0.0002,0.0002,0.0000
173.0,17.9939,20.8338,0.0157,0.9999,-0.0000,0.0002,-0.0000,0.0000,-0.0001,0.0001,-0.0002,0.0002,0.0000
173.5,17.9939,20.8338,0.0157,0.9999,-0.0000,0.0003,-0.0000,0.0000,-0.0001,0.0001,-0.0002,0.0002,0.0000
174.0,17.9939,20.8338,0.0157,0.9999,-0.0000,0.0003,-0.0000,0.0000,-0.0000,0.0000,-0.0000,0.0000,0.0000
174.5,17.9939,20.8338,0.0157,0.9999,-0.0000,0.0002,-0.0000,0.0000,-0.0000,0.0000,-0.0000,0.0000,0.0000
175.0,17.9939,20.8338,0.0157,0.9999,-0.0000,0.0001,-0.0000,0.0000,-0.0000,0.0000,-0.0000,0.0000,0.0000
175.5,17.9939,20.8338,0.0157,0.9999,-0.0000,0.0001,-0.0000,0.0000,-0.0000,0.0000,-0.0000,0.0000,0.0000
176.0,17.9939,20.8338,0.0157,0.9999,-0.0000,0.0000,-0.0000,0.0000,0.0001,-0.0001,0.0002,-0.0002,0.0000
176.5,17.9939,20.8338,0.0157,0.9999,-0.0000,-0.0001,-0.0000,0.0000,-0.0000,-0.0001,-0.0000,-0.0002,0.0000
177.0,17.9939,20.8338,0.0157,0.9999,-0.0001,-0.0000,-0.0000,0.0000,-0.0001,0.0000,-0.0002,0.0000,0.0000
177.5,17.9939,20.8338,0.0157,0.9999,-0.0001,0.0000,-0.0000,0.0000,-0.0001,0.0000,-0.0002,0.0000,0.0000
178.0,17.9939,20.8338,0.0157,0.9999,0.0001,0.0001,-0.0000,0.0000,-0.0000,0.0005,-0.0000,0.0008,0.0000
178.5,17.9939,20.8338,0.0157,0.9999,0.0002,0.0003,-0.0000,0.0000,-0.0000,0.0000,-0.0000,0.0000,0.0000
179.0,17.9939,20.8338,0.0157,0.9999,0.0000,0.0002,-0.0000,0.0000,0.0001,0.0001,0.0002,0.0002,0.0000
179.5,17.9939,20.8338,0.0157,0.9999,0.0001,0.0002,-0.0000,0.0000,0.0001,0.0001,0.0002,0.0002,0.0000
180.0,17.9939,20.8338,0.0157,0.9999,0.0000,0.0001,-0.0000,0.0000,-0.0000,0.0001,-0.0000,0.0002,0.0000
180.5,17.9939,20.8338,0.0157,0.9999,-0.0000,0.0001,-0.0000,0.0000,-0.0000,-0.0003,-0.0000,-0.0004,0.0000
181.0,17.9939,20.8338,0.0157,0.9999,-0.0001,-0.0000,-0.0000,0.0000,-0.0000,-0.0003,-0.0000,-0.0004,0.0000
181.5,17.9939,20.8338,0.0157,0.9999,-0.0000,-0.0001,-0.0000,0.0000,0.0001,0.0000,0.0002,0.0000,0.0000
182.0,17.9939,20.8338,0.0157,0.9999,-0.0001,-0.0001,-0.0000,0.0000,-0.0001,-0.0001,-0.0002,-0.0002,0.0000
182.5,17.9939,20.8338,0.0157,0.9999,-0.0001,-0.0001,-0.0000,0.0000,-0.0001,-0.0001,-0.0002,-0.0002,0.0000
183.0,17.9939,20.8338,0.0157,0.9999,-0.0001,-0.0001,-0.0000,0.0000,-0.0000,-0.0003,-0.0000,-0.0004,0.0000
183.5,17.9939,20.8338,0.0157,0.9999,-0.0001,-0.0002,-0.0000,0.0000,-0.0000,-0.0003,-0.0000,-0.0004,0.0000
184.0,17.9939,20.8338,0.0157,0.9999,-0.0001,-0.0001,-0.0000,0.0000,-0.0000,-0.0003,-0.0000,-0.0004,0.0000
184.5,17.9939,20.8338,0.0157,0.9999,0.0002,-0.0002,-0.0000,0.0000,0.0003,0.0001,0.0004,0.0002,0.0000
185.0,17.9939,20.8338,0.0157,0.9999,0.0001,-0.0002,-0.0000,0.0000,0.0003,-0.0001,0.0004,-0.0002,0.0000
185.5,17.9939,20.8338,0.0157,0.9999,0.0000,-0.0003,-0.0000,0.0000,-0.0000,-0.0001,-0.0000,-0.0002,0.0000
186.0,17.9939,20.8338,0.0157,0.9999,0.0001,-0.0002,-0.0000,0.0000,-0.0000,0.0001,-0.0000,0.0002,0.0000
186.5,17.9939,20.8338,0.0157,0.9999,-0.0001,-0.0002,-0.0000,0.0000,-0.0000,0.0001,-0.0000,0.0002,0.0000
187.0,17.9939,20.8338,0.0157,0.9999,0.0001,-0.0001,-0.0000,0.0000,0.0001,0.0001,0.0002,0.0002,0.0000
187.5,17.9939,20.8338,0.0157,0.9999,0.0000,-0.0000,-0.0000,0.0000,-0.0001,0.0000,-0.0002,0.0000,0.0000
188.0,17.9939,20.8338,0.0157,0.9999,-0.0001,0.0000,-0.0000,0.0000,-0.0001,0.0000,-0.0002,0.0000,0.0000
188.5,17.9939,20.8338,0.0157,0.9999,-0.0001,0.0001,-0.0000,0.0000,-0.0001,0.0000,-0.0002,0.0000,0.0000
189.0,17.9939,20.8338,0.0157,0.9999,-0.0000,0.0001,-0.0000,0.0000,-0.0000,0.0000,-0.0000,0.0000,0.0000
189.5,17.9939,20.8338,0.0157,0.9999,0.0000,0.0001,-0.0000,0.0000,-0.0000,0.0000,-0.0000,0.0000,0.0000
190.0,17.9939,20.8338,0.0157,0.9999,0.0000,0.0001,-0.0000,0.0000,-0.0000,-0.0001,-0.0000,-0.0002,0.0000
190.5,17.9939,20.8338,0.0157,0.9999,-0.0001,-0.0000,-0.0000,0.0000,-0.0000,-0.0001,-0.0000,-0.0002,0.0000
191.0,17.9939,20.8338,0.0157,0.9999,-0.0000,0.0000,-0.0000,0.0000,-0.0003,0.0001,-0.0004,0.0002,0.0000
191.5,17.9939,20.8338,0.0157,0.9999,0.0001,0.0001,-0.0000,0.0000,-0.0000,0.0001,-0.0000,0.0002,0.0000
192.0,17.9939,20.8338,0.0157,0.9999,0.0001,0.0001,-0.0000,0.0000,-0.0000,0.0001,-0.0000,0.0002,0.0000
192.5,17.9939,20.8338,0.0157,0.9999,0.0000,0.0001,-0.0000,0.0000,0.0003,-0.0001,0.0004,-0.0002,0.0000
193.0,17.9939,20.8338,0.0157,0.9999,0.0001,-0.0001,-0.0000,0.0000,0.0003,-0.0001,0.0004,-0.0002,0.0000
193.5,17.9939,20.8338,0.0157,0.9999,0.0001,-0.0002,-0.0000,0.0000,-0.0000,0.0001,-0.0000,0.0002,0.0000
194.0,17.9939,20.8338,0.0157,0.9999,0.0001,-0.0001,-0.0000,0.0000,-0.0000,0.0001,-0.0000,0.0002,0.0000
194.5,17.9939,20.8338,0.0157,0.9999,0.0001,-0.0000,-0.0000,0.0000,-0.0000,0.0001,-0.0000,0.0002,0.0000
195.0,17.9939,20.8338,0.0157,0.9999,0.0001,0.0000,-0.0000,0.0000,-0.0000,0.0001,-0.0000,0.0002,0.0000
195.5,17.9939,20.8338,0.0157,0.9999,0.0000,0.0001,-0.0000,0.0000,-0.0001,0.0001,-0.0002,0.0002,0.0000
196.0,17.9939,20.8338,0.0157,0.9999,-0.0000,0.0002,-0.0000,0.0000,-0.0001,-0.0001,-0.0002,-0.0002,0.0000
196.5,17.9939,20.8338,0.0157,0.9999,-0.0000,0.0001,-0.0000,0.0000,-0.0000,0.0000,-0.0000,0.0000,0.0000
197.0,17.9939,20.8338,0.0157,0.9999,-0.0001,0.0001,-0.0000,0.0000,-0.0003,0.0000,-0.0004,0.0000,0.0000
197.5,17.9939,20.8338,0.0157,0.9999,0.0000,0.0001,-0.0000,0.0000,-0.0000,0.0000,-0.0000,0.0000,0.0000
198.0,17.9939,20.8338,0.0157,0.9999,-0.0001,0.0001,-0.0000,0.0000,-0.0001,-0.0001,-0.0002,-0.0002,0.0000
198.5,17.9939,20.8338,0.0157,0.9999,-0.0001,0.0001,-0.0000,0.0000,-0.0000,0.0000,-0.0000,0.0000,0.0000
199.0,17.9939,20.8338,0.0157,0.9999,0.0000,0.0000,-0.0000,0.0000,0.0001,0.0000,0.0002,0.0000,0.0000
199.5,17.9939,20.8338,0.0157,0.9999,0.0000,0.0000,-0.0000,0.0000,-0.0000,0.0000,-0.0000,0.0000,0.0000
200.0,17.9939,20.8338,0.0157,0.9999,0.0000,0.0000,-0.0000,0.0000,-0.0000,0.0000,-0.0000,0.0000,0.0000
200.5,17.9939,20.8338,0.0157,0.9999,-0.0001,-0.0000,-0.0000,0.0000,-0.0000,-0.0001,-0.0000,-0.0002,0.0000
201.0,17.9939,20.8338,0.0157,0.9999,-0.0000,-0.0001,-0.0000,0.0000,0.0001,0.0000,0.0002,0.0000,0.0000
201.5,17.9939,20.8338,0.0157,0.9999,0.0000,-0.0002,-0.0000,0.0000,0.0001,-0.0001,0.0002,-0.0002,0.0000
202.0,17.9939,20.8338,0.0157,0.9999,-0.0000,-0.0002,-0.0000,0.0000,-0.0001,0.0000,-0.0002,0.0000,0.0000
202.5,17.9939,20.8338,0.0157,0.9999,-0.0001,-0.0001,-0.0000,0.0000,-0.0001,0.0000,-0.0002,0.0000,0.0000
203.0,17.9939,20.8338,0.0157,0.9999,0.0001,-0.0000,-0.0000,0.0000,-0.0001,0.0000,-0.0002,0.0000,0.0000
203.5,17.9939,20.8338,0.0157,0.9999,-0.0001,0.0001,-0.0000,0.0000,-0.0001,0.0000,-0.0002,0.0000,0.0000
204.0,17.9939,20.8338,0.0157,0.9999,-0.0001,0.0001,-0.0000,0.0000,-0.0001,0.0000,-0.0002,0.0000,0.0000
204.5,17.9939,20.8338,0.0157,0.9999,-0.0001,0.0001,-0.0000,0.0000,-0.0001,0.0000,-0.0002,0.0000,0.0000
205.0,17.9939,20.8338,0.0157,0.9999,-0.0001,0.0002,-0.0000,0.0000,-0.0001,0.0000,-0.0002,0.0000,0.0000
205.5,17.9939,20.8338,0.0157,0.9999,0.0001,0.0001,-0.0000,0.0000,0.0001,0.0001,0.0002,0.0002,0.0000
206.0,17.9939,20.8338,0.0157,0.9999,0.0003,0.0000,-0.0000,0.0000,0.0004,0.0001,0.0006,0.0002,0.0000
206.5,17.9939,20.8338,0.0157,0.9999,0.0003,-0.0001,-0.0000,0.0000,0.0004,0.0001,0.0006,0.0002,0.0000
207.0,17.9939,20.8338,0.0157,0.9999,0.0001,-0.0001,-0.0000,0.0000,-0.0000,0.0001,-0.0000,0.0002,0.0000
207.5,17.9939,20.8338,0.0157,0.9999,0.0001,-0.0001,-0.0000,0.0000,-0.0000,0.0001,-0.0000,0.0002,0.0000
208.0,17.9939,20.8338,0.0157,0.9999,0.0000,0.0000,-0.0000,0.0000,-0.0000,0.0000,-0.0000,0.0000,0.0000
208.5,17.9939,20.8338,0.0157,0.9999,-0.0000,0.0000,-0.0000,0.0000,-0.0000,0.0000,-0.0000,0.0000,0.0000
209.0,17.9939,20.8338,0.0157,0.9999,0.0000,-0.0000,-0.0000,0.0000,0.0001,0.0000,0.0002,0.0000,0.0000
209.5,17.9939,20.8338,0.0157,0.9999,0.0000,-0.0000,-0.0000,0.0000,-0.0000,0.0000,-0.0000,0.0000,0.0000
210.0,17.9939,20.8338,0.0157,0.9999,-0.0000,-0.0000,-0.0000,0.0000,-0.0000,0.0000,-0.0000,0.0000,0.0000
210.5,17.9939,20.8338,0.0157,0.9999,-0.0000,-0.0000,-0.0000,0.0000,-0.0000,0.0000,-0.0000,0.0000,0.0000
211.0,17.9939,20.8338,0.0157,0.9999,-0.0000,-0.0000,-0.0000,0.0000,-0.0000,0.0000,-0.0000,0.0000,0.0000
211.5,17.9939,20.8338,0.0157,0.9999,-0.0000,-0.0000,-0.0000,0.0000,-0.0000,0.0000,-0.0000,0.0000,0.0000
212.0,17.9939,20.8338,0.0157,0.9999,-0.0000,-0.0000,-0.0000,0.0000,0.0001,-0.0001,0.0002,-0.0002,0.0000
212.5,17.9939,20.8338,0.0157,0.9999,-0.0000,-0.0000,-0.0000,0.0000,-0.0001,0.0000,-0.0002,0.0000,0.0000
213.0,17.9939,20.8338,0.0157,0.9999,0.0000,-0.0000,-0.0000,0.0000,-0.0001,-0.0001,-0.0002,-0.0002,0.0000
213.5,17.9939,20.8338,0.0157,0.9999,-0.0001,-0.0000,-0.0000,0.0000,-0.0001,-0.0001,-0.0002,-0.0002,0.0000
214.0,17.9939,20.8338,0.0157,0.9999,-0.0001,-0.0000,-0.0000,0.0000,-0.0000,0.0003,-0.0000,0.0004,0.0000
214.5,17.9939,20.8338,0.0157,0.9999,0.0000,0.0000,-0.0000,0.0000,0.0001,0.0000,0.0002,0.0000,0.0000
215.0,17.9939,20.8338,0.0157,0.9999,0.0000,0.0000,-0.0000,0.0000,-0.0000,0.0000,-0.0000,0.0000,0.0000
215.5,17.9939,20.8338,0.0157,0.9999,0.0000,-0.0001,-0.0000,0.0000,-0.0000,0.0000,-0.0000,0.0000,0.0000
216.0,17.9939,20.8338,0.0157,0.9999,0.0000,-0.0000,-0.0000,0.0000,-0.0000,0.0000,-0.0000,0.0000,0.0000
216.5,17.9939,20.8338,0.0157,0.9999,0.0000,-0.0000,-0.0000,0.0000,-0.0000,0.0000,-0.0000,0.0000,0.0000
217.0,17.9939,20.8338,0.0157,0.9999,0.0000,-0.0000,-0.0000,0.0000,-0.0000,0.0000,-0.0000,0.0000,0.0000
217.5,17.9939,20.8338,0.0157,0.9999,0.0000,-0.0000,-0.0000,0.0000,-0.0000,0.0000,-0.0000,0.0000,0.0000
218.0,17.9939,20.8338,0.0157,0.9999,0.0001,0.0001,-0.0000,0.0000,-0.0000,0.0003,-0.0000,0.0004,0.0000
218.5,17.9939,20.8338,0.0157,0.9999,0.0000,0.0001,-0.0000,0.0000,-0.0000,0.0000,-0.0000,0.0000,0.0000
219.0,17.9939,20.8338,0.0157,0.9999,-0.0000,0.0001,-0.0000,0.0000,-0.0000,0.0000,-0.0000,0.0000,0.0000
219.5,17.9939,20.8338,0.0157,0.9999,-0.0000,0.0001,-0.0000,0.0000,-0.0000,0.0000,-0.0000,0.0000,0.0000
220.0,17.9939,20.8338,0.0157,0.9999,-0.0001,-0.0000,-0.0000,0.0000,-0.0000,-0.0001,-0.0000,-0.0002,0.0000
220.5,17.9939,20.8338,0.0157,0.9999,0.0001,0.0000,-0.0000,0.0000,-0.0000,0.0003,-0.0000,0.0004,0.0000
221.0,17.9939,20.8338,0.0157,0.9999,-0.0001,0.0001,-0.0000,0.0000,-0.0001,0.0000,-0.0002,0.0000,0.0000
221.5,17.9939,20.8338,0.0157,0.9999,0.0004,0.0001,-0.0000,0.0000,0.0004,0.0004,0.0006,0.0006,0.0000
222.0,17.9939,20.8338,0.0157,0.9999,0.0003,0.0001,-0.0000,0.0000,-0.0000,0.0000,-0.0000,0.0000,0.0000
222.5,17.9939,20.8338,0.0157,0.9999,-0.0001,0.0000,-0.0000,0.0000,0.0003,0.0003,0.0004,0.0004,0.0000
223.0,17.9939,20.8338,0.0157,0.9999,0.0001,0.0001,-0.0000,0.0000,-0.0000,0.0001,-0.0000,0.0002,0.0000
223.5,17.9939,20.8338,0.0157,0.9999,-0.0000,0.0002,-0.0000,0.0000,-0.0001,0.0001,-0.0002,0.0002,0.0000
224.0,17.9939,20.8338,0.0157,0.9999,0.0000,0.0002,-0.0000,0.0000,-0.0000,0.0001,-0.0000,0.0002,0.0000
224.5,17.9939,20.8338,0.0157,0.9999,0.0001,0.0002,-0.0000,0.0000,-0.0000,0.0001,-0.0000,0.0002,0.0000
225.0,17.9939,20.8338,0.0157,0.9999,0.0001,0.0002,-0.0000,0.0000,-0.0001,-0.0001,-0.0002,-0.0002,0.0000
225.5,17.9939,20.8338,0.0157,0.9999,0.0000,0.0001,-0.0000,0.0000,0.0001,-0.0001,0.0002,-0.0002,0.0000
226.0,17.9939,20.8338,0.0157,0.9999,-0.0001,-0.0000,-0.0000,0.0000,-0.0000,-0.0003,-0.0000,-0.0004,0.0000
226.5,17.9939,20.8338,0.0157,0.9999,-0.0001,-0.0000,-0.0000,0.0000,0.0001,0.0000,0.0002,0.0000,0.0000
227.0,17.9939,20.8338,0.0157,0.9999,0.0000,-0.0001,-0.0000,0.0000,-0.0000,0.0000,-0.0000,0.0000,0.0000
227.5,17.9939,20.8338,0.0157,0.9999,-0.0001,-0.0001,-0.0000,0.0000,0.0003,-0.0003,0.0004,-0.0004,0.0000
228.0,17.9939,20.8338,0.0157,0.9999,0.0000,-0.0003,-0.0000,0.0000,0.0003,-0.0003,0.0004,-0.0004,0.0000
228.5,17.9939,20.8338,0.0157,0.9999,0.0000,-0.0004,-0.0000,0.0000,0.0003,-0.0003,0.0004,-0.0004,0.0000
229.0,17.9939,20.8338,0.0157,0.9999,-0.0001,-0.0003,-0.0000,0.0000,-0.0001,0.0000,-0.0002,0.0000,0.0000
229.5,17.9939,20.8338,0.0157,0.9999,-0.0001,-0.0002,-0.0000,0.0000,0.0004,-0.0003,0.0006,-0.0004,0.0000
230.0,17.9939,20.8338,0.0157,0.9999,-0.0000,-0.0001,-0.0000,0.0000,-0.0000,0.0001,-0.0000,0.0002,0.0000
230.5,17.9939,20.8338,0.0157,0.9999,0.0001,-0.0001,-0.0000,0.0000,0.0003,0.0000,0.0004,0.0000,0.0000
231.0,17.9939,20.8338,0.0157,0.9999,0.0001,-0.0002,-0.0000,0.0000,0.0003,0.0000,0.0004,0.0000,0.0000
231.5,17.9939,20.8338,0.0157,0.9999,0.0001,-0.0001,-0.0000,0.0000,-0.0000,0.0001,-0.0000,0.0002,0.0000
232.0,17.9939,20.8338,0.0157,0.9999,0.0001,-0.0000,-0.0000,0.0000,-0.0000,0.0001,-0.0000,0.0002,0.0000
232.5,17.9939,20.8338,0.0157,0.9999,0.0001,0.0000,-0.0000,0.0000,-0.0000,0.0001,-0.0000,0.0002,0.0000
233.0,17.9939,20.8338,0.0157,0.9999,0.0001,0.0000,-0.0000,0.0000,0.0001,0.0000,0.0002,0.0000,0.0000
233.5,17.9939,20.8338,0.0157,0.9999,0.0000,-0.0000,-0.0000,0.0000,-0.0001,0.0000,-0.0002,0.0000,0.0000
234.0,17.9939,20.8338,0.0157,0.9999,-0.0001,0.0000,-0.0000,0.0000,-0.0001,0.0000,-0.0002,0.0000,0.0000
234.5,17.9939,20.8338,0.0157,0.9999,0.0000,0.0001,-0.0000,0.0000,-0.0001,0.0003,-0.0002,0.0004,0.0000
235.0,17.9939,20.8338,0.0157,0.9999,0.0001,0.0003,-0.0000,0.0000,-0.0001,0.0003,-0.0002,0.0004,0.0000
235.5,17.9939,20.8338,0.0157,0.9999,0.0001,0.0002,-0.0000,0.0000,-0.0000,-0.0003,-0.0000,-0.0004,0.0000
236.0,17.9939,20.8338,0.0157,0.9999,-0.0001,0.0000,-0.0000,0.0000,0.0004,0.0000,0.0006,0.0000,0.0000
236.5,17.9939,20.8338,0.0157,0.9999,0.0001,-0.0001,-0.0000,0.0000,-0.0000,0.0003,-0.0000,0.0004,0.0000
237.0,17.9939,20.8338,0.0157,0.9999,0.0001,0.0001,-0.0000,0.0000,-0.0000,0.0003,-0.0000,0.0004,0.0000
237.5,17.9939,20.8338,0.0157,0.9999,0.0000,0.0000,-0.0000,0.0000,-0.0000,0.0000,-0.0000,0.0000,0.0000
238.0,17.9939,20.8338,0.0157,0.9999,-0.0001,-0.0000,-0.0000,0.0000,-0.0000,-0.0001,-0.0000,-0.0002,0.0000
238.5,17.9939,20.8338,0.0157,0.9999,-0.0001,-0.0001,-0.0000,0.0000,-0.0000,-0.0001,-0.0000,-0.0002,0.0000
239.0,17.9939,20.8338,0.0157,0.9999,-0.0000,-0.0000,-0.0000,0.0000,-0.0001,0.0001,-0.0002,0.0002,0.0000
239.5,17.9939,20.8338,0.0157,0.9999,0.0001,0.0001,-0.0000,0.0000,-0.0001,0.0004,-0.0002,0.0006,0.0000
240.0,17.9939,20.8338,0.0157,0.9999,0.0002,-0.0001,-0.0000,0.0000,0.0001,0.0001,0.0002,0.0002,0.0000
240.5,17.9939,20.8338,0.0157,0.9999,0.0001,-0.0000,-0.0000,0.0000,-0.0001,0.0001,-0.0002,0.0002,0.0000
241.0,17.9939,20.8338,0.0157,0.9999,-0.0001,-0.0000,-0.0000,0.0000,-0.0000,-0.0001,-0.0000,-0.0002,0.0000
241.5,17.9939,20.8338,0.0157,0.9999,-0.0001,-0.0001,-0.0000,0.0000,-0.0000,-0.0001,-0.0000,-0.0002,0.0000
242.0,17.9939,20.8338,0.0157,0.9999,-0.0001,-0.0001,-0.0000,0.0000,-0.0000,-0.0001,-0.0000,-0.0002,0.0000
242.5,17.9939,20.8338,0.0157,0.9999,0.0001,-0.0002,-0.0000,0.0000,0.0004,-0.0001,0.0006,-0.0002,0.0000
243.0,17.9939,20.8338,0.0157,0.9999,0.0001,-0.0001,-0.0000,0.0000,-0.0000,0.0000,-0.0000,0.0000,0.0000
243.5,17.9939,20.8338,0.0157,0.9999,0.0001,0.0000,-0.0000,0.0000,-0.0000,0.0003,-0.0000,0.0004,0.0000
244.0,17.9939,20.8338,0.0157,0.9999,0.0001,0.0001,-0.0000,0.0000,-0.0000,0.0003,-0.0000,0.0004,0.0000
244.5,17.9939,20.8338,0.0157,0.9999,0.0002,0.0003,-0.0000,0.0000,-0.0000,0.0004,-0.0000,0.0006,0.0000
245.0,17.9939,20.8338,0.0157,0.9999,0.0002,0.0004,-0.0000,0.0000,-0.0000,0.0004,-0.0000,0.0006,0.0000
245.5,17.9939,20.8338,0.0157,0.9999,0.0000,0.0006,-0.0000,0.0000,-0.0005,0.0004,-0.0008,0.0006,0.0000
246.0,17.9939,20.8338,0.0157,0.9999,0.0001,0.0007,-0.0000,0.0000,-0.0000,0.0004,-0.0000,0.0006,0.0000
246.5,17.9939,20.8338,0.0157,0.9999,0.0001,0.0005,-0.0000,0.0000,0.0003,0.0000,0.0004,0.0000,0.0000
247.0,17.9939,20.8338,0.0157,0.9999,-0.0000,0.0004,-0.0000,0.0000,-0.0000,0.0000,-0.0000,0.0000,0.0000
247.5,17.9939,20.8338,0.0157,0.9999,-0.0000,0.0003,-0.0000,0.0000,-0.0000,0.0000,-0.0000,0.0000,0.0000
248.0,17.9939,20.8338,0.0157,0.9999,-0.0000,0.0002,-0.0000,0.0000,-0.0000,0.0000,-0.0000,0.0000,0.0000
248.5,17.9939,20.8338,0.0157,0.9999,-0.0000,0.0001,-0.0000,0.0000,0.0001,-0.0001,0.0002,-0.0002,0.0000
249.0,17.9939,20.8338,0.0157,0.9999,-0.0000,0.0001,-0.0000,0.0000,-0.0000,0.0000,-0.0000,0.0000,0.0000
249.5,17.9939,20.8338,0.0157,0.9999,-0.0000,0.0001,-0.0000,0.0000,-0.0000,0.0000,-0.0000,0.0000,0.0000
250.0,17.9939,20.8338,0.0157,0.9999,-0.0000,0.0000,-0.0000,0.0000,-0.0000,0.0000,-0.0000,0.0000,0.0000
250.5,17.9939,20.8338,0.0157,0.9999,-0.0000,0.0000,-0.0000,0.0000,-0.0000,0.0000,-0.0000,0.0000,0.0000
251.0,17.9939,20.8338,0.0157,0.9999,0.0001,0.0001,-0.0000,0.0000,-0.0001,0.0000,-0.0002,0.0000,0.0000
251.5,17.9939,20.8338,0.0157,0.9999,-0.0001,0.0001,-0.0000,0.0000,-0.0001,0.0000,-0.0002,0.0000,0.0000
252.0,17.9939,20.8338,0.0157,0.9999,-0.0000,0.0001,-0.0000,0.0000,0.0004,-0.0003,0.0006,-0.0004,0.0000
252.5,17.9939,20.8338,0.0157,0.9999,0.0001,-0.0001,-0.0000,0.0000,-0.0000,0.0005,-0.0000,0.0008,0.0000
253.0,17.9939,20.8338,0.0157,0.9999,0.0001,0.0000,-0.0000,0.0000,-0.0000,-0.0001,-0.0000,-0.0002,0.0000
253.5,17.9939,20.8338,0.0157,0.9999,0.0001,-0.0000,-0.0000,0.0000,0.0001,0.0000,0.0002,0.0000,0.0000
254.0,17.9939,20.8338,0.0157,0.9999,0.0001,-0.0001,-0.0000,0.0000,0.0001,0.0000,0.0002,0.0000,0.0000
254.5,17.9939,20.8338,0.0157,0.9999,-0.0001,-0.0001,-0.0000,0.0000,-0.0000,0.0003,-0.0000,0.0004,0.0000
255.0,17.9939,20.8338,0.0157,0.9999,0.0002,-0.0001,-0.0000,0.0000,0.0004,0.0000,0.0006,0.0000,0.0000
255.5,17.9939,20.8338,0.0157,0.9999,0.0001,-0.0002,-0.0000,0.0000,-0.0000,0.0000,-0.0000,0.0000,0.0000
256.0,17.9939,20.8338,0.0157,0.9999,0.0000,-0.0002,-0.0000,0.0000,-0.0000,0.0000,-0.0000,0.0000,0.0000
256.5,17.9939,20.8338,0.0157,0.9999,-0.0000,-0.0001,-0.0000,0.0000,-0.0000,0.0000,-0.0000,0.0000,0.0000
257.0,17.9939,20.8338,0.0157,0.9999,0.0001,-0.0000,-0.0000,0.0000,0.0001,0.0000,0.0002,0.0000,0.0000
257.5,17.9939,20.8338,0.0157,0.9999,0.0001,-0.0001,-0.0000,0.0000,0.0001,0.0000,0.0002,0.0000,0.0000
258.0,17.9939,20.8338,0.0157,0.9999,0.0001,-0.0001,-0.0000,0.0000,0.0001,0.0000,0.0002,0.0000,0.0000
258.5,17.9939,20.8338,0.0157,0.9999,0.0000,-0.0001,-0.0000,0.0000,-0.0000,0.0000,-0.0000,0.0000,0.0000
259.0,17.9939,20.8338,0.0157,0.9999,-0.0000,-0.0001,-0.0000,0.0000,-0.0000,0.0000,-0.0000,0.0000,0.0000
259.5,17.9939,20.8338,0.0157,0.9999,-0.0000,-0.0001,-0.0000,0.0000,-0.0001,0.0000,-0.0002,0.0000,0.0000
260.0,17.9939,20.8338,0.0157,0.9999,-0.0001,0.0000,-0.0000,0.0000,-0.0001,0.0000,-0.0002,0.0000,0.0000
260.5,17.9939,20.8338,0.0157,0.9999,-0.0000,0.0000,-0.0000,0.0000,-0.0000,-0.0001,-0.0000,-0.0002,0.0000
261.0,17.9939,20.8338,0.0157,0.9999,0.0000,0.0000,-0.0000,0.0000,-0.0000,0.0001,-0.0000,0.0002,0.0000
261.5,17.9939,20.8338,0.0157,0.9999,-0.0001,-0.0000,-0.0000,0.0000,-0.0000,-0.0001,-0.0000,-0.0002,0.0000
262.0,17.9939,20.8338,0.0157,0.9999,-0.0001,-0.0001,-0.0000,0.0000,-0.0000,-0.0001,-0.0000,-0.0002,0.0000
262.5,17.9939,20.8338,0.0157,0.9999,0.0000,-0.0000,-0.0000,0.0000,-0.0000,0.0001,-0.0000,0.0002,0.0000
263.0,17.9939,20.8338,0.0157,0.9999,0.0000,-0.0000,-0.0000,0.0000,-0.0000,0.0000,-0.0000,0.0000,0.0000
263.5,17.9939,20.8338,0.0157,0.9999,0.0000,-0.0000,-0.0000,0.0000,-0.0000,0.0000,-0.0000,0.0000,0.0000
264.0,17.9939,20.8338,0.0157,0.9999,-0.0001,-0.0001,-0.0000,0.0000,-0.0001,0.0000,-0.0002,0.0000,0.0000
264.5,17.9939,20.8338,0.0157,0.9999,0.0000,-0.0000,-0.0000,0.0000,-0.0000,0.0000,-0.0000,0.0000,0.0000
265.0,17.9939,20.8338,0.0157,0.9999,0.0001,-0.0000,-0.0000,0.0000,0.0001,0.0001,0.0002,0.0002,0.0000
265.5,17.9939,20.8338,0.0157,0.9999,0.0001,-0.0000,-0.0000,0.0000,0.0001,0.0001,0.0002,0.0002,0.0000
266.0,17.9939,20.8338,0.0157,0.9999,0.0000,-0.0000,-0.0000,0.0000,0.0003,0.0000,0.0004,0.0000,0.0000
266.5,17.9939,20.8338,0.0157,0.9999,-0.0000,0.0000,-0.0000,0.0000,-0.0001,0.0000,-0.0002,0.0000,0.0000
267.0,17.9939,20.8338,0.0157,0.9999,-0.0001,0.0001,-0.0000,0.0000,-0.0001,0.0000,-0.0002,0.0000,0.0000
267.5,17.9939,20.8338,0.0157,0.9999,-0.0001,0.0001,-0.0000,0.0000,-0.0001,0.0000,-0.0002,0.0000,0.0000
268.0,17.9939,20.8338,0.0157,0.9999,-0.0000,0.0001,-0.0000,0.0000,-0.0000,0.0000,-0.0000,0.0000,0.0000
268.5,17.9939,20.8338,0.0157,0.9999,0.0000,0.0001,-0.0000,0.0000,-0.0000,0.0000,-0.0000,0.0000,0.0000
269.0,17.9939,20.8338,0.0157,0.9999,0.0000,0.0001,-0.0000,0.0000,-0.0000,0.0000,-0.0000,0.0000,0.0000
269.5,17.9939,20.8338,0.0157,0.9999,0.0000,0.0001,-0.0000,0.0000,-0.0000,0.0000,-0.0000,0.0000,0.0000
270.0,17.9939,20.8338,0.0157,0.9999,-0.0000,0.0000,-0.0000,0.0000,-0.0000,-0.0001,-0.0000,-0.0002,0.0000
270.5,17.9939,20.8338,0.0157,0.9999,-0.0001,-0.0000,-0.0000,0.0000,-0.0000,-0.0001,-0.0000,-0.0002,0.0000
271.0,17.9939,20.8338,0.0157,0.9999,-0.0001,-0.0001,-0.0000,0.0000,-0.0000,-0.0001,-0.0000,-0.0002,0.0000
271.5,17.9939,20.8338,0.0157,0.9999,-0.0000,-0.0001,-0.0000,0.0000,0.0001,0.0001,0.0002,0.0002,0.0000
272.0,17.9939,20.8338,0.0157,0.9999,0.0001,-0.0000,-0.0000,0.0000,-0.0000,0.0001,-0.0000,0.0002,0.0000
272.5,17.9939,20.8338,0.0157,0.9999,0.0001,0.0000,-0.0000,0.0000,-0.0000,0.0001,-0.0000,0.0002,0.0000
273.0,17.9939,20.8338,0.0157,0.9999,-0.0000,0.0000,-0.0000,0.0000,-0.0000,0.0000,-0.0000,0.0000,0.0000
273.5,17.9939,20.8338,0.0157,0.9999,-0.0000,0.0000,-0.0000,0.0000,-0.0000,0.0000,-0.0000,0.0000,0.0000
274.0,17.9939,20.8338,0.0157,0.9999,-0.0000,0.0000,-0.0000,0.0000,-0.0000,0.0001,-0.0000,0.0002,0.0000
274.5,17.9939,20.8338,0.0157,0.9999,0.0000,0.0001,-0.0000,0.0000,0.0001,-0.0001,0.0002,-0.0002,0.0000
275.0,17.9939,20.8338,0.0157,0.9999,-0.0000,0.0000,-0.0000,0.0000,-0.0001,0.0000,-0.0002,0.0000,0.0000
275.5,17.9939,20.8338,0.0157,0.9999,-0.0000,0.0001,-0.0000,0.0000,-0.0001,0.0000,-0.0002,0.0000,0.0000
276.0,17.9939,20.8338,0.0157,0.9999,-0.0001,0.0001,-0.0000,0.0000,-0.0001,0.0000,-0.0002,0.0000,0.0000
276.5,17.9939,20.8338,0.0157,0.9999,0.0000,0.0001,-0.0000,0.0000,-0.0000,0.0000,-0.0000,0.0000,0.0000
277.0,17.9939,20.8338,0.0157,0.9999,0.0000,0.0001,-0.0000,0.0000,-0.0001,0.0001,-0.0002,0.0002,0.0000
277.5,17.9939,20.8338,0.0157,0.9999,-0.0001,0.0002,-0.0000,0.0000,-0.0001,0.0000,-0.0002,0.0000,0.0000
278.0,17.9939,20.8338,0.0157,0.9999,0.0001,0.0001,-0.0000,0.0000,0.0001,0.0000,0.0002,0.0000,0.0000
278.5,17.9939,20.8338,0.0157,0.9999,-0.0000,0.0001,-0.0000,0.0000,-0.0000,0.0001,-0.0000,0.0002,0.0000
279.0,17.9939,20.8338,0.0157,0.9999,0.0001,0.0001,-0.0000,0.0000,-0.0000,0.0001,-0.0000,0.0002,0.0000
279.5,17.9939,20.8338,0.0157,0.9999,0.0001,0.0002,-0.0000,0.0000,-0.0000,0.0001,-0.0000,0.0002,0.0000
280.0,17.9939,20.8338,0.0157,0.9999,-0.0000,0.0002,-0.0000,0.0000,-0.0000,0.0000,-0.0000,0.0000,0.0000
280.5,17.9939,20.8338,0.0157,0.9999,0.0000,0.0001,-0.0000,0.0000,-0.0000,0.0001,-0.0000,0.0002,0.0000
281.0,17.9939,20.8338,0.0157,0.9999,-0.0000,0.0002,-0.0000,0.0000,-0.0001,0.0001,-0.0002,0.0002,0.0000
281.5,17.9939,20.8338,0.0157,0.9999,-0.0000,0.0002,-0.0000,0.0000,-0.0000,-0.0001,-0.0000,-0.0002,0.0000
282.0,17.9939,20.8338,0.0157,0.9999,-0.0001,0.0001,-0.0000,0.0000,0.0001,0.0000,0.0002,0.0000,0.0000
282.5,17.9939,20.8338,0.0157,0.9999,0.0001,-0.0000,-0.0000,0.0000,0.0001,0.0000,0.0002,0.0000,0.0000
283.0,17.9939,20.8338,0.0157,0.9999,0.0000,0.0000,-0.0000,0.0000,-0.0000,0.0000,-0.0000,0.0000,0.0000
283.5,17.9939,20.8338,0.0157,0.9999,0.0000,0.0000,-0.0000,0.0000,-0.0000,0.0001,-0.0000,0.0002,0.0000
284.0,17.9939,20.8338,0.0157,0.9999,0.0001,0.0001,-0.0000,0.0000,-0.0001,0.0001,-0.0002,0.0002,0.0000
284.5,17.9939,20.8338,0.0157,0.9999,-0.0000,0.0002,-0.0000,0.0000,-0.0001,0.0001,-0.0002,0.0002,0.0000
285.0,17.9939,20.8338,0.0157,0.9999,-0.0000,0.0002,-0.0000,0.0000,0.0001,-0.0001,0.0002,-0.0002,0.0000
285.5,17.9939,20.8338,0.0157,0.9999,-0.0001,0.0001,-0.0000,0.0000,-0.0000,-0.0001,-0.0000,-0.0002,0.0000
286.0,17.9939,20.8338,0.0157,0.9999,-0.0000,0.0001,-0.0000,0.0000,-0.0000,0.0000,-0.0000,0.0000,0.0000
286.5,17.9939,20.8338,0.0157,0.9999,0.0000,0.0000,-0.0000,0.0000,-0.0000,0.0000,-0.0000,0.0000,0.0000
287.0,17.9939,20.8338,0.0157,0.9999,0.0000,0.0000,-0.0000,0.0000,-0.0001,-0.0001,-0.0002,-0.0002,0.0000
287.5,17.9939,20.8338,0.0157,0.9999,-0.0000,0.0000,-0.0000,0.0000,-0.0000,0.0000,-0.0000,0.0000,0.0000
288.0,17.9939,20.8338,0.0157,0.9999,0.0000,0.0000,-0.0000,0.0000,-0.0000,0.0000,-0.0000,0.0000,0.0000
288.5,17.9939,20.8338,0.0157,0.9999,0.0000,0.0000,-0.0000,0.0000,0.0003,0.0001,0.0004,0.0002,0.0000
289.0,17.9939,20.8338,0.0157,0.9999,0.0000,-0.0001,-0.0000,0.0000,0.0001,-0.0001,0.0002,-0.0002,0.0000
289.5,17.9939,20.8338,0.0157,0.9999,-0.0000,-0.0001,-0.0000,0.0000,-0.0001,0.0000,-0.0002,0.0000,0.0000
290.0,17.9939,20.8338,0.0157,0.9999,0.0001,-0.0001,-0.0000,0.0000,0.0004,0.0004,0.0006,0.0006,0.0000
290.5,17.9939,20.8338,0.0157,0.9999,0.0002,-0.0001,-0.0000,0.0000,-0.0000,0.0000,-0.0000,0.0000,0.0000
291.0,17.9939,20.8338,0.0157,0.9999,-0.0000,-0.0000,-0.0000,0.0000,-0.0000,0.0000,-0.0000,0.0000,0.0000
291.5,17.9939,20.8338,0.0157,0.9999,0.0000,-0.0000,-0.0000,0.0000,0.0003,0.0000,0.0004,0.0000,0.0000
292.0,17.9939,20.8338,0.0157,0.9999,0.0000,-0.0001,-0.0000,0.0000,-0.0000,0.0000,-0.0000,0.0000,0.0000
292.5,17.9939,20.8338,0.0157,0.9999,0.0002,-0.0001,-0.0000,0.0000,0.0003,0.0001,0.0004,0.0002,0.0000
293.0,17.9939,20.8338,0.0157,0.9999,-0.0000,-0.0001,-0.0000,0.0000,-0.0000,0.0000,-0.0000,0.0000,0.0000
293.5,17.9939,20.8338,0.0157,0.9999,-0.0000,-0.0001,-0.0000,0.0000,-0.0000,0.0000,-0.0000,0.0000,0.0000
294.0,17.9939,20.8338,0.0157,0.9999,-0.0001,-0.0000,-0.0000,0.0000,-0.0003,-0.0001,-0.0004,-0.0002,0.0000
294.5,17.9939,20.8338,0.0157,0.9999,-0.0000,0.0000,-0.0000,0.0000,-0.0000,0.0000,-0.0000,0.0000,0.0000
295.0,17.9939,20.8338,0.0157,0.9999,0.0001,-0.0000,-0.0000,0.0000,0.0001,0.0000,0.0002,0.0000,0.0000
295.5,17.9939,20.8338,0.0157,0.9999,0.0001,-0.0001,-0.0000,0.0000,0.0001,0.0000,0.0002,0.0000,0.0000
296.0,17.9939,20.8338,0.0157,0.9999,0.0001,-0.0001,-0.0000,0.0000,0.0001,0.0000,0.0002,0.0000,0.0000
296.5,17.9939,20.8338,0.0157,0.9999,0.0001,-0.0001,-0.0000,0.0000,-0.0000,0.0000,-0.0000,0.0000,0.0000
297.0,17.9939,20.8338,0.0157,0.9999,-0.0000,-0.0001,-0.0000,0.0000,-0.0000,0.0000,-0.0000,0.0000,0.0000
297.5,17.9939,20.8338,0.0157,0.9999,-0.0000,-0.0001,-0.0000,0.0000,-0.0000,0.0000,-0.0000,0.0000,0.0000
298.0,17.9939,20.8338,0.0157,0.9999,-0.0001,-0.0001,-0.0000,0.0000,-0.0000,-0.0001,-0.0000,-0.0002,0.0000
298.5,17.9939,20.8338,0.0157,0.9999,-0.0001,-0.0001,-0.0000,0.0000,-0.0000,-0.0001,-0.0000,-0.0002,0.0000
299.0,17.9939,20.8338,0.0157,0.9999,0.0000,-0.0001,-0.0000,0.0000,0.0001,0.0001,0.0002,0.0002,0.0000
299.5,17.9939,20.8338,0.0157,0.9999,0.0000,-0.0001,-0.0000,0.0000,-0.0000,0.0000,-0.0000,0.0000,0.0000
300.0,17.9939,20.8338,0.0157,0.9999,0.0000,-0.0001,-0.0000,0.0000,-0.0000,0.0000,-0.0000,0.0000,0.0000
300.5,17.9939,20.8338,0.0157,0.9999,-0.0000,-0.0000,-0.0000,0.0000,-0.0003,0.0000,-0.0004,0.0000,0.0000
301.0,17.9939,20.8338,0.0157,0.9999,-0.0001,0.0001,-0.0000,0.0000,-0.0003,0.0000,-0.0004,0.0000,0.0000
301.5,17.9939,20.8338,0.0157,0.9999,-0.0001,0.0002,-0.0000,0.0000,-0.0003,0.0000,-0.0004,0.0000,0.0000
302.0,17.9939,20.8338,0.0157,0.9999,-0.0001,0.0002,-0.0000,0.0000,-0.0003,0.0000,-0.0004,0.0000,0.0000
302.5,17.9939,20.8338,0.0157,0.9999,-0.0000,0.0003,-0.0000,0.0000,0.0001,0.0001,0.0002,0.0002,0.0000
303.0,17.9939,20.8338,0.0157,0.9999,0.0001,0.0002,-0.0000,0.0000,0.0001,0.0001,0.0002,0.0002,0.0000
303.5,17.9939,20.8338,0.0157,0.9999,0.0001,0.0001,-0.0000,0.0000,0.0003,0.0000,0.0004,0.0000,0.0000
304.0,17.9939,20.8338,0.0157,0.9999,-0.0001,0.0001,-0.0000,0.0000,-0.0001,0.0000,-0.0002,0.0000,0.0000
304.5,17.9939,20.8338,0.0157,0.9999,-0.0000,0.0001,-0.0000,0.0000,0.0001,0.0001,0.0002,0.0002,0.0000
305.0,17.9939,20.8338,0.0157,0.9999,-0.0001,0.0000,-0.0000,0.0000,-0.0000,-0.0004,-0.0000,-0.0006,0.0000
305.5,17.9939,20.8338,0.0157,0.9999,-0.0000,-0.0001,-0.0000,0.0000,-0.0000,0.0000,-0.0000,0.0000,0.0000
306.0,17.9939,20.8338,0.0157,0.9999,0.0000,-0.0000,-0.0000,0.0000,-0.0000,0.0000,-0.0000,0.0000,0.0000
306.5,17.9939,20.8338,0.0157,0.9999,0.0000,-0.0000,-0.0000,0.0000,-0.0000,0.0000,-0.0000,0.0000,0.0000
307.0,17.9939,20.8338,0.0157,0.9999,0.0000,-0.0000,-0.0000,0.0000,-0.0000,0.0000,-0.0000,0.0000,0.0000
307.5,17.9939,20.8338,0.0157,0.9999,0.0001,0.0000,-0.0000,0.0000,-0.0000,0.0001,-0.0000,0.0002,0.0000
308.0,17.9939,20.8338,0.0157,0.9999,0.0001,0.0001,-0.0000,0.0000,-0.0000,0.0001,-0.0000,0.0002,0.0000
308.5,17.9939,20.8338,0.0157,0.9999,0.0001,0.0001,-0.0000,0.0000,-0.0000,0.0001,-0.0000,0.0002,0.0000
309.0,17.9939,20.8338,0.0157,0.9999,0.0001,0.0001,-0.0000,0.0000,-0.0001,0.0001,-0.0002,0.0002,0.0000
309.5,17.9939,20.8338,0.0157,0.9999,-0.0000,0.0002,-0.0000,0.0000,-0.0000,0.0000,-0.0000,0.0000,0.0000
310.0,17.9939,20.8338,0.0157,0.9999,-0.0000,0.0001,-0.0000,0.0000,-0.0000,0.0000,-0.0000,0.0000,0.0000
310.5,17.9939,20.8338,0.0157,0.9999,-0.0000,0.0001,-0.0000,0.0000,-0.0000,0.0000,-0.0000,0.0000,0.0000
311.0,17.9939,20.8338,0.0157,0.9999,0.0000,0.0000,-0.0000,0.0000,-0.0001,-0.0001,-0.0002,-0.0002,0.0000
311.5,17.9939,20.8338,0.0157,0.9999,-0.0001,0.0000,-0.0000,0.0000,-0.0000,-0.0001,-0.0000,-0.0002,0.0000
312.0,17.9939,20.8338,0.0157,0.9999,-0.0001,-0.0000,-0.0000,0.0000,-0.0000,-0.0001,-0.0000,-0.0002,0.0000
312.5,17.9939,20.8338,0.0157,0.9999,0.0000,-0.0001,-0.0000,0.0000,0.0003,0.0000,0.0004,0.0000,0.0000
313.0,17.9939,20.8338,0.0157,0.9999,0.0001,-0.0002,-0.0000,0.0000,0.0003,0.0000,0.0004,0.0000,0.0000
313.5,17.9939,20.8338,0.0157,0.9999,0.0001,-0.0003,-0.0000,0.0000,0.0003,0.0000,0.0004,0.0000,0.0000
314.0,17.9939,20.8338,0.0157,0.9999,0.0001,-0.0003,-0.0000,0.0000,0.0003,0.0000,0.0004,0.0000,0.0000
314.5,17.9939,20.8338,0.0157,0.9999,0.0000,-0.0003,-0.0000,0.0000,0.0001,0.0000,0.0002,0.0000,0.0000
315.0,17.9939,20.8338,0.0157,0.9999,-0.0001,-0.0002,-0.0000,0.0000,-0.0003,0.0000,-0.0004,0.0000,0.0000
315.5,17.9939,20.8338,0.0157,0.9999,-0.0001,-0.0000,-0.0000,0.0000,-0.0003,0.0000,-0.0004,0.0000,0.0000
316.0,17.9939,20.8338,0.0157,0.9999,-0.0001,-0.0000,-0.0000,0.0000,-0.0000,-0.0001,-0.0000,-0.0002,0.0000
316.5,17.9939,20.8338,0.0157,0.9999,-0.0000,-0.0001,-0.0000,0.0000,-0.0000,0.0000,-0.0000,0.0000,0.0000
317.0,17.9939,20.8338,0.0157,0.9999,0.0000,-0.0000,-0.0000,0.0000,-0.0000,0.0000,-0.0000,0.0000,0.0000
317.5,17.9939,20.8338,0.0157,0.9999,-0.0000,-0.0000,-0.0000,0.0000,-0.0000,-0.0001,-0.0000,-0.0002,0.0000
318.0,17.9939,20.8338,0.0157,0.9999,0.0000,-0.0000,-0.0000,0.0000,-0.0000,0.0000,-0.0000,0.0000,0.0000
318.5,17.9939,20.8338,0.0157,0.9999,0.0001,-0.0001,-0.0000,0.0000,0.0001,0.0000,0.0002,0.0000,0.0000
319.0,17.9939,20.8338,0.0157,0.9999,0.0000,-0.0001,-0.0000,0.0000,-0.0000,0.0000,-0.0000,0.0000,0.0000
319.5,17.9939,20.8338,0.0157,0.9999,-0.0000,-0.0001,-0.0000,0.0000,-0.0000,0.0000,-0.0000,0.0000,0.0000
320.0,17.9939,20.8338,0.0157,0.9999,-0.0000,-0.0000,-0.0000,0.0000,-0.0000,0.0000,-0.0000,0.0000,0.0000
320.5,17.9939,20.8338,0.0157,0.9999,-0.0000,-0.0000,-0.0000,0.0000,-0.0000,0.0000,-0.0000,0.0000,0.0000
321.0,17.9939,20.8338,0.0157,0.9999,-0.0000,-0.0000,-0.0000,0.0000,-0.0000,0.0000,-0.0000,0.0000,0.0000
321.5,17.9939,20.8338,0.0157,0.9999,-0.0000,-0.0000,-0.0000,0.0000,-0.0000,0.0000,-0.0000,0.0000,0.0000
322.0,17.9939,20.8338,0.0157,0.9999,0.0000,-0.0000,-0.0000,0.0000,0.0001,0.0000,0.0002,0.0000,0.0000
322.5,17.9939,20.8338,0.0157,0.9999,0.0000,-0.0000,-0.0000,0.0000,-0.0000,0.0000,-0.0000,0.0000,0.0000
323.0,17.9939,20.8338,0.0157,0.9999,-0.0000,-0.0000,-0.0000,0.0000,-0.0000,0.0000,-0.0000,0.0000,0.0000
323.5,17.9939,20.8338,0.0157,0.9999,0.0000,-0.0000,-0.0000,0.0000,0.0001,-0.0001,0.0002,-0.0002,0.0000
324.0,17.9939,20.8338,0.0157,0.9999,-0.0001,-0.0001,-0.0000,0.0000,-0.0000,-0.0001,-0.0000,-0.0002,0.0000
324.5,17.9939,20.8338,0.0157,0.9999,-0.0000,-0.0001,-0.0000,0.0000,0.0001,0.0000,0.0002,0.0000,0.0000
325.0,17.9939,20.8338,0.0157,0.9999,0.0000,-0.0001,-0.0000,0.0000,-0.0001,0.0001,-0.0002,0.0002,0.0000
325.5,17.9939,20.8338,0.0157,0.9999,-0.0000,0.0000,-0.0000,0.0000,-0.0001,0.0001,-0.0002,0.0002,0.0000
326.0,17.9939,20.8338,0.0157,0.9999,-0.0000,0.0001,-0.0000,0.0000,-0.0000,0.0000,-0.0000,0.0000,0.0000
326.5,17.9939,20.8338,0.0157,0.9999,-0.0000,0.0000,-0.0000,0.0000,-0.0000,0.0000,-0.0000,0.0000,0.0000
327.0,17.9939,20.8338,0.0157,0.9999,0.0000,0.0001,-0.0000,0.0000,-0.0000,0.0001,-0.0000,0.0002,0.0000
327.5,17.9939,20.8338,0.0157,0.9999,0.0001,0.0001,-0.0000,0.0000,-0.0000,0.0001,-0.0000,0.0002,0.0000
328.0,17.9939,20.8338,0.0157,0.9999,0.0001,0.0001,-0.0000,0.0000,-0.0000,0.0001,-0.0000,0.0002,0.0000
328.5,17.9939,20.8338,0.0157,0.9999,0.0001,0.0002,-0.0000,0.0000,-0.0000,0.0001,-0.0000,0.0002,0.0000
329.0,17.9939,20.8338,0.0157,0.9999,0.0001,0.0002,-0.0000,0.0000,-0.0000,0.0001,-0.0000,0.0002,0.0000
329.5,17.9939,20.8338,0.0157,0.9999,-0.0000,0.0002,-0.0000,0.0000,-0.0003,-0.0001,-0.0004,-0.0002,0.0000
330.0,17.9939,20.8338,0.0157,0.9999,-0.0002,0.0002,-0.0000,0.0000,-0.0003,-0.0001,-0.0004,-0.0002,0.0000
330.5,17.9939,20.8338,0.0157,0.9999,0.0001,0.0001,-0.0000,0.0000,0.0001,0.0000,0.0002,0.0000,0.0000
331.0,17.9939,20.8338,0.0157,0.9999,0.0001,0.0000,-0.0000,0.0000,0.0001,0.0000,0.0002,0.0000,0.0000
331.5,17.9939,20.8338,0.0157,0.9999,0.0001,-0.0000,-0.0000,0.0000,-0.0000,0.0000,-0.0000,0.0000,0.0000
332.0,17.9939,20.8338,0.0157,0.9999,0.0001,-0.0001,-0.0000,0.0000,0.0005,0.0000,0.0008,0.0000,0.0000
332.5,17.9939,20.8338,0.0157,0.9999,0.0000,-0.0002,-0.0000,0.0000,0.0003,0.0000,0.0004,0.0000,0.0000
333.0,17.9939,20.8338,0.0157,0.9999,-0.0000,-0.0002,-0.0000,0.0000,-0.0000,0.0000,-0.0000,0.0000,0.0000
333.5,17.9939,20.8338,0.0157,0.9999,-0.0000,-0.0001,-0.0000,0.0000,-0.0000,0.0000,-0.0000,0.0000,0.0000
334.0,17.9939,20.8338,0.0157,0.9999,-0.0000,-0.0001,-0.0000,0.0000,-0.0000,0.0000,-0.0000,0.0000,0.0000
334.5,17.9939,20.8338,0.0157,0.9999,-0.0000,-0.0001,-0.0000,0.0000,-0.0000,0.0000,-0.0000,0.0000,0.0000
335.0,17.9939,20.8338,0.0157,0.9999,0.0000,-0.0001,-0.0000,0.0000,-0.0000,0.0000,-0.0000,0.0000,0.0000
335.5,17.9939,20.8338,0.0157,0.9999,-0.0000,-0.0000,-0.0000,0.0000,-0.0000,0.0000,-0.0000,0.0000,0.0000
336.0,17.9939,20.8338,0.0157,0.9999,-0.0001,0.0000,-0.0000,0.0000,-0.0001,0.0000,-0.0002,0.0000,0.0000
336.5,17.9939,20.8338,0.0157,0.9999,-0.0001,0.0001,-0.0000,0.0000,-0.0001,0.0000,-0.0002,0.0000,0.0000
337.0,17.9939,20.8338,0.0157,0.9999,-0.0001,0.0001,-0.0000,0.0000,-0.0001,0.0000,-0.0002,0.0000,0.0000
337.5,17.9939,20.8338,0.0157,0.9999,-0.0001,0.0001,-0.0000,0.0000,-0.0001,0.0000,-0.0002,0.0000,0.0000
338.0,17.9939,20.8338,0.0157,0.9999,-0.0000,0.0002,-0.0000,0.0000,-0.0000,0.0003,-0.0000,0.0004,0.0000
338.5,17.9939,20.8338,0.0157,0.9999,-0.0001,0.0004,-0.0000,0.0000,-0.0005,0.0003,-0.0008,0.0004,0.0000
339.0,17.9939,20.8338,0.0157,0.9999,-0.0001,0.0004,-0.0000,0.0000,-0.0001,0.0001,-0.0002,0.0002,0.0000
339.5,17.9939,20.8338,0.0157,0.9999,0.0001,0.0004,-0.0000,0.0000,0.0003,0.0000,0.0004,0.0000,0.0000
340.0,17.9939,20.8338,0.0157,0.9999,0.0001,0.0003,-0.0000,0.0000,-0.0000,0.0000,-0.0000,0.0000,0.0000
340.5,17.9939,20.8338,0.0157,0.9999,0.0000,0.0002,-0.0000,0.0000,0.0001,0.0001,0.0002,0.0002,0.0000
341.0,17.9939,20.8338,0.0157,0.9999,0.0000,0.0002,-0.0000,0.0000,0.0001,0.0000,0.0002,0.0000,0.0000
341.5,17.9939,20.8338,0.0157,0.9999,0.0001,0.0001,-0.0000,0.0000,0.0001,0.0000,0.0002,0.0000,0.0000
342.0,17.9939,20.8338,0.0157,0.9999,-0.0000,0.0001,-0.0000,0.0000,0.0001,0.0000,0.0002,0.0000,0.0000
342.5,17.9939,20.8338,0.0157,0.9999,0.0001,0.0000,-0.0000,0.0000,0.0001,0.0000,0.0002,0.0000,0.0000
343.0,17.9939,20.8338,0.0157,0.9999,0.0001,0.0001,-0.0000,0.0000,-0.0000,0.0001,-0.0000,0.0002,0.0000
343.5,17.9939,20.8338,0.0157,0.9999,0.0001,0.0001,-0.0000,0.0000,-0.0000,0.0001,-0.0000,0.0002,0.0000
344.0,17.9939,20.8338,0.0157,0.9999,0.0001,0.0001,-0.0000,0.0000,0.0003,0.0000,0.0004,0.0000,0.0000
344.5,17.9939,20.8338,0.0157,0.9999,0.0001,-0.0000,-0.0000,0.0000,0.0003,0.0000,0.0004,0.0000,0.0000
345.0,17.9939,20.8338,0.0157,0.9999,0.0001,-0.0001,-0.0000,0.0000,0.0003,0.0000,0.0004,0.0000,0.0000
345.5,17.9939,20.8338,0.0157,0.9999,-0.0000,-0.0001,-0.0000,0.0000,-0.0000,0.0000,-0.0000,0.0000,0.0000
346.0,17.9939,20.8338,0.0157,0.9999,-0.0000,-0.0001,-0.0000,0.0000,-0.0001,0.0000,-0.0002,0.0000,0.0000
346.5,17.9939,20.8338,0.0157,0.9999,-0.0001,-0.0000,-0.0000,0.0000,-0.0001,0.0000,-0.0002,0.0000,0.0000
347.0,17.9939,20.8338,0.0157,0.9999,-0.0001,0.0000,-0.0000,0.0000,-0.0001,0.0000,-0.0002,0.0000,0.0000
347.5,17.9939,20.8338,0.0157,0.9999,0.0000,0.0000,-0.0000,0.0000,-0.0001,0.0000,-0.0002,0.0000,0.0000
348.0,17.9939,20.8338,0.0157,0.9999,-0.0001,0.0001,-0.0000,0.0000,-0.0004,0.0000,-0.0006,0.0000,0.0000
348.5,17.9939,20.8338,0.0157,0.9999,-0.0002,0.0002,-0.0000,0.0000,-0.0003,0.0000,-0.0004,0.0000,0.0000
349.0,17.9939,20.8338,0.0157,0.9999,-0.0001,0.0002,-0.0000,0.0000,-0.0003,0.0000,-0.0004,0.0000,0.0000
349.5,17.9939,20.8338,0.0157,0.9999,-0.0001,0.0003,-0.0000,0.0000,-0.0001,0.0000,-0.0002,0.0000,0.0000
350.0,17.9939,20.8338,0.0157,0.9999,-0.0001,0.0003,-0.0000,0.0000,-0.0001,0.0000,-0.0002,0.0000,0.0000
350.5,17.9939,20.8338,0.0157,0.9999,0.0000,0.0002,-0.0000,0.0000,0.0003,0.0000,0.0004,0.0000,0.0000
351.0,17.9939,20.8338,0.0157,0.9999,0.0001,0.0001,-0.0000,0.0000,0.0003,0.0000,0.0004,0.0000,0.0000
351.5,17.9939,20.8338,0.0157,0.9999,0.0001,-0.0000,-0.0000,0.0000,-0.0001,0.0000,-0.0002,0.0000,0.0000
352.0,17.9939,20.8338,0.0157,0.9999,-0.0001,0.0000,-0.0000,0.0000,-0.0001,0.0000,-0.0002,0.0000,0.0000
352.5,17.9939,20.8338,0.0157,0.9999,0.0000,0.0000,-0.0000,0.0000,-0.0000,0.0000,-0.0000,0.0000,0.0000
353.0,17.9939,20.8338,0.0157,0.9999,0.0000,0.0000,-0.0000,0.0000,-0.0000,0.0000,-0.0000,0.0000,0.0000
353.5,17.9939,20.8338,0.0157,0.9999,-0.0000,0.0000,-0.0000,0.0000,-0.0000,0.0000,-0.0000,0.0000,0.0000
354.0,17.9939,20.8338,0.0157,0.9999,0.0000,0.0000,-0.0000,0.0000,-0.0000,0.0000,-0.0000,0.0000,0.0000
354.5,17.9939,20.8338,0.0157,0.9999,0.0000,0.0000,-0.0000,0.0000,-0.0000,0.0000,-0.0000,0.0000,0.0000
355.0,17.9939,20.8338,0.0157,0.9999,0.0000,0.0000,-0.0000,0.0000,-0.0000,0.0000,-0.0000,0.0000,0.0000
355.5,17.9939,20.8338,0.0157,0.9999,0.0000,0.0000,-0.0000,0.0000,-0.0000,0.0000,-0.0000,0.0000,0.0000
356.0,17.9939,20.8338,0.0157,0.9999,-0.0001,-0.0000,-0.0000,0.0000,-0.0000,-0.0001,-0.0000,-0.0002,0.0000
356.5,17.9939,20.8338,0.0157,0.9999,-0.0001,-0.0001,-0.0000,0.0000,-0.0000,-0.0001,-0.0000,-0.0002,0.0000
357.0,17.9939,20.8338,0.0157,0.9999,-0.0002,0.0000,-0.0000,0.0000,-0.0001,0.0000,-0.0002,0.0000,0.0000
357.5,17.9939,20.8338,0.0157,0.9999,-0.0001,0.0001,-0.0000,0.0000,-0.0001,0.0000,-0.0002,0.0000,0.0000
358.0,17.9939,20.8338,0.0157,0.9999,0.0001,0.0000,-0.0000,0.0000,0.0001,0.0000,0.0002,0.0000,0.0000
358.5,17.9939,20.8338,0.0157,0.9999,-0.0001,0.0001,-0.0000,0.0000,-0.0003,0.0000,-0.0004,0.0000,0.0000
359.0,17.9939,20.8338,0.0157,0.9999,-0.0001,0.0001,-0.0000,0.0000,-0.0001,0.0000,-0.0002,0.0000,0.0000
359.5,17.9939,20.8338,0.0157,0.9999,-0.0001,0.0001,-0.0000,0.0000,-0.0001,0.0000,-0.0002,0.0000,0.0000
360.0,17.9939,20.8338,0.0157,0.9999,0.0000,0.0001,-0.0000,0.0000,-0.0000,0.0000,-0.0000,0.0000,0.0000
360.5,17.9939,20.8338,0.0157,0.9999,0.0000,0.0001,-0.0000,0.0000,0.0003,-0.0001,0.0004,-0.0002,0.0000
361.0,17.9939,20.8338,0.0157,0.9999,0.0001,-0.0001,-0.0000,0.0000,0.0001,0.0000,0.0002,0.0000,0.0000
361.5,17.9939,20.8338,0.0157,0.9999,0.0001,-0.0001,-0.0000,0.0000,0.0001,0.0000,0.0002,0.0000,0.0000
362.0,17.9939,20.8338,0.0157,0.9999,0.0001,-0.0001,-0.0000,0.0000,0.0001,0.0001,0.0002,0.0002,0.0000
362.5,17.9939,20.8338,0.0157,0.9999,0.0000,-0.0001,-0.0000,0.0000,-0.0000,0.0000,-0.0000,0.0000,0.0000
363.0,17.9939,20.8338,0.0157,0.9999,-0.0000,-0.0001,-0.0000,0.0000,-0.0000,0.0000,-0.0000,0.0000,0.0000
363.5,17.9939,20.8338,0.0157,0.9999,0.0001,-0.0001,-0.0000,0.0000,0.0001,0.0000,0.0002,0.0000,0.0000
364.0,17.9939,20.8338,0.0157,0.9999,0.0000,-0.0001,-0.0000,0.0000,-0.0000,0.0000,-0.0000,0.0000,0.0000
364.5,17.9939,20.8338,0.0157,0.9999,-0.0000,-0.0001,-0.0000,0.0000,-0.0000,0.0000,-0.0000,0.0000,0.0000
365.0,17.9939,20.8338,0.0157,0.9999,-0.0000,-0.0000,-0.0000,0.0000,-0.0000,0.0000,-0.0000,0.0000,0.0000
365.5,17.9939,20.8338,0.0157,0.9999,0.0001,-0.0001,-0.0000,0.0000,0.0003,-0.0001,0.0004,-0.0002,0.0000
366.0,17.9939,20.8338,0.0157,0.9999,0.0001,-0.0003,-0.0000,0.0000,0.0003,-0.0001,0.0004,-0.0002,0.0000
366.5,17.9939,20.8338,0.0157,0.9999,0.0001,-0.0004,-0.0000,0.0000,0.0003,-0.0001,0.0004,-0.0002,0.0000
367.0,17.9939,20.8338,0.0157,0.9999,0.0001,-0.0005,-0.0000,0.0000,0.0003,-0.0001,0.0004,-0.0002,0.0000
367.5,17.9939,20.8338,0.0157,0.9999,0.0000,-0.0004,-0.0000,0.0000,-0.0000,0.0000,-0.0000,0.0000,0.0000
368.0,17.9939,20.8338,0.0157,0.9999,-0.0000,-0.0003,-0.0000,0.0000,-0.0000,0.0000,-0.0000,0.0000,0.0000
368.5,17.9939,20.8338,0.0157,0.9999,-0.0000,-0.0002,-0.0000,0.0000,-0.0000,0.0000,-0.0000,0.0000,0.0000
369.0,17.9939,20.8338,0.0157,0.9999,-0.0000,-0.0002,-0.0000,0.0000,-0.0000,0.0001,-0.0000,0.0002,0.0000
369.5,17.9939,20.8338,0.0157,0.9999,-0.0001,0.0000,-0.0000,0.0000,-0.0003,0.0001,-0.0004,0.0002,0.0000
370.0,17.9939,20.8338,0.0157,0.9999,-0.0000,0.0001,-0.0000,0.0000,-0.0000,0.0000,-0.0000,0.0000,0.0000
370.5,17.9939,20.8338,0.0157,0.9999,0.0000,0.0001,-0.0000,0.0000,-0.0000,0.0000,-0.0000,0.0000,0.0000
371.0,17.9939,20.8338,0.0157,0.9999,0.0000,0.0001,-0.0000,0.0000,-0.0000,0.0000,-0.0000,0.0000,0.0000
371.5,17.9939,20.8338,0.0157,0.9999,0.0000,0.0000,-0.0000,0.0000,-0.0000,0.0000,-0.0000,0.0000,0.0000
372.0,17.9939,20.8338,0.0157,0.9999,0.0000,0.0000,-0.0000,0.0000,-0.0000,0.0000,-0.0000,0.0000,0.0000
372.5,17.9939,20.8338,0.0157,0.9999,0.0000,0.0000,-0.0000,0.0000,-0.0000,0.0000,-0.0000,0.0000,0.0000
373.0,17.9939,20.8338,0.0157,0.9999,0.0000,0.0000,-0.0000,0.0000,-0.0000,0.0000,-0.0000,0.0000,0.0000
373.5,17.9939,20.8338,0.0157,0.9999,0.0000,0.0000,-0.0000,0.0000,-0.0000,0.0000,-0.0000,0.0000,0.0000
374.0,17.9939,20.8338,0.0157,0.9999,0.0000,0.0000,-0.0000,0.0000,-0.0000,0.0000,-0.0000,0.0000,0.0000
374.5,17.9939,20.8338,0.0157,0.9999,0.0001,-0.0000,-0.0000,0.0000,0.0003,0.0000,0.0004,0.0000,0.0000
375.0,17.9939,20.8338,0.0157,0.9999,0.0001,-0.0001,-0.0000,0.0000,0.0003,0.0000,0.0004,0.0000,0.0000
375.5,17.9939,20.8338,0.0157,0.9999,0.0001,-0.0002,-0.0000,0.0000,0.0003,0.0000,0.0004,0.0000,0.0000
376.0,17.9939,20.8338,0.0157,0.9999,0.0001,-0.0002,-0.0000,0.0000,-0.0000,0.0000,-0.0000,0.0000,0.0000
376.5,17.9939,20.8338,0.0157,0.9999,-0.0000,-0.0002,-0.0000,0.0000,-0.0000,0.0000,-0.0000,0.0000,0.0000
377.0,17.9939,20.8338,0.0157,0.9999,-0.0002,-0.0000,-0.0000,0.0000,-0.0000,0.0000,-0.0000,0.0000,0.0000
377.5,17.9939,20.8338,0.0157,0.9999,-0.0001,0.0002,-0.0000,0.0000,-0.0004,0.0001,-0.0006,0.0002,0.0000
378.0,17.9939,20.8338,0.0157,0.9999,-0.0001,0.0003,-0.0000,0.0000,-0.0004,0.0001,-0.0006,0.0002,0.0000
378.5,17.9939,20.8338,0.0157,0.9999,0.0001,0.0003,-0.0000,0.0000,0.0001,0.0001,0.0002,0.0002,0.0000
379.0,17.9939,20.8338,0.0157,0.9999,0.0001,0.0002,-0.0000,0.0000,-0.0000,0.0000,-0.0000,0.0000,0.0000
379.5,17.9939,20.8338,0.0157,0.9999,-0.0001,0.0002,-0.0000,0.0000,-0.0000,0.0000,-0.0000,0.0000,0.0000
380.0,17.9939,20.8338,0.0157,0.9999,-0.0001,0.0002,-0.0000,0.0000,-0.0003,0.0000,-0.0004,0.0000,0.0000
380.5,17.9939,20.8338,0.0157,0.9999,-0.0001,0.0003,-0.0000,0.0000,-0.0000,0.0000,-0.0000,0.0000,0.0000
381.0,17.9939,20.8338,0.0157,0.9999,0.0000,0.0002,-0.0000,0.0000,-0.0000,0.0000,-0.0000,0.0000,0.0000
381.5,17.9939,20.8338,0.0157,0.9999,0.0000,0.0001,-0.0000,0.0000,-0.0000,0.0000,-0.0000,0.0000,0.0000
382.0,17.9939,20.8338,0.0157,0.9999,0.0000,0.0001,-0.0000,0.0000,-0.0000,0.0000,-0.0000,0.0000,0.0000
382.5,17.9939,20.8338,0.0157,0.9999,0.0000,0.0001,-0.0000,0.0000,-0.0000,0.0000,-0.0000,0.0000,0.0000
383.0,17.9939,20.8338,0.0157,0.9999,0.0001,0.0001,-0.0000,0.0000,-0.0000,0.0003,-0.0000,0.0004,0.0000
383.5,17.9939,20.8338,0.0157,0.9999,0.0001,0.0001,-0.0000,0.0000,0.0001,0.0000,0.0002,0.0000,0.0000
384.0,17.9939,20.8338,0.0157,0.9999,0.0000,0.0001,-0.0000,0.0000,0.0001,0.0000,0.0002,0.0000,0.0000
384.5,17.9939,20.8338,0.0157,0.9999,0.0001,-0.0000,-0.0000,0.0000,0.0001,0.0000,0.0002,0.0000,0.0000
385.0,17.9939,20.8338,0.0157,0.9999,-0.0000,-0.0000,-0.0000,0.0000,-0.0000,0.0000,-0.0000,0.0000,0.0000
385.5,17.9939,20.8338,0.0157,0.9999,-0.0000,-0.0000,-0.0000,0.0000,-0.0000,0.0000,-0.0000,0.0000,0.0000
386.0,17.9939,20.8338,0.0157,0.9999,-0.0000,-0.0000,-0.0000,0.0000,0.0001,-0.0001,0.0002,-0.0002,0.0000
386.5,17.9939,20.8338,0.0157,0.9999,-0.0000,-0.0000,-0.0000,0.0000,-0.0000,0.0000,-0.0000,0.0000,0.0000
387.0,17.9939,20.8338,0.0157,0.9999,-0.0000,-0.0000,-0.0000,0.0000,0.0001,-0.0001,0.0002,-0.0002,0.0000
387.5,17.9939,20.8338,0.0157,0.9999,-0.0001,-0.0001,-0.0000,0.0000,-0.0000,-0.0001,-0.0000,-0.0002,0.0000
388.0,17.9939,20.8338,0.0157,0.9999,-0.0000,-0.0000,-0.0000,0.0000,-0.0000,0.0000,-0.0000,0.0000,0.0000
388.5,17.9939,20.8338,0.0157,0.9999,-0.0000,-0.0000,-0.0000,0.0000,-0.0001,0.0000,-0.0002,0.0000,0.0000
389.0,17.9939,20.8338,0.0157,0.9999,-0.0000,0.0000,-0.0000,0.0000,0.0001,0.0000,0.0002,0.0000,0.0000
389.5,17.9939,20.8338,0.0157,0.9999,0.0001,-0.0000,-0.0000,0.0000,0.0001,0.0000,0.0002,0.0000,0.0000
390.0,17.9939,20.8338,0.0157,0.9999,0.0000,-0.0001,-0.0000,0.0000,-0.0000,0.0000,-0.0000,0.0000,0.0000
390.5,17.9939,20.8338,0.0157,0.9999,-0.0001,-0.0000,-0.0000,0.0000,-0.0001,0.0000,-0.0002,0.0000,0.0000
391.0,17.9939,20.8338,0.0157,0.9999,-0.0001,0.0001,-0.0000,0.0000,-0.0001,0.0000,-0.0002,0.0000,0.0000
391.5,17.9939,20.8338,0.0157,0.9999,0.0001,-0.0000,-0.0000,0.0000,0.0003,0.0000,0.0004,0.0000,0.0000
392.0,17.9939,20.8338,0.0157,0.9999,0.0001,-0.0000,-0.0000,0.0000,-0.0000,0.0001,-0.0000,0.0002,0.0000
392.5,17.9939,20.8338,0.0157,0.9999,-0.0000,0.0001,-0.0000,0.0000,-0.0001,0.0001,-0.0002,0.0002,0.0000
393.0,17.9939,20.8338,0.0157,0.9999,-0.0000,0.0002,-0.0000,0.0000,-0.0001,0.0001,-0.0002,0.0002,0.0000
393.5,17.9939,20.8338,0.0157,0.9999,0.0001,0.0001,-0.0000,0.0000,0.0003,0.0000,0.0004,0.0000,0.0000
394.0,17.9939,20.8338,0.0157,0.9999,-0.0001,0.0000,-0.0000,0.0000,-0.0003,-0.0001,-0.0004,-0.0002,0.0000
394.5,17.9939,20.8338,0.0157,0.9999,-0.0002,0.0001,-0.0000,0.0000,-0.0003,-0.0001,-0.0004,-0.0002,0.0000
395.0,17.9939,20.8338,0.0157,0.9999,-0.0002,0.0001,-0.0000,0.0000,-0.0003,-0.0001,-0.0004,-0.0002,0.0000
395.5,17.9939,20.8338,0.0157,0.9999,0.0000,0.0000,-0.0000,0.0000,-0.0000,-0.0001,-0.0000,-0.0002,0.0000
396.0,17.9939,20.8338,0.0157,0.9999,-0.0000,-0.0000,-0.0000,0.0000,-0.0000,0.0000,-0.0000,0.0000,0.0000
396.5,17.9939,20.8338,0.0157,0.9999,-0.0000,0.0000,-0.0000,0.0000,-0.0001,0.0000,-0.0002,0.0000,0.0000
397.0,17.9939,20.8338,0.0157,0.9999,-0.0001,0.0000,-0.0000,0.0000,-0.0001,-0.0003,-0.0002,-0.0004,0.0000
397.5,17.9939,20.8338,0.0157,0.9999,0.0000,0.0000,-0.0000,0.0000,-0.0000,0.0001,-0.0000,0.0002,0.0000
398.0,17.9939,20.8338,0.0157,0.9999,0.0001,0.0001,-0.0000,0.0000,-0.0000,0.0001,-0.0000,0.0002,0.0000
398.5,17.9939,20.8338,0.0157,0.9999,-0.0001,-0.0001,-0.0000,0.0000,0.0001,-0.0003,0.0002,-0.0004,0.0000
399.0,17.9939,20.8338,0.0157,0.9999,0.0001,-0.0001,-0.0000,0.0000,-0.0000,0.0001,-0.0000,0.0002,0.0000
399.5,17.9939,20.8338,0.0157,0.9999,0.0001,-0.0001,-0.0000,0.0000,0.0003,0.0000,0.0004,0.0000,0.0000
400.0,17.9939,20.8338,0.0157,0.9999,0.0000,-0.0000,-0.0000,0.0000,-0.0001,0.0003,-0.0002,0.0004,0.0000
400.5,17.9939,20.8338,0.0157,0.9999,0.0001,0.0002,-0.0000,0.0000,-0.0001,0.0003,-0.0002,0.0004,0.0000
401.0,17.9939,20.8338,0.0157,0.9999,-0.0001,0.0001,-0.0000,0.0000,-0.0000,-0.0003,-0.0000,-0.0004,0.0000
401.5,17.9939,20.8338,0.0157,0.9999,-0.0001,-0.0001,-0.0000,0.0000,-0.0003,-0.0001,-0.0004,-0.0002,0.0000
402.0,17.9939,20.8338,0.0157,0.9999,-0.0002,0.0000,-0.0000,0.0000,-0.0003,-0.0001,-0.0004,-0.0002,0.0000
402.5,17.9939,20.8338,0.0157,0.9999,-0.0002,0.0001,-0.0000,0.0000,-0.0003,-0.0001,-0.0004,-0.0002,0.0000
403.0,17.9939,20.8338,0.0157,0.9999,0.0000,0.0002,-0.0000,0.0000,-0.0001,0.0001,-0.0002,0.0002,0.0000
403.5,17.9939,20.8338,0.0157,0.9999,0.0001,0.0002,-0.0000,0.0000,-0.0000,0.0001,-0.0000,0.0002,0.0000
404.0,17.9939,20.8338,0.0157,0.9999,0.0000,0.0002,-0.0000,0.0000,-0.0000,0.0001,-0.0000,0.0002,0.0000
404.5,17.9939,20.8338,0.0157,0.9999,-0.0002,0.0002,-0.0000,0.0000,-0.0000,-0.0001,-0.0000,-0.0002,0.0000
405.0,17.9939,20.8338,0.0157,0.9999,-0.0000,0.0001,-0.0000,0.0000,-0.0000,0.0000,-0.0000,0.0000,0.0000
405.5,17.9939,20.8338,0.0157,0.9999,0.0000,0.0001,-0.0000,0.0000,-0.0000,0.0000,-0.0000,0.0000,0.0000
406.0,17.9939,20.8338,0.0157,0.9999,0.0000,0.0001,-0.0000,0.0000,-0.0000,0.0000,-0.0000,0.0000,0.0000
406.5,17.9939,20.8338,0.0157,0.9999,-0.0001,0.0000,-0.0000,0.0000,-0.0000,-0.0001,-0.0000,-0.0002,0.0000
407.0,17.9939,20.8338,0.0157,0.9999,-0.0001,0.0000,-0.0000,0.0000,-0.0003,0.0000,-0.0004,0.0000,0.0000
407.5,17.9939,20.8338,0.0157,0.9999,-0.0001,0.0001,-0.0000,0.0000,-0.0000,-0.0003,-0.0000,-0.0004,0.0000
408.0,17.9939,20.8338,0.0157,0.9999,-0.0001,-0.0001,-0.0000,0.0000,-0.0000,-0.0003,-0.0000,-0.0004,0.0000
408.5,17.9939,20.8338,0.0157,0.9999,0.0001,-0.0002,-0.0000,0.0000,-0.0000,0.0000,-0.0000,0.0000,0.0000
409.0,17.9939,20.8338,0.0157,0.9999,0.0000,-0.0001,-0.0000,0.0000,-0.0000,0.0000,-0.0000,0.0000,0.0000
409.5,17.9939,20.8338,0.0157,0.9999,0.0000,-0.0001,-0.0000,0.0000,-0.0000,0.0000,-0.0000,0.0000,0.0000
410.0,17.9939,20.8338,0.0157,0.9999,-0.0001,-0.0000,-0.0000,0.0000,-0.0001,0.0000,-0.0002,0.0000,0.0000
410.5,17.9939,20.8338,0.0157,0.9999,-0.0001,0.0000,-0.0000,0.0000,-0.0001,0.0000,-0.0002,0.0000,0.0000
411.0,17.9939,20.8338,0.0157,0.9999,-0.0001,0.0001,-0.0000,0.0000,-0.0000,-0.0003,-0.0000,-0.0004,0.0000
411.5,17.9939,20.8338,0.0157,0.9999,-0.0001,-0.0000,-0.0000,0.0000,-0.0001,-0.0003,-0.0002,-0.0004,0.0000
412.0,17.9939,20.8338,0.0157,0.9999,-0.0002,-0.0001,-0.0000,0.0000,-0.0001,-0.0003,-0.0002,-0.0004,0.0000
412.5,17.9939,20.8338,0.0157,0.9999,-0.0002,-0.0001,-0.0000,0.0000,-0.0001,-0.0003,-0.0002,-0.0004,0.0000
413.0,17.9939,20.8338,0.0157,0.9999,-0.0002,-0.0001,-0.0000,0.0000,-0.0003,-0.0001,-0.0004,-0.0002,0.0000
413.5,17.9939,20.8338,0.0157,0.9999,0.0000,-0.0001,-0.0000,0.0000,0.0003,0.0000,0.0004,0.0000,0.0000
414.0,17.9939,20.8338,0.0157,0.9999,0.0000,-0.0001,-0.0000,0.0000,-0.0000,0.0003,-0.0000,0.0004,0.0000
414.5,17.9939,20.8338,0.0157,0.9999,0.0001,0.0000,-0.0000,0.0000,-0.0000,0.0003,-0.0000,0.0004,0.0000
415.0,17.9939,20.8338,0.0157,0.9999,0.0000,0.0001,-0.0000,0.0000,-0.0001,-0.0001,-0.0002,-0.0002,0.0000
415.5,17.9939,20.8338,0.0157,0.9999,-0.0000,-0.0000,-0.0000,0.0000,0.0003,-0.0003,0.0004,-0.0004,0.0000
416.0,17.9939,20.8338,0.0157,0.9999,-0.0001,-0.0002,-0.0000,0.0000,-0.0000,-0.0003,-0.0000,-0.0004,0.0000
416.5,17.9939,20.8338,0.0157,0.9999,-0.0001,-0.0003,-0.0000,0.0000,-0.0000,0.0000,-0.0000,0.0000,0.0000
417.0,17.9939,20.8338,0.0157,0.9999,0.0000,-0.0002,-0.0000,0.0000,-0.0000,0.0000,-0.0000,0.0000,0.0000
417.5,17.9939,20.8338,0.0157,0.9999,0.0001,-0.0000,-0.0000,0.0000,-0.0000,0.0001,-0.0000,0.0002,0.0000
418.0,17.9939,20.8338,0.0157,0.9999,0.0001,-0.0000,-0.0000,0.0000,-0.0000,-0.0001,-0.0000,-0.0002,0.0000
418.5,17.9939,20.8338,0.0157,0.9999,-0.0000,-0.0001,-0.0000,0.0000,-0.0000,0.0000,-0.0000,0.0000,0.0000
419.0,17.9939,20.8338,0.0157,0.9999,-0.0001,-0.0001,-0.0000,0.0000,-0.0000,-0.0001,-0.0000,-0.0002,0.0000
419.5,17.9939,20.8338,0.0157,0.9999,-0.0001,-0.0001,-0.0000,0.0000,-0.0000,-0.0001,-0.0000,-0.0002,0.0000
420.0,17.9939,20.8338,0.0157,0.9999,-0.0001,-0.0001,-0.0000,0.0000,-0.0004,0.0000,-0.0006,0.0000,0.0000
420.5,17.9939,20.8338,0.0157,0.9999,-0.0000,-0.0000,-0.0000,0.0000,-0.0000,0.0000,-0.0000,0.0000,0.0000
421.0,17.9939,20.8338,0.0157,0.9999,0.0000,-0.0000,-0.0000,0.0000,0.0001,0.0000,0.0002,0.0000,0.0000
421.5,17.9939,20.8338,0.0157,0.9999,0.0000,-0.0001,-0.0000,0.0000,-0.0000,-0.0001,-0.0000,-0.0002,0.0000
422.0,17.9939,20.8338,0.0157,0.9999,-0.0001,-0.0001,-0.0000,0.0000,-0.0000,-0.0001,-0.0000,-0.0002,0.0000
422.5,17.9939,20.8338,0.0157,0.9999,-0.0001,-0.0001,-0.0000,0.0000,-0.0001,0.0000,-0.0002,0.0000,0.0000
423.0,17.9939,20.8338,0.0157,0.9999,-0.0001,-0.0001,-0.0000,0.0000,-0.0000,-0.0001,-0.0000,-0.0002,0.0000
423.5,17.9939,20.8338,0.0157,0.9999,-0.0000,-0.0001,-0.0000,0.0000,-0.0003,0.0000,-0.0004,0.0000,0.0000
424.0,17.9939,20.8338,0.0157,0.9999,-0.0001,0.0000,-0.0000,0.0000,-0.0001,0.0000,-0.0002,0.0000,0.0000
424.5,17.9939,20.8338,0.0157,0.9999,-0.0000,0.0001,-0.0000,0.0000,-0.0001,0.0000,-0.0002,0.0000,0.0000
425.0,17.9939,20.8338,0.0157,0.9999,-0.0001,0.0001,-0.0000,0.0000,-0.0000,-0.0001,-0.0000,-0.0002,0.0000
425.5,17.9939,20.8338,0.0157,0.9999,0.0001,0.0000,-0.0000,0.0000,-0.0000,0.0000,-0.0000,0.0000,0.0000
426.0,17.9939,20.8338,0.0157,0.9999,-0.0001,0.0001,-0.0000,0.0000,-0.0003,0.0000,-0.0004,0.0000,0.0000
426.5,17.9939,20.8338,0.0157,0.9999,-0.0001,0.0002,-0.0000,0.0000,-0.0003,0.0000,-0.0004,0.0000,0.0000
427.0,17.9939,20.8338,0.0157,0.9999,-0.0001,0.0002,-0.0000,0.0000,-0.0001,0.0000,-0.0002,0.0000,0.0000
427.5,17.9939,20.8338,0.0157,0.9999,0.0000,0.0002,-0.0000,0.0000,-0.0001,0.0001,-0.0002,0.0002,0.0000
428.0,17.9939,20.8338,0.0157,0.9999,0.0000,0.0003,-0.0000,0.0000,-0.0001,0.0001,-0.0002,0.0002,0.0000
428.5,17.9939,20.8338,0.0157,0.9999,0.0000,0.0003,-0.0000,0.0000,-0.0001,0.0001,-0.0002,0.0002,0.0000
429.0,17.9939,20.8338,0.0157,0.9999,0.0001,0.0003,-0.0000,0.0000,-0.0000,0.0001,-0.0000,0.0002,0.0000
429.5,17.9939,20.8338,0.0157,0.9999,0.0000,0.0003,-0.0000,0.0000,-0.0003,0.0000,-0.0004,0.0000,0.0000
430.0,17.9939,20.8338,0.0157,0.9999,-0.0001,0.0003,-0.0000,0.0000,-0.0000,0.0000,-0.0000,0.0000,0.0000
430.5,17.9939,20.8338,0.0157,0.9999,0.0000,0.0002,-0.0000,0.0000,-0.0000,0.0000,-0.0000,0.0000,0.0000
431.0,17.9939,20.8338,0.0157,0.9999,0.0001,0.0001,-0.0000,0.0000,0.0003,0.0000,0.0004,0.0000,0.0000
431.5,17.9939,20.8338,0.0157,0.9999,0.0001,0.0001,-0.0000,0.0000,-0.0001,0.0000,-0.0002,0.0000,0.0000
432.0,17.9939,20.8338,0.0157,0.9999,-0.0000,0.0001,-0.0000,0.0000,-0.0000,0.0000,-0.0000,0.0000,0.0000
432.5,17.9939,20.8338,0.0157,0.9999,0.0000,0.0001,-0.0000,0.0000,-0.0000,0.0000,-0.0000,0.0000,0.0000
433.0,17.9939,20.8338,0.0157,0.9999,-0.0001,0.0001,-0.0000,0.0000,-0.0001,-0.0001,-0.0002,-0.0002,0.0000
433.5,17.9939,20.8338,0.0157,0.9999,-0.0000,0.0000,-0.0000,0.0000,-0.0000,-0.0001,-0.0000,-0.0002,0.0000
434.0,17.9939,20.8338,0.0157,0.9999,-0.0001,-0.0000,-0.0000,0.0000,-0.0000,-0.0001,-0.0000,-0.0002,0.0000
434.5,17.9939,20.8338,0.0157,0.9999,-0.0001,-0.0001,-0.0000,0.0000,-0.0000,-0.0001,-0.0000,-0.0002,0.0000
435.0,17.9939,20.8338,0.0157,0.9999,-0.0001,-0.0001,-0.0000,0.0000,-0.0000,-0.0001,-0.0000,-0.0002,0.0000
435.5,17.9939,20.8338,0.0157,0.9999,-0.0003,-0.0001,-0.0000,0.0000,-0.0003,-0.0003,-0.0004,-0.0004,0.0000
436.0,17.9939,20.8338,0.0157,0.9999,0.0000,-0.0001,-0.0000,0.0000,-0.0000,0.0000,-0.0000,0.0000,0.0000
436.5,17.9939,20.8338,0.0157,0.9999,0.0000,-0.0001,-0.0000,0.0000,0.0001,0.0000,0.0002,0.0000,0.0000
437.0,17.9939,20.8338,0.0157,0.9999,0.0000,-0.0001,-0.0000,0.0000,-0.0000,0.0000,-0.0000,0.0000,0.0000
437.5,17.9939,20.8338,0.0157,0.9999,-0.0001,-0.0000,-0.0000,0.0000,-0.0003,-0.0003,-0.0004,-0.0004,0.0000
438.0,17.9939,20.8338,0.0157,0.9999,-0.0003,-0.0000,-0.0000,0.0000,-0.0003,-0.0003,-0.0004,-0.0004,0.0000
438.5,17.9939,20.8338,0.0157,0.9999,0.0000,-0.0001,-0.0000,0.0000,0.0001,0.0000,0.0002,0.0000,0.0000
439.0,17.9939,20.8338,0.0157,0.9999,0.0001,-0.0001,-0.0000,0.0000,0.0001,0.0000,0.0002,0.0000,0.0000
439.5,17.9939,20.8338,0.0157,0.9999,0.0001,-0.0001,-0.0000,0.0000,0.0001,0.0000,0.0002,0.0000,0.0000
440.0,17.9939,20.8338,0.0157,0.9999,0.0001,-0.0002,-0.0000,0.0000,0.0001,0.0000,0.0002,0.0000,0.0000
440.5,17.9939,20.8338,0.0157,0.9999,0.0001,-0.0002,-0.0000,0.0000,0.0001,0.0000,0.0002,0.0000,0.0000
441.0,17.9939,20.8338,0.0157,0.9999,-0.0001,-0.0002,-0.0000,0.0000,-0.0001,-0.0003,-0.0002,-0.0004,0.0000
441.5,17.9939,20.8338,0.0157,0.9999,0.0000,-0.0001,-0.0000,0.0000,-0.0000,0.0001,-0.0000,0.0002,0.0000
442.0,17.9939,20.8338,0.0157,0.9999,0.0000,-0.0001,-0.0000,0.0000,0.0001,0.0000,0.0002,0.0000,0.0000
442.5,17.9939,20.8338,0.0157,0.9999,0.0001,-0.0001,-0.0000,0.0000,0.0001,0.0000,0.0002,0.0000,0.0000
443.0,17.9939,20.8338,0.0157,0.9999,0.0000,-0.0002,-0.0000,0.0000,0.0001,-0.0003,0.0002,-0.0004,0.0000
443.5,17.9939,20.8338,0.0157,0.9999,-0.0001,-0.0002,-0.0000,0.0000,-0.0000,-0.0001,-0.0000,-0.0002,0.0000
444.0,17.9939,20.8338,0.0157,0.9999,-0.0000,-0.0002,-0.0000,0.0000,-0.0001,0.0001,-0.0002,0.0002,0.0000
444.5,17.9939,20.8338,0.0157,0.9999,-0.0000,-0.0001,-0.0000,0.0000,-0.0000,-0.0001,-0.0000,-0.0002,0.0000
445.0,17.9939,20.8338,0.0157,0.9999,-0.0000,-0.0001,-0.0000,0.0000,-0.0001,-0.0001,-0.0002,-0.0002,0.0000
445.5,17.9939,20.8338,0.0157,0.9999,0.0000,-0.0000,-0.0000,0.0000,-0.0001,0.0000,-0.0002,0.0000,0.0000
446.0,17.9939,20.8338,0.0157,0.9999,0.0000,0.0000,-0.0000,0.0000,0.0001,0.0001,0.0002,0.0002,0.0000
446.5,17.9939,20.8338,0.0157,0.9999,0.0001,0.0000,-0.0000,0.0000,0.0001,0.0001,0.0002,0.0002,0.0000
447.0,17.9939,20.8338,0.0157,0.9999,0.0000,-0.0000,-0.0000,0.0000,0.0001,-0.0001,0.0002,-0.0002,0.0000
447.5,17.9939,20.8338,0.0157,0.9999,-0.0001,-0.0001,-0.0000,0.0000,-0.0001,-0.0001,-0.0002,-0.0002,0.0000
448.0,17.9939,20.8338,0.0157,0.9999,-0.0000,-0.0001,-0.0000,0.0000,-0.0000,0.0000,-0.0000,0.0000,0.0000
448.5,17.9939,20.8338,0.0157,0.9999,0.0000,-0.0000,-0.0000,0.0000,-0.0000,0.0000,-0.0000,0.0000,0.0000
449.0,17.9939,20.8338,0.0157,0.9999,-0.0001,-0.0001,-0.0000,0.0000,0.0001,-0.0003,0.0002,-0.0004,0.0000
449.5,17.9939,20.8338,0.0157,0.9999,-0.0001,-0.0002,-0.0000,0.0000,-0.0000,-0.0001,-0.0000,-0.0002,0.0000
450.0,17.9939,20.8338,0.0157,0.9999,-0.0000,-0.0002,-0.0000,0.0000,-0.0000,0.0000,-0.0000,0.0000,0.0000
450.5,17.9939,20.8338,0.0157,0.9999,0.0000,-0.0001,-0.0000,0.0000,-0.0001,0.0000,-0.0002,0.0000,0.0000
451.0,17.9939,20.8338,0.0157,0.9999,-0.0001,0.0000,-0.0000,0.0000,-0.0003,0.0000,-0.0004,0.0000,0.0000
451.5,17.9939,20.8338,0.0157,0.9999,-0.0001,0.0001,-0.0000,0.0000,-0.0001,0.0000,-0.0002,0.0000,0.0000
452.0,17.9939,20.8338,0.0157,0.9999,-0.0001,0.0001,-0.0000,0.0000,-0.0001,0.0000,-0.0002,0.0000,0.0000
452.5,17.9939,20.8338,0.0157,0.9999,-0.0001,0.0002,-0.0000,0.0000,-0.0001,0.0000,-0.0002,0.0000,0.0000
453.0,17.9939,20.8338,0.0157,0.9999,-0.0000,0.0001,-0.0000,0.0000,-0.0000,0.0000,-0.0000,0.0000,0.0000
453.5,17.9939,20.8338,0.0157,0.9999,-0.0001,0.0001,-0.0000,0.0000,-0.0005,0.0000,-0.0008,0.0000,0.0000
454.0,17.9939,20.8338,0.0157,0.9999,0.0000,0.0001,-0.0000,0.0000,0.0001,0.0000,0.0002,0.0000,0.0000
454.5,17.9939,20.8338,0.0157,0.9999,0.0000,0.0001,-0.0000,0.0000,-0.0000,0.0000,-0.0000,0.0000,0.0000
455.0,17.9939,20.8338,0.0157,0.9999,-0.0000,0.0001,-0.0000,0.0000,-0.0000,0.0001,-0.0000,0.0002,0.0000
455.5,17.9939,20.8338,0.0157,0.9999,0.0001,0.0001,-0.0000,0.0000,-0.0000,0.0001,-0.0000,0.0002,0.0000
456.0,17.9939,20.8338,0.0157,0.9999,0.0001,0.0002,-0.0000,0.0000,-0.0001,0.0000,-0.0002,0.0000,0.0000
456.5,17.9939,20.8338,0.0157,0.9999,-0.0001,0.0002,-0.0000,0.0000,-0.0001,0.0000,-0.0002,0.0000,0.0000
457.0,17.9939,20.8338,0.0157,0.9999,-0.0001,0.0002,-0.0000,0.0000,-0.0001,0.0000,-0.0002,0.0000,0.0000
457.5,17.9939,20.8338,0.0157,0.9999,-0.0000,0.0002,-0.0000,0.0000,-0.0000,0.0000,-0.0000,0.0000,0.0000
458.0,17.9939,20.8338,0.0157,0.9999,-0.0001,0.0001,-0.0000,0.0000,-0.0000,-0.0004,-0.0000,-0.0006,0.0000
458.5,17.9939,20.8338,0.0157,0.9999,-0.0002,-0.0001,-0.0000,0.0000,-0.0000,-0.0004,-0.0000,-0.0006,0.0000
459.0,17.9939,20.8338,0.0157,0.9999,0.0000,-0.0001,-0.0000,0.0000,-0.0000,0.0000,-0.0000,0.0000,0.0000
459.5,17.9939,20.8338,0.0157,0.9999,0.0001,-0.0001,-0.0000,0.0000,0.0001,0.0003,0.0002,0.0004,0.0000
460.0,17.9939,20.8338,0.0157,0.9999,0.0002,-0.0000,-0.0000,0.0000,0.0001,0.0003,0.0002,0.0004,0.0000
460.5,17.9939,20.8338,0.0157,0.9999,-0.0001,0.0001,-0.0000,0.0000,-0.0001,0.0000,-0.0002,0.0000,0.0000
461.0,17.9939,20.8338,0.0157,0.9999,-0.0001,0.0001,-0.0000,0.0000,-0.0001,0.0000,-0.0002,0.0000,0.0000
461.5,17.9939,20.8338,0.0157,0.9999,-0.0000,0.0001,-0.0000,0.0000,-0.0000,0.0000,-0.0000,0.0000,0.0000
462.0,17.9939,20.8338,0.0157,0.9999,-0.0001,0.0001,-0.0000,0.0000,0.0001,-0.0003,0.0002,-0.0004,0.0000
462.5,17.9939,20.8338,0.0157,0.9999,-0.0001,-0.0001,-0.0000,0.0000,0.0001,-0.0003,0.0002,-0.0004,0.0000
463.0,17.9939,20.8338,0.0157,0.9999,0.0000,-0.0001,-0.0000,0.0000,-0.0000,0.0000,-0.0000,0.0000,0.0000
463.5,17.9939,20.8338,0.0157,0.9999,-0.0001,0.0001,-0.0000,0.0000,-0.0003,0.0001,-0.0004,0.0002,0.0000
464.0,17.9939,20.8338,0.0157,0.9999,-0.0000,0.0001,-0.0000,0.0000,-0.0000,0.0000,-0.0000,0.0000,0.0000
464.5,17.9939,20.8338,0.0157,0.9999,0.0000,0.0001,-0.0000,0.0000,-0.0000,0.0000,-0.0000,0.0000,0.0000
465.0,17.9939,20.8338,0.0157,0.9999,0.0000,0.0001,-0.0000,0.0000,-0.0000,0.0000,-0.0000,0.0000,0.0000
465.5,17.9939,20.8338,0.0157,0.9999,0.0000,0.0000,-0.0000,0.0000,-0.0000,0.0000,-0.0000,0.0000,0.0000
466.0,17.9939,20.8338,0.0157,0.9999,0.0000,0.0000,-0.0000,0.0000,-0.0000,0.0000,-0.0000,0.0000,0.0000
466.5,17.9939,20.8338,0.0157,0.9999,-0.0000,0.0000,-0.0000,0.0000,-0.0000,-0.0001,-0.0000,-0.0002,0.0000
467.0,17.9939,20.8338,0.0157,0.9999,0.0000,-0.0000,-0.0000,0.0000,0.0001,0.0000,0.0002,0.0000,0.0000
467.5,17.9939,20.8338,0.0157,0.9999,0.0001,-0.0000,-0.0000,0.0000,-0.0000,0.0001,-0.0000,0.0002,0.0000
468.0,17.9939,20.8338,0.0157,0.9999,0.0001,0.0000,-0.0000,0.0000,0.0001,0.0003,0.0002,0.0004,0.0000
468.5,17.9939,20.8338,0.0157,0.9999,-0.0000,0.0001,-0.0000,0.0000,-0.0001,0.0001,-0.0002,0.0002,0.0000
469.0,17.9939,20.8338,0.0157,0.9999,-0.0000,0.0002,-0.0000,0.0000,-0.0001,0.0001,-0.0002,0.0002,0.0000
469.5,17.9939,20.8338,0.0157,0.9999,0.0000,0.0003,-0.0000,0.0000,0.0001,0.0001,0.0002,0.0002,0.0000
470.0,17.9939,20.8338,0.0157,0.9999,0.0000,0.0001,-0.0000,0.0000,-0.0000,0.0001,-0.0000,0.0002,0.0000
470.5,17.9939,20.8338,0.0157,0.9999,0.0001,0.0002,-0.0000,0.0000,-0.0000,0.0001,-0.0000,0.0002,0.0000
471.0,17.9939,20.8338,0.0157,0.9999,0.0000,0.0001,-0.0000,0.0000,0.0001,0.0000,0.0002,0.0000,0.0000
471.5,17.9939,20.8338,0.0157,0.9999,0.0001,0.0000,-0.0000,0.0000,0.0001,0.0000,0.0002,0.0000,0.0000
472.0,17.9939,20.8338,0.0157,0.9999,0.0001,-0.0000,-0.0000,0.0000,0.0001,0.0000,0.0002,0.0000,0.0000
472.5,17.9939,20.8338,0.0157,0.9999,0.0000,-0.0001,-0.0000,0.0000,0.0001,0.0003,0.0002,0.0004,0.0000
473.0,17.9939,20.8338,0.0157,0.9999,0.0002,0.0000,-0.0000,0.0000,0.0001,0.0003,0.0002,0.0004,0.0000
473.5,17.9939,20.8338,0.0157,0.9999,0.0001,-0.0000,-0.0000,0.0000,0.0001,0.0000,0.0002,0.0000,0.0000
474.0,17.9939,20.8338,0.0157,0.9999,0.0001,-0.0001,-0.0000,0.0000,0.0001,0.0000,0.0002,0.0000,0.0000
474.5,17.9939,20.8338,0.0157,0.9999,-0.0001,-0.0000,-0.0000,0.0000,-0.0001,0.0000,-0.0002,0.0000,0.0000
475.0,17.9939,20.8338,0.0157,0.9999,-0.0001,0.0000,-0.0000,0.0000,-0.0001,0.0000,-0.0002,0.0000,0.0000
475.5,17.9939,20.8338,0.0157,0.9999,-0.0001,0.0001,-0.0000,0.0000,-0.0001,0.0000,-0.0002,0.0000,0.0000
476.0,17.9939,20.8338,0.0157,0.9999,-0.0000,0.0001,-0.0000,0.0000,-0.0000,0.0000,-0.0000,0.0000,0.0000
476.5,17.9939,20.8338,0.0157,0.9999,0.0000,0.0001,-0.0000,0.0000,-0.0000,0.0000,-0.0000,0.0000,0.0000
477.0,17.9939,20.8338,0.0157,0.9999,-0.0001,0.0000,-0.0000,0.0000,-0.0000,-0.0001,-0.0000,-0.0002,0.0000
477.5,17.9939,20.8338,0.0157,0.9999,0.0000,0.0001,-0.0000,0.0000,-0.0001,0.0003,-0.0002,0.0004,0.0000
478.0,17.9939,20.8338,0.0157,0.9999,0.0000,0.0001,-0.0000,0.0000,-0.0000,0.0000,-0.0000,0.0000,0.0000
478.5,17.9939,20.8338,0.0157,0.9999,-0.0001,0.0001,-0.0000,0.0000,-0.0001,0.0000,-0.0002,0.0000,0.0000
479.0,17.9939,20.8338,0.0157,0.9999,-0.0002,0.0001,-0.0000,0.0000,-0.0003,-0.0001,-0.0004,-0.0002,0.0000
479.5,17.9939,20.8338,0.0157,0.9999,-0.0002,0.0002,-0.0000,0.0000,0.0001,-0.0001,0.0002,-0.0002,0.0000
480.0,17.9939,20.8338,0.0157,0.9999,-0.0000,0.0001,-0.0000,0.0000,-0.0000,-0.0001,-0.0000,-0.0002,0.0000
480.5,17.9939,20.8338,0.0157,0.9999,0.0001,0.0000,-0.0000,0.0000,0.0003,0.0001,0.0004,0.0002,0.0000
481.0,17.9939,20.8338,0.0157,0.9999,0.0001,-0.0000,-0.0000,0.0000,0.0001,0.0001,0.0002,0.0002,0.0000
481.5,17.9939,20.8338,0.0157,0.9999,0.0001,-0.0001,-0.0000,0.0000,0.0003,0.0000,0.0004,0.0000,0.0000
482.0,17.9939,20.8338,0.0157,0.9999,-0.0000,-0.0001,-0.0000,0.0000,-0.0000,0.0000,-0.0000,0.0000,0.0000
482.5,17.9939,20.8338,0.0157,0.9999,-0.0002,0.0001,-0.0000,0.0000,-0.0005,0.0000,-0.0008,0.0000,0.0000
483.0,17.9939,20.8338,0.0157,0.9999,-0.0003,0.0003,-0.0000,0.0000,-0.0005,0.0000,-0.0008,0.0000,0.0000
483.5,17.9939,20.8338,0.0157,0.9999,-0.0000,0.0003,-0.0000,0.0000,-0.0001,-0.0003,-0.0002,-0.0004,0.0000
484.0,17.9939,20.8338,0.0157,0.9999,0.0000,0.0002,-0.0000,0.0000,-0.0000,0.0000,-0.0000,0.0000,0.0000
484.5,17.9939,20.8338,0.0157,0.9999,0.0001,0.0001,-0.0000,0.0000,0.0001,0.0000,0.0002,0.0000,0.0000
485.0,17.9939,20.8338,0.0157,0.9999,0.0001,0.0000,-0.0000,0.0000,0.0001,0.0000,0.0002,0.0000,0.0000
485.5,17.9939,20.8338,0.0157,0.9999,-0.0000,-0.0000,-0.0000,0.0000,0.0001,-0.0003,0.0002,-0.0004,0.0000
486.0,17.9939,20.8338,0.0157,0.9999,0.0002,0.0000,-0.0000,0.0000,-0.0000,0.0004,-0.0000,0.0006,0.0000
486.5,17.9939,20.8338,0.0157,0.9999,0.0002,0.0002,-0.0000,0.0000,-0.0000,0.0004,-0.0000,0.0006,0.0000
487.0,17.9939,20.8338,0.0157,0.9999,-0.0000,0.0001,-0.0000,0.0000,0.0001,-0.0001,0.0002,-0.0002,0.0000
487.5,17.9939,20.8338,0.0157,0.9999,-0.0000,-0.0000,-0.0000,0.0000,0.0001,-0.0001,0.0002,-0.0002,0.0000
488.0,17.9939,20.8338,0.0157,0.9999,-0.0000,-0.0001,-0.0000,0.0000,0.0001,-0.0001,0.0002,-0.0002,0.0000
488.5,17.9939,20.8338,0.0157,0.9999,-0.0000,-0.0002,-0.0000,0.0000,0.0001,-0.0001,0.0002,-0.0002,0.0000
489.0,17.9939,20.8338,0.0157,0.9999,-0.0000,-0.0002,-0.0000,0.0000,-0.0000,0.0000,-0.0000,0.0000,0.0000
489.5,17.9939,20.8338,0.0157,0.9999,-0.0000,-0.0001,-0.0000,0.0000,-0.0000,-0.0001,-0.0000,-0.0002,0.0000
490.0,17.9939,20.8338,0.0157,0.9999,-0.0000,-0.0001,-0.0000,0.0000,-0.0000,0.0000,-0.0000,0.0000,0.0000
490.5,17.9939,20.8338,0.0157,0.9999,0.0001,-0.0001,-0.0000,0.0000,0.0001,0.0000,0.0002,0.0000,0.0000
491.0,17.9939,20.8338,0.0157,0.9999,0.0001,-0.0002,-0.0000,0.0000,0.0001,0.0000,0.0002,0.0000,0.0000
491.5,17.9939,20.8338,0.0157,0.9999,0.0001,-0.0002,-0.0000,0.0000,0.0001,0.0000,0.0002,0.0000,0.0000
492.0,17.9939,20.8338,0.0157,0.9999,0.0000,-0.0002,-0.0000,0.0000,-0.0000,0.0000,-0.0000,0.0000,0.0000
492.5,17.9939,20.8338,0.0157,0.9999,-0.0000,-0.0001,-0.0000,0.0000,-0.0000,0.0000,-0.0000,0.0000,0.0000
493.0,17.9939,20.8338,0.0157,0.9999,-0.0000,-0.0001,-0.0000,0.0000,-0.0000,0.0000,-0.0000,0.0000,0.0000
493.5,17.9939,20.8338,0.0157,0.9999,-0.0000,-0.0001,-0.0000,0.0000,-0.0001,0.0000,-0.0002,0.0000,0.0000
494.0,17.9939,20.8338,0.0157,0.9999,0.0001,0.0000,-0.0000,0.0000,-0.0000,0.0001,-0.0000,0.0002,0.0000
494.5,17.9939,20.8338,0.0157,0.9999,0.0001,0.0001,-0.0000,0.0000,-0.0000,0.0001,-0.0000,0.0002,0.0000
495.0,17.9939,20.8338,0.0157,0.9999,0.0001,0.0001,-0.0000,0.0000,0.0001,0.0000,0.0002,0.0000,0.0000
495.5,17.9939,20.8338,0.0157,0.9999,-0.0000,0.0001,-0.0000,0.0000,-0.0001,0.0000,-0.0002,0.0000,0.0000
496.0,17.9939,20.8338,0.0157,0.9999,-0.0001,0.0001,-0.0000,0.0000,-0.0001,0.0000,-0.0002,0.0000,0.0000
496.5,17.9939,20.8338,0.0157,0.9999,-0.0001,0.0002,-0.0000,0.0000,-0.0003,0.0001,-0.0004,0.0002,0.0000
497.0,17.9939,20.8338,0.0157,0.9999,0.0000,0.0003,-0.0000,0.0000,-0.0000,0.0003,-0.0000,0.0004,0.0000
497.5,17.9939,20.8338,0.0157,0.9999,0.0001,0.0004,-0.0000,0.0000,-0.0001,0.0003,-0.0002,0.0004,0.0000
498.0,17.9939,20.8338,0.0157,0.9999,0.0000,0.0003,-0.0000,0.0000,-0.0000,0.0000,-0.0000,0.0000,0.0000
498.5,17.9939,20.8338,0.0157,0.9999,-0.0000,0.0002,-0.0000,0.0000,-0.0000,0.0000,-0.0000,0.0000,0.0000
499.0,17.9939,20.8338,0.0157,0.9999,-0.0000,0.0002,-0.0000,0.0000,-0.0000,0.0000,-0.0000,0.0000,0.0000
499.5,17.9939,20.8338,0.0157,0.9999,0.0004,0.0002,-0.0000,0.0000,0.0003,0.0005,0.0004,0.0008,0.0000
500.0,17.9939,20.8338,0.0157,0.9999,0.0000,0.0002,-0.0000,0.0000,-0.0000,0.0000,-0.0000,0.0000,0.0000
500.5,17.9939,20.8338,0.0157,0.9999,-0.0000,0.0002,-0.0000,0.0000,-0.0000,0.0000,-0.0000,0.0000,0.0000
501.0,17.9939,20.8338,0.0157,0.9999,-0.0000,0.0001,-0.0000,0.0000,-0.0000,0.0000,-0.0000,0.0000,0.0000
501.5,17.9939,20.8338,0.0157,0.9999,0.0001,0.0001,-0.0000,0.0000,-0.0001,0.0001,-0.0002,0.0002,0.0000
502.0,17.9939,20.8338,0.0157,0.9999,-0.0001,0.0000,-0.0000,0.0000,0.0001,0.0001,0.0002,0.0002,0.0000
502.5,17.9939,20.8338,0.0157,0.9999,0.0001,0.0000,-0.0000,0.0000,0.0001,0.0001,0.0002,0.0002,0.0000
503.0,17.9939,20.8338,0.0157,0.9999,0.0001,0.0001,-0.0000,0.0000,-0.0001,0.0004,-0.0002,0.0006,0.0000
503.5,17.9939,20.8338,0.0157,0.9999,0.0000,0.0001,-0.0000,0.0000,-0.0000,0.0000,-0.0000,0.0000,0.0000
504.0,17.9939,20.8338,0.0157,0.9999,-0.0000,-0.0000,-0.0000,0.0000,0.0001,-0.0001,0.0002,-0.0002,0.0000
504.5,17.9939,20.8338,0.0157,0.9999,-0.0001,0.0001,-0.0000,0.0000,-0.0000,0.0000,-0.0000,0.0000,0.0000
505.0,17.9939,20.8338,0.0157,0.9999,0.0001,0.0000,-0.0000,0.0000,0.0003,0.0000,0.0004,0.0000,0.0000
505.5,17.9939,20.8338,0.0157,0.9999,0.0001,-0.0001,-0.0000,0.0000,0.0003,0.0000,0.0004,0.0000,0.0000
506.0,17.9939,20.8338,0.0157,0.9999,0.0001,-0.0001,-0.0000,0.0000,-0.0000,0.0001,-0.0000,0.0002,0.0000
506.5,17.9939,20.8338,0.0157,0.9999,0.0001,-0.0000,-0.0000,0.0000,0.0001,0.0000,0.0002,0.0000,0.0000
507.0,17.9939,20.8338,0.0157,0.9999,0.0001,-0.0001,-0.0000,0.0000,0.0001,0.0000,0.0002,0.0000,0.0000
507.5,17.9939,20.8338,0.0157,0.9999,0.0001,-0.0001,-0.0000,0.0000,0.0001,0.0000,0.0002,0.0000,0.0000
508.0,17.9939,20.8338,0.0157,0.9999,0.0001,-0.0001,-0.0000,0.0000,0.0001,0.0000,0.0002,0.0000,0.0000
508.5,17.9939,20.8338,0.0157,0.9999,0.0001,-0.0002,-0.0000,0.0000,-0.0000,-0.0001,-0.0000,-0.0002,0.0000
509.0,17.9939,20.8338,0.0157,0.9999,-0.0001,-0.0002,-0.0000,0.0000,-0.0000,-0.0001,-0.0000,-0.0002,0.0000
509.5,17.9939,20.8338,0.0157,0.9999,-0.0000,-0.0002,-0.0000,0.0000,-0.0000,-0.0001,-0.0000,-0.0002,0.0000
510.0,17.9939,20.8338,0.0157,0.9999,-0.0000,-0.0002,-0.0000,0.0000,-0.0000,0.0000,-0.0000,0.0000,0.0000
510.5,17.9939,20.8338,0.0157,0.9999,-0.0001,-0.0000,-0.0000,0.0000,-0.0003,0.0001,-0.0004,0.0002,0.0000
511.0,17.9939,20.8338,0.0157,0.9999,-0.0000,0.0001,-0.0000,0.0000,-0.0000,0.0000,-0.0000,0.0000,0.0000
511.5,17.9939,20.8338,0.0157,0.9999,0.0000,0.0001,-0.0000,0.0000,-0.0000,0.0000,-0.0000,0.0000,0.0000
512.0,17.9939,20.8338,0.0157,0.9999,0.0000,0.0001,-0.0000,0.0000,-0.0000,0.0001,-0.0000,0.0002,0.0000
512.5,17.9939,20.8338,0.0157,0.9999,0.0000,0.0001,-0.0000,0.0000,-0.0000,0.0000,-0.0000,0.0000,0.0000
513.0,17.9939,20.8338,0.0157,0.9999,0.0001,0.0002,-0.0000,0.0000,-0.0000,0.0003,-0.0000,0.0004,0.0000
513.5,17.9939,20.8338,0.0157,0.9999,-0.0001,0.0001,-0.0000,0.0000,-0.0000,-0.0003,-0.0000,-0.0004,0.0000
514.0,17.9939,20.8338,0.0157,0.9999,-0.0000,0.0000,-0.0000,0.0000,-0.0001,0.0000,-0.0002,0.0000,0.0000
514.5,17.9939,20.8338,0.0157,0.9999,-0.0001,0.0001,-0.0000,0.0000,-0.0001,0.0000,-0.0002,0.0000,0.0000
515.0,17.9939,20.8338,0.0157,0.9999,-0.0000,0.0000,-0.0000,0.0000,-0.0001,0.0000,-0.0002,0.0000,0.0000
515.5,17.9939,20.8338,0.0157,0.9999,-0.0001,0.0001,-0.0000,0.0000,-0.0001,0.0000,-0.0002,0.0000,0.0000
516.0,17.9939,20.8338,0.0157,0.9999,0.0001,0.0001,-0.0000,0.0000,-0.0000,0.0001,-0.0000,0.0002,0.0000
516.5,17.9939,20.8338,0.0157,0.9999,-0.0000,0.0001,-0.0000,0.0000,-0.0000,0.0000,-0.0000,0.0000,0.0000
517.0,17.9939,20.8338,0.0157,0.9999,0.0001,0.0002,-0.0000,0.0000,-0.0000,0.0000,-0.0000,0.0000,0.0000
517.5,17.9939,20.8338,0.0157,0.9999,-0.0000,0.0001,-0.0000,0.0000,-0.0001,0.0003,-0.0002,0.0004,0.0000
518.0,17.9939,20.8338,0.0157,0.9999,0.0001,0.0002,-0.0000,0.0000,-0.0001,0.0003,-0.0002,0.0004,0.0000
518.5,17.9939,20.8338,0.0157,0.9999,0.0001,0.0003,-0.0000,0.0000,-0.0001,0.0003,-0.0002,0.0004,0.0000
519.0,17.9939,20.8338,0.0157,0.9999,-0.0001,0.0003,-0.0000,0.0000,-0.0000,0.0000,-0.0000,0.0000,0.0000
519.5,17.9939,20.8338,0.0157,0.9999,-0.0001,0.0001,-0.0000,0.0000,-0.0000,-0.0004,-0.0000,-0.0006,0.0000
520.0,17.9939,20.8338,0.0157,0.9999,-0.0001,0.0000,-0.0000,0.0000,-0.0000,0.0003,-0.0000,0.0004,0.0000
520.5,17.9939,20.8338,0.0157,0.9999,-0.0000,0.0001,-0.0000,0.0000,-0.0003,-0.0001,-0.0004,-0.0002,0.0000
521.0,17.9939,20.8338,0.0157,0.9999,-0.0000,0.0000,-0.0000,0.0000,0.0001,-0.0001,0.0002,-0.0002,0.0000
521.5,17.9939,20.8338,0.0157,0.9999,-0.0001,-0.0001,-0.0000,0.0000,-0.0000,-0.0001,-0.0000,-0.0002,0.0000
522.0,17.9939,20.8338,0.0157,0.9999,0.0001,-0.0001,-0.0000,0.0000,-0.0000,0.0005,-0.0000,0.0008,0.0000
522.5,17.9939,20.8338,0.0157,0.9999,0.0003,0.0002,-0.0000,0.0000,-0.0000,0.0005,-0.0000,0.0008,0.0000
523.0,17.9939,20.8338,0.0157,0.9999,0.0002,0.0004,-0.0000,0.0000,-0.0000,0.0001,-0.0000,0.0002,0.0000
523.5,17.9939,20.8338,0.0157,0.9999,-0.0001,0.0004,-0.0000,0.0000,-0.0003,0.0001,-0.0004,0.0002,0.0000
524.0,17.9939,20.8338,0.0157,0.9999,-0.0000,0.0003,-0.0000,0.0000,-0.0000,-0.0001,-0.0000,-0.0002,0.0000
524.5,17.9939,20.8338,0.0157,0.9999,-0.0001,0.0002,-0.0000,0.0000,0.0001,-0.0001,0.0002,-0.0002,0.0000
525.0,17.9939,20.8338,0.0157,0.9999,0.0000,0.0000,-0.0000,0.0000,-0.0000,0.0001,-0.0000,0.0002,0.0000
525.5,17.9939,20.8338,0.0157,0.9999,0.0000,0.0000,-0.0000,0.0000,-0.0000,0.0000,-0.0000,0.0000,0.0000
526.0,17.9939,20.8338,0.0157,0.9999,-0.0001,-0.0000,-0.0000,0.0000,-0.0000,-0.0003,-0.0000,-0.0004,0.0000
526.5,17.9939,20.8338,0.0157,0.9999,-0.0000,-0.0001,-0.0000,0.0000,-0.0000,0.0000,-0.0000,0.0000,0.0000
527.0,17.9939,20.8338,0.0157,0.9999,0.0001,-0.0000,-0.0000,0.0000,-0.0000,0.0001,-0.0000,0.0002,0.0000
527.5,17.9939,20.8338,0.0157,0.9999,0.0000,-0.0001,-0.0000,0.0000,0.0001,-0.0001,0.0002,-0.0002,0.0000
528.0,17.9939,20.8338,0.0157,0.9999,0.0000,-0.0001,-0.0000,0.0000,-0.0000,0.0000,-0.0000,0.0000,0.0000
528.5,17.9939,20.8338,0.0157,0.9999,0.0000,-0.0001,-0.0000,0.0000,-0.0000,0.0000,-0.0000,0.0000,0.0000
529.0,17.9939,20.8338,0.0157,0.9999,0.0000,-0.0001,-0.0000,0.0000,-0.0000,0.0000,-0.0000,0.0000,0.0000
529.5,17.9939,20.8338,0.0157,0.9999,-0.0000,-0.0001,-0.0000,0.0000,-0.0001,0.0000,-0.0002,0.0000,0.0000
530.0,17.9939,20.8338,0.0157,0.9999,-0.0000,-0.0000,-0.0000,0.0000,0.0003,-0.0001,0.0004,-0.0002,0.0000
530.5,17.9939,20.8338,0.0157,0.9999,-0.0000,-0.0002,-0.0000,0.0000,-0.0000,-0.0001,-0.0000,-0.0002,0.0000
531.0,17.9939,20.8338,0.0157,0.9999,-0.0001,-0.0002,-0.0000,0.0000,-0.0000,-0.0001,-0.0000,-0.0002,0.0000
531.5,17.9939,20.8338,0.0157,0.9999,-0.0000,-0.0002,-0.0000,0.0000,-0.0000,0.0000,-0.0000,0.0000,0.0000
532.0,17.9939,20.8338,0.0157,0.9999,-0.0001,-0.0001,-0.0000,0.0000,-0.0001,0.0000,-0.0002,0.0000,0.0000
532.5,17.9939,20.8338,0.0157,0.9999,-0.0001,-0.0000,-0.0000,0.0000,-0.0001,0.0000,-0.0002,0.0000,0.0000
533.0,17.9939,20.8338,0.0157,0.9999,-0.0001,0.0000,-0.0000,0.0000,-0.0000,0.0001,-0.0000,0.0002,0.0000
533.5,17.9939,20.8338,0.0157,0.9999,0.0001,0.0001,-0.0000,0.0000,-0.0000,0.0001,-0.0000,0.0002,0.0000
534.0,17.9939,20.8338,0.0157,0.9999,0.0001,0.0001,-0.0000,0.0000,-0.0000,0.0001,-0.0000,0.0002,0.0000
534.5,17.9939,20.8338,0.0157,0.9999,0.0001,0.0001,-0.0000,0.0000,-0.0000,0.0001,-0.0000,0.0002,0.0000
535.0,17.9939,20.8338,0.0157,0.9999,-0.0000,0.0001,-0.0000,0.0000,-0.0000,-0.0003,-0.0000,-0.0004,0.0000
535.5,17.9939,20.8338,0.0157,0.9999,-0.0000,0.0000,-0.0000,0.0000,0.0001,0.0000,0.0002,0.0000,0.0000
536.0,17.9939,20.8338,0.0157,0.9999,0.0000,-0.0000,-0.0000,0.0000,-0.0000,0.0000,-0.0000,0.0000,0.0000
536.5,17.9939,20.8338,0.0157,0.9999,-0.0000,0.0000,-0.0000,0.0000,-0.0001,0.0000,-0.0002,0.0000,0.0000
537.0,17.9939,20.8338,0.0157,0.9999,-0.0001,0.0001,-0.0000,0.0000,-0.0000,0.0000,-0.0000,0.0000,0.0000
537.5,17.9939,20.8338,0.0157,0.9999,0.0000,0.0000,-0.0000,0.0000,-0.0000,0.0000,-0.0000,0.0000,0.0000
538.0,17.9939,20.8338,0.0157,0.9999,0.0000,0.0000,-0.0000,0.0000,-0.0000,0.0000,-0.0000,0.0000,0.0000
538.5,17.9939,20.8338,0.0157,0.9999,0.0000,0.0000,-0.0000,0.0000,0.0001,0.0000,0.0002,0.0000,0.0000
539.0,17.9939,20.8338,0.0157,0.9999,0.0001,-0.0000,-0.0000,0.0000,0.0001,0.0000,0.0002,0.0000,0.0000
539.5,17.9939,20.8338,0.0157,0.9999,0.0001,-0.0001,-0.0000,0.0000,0.0001,0.0000,0.0002,0.0000,0.0000
540.0,17.9939,20.8338,0.0157,0.9999,0.0000,-0.0001,-0.0000,0.0000,-0.0000,0.0000,-0.0000,0.0000,0.0000
540.5,17.9939,20.8338,0.0157,0.9999,0.0001,-0.0001,-0.0000,0.0000,0.0001,0.0000,0.0002,0.0000,0.0000
541.0,17.9939,20.8338,0.0157,0.9999,0.0000,-0.0001,-0.0000,0.0000,-0.0000,0.0000,-0.0000,0.0000,0.0000
541.5,17.9939,20.8338,0.0157,0.9999,-0.0001,-0.0000,-0.0000,0.0000,-0.0001,0.0000,-0.0002,0.0000,0.0000
542.0,17.9939,20.8338,0.0157,0.9999,-0.0001,0.0000,-0.0000,0.0000,-0.0000,-0.0001,-0.0000,-0.0002,0.0000
542.5,17.9939,20.8338,0.0157,0.9999,-0.0001,-0.0001,-0.0000,0.0000,-0.0000,-0.0001,-0.0000,-0.0002,0.0000
543.0,17.9939,20.8338,0.0157,0.9999,-0.0000,-0.0001,-0.0000,0.0000,0.0001,0.0000,0.0002,0.0000,0.0000
543.5,17.9939,20.8338,0.0157,0.9999,0.0000,-0.0001,-0.0000,0.0000,-0.0001,-0.0001,-0.0002,-0.0002,0.0000
544.0,17.9939,20.8338,0.0157,0.9999,0.0000,-0.0001,-0.0000,0.0000,-0.0000,0.0000,-0.0000,0.0000,0.0000
544.5,17.9939,20.8338,0.0157,0.9999,0.0000,-0.0001,-0.0000,0.0000,-0.0000,0.0000,-0.0000,0.0000,0.0000
545.0,17.9939,20.8338,0.0157,0.9999,-0.0000,-0.0001,-0.0000,0.0000,-0.0000,-0.0001,-0.0000,-0.0002,0.0000
545.5,17.9939,20.8338,0.0157,0.9999,-0.0000,-0.0001,-0.0000,0.0000,-0.0000,0.0000,-0.0000,0.0000,0.0000
546.0,17.9939,20.8338,0.0157,0.9999,0.0000,-0.0001,-0.0000,0.0000,-0.0000,0.0000,-0.0000,0.0000,0.0000
546.5,17.9939,20.8338,0.0157,0.9999,0.0000,-0.0001,-0.0000,0.0000,-0.0000,0.0000,-0.0000,0.0000,0.0000
547.0,17.9939,20.8338,0.0157,0.9999,0.0001,-0.0000,-0.0000,0.0000,-0.0000,0.0001,-0.0000,0.0002,0.0000
547.5,17.9939,20.8338,0.0157,0.9999,0.0001,0.0000,-0.0000,0.0000,-0.0000,0.0001,-0.0000,0.0002,0.0000
548.0,17.9939,20.8338,0.0157,0.9999,0.0001,0.0001,-0.0000,0.0000,-0.0000,0.0001,-0.0000,0.0002,0.0000
548.5,17.9939,20.8338,0.0157,0.9999,0.0001,0.0001,-0.0000,0.0000,-0.0000,0.0001,-0.0000,0.0002,0.0000
549.0,17.9939,20.8338,0.0157,0.9999,0.0001,0.0001,-0.0000,0.0000,-0.0000,0.0001,-0.0000,0.0002,0.0000
549.5,17.9939,20.8338,0.0157,0.9999,-0.0001,0.0002,-0.0000,0.0000,-0.0001,0.0000,-0.0002,0.0000,0.0000
550.0,17.9939,20.8338,0.0157,0.9999,-0.0000,0.0002,-0.0000,0.0000,0.0001,0.0000,0.0002,0.0000,0.0000
550.5,17.9939,20.8338,0.0157,0.9999,-0.0000,0.0001,-0.0000,0.0000,-0.0000,0.0000,-0.0000,0.0000,0.0000
551.0,17.9939,20.8338,0.0157,0.9999,0.0000,0.0001,-0.0000,0.0000,-0.0000,0.0000,-0.0000,0.0000,0.0000
551.5,17.9939,20.8338,0.0157,0.9999,0.0000,0.0001,-0.0000,0.0000,-0.0000,0.0000,-0.0000,0.0000,0.0000
552.0,17.9939,20.8338,0.0157,0.9999,0.0000,0.0000,-0.0000,0.0000,-0.0000,0.0000,-0.0000,0.0000,0.0000
552.5,17.9939,20.8338,0.0157,0.9999,0.0000,0.0000,-0.0000,0.0000,-0.0000,0.0000,-0.0000,0.0000,0.0000
553.0,17.9939,20.8338,0.0157,0.9999,-0.0000,0.0001,-0.0000,0.0000,-0.0000,0.0000,-0.0000,0.0000,0.0000
553.5,17.9939,20.8338,0.0157,0.9999,-0.0001,0.0001,-0.0000,0.0000,-0.0001,0.0000,-0.0002,0.0000,0.0000
554.0,17.9939,20.8338,0.0157,0.9999,-0.0000,0.0000,-0.0000,0.0000,0.0001,-0.0001,0.0002,-0.0002,0.0000
554.5,17.9939,20.8338,0.0157,0.9999,0.0000,-0.0001,-0.0000,0.0000,0.0001,-0.0001,0.0002,-0.0002,0.0000
555.0,17.9939,20.8338,0.0157,0.9999,-0.0001,-0.0001,-0.0000,0.0000,-0.0001,0.0000,-0.0002,0.0000,0.0000
555.5,17.9939,20.8338,0.0157,0.9999,0.0001,-0.0000,-0.0000,0.0000,0.0003,0.0000,0.0004,0.0000,0.0000
556.0,17.9939,20.8338,0.0157,0.9999,0.0001,-0.0001,-0.0000,0.0000,0.0003,0.0000,0.0004,0.0000,0.0000
556.5,17.9939,20.8338,0.0157,0.9999,-0.0000,-0.0001,-0.0000,0.0000,-0.0000,0.0000,-0.0000,0.0000,0.0000
557.0,17.9939,20.8338,0.0157,0.9999,-0.0001,-0.0000,-0.0000,0.0000,-0.0001,0.0000,-0.0002,0.0000,0.0000
557.5,17.9939,20.8338,0.0157,0.9999,-0.0001,0.0000,-0.0000,0.0000,-0.0001,0.0000,-0.0002,0.0000,0.0000
558.0,17.9939,20.8338,0.0157,0.9999,0.0003,-0.0000,-0.0000,0.0000,0.0004,0.0003,0.0006,0.0004,0.0000
558.5,17.9939,20.8338,0.0157,0.9999,0.0002,-0.0001,-0.0000,0.0000,0.0001,0.0001,0.0002,0.0002,0.0000
559.0,17.9939,20.8338,0.0157,0.9999,0.0000,-0.0000,-0.0000,0.0000,-0.0000,0.0000,-0.0000,0.0000,0.0000
559.5,17.9939,20.8338,0.0157,0.9999,-0.0000,-0.0000,-0.0000,0.0000,-0.0000,0.0000,-0.0000,0.0000,0.0000
560.0,17.9939,20.8338,0.0157,0.9999,-0.0000,-0.0000,-0.0000,0.0000,-0.0001,0.0000,-0.0002,0.0000,0.0000
560.5,17.9939,20.8338,0.0157,0.9999,-0.0000,0.0001,-0.0000,0.0000,-0.0001,0.0001,-0.0002,0.0002,0.0000
561.0,17.9939,20.8338,0.0157,0.9999,-0.0000,0.0002,-0.0000,0.0000,-0.0001,0.0001,-0.0002,0.0002,0.0000
561.5,17.9939,20.8338,0.0157,0.9999,-0.0000,0.0002,-0.0000,0.0000,-0.0001,0.0001,-0.0002,0.0002,0.0000
562.0,17.9939,20.8338,0.0157,0.9999,0.0001,0.0003,-0.0000,0.0000,-0.0000,0.0001,-0.0000,0.0002,0.0000
562.5,17.9939,20.8338,0.0157,0.9999,0.0001,0.0003,-0.0000,0.0000,-0.0000,0.0001,-0.0000,0.0002,0.0000
563.0,17.9939,20.8338,0.0157,0.9999,0.0001,0.0002,-0.0000,0.0000,-0.0000,0.0001,-0.0000,0.0002,0.0000
563.5,17.9939,20.8338,0.0157,0.9999,0.0001,0.0002,-0.0000,0.0000,0.0001,0.0000,0.0002,0.0000,0.0000
564.0,17.9939,20.8338,0.0157,0.9999,-0.0000,0.0001,-0.0000,0.0000,0.0001,-0.0001,0.0002,-0.0002,0.0000
564.5,17.9939,20.8338,0.0157,0.9999,0.0002,0.0001,-0.0000,0.0000,-0.0000,0.0001,-0.0000,0.0002,0.0000
565.0,17.9939,20.8338,0.0157,0.9999,0.0001,0.0001,-0.0000,0.0000,-0.0000,0.0001,-0.0000,0.0002,0.0000
565.5,17.9939,20.8338,0.0157,0.9999,0.0001,0.0000,-0.0000,0.0000,0.0003,0.0000,0.0004,0.0000,0.0000
566.0,17.9939,20.8338,0.0157,0.9999,0.0002,-0.0001,-0.0000,0.0000,0.0004,0.0000,0.0006,0.0000,0.0000
566.5,17.9939,20.8338,0.0157,0.9999,0.0001,-0.0002,-0.0000,0.0000,-0.0000,0.0000,-0.0000,0.0000,0.0000
567.0,17.9939,20.8338,0.0157,0.9999,-0.0000,-0.0002,-0.0000,0.0000,-0.0000,0.0000,-0.0000,0.0000,0.0000
567.5,17.9939,20.8338,0.0157,0.9999,-0.0000,-0.0001,-0.0000,0.0000,-0.0000,-0.0009,-0.0000,-0.0015,0.0000
568.0,17.9939,20.8338,0.0157,0.9999,-0.0000,-0.0001,-0.0000,0.0000,-0.0001,0.0001,-0.0002,0.0002,0.0000
568.5,17.9939,20.8338,0.0157,0.9999,-0.0000,0.0000,-0.0000,0.0000,-0.0001,0.0001,-0.0002,0.0002,0.0000
569.0,17.9939,20.8338,0.0157,0.9999,-0.0000,0.0001,-0.0000,0.0000,-0.0000,0.0000,-0.0000,0.0000,0.0000
569.5,17.9939,20.8338,0.0157,0.9999,0.0001,0.0001,-0.0000,0.0000,-0.0000,0.0003,-0.0000,0.0004,0.0000
570.0,17.9939,20.8338,0.0157,0.9999,0.0000,0.0001,-0.0000,0.0000,-0.0000,0.0000,-0.0000,0.0000,0.0000
570.5,17.9939,20.8338,0.0157,0.9999,-0.0001,0.0001,-0.0000,0.0000,-0.0001,0.0000,-0.0002,0.0000,0.0000
571.0,17.9939,20.8338,0.0157,0.9999,-0.0001,0.0001,-0.0000,0.0000,-0.0001,0.0000,-0.0002,0.0000,0.0000
571.5,17.9939,20.8338,0.0157,0.9999,-0.0000,0.0002,-0.0000,0.0000,-0.0000,0.0000,-0.0000,0.0000,0.0000
572.0,17.9939,20.8338,0.0157,0.9999,0.0000,0.0001,-0.0000,0.0000,0.0003,0.0003,0.0004,0.0004,0.0000
572.5,17.9939,20.8338,0.0157,0.9999,0.0003,0.0001,-0.0000,0.0000,0.0003,0.0003,0.0004,0.0004,0.0000
573.0,17.9939,20.8338,0.0157,0.9999,0.0000,0.0001,-0.0000,0.0000,-0.0001,0.0000,-0.0002,0.0000,0.0000
573.5,17.9939,20.8338,0.0157,0.9999,-0.0000,0.0001,-0.0000,0.0000,0.0001,-0.0001,0.0002,-0.0002,0.0000
574.0,17.9939,20.8338,0.0157,0.9999,-0.0000,-0.0000,-0.0000,0.0000,-0.0000,0.0000,-0.0000,0.0000,0.0000
574.5,17.9939,20.8338,0.0157,0.9999,-0.0000,-0.0000,-0.0000,0.0000,-0.0001,0.0000,-0.0002,0.0000,0.0000
575.0,17.9939,20.8338,0.0157,0.9999,-0.0001,0.0000,-0.0000,0.0000,-0.0001,0.0000,-0.0002,0.0000,0.0000
575.5,17.9939,20.8338,0.0157,0.9999,0.0000,0.0000,-0.0000,0.0000,-0.0000,0.0000,-0.0000,0.0000,0.0000
576.0,17.9939,20.8338,0.0157,0.9999,-0.0000,0.0000,-0.0000,0.0000,0.0003,0.0000,0.0004,0.0000,0.0000
576.5,17.9939,20.8338,0.0157,0.9999,0.0001,-0.0001,-0.0000,0.0000,0.0003,0.0000,0.0004,0.0000,0.0000
577.0,17.9939,20.8338,0.0157,0.9999,0.0001,-0.0002,-0.0000,0.0000,0.0003,0.0000,0.0004,0.0000,0.0000
577.5,17.9939,20.8338,0.0157,0.9999,0.0001,-0.0003,-0.0000,0.0000,0.0003,0.0000,0.0004,0.0000,0.0000
578.0,17.9939,20.8338,0.0157,0.9999,0.0001,-0.0003,-0.0000,0.0000,0.0003,0.0000,0.0004,0.0000,0.0000
578.5,17.9939,20.8338,0.0157,0.9999,0.0001,-0.0002,-0.0000,0.0000,-0.0000,0.0003,-0.0000,0.0004,0.0000
579.0,17.9939,20.8338,0.0157,0.9999,0.0001,-0.0001,-0.0000,0.0000,-0.0000,0.0003,-0.0000,0.0004,0.0000
579.5,17.9939,20.8338,0.0157,0.9999,0.0001,0.0001,-0.0000,0.0000,-0.0000,0.0000,-0.0000,0.0000,0.0000
580.0,17.9939,20.8338,0.0157,0.9999,-0.0000,0.0000,-0.0000,0.0000,-0.0000,0.0000,-0.0000,0.0000,0.0000
580.5,17.9939,20.8338,0.0157,0.9999,-0.0000,0.0000,-0.0000,0.0000,-0.0000,0.0000,-0.0000,0.0000,0.0000
581.0,17.9939,20.8338,0.0157,0.9999,-0.0000,0.0000,-0.0000,0.0000,-0.0000,0.0000,-0.0000,0.0000,0.0000
581.5,17.9939,20.8338,0.0157,0.9999,-0.0000,0.0000,-0.0000,0.0000,-0.0000,0.0000,-0.0000,0.0000,0.0000
582.0,17.9939,20.8338,0.0157,0.9999,-0.0000,0.0000,-0.0000,0.0000,-0.0000,0.0000,-0.0000,0.0000,0.0000
582.5,17.9939,20.8338,0.0157,0.9999,-0.0000,0.0000,-0.0000,0.0000,-0.0000,0.0000,-0.0000,0.0000,0.0000
583.0,17.9939,20.8338,0.0157,0.9999,-0.0000,-0.0001,-0.0000,0.0000,0.0001,-0.0001,0.0002,-0.0002,0.0000
583.5,17.9939,20.8338,0.0157,0.9999,-0.0000,-0.0002,-0.0000,0.0000,0.0001,-0.0001,0.0002,-0.0002,0.0000
584.0,17.9939,20.8338,0.0157,0.9999,-0.0000,-0.0002,-0.0000,0.0000,-0.0000,-0.0001,-0.0000,-0.0002,0.0000
584.5,17.9939,20.8338,0.0157,0.9999,-0.0001,-0.0002,-0.0000,0.0000,-0.0000,-0.0001,-0.0000,-0.0002,0.0000
585.0,17.9939,20.8338,0.0157,0.9999,-0.0001,-0.0002,-0.0000,0.0000,-0.0000,0.0000,-0.0000,0.0000,0.0000
585.5,17.9939,20.8338,0.0157,0.9999,0.0000,-0.0001,-0.0000,0.0000,-0.0000,0.0000,-0.0000,0.0000,0.0000
586.0,17.9939,20.8338,0.0157,0.9999,0.0000,-0.0001,-0.0000,0.0000,-0.0000,0.0000,-0.0000,0.0000,0.0000
586.5,17.9939,20.8338,0.0157,0.9999,0.0000,-0.0001,-0.0000,0.0000,0.0001,0.0000,0.0002,0.0000,0.0000
587.0,17.9939,20.8338,0.0157,0.9999,0.0001,-0.0001,-0.0000,0.0000,0.0001,0.0000,0.0002,0.0000,0.0000
587.5,17.9939,20.8338,0.0157,0.9999,-0.0000,-0.0001,-0.0000,0.0000,-0.0000,0.0000,-0.0000,0.0000,0.0000
588.0,17.9939,20.8338,0.0157,0.9999,-0.0000,-0.0001,-0.0000,0.0000,-0.0000,0.0000,-0.0000,0.0000,0.0000
588.5,17.9939,20.8338,0.0157,0.9999,-0.0000,0.0001,-0.0000,0.0000,-0.0003,0.0003,-0.0004,0.0004,0.0000
589.0,17.9939,20.8338,0.0157,0.9999,-0.0000,0.0003,-0.0000,0.0000,-0.0003,0.0003,-0.0004,0.0004,0.0000
589.5,17.9939,20.8338,0.0157,0.9999,-0.0000,0.0005,-0.0000,0.0000,-0.0003,0.0003,-0.0004,0.0004,0.0000
590.0,17.9939,20.8338,0.0157,0.9999,-0.0001,0.0005,-0.0000,0.0000,-0.0001,0.0000,-0.0002,0.0000,0.0000
590.5,17.9939,20.8338,0.0157,0.9999,0.0000,0.0004,-0.0000,0.0000,0.0001,0.0000,0.0002,0.0000,0.0000
591.0,17.9939,20.8338,0.0157,0.9999,0.0000,0.0002,-0.0000,0.0000,-0.0000,0.0000,-0.0000,0.0000,0.0000
591.5,17.9939,20.8338,0.0157,0.9999,-0.0000,0.0002,-0.0000,0.0000,-0.0000,0.0000,-0.0000,0.0000,0.0000
592.0,17.9939,20.8338,0.0157,0.9999,-0.0000,0.0001,-0.0000,0.0000,-0.0000,0.0000,-0.0000,0.0000,0.0000
592.5,17.9939,20.8338,0.0157,0.9999,-0.0000,0.0001,-0.0000,0.0000,-0.0000,0.0000,-0.0000,0.0000,0.0000
593.0,17.9939,20.8338,0.0157,0.9999,-0.0000,0.0001,-0.0000,0.0000,-0.0000,0.0000,-0.0000,0.0000,0.0000
593.5,17.9939,20.8338,0.0157,0.9999,0.0000,0.0001,-0.0000,0.0000,-0.0000,-0.0003,-0.0000,-0.0004,0.0000
594.0,17.9939,20.8338,0.0157,0.9999,-0.0001,-0.0001,-0.0000,0.0000,-0.0000,-0.0003,-0.0000,-0.0004,0.0000
594.5,17.9939,20.8338,0.0157,0.9999,-0.0001,-0.0002,-0.0000,0.0000,-0.0000,-0.0003,-0.0000,-0.0004,0.0000
595.0,17.9939,20.8338,0.0157,0.9999,-0.0001,-0.0002,-0.0000,0.0000,-0.0000,0.0000,-0.0000,0.0000,0.0000
595.5,17.9939,20.8338,0.0157,0.9999,0.0001,-0.0001,-0.0000,0.0000,0.0003,0.0000,0.0004,0.0000,0.0000
596.0,17.9939,20.8338,0.0157,0.9999,0.0001,-0.0002,-0.0000,0.0000,0.0001,0.0000,0.0002,0.0000,0.0000
596.5,17.9939,20.8338,0.0157,0.9999,0.0001,-0.0002,-0.0000,0.0000,0.0003,0.0000,0.0004,0.0000,0.0000
597.0,17.9939,20.8338,0.0157,0.9999,0.0000,-0.0002,-0.0000,0.0000,-0.0000,0.0000,-0.0000,0.0000,0.0000
597.5,17.9939,20.8338,0.0157,0.9999,-0.0000,-0.0001,-0.0000,0.0000,-0.0000,0.0000,-0.0000,0.0000,0.0000
598.0,17.9939,20.8338,0.0157,0.9999,-0.0000,-0.0001,-0.0000,0.0000,-0.0000,0.0000,-0.0000,0.0000,0.0000
598.5,17.9939,20.8338,0.0157,0.9999,-0.0000,-0.0001,-0.0000,0.0000,-0.0001,0.0000,-0.0002,0.0000,0.0000
599.0,17.9939,20.8338,0.0157,0.9999,-0.0000,-0.0001,-0.0000,0.0000,-0.0000,0.0000,-0.0000,0.0000,0.0000
599.5,17.9939,20.8338,0.0157,0.9999,0.0001,-0.0001,-0.0000,0.0000,0.0001,0.0000,0.0002,0.0000,0.0000
600.0,17.9939,20.8338,0.0157,0.9999,0.0001,-0.0001,-0.0000,0.0000,-0.0000,0.0000,-0.0000,0.0000,0.0000
600.5,17.9939,20.8338,0.0157,0.9999,-0.0001,0.0000,-0.0000,0.0000,-0.0001,0.0000,-0.0002,0.0000,0.0000
601.0,17.9939,20.8338,0.0157,0.9999,-0.0001,0.0001,-0.0000,0.0000,-0.0001,0.0000,-0.0002,0.0000,0.0000
601.5,17.9939,20.8338,0.0157,0.9999,-0.0001,0.0001,-0.0000,0.0000,-0.0000,0.0000,-0.0000,0.0000,0.0000
602.0,17.9939,20.8338,0.0157,0.9999,0.0000,0.0001,-0.0000,0.0000,-0.0000,0.0000,-0.0000,0.0000,0.0000
602.5,17.9939,20.8338,0.0157,0.9999,0.0000,0.0001,-0.0000,0.0000,0.0001,0.0000,0.0002,0.0000,0.0000
603.0,17.9939,20.8338,0.0157,0.9999,0.0000,0.0000,-0.0000,0.0000,0.0001,0.0001,0.0002,0.0002,0.0000
603.5,17.9939,20.8338,0.0157,0.9999,0.0000,0.0000,-0.0000,0.0000,-0.0000,0.0000,-0.0000,0.0000,0.0000
604.0,17.9939,20.8338,0.0157,0.9999,-0.0000,0.0000,-0.0000,0.0000,-0.0000,0.0000,-0.0000,0.0000,0.0000
604.5,17.9939,20.8338,0.0157,0.9999,-0.0000,0.0000,-0.0000,0.0000,-0.0003,-0.0004,-0.0004,-0.0006,0.0000
605.0,17.9939,20.8338,0.0157,0.9999,-0.0001,-0.0002,-0.0000,0.0000,0.0003,-0.0004,0.0004,-0.0006,0.0000
605.5,17.9939,20.8338,0.0157,0.9999,-0.0001,-0.0002,-0.0000,0.0000,-0.0001,0.0000,-0.0002,0.0000,0.0000
606.0,17.9939,20.8338,0.0157,0.9999,-0.0002,-0.0001,-0.0000,0.0000,-0.0004,-0.0001,-0.0006,-0.0002,0.0000
606.5,17.9939,20.8338,0.0157,0.9999,-0.0001,0.0000,-0.0000,0.0000,-0.0001,0.0000,-0.0002,0.0000,0.0000
607.0,17.9939,20.8338,0.0157,0.9999,-0.0001,0.0001,-0.0000,0.0000,-0.0001,0.0000,-0.0002,0.0000,0.0000
607.5,17.9939,20.8338,0.0157,0.9999,-0.0001,0.0001,-0.0000,0.0000,-0.0001,0.0000,-0.0002,0.0000,0.0000
608.0,17.9939,20.8338,0.0157,0.9999,0.0002,0.0001,-0.0000,0.0000,0.0001,0.0004,0.0002,0.0006,0.0000
608.5,17.9939,20.8338,0.0157,0.9999,0.0003,0.0002,-0.0000,0.0000,-0.0000,0.0000,-0.0000,0.0000,0.0000
609.0,17.9939,20.8338,0.0157,0.9999,-0.0000,0.0002,-0.0000,0.0000,-0.0000,0.0000,-0.0000,0.0000,0.0000
609.5,17.9939,20.8338,0.0157,0.9999,0.0000,0.0001,-0.0000,0.0000,-0.0000,0.0000,-0.0000,0.0000,0.0000
610.0,17.9939,20.8338,0.0157,0.9999,-0.0000,0.0001,-0.0000,0.0000,-0.0000,0.0000,-0.0000,0.0000,0.0000
610.5,17.9939,20.8338,0.0157,0.9999,-0.0000,0.0001,-0.0000,0.0000,-0.0001,0.0000,-0.0002,0.0000,0.0000
611.0,17.9939,20.8338,0.0157,0.9999,-0.0000,0.0001,-0.0000,0.0000,-0.0000,0.0000,-0.0000,0.0000,0.0000
611.5,17.9939,20.8338,0.0157,0.9999,-0.0000,-0.0000,-0.0000,0.0000,-0.0000,0.0000,-0.0000,0.0000,0.0000
612.0,17.9939,20.8338,0.0157,0.9999,0.0000,-0.0000,-0.0000,0.0000,-0.0000,0.0000,-0.0000,0.0000,0.0000
612.5,17.9939,20.8338,0.0157,0.9999,-0.0000,-0.0000,-0.0000,0.0000,-0.0000,-0.0004,-0.0000,-0.0006,0.0000
613.0,17.9939,20.8338,0.0157,0.9999,-0.0001,-0.0001,-0.0000,0.0000,0.0001,0.0001,0.0002,0.0002,0.0000
613.5,17.9939,20.8338,0.0157,0.9999,-0.0001,0.0000,-0.0000,0.0000,-0.0003,0.0000,-0.0004,0.0000,0.0000
614.0,17.9939,20.8338,0.0157,0.9999,-0.0001,0.0001,-0.0000,0.0000,-0.0000,0.0001,-0.0000,0.0002,0.0000
614.5,17.9939,20.8338,0.0157,0.9999,0.0002,-0.0001,-0.0000,0.0000,0.0005,0.0000,0.0008,0.0000,0.0000
615.0,17.9939,20.8338,0.0157,0.9999,0.0002,-0.0001,-0.0000,0.0000,-0.0001,0.0004,-0.0002,0.0006,0.0000
615.5,17.9939,20.8338,0.0157,0.9999,0.0000,0.0000,-0.0000,0.0000,-0.0000,0.0000,-0.0000,0.0000,0.0000
616.0,17.9939,20.8338,0.0157,0.9999,0.0000,0.0000,-0.0000,0.0000,0.0001,0.0000,0.0002,0.0000,0.0000
616.5,17.9939,20.8338,0.0157,0.9999,0.0001,0.0001,-0.0000,0.0000,-0.0001,0.0003,-0.0002,0.0004,0.0000
617.0,17.9939,20.8338,0.0157,0.9999,0.0001,0.0001,-0.0000,0.0000,0.0003,-0.0003,0.0004,-0.0004,0.0000
617.5,17.9939,20.8338,0.0157,0.9999,0.0000,-0.0001,-0.0000,0.0000,-0.0000,0.0000,-0.0000,0.0000,0.0000
618.0,17.9939,20.8338,0.0157,0.9999,-0.0000,-0.0001,-0.0000,0.0000,-0.0000,0.0000,-0.0000,0.0000,0.0000
618.5,17.9939,20.8338,0.0157,0.9999,-0.0000,-0.0001,-0.0000,0.0000,-0.0000,0.0000,-0.0000,0.0000,0.0000
619.0,17.9939,20.8338,0.0157,0.9999,0.0001,0.0000,-0.0000,0.0000,-0.0000,0.0003,-0.0000,0.0004,0.0000
619.5,17.9939,20.8338,0.0157,0.9999,0.0001,0.0001,-0.0000,0.0000,-0.0000,0.0003,-0.0000,0.0004,0.0000
620.0,17.9939,20.8338,0.0157,0.9999,0.0001,0.0002,-0.0000,0.0000,-0.0000,0.0003,-0.0000,0.0004,0.0000
620.5,17.9939,20.8338,0.0157,0.9999,0.0000,0.0002,-0.0000,0.0000,-0.0000,0.0000,-0.0000,0.0000,0.0000
621.0,17.9939,20.8338,0.0157,0.9999,-0.0001,0.0002,-0.0000,0.0000,-0.0001,0.0000,-0.0002,0.0000,0.0000
621.5,17.9939,20.8338,0.0157,0.9999,-0.0001,0.0002,-0.0000,0.0000,-0.0001,0.0000,-0.0002,0.0000,0.0000
622.0,17.9939,20.8338,0.0157,0.9999,-0.0000,0.0002,-0.0000,0.0000,0.0001,0.0001,0.0002,0.0002,0.0000
622.5,17.9939,20.8338,0.0157,0.9999,-0.0001,0.0002,-0.0000,0.0000,-0.0003,0.0000,-0.0004,0.0000,0.0000
623.0,17.9939,20.8338,0.0157,0.9999,-0.0000,0.0002,-0.0000,0.0000,-0.0000,0.0000,-0.0000,0.0000,0.0000
623.5,17.9939,20.8338,0.0157,0.9999,0.0001,0.0003,-0.0000,0.0000,-0.0001,0.0005,-0.0002,0.0008,0.0000
624.0,17.9939,20.8338,0.0157,0.9999,0.0001,0.0002,-0.0000,0.0000,0.0003,0.0000,0.0004,0.0000,0.0000
624.5,17.9939,20.8338,0.0157,0.9999,0.0001,0.0000,-0.0000,0.0000,-0.0000,0.0001,-0.0000,0.0002,0.0000
625.0,17.9939,20.8338,0.0157,0.9999,0.0001,0.0001,-0.0000,0.0000,0.0004,0.0000,0.0006,0.0000,0.0000
625.5,17.9939,20.8338,0.0157,0.9999,0.0002,-0.0001,-0.0000,0.0000,0.0004,0.0000,0.0006,0.0000,0.0000
626.0,17.9939,20.8338,0.0157,0.9999,-0.0000,-0.0002,-0.0000,0.0000,-0.0003,0.0000,-0.0004,0.0000,0.0000
626.5,17.9939,20.8338,0.0157,0.9999,0.0001,-0.0000,-0.0000,0.0000,-0.0000,0.0001,-0.0000,0.0002,0.0000
627.0,17.9939,20.8338,0.0157,0.9999,0.0002,-0.0001,-0.0000,0.0000,0.0003,0.0000,0.0004,0.0000,0.0000
627.5,17.9939,20.8338,0.0157,0.9999,0.0001,-0.0001,-0.0000,0.0000,-0.0000,0.0000,-0.0000,0.0000,0.0000
628.0,17.9939,20.8338,0.0157,0.9999,-0.0001,-0.0001,-0.0000,0.0000,-0.0000,-0.0001,-0.0000,-0.0002,0.0000
628.5,17.9939,20.8338,0.0157,0.9999,-0.0000,-0.0001,-0.0000,0.0000,-0.0000,0.0000,-0.0000,0.0000,0.0000
629.0,17.9939,20.8338,0.0157,0.9999,-0.0000,-0.0001,-0.0000,0.0000,-0.0000,0.0000,-0.0000,0.0000,0.0000
629.5,17.9939,20.8338,0.0157,0.9999,-0.0000,-0.0001,-0.0000,0.0000,-0.0000,0.0000,-0.0000,0.0000,0.0000
630.0,17.9939,20.8338,0.0157,0.9999,-0.0000,-0.0001,-0.0000,0.0000,-0.0000,0.0000,-0.0000,0.0000,0.0000
630.5,17.9939,20.8338,0.0157,0.9999,-0.0000,-0.0000,-0.0000,0.0000,-0.0000,0.0000,-0.0000,0.0000,0.0000
631.0,17.9939,20.8338,0.0157,0.9999,-0.0000,-0.0000,-0.0000,0.0000,-0.0000,0.0000,-0.0000,0.0000,0.0000
631.5,17.9939,20.8338,0.0157,0.9999,-0.0000,-0.0000,-0.0000,0.0000,-0.0000,0.0000,-0.0000,0.0000,0.0000
632.0,17.9939,20.8338,0.0157,0.9999,-0.0000,-0.0000,-0.0000,0.0000,-0.0000,0.0000,-0.0000,0.0000,0.0000
632.5,17.9939,20.8338,0.0157,0.9999,0.0000,-0.0000,-0.0000,0.0000,-0.0000,0.0001,-0.0000,0.0002,0.0000
633.0,17.9939,20.8338,0.0157,0.9999,-0.0000,-0.0000,-0.0000,0.0000,-0.0000,0.0000,-0.0000,0.0000,0.0000
633.5,17.9939,20.8338,0.0157,0.9999,0.0001,-0.0001,-0.0000,0.0000,0.0001,0.0000,0.0002,0.0000,0.0000
634.0,17.9939,20.8338,0.0157,0.9999,-0.0000,-0.0000,-0.0000,0.0000,-0.0001,0.0000,-0.0002,0.0000,0.0000
634.5,17.9939,20.8338,0.0157,0.9999,-0.0001,0.0000,-0.0000,0.0000,-0.0001,0.0000,-0.0002,0.0000,0.0000
635.0,17.9939,20.8338,0.0157,0.9999,-0.0001,0.0001,-0.0000,0.0000,-0.0001,0.0000,-0.0002,0.0000,0.0000
635.5,17.9939,20.8338,0.0157,0.9999,-0.0000,0.0001,-0.0000,0.0000,-0.0000,-0.0001,-0.0000,-0.0002,0.0000
636.0,17.9939,20.8338,0.0157,0.9999,-0.0001,-0.0000,-0.0000,0.0000,-0.0000,-0.0001,-0.0000,-0.0002,0.0000
636.5,17.9939,20.8338,0.0157,0.9999,0.0001,-0.0001,-0.0000,0.0000,0.0003,0.0000,0.0004,0.0000,0.0000
637.0,17.9939,20.8338,0.0157,0.9999,0.0000,-0.0001,-0.0000,0.0000,-0.0000,0.0000,-0.0000,0.0000,0.0000
637.5,17.9939,20.8338,0.0157,0.9999,0.0000,-0.0001,-0.0000,0.0000,-0.0003,0.0001,-0.0004,0.0002,0.0000
638.0,17.9939,20.8338,0.0157,0.9999,0.0000,0.0000,-0.0000,0.0000,-0.0000,0.0000,-0.0000,0.0000,0.0000
638.5,17.9939,20.8338,0.0157,0.9999,-0.0001,0.0000,-0.0000,0.0000,-0.0004,-0.0004,-0.0006,-0.0006,0.0000
639.0,17.9939,20.8338,0.0157,0.9999,-0.0003,-0.0000,-0.0000,0.0000,-0.0001,-0.0004,-0.0002,-0.0006,0.0000
639.5,17.9939,20.8338,0.0157,0.9999,-0.0000,-0.0001,-0.0000,0.0000,-0.0000,0.0000,-0.0000,0.0000,0.0000
640.0,17.9939,20.8338,0.0157,0.9999,-0.0001,0.0000,-0.0000,0.0000,-0.0003,0.0000,-0.0004,0.0000,0.0000
640.5,17.9939,20.8338,0.0157,0.9999,0.0001,-0.0000,-0.0000,0.0000,0.0001,0.0000,0.0002,0.0000,0.0000
641.0,17.9939,20.8338,0.0157,0.9999,-0.0001,-0.0000,-0.0000,0.0000,-0.0001,-0.0001,-0.0002,-0.0002,0.0000
641.5,17.9939,20.8338,0.0157,0.9999,0.0001,0.0002,-0.0000,0.0000,-0.0003,-0.0001,-0.0004,-0.0002,0.0000
642.0,17.9939,20.8338,0.0157,0.9999,-0.0002,0.0002,-0.0000,0.0000,-0.0003,-0.0001,-0.0004,-0.0002,0.0000
642.5,17.9939,20.8338,0.0157,0.9999,-0.0001,0.0002,-0.0000,0.0000,-0.0000,0.0001,-0.0000,0.0002,0.0000
643.0,17.9939,20.8338,0.0157,0.9999,-0.0001,0.0002,-0.0000,0.0000,-0.0003,0.0000,-0.0004,0.0000,0.0000
643.5,17.9939,20.8338,0.0157,0.9999,-0.0001,0.0003,-0.0000,0.0000,-0.0003,0.0000,-0.0004,0.0000,0.0000
644.0,17.9939,20.8338,0.0157,0.9999,-0.0001,0.0003,-0.0000,0.0000,-0.0000,0.0000,-0.0000,0.0000,0.0000
644.5,17.9939,20.8338,0.0157,0.9999,-0.0000,0.0003,-0.0000,0.0000,-0.0004,0.0003,-0.0006,0.0004,0.0000
645.0,17.9939,20.8338,0.0157,0.9999,-0.0001,0.0005,-0.0000,0.0000,-0.0004,0.0003,-0.0006,0.0004,0.0000
645.5,17.9939,20.8338,0.0157,0.9999,-0.0001,0.0005,-0.0000,0.0000,0.0001,-0.0003,0.0002,-0.0004,0.0000
646.0,17.9939,20.8338,0.0157,0.9999,-0.0000,0.0003,-0.0000,0.0000,-0.0000,0.0001,-0.0000,0.0002,0.0000
646.5,17.9939,20.8338,0.0157,0.9999,0.0001,0.0002,-0.0000,0.0000,0.0003,0.0000,0.0004,0.0000,0.0000
647.0,17.9939,20.8338,0.0157,0.9999,0.0001,0.0001,-0.0000,0.0000,-0.0000,0.0000,-0.0000,0.0000,0.0000
647.5,17.9939,20.8338,0.0157,0.9999,-0.0003,-0.0001,-0.0000,0.0000,-0.0000,-0.0005,-0.0000,-0.0008,0.0000
648.0,17.9939,20.8338,0.0157,0.9999,-0.0003,-0.0003,-0.0000,0.0000,-0.0000,-0.0005,-0.0000,-0.0008,0.0000
648.5,17.9939,20.8338,0.0157,0.9999,0.0000,-0.0004,-0.0000,0.0000,0.0001,0.0000,0.0002,0.0000,0.0000
649.0,17.9939,20.8338,0.0157,0.9999,0.0001,-0.0003,-0.0000,0.0000,0.0001,0.0000,0.0002,0.0000,0.0000
649.5,17.9939,20.8338,0.0157,0.9999,0.0001,-0.0003,-0.0000,0.0000,0.0001,0.0000,0.0002,0.0000,0.0000
650.0,17.9939,20.8338,0.0157,0.9999,-0.0000,-0.0002,-0.0000,0.0000,-0.0003,0.0001,-0.0004,0.0002,0.0000
650.5,17.9939,20.8338,0.0157,0.9999,-0.0001,0.0000,-0.0000,0.0000,-0.0004,0.0001,-0.0006,0.0002,0.0000
651.0,17.9939,20.8338,0.0157,0.9999,-0.0000,0.0002,-0.0000,0.0000,0.0001,0.0001,0.0002,0.0002,0.0000
651.5,17.9939,20.8338,0.0157,0.9999,0.0000,0.0001,-0.0000,0.0000,0.0003,0.0000,0.0004,0.0000,0.0000
652.0,17.9939,20.8338,0.0157,0.9999,0.0001,-0.0000,-0.0000,0.0000,0.0003,-0.0001,0.0004,-0.0002,0.0000
652.5,17.9939,20.8338,0.0157,0.9999,-0.0000,-0.0000,-0.0000,0.0000,-0.0000,-0.0001,-0.0000,-0.0002,0.0000
653.0,17.9939,20.8338,0.0157,0.9999,0.0001,-0.0002,-0.0000,0.0000,0.0003,-0.0001,0.0004,-0.0002,0.0000
653.5,17.9939,20.8338,0.0157,0.9999,0.0001,-0.0003,-0.0000,0.0000,0.0003,-0.0001,0.0004,-0.0002,0.0000
654.0,17.9939,20.8338,0.0157,0.9999,-0.0000,-0.0004,-0.0000,0.0000,0.0001,-0.0001,0.0002,-0.0002,0.0000
654.5,17.9939,20.8338,0.0157,0.9999,-0.0000,-0.0004,-0.0000,0.0000,0.0001,-0.0001,0.0002,-0.0002,0.0000
655.0,17.9939,20.8338,0.0157,0.9999,0.0000,-0.0004,-0.0000,0.0000,-0.0000,0.0004,-0.0000,0.0006,0.0000
655.5,17.9939,20.8338,0.0157,0.9999,-0.0000,-0.0002,-0.0000,0.0000,-0.0001,-0.0003,-0.0002,-0.0004,0.0000
656.0,17.9939,20.8338,0.0157,0.9999,-0.0000,-0.0002,-0.0000,0.0000,0.0001,-0.0001,0.0002,-0.0002,0.0000
656.5,17.9939,20.8338,0.0157,0.9999,0.0000,-0.0002,-0.0000,0.0000,-0.0000,0.0000,-0.0000,0.0000,0.0000
657.0,17.9939,20.8338,0.0157,0.9999,0.0000,-0.0002,-0.0000,0.0000,-0.0000,0.0000,-0.0000,0.0000,0.0000
657.5,17.9939,20.8338,0.0157,0.9999,0.0000,-0.0001,-0.0000,0.0000,-0.0000,0.0000,-0.0000,0.0000,0.0000
658.0,17.9939,20.8338,0.0157,0.9999,-0.0000,-0.0001,-0.0000,0.0000,-0.0000,-0.0001,-0.0000,-0.0002,0.0000
658.5,17.9939,20.8338,0.0157,0.9999,-0.0001,-0.0001,-0.0000,0.0000,-0.0000,-0.0001,-0.0000,-0.0002,0.0000
659.0,17.9939,20.8338,0.0157,0.9999,-0.0000,-0.0002,-0.0000,0.0000,-0.0000,-0.0001,-0.0000,-0.0002,0.0000
659.5,17.9939,20.8338,0.0157,0.9999,-0.0000,-0.0002,-0.0000,0.0000,-0.0000,0.0000,-0.0000,0.0000,0.0000
660.0,17.9939,20.8338,0.0157,0.9999,-0.0001,-0.0001,-0.0000,0.0000,-0.0001,0.0000,-0.0002,0.0000,0.0000
660.5,17.9939,20.8338,0.0157,0.9999,-0.0001,-0.0000,-0.0000,0.0000,-0.0000,-0.0001,-0.0000,-0.0002,0.0000
661.0,17.9939,20.8338,0.0157,0.9999,-0.0000,-0.0001,-0.0000,0.0000,-0.0000,0.0003,-0.0000,0.0004,0.0000
661.5,17.9939,20.8338,0.0157,0.9999,0.0001,0.0000,-0.0000,0.0000,0.0001,0.0001,0.0002,0.0002,0.0000
662.0,17.9939,20.8338,0.0157,0.9999,-0.0003,-0.0002,-0.0000,0.0000,-0.0000,-0.0005,-0.0000,-0.0008,0.0000
662.5,17.9939,20.8338,0.0157,0.9999,-0.0001,-0.0002,-0.0000,0.0000,-0.0001,0.0000,-0.0002,0.0000,0.0000
663.0,17.9939,20.8338,0.0157,0.9999,-0.0001,-0.0001,-0.0000,0.0000,-0.0000,0.0001,-0.0000,0.0002,0.0000
663.5,17.9939,20.8338,0.0157,0.9999,0.0001,-0.0000,-0.0000,0.0000,-0.0000,0.0001,-0.0000,0.0002,0.0000
664.0,17.9939,20.8338,0.0157,0.9999,0.0001,0.0000,-0.0000,0.0000,-0.0000,0.0001,-0.0000,0.0002,0.0000
664.5,17.9939,20.8338,0.0157,0.9999,0.0001,0.0001,-0.0000,0.0000,-0.0000,0.0001,-0.0000,0.0002,0.0000
665.0,17.9939,20.8338,0.0157,0.9999,0.0001,0.0001,-0.0000,0.0000,-0.0000,0.0001,-0.0000,0.0002,0.0000
665.5,17.9939,20.8338,0.0157,0.9999,0.0001,0.0001,-0.0000,0.0000,-0.0000,0.0001,-0.0000,0.0002,0.0000
666.0,17.9939,20.8338,0.0157,0.9999,0.0000,0.0002,-0.0000,0.0000,-0.0000,0.0000,-0.0000,0.0000,0.0000
666.5,17.9939,20.8338,0.0157,0.9999,-0.0000,0.0001,-0.0000,0.0000,-0.0000,0.0000,-0.0000,0.0000,0.0000
667.0,17.9939,20.8338,0.0157,0.9999,-0.0000,0.0001,-0.0000,0.0000,-0.0000,0.0000,-0.0000,0.0000,0.0000
667.5,17.9939,20.8338,0.0157,0.9999,-0.0000,0.0001,-0.0000,0.0000,-0.0000,0.0000,-0.0000,0.0000,0.0000
668.0,17.9939,20.8338,0.0157,0.9999,0.0000,0.0000,-0.0000,0.0000,-0.0003,-0.0001,-0.0004,-0.0002,0.0000
668.5,17.9939,20.8338,0.0157,0.9999,-0.0002,0.0001,-0.0000,0.0000,-0.0003,0.0000,-0.0004,0.0000,0.0000
669.0,17.9939,20.8338,0.0157,0.9999,0.0000,0.0001,-0.0000,0.0000,-0.0000,0.0000,-0.0000,0.0000,0.0000
669.5,17.9939,20.8338,0.0157,0.9999,-0.0002,0.0001,-0.0000,0.0000,-0.0000,0.0000,-0.0000,0.0000,0.0000
670.0,17.9939,20.8338,0.0157,0.9999,0.0000,-0.0000,-0.0000,0.0000,0.0001,-0.0001,0.0002,-0.0002,0.0000
670.5,17.9939,20.8338,0.0157,0.9999,-0.0001,0.0000,-0.0000,0.0000,-0.0005,-0.0001,-0.0008,-0.0002,0.0000
671.0,17.9939,20.8338,0.0157,0.9999,-0.0003,0.0002,-0.0000,0.0000,-0.0005,-0.0001,-0.0008,-0.0002,0.0000
671.5,17.9939,20.8338,0.0157,0.9999,-0.0003,0.0003,-0.0000,0.0000,-0.0005,-0.0001,-0.0008,-0.0002,0.0000
672.0,17.9939,20.8338,0.0157,0.9999,-0.0002,0.0004,-0.0000,0.0000,-0.0000,0.0000,-0.0000,0.0000,0.0000
672.5,17.9939,20.8338,0.0157,0.9999,-0.0001,0.0002,-0.0000,0.0000,-0.0000,-0.0005,-0.0000,-0.0008,0.0000
673.0,17.9939,20.8338,0.0157,0.9999,-0.0003,-0.0001,-0.0000,0.0000,-0.0000,-0.0005,-0.0000,-0.0008,0.0000
673.5,17.9939,20.8338,0.0157,0.9999,-0.0001,-0.0002,-0.0000,0.0000,-0.0001,0.0000,-0.0002,0.0000,0.0000
674.0,17.9939,20.8338,0.0157,0.9999,-0.0000,-0.0001,-0.0000,0.0000,-0.0000,0.0000,-0.0000,0.0000,0.0000
674.5,17.9939,20.8338,0.0157,0.9999,-0.0000,-0.0001,-0.0000,0.0000,-0.0001,0.0000,-0.0002,0.0000,0.0000
675.0,17.9939,20.8338,0.0157,0.9999,-0.0001,-0.0001,-0.0000,0.0000,-0.0000,-0.0005,-0.0000,-0.0008,0.0000
675.5,17.9939,20.8338,0.0157,0.9999,0.0003,-0.0002,-0.0000,0.0000,0.0008,0.0004,0.0012,0.0006,0.0000
676.0,17.9939,20.8338,0.0157,0.9999,0.0029,-0.0005,-0.0000,0.0000,0.0120,0.0086,0.0192,0.0137,0.0000
676.5,17.9939,20.8338,0.0157,0.9999,0.0105,-0.0018,-0.0000,0.0000,0.0120,0.0086,0.0192,0.0137,0.0000
677.0,17.9939,20.8338,0.0157,0.9999,0.0100,-0.0026,-0.0000,0.0000,0.0103,0.0086,0.0165,0.0137,0.0000
677.5,17.9939,20.8338,0.0157,0.9999,0.0109,-0.0022,-0.0000,0.0000,0.0071,0.0192,0.0113,0.0306,0.0000
678.0,17.9939,20.8338,0.0157,0.9999,0.0152,0.0034,-0.0000,0.0000,0.0116,0.0233,0.0185,0.0371,0.0000
678.5,17.9939,20.8338,0.0157,0.9999,0.0110,0.0073,-0.0000,0.0000,0.0056,0.0164,0.0090,0.0260,0.0000
679.0,17.9939,20.8338,0.0157,0.9999,0.0110,0.0102,-0.0000,0.0000,0.0056,0.0164,0.0090,0.0260,0.0000
679.5,17.9939,20.8338,0.0157,0.9999,-0.0047,0.0058,-0.0000,0.0000,0.0017,-0.0168,0.0027,-0.0267,0.0000
680.0,17.9939,20.8338,0.0157,0.9999,-0.0078,-0.0038,-0.0000,0.0000,0.0017,-0.0168,0.0027,-0.0267,0.0000
680.5,17.9939,20.8338,0.0157,0.9999,-0.0077,-0.0110,-0.0000,0.0000,0.0017,-0.0168,0.0027,-0.0267,0.0000
681.0,17.9939,20.8338,0.0157,0.9999,-0.0063,-0.0104,-0.0000,0.0000,-0.0114,0.0000,-0.0181,0.0000,0.0000
681.5,17.9939,20.8338,0.0157,0.9999,0.0001,-0.0070,-0.0000,0.0000,0.0001,-0.0004,0.0002,-0.0006,0.0000
682.0,17.9939,20.8338,0.0157,0.9999,-0.0001,-0.0054,-0.0000,0.0000,-0.0000,-0.0001,-0.0000,-0.0002,0.0000
682.5,17.9939,20.8338,0.0157,0.9999,-0.0000,-0.0041,-0.0000,0.0000,-0.0000,-0.0001,-0.0000,-0.0002,0.0000
683.0,17.9939,20.8338,0.0157,0.9999,-0.0000,-0.0031,-0.0000,0.0000,-0.0001,0.0001,-0.0002,0.0002,0.0000
683.5,17.9939,20.8338,0.0157,0.9999,0.0000,-0.0023,-0.0000,0.0000,-0.0000,0.0000,-0.0000,0.0000,0.0000
684.0,17.9939,20.8338,0.0157,0.9999,0.0000,-0.0016,-0.0000,0.0000,-0.0001,0.0001,-0.0002,0.0002,0.0000
684.5,17.9939,20.8338,0.0157,0.9999,0.0001,-0.0012,-0.0000,0.0000,0.0003,0.0000,0.0004,0.0000,0.0000
685.0,17.9939,20.8338,0.0157,0.9999,0.0001,-0.0009,-0.0000,0.0000,0.0001,0.0000,0.0002,0.0000,0.0000
685.5,17.9939,20.8338,0.0157,0.9999,0.0001,-0.0007,-0.0000,0.0000,0.0001,0.0000,0.0002,0.0000,0.0000
686.0,17.9939,20.8338,0.0157,0.9999,0.0001,-0.0006,-0.0000,0.0000,0.0001,0.0000,0.0002,0.0000,0.0000
686.5,17.9939,20.8338,0.0157,0.9999,0.0000,-0.0005,-0.0000,0.0000,-0.0000,0.0000,-0.0000,0.0000,0.0000
687.0,17.9939,20.8338,0.0157,0.9999,0.0000,-0.0004,-0.0000,0.0000,-0.0000,0.0000,-0.0000,0.0000,0.0000
687.5,17.9939,20.8338,0.0157,0.9999,0.0000,-0.0003,-0.0000,0.0000,-0.0000,0.0000,-0.0000,0.0000,0.0000
688.0,17.9939,20.8338,0.0157,0.9999,0.0000,-0.0002,-0.0000,0.0000,-0.0000,0.0000,-0.0000,0.0000,0.0000
688.5,17.9939,20.8338,0.0157,0.9999,-0.0000,-0.0001,-0.0000,0.0000,0.0001,0.0000,0.0002,0.0000,0.0000
689.0,17.9939,20.8338,0.0157,0.9999,0.0001,-0.0002,-0.0000,0.0000,0.0001,0.0000,0.0002,0.0000,0.0000
689.5,17.9939,20.8338,0.0157,0.9999,0.0000,-0.0002,-0.0000,0.0000,-0.0000,-0.0003,-0.0000,-0.0004,0.0000
690.0,17.9939,20.8338,0.0157,0.9999,-0.0000,-0.0002,-0.0000,0.0000,-0.0000,0.0000,-0.0000,0.0000,0.0000
690.5,17.9939,20.8338,0.0157,0.9999,-0.0001,-0.0001,-0.0000,0.0000,-0.0001,0.0000,-0.0002,0.0000,0.0000
691.0,17.9939,20.8338,0.0157,0.9999,-0.0001,0.0000,-0.0000,0.0000,-0.0003,0.0000,-0.0004,0.0000,0.0000
691.5,17.9939,20.8338,0.0157,0.9999,0.0000,0.0001,-0.0000,0.0000,-0.0001,0.0000,-0.0002,0.0000,0.0000
692.0,17.9939,20.8338,0.0157,0.9999,-0.0000,0.0000,-0.0000,0.0000,0.0003,0.0000,0.0004,0.0000,0.0000
692.5,17.9939,20.8338,0.0157,0.9999,0.0001,-0.0001,-0.0000,0.0000,-0.0000,-0.0001,-0.0000,-0.0002,0.0000
693.0,17.9939,20.8338,0.0157,0.9999,-0.0001,-0.0001,-0.0000,0.0000,-0.0000,-0.0001,-0.0000,-0.0002,0.0000
693.5,17.9939,20.8338,0.0157,0.9999,-0.0000,-0.0001,-0.0000,0.0000,-0.0000,0.0000,-0.0000,0.0000,0.0000
694.0,17.9939,20.8338,0.0157,0.9999,0.0000,-0.0001,-0.0000,0.0000,-0.0000,0.0000,-0.0000,0.0000,0.0000
694.5,17.9939,20.8338,0.0157,0.9999,-0.0195,-0.0131,-0.0000,0.0000,-0.0000,-0.0384,-0.0000,-0.0610,0.0000
695.0,17.9939,20.8338,0.0157,0.9999,-0.0195,-0.0267,-0.0000,0.0000,-0.0000,-0.0384,-0.0000,-0.0610,0.0000
695.5,17.9939,20.8338,0.0157,0.9999,-0.0252,-0.0243,-0.0000,0.0000,-0.0465,-0.0101,-0.0740,-0.0160,0.0000
696.0,17.9939,20.8338,0.0157,0.9999,-0.0147,-0.0083,-0.0000,0.0000,-0.0124,0.0007,-0.0198,0.0010,0.0000
696.5,17.9939,20.8338,0.0157,0.9999,-0.0057,-0.0005,-0.0000,0.0000,-0.0124,0.0007,-0.0198,0.0010,0.0000
697.0,17.9939,20.8338,0.0157,0.9999,-0.0102,-0.0115,-0.0000,0.0000,0.0195,-0.0416,0.0310,-0.0662,0.0000
697.5,17.9939,20.8338,0.0157,0.9999,-0.0490,-0.0006,-0.0000,0.0000,-0.0740,-0.0234,-0.1177,-0.0373,0.0000
698.0,17.9939,20.8338,0.0157,0.9999,-0.0493,0.0217,-0.0000,0.0000,-0.0740,-0.0234,-0.1177,-0.0373,0.0000
698.5,17.9939,20.8338,0.0157,0.9999,-0.0401,0.0189,-0.0000,0.0000,-0.0437,-0.0267,-0.0696,-0.0425,0.0000
699.0,17.9939,20.8338,0.0157,0.9999,-0.0334,0.0212,-0.0000,0.0000,-0.0007,-0.0076,-0.0010,-0.0121,0.0000
699.5,17.9225,20.8235,0.0152,0.9999,-0.0036,0.0136,-0.0000,0.0000,-0.0007,-0.0076,-0.0010,-0.0121,0.0000
700.0,17.9225,20.8235,0.0152,0.9999,-0.0037,0.0071,-0.0000,0.0000,-0.0007,-0.0076,-0.0010,-0.0121,0.0000
700.5,17.9225,20.8235,0.0152,0.9999,-0.0038,0.0023,-0.0000,0.0000,-0.0007,-0.0076,-0.0010,-0.0121,0.0000
701.0,17.9225,20.8235,0.0152,0.9999,-0.0039,-0.0013,-0.0000,0.0000,-0.0007,-0.0076,-0.0010,-0.0121,0.0000
701.5,17.9225,20.8235,0.0152,0.9999,-0.0022,-0.0033,-0.0000,0.0000,-0.0003,0.0004,-0.0004,0.0006,0.0000
702.0,17.9225,20.8235,0.0152,0.9999,0.0002,-0.0022,-0.0000,0.0000,-0.0003,0.0004,-0.0004,0.0006,0.0000
702.5,17.9225,20.8235,0.0152,0.9999,0.0002,-0.0014,-0.0000,0.0000,-0.0003,0.0004,-0.0004,0.0006,0.0000
703.0,17.9225,20.8235,0.0152,0.9999,0.0036,0.0018,-0.0000,0.0000,-0.0000,0.0081,-0.0000,0.0128,0.0000
703.5,17.9225,20.8235,0.0152,0.9999,0.0042,0.0049,-0.0000,0.0000,-0.0000,0.0081,-0.0000,0.0128,0.0000
704.0,17.9225,20.8235,0.0152,0.9999,-0.0009,0.0083,-0.0000,0.0000,-0.0082,0.0044,-0.0130,0.0071,0.0000
704.5,17.9225,20.8235,0.0152,0.9999,-0.0043,0.0116,-0.0000,0.0000,-0.0114,0.0001,-0.0181,0.0002,0.0000
705.0,17.9225,20.8235,0.0152,0.9999,-0.0054,0.0136,-0.0000,0.0000,-0.0001,0.0000,-0.0002,0.0000,0.0000
705.5,17.9225,20.8235,0.0152,0.9999,-0.0000,0.0106,-0.0000,0.0000,-0.0001,0.0000,-0.0002,0.0000,0.0000
706.0,17.9225,20.8235,0.0152,0.9999,-0.0000,0.0080,-0.0000,0.0000,-0.0001,0.0000,-0.0002,0.0000,0.0000
706.5,17.9225,20.8235,0.0152,0.9999,-0.0001,0.0060,-0.0000,0.0000,-0.0003,0.0000,-0.0004,0.0000,0.0000
707.0,17.9225,20.8235,0.0152,0.9999,-0.0000,0.0046,-0.0000,0.0000,-0.0000,-0.0001,-0.0000,-0.0002,0.0000
707.5,17.9225,20.8235,0.0152,0.9999,-0.0001,0.0033,-0.0000,0.0000,0.0001,-0.0005,0.0002,-0.0008,0.0000
