time_s,amcl_x,amcl_y,amcl_qz,amcl_qw,filtered_vx,filtered_wz,left_command_mps,right_command_mps,left_measured_mps,right_measured_mps,left_encoder_rps,right_encoder_rps,voltage
0.0,,,,,,,-0.0000,0.0000,-0.0000,0.0001,-0.0000,0.0002,0.0000
0.5,,,,,,,-0.0000,0.0000,-0.0000,0.0003,-0.0000,0.0004,0.0000
1.0,,,,,,,-0.0000,0.0000,-0.0000,0.0000,-0.0000,0.0000,0.0000
1.5,,,,,,,-0.0000,0.0000,0.0001,0.0001,0.0002,0.0002,0.0000
2.0,,,,,,,-0.0000,0.0000,0.0004,0.0000,0.0006,0.0000,0.0000
2.5,,,,,0.0000,0.0000,-0.0000,0.0000,0.0005,-0.0001,0.0008,-0.0002,0.0000
3.0,,,,,0.0001,-0.0001,-0.0000,0.0000,-0.0000,0.0000,-0.0000,0.0000,0.0000
3.5,,,,,-0.0001,-0.0001,-0.0000,0.0000,-0.0003,-0.0001,-0.0004,-0.0002,0.0000
4.0,0.0000,0.0000,0.0000,1.0000,-0.0002,-0.0000,-0.0000,0.0000,-0.0003,0.0000,-0.0004,0.0000,0.0000
4.5,0.0000,0.0000,0.0000,1.0000,-0.0001,0.0000,-0.0000,0.0000,0.0001,0.0000,0.0002,0.0000,0.0000
5.0,0.0000,0.0000,0.0000,1.0000,-0.0001,-0.0000,-0.0000,0.0000,-0.0003,0.0000,-0.0004,0.0000,0.0000
5.5,0.0000,0.0000,0.0000,1.0000,-0.0000,0.0001,-0.0000,0.0000,-0.0000,0.0000,-0.0000,0.0000,0.0000
6.0,0.0000,0.0000,0.0000,1.0000,0.0000,0.0001,-0.0000,0.0000,-0.0000,0.0000,-0.0000,0.0000,0.0000
6.5,0.0000,0.0000,0.0000,1.0000,-0.0001,0.0000,-0.0000,0.0000,-0.0001,0.0000,-0.0002,0.0000,0.0000
7.0,0.0000,0.0000,0.0000,1.0000,0.0000,0.0001,-0.0000,0.0000,0.0001,0.0000,0.0002,0.0000,0.0000
7.5,0.0000,0.0000,0.0000,1.0000,0.0000,0.0000,-0.0000,0.0000,-0.0000,0.0000,-0.0000,0.0000,0.0000
8.0,0.0000,0.0000,0.0000,1.0000,-0.0000,-0.0000,-0.0000,0.0000,0.0001,0.0003,0.0002,0.0004,0.0000
8.5,0.0000,0.0000,0.0000,1.0000,0.0001,0.0000,-0.0000,0.0000,0.0001,0.0001,0.0002,0.0002,0.0000
9.0,0.0000,0.0000,0.0000,1.0000,-0.0000,0.0000,-0.0000,0.0000,-0.0001,-0.0001,-0.0002,-0.0002,0.0000
9.5,0.0000,0.0000,0.0000,1.0000,-0.0000,0.0000,-0.0000,0.0000,-0.0000,0.0000,-0.0000,0.0000,0.0000
10.0,0.0000,0.0000,0.0000,1.0000,-0.0001,-0.0000,-0.0000,0.0000,-0.0003,0.0001,-0.0004,0.0002,0.0000
10.5,0.0000,0.0000,0.0000,1.0000,-0.0000,0.0000,-0.0000,0.0000,-0.0001,-0.0003,-0.0002,-0.0004,0.0000
11.0,0.0000,0.0000,0.0000,1.0000,-0.0000,0.0000,-0.0000,0.0000,-0.0001,0.0000,-0.0002,0.0000,0.0000
11.5,0.0000,0.0000,0.0000,1.0000,-0.0000,0.0000,-0.0000,0.0000,-0.0000,0.0000,-0.0000,0.0000,0.0000
12.0,0.0000,0.0000,0.0000,1.0000,-0.0001,0.0001,-0.0000,0.0000,-0.0003,-0.0001,-0.0004,-0.0002,0.0000
12.5,0.0000,0.0000,0.0000,1.0000,-0.0002,0.0001,-0.0000,0.0000,-0.0005,-0.0001,-0.0008,-0.0002,0.0000
13.0,0.0000,0.0000,0.0000,1.0000,-0.0001,0.0001,-0.0000,0.0000,-0.0001,-0.0001,-0.0002,-0.0002,0.0000
13.5,0.0000,0.0000,0.0000,1.0000,0.0000,0.0001,-0.0000,0.0000,-0.0000,0.0003,-0.0000,0.0004,0.0000
14.0,0.0000,0.0000,0.0000,1.0000,0.0000,0.0001,-0.0000,0.0000,0.0003,-0.0003,0.0004,-0.0004,0.0000
14.5,0.0000,0.0000,0.0000,1.0000,-0.0000,0.0001,-0.0000,0.0000,-0.0000,0.0001,-0.0000,0.0002,0.0000
15.0,0.0000,0.0000,0.0000,1.0000,-0.0000,0.0001,-0.0000,0.0000,-0.0001,0.0000,-0.0002,0.0000,0.0000
15.5,0.0000,0.0000,0.0000,1.0000,-0.0000,0.0001,-0.0000,0.0000,-0.0000,0.0000,-0.0000,0.0000,0.0000
16.0,0.0000,0.0000,0.0000,1.0000,0.0000,0.0001,-0.0000,0.0000,-0.0000,0.0000,-0.0000,0.0000,0.0000
16.5,0.0000,0.0000,0.0000,1.0000,0.0000,0.0000,-0.0000,0.0000,0.0003,-0.0001,0.0004,-0.0002,0.0000
17.0,0.0000,0.0000,0.0000,1.0000,0.0000,-0.0000,-0.0000,0.0000,0.0003,0.0000,0.0004,0.0000,0.0000
17.5,0.0000,0.0000,0.0000,1.0000,0.0001,-0.0000,-0.0000,0.0000,-0.0000,0.0003,-0.0000,0.0004,0.0000
18.0,0.0000,0.0000,0.0000,1.0000,0.0000,0.0000,-0.0000,0.0000,-0.0001,0.0003,-0.0002,0.0004,0.0000
18.5,0.0000,0.0000,0.0000,1.0000,0.0001,0.0001,-0.0000,0.0000,-0.0000,-0.0003,-0.0000,-0.0004,0.0000
19.0,0.0000,0.0000,0.0000,1.0000,0.0001,0.0002,-0.0000,0.0000,-0.0000,0.0003,-0.0000,0.0004,0.0000
19.5,0.0000,0.0000,0.0000,1.0000,0.0001,0.0002,-0.0000,0.0000,-0.0000,-0.0001,-0.0000,-0.0002,0.0000
20.0,0.0000,0.0000,0.0000,1.0000,-0.0000,0.0002,-0.0000,0.0000,-0.0000,0.0000,-0.0000,0.0000,0.0000
20.5,0.0000,0.0000,0.0000,1.0000,-0.0000,0.0001,-0.0000,0.0000,-0.0000,0.0000,-0.0000,0.0000,0.0000
21.0,0.0000,0.0000,0.0000,1.0000,-0.0000,0.0001,-0.0000,0.0000,-0.0000,0.0000,-0.0000,0.0000,0.0000
21.5,0.0000,0.0000,0.0000,1.0000,-0.0002,0.0001,-0.0000,0.0000,0.0003,-0.0004,0.0004,-0.0006,0.0000
22.0,0.0000,0.0000,0.0000,1.0000,-0.0001,-0.0002,-0.0000,0.0000,-0.0000,0.0000,-0.0000,0.0000,0.0000
22.5,0.0000,0.0000,0.0000,1.0000,0.0000,-0.0001,-0.0000,0.0000,-0.0000,0.0000,-0.0000,0.0000,0.0000
23.0,0.0000,0.0000,0.0000,1.0000,-0.0001,-0.0001,-0.0000,0.0000,-0.0001,0.0003,-0.0002,0.0004,0.0000
23.5,0.0000,0.0000,0.0000,1.0000,0.0001,-0.0001,-0.0000,0.0000,0.0003,0.0000,0.0004,0.0000,0.0000
24.0,0.0000,0.0000,0.0000,1.0000,-0.0001,-0.0001,-0.0000,0.0000,-0.0000,0.0000,-0.0000,0.0000,0.0000
24.5,0.0000,0.0000,0.0000,1.0000,0.0001,-0.0001,-0.0000,0.0000,0.0003,0.0000,0.0004,0.0000,0.0000
25.0,0.0000,0.0000,0.0000,1.0000,-0.0001,-0.0002,-0.0000,0.0000,-0.0000,-0.0003,-0.0000,-0.0004,0.0000
25.5,0.0000,0.0000,0.0000,1.0000,-0.0001,-0.0002,-0.0000,0.0000,-0.0000,-0.0001,-0.0000,-0.0002,0.0000
26.0,0.0000,0.0000,0.0000,1.0000,0.0000,-0.0003,-0.0000,0.0000,0.0001,-0.0001,0.0002,-0.0002,0.0000
26.5,0.0000,0.0000,0.0000,1.0000,0.0000,-0.0002,-0.0000,0.0000,-0.0000,0.0000,-0.0000,0.0000,0.0000
27.0,0.0000,0.0000,0.0000,1.0000,-0.0001,-0.0002,-0.0000,0.0000,-0.0000,-0.0001,-0.0000,-0.0002,0.0000
27.5,0.0000,0.0000,0.0000,1.0000,-0.0000,-0.0001,-0.0000,0.0000,-0.0001,0.0001,-0.0002,0.0002,0.0000
28.0,0.0000,0.0000,0.0000,1.0000,-0.0001,-0.0001,-0.0000,0.0000,-0.0000,0.0003,-0.0000,0.0004,0.0000
28.5,0.0000,0.0000,0.0000,1.0000,0.0000,-0.0001,-0.0000,0.0000,-0.0000,0.0000,-0.0000,0.0000,0.0000
29.0,0.0000,0.0000,0.0000,1.0000,0.0000,-0.0000,-0.0000,0.0000,-0.0000,0.0003,-0.0000,0.0004,0.0000
29.5,0.0000,0.0000,0.0000,1.0000,0.0001,0.0001,-0.0000,0.0000,0.0001,0.0000,0.0002,0.0000,0.0000
30.0,0.0000,0.0000,0.0000,1.0000,-0.0000,0.0001,-0.0000,0.0000,-0.0000,0.0000,-0.0000,0.0000,0.0000
30.5,0.0000,0.0000,0.0000,1.0000,-0.0000,0.0000,-0.0000,0.0000,-0.0000,0.0000,-0.0000,0.0000,0.0000
31.0,0.0000,0.0000,0.0000,1.0000,-0.0000,0.0000,-0.0000,0.0000,0.0001,0.0000,0.0002,0.0000,0.0000
31.5,0.0000,0.0000,0.0000,1.0000,-0.0000,0.0001,-0.0000,0.0000,-0.0000,0.0000,-0.0000,0.0000,0.0000
32.0,0.0000,0.0000,0.0000,1.0000,-0.0000,0.0001,-0.0000,0.0000,-0.0000,0.0000,-0.0000,0.0000,0.0000
32.5,0.0000,0.0000,0.0000,1.0000,0.0000,0.0001,-0.0000,0.0000,-0.0000,0.0001,-0.0000,0.0002,0.0000
33.0,0.0000,0.0000,0.0000,1.0000,0.0001,0.0001,-0.0000,0.0000,-0.0000,0.0001,-0.0000,0.0002,0.0000
33.5,0.0000,0.0000,0.0000,1.0000,0.0001,0.0001,-0.0000,0.0000,0.0003,0.0000,0.0004,0.0000,0.0000
34.0,0.0000,0.0000,0.0000,1.0000,-0.0000,-0.0000,-0.0000,0.0000,-0.0000,0.0000,-0.0000,0.0000,0.0000
34.5,0.0000,0.0000,0.0000,1.0000,-0.0000,-0.0000,-0.0000,0.0000,-0.0001,0.0000,-0.0002,0.0000,0.0000
35.0,0.0000,0.0000,0.0000,1.0000,-0.0000,0.0000,-0.0000,0.0000,-0.0000,0.0000,-0.0000,0.0000,0.0000
35.5,0.0000,0.0000,0.0000,1.0000,0.0000,0.0001,-0.0000,0.0000,-0.0000,0.0000,-0.0000,0.0000,0.0000
36.0,0.0000,0.0000,0.0000,1.0000,0.0000,0.0001,-0.0000,0.0000,-0.0000,-0.0001,-0.0000,-0.0002,0.0000
36.5,0.0000,0.0000,0.0000,1.0000,0.0000,0.0001,-0.0000,0.0000,-0.0000,0.0000,-0.0000,0.0000,0.0000
37.0,0.0000,0.0000,0.0000,1.0000,-0.0002,0.0002,-0.0000,0.0000,0.0001,0.0000,0.0002,0.0000,0.0000
37.5,0.0000,0.0000,0.0000,1.0000,-0.0001,0.0001,-0.0000,0.0000,-0.0001,0.0000,-0.0002,0.0000,0.0000
38.0,0.0000,0.0000,0.0000,1.0000,0.0000,0.0001,-0.0000,0.0000,-0.0000,0.0000,-0.0000,0.0000,0.0000
38.5,0.0000,0.0000,0.0000,1.0000,0.0000,0.0001,-0.0000,0.0000,-0.0001,0.0000,-0.0002,0.0000,0.0000
39.0,0.0000,0.0000,0.0000,1.0000,-0.0000,0.0000,-0.0000,0.0000,-0.0001,0.0000,-0.0002,0.0000,0.0000
39.5,0.0000,0.0000,0.0000,1.0000,0.0001,0.0001,-0.0000,0.0000,-0.0000,0.0001,-0.0000,0.0002,0.0000
40.0,0.0000,0.0000,0.0000,1.0000,-0.0001,0.0001,-0.0000,0.0000,-0.0005,-0.0001,-0.0008,-0.0002,0.0000
40.5,0.0000,0.0000,0.0000,1.0000,-0.0001,0.0000,-0.0000,0.0000,-0.0000,-0.0001,-0.0000,-0.0002,0.0000
41.0,0.0000,0.0000,0.0000,1.0000,0.0002,-0.0002,-0.0000,0.0000,0.0001,0.0004,0.0002,0.0006,0.0000
41.5,0.0000,0.0000,0.0000,1.0000,0.0000,-0.0002,-0.0000,0.0000,-0.0000,0.0000,-0.0000,0.0000,0.0000
42.0,0.0000,0.0000,0.0000,1.0000,0.0001,-0.0001,-0.0000,0.0000,-0.0000,0.0000,-0.0000,0.0000,0.0000
42.5,0.0000,0.0000,0.0000,1.0000,-0.0000,-0.0000,-0.0000,0.0000,-0.0000,0.0000,-0.0000,0.0000,0.0000
43.0,0.0000,0.0000,0.0000,1.0000,-0.0000,-0.0000,-0.0000,0.0000,-0.0000,0.0000,-0.0000,0.0000,0.0000
43.5,0.0000,0.0000,0.0000,1.0000,-0.0000,-0.0000,-0.0000,0.0000,-0.0000,0.0000,-0.0000,0.0000,0.0000
44.0,0.0000,0.0000,0.0000,1.0000,-0.0000,-0.0001,-0.0000,0.0000,0.0003,0.0000,0.0004,0.0000,0.0000
44.5,0.0000,0.0000,0.0000,1.0000,0.0000,-0.0001,-0.0000,0.0000,-0.0000,0.0000,-0.0000,0.0000,0.0000
45.0,0.0000,0.0000,0.0000,1.0000,0.0000,-0.0000,-0.0000,0.0000,-0.0000,0.0001,-0.0000,0.0002,0.0000
45.5,0.0000,0.0000,0.0000,1.0000,0.0000,0.0000,-0.0000,0.0000,-0.0001,0.0000,-0.0002,0.0000,0.0000
46.0,0.0000,0.0000,0.0000,1.0000,-0.0001,0.0000,-0.0000,0.0000,-0.0001,0.0000,-0.0002,0.0000,0.0000
46.5,0.0000,0.0000,0.0000,1.0000,-0.0001,-0.0000,-0.0000,0.0000,-0.0001,0.0000,-0.0002,0.0000,0.0000
47.0,0.0000,0.0000,0.0000,1.0000,-0.0000,0.0000,-0.0000,0.0000,-0.0003,0.0003,-0.0004,0.0004,0.0000
47.5,0.0000,0.0000,0.0000,1.0000,0.0000,0.0001,-0.0000,0.0000,-0.0000,0.0000,-0.0000,0.0000,0.0000
48.0,0.0000,0.0000,0.0000,1.0000,0.0000,0.0000,-0.0000,0.0000,0.0003,0.0001,0.0004,0.0002,0.0000
48.5,0.0000,0.0000,0.0000,1.0000,-0.0001,0.0000,-0.0000,0.0000,-0.0001,0.0000,-0.0002,0.0000,0.0000
49.0,0.0000,0.0000,0.0000,1.0000,-0.0000,-0.0001,-0.0000,0.0000,0.0003,0.0000,0.0004,0.0000,0.0000
49.5,0.0000,0.0000,0.0000,1.0000,-0.0001,-0.0000,-0.0000,0.0000,-0.0003,0.0000,-0.0004,0.0000,0.0000
50.0,0.0000,0.0000,0.0000,1.0000,0.0000,0.0000,-0.0000,0.0000,0.0001,0.0000,0.0002,0.0000,0.0000
50.5,0.0000,0.0000,0.0000,1.0000,0.0001,0.0000,-0.0000,0.0000,-0.0000,0.0004,-0.0000,0.0006,0.0000
51.0,0.0000,0.0000,0.0000,1.0000,0.0002,0.0002,-0.0000,0.0000,0.0001,0.0000,0.0002,0.0000,0.0000
51.5,0.0000,0.0000,0.0000,1.0000,0.0000,0.0001,-0.0000,0.0000,-0.0001,0.0000,-0.0002,0.0000,0.0000
52.0,0.0000,0.0000,0.0000,1.0000,0.0000,0.0002,-0.0000,0.0000,-0.0000,0.0001,-0.0000,0.0002,0.0000
52.5,0.0000,0.0000,0.0000,1.0000,-0.0000,0.0002,-0.0000,0.0000,-0.0000,0.0000,-0.0000,0.0000,0.0000
53.0,0.0000,0.0000,0.0000,1.0000,0.0000,0.0001,-0.0000,0.0000,-0.0000,0.0001,-0.0000,0.0002,0.0000
53.5,0.0000,0.0000,0.0000,1.0000,-0.0000,0.0001,-0.0000,0.0000,-0.0003,0.0000,-0.0004,0.0000,0.0000
54.0,0.0000,0.0000,0.0000,1.0000,-0.0000,-0.0000,-0.0000,0.0000,0.0003,-0.0003,0.0004,-0.0004,0.0000
54.5,0.0000,0.0000,0.0000,1.0000,0.0000,-0.0002,-0.0000,0.0000,-0.0000,0.0000,-0.0000,0.0000,0.0000
55.0,0.0000,0.0000,0.0000,1.0000,-0.0001,-0.0002,-0.0000,0.0000,-0.0000,0.0000,-0.0000,0.0000,0.0000
55.5,0.0000,0.0000,0.0000,1.0000,0.0000,-0.0002,-0.0000,0.0000,-0.0000,0.0003,-0.0000,0.0004,0.0000
56.0,0.0000,0.0000,0.0000,1.0000,0.0001,-0.0001,-0.0000,0.0000,0.0003,0.0001,0.0004,0.0002,0.0000
56.5,0.0000,0.0000,0.0000,1.0000,0.0001,-0.0001,-0.0000,0.0000,-0.0001,0.0001,-0.0002,0.0002,0.0000
57.0,0.0000,0.0000,0.0000,1.0000,0.0000,-0.0000,-0.0000,0.0000,0.0001,0.0000,0.0002,0.0000,0.0000
57.5,0.0000,0.0000,0.0000,1.0000,-0.0000,-0.0000,-0.0000,0.0000,-0.0000,0.0000,-0.0000,0.0000,0.0000
58.0,0.0000,0.0000,0.0000,1.0000,-0.0001,-0.0001,-0.0000,0.0000,-0.0000,-0.0001,-0.0000,-0.0002,0.0000
58.5,0.0000,0.0000,0.0000,1.0000,-0.0000,-0.0001,-0.0000,0.0000,-0.0000,0.0000,-0.0000,0.0000,0.0000
59.0,0.0000,0.0000,0.0000,1.0000,-0.0000,-0.0000,-0.0000,0.0000,-0.0000,0.0000,-0.0000,0.0000,0.0000
59.5,0.0000,0.0000,0.0000,1.0000,0.0000,-0.0000,-0.0000,0.0000,-0.0000,0.0000,-0.0000,0.0000,0.0000
60.0,0.0000,0.0000,0.0000,1.0000,-0.0001,0.0000,-0.0000,0.0000,-0.0000,0.0003,-0.0000,0.0004,0.0000
60.5,0.0000,0.0000,0.0000,1.0000,-0.0001,0.0001,-0.0000,0.0000,0.0001,0.0000,0.0002,0.0000,0.0000
61.0,0.0000,0.0000,0.0000,1.0000,-0.0001,0.0000,-0.0000,0.0000,-0.0000,-0.0003,-0.0000,-0.0004,0.0000
61.5,0.0000,0.0000,0.0000,1.0000,0.0001,-0.0001,-0.0000,0.0000,-0.0001,-0.0001,-0.0002,-0.0002,0.0000
62.0,0.0000,0.0000,0.0000,1.0000,-0.0001,-0.0001,-0.0000,0.0000,-0.0003,-0.0003,-0.0004,-0.0004,0.0000
62.5,0.0000,0.0000,0.0000,1.0000,0.0000,-0.0002,-0.0000,0.0000,-0.0001,0.0000,-0.0002,0.0000,0.0000
63.0,0.0000,0.0000,0.0000,1.0000,0.0000,-0.0001,-0.0000,0.0000,-0.0000,0.0000,-0.0000,0.0000,0.0000
63.5,0.0000,0.0000,0.0000,1.0000,-0.0001,-0.0001,-0.0000,0.0000,-0.0000,0.0001,-0.0000,0.0002,0.0000
64.0,0.0000,0.0000,0.0000,1.0000,-0.0000,-0.0001,-0.0000,0.0000,-0.0000,-0.0001,-0.0000,-0.0002,0.0000
64.5,0.0000,0.0000,0.0000,1.0000,0.0000,-0.0001,-0.0000,0.0000,-0.0000,0.0001,-0.0000,0.0002,0.0000
65.0,0.0000,0.0000,0.0000,1.0000,-0.0001,-0.0000,-0.0000,0.0000,0.0001,0.0000,0.0002,0.0000,0.0000
65.5,0.0000,0.0000,0.0000,1.0000,-0.0000,-0.0001,-0.0000,0.0000,-0.0000,-0.0004,-0.0000,-0.0006,0.0000
66.0,0.0000,0.0000,0.0000,1.0000,-0.0001,-0.0002,-0.0000,0.0000,-0.0000,-0.0001,-0.0000,-0.0002,0.0000
66.5,0.0000,0.0000,0.0000,1.0000,-0.0002,-0.0002,-0.0000,0.0000,-0.0000,-0.0005,-0.0000,-0.0008,0.0000
67.0,0.0000,0.0000,0.0000,1.0000,0.0000,-0.0002,-0.0000,0.0000,0.0001,0.0000,0.0002,0.0000,0.0000
67.5,0.0000,0.0000,0.0000,1.0000,0.0000,-0.0002,-0.0000,0.0000,-0.0000,0.0000,-0.0000,0.0000,0.0000
68.0,0.0000,0.0000,0.0000,1.0000,0.0001,-0.0002,-0.0000,0.0000,0.0001,0.0001,0.0002,0.0002,0.0000
68.5,0.0000,0.0000,0.0000,1.0000,0.0000,-0.0002,-0.0000,0.0000,-0.0000,0.0000,-0.0000,0.0000,0.0000
69.0,0.0000,0.0000,0.0000,1.0000,0.0002,-0.0001,-0.0000,0.0000,0.0001,0.0004,0.0002,0.0006,0.0000
69.5,0.0000,0.0000,0.0000,1.0000,0.0000,-0.0001,-0.0000,0.0000,0.0003,0.0001,0.0004,0.0002,0.0000
70.0,0.0000,0.0000,0.0000,1.0000,0.0001,0.0000,-0.0000,0.0000,-0.0001,0.0004,-0.0002,0.0006,0.0000
70.5,0.0000,0.0000,0.0000,1.0000,0.0001,-0.0000,-0.0000,0.0000,-0.0001,0.0000,-0.0002,0.0000,0.0000
71.0,0.0000,0.0000,0.0000,1.0000,-0.0003,0.0000,-0.0000,0.0000,-0.0004,-0.0003,-0.0006,-0.0004,0.0000
71.5,0.0000,0.0000,0.0000,1.0000,-0.0002,0.0001,-0.0000,0.0000,0.0003,0.0001,0.0004,0.0002,0.0000
72.0,0.0000,0.0000,0.0000,1.0000,0.0001,0.0000,-0.0000,0.0000,0.0001,0.0001,0.0002,0.0002,0.0000
72.5,0.0000,0.0000,0.0000,1.0000,0.0000,0.0000,-0.0000,0.0000,-0.0000,0.0000,-0.0000,0.0000,0.0000
73.0,0.0000,0.0000,0.0000,1.0000,-0.0000,0.0000,-0.0000,0.0000,-0.0003,0.0000,-0.0004,0.0000,0.0000
73.5,0.0000,0.0000,0.0000,1.0000,-0.0000,0.0000,-0.0000,0.0000,0.0001,0.0000,0.0002,0.0000,0.0000
74.0,0.0000,0.0000,0.0000,1.0000,0.0000,-0.0000,-0.0000,0.0000,-0.0001,0.0001,-0.0002,0.0002,0.0000
74.5,0.0000,0.0000,0.0000,1.0000,-0.0000,0.0001,-0.0000,0.0000,-0.0000,-0.0001,-0.0000,-0.0002,0.0000
75.0,0.0000,0.0000,0.0000,1.0000,0.0000,-0.0000,-0.0000,0.0000,0.0001,-0.0001,0.0002,-0.0002,0.0000
75.5,0.0000,0.0000,0.0000,1.0000,-0.0001,-0.0001,-0.0000,0.0000,-0.0000,0.0000,-0.0000,0.0000,0.0000
76.0,0.0000,0.0000,0.0000,1.0000,0.0000,-0.0000,-0.0000,0.0000,-0.0000,0.0000,-0.0000,0.0000,0.0000
76.5,0.0000,0.0000,0.0000,1.0000,-0.0001,0.0000,-0.0000,0.0000,-0.0003,0.0000,-0.0004,0.0000,0.0000
77.0,0.0000,0.0000,0.0000,1.0000,0.0001,-0.0000,-0.0000,0.0000,-0.0001,-0.0001,-0.0002,-0.0002,0.0000
77.5,0.0000,0.0000,0.0000,1.0000,0.0000,-0.0000,-0.0000,0.0000,0.0001,0.0000,0.0002,0.0000,0.0000
78.0,0.0000,0.0000,0.0000,1.0000,-0.0000,-0.0001,-0.0000,0.0000,-0.0000,-0.0001,-0.0000,-0.0002,0.0000
78.5,0.0000,0.0000,0.0000,1.0000,-0.0000,-0.0001,-0.0000,0.0000,-0.0000,0.0000,-0.0000,0.0000,0.0000
79.0,0.0000,0.0000,0.0000,1.0000,-0.0000,-0.0001,-0.0000,0.0000,-0.0000,0.0000,-0.0000,0.0000,0.0000
79.5,0.0000,0.0000,0.0000,1.0000,0.0000,-0.0001,-0.0000,0.0000,0.0003,0.0000,0.0004,0.0000,0.0000
80.0,0.0000,0.0000,0.0000,1.0000,0.0001,-0.0001,-0.0000,0.0000,-0.0000,0.0001,-0.0000,0.0002,0.0000
80.5,0.0000,0.0000,0.0000,1.0000,-0.0000,-0.0000,-0.0000,0.0000,0.0001,-0.0003,0.0002,-0.0004,0.0000
81.0,0.0000,0.0000,0.0000,1.0000,0.0000,-0.0000,-0.0000,0.0000,-0.0000,-0.0001,-0.0000,-0.0002,0.0000
81.5,0.0000,0.0000,0.0000,1.0000,0.0000,-0.0000,-0.0000,0.0000,-0.0000,0.0000,-0.0000,0.0000,0.0000
82.0,0.0000,0.0000,0.0000,1.0000,0.0000,-0.0000,-0.0000,0.0000,-0.0000,0.0000,-0.0000,0.0000,0.0000
82.5,0.0000,0.0000,0.0000,1.0000,0.0000,0.0000,-0.0000,0.0000,0.0001,0.0000,0.0002,0.0000,0.0000
83.0,0.0000,0.0000,0.0000,1.0000,0.0000,0.0000,-0.0000,0.0000,-0.0000,0.0000,-0.0000,0.0000,0.0000
83.5,0.0000,0.0000,0.0000,1.0000,0.0001,-0.0001,-0.0000,0.0000,0.0003,0.0000,0.0004,0.0000,0.0000
84.0,0.0000,0.0000,0.0000,1.0000,-0.0002,-0.0002,-0.0000,0.0000,-0.0001,-0.0001,-0.0002,-0.0002,0.0000
84.5,0.0000,0.0000,0.0000,1.0000,-0.0001,-0.0002,-0.0000,0.0000,-0.0000,0.0000,-0.0000,0.0000,0.0000
85.0,0.0000,0.0000,0.0000,1.0000,-0.0001,-0.0002,-0.0000,0.0000,-0.0000,-0.0001,-0.0000,-0.0002,0.0000
85.5,0.0000,0.0000,0.0000,1.0000,-0.0000,-0.0001,-0.0000,0.0000,-0.0001,0.0000,-0.0002,0.0000,0.0000
86.0,0.0000,0.0000,0.0000,1.0000,-0.0000,-0.0000,-0.0000,0.0000,-0.0000,0.0004,-0.0000,0.0006,0.0000
86.5,0.0000,0.0000,0.0000,1.0000,-0.0001,0.0000,-0.0000,0.0000,-0.0001,-0.0001,-0.0002,-0.0002,0.0000
87.0,0.0000,0.0000,0.0000,1.0000,-0.0001,0.0000,-0.0000,0.0000,-0.0001,0.0001,-0.0002,0.0002,0.0000
87.5,0.0000,0.0000,0.0000,1.0000,-0.0001,-0.0000,-0.0000,0.0000,0.0001,0.0000,0.0002,0.0000,0.0000
88.0,0.0000,0.0000,0.0000,1.0000,-0.0001,-0.0001,-0.0000,0.0000,-0.0000,0.0000,-0.0000,0.0000,0.0000
88.5,0.0000,0.0000,0.0000,1.0000,0.0001,-0.0001,-0.0000,0.0000,0.0003,0.0000,0.0004,0.0000,0.0000
89.0,0.0000,0.0000,0.0000,1.0000,0.0000,-0.0001,-0.0000,0.0000,-0.0000,0.0000,-0.0000,0.0000,0.0000
89.5,0.0000,0.0000,0.0000,1.0000,0.0000,-0.0001,-0.0000,0.0000,-0.0000,0.0000,-0.0000,0.0000,0.0000
90.0,0.0000,0.0000,0.0000,1.0000,-0.0000,-0.0001,-0.0000,0.0000,0.0001,0.0000,0.0002,0.0000,0.0000
90.5,0.0000,0.0000,0.0000,1.0000,-0.0001,-0.0001,-0.0000,0.0000,-0.0003,-0.0003,-0.0004,-0.0004,0.0000
91.0,0.0000,0.0000,0.0000,1.0000,0.0001,-0.0001,-0.0000,0.0000,0.0001,0.0000,0.0002,0.0000,0.0000
91.5,0.0000,0.0000,0.0000,1.0000,0.0000,-0.0001,-0.0000,0.0000,-0.0001,-0.0003,-0.0002,-0.0004,0.0000
92.0,0.0000,0.0000,0.0000,1.0000,0.0001,-0.0001,-0.0000,0.0000,-0.0000,0.0001,-0.0000,0.0002,0.0000
92.5,0.0000,0.0000,0.0000,1.0000,0.0001,-0.0000,-0.0000,0.0000,0.0001,0.0000,0.0002,0.0000,0.0000
93.0,0.0000,0.0000,0.0000,1.0000,0.0001,-0.0000,-0.0000,0.0000,0.0003,-0.0001,0.0004,-0.0002,0.0000
93.5,0.0000,0.0000,0.0000,1.0000,0.0000,-0.0001,-0.0000,0.0000,0.0001,0.0000,0.0002,0.0000,0.0000
94.0,0.0000,0.0000,0.0000,1.0000,0.0000,-0.0001,-0.0000,0.0000,-0.0000,0.0001,-0.0000,0.0002,0.0000
94.5,0.0000,0.0000,0.0000,1.0000,-0.0000,-0.0001,-0.0000,0.0000,-0.0000,0.0000,-0.0000,0.0000,0.0000
95.0,0.0000,0.0000,0.0000,1.0000,-0.0001,-0.0000,-0.0000,0.0000,-0.0001,0.0000,-0.0002,0.0000,0.0000
95.5,0.0000,0.0000,0.0000,1.0000,-0.0001,-0.0000,-0.0000,0.0000,0.0001,0.0000,0.0002,0.0000,0.0000
96.0,0.0000,0.0000,0.0000,1.0000,0.0001,-0.0001,-0.0000,0.0000,0.0001,0.0000,0.0002,0.0000,0.0000
96.5,0.0000,0.0000,0.0000,1.0000,0.0000,-0.0001,-0.0000,0.0000,0.0003,0.0001,0.0004,0.0002,0.0000
97.0,0.0000,0.0000,0.0000,1.0000,0.0001,-0.0001,-0.0000,0.0000,-0.0000,0.0000,-0.0000,0.0000,0.0000
97.5,0.0000,0.0000,0.0000,1.0000,0.0001,-0.0002,-0.0000,0.0000,-0.0000,0.0003,-0.0000,0.0004,0.0000
98.0,0.0000,0.0000,0.0000,1.0000,-0.0001,-0.0001,-0.0000,0.0000,-0.0005,0.0000,-0.0008,0.0000,0.0000
98.5,0.0000,0.0000,0.0000,1.0000,-0.0002,-0.0002,-0.0000,0.0000,0.0001,0.0000,0.0002,0.0000,0.0000
99.0,0.0000,0.0000,0.0000,1.0000,-0.0001,-0.0001,-0.0000,0.0000,-0.0003,0.0001,-0.0004,0.0002,0.0000
99.5,0.0000,0.0000,0.0000,1.0000,-0.0001,0.0000,-0.0000,0.0000,0.0001,-0.0001,0.0002,-0.0002,0.0000
100.0,0.0000,0.0000,0.0000,1.0000,-0.0001,0.0001,-0.0000,0.0000,-0.0003,0.0000,-0.0004,0.0000,0.0000
100.5,0.0000,0.0000,0.0000,1.0000,-0.0000,0.0001,-0.0000,0.0000,-0.0000,0.0001,-0.0000,0.0002,0.0000
101.0,0.0000,0.0000,0.0000,1.0000,-0.0000,0.0001,-0.0000,0.0000,0.0004,0.0000,0.0006,0.0000,0.0000
101.5,0.0000,0.0000,0.0000,1.0000,0.0002,-0.0001,-0.0000,0.0000,0.0004,0.0000,0.0006,0.0000,0.0000
102.0,0.0000,0.0000,0.0000,1.0000,0.0000,-0.0001,-0.0000,0.0000,-0.0000,0.0000,-0.0000,0.0000,0.0000
102.5,0.0000,0.0000,0.0000,1.0000,-0.0001,-0.0001,-0.0000,0.0000,0.0003,0.0001,0.0004,0.0002,0.0000
103.0,0.0000,0.0000,0.0000,1.0000,-0.0000,-0.0001,-0.0000,0.0000,0.0001,0.0000,0.0002,0.0000,0.0000
103.5,0.0000,0.0000,0.0000,1.0000,-0.0000,-0.0001,-0.0000,0.0000,0.0001,0.0000,0.0002,0.0000,0.0000
104.0,0.0000,0.0000,0.0000,1.0000,-0.0000,-0.0000,-0.0000,0.0000,-0.0000,-0.0001,-0.0000,-0.0002,0.0000
104.5,0.0000,0.0000,0.0000,1.0000,-0.0000,-0.0000,-0.0000,0.0000,-0.0000,0.0000,-0.0000,0.0000,0.0000
105.0,0.0000,0.0000,0.0000,1.0000,-0.0001,0.0001,-0.0000,0.0000,-0.0003,0.0000,-0.0004,0.0000,0.0000
105.5,0.0000,0.0000,0.0000,1.0000,0.0000,0.0000,-0.0000,0.0000,0.0001,-0.0001,0.0002,-0.0002,0.0000
106.0,0.0000,0.0000,0.0000,1.0000,0.0000,-0.0000,-0.0000,0.0000,-0.0000,0.0000,-0.0000,0.0000,0.0000
106.5,0.0000,0.0000,0.0000,1.0000,0.0000,-0.0001,-0.0000,0.0000,0.0001,0.0000,0.0002,0.0000,0.0000
107.0,0.0000,0.0000,0.0000,1.0000,0.0000,0.0000,-0.0000,0.0000,-0.0001,0.0000,-0.0002,0.0000,0.0000
107.5,0.0000,0.0000,0.0000,1.0000,-0.0001,0.0001,-0.0000,0.0000,-0.0001,0.0000,-0.0002,0.0000,0.0000
108.0,0.0000,0.0000,0.0000,1.0000,-0.0000,0.0001,-0.0000,0.0000,-0.0001,0.0000,-0.0002,0.0000,0.0000
108.5,0.0000,0.0000,0.0000,1.0000,-0.0000,0.0001,-0.0000,0.0000,-0.0003,-0.0001,-0.0004,-0.0002,0.0000
109.0,0.0000,0.0000,0.0000,1.0000,0.0001,0.0000,-0.0000,0.0000,-0.0000,0.0000,-0.0000,0.0000,0.0000
109.5,0.0000,0.0000,0.0000,1.0000,0.0000,-0.0000,-0.0000,0.0000,0.0001,0.0000,0.0002,0.0000,0.0000
110.0,0.0000,0.0000,0.0000,1.0000,-0.0001,-0.0001,-0.0000,0.0000,-0.0000,-0.0004,-0.0000,-0.0006,0.0000
110.5,0.0000,0.0000,0.0000,1.0000,0.0001,-0.0001,-0.0000,0.0000,0.0001,0.0000,0.0002,0.0000,0.0000
111.0,0.0000,0.0000,0.0000,1.0000,0.0001,-0.0001,-0.0000,0.0000,-0.0000,0.0000,-0.0000,0.0000,0.0000
111.5,0.0000,0.0000,0.0000,1.0000,-0.0001,-0.0001,-0.0000,0.0000,-0.0001,-0.0001,-0.0002,-0.0002,0.0000
112.0,0.0000,0.0000,0.0000,1.0000,0.0000,-0.0001,-0.0000,0.0000,0.0001,0.0000,0.0002,0.0000,0.0000
112.5,0.0000,0.0000,0.0000,1.0000,-0.0001,-0.0001,-0.0000,0.0000,-0.0000,-0.0001,-0.0000,-0.0002,0.0000
113.0,0.0000,0.0000,0.0000,1.0000,-0.0001,-0.0001,-0.0000,0.0000,-0.0000,-0.0001,-0.0000,-0.0002,0.0000
113.5,0.0000,0.0000,0.0000,1.0000,-0.0001,-0.0002,-0.0000,0.0000,-0.0000,-0.0003,-0.0000,-0.0004,0.0000
114.0,0.0000,0.0000,0.0000,1.0000,-0.0001,-0.0003,-0.0000,0.0000,-0.0000,-0.0003,-0.0000,-0.0004,0.0000
114.5,0.0000,0.0000,0.0000,1.0000,0.0001,-0.0003,-0.0000,0.0000,0.0001,0.0000,0.0002,0.0000,0.0000
115.0,0.0000,0.0000,0.0000,1.0000,0.0001,-0.0002,-0.0000,0.0000,-0.0000,0.0000,-0.0000,0.0000,0.0000
115.5,0.0000,0.0000,0.0000,1.0000,-0.0000,-0.0001,-0.0000,0.0000,-0.0000,-0.0001,-0.0000,-0.0002,0.0000
116.0,0.0000,0.0000,0.0000,1.0000,-0.0001,-0.0001,-0.0000,0.0000,-0.0003,0.0000,-0.0004,0.0000,0.0000
116.5,0.0000,0.0000,0.0000,1.0000,-0.0001,0.0000,-0.0000,0.0000,0.0001,-0.0001,0.0002,-0.0002,0.0000
117.0,0.0000,0.0000,0.0000,1.0000,0.0001,-0.0000,-0.0000,0.0000,-0.0000,0.0003,-0.0000,0.0004,0.0000
117.5,0.0000,0.0000,0.0000,1.0000,0.0002,0.0001,-0.0000,0.0000,-0.0000,0.0005,-0.0000,0.0008,0.0000
118.0,0.0000,0.0000,0.0000,1.0000,0.0000,0.0002,-0.0000,0.0000,-0.0000,-0.0003,-0.0000,-0.0004,0.0000
118.5,0.0000,0.0000,0.0000,1.0000,-0.0002,0.0001,-0.0000,0.0000,-0.0001,-0.0003,-0.0002,-0.0004,0.0000
119.0,0.0000,0.0000,0.0000,1.0000,0.0000,0.0001,-0.0000,0.0000,-0.0000,-0.0001,-0.0000,-0.0002,0.0000
119.5,0.0000,0.0000,0.0000,1.0000,0.0001,0.0001,-0.0000,0.0000,0.0003,0.0001,0.0004,0.0002,0.0000
120.0,0.0000,0.0000,0.0000,1.0000,-0.0000,0.0001,-0.0000,0.0000,-0.0000,0.0003,-0.0000,0.0004,0.0000
120.5,0.0000,0.0000,0.0000,1.0000,0.0001,0.0002,-0.0000,0.0000,-0.0000,0.0000,-0.0000,0.0000,0.0000
121.0,0.0000,0.0000,0.0000,1.0000,-0.0000,0.0001,-0.0000,0.0000,-0.0000,-0.0001,-0.0000,-0.0002,0.0000
121.5,0.0000,0.0000,0.0000,1.0000,-0.0001,0.0000,-0.0000,0.0000,-0.0000,0.0000,-0.0000,0.0000,0.0000
122.0,0.0000,0.0000,0.0000,1.0000,-0.0000,0.0000,-0.0000,0.0000,-0.0000,0.0000,-0.0000,0.0000,0.0000
122.5,0.0000,0.0000,0.0000,1.0000,0.0000,0.0000,-0.0000,0.0000,-0.0000,-0.0001,-0.0000,-0.0002,0.0000
123.0,0.0000,0.0000,0.0000,1.0000,0.0000,0.0000,-0.0000,0.0000,-0.0000,0.0000,-0.0000,0.0000,0.0000
123.5,0.0000,0.0000,0.0000,1.0000,-0.0000,0.0000,-0.0000,0.0000,-0.0000,0.0000,-0.0000,0.0000,0.0000
124.0,0.0000,0.0000,0.0000,1.0000,-0.0000,0.0000,-0.0000,0.0000,-0.0000,-0.0001,-0.0000,-0.0002,0.0000
124.5,0.0000,0.0000,0.0000,1.0000,0.0001,0.0000,-0.0000,0.0000,0.0001,-0.0001,0.0002,-0.0002,0.0000
125.0,0.0000,0.0000,0.0000,1.0000,0.0001,0.0001,-0.0000,0.0000,0.0001,0.0008,0.0002,0.0012,0.0000
125.5,0.0000,0.0000,0.0000,1.0000,0.0004,0.0003,-0.0000,0.0000,-0.0000,0.0000,-0.0000,0.0000,0.0000
126.0,0.0000,0.0000,0.0000,1.0000,-0.0000,0.0002,-0.0000,0.0000,-0.0000,0.0000,-0.0000,0.0000,0.0000
126.5,0.0000,0.0000,0.0000,1.0000,-0.0001,0.0002,-0.0000,0.0000,-0.0003,-0.0001,-0.0004,-0.0002,0.0000
127.0,0.0000,0.0000,0.0000,1.0000,0.0000,0.0002,-0.0000,0.0000,0.0001,0.0000,0.0002,0.0000,0.0000
127.5,0.0000,0.0000,0.0000,1.0000,0.0001,0.0001,-0.0000,0.0000,-0.0000,0.0000,-0.0000,0.0000,0.0000
128.0,0.0000,0.0000,0.0000,1.0000,0.0000,0.0001,-0.0000,0.0000,-0.0000,0.0000,-0.0000,0.0000,0.0000
128.5,0.0000,0.0000,0.0000,1.0000,-0.0000,0.0001,-0.0000,0.0000,0.0001,0.0000,0.0002,0.0000,0.0000
129.0,0.0000,0.0000,0.0000,1.0000,0.0000,0.0001,-0.0000,0.0000,0.0001,0.0003,0.0002,0.0004,0.0000
129.5,0.0000,0.0000,0.0000,1.0000,0.0001,0.0001,-0.0000,0.0000,-0.0001,0.0001,-0.0002,0.0002,0.0000
130.0,0.0000,0.0000,0.0000,1.0000,-0.0001,0.0001,-0.0000,0.0000,-0.0000,-0.0001,-0.0000,-0.0002,0.0000
130.5,0.0000,0.0000,0.0000,1.0000,-0.0000,0.0000,-0.0000,0.0000,-0.0000,0.0000,-0.0000,0.0000,0.0000
131.0,0.0000,0.0000,0.0000,1.0000,0.0001,0.0001,-0.0000,0.0000,0.0001,0.0003,0.0002,0.0004,0.0000
131.5,0.0000,0.0000,0.0000,1.0000,0.0002,0.0000,-0.0000,0.0000,-0.0000,0.0004,-0.0000,0.0006,0.0000
132.0,0.0000,0.0000,0.0000,1.0000,-0.0000,0.0001,-0.0000,0.0000,-0.0000,0.0001,-0.0000,0.0002,0.0000
132.5,0.0000,0.0000,0.0000,1.0000,0.0001,0.0001,-0.0000,0.0000,-0.0001,-0.0001,-0.0002,-0.0002,0.0000
133.0,0.0000,0.0000,0.0000,1.0000,-0.0001,0.0001,-0.0000,0.0000,-0.0001,0.0000,-0.0002,0.0000,0.0000
133.5,0.0000,0.0000,0.0000,1.0000,-0.0001,0.0001,-0.0000,0.0000,-0.0000,0.0000,-0.0000,0.0000,0.0000
134.0,0.0000,0.0000,0.0000,1.0000,0.0000,0.0001,-0.0000,0.0000,-0.0001,0.0000,-0.0002,0.0000,0.0000
134.5,0.0000,0.0000,0.0000,1.0000,-0.0001,0.0001,-0.0000,0.0000,-0.0001,0.0000,-0.0002,0.0000,0.0000
135.0,0.0000,0.0000,0.0000,1.0000,0.0000,0.0001,-0.0000,0.0000,-0.0001,0.0000,-0.0002,0.0000,0.0000
135.5,0.0000,0.0000,0.0000,1.0000,0.0001,0.0001,-0.0000,0.0000,-0.0003,0.0001,-0.0004,0.0002,0.0000
136.0,0.0000,0.0000,0.0000,1.0000,0.0000,0.0001,-0.0000,0.0000,-0.0000,0.0000,-0.0000,0.0000,0.0000
136.5,0.0000,0.0000,0.0000,1.0000,0.0000,0.0001,-0.0000,0.0000,-0.0000,0.0001,-0.0000,0.0002,0.0000
137.0,0.0000,0.0000,0.0000,1.0000,0.0000,0.0001,-0.0000,0.0000,-0.0000,0.0001,-0.0000,0.0002,0.0000
137.5,0.0000,0.0000,0.0000,1.0000,-0.0001,0.0001,-0.0000,0.0000,-0.0000,-0.0001,-0.0000,-0.0002,0.0000
138.0,0.0000,0.0000,0.0000,1.0000,-0.0000,0.0000,-0.0000,0.0000,-0.0003,0.0000,-0.0004,0.0000,0.0000
138.5,0.0000,0.0000,0.0000,1.0000,0.0001,0.0001,-0.0000,0.0000,-0.0000,0.0000,-0.0000,0.0000,0.0000
139.0,0.0000,0.0000,0.0000,1.0000,-0.0001,0.0001,-0.0000,0.0000,-0.0001,0.0000,-0.0002,0.0000,0.0000
139.5,0.0000,0.0000,0.0000,1.0000,0.0001,-0.0000,-0.0000,0.0000,0.0003,0.0000,0.0004,0.0000,0.0000
140.0,0.0000,0.0000,0.0000,1.0000,0.0001,-0.0001,-0.0000,0.0000,0.0003,0.0001,0.0004,0.0002,0.0000
140.5,0.0000,0.0000,0.0000,1.0000,0.0002,-0.0001,-0.0000,0.0000,-0.0000,0.0000,-0.0000,0.0000,0.0000
141.0,0.0000,0.0000,0.0000,1.0000,0.0001,-0.0001,-0.0000,0.0000,0.0001,0.0000,0.0002,0.0000,0.0000
141.5,0.0000,0.0000,0.0000,1.0000,0.0001,-0.0000,-0.0000,0.0000,-0.0000,0.0000,-0.0000,0.0000,0.0000
142.0,0.0000,0.0000,0.0000,1.0000,0.0001,-0.0000,-0.0000,0.0000,0.0005,0.0000,0.0008,0.0000,0.0000
142.5,0.0000,0.0000,0.0000,1.0000,-0.0000,-0.0000,-0.0000,0.0000,-0.0000,0.0005,-0.0000,0.0008,0.0000
143.0,0.0000,0.0000,0.0000,1.0000,0.0000,0.0000,-0.0000,0.0000,0.0001,0.0000,0.0002,0.0000,0.0000
143.5,0.0000,0.0000,0.0000,1.0000,0.0000,-0.0000,-0.0000,0.0000,-0.0000,0.0000,-0.0000,0.0000,0.0000
144.0,0.0000,0.0000,0.0000,1.0000,0.0000,0.0000,-0.0000,0.0000,0.0003,-0.0001,0.0004,-0.0002,0.0000
144.5,0.0000,0.0000,0.0000,1.0000,-0.0000,0.0001,-0.0000,0.0000,0.0001,0.0001,0.0002,0.0002,0.0000
145.0,0.0000,0.0000,0.0000,1.0000,0.0000,0.0001,-0.0000,0.0000,-0.0004,0.0000,-0.0006,0.0000,0.0000
145.5,0.0000,0.0000,0.0000,1.0000,-0.0001,0.0001,-0.0000,0.0000,-0.0000,0.0005,-0.0000,0.0008,0.0000
146.0,0.0000,0.0000,0.0000,1.0000,-0.0000,0.0001,-0.0000,0.0000,-0.0000,0.0000,-0.0000,0.0000,0.0000
146.5,0.0000,0.0000,0.0000,1.0000,-0.0000,0.0002,-0.0000,0.0000,-0.0000,-0.0003,-0.0000,-0.0004,0.0000
147.0,0.0000,0.0000,0.0000,1.0000,0.0000,0.0001,-0.0000,0.0000,-0.0001,-0.0001,-0.0002,-0.0002,0.0000
147.5,0.0000,0.0000,0.0000,1.0000,-0.0001,0.0001,-0.0000,0.0000,-0.0001,-0.0001,-0.0002,-0.0002,0.0000
148.0,0.0000,0.0000,0.0000,1.0000,-0.0001,0.0002,-0.0000,0.0000,-0.0003,0.0000,-0.0004,0.0000,0.0000
148.5,0.0000,0.0000,0.0000,1.0000,0.0000,0.0002,-0.0000,0.0000,-0.0001,0.0001,-0.0002,0.0002,0.0000
149.0,0.0000,0.0000,0.0000,1.0000,-0.0000,0.0002,-0.0000,0.0000,-0.0001,0.0000,-0.0002,0.0000,0.0000
149.5,0.0000,0.0000,0.0000,1.0000,-0.0000,0.0002,-0.0000,0.0000,-0.0001,-0.0001,-0.0002,-0.0002,0.0000
150.0,0.0000,0.0000,0.0000,1.0000,-0.0000,0.0001,-0.0000,0.0000,-0.0000,0.0000,-0.0000,0.0000,0.0000
150.5,0.0000,0.0000,0.0000,1.0000,0.0001,0.0001,-0.0000,0.0000,-0.0000,0.0001,-0.0000,0.0002,0.0000
151.0,0.0000,0.0000,0.0000,1.0000,0.0000,0.0001,-0.0000,0.0000,0.0003,-0.0001,0.0004,-0.0002,0.0000
151.5,0.0000,0.0000,0.0000,1.0000,-0.0000,-0.0000,-0.0000,0.0000,-0.0000,-0.0003,-0.0000,-0.0004,0.0000
152.0,0.0000,0.0000,0.0000,1.0000,-0.0000,-0.0000,-0.0000,0.0000,-0.0001,-0.0003,-0.0002,-0.0004,0.0000
152.5,0.0000,0.0000,0.0000,1.0000,0.0000,0.0001,-0.0000,0.0000,-0.0001,0.0001,-0.0002,0.0002,0.0000
153.0,0.0000,0.0000,0.0000,1.0000,0.0001,0.0002,-0.0000,0.0000,-0.0000,0.0003,-0.0000,0.0004,0.0000
153.5,0.0000,0.0000,0.0000,1.0000,-0.0000,0.0001,-0.0000,0.0000,0.0001,-0.0001,0.0002,-0.0002,0.0000
154.0,0.0000,0.0000,0.0000,1.0000,0.0001,0.0002,-0.0000,0.0000,-0.0001,-0.0001,-0.0002,-0.0002,0.0000
154.5,0.0000,0.0000,0.0000,1.0000,0.0001,0.0002,-0.0000,0.0000,-0.0000,0.0005,-0.0000,0.0008,0.0000
155.0,0.0000,0.0000,0.0000,1.0000,-0.0001,0.0002,-0.0000,0.0000,-0.0000,0.0005,-0.0000,0.0008,0.0000
155.5,0.0000,0.0000,0.0000,1.0000,-0.0000,0.0002,-0.0000,0.0000,0.0001,0.0003,0.0002,0.0004,0.0000
156.0,0.0000,0.0000,0.0000,1.0000,0.0000,0.0001,-0.0000,0.0000,-0.0000,0.0001,-0.0000,0.0002,0.0000
156.5,0.0000,0.0000,0.0000,1.0000,0.0000,0.0001,-0.0000,0.0000,-0.0000,0.0000,-0.0000,0.0000,0.0000
157.0,0.0000,0.0000,0.0000,1.0000,0.0000,0.0001,-0.0000,0.0000,-0.0000,0.0001,-0.0000,0.0002,0.0000
157.5,0.0000,0.0000,0.0000,1.0000,-0.0001,0.0000,-0.0000,0.0000,0.0001,-0.0003,0.0002,-0.0004,0.0000
158.0,0.0000,0.0000,0.0000,1.0000,-0.0000,0.0000,-0.0000,0.0000,-0.0003,0.0000,-0.0004,0.0000,0.0000
158.5,0.0000,0.0000,0.0000,1.0000,-0.0000,0.0001,-0.0000,0.0000,0.0001,0.0001,0.0002,0.0002,0.0000
159.0,0.0000,0.0000,0.0000,1.0000,-0.0000,0.0001,-0.0000,0.0000,-0.0001,-0.0001,-0.0002,-0.0002,0.0000
159.5,0.0000,0.0000,0.0000,1.0000,-0.0001,0.0001,-0.0000,0.0000,-0.0001,-0.0001,-0.0002,-0.0002,0.0000
160.0,0.0000,0.0000,0.0000,1.0000,-0.0000,0.0001,-0.0000,0.0000,-0.0000,0.0001,-0.0000,0.0002,0.0000
160.5,0.0000,0.0000,0.0000,1.0000,-0.0000,0.0001,-0.0000,0.0000,-0.0001,0.0000,-0.0002,0.0000,0.0000
161.0,0.0000,0.0000,0.0000,1.0000,-0.0000,0.0001,-0.0000,0.0000,-0.0000,0.0000,-0.0000,0.0000,0.0000
161.5,0.0000,0.0000,0.0000,1.0000,0.0000,0.0001,-0.0000,0.0000,-0.0000,0.0000,-0.0000,0.0000,0.0000
162.0,0.0000,0.0000,0.0000,1.0000,0.0000,0.0001,-0.0000,0.0000,0.0001,0.0000,0.0002,0.0000,0.0000
162.5,0.0000,0.0000,0.0000,1.0000,0.0000,0.0001,-0.0000,0.0000,-0.0000,0.0000,-0.0000,0.0000,0.0000
163.0,0.0000,0.0000,0.0000,1.0000,-0.0000,0.0000,-0.0000,0.0000,-0.0000,0.0000,-0.0000,0.0000,0.0000
163.5,0.0000,0.0000,0.0000,1.0000,-0.0000,0.0000,-0.0000,0.0000,-0.0000,0.0001,-0.0000,0.0002,0.0000
164.0,0.0000,0.0000,0.0000,1.0000,-0.0000,0.0000,-0.0000,0.0000,-0.0000,0.0000,-0.0000,0.0000,0.0000
164.5,0.0000,0.0000,0.0000,1.0000,0.0001,0.0001,-0.0000,0.0000,-0.0000,0.0000,-0.0000,0.0000,0.0000
165.0,0.0000,0.0000,0.0000,1.0000,0.0001,0.0000,-0.0000,0.0000,0.0003,0.0001,0.0004,0.0002,0.0000
165.5,0.0000,0.0000,0.0000,1.0000,0.0000,-0.0000,-0.0000,0.0000,-0.0001,0.0000,-0.0002,0.0000,0.0000
166.0,0.0000,0.0000,0.0000,1.0000,0.0001,-0.0001,-0.0000,0.0000,0.0001,-0.0003,0.0002,-0.0004,0.0000
166.5,0.0000,0.0000,0.0000,1.0000,-0.0001,-0.0002,-0.0000,0.0000,-0.0000,0.0000,-0.0000,0.0000,0.0000
167.0,0.0000,0.0000,0.0000,1.0000,-0.0000,-0.0001,-0.0000,0.0000,-0.0001,0.0000,-0.0002,0.0000,0.0000
167.5,0.0000,0.0000,0.0000,1.0000,-0.0000,-0.0000,-0.0000,0.0000,-0.0001,0.0000,-0.0002,0.0000,0.0000
168.0,0.0000,0.0000,0.0000,1.0000,0.0000,0.0000,-0.0000,0.0000,0.0003,0.0000,0.0004,0.0000,0.0000
168.5,0.0000,0.0000,0.0000,1.0000,0.0001,-0.0000,-0.0000,0.0000,-0.0000,0.0001,-0.0000,0.0002,0.0000
169.0,0.0000,0.0000,0.0000,1.0000,0.0001,-0.0000,-0.0000,0.0000,-0.0001,0.0000,-0.0002,0.0000,0.0000
169.5,0.0000,0.0000,0.0000,1.0000,-0.0001,0.0000,-0.0000,0.0000,-0.0001,0.0001,-0.0002,0.0002,0.0000
170.0,0.0000,0.0000,0.0000,1.0000,-0.0001,0.0001,-0.0000,0.0000,-0.0000,-0.0001,-0.0000,-0.0002,0.0000
170.5,0.0000,0.0000,0.0000,1.0000,-0.0000,-0.0000,-0.0000,0.0000,0.0001,0.0003,0.0002,0.0004,0.0000
171.0,0.0000,0.0000,0.0000,1.0000,0.0001,0.0000,-0.0000,0.0000,0.0001,0.0000,0.0002,0.0000,0.0000
171.5,0.0000,0.0000,0.0000,1.0000,0.0000,-0.0000,-0.0000,0.0000,-0.0001,0.0000,-0.0002,0.0000,0.0000
172.0,0.0000,0.0000,0.0000,1.0000,-0.0000,-0.0000,-0.0000,0.0000,-0.0000,-0.0001,-0.0000,-0.0002,0.0000
172.5,0.0000,0.0000,0.0000,1.0000,-0.0001,-0.0001,-0.0000,0.0000,0.0001,0.0000,0.0002,0.0000,0.0000
173.0,0.0000,0.0000,0.0000,1.0000,0.0000,-0.0000,-0.0000,0.0000,-0.0000,0.0000,-0.0000,0.0000,0.0000
173.5,0.0000,0.0000,0.0000,1.0000,-0.0001,-0.0000,-0.0000,0.0000,0.0001,-0.0003,0.0002,-0.0004,0.0000
174.0,0.0000,0.0000,0.0000,1.0000,-0.0000,0.0000,-0.0000,0.0000,-0.0001,0.0001,-0.0002,0.0002,0.0000
174.5,0.0000,0.0000,0.0000,1.0000,-0.0001,0.0001,-0.0000,0.0000,-0.0000,0.0004,-0.0000,0.0006,0.0000
175.0,0.0000,0.0000,0.0000,1.0000,0.0000,0.0001,-0.0000,0.0000,-0.0001,0.0000,-0.0002,0.0000,0.0000
175.5,0.0000,0.0000,0.0000,1.0000,0.0001,0.0000,-0.0000,0.0000,-0.0001,0.0003,-0.0002,0.0004,0.0000
176.0,0.0000,0.0000,0.0000,1.0000,0.0001,0.0000,-0.0000,0.0000,-0.0000,0.0003,-0.0000,0.0004,0.0000
176.5,0.0000,0.0000,0.0000,1.0000,0.0002,0.0001,-0.0000,0.0000,0.0001,0.0003,0.0002,0.0004,0.0000
177.0,0.0000,0.0000,0.0000,1.0000,0.0000,0.0001,-0.0000,0.0000,-0.0000,-0.0001,-0.0000,-0.0002,0.0000
177.5,0.0000,0.0000,0.0000,1.0000,-0.0001,0.0000,-0.0000,0.0000,-0.0001,0.0000,-0.0002,0.0000,0.0000
178.0,0.0000,0.0000,0.0000,1.0000,-0.0000,0.0001,-0.0000,0.0000,-0.0000,0.0000,-0.0000,0.0000,0.0000
178.5,0.0000,0.0000,0.0000,1.0000,0.0001,0.0000,-0.0000,0.0000,0.0001,0.0000,0.0002,0.0000,0.0000
179.0,0.0000,0.0000,0.0000,1.0000,0.0002,-0.0000,-0.0000,0.0000,0.0001,0.0004,0.0002,0.0006,0.0000
179.5,0.0000,0.0000,0.0000,1.0000,-0.0000,0.0000,-0.0000,0.0000,-0.0000,0.0000,-0.0000,0.0000,0.0000
180.0,0.0000,0.0000,0.0000,1.0000,-0.0000,-0.0001,-0.0000,0.0000,-0.0000,0.0000,-0.0000,0.0000,0.0000
180.5,0.0000,0.0000,0.0000,1.0000,-0.0000,-0.0000,-0.0000,0.0000,0.0003,-0.0001,0.0004,-0.0002,0.0000
181.0,0.0000,0.0000,0.0000,1.0000,-0.0000,-0.0001,-0.0000,0.0000,-0.0001,-0.0001,-0.0002,-0.0002,0.0000
181.5,0.0000,0.0000,0.0000,1.0000,0.0000,-0.0001,-0.0000,0.0000,-0.0000,0.0000,-0.0000,0.0000,0.0000
182.0,0.0000,0.0000,0.0000,1.0000,-0.0000,-0.0001,-0.0000,0.0000,-0.0000,-0.0001,-0.0000,-0.0002,0.0000
182.5,0.0000,0.0000,0.0000,1.0000,0.0001,-0.0001,-0.0000,0.0000,-0.0001,0.0003,-0.0002,0.0004,0.0000
183.0,0.0000,0.0000,0.0000,1.0000,0.0000,-0.0000,-0.0000,0.0000,-0.0000,0.0003,-0.0000,0.0004,0.0000
183.5,0.0000,0.0000,0.0000,1.0000,0.0001,0.0001,-0.0000,0.0000,-0.0000,0.0000,-0.0000,0.0000,0.0000
184.0,0.0000,0.0000,0.0000,1.0000,0.0001,0.0001,-0.0000,0.0000,-0.0000,0.0000,-0.0000,0.0000,0.0000
184.5,0.0000,0.0000,0.0000,1.0000,0.0000,0.0001,-0.0000,0.0000,0.0001,0.0000,0.0002,0.0000,0.0000
185.0,0.0000,0.0000,0.0000,1.0000,0.0000,0.0001,-0.0000,0.0000,-0.0001,0.0001,-0.0002,0.0002,0.0000
185.5,0.0000,0.0000,0.0000,1.0000,-0.0000,0.0001,-0.0000,0.0000,-0.0001,0.0001,-0.0002,0.0002,0.0000
186.0,0.0000,0.0000,0.0000,1.0000,0.0001,0.0002,-0.0000,0.0000,0.0001,0.0001,0.0002,0.0002,0.0000
186.5,0.0000,0.0000,0.0000,1.0000,-0.0000,0.0002,-0.0000,0.0000,-0.0000,0.0001,-0.0000,0.0002,0.0000
187.0,0.0000,0.0000,0.0000,1.0000,-0.0000,0.0001,-0.0000,0.0000,-0.0000,-0.0003,-0.0000,-0.0004,0.0000
187.5,0.0000,0.0000,0.0000,1.0000,0.0001,0.0002,-0.0000,0.0000,-0.0000,0.0001,-0.0000,0.0002,0.0000
188.0,0.0000,0.0000,0.0000,1.0000,0.0001,0.0002,-0.0000,0.0000,-0.0000,0.0001,-0.0000,0.0002,0.0000
188.5,0.0000,0.0000,0.0000,1.0000,0.0001,0.0002,-0.0000,0.0000,-0.0000,0.0000,-0.0000,0.0000,0.0000
189.0,0.0000,0.0000,0.0000,1.0000,-0.0002,0.0000,-0.0000,0.0000,-0.0000,-0.0008,-0.0000,-0.0012,0.0000
189.5,0.0000,0.0000,0.0000,1.0000,0.0001,-0.0000,-0.0000,0.0000,-0.0000,0.0001,-0.0000,0.0002,0.0000
190.0,0.0000,0.0000,0.0000,1.0000,0.0000,0.0000,-0.0000,0.0000,-0.0000,0.0000,-0.0000,0.0000,0.0000
190.5,0.0000,0.0000,0.0000,1.0000,-0.0000,0.0000,-0.0000,0.0000,-0.0000,0.0000,-0.0000,0.0000,0.0000
191.0,0.0000,0.0000,0.0000,1.0000,0.0001,0.0000,-0.0000,0.0000,0.0001,0.0003,0.0002,0.0004,0.0000
191.5,0.0000,0.0000,0.0000,1.0000,-0.0001,0.0001,-0.0000,0.0000,-0.0001,0.0000,-0.0002,0.0000,0.0000
192.0,0.0000,0.0000,0.0000,1.0000,-0.0000,0.0001,-0.0000,0.0000,-0.0000,0.0000,-0.0000,0.0000,0.0000
192.5,0.0000,0.0000,0.0000,1.0000,-0.0000,0.0000,-0.0000,0.0000,-0.0000,0.0000,-0.0000,0.0000,0.0000
193.0,0.0000,0.0000,0.0000,1.0000,-0.0001,0.0001,-0.0000,0.0000,-0.0000,0.0000,-0.0000,0.0000,0.0000
193.5,0.0000,0.0000,0.0000,1.0000,-0.0002,0.0002,-0.0000,0.0000,-0.0004,0.0000,-0.0006,0.0000,0.0000
194.0,0.0000,0.0000,0.0000,1.0000,0.0000,0.0002,-0.0000,0.0000,-0.0000,0.0000,-0.0000,0.0000,0.0000
194.5,0.0000,0.0000,0.0000,1.0000,0.0001,0.0003,-0.0000,0.0000,0.0001,0.0003,0.0002,0.0004,0.0000
195.0,0.0000,0.0000,0.0000,1.0000,0.0000,0.0002,-0.0000,0.0000,-0.0000,0.0000,-0.0000,0.0000,0.0000
195.5,0.0000,0.0000,0.0000,1.0000,0.0000,0.0002,-0.0000,0.0000,-0.0001,0.0000,-0.0002,0.0000,0.0000
196.0,0.0000,0.0000,0.0000,1.0000,0.0000,0.0002,-0.0000,0.0000,0.0001,0.0001,0.0002,0.0002,0.0000
196.5,0.0000,0.0000,0.0000,1.0000,0.0001,0.0002,-0.0000,0.0000,-0.0000,0.0003,-0.0000,0.0004,0.0000
197.0,0.0000,0.0000,0.0000,1.0000,0.0000,0.0002,-0.0000,0.0000,0.0001,0.0001,0.0002,0.0002,0.0000
197.5,0.0000,0.0000,0.0000,1.0000,0.0001,0.0003,-0.0000,0.0000,-0.0000,0.0004,-0.0000,0.0006,0.0000
198.0,0.0000,0.0000,0.0000,1.0000,0.0001,0.0004,-0.0000,0.0000,-0.0000,0.0001,-0.0000,0.0002,0.0000
198.5,0.0000,0.0000,0.0000,1.0000,0.0001,0.0003,-0.0000,0.0000,0.0003,0.0001,0.0004,0.0002,0.0000
199.0,0.0000,0.0000,0.0000,1.0000,-0.0000,0.0003,-0.0000,0.0000,-0.0000,-0.0001,-0.0000,-0.0002,0.0000
199.5,0.0000,0.0000,0.0000,1.0000,0.0000,0.0001,-0.0000,0.0000,0.0001,0.0000,0.0002,0.0000,0.0000
200.0,0.0000,0.0000,0.0000,1.0000,-0.0000,0.0001,-0.0000,0.0000,-0.0001,0.0000,-0.0002,0.0000,0.0000
200.5,0.0000,0.0000,0.0000,1.0000,-0.0000,0.0001,-0.0000,0.0000,-0.0000,0.0000,-0.0000,0.0000,0.0000
201.0,0.0000,0.0000,0.0000,1.0000,0.0001,0.0002,-0.0000,0.0000,0.0001,0.0003,0.0002,0.0004,0.0000
201.5,0.0000,0.0000,0.0000,1.0000,-0.0000,0.0001,-0.0000,0.0000,-0.0000,0.0000,-0.0000,0.0000,0.0000
202.0,0.0000,0.0000,0.0000,1.0000,0.0000,0.0000,-0.0000,0.0000,0.0003,-0.0001,0.0004,-0.0002,0.0000
202.5,0.0000,0.0000,0.0000,1.0000,0.0000,-0.0000,-0.0000,0.0000,-0.0000,0.0001,-0.0000,0.0002,0.0000
203.0,0.0000,0.0000,0.0000,1.0000,0.0001,-0.0001,-0.0000,0.0000,0.0005,-0.0001,0.0008,-0.0002,0.0000
203.5,0.0000,0.0000,0.0000,1.0000,0.0001,-0.0002,-0.0000,0.0000,0.0001,0.0000,0.0002,0.0000,0.0000
204.0,0.0000,0.0000,0.0000,1.0000,0.0000,-0.0001,-0.0000,0.0000,-0.0000,0.0000,-0.0000,0.0000,0.0000
204.5,0.0000,0.0000,0.0000,1.0000,0.0001,-0.0001,-0.0000,0.0000,-0.0001,0.0001,-0.0002,0.0002,0.0000
205.0,0.0000,0.0000,0.0000,1.0000,0.0000,-0.0000,-0.0000,0.0000,-0.0000,0.0001,-0.0000,0.0002,0.0000
205.5,0.0000,0.0000,0.0000,1.0000,-0.0000,0.0000,-0.0000,0.0000,-0.0000,0.0000,-0.0000,0.0000,0.0000
206.0,0.0000,0.0000,0.0000,1.0000,-0.0000,0.0000,-0.0000,0.0000,-0.0000,0.0000,-0.0000,0.0000,0.0000
206.5,0.0000,0.0000,0.0000,1.0000,-0.0001,0.0001,-0.0000,0.0000,-0.0001,0.0000,-0.0002,0.0000,0.0000
207.0,0.0000,0.0000,0.0000,1.0000,0.0001,0.0001,-0.0000,0.0000,-0.0000,0.0001,-0.0000,0.0002,0.0000
207.5,0.0000,0.0000,0.0000,1.0000,0.0001,0.0001,-0.0000,0.0000,0.0001,0.0000,0.0002,0.0000,0.0000
208.0,0.0000,0.0000,0.0000,1.0000,0.0000,0.0001,-0.0000,0.0000,0.0001,0.0000,0.0002,0.0000,0.0000
208.5,0.0000,0.0000,0.0000,1.0000,0.0000,0.0001,-0.0000,0.0000,-0.0000,0.0000,-0.0000,0.0000,0.0000
209.0,0.0000,0.0000,0.0000,1.0000,0.0001,0.0001,-0.0000,0.0000,0.0001,0.0001,0.0002,0.0002,0.0000
209.5,0.0000,0.0000,0.0000,1.0000,0.0000,0.0001,-0.0000,0.0000,-0.0000,0.0000,-0.0000,0.0000,0.0000
210.0,0.0000,0.0000,0.0000,1.0000,0.0001,0.0001,-0.0000,0.0000,-0.0000,0.0001,-0.0000,0.0002,0.0000
210.5,0.0000,0.0000,0.0000,1.0000,0.0000,0.0001,-0.0000,0.0000,0.0001,0.0003,0.0002,0.0004,0.0000
211.0,0.0000,0.0000,0.0000,1.0000,0.0001,0.0001,-0.0000,0.0000,-0.0000,-0.0001,-0.0000,-0.0002,0.0000
211.5,0.0000,0.0000,0.0000,1.0000,0.0000,0.0001,-0.0000,0.0000,-0.0003,0.0000,-0.0004,0.0000,0.0000
212.0,0.0000,0.0000,0.0000,1.0000,-0.0000,0.0002,-0.0000,0.0000,-0.0000,0.0001,-0.0000,0.0002,0.0000
212.5,0.0000,0.0000,0.0000,1.0000,0.0000,0.0001,-0.0000,0.0000,0.0001,0.0001,0.0002,0.0002,0.0000
213.0,0.0000,0.0000,0.0000,1.0000,0.0000,0.0001,-0.0000,0.0000,-0.0000,0.0001,-0.0000,0.0002,0.0000
213.5,0.0000,0.0000,0.0000,1.0000,0.0000,0.0002,-0.0000,0.0000,-0.0001,0.0001,-0.0002,0.0002,0.0000
214.0,0.0000,0.0000,0.0000,1.0000,0.0001,0.0001,-0.0000,0.0000,-0.0000,0.0000,-0.0000,0.0000,0.0000
214.5,0.0000,0.0000,0.0000,1.0000,-0.0000,0.0001,-0.0000,0.0000,-0.0000,0.0000,-0.0000,0.0000,0.0000
215.0,0.0000,0.0000,0.0000,1.0000,0.0000,0.0001,-0.0000,0.0000,-0.0003,-0.0005,-0.0004,-0.0008,0.0000
215.5,0.0000,0.0000,0.0000,1.0000,0.0001,0.0001,-0.0000,0.0000,-0.0001,0.0000,-0.0002,0.0000,0.0000
216.0,0.0000,0.0000,0.0000,1.0000,-0.0001,0.0001,-0.0000,0.0000,-0.0001,0.0000,-0.0002,0.0000,0.0000
216.5,0.0000,0.0000,0.0000,1.0000,0.0001,0.0000,-0.0000,0.0000,-0.0000,0.0000,-0.0000,0.0000,0.0000
217.0,0.0000,0.0000,0.0000,1.0000,-0.0001,-0.0000,-0.0000,0.0000,-0.0001,0.0000,-0.0002,0.0000,0.0000
217.5,0.0000,0.0000,0.0000,1.0000,0.0000,0.0000,-0.0000,0.0000,-0.0000,0.0000,-0.0000,0.0000,0.0000
218.0,0.0000,0.0000,0.0000,1.0000,0.0001,0.0000,-0.0000,0.0000,0.0001,-0.0001,0.0002,-0.0002,0.0000
218.5,0.0000,0.0000,0.0000,1.0000,0.0000,0.0001,-0.0000,0.0000,-0.0000,0.0000,-0.0000,0.0000,0.0000
219.0,0.0000,0.0000,0.0000,1.0000,-0.0001,0.0000,-0.0000,0.0000,0.0001,-0.0001,0.0002,-0.0002,0.0000
219.5,0.0000,0.0000,0.0000,1.0000,0.0001,-0.0000,-0.0000,0.0000,-0.0000,0.0001,-0.0000,0.0002,0.0000
220.0,0.0000,0.0000,0.0000,1.0000,0.0000,-0.0000,-0.0000,0.0000,-0.0000,0.0000,-0.0000,0.0000,0.0000
220.5,0.0000,0.0000,0.0000,1.0000,0.0001,0.0000,-0.0000,0.0000,0.0003,0.0000,0.0004,0.0000,0.0000
221.0,0.0000,0.0000,0.0000,1.0000,-0.0001,0.0001,-0.0000,0.0000,-0.0000,0.0000,-0.0000,0.0000,0.0000
221.5,0.0000,0.0000,0.0000,1.0000,-0.0001,-0.0000,-0.0000,0.0000,-0.0001,0.0000,-0.0002,0.0000,0.0000
222.0,0.0000,0.0000,0.0000,1.0000,0.0001,0.0001,-0.0000,0.0000,-0.0001,0.0003,-0.0002,0.0004,0.0000
222.5,0.0000,0.0000,0.0000,1.0000,0.0001,0.0002,-0.0000,0.0000,-0.0001,0.0000,-0.0002,0.0000,0.0000
223.0,0.0000,0.0000,0.0000,1.0000,0.0001,0.0002,-0.0000,0.0000,0.0001,-0.0001,0.0002,-0.0002,0.0000
223.5,0.0000,0.0000,0.0000,1.0000,0.0001,0.0002,-0.0000,0.0000,-0.0000,0.0001,-0.0000,0.0002,0.0000
224.0,0.0000,0.0000,0.0000,1.0000,-0.0000,0.0002,-0.0000,0.0000,-0.0001,0.0000,-0.0002,0.0000,0.0000
224.5,0.0000,0.0000,0.0000,1.0000,0.0000,0.0001,-0.0000,0.0000,-0.0000,0.0000,-0.0000,0.0000,0.0000
225.0,0.0000,0.0000,0.0000,1.0000,-0.0000,0.0001,-0.0000,0.0000,0.0001,-0.0003,0.0002,-0.0004,0.0000
225.5,0.0000,0.0000,0.0000,1.0000,-0.0000,-0.0000,-0.0000,0.0000,-0.0004,-0.0001,-0.0006,-0.0002,0.0000
226.0,0.0000,0.0000,0.0000,1.0000,-0.0001,0.0000,-0.0000,0.0000,-0.0000,0.0000,-0.0000,0.0000,0.0000
226.5,0.0000,0.0000,0.0000,1.0000,-0.0000,0.0000,-0.0000,0.0000,-0.0000,0.0000,-0.0000,0.0000,0.0000
227.0,0.0000,0.0000,0.0000,1.0000,0.0000,0.0000,-0.0000,0.0000,0.0004,0.0000,0.0006,0.0000,0.0000
227.5,0.0000,0.0000,0.0000,1.0000,-0.0001,-0.0001,-0.0000,0.0000,0.0005,-0.0004,0.0008,-0.0006,0.0000
228.0,0.0000,0.0000,0.0000,1.0000,0.0000,-0.0002,-0.0000,0.0000,-0.0000,0.0001,-0.0000,0.0002,0.0000
228.5,0.0000,0.0000,0.0000,1.0000,-0.0000,-0.0000,-0.0000,0.0000,-0.0000,0.0000,-0.0000,0.0000,0.0000
229.0,0.0000,0.0000,0.0000,1.0000,-0.0000,-0.0000,-0.0000,0.0000,-0.0000,0.0000,-0.0000,0.0000,0.0000
229.5,0.0000,0.0000,0.0000,1.0000,0.0001,0.0000,-0.0000,0.0000,-0.0003,-0.0001,-0.0004,-0.0002,0.0000
230.0,0.0000,0.0000,0.0000,1.0000,0.0001,0.0001,-0.0000,0.0000,0.0004,0.0000,0.0006,0.0000,0.0000
230.5,0.0000,0.0000,0.0000,1.0000,-0.0001,0.0000,-0.0000,0.0000,-0.0000,0.0000,-0.0000,0.0000,0.0000
231.0,0.0000,0.0000,0.0000,1.0000,-0.0001,0.0001,-0.0000,0.0000,-0.0001,0.0000,-0.0002,0.0000,0.0000
231.5,0.0000,0.0000,0.0000,1.0000,-0.0000,0.0000,-0.0000,0.0000,0.0003,-0.0004,0.0004,-0.0006,0.0000
232.0,0.0000,0.0000,0.0000,1.0000,0.0000,-0.0002,-0.0000,0.0000,0.0001,0.0000,0.0002,0.0000,0.0000
232.5,0.0000,0.0000,0.0000,1.0000,-0.0000,-0.0001,-0.0000,0.0000,-0.0000,0.0000,-0.0000,0.0000,0.0000
233.0,0.0000,0.0000,0.0000,1.0000,0.0000,-0.0001,-0.0000,0.0000,-0.0000,0.0001,-0.0000,0.0002,0.0000
233.5,0.0000,0.0000,0.0000,1.0000,0.0000,-0.0001,-0.0000,0.0000,-0.0001,0.0001,-0.0002,0.0002,0.0000
234.0,0.0000,0.0000,0.0000,1.0000,0.0001,0.0000,-0.0000,0.0000,-0.0000,0.0000,-0.0000,0.0000,0.0000
234.5,0.0000,0.0000,0.0000,1.0000,0.0001,0.0000,-0.0000,0.0000,-0.0000,-0.0001,-0.0000,-0.0002,0.0000
235.0,0.0000,0.0000,0.0000,1.0000,0.0000,-0.0000,-0.0000,0.0000,-0.0000,0.0000,-0.0000,0.0000,0.0000
235.5,0.0000,0.0000,0.0000,1.0000,-0.0001,-0.0000,-0.0000,0.0000,-0.0000,-0.0001,-0.0000,-0.0002,0.0000
236.0,0.0000,0.0000,0.0000,1.0000,-0.0001,-0.0001,-0.0000,0.0000,-0.0000,0.0000,-0.0000,0.0000,0.0000
236.5,0.0000,0.0000,0.0000,1.0000,-0.0000,-0.0001,-0.0000,0.0000,0.0001,0.0000,0.0002,0.0000,0.0000
237.0,0.0000,0.0000,0.0000,1.0000,0.0000,-0.0001,-0.0000,0.0000,-0.0001,-0.0001,-0.0002,-0.0002,0.0000
237.5,0.0000,0.0000,0.0000,1.0000,0.0001,-0.0000,-0.0000,0.0000,-0.0000,0.0001,-0.0000,0.0002,0.0000
238.0,0.0000,0.0000,0.0000,1.0000,-0.0000,0.0000,-0.0000,0.0000,-0.0001,0.0000,-0.0002,0.0000,0.0000
238.5,0.0000,0.0000,0.0000,1.0000,0.0000,0.0001,-0.0000,0.0000,-0.0000,0.0000,-0.0000,0.0000,0.0000
239.0,0.0000,0.0000,0.0000,1.0000,-0.0001,0.0000,-0.0000,0.0000,-0.0001,0.0000,-0.0002,0.0000,0.0000
239.5,0.0000,0.0000,0.0000,1.0000,-0.0000,0.0001,-0.0000,0.0000,-0.0000,-0.0001,-0.0000,-0.0002,0.0000
240.0,0.0000,0.0000,0.0000,1.0000,-0.0001,0.0001,-0.0000,0.0000,0.0001,-0.0001,0.0002,-0.0002,0.0000
240.5,0.0000,0.0000,0.0000,1.0000,-0.0001,-0.0000,-0.0000,0.0000,-0.0001,-0.0001,-0.0002,-0.0002,0.0000
241.0,0.0000,0.0000,0.0000,1.0000,-0.0000,0.0000,-0.0000,0.0000,-0.0001,0.0000,-0.0002,0.0000,0.0000
241.5,0.0000,0.0000,0.0000,1.0000,0.0000,0.0000,-0.0000,0.0000,-0.0000,-0.0001,-0.0000,-0.0002,0.0000
242.0,0.0000,0.0000,0.0000,1.0000,-0.0001,-0.0001,-0.0000,0.0000,-0.0000,-0.0008,-0.0000,-0.0012,0.0000
242.5,0.0000,0.0000,0.0000,1.0000,-0.0000,-0.0002,-0.0000,0.0000,-0.0000,-0.0001,-0.0000,-0.0002,0.0000
243.0,0.0000,0.0000,0.0000,1.0000,-0.0000,-0.0001,-0.0000,0.0000,-0.0000,-0.0001,-0.0000,-0.0002,0.0000
243.5,0.0000,0.0000,0.0000,1.0000,-0.0000,-0.0002,-0.0000,0.0000,0.0001,-0.0003,0.0002,-0.0004,0.0000
244.0,0.0000,0.0000,0.0000,1.0000,-0.0001,-0.0003,-0.0000,0.0000,-0.0000,-0.0004,-0.0000,-0.0006,0.0000
244.5,0.0000,0.0000,0.0000,1.0000,-0.0002,-0.0003,-0.0000,0.0000,-0.0001,0.0000,-0.0002,0.0000,0.0000
245.0,17.8020,20.5619,0.0273,0.9996,-0.0000,-0.0003,-0.0000,0.0000,-0.0000,-0.0001,-0.0000,-0.0002,0.0000
245.5,17.8020,20.5619,0.0273,0.9996,-0.0000,-0.0002,-0.0000,0.0000,-0.0000,0.0000,-0.0000,0.0000,0.0000
246.0,17.8020,20.5619,0.0273,0.9996,-0.0000,-0.0001,-0.0000,0.0000,-0.0000,0.0000,-0.0000,0.0000,0.0000
246.5,17.8020,20.5619,0.0273,0.9996,0.0000,-0.0001,-0.0000,0.0000,-0.0000,0.0001,-0.0000,0.0002,0.0000
247.0,17.8020,20.5619,0.0273,0.9996,0.0000,-0.0000,-0.0000,0.0000,-0.0001,0.0000,-0.0002,0.0000,0.0000
247.5,17.8020,20.5619,0.0273,0.9996,-0.0001,0.0000,-0.0000,0.0000,-0.0000,-0.0001,-0.0000,-0.0002,0.0000
248.0,17.8020,20.5619,0.0273,0.9996,0.0001,-0.0001,-0.0000,0.0000,0.0003,-0.0001,0.0004,-0.0002,0.0000
248.5,17.8020,20.5619,0.0273,0.9996,0.0000,-0.0001,-0.0000,0.0000,-0.0000,0.0000,-0.0000,0.0000,0.0000
249.0,17.8020,20.5619,0.0273,0.9996,-0.0000,-0.0002,-0.0000,0.0000,0.0001,-0.0003,0.0002,-0.0004,0.0000
249.5,17.8020,20.5619,0.0273,0.9996,-0.0000,-0.0003,-0.0000,0.0000,0.0004,0.0000,0.0006,0.0000,0.0000
250.0,17.8020,20.5619,0.0273,0.9996,0.0000,-0.0002,-0.0000,0.0000,-0.0001,0.0000,-0.0002,0.0000,0.0000
250.5,17.8020,20.5619,0.0273,0.9996,0.0001,-0.0002,-0.0000,0.0000,0.0001,0.0000,0.0002,0.0000,0.0000
251.0,17.8952,20.3196,-0.0039,1.0000,-0.0000,-0.0002,-0.0000,0.0000,-0.0000,-0.0001,-0.0000,-0.0002,0.0000
251.5,17.8952,20.3196,-0.0039,1.0000,0.0000,-0.0002,-0.0000,0.0000,-0.0000,0.0000,-0.0000,0.0000,0.0000
252.0,17.8952,20.3196,-0.0039,1.0000,-0.0000,-0.0002,-0.0000,0.0000,-0.0000,-0.0003,-0.0000,-0.0004,0.0000
252.5,17.8952,20.3196,-0.0039,1.0000,-0.0000,-0.0001,-0.0000,0.0000,-0.0001,0.0000,-0.0002,0.0000,0.0000
253.0,17.8952,20.3196,-0.0039,1.0000,-0.0000,-0.0000,-0.0000,0.0000,-0.0001,0.0000,-0.0002,0.0000,0.0000
253.5,17.8952,20.3196,-0.0039,1.0000,-0.0001,0.0000,-0.0000,0.0000,-0.0000,0.0000,-0.0000,0.0000,0.0000
254.0,17.8952,20.3196,-0.0039,1.0000,0.0000,0.0000,-0.0000,0.0000,0.0005,-0.0001,0.0008,-0.0002,0.0000
254.5,17.8952,20.3196,-0.0039,1.0000,0.0000,-0.0001,-0.0000,0.0000,-0.0000,-0.0003,-0.0000,-0.0004,0.0000
255.0,17.8952,20.3196,-0.0039,1.0000,-0.0000,-0.0000,-0.0000,0.0000,-0.0001,0.0000,-0.0002,0.0000,0.0000
255.5,17.9953,20.6024,0.0102,0.9999,0.0000,0.0000,-0.0000,0.0000,-0.0000,0.0000,-0.0000,0.0000,0.0000
256.0,17.9953,20.6024,0.0102,0.9999,0.0001,0.0000,-0.0000,0.0000,-0.0000,0.0001,-0.0000,0.0002,0.0000
256.5,17.9953,20.6024,0.0102,0.9999,-0.0001,-0.0000,-0.0000,0.0000,-0.0004,-0.0001,-0.0006,-0.0002,0.0000
257.0,17.9953,20.6024,0.0102,0.9999,-0.0001,0.0003,-0.0000,0.0000,-0.0001,-0.0001,-0.0002,-0.0002,0.0000
257.5,17.9953,20.6024,0.0102,0.9999,0.0000,0.0002,-0.0000,0.0000,-0.0000,-0.0004,-0.0000,-0.0006,0.0000
258.0,17.9953,20.6024,0.0102,0.9999,0.0001,0.0001,-0.0000,0.0000,0.0003,0.0000,0.0004,0.0000,0.0000
258.5,17.9953,20.6024,0.0102,0.9999,0.0001,-0.0000,-0.0000,0.0000,0.0001,0.0001,0.0002,0.0002,0.0000
259.0,17.9953,20.6024,0.0102,0.9999,-0.0000,0.0001,-0.0000,0.0000,-0.0003,0.0000,-0.0004,0.0000,0.0000
259.5,17.9953,20.6024,0.0102,0.9999,-0.0002,0.0000,-0.0000,0.0000,-0.0000,-0.0005,-0.0000,-0.0008,0.0000
260.0,17.9953,20.6024,0.0102,0.9999,-0.0002,-0.0002,-0.0000,0.0000,-0.0000,-0.0001,-0.0000,-0.0002,0.0000
260.5,17.9018,20.8692,0.0060,1.0000,0.0001,0.0000,-0.0000,0.0000,-0.0000,-0.0001,-0.0000,-0.0002,0.0000
261.0,17.9018,20.8692,0.0060,1.0000,-0.0000,0.0000,-0.0000,0.0000,0.0001,-0.0001,0.0002,-0.0002,0.0000
261.5,17.9018,20.8692,0.0060,1.0000,-0.0000,-0.0000,-0.0000,0.0000,-0.0000,0.0001,-0.0000,0.0002,0.0000
262.0,17.9018,20.8692,0.0060,1.0000,-0.0000,-0.0000,-0.0000,0.0000,0.0003,0.0000,0.0004,0.0000,0.0000
262.5,17.9018,20.8692,0.0060,1.0000,-0.0001,-0.0000,-0.0000,0.0000,0.0001,-0.0001,0.0002,-0.0002,0.0000
263.0,17.9018,20.8692,0.0060,1.0000,0.0000,-0.0000,-0.0000,0.0000,-0.0000,0.0001,-0.0000,0.0002,0.0000
263.5,17.9018,20.8692,0.0060,1.0000,0.0001,0.0000,-0.0000,0.0000,-0.0000,0.0001,-0.0000,0.0002,0.0000
264.0,17.9018,20.8692,0.0060,1.0000,0.0000,-0.0000,-0.0000,0.0000,0.0001,0.0000,0.0002,0.0000,0.0000
264.5,17.9018,20.8692,0.0060,1.0000,0.0001,-0.0001,-0.0000,0.0000,-0.0000,0.0000,-0.0000,0.0000,0.0000
265.0,17.9018,20.8692,0.0060,1.0000,-0.0000,-0.0001,-0.0000,0.0000,-0.0000,0.0000,-0.0000,0.0000,0.0000
265.5,17.9018,20.8692,0.0060,1.0000,-0.0000,-0.0000,-0.0000,0.0000,-0.0000,0.0000,-0.0000,0.0000,0.0000
266.0,17.9018,20.8692,0.0060,1.0000,-0.0000,-0.0000,-0.0000,0.0000,-0.0000,0.0000,-0.0000,0.0000,0.0000
266.5,17.9018,20.8692,0.0060,1.0000,-0.0001,0.0001,-0.0000,0.0000,-0.0003,0.0001,-0.0004,0.0002,0.0000
267.0,17.9018,20.8692,0.0060,1.0000,0.0001,0.0002,-0.0000,0.0000,-0.0000,0.0001,-0.0000,0.0002,0.0000
267.5,17.9478,20.8328,-0.0048,1.0000,-0.0000,0.0001,-0.0000,0.0000,-0.0000,0.0000,-0.0000,0.0000,0.0000
268.0,17.9478,20.8328,-0.0048,1.0000,0.0000,0.0001,-0.0000,0.0000,-0.0000,0.0001,-0.0000,0.0002,0.0000
268.5,17.9478,20.8328,-0.0048,1.0000,0.0001,0.0001,-0.0000,0.0000,-0.0000,0.0000,-0.0000,0.0000,0.0000
269.0,17.9478,20.8328,-0.0048,1.0000,0.0000,0.0002,-0.0000,0.0000,-0.0001,0.0001,-0.0002,0.0002,0.0000
269.5,17.9478,20.8328,-0.0048,1.0000,-0.0000,0.0002,-0.0000,0.0000,-0.0003,0.0001,-0.0004,0.0002,0.0000
270.0,17.9478,20.8328,-0.0048,1.0000,0.0001,0.0002,-0.0000,0.0000,0.0001,0.0000,0.0002,0.0000,0.0000
270.5,17.9478,20.8328,-0.0048,1.0000,0.0000,0.0001,-0.0000,0.0000,-0.0000,0.0000,-0.0000,0.0000,0.0000
271.0,17.9478,20.8328,-0.0048,1.0000,0.0000,0.0001,-0.0000,0.0000,0.0001,0.0000,0.0002,0.0000,0.0000
271.5,17.9478,20.8328,-0.0048,1.0000,0.0001,0.0000,-0.0000,0.0000,-0.0000,-0.0003,-0.0000,-0.0004,0.0000
272.0,17.9478,20.8328,-0.0048,1.0000,-0.0001,0.0000,-0.0000,0.0000,-0.0003,0.0001,-0.0004,0.0002,0.0000
272.5,17.9478,20.8328,-0.0048,1.0000,0.0000,0.0001,-0.0000,0.0000,0.0001,-0.0001,0.0002,-0.0002,0.0000
273.0,17.9478,20.8328,-0.0048,1.0000,0.0067,-0.0002,-0.4533,0.1467,0.0342,0.0300,0.0544,0.0477,0.0000
273.5,17.9478,20.8328,-0.0048,1.0000,0.0395,0.0003,-0.5035,0.0965,0.0450,0.1066,0.0717,0.1696,0.0000
274.0,17.9478,20.8328,-0.0048,1.0000,0.1342,-0.0043,-0.5200,0.0800,0.1480,0.1177,0.2356,0.1873,0.0000
274.5,18.0757,20.8131,-0.0346,0.9994,0.1523,-0.0467,-0.4910,0.1090,0.2314,0.0809,0.3683,0.1287,0.0000
275.0,18.1568,20.7919,-0.0967,0.9953,0.1945,-0.1224,-0.4016,0.2210,0.3252,0.1041,0.5175,0.1656,0.0000
275.5,18.3048,20.7012,-0.2381,0.9713,0.2527,-0.1889,-0.3314,0.3802,0.3630,0.1816,0.5777,0.2890,0.0000
276.0,18.4524,20.5676,-0.3583,0.9336,0.2886,-0.2188,-0.1877,0.4123,0.4604,0.2856,0.7327,0.4546,0.0000
276.5,18.5518,20.4493,-0.4084,0.9128,0.3412,-0.1928,-0.0265,0.3738,0.3168,0.3375,0.5042,0.5371,0.0000
277.0,18.6451,20.3470,-0.3901,0.9208,0.2894,-0.0715,0.0275,0.3875,0.0864,0.4006,0.1375,0.6375,0.0000
277.5,18.8131,20.2107,-0.1872,0.9823,0.1845,0.1044,0.0413,0.4013,-0.0196,0.3903,-0.0312,0.6212,0.0000
278.0,18.8987,20.1791,-0.0088,1.0000,0.1807,0.2748,0.0102,0.3702,-0.0445,0.4091,-0.0708,0.6510,0.0000
278.5,19.0001,20.2417,0.2503,0.9682,0.1750,0.3970,-0.0717,0.2883,-0.0055,0.3507,-0.0088,0.5581,0.0000
279.0,19.0414,20.3032,0.3880,0.9217,0.1551,0.4338,-0.2517,0.3083,0.0365,0.2699,0.0581,0.4296,0.0000
279.5,19.0958,20.3977,0.4968,0.8678,0.1721,0.4192,-0.2914,0.3086,0.0699,0.2744,0.1112,0.4367,0.0000
280.0,19.1169,20.4377,0.5398,0.8418,0.2448,0.3975,-0.2975,0.3025,0.1857,0.3195,0.2956,0.5085,0.0000
280.5,19.1524,20.5182,0.5845,0.8114,0.2660,0.3377,-0.2924,0.3076,0.2539,0.2990,0.4042,0.4758,0.0000
281.0,19.1934,20.6405,0.6068,0.7949,0.2980,0.2624,-0.2762,0.3238,0.2894,0.3032,0.4606,0.4825,0.0000
281.5,19.2792,20.8538,0.6005,0.7997,0.3080,0.2134,-0.2465,0.3535,0.2886,0.3244,0.4594,0.5163,0.0000
282.0,19.3204,20.9793,0.6105,0.7921,0.3001,0.1984,-0.2225,0.3775,0.2373,0.3588,0.3777,0.5710,0.0000
282.5,19.3447,21.1000,0.6421,0.7666,0.3003,0.2161,-0.2291,0.3709,0.2183,0.3826,0.3475,0.6090,0.0000
283.0,19.3611,21.2183,0.6854,0.7281,0.3001,0.2336,-0.2587,0.3413,0.2196,0.3701,0.3496,0.5890,0.0000
283.5,19.3492,21.4761,0.7537,0.6572,0.2876,0.2255,-0.2908,0.3092,0.2454,0.3397,0.3906,0.5406,0.0000
284.0,19.3368,21.5997,0.7710,0.6368,0.2969,0.1997,-0.4455,0.4102,0.2931,0.3327,0.4665,0.5296,0.0000
284.5,19.3196,21.7264,0.7740,0.6331,0.3196,0.1700,-0.4311,0.3866,0.3143,0.3911,0.5002,0.6225,0.0000
285.0,19.2822,21.9578,0.7762,0.6305,0.4076,0.1317,-0.4121,0.3682,0.4308,0.3920,0.6856,0.6240,0.0000
285.5,19.2665,22.0894,0.7614,0.6483,0.3937,0.0787,-0.3663,0.3424,0.4102,0.3469,0.6529,0.5521,0.0000
286.0,19.2318,22.3440,0.7364,0.6766,0.3505,0.0417,-0.3134,0.3191,0.3659,0.3343,0.5823,0.5321,0.0000
286.5,19.2006,22.5625,0.7254,0.6883,0.3518,0.0192,-0.2913,0.3095,0.3622,0.3413,0.5765,0.5431,0.0000
287.0,19.1869,22.6788,0.7250,0.6888,0.3002,0.0137,-0.2963,0.3037,0.2897,0.3123,0.4610,0.4971,0.0000
287.5,19.1811,22.8027,0.7285,0.6851,0.2998,0.0173,-0.3022,0.2978,0.2931,0.3075,0.4665,0.4894,0.0000
288.0,19.1503,23.0543,0.7383,0.6745,0.2990,0.0176,-0.3108,0.2892,0.2996,0.2944,0.4769,0.4685,0.0000
288.5,19.1340,23.1734,0.7369,0.6760,0.2972,0.0067,-0.3196,0.2804,0.3081,0.2872,0.4904,0.4571,0.0000
289.0,19.1222,23.2914,0.7319,0.6814,0.3009,-0.0083,-0.3188,0.2812,0.3202,0.2787,0.5096,0.4435,0.0000
289.5,19.1150,23.4182,0.7213,0.6926,0.3012,-0.0246,-0.3104,0.2896,0.3210,0.2825,0.5108,0.4496,0.0000
290.0,19.1027,23.6748,0.7012,0.7130,0.2973,-0.0361,-0.3022,0.2978,0.3067,0.2922,0.4881,0.4650,0.0000
290.5,19.1036,23.7994,0.6954,0.7186,0.2989,-0.0319,-0.2952,0.3048,0.2971,0.3009,0.4729,0.4790,0.0000
291.0,19.1047,23.9220,0.6974,0.7167,0.3012,-0.0198,-0.2951,0.3049,0.2961,0.3102,0.4712,0.4938,0.0000
291.5,19.1045,24.0485,0.7018,0.7124,0.3024,-0.0090,-0.4996,0.4986,0.2941,0.3036,0.4681,0.4831,0.0000
292.0,19.0956,24.2984,0.7078,0.7064,0.3235,0.0014,-0.6041,0.5959,0.3572,0.3922,0.5685,0.6242,0.0000
292.5,19.0970,24.4385,0.7104,0.7038,0.4068,0.0176,-0.6102,0.5898,0.4259,0.4665,0.6779,0.7425,0.0000
293.0,19.0973,24.7065,0.7152,0.6989,0.4926,0.0256,-0.5742,0.5516,0.4851,0.5265,0.7721,0.8379,0.0000
293.5,19.0905,24.9752,0.7150,0.6991,0.5335,0.0253,-0.4750,0.4507,0.5254,0.5019,0.8363,0.7987,0.0000
294.0,19.0936,25.2348,0.7027,0.7115,0.4727,0.0082,-0.3992,0.3793,0.4786,0.4561,0.7617,0.7258,0.0000
294.5,19.0937,25.3787,0.6953,0.7187,0.4120,-0.0138,-0.2978,0.3022,0.4000,0.3708,0.6367,0.5902,0.0000
295.0,19.0981,25.6173,0.6842,0.7293,0.3082,-0.0169,-0.2895,0.3105,0.2966,0.3003,0.4721,0.4779,0.0000
295.5,19.1019,25.7427,0.6856,0.7279,0.2886,-0.0125,-0.2893,0.3107,0.2885,0.3142,0.4592,0.5000,0.0000
296.0,19.1018,25.8583,0.6928,0.7211,0.3049,0.0046,-0.0936,0.2664,0.2927,0.3217,0.4658,0.5121,0.0000
296.5,19.0858,26.0978,0.7130,0.7012,0.2789,0.0126,0.0016,0.3616,0.1227,0.2617,0.1952,0.4165,0.0000
297.0,19.0777,26.2126,0.7558,0.6548,0.1674,0.0906,0.0328,0.3928,0.0007,0.3032,0.0010,0.4825,0.0000
297.5,19.0485,26.2924,0.8451,0.5346,0.1639,0.2034,0.0239,0.3839,-0.0157,0.4026,-0.0250,0.6408,0.0000
298.0,18.9950,26.3577,0.9255,0.3787,0.1847,0.3415,-0.0630,0.2970,-0.0306,0.3644,-0.0487,0.5800,0.0000
298.5,18.8999,26.4146,0.9903,0.1393,0.1640,0.4258,-0.2708,0.3292,-0.0001,0.3176,-0.0002,0.5054,0.0000
299.0,18.8317,26.4124,0.9997,0.0260,0.1939,0.4409,-0.3437,0.2563,0.1086,0.3081,0.1729,0.4904,0.0000
299.5,18.7706,26.4040,-0.9994,0.0356,0.1947,0.3999,-0.4849,0.3579,0.1755,0.2409,0.2794,0.3833,0.0000
300.0,18.6889,26.3941,-0.9967,0.0807,0.2234,0.3239,-0.6124,0.4918,0.1995,0.2465,0.3175,0.3923,0.0000
300.5,18.5805,26.3772,-0.9954,0.0962,0.2888,0.2931,-0.5867,0.4938,0.2119,0.3636,0.3373,0.5788,0.0000
301.0,18.3551,26.3124,-0.9844,0.1761,0.3774,0.2729,-0.4405,0.3315,0.4085,0.4605,0.6502,0.7329,0.0000
301.5,18.2461,26.2735,-0.9834,0.1817,0.3710,0.1875,-0.3869,0.2131,0.3835,0.2571,0.6104,0.4092,0.0000
302.0,18.0021,26.2125,-0.9960,0.0893,0.2895,0.0710,-0.3777,0.2223,0.3843,0.1890,0.6117,0.3008,0.0000
302.5,17.8847,26.2117,-1.0000,0.0072,0.3012,-0.0224,-0.3874,0.3534,0.3584,0.2496,0.5704,0.3973,0.0000
303.0,17.7603,26.2230,0.9986,0.0538,0.3168,-0.0553,-0.4127,0.4889,0.3875,0.3166,0.6167,0.5040,0.0000
303.5,17.5321,26.2696,0.9935,0.1142,0.3842,-0.0661,-0.3021,0.4279,0.4070,0.3697,0.6477,0.5883,0.0000
304.0,17.4235,26.2973,0.9922,0.1249,0.3766,-0.0391,-0.2161,0.3839,0.2661,0.3948,0.4235,0.6283,0.0000
304.5,17.2041,26.3346,0.9970,0.0774,0.3033,0.0281,-0.2317,0.3683,0.2081,0.3763,0.3313,0.5990,0.0000
305.0,17.0851,26.3347,1.0000,0.0072,0.2899,0.0990,-0.4014,0.4417,0.2059,0.3746,0.3277,0.5962,0.0000
305.5,16.9672,26.3233,-0.9983,0.0575,0.3082,0.1315,-0.3936,0.3349,0.2915,0.3707,0.4640,0.5900,0.0000
306.0,16.7270,26.2668,-0.9915,0.1302,0.3333,0.1265,-0.4479,0.3313,0.3347,0.3310,0.5327,0.5269,0.0000
306.5,16.5955,26.2402,-0.9924,0.1228,0.3396,0.0706,-0.3739,0.2261,0.3943,0.2449,0.6275,0.3898,0.0000
307.0,16.4595,26.2158,-0.9972,0.0743,0.2928,-0.0095,-0.3846,0.2859,0.3670,0.2146,0.5842,0.3416,0.0000
307.5,16.3282,26.2107,-1.0000,0.0093,0.3154,-0.0710,-0.3042,0.2958,0.3816,0.2787,0.6073,0.4435,0.0000
308.0,16.0776,26.2269,0.9968,0.0797,0.3099,-0.0845,-0.2686,0.3314,0.2935,0.2975,0.4671,0.4735,0.0000
308.5,15.9437,26.2331,0.9971,0.0762,0.3004,-0.0588,-0.3598,0.4554,0.2729,0.3468,0.4344,0.5519,0.0000
309.0,15.8218,26.2372,0.9986,0.0523,0.3349,-0.0120,-0.2713,0.3287,0.3241,0.3924,0.5158,0.6246,0.0000
309.5,15.5684,26.2375,1.0000,0.0091,0.3804,0.0097,-0.2953,0.3047,0.3613,0.3978,0.5750,0.6331,0.0000
310.0,15.4476,26.2317,-1.0000,0.0014,0.2879,0.0155,-0.3141,0.2859,0.2806,0.2945,0.4467,0.4688,0.0000
310.5,15.3184,26.2238,-0.9999,0.0140,0.2871,0.0178,-0.3216,0.2784,0.2806,0.2945,0.4467,0.4688,0.0000
311.0,15.0936,26.2084,-0.9997,0.0264,0.2985,0.0180,-0.3230,0.2770,0.2945,0.3036,0.4688,0.4831,0.0000
311.5,14.9745,26.1996,-0.9997,0.0249,0.2935,0.0090,-0.4502,0.3990,0.3206,0.2937,0.5102,0.4675,0.0000
312.0,14.8580,26.1938,-0.9999,0.0145,0.3811,-0.0071,-0.3423,0.3423,0.4286,0.3957,0.6821,0.6298,0.0000
312.5,14.5970,26.1987,0.9998,0.0182,0.3999,-0.0215,-0.0000,0.0000,0.3148,0.3127,0.5010,0.4977,0.0000
313.0,14.4740,26.2046,0.9996,0.0297,0.1426,-0.0356,-0.2912,0.3088,0.0289,0.0050,0.0460,0.0079,0.0000
313.5,14.3649,26.2054,0.9990,0.0458,0.0192,-0.0336,-0.2873,0.3127,0.0732,0.0652,0.1165,0.1037,0.0000
314.0,14.3649,26.2054,0.9990,0.0458,0.1078,-0.0137,-0.2863,0.3137,0.1038,0.1678,0.1652,0.2671,0.0000
314.5,14.3649,26.2054,0.9990,0.0458,0.1913,-0.0030,-0.2902,0.3098,0.1855,0.2008,0.2952,0.3196,0.0000
315.0,14.2453,26.2139,0.9995,0.0314,0.2798,0.0073,-0.2974,0.3026,0.2916,0.2999,0.4642,0.4773,0.0000
315.5,14.0126,26.2155,0.9998,0.0185,0.3018,0.0109,-0.3034,0.2966,0.2973,0.3037,0.4731,0.4833,0.0000
316.0,13.8890,26.2167,0.9999,0.0166,0.2645,0.0070,-0.0000,0.0000,0.1762,0.1660,0.2804,0.2642,0.0000
316.5,13.7853,26.2206,0.9997,0.0250,0.0514,-0.0001,-0.0000,0.0000,0.0022,-0.0014,0.0035,-0.0023,0.0000
317.0,13.7853,26.2206,0.9997,0.0250,-0.0037,-0.0015,-0.0000,0.0000,-0.0000,-0.0001,-0.0000,-0.0002,0.0000
317.5,13.7853,26.2206,0.9997,0.0250,-0.0021,-0.0011,-0.0000,0.0000,-0.0000,-0.0001,-0.0000,-0.0002,0.0000
318.0,13.7853,26.2206,0.9997,0.0250,-0.0033,-0.0009,-0.0000,0.0000,-0.0000,-0.0001,-0.0000,-0.0002,0.0000
318.5,13.7853,26.2206,0.9997,0.0250,-0.0010,-0.0006,-0.0000,0.0000,-0.0001,0.0001,-0.0002,0.0002,0.0000
319.0,13.7853,26.2206,0.9997,0.0250,-0.0017,-0.0005,-0.0000,0.0000,-0.0000,0.0000,-0.0000,0.0000,0.0000
319.5,13.7853,26.2206,0.9997,0.0250,-0.0006,-0.0003,-0.0000,0.0000,-0.0003,0.0000,-0.0004,0.0000,0.0000
320.0,13.7853,26.2206,0.9997,0.0250,-0.0003,-0.0001,-0.0000,0.0000,-0.0000,0.0001,-0.0000,0.0002,0.0000
320.5,13.7853,26.2206,0.9997,0.0250,-0.0002,-0.0000,-0.0000,0.0000,0.0003,0.0003,0.0004,0.0004,0.0000
321.0,13.7853,26.2206,0.9997,0.0250,-0.0005,-0.0000,-0.0000,0.0000,-0.0000,0.0000,-0.0000,0.0000,0.0000
321.5,13.7853,26.2206,0.9997,0.0250,-0.0003,0.0000,-0.0000,0.0000,-0.0001,-0.0001,-0.0002,-0.0002,0.0000
322.0,13.7853,26.2206,0.9997,0.0250,-0.0001,0.0001,-0.0000,0.0000,-0.0004,0.0000,-0.0006,0.0000,0.0000
322.5,13.7853,26.2206,0.9997,0.0250,-0.0001,0.0001,-0.0000,0.0000,-0.0000,0.0000,-0.0000,0.0000,0.0000
323.0,13.7853,26.2206,0.9997,0.0250,-0.0001,0.0002,-0.0000,0.0000,-0.0000,0.0000,-0.0000,0.0000,0.0000
323.5,13.7853,26.2206,0.9997,0.0250,-0.0001,0.0001,-0.0000,0.0000,-0.0000,0.0001,-0.0000,0.0002,0.0000
324.0,13.7853,26.2206,0.9997,0.0250,0.0002,0.0001,-0.0000,0.0000,0.0003,0.0000,0.0004,0.0000,0.0000
324.5,13.7853,26.2206,0.9997,0.0250,-0.0000,0.0000,-0.0000,0.0000,0.0001,0.0000,0.0002,0.0000,0.0000
325.0,13.7853,26.2206,0.9997,0.0250,-0.0000,-0.0000,-0.0000,0.0000,-0.0000,-0.0001,-0.0000,-0.0002,0.0000
325.5,13.7853,26.2206,0.9997,0.0250,-0.0001,-0.0000,-0.0000,0.0000,0.0001,-0.0001,0.0002,-0.0002,0.0000
326.0,13.7853,26.2206,0.9997,0.0250,-0.0000,-0.0001,-0.0000,0.0000,0.0001,-0.0003,0.0002,-0.0004,0.0000
326.5,13.7853,26.2206,0.9997,0.0250,-0.0001,-0.0001,-0.0000,0.0000,-0.0000,0.0000,-0.0000,0.0000,0.0000
327.0,13.7853,26.2206,0.9997,0.0250,-0.0000,-0.0001,-0.0000,0.0000,-0.0000,0.0000,-0.0000,0.0000,0.0000
327.5,13.7853,26.2206,0.9997,0.0250,-0.0000,-0.0001,-0.0000,0.0000,-0.0003,0.0000,-0.0004,0.0000,0.0000
328.0,13.7853,26.2206,0.9997,0.0250,0.0000,-0.0001,-0.0000,0.0000,0.0001,0.0000,0.0002,0.0000,0.0000
328.5,13.7853,26.2206,0.9997,0.0250,-0.0000,-0.0001,-0.0000,0.0000,-0.0000,-0.0010,-0.0000,-0.0017,0.0000
329.0,13.7853,26.2206,0.9997,0.0250,-0.0000,-0.0001,-0.0000,0.0000,-0.0000,0.0000,-0.0000,0.0000,0.0000
329.5,13.7853,26.2206,0.9997,0.0250,0.0000,-0.0001,-0.0000,0.0000,-0.0000,0.0003,-0.0000,0.0004,0.0000
330.0,13.7853,26.2206,0.9997,0.0250,0.0001,0.0000,-0.0000,0.0000,-0.0000,0.0000,-0.0000,0.0000,0.0000
330.5,13.7853,26.2206,0.9997,0.0250,0.0001,0.0001,-0.0000,0.0000,-0.0001,-0.0004,-0.0002,-0.0006,0.0000
331.0,13.7853,26.2206,0.9997,0.0250,-0.0002,-0.0001,-0.0000,0.0000,0.0001,0.0000,0.0002,0.0000,0.0000
331.5,13.7853,26.2206,0.9997,0.0250,0.0001,-0.0001,-0.0000,0.0000,-0.0000,0.0000,-0.0000,0.0000,0.0000
332.0,13.7853,26.2206,0.9997,0.0250,0.0000,-0.0001,-0.0000,0.0000,-0.0000,0.0000,-0.0000,0.0000,0.0000
332.5,13.7853,26.2206,0.9997,0.0250,0.0002,0.0000,-0.0000,0.0000,0.0001,-0.0003,0.0002,-0.0004,0.0000
333.0,13.7853,26.2206,0.9997,0.0250,-0.0001,-0.0001,-0.0000,0.0000,-0.0000,0.0000,-0.0000,0.0000,0.0000
333.5,13.7853,26.2206,0.9997,0.0250,0.0000,-0.0000,-0.0000,0.0000,0.0001,0.0000,0.0002,0.0000,0.0000
334.0,13.7853,26.2206,0.9997,0.0250,0.0000,-0.0000,-0.0000,0.0000,-0.0000,0.0000,-0.0000,0.0000,0.0000
334.5,13.7853,26.2206,0.9997,0.0250,0.0000,0.0000,-0.0000,0.0000,-0.0000,0.0001,-0.0000,0.0002,0.0000
335.0,13.7853,26.2206,0.9997,0.0250,-0.0000,0.0001,-0.0000,0.0000,0.0005,-0.0001,0.0008,-0.0002,0.0000
335.5,13.7853,26.2206,0.9997,0.0250,-0.0000,-0.0000,-0.0000,0.0000,-0.0001,0.0000,-0.0002,0.0000,0.0000
336.0,13.7853,26.2206,0.9997,0.0250,0.0001,-0.0000,-0.0000,0.0000,0.0003,0.0001,0.0004,0.0002,0.0000
336.5,13.7853,26.2206,0.9997,0.0250,-0.0001,-0.0000,-0.0000,0.0000,0.0003,0.0001,0.0004,0.0002,0.0000
337.0,13.7853,26.2206,0.9997,0.0250,-0.0000,-0.0001,-0.0000,0.0000,-0.0000,-0.0001,-0.0000,-0.0002,0.0000
337.5,13.7853,26.2206,0.9997,0.0250,0.0000,-0.0001,-0.0000,0.0000,-0.0003,0.0000,-0.0004,0.0000,0.0000
338.0,13.7853,26.2206,0.9997,0.0250,0.0000,-0.0001,-0.0000,0.0000,-0.0000,0.0000,-0.0000,0.0000,0.0000
338.5,13.7853,26.2206,0.9997,0.0250,0.0001,-0.0001,-0.0000,0.0000,-0.0000,-0.0001,-0.0000,-0.0002,0.0000
339.0,13.7853,26.2206,0.9997,0.0250,-0.0000,-0.0001,-0.0000,0.0000,-0.0003,0.0001,-0.0004,0.0002,0.0000
339.5,13.7853,26.2206,0.9997,0.0250,0.0000,-0.0000,-0.0000,0.0000,0.0005,0.0000,0.0008,0.0000,0.0000
340.0,13.7853,26.2206,0.9997,0.0250,0.0001,-0.0002,-0.0000,0.0000,-0.0000,0.0001,-0.0000,0.0002,0.0000
340.5,13.7853,26.2206,0.9997,0.0250,-0.0001,-0.0001,-0.0000,0.0000,-0.0001,0.0001,-0.0002,0.0002,0.0000
341.0,13.7853,26.2206,0.9997,0.0250,0.0000,-0.0001,-0.0000,0.0000,-0.0001,0.0000,-0.0002,0.0000,0.0000
341.5,13.7853,26.2206,0.9997,0.0250,0.0001,-0.0001,-0.0000,0.0000,-0.0000,0.0001,-0.0000,0.0002,0.0000
342.0,13.7853,26.2206,0.9997,0.0250,0.0000,-0.0000,-0.0000,0.0000,-0.0000,0.0000,-0.0000,0.0000,0.0000
342.5,13.7853,26.2206,0.9997,0.0250,-0.0000,0.0000,-0.0000,0.0000,-0.0000,-0.0001,-0.0000,-0.0002,0.0000
343.0,13.7853,26.2206,0.9997,0.0250,-0.0000,0.0000,-0.0000,0.0000,-0.0000,0.0000,-0.0000,0.0000,0.0000
343.5,13.7853,26.2206,0.9997,0.0250,-0.0003,-0.0001,-0.0000,0.0000,-0.0001,-0.0004,-0.0002,-0.0006,0.0000
344.0,13.7853,26.2206,0.9997,0.0250,-0.0000,-0.0001,-0.0000,0.0000,0.0001,0.0001,0.0002,0.0002,0.0000
344.5,13.7853,26.2206,0.9997,0.0250,-0.0000,-0.0001,-0.0000,0.0000,-0.0000,0.0000,-0.0000,0.0000,0.0000
345.0,13.7853,26.2206,0.9997,0.0250,-0.0000,0.0000,-0.0000,0.0000,0.0001,0.0003,0.0002,0.0004,0.0000
345.5,13.7853,26.2206,0.9997,0.0250,0.0001,0.0001,-0.0000,0.0000,-0.0000,0.0000,-0.0000,0.0000,0.0000
346.0,13.7853,26.2206,0.9997,0.0250,0.0001,0.0001,-0.0000,0.0000,-0.0000,-0.0001,-0.0000,-0.0002,0.0000
346.5,13.7853,26.2206,0.9997,0.0250,0.0000,0.0000,-0.0000,0.0000,0.0001,0.0001,0.0002,0.0002,0.0000
347.0,13.7853,26.2206,0.9997,0.0250,-0.0001,0.0000,-0.0736,0.0632,-0.0001,0.0000,-0.0002,0.0000,0.0000
347.5,13.7853,26.2206,0.9997,0.0250,0.0000,0.0001,0.0712,0.0712,-0.0000,0.0003,-0.0000,0.0004,0.0000
348.0,13.7853,26.2206,0.9997,0.0250,0.0052,0.0038,0.0712,0.0712,0.0004,0.0099,0.0006,0.0158,0.0000
348.5,13.7853,26.2206,0.9997,0.0250,0.0040,0.0595,0.0712,0.0712,-0.0703,0.0725,-0.1119,0.1154,0.0000
349.0,13.7306,26.2177,-0.9993,0.0370,-0.0006,0.1091,0.0712,0.0712,-0.0730,0.0681,-0.1163,0.1083,0.0000
349.5,13.7208,26.2105,-0.9936,0.1129,-0.0036,0.1414,0.0712,0.0712,-0.0704,0.0732,-0.1121,0.1165,0.0000
350.0,13.7276,26.2070,-0.9838,0.1795,-0.0019,0.1662,0.0712,0.0712,-0.0686,0.0695,-0.1092,0.1106,0.0000
350.5,13.7139,26.2024,-0.9701,0.2429,0.0012,0.1858,0.0712,0.0712,-0.0708,0.0670,-0.1127,0.1067,0.0000
351.0,13.7062,26.1975,-0.9325,0.3612,-0.0011,0.2005,0.0712,0.0712,-0.0707,0.0673,-0.1125,0.1071,0.0000
351.5,13.7130,26.1936,-0.9069,0.4214,-0.0002,0.2107,0.0712,0.0712,-0.0681,0.0689,-0.1083,0.1096,0.0000
352.0,13.7118,26.1876,-0.8828,0.4697,0.0019,0.2212,0.0712,0.0712,-0.0717,0.0716,-0.1142,0.1140,0.0000
352.5,13.7081,26.1815,-0.8556,0.5176,0.0020,0.2306,0.0707,0.0707,-0.0698,0.0660,-0.1110,0.1050,0.0000
353.0,13.7065,26.1746,-0.8258,0.5640,-0.0006,0.2331,0.0552,0.0552,-0.0689,0.0706,-0.1096,0.1123,0.0000
353.5,13.7065,26.1740,-0.7891,0.6143,-0.0021,0.2331,0.0374,0.0374,-0.0579,0.0479,-0.0921,0.0763,0.0000
354.0,13.7038,26.1665,-0.7527,0.6584,-0.0018,0.2107,-0.2407,0.2926,-0.0381,0.0339,-0.0606,0.0540,0.0000
354.5,13.7038,26.1665,-0.7527,0.6584,0.0369,0.1880,-0.4122,0.4494,0.0055,0.0945,0.0088,0.1504,0.0000
355.0,13.6954,26.1556,-0.7146,0.6995,0.1260,0.1796,-0.5694,0.5530,0.1149,0.2003,0.1829,0.3187,0.0000
355.5,13.6947,26.0860,-0.6779,0.7352,0.1872,0.1656,-0.5600,0.5087,0.1520,0.2141,0.2419,0.3407,0.0000
356.0,13.7038,25.9673,-0.6528,0.7576,0.1867,0.1513,-0.5036,0.4308,0.1520,0.2141,0.2419,0.3407,0.0000
356.5,13.7247,25.8448,-0.6259,0.7799,0.2008,0.1469,-0.4162,0.3365,0.1585,0.4187,0.2523,0.6665,0.0000
357.0,13.7644,25.6927,-0.5963,0.8028,0.3698,0.1234,-0.3546,0.2454,0.4032,0.3038,0.6418,0.4835,0.0000
357.5,13.7858,25.5733,-0.6177,0.7864,0.3339,0.0470,-0.3693,0.2307,0.3410,0.2268,0.5427,0.3610,0.0000
358.0,13.8037,25.4280,-0.6565,0.7544,0.3029,-0.0220,-0.3412,0.2673,0.3647,0.2348,0.5804,0.3738,0.0000
358.5,13.7913,25.1576,-0.7346,0.6785,0.3067,-0.0614,-0.3476,0.3524,0.3424,0.2863,0.5450,0.4556,0.0000
359.0,13.7655,25.0156,-0.7552,0.6554,0.3028,-0.0640,-0.0379,0.3221,0.2545,0.2863,0.4050,0.4556,0.0000
359.5,13.7557,24.8929,-0.7488,0.6628,0.2494,-0.0253,0.0199,0.3799,0.0708,0.2834,0.1127,0.4510,0.0000
360.0,13.7634,24.7388,-0.6755,0.7374,0.1738,0.0843,0.0388,0.3988,-0.0143,0.3560,-0.0227,0.5667,0.0000
360.5,13.7994,24.6669,-0.5564,0.8309,0.1823,0.2350,0.0009,0.3609,-0.0348,0.4089,-0.0554,0.6508,0.0000
361.0,13.8921,24.5804,-0.3229,0.9464,0.1824,0.3676,-0.0876,0.2724,-0.0272,0.3885,-0.0433,0.6183,0.0000
361.5,13.9821,24.5623,-0.1657,0.9862,0.1568,0.4067,-0.3052,0.2948,0.0565,0.2420,0.0900,0.3852,0.0000
362.0,14.0301,24.5499,-0.1056,0.9944,0.1903,0.3772,-0.3332,0.2668,0.1571,0.2897,0.2500,0.4610,0.0000
362.5,14.0988,24.5398,-0.0476,0.9989,0.2330,0.3277,-0.3324,0.2709,0.1909,0.2746,0.3038,0.4371,0.0000
363.0,14.2068,24.5274,-0.0072,1.0000,0.2713,0.2528,-0.3958,0.3528,0.2727,0.2694,0.4340,0.4288,0.0000
363.5,14.4351,24.5128,-0.0200,0.9998,0.2915,0.1814,-0.3812,0.3756,0.3410,0.2814,0.5427,0.4479,0.0000
364.0,14.5548,24.5002,-0.0458,0.9989,0.3477,0.1228,-0.2743,0.3257,0.3479,0.3600,0.5537,0.5729,0.0000
364.5,14.7587,24.4770,-0.0576,0.9983,0.3278,0.0980,-0.2522,0.3478,0.2682,0.3152,0.4269,0.5017,0.0000
365.0,14.8841,24.4634,-0.0346,0.9994,0.3031,0.1078,-0.2537,0.3463,0.2546,0.3574,0.4052,0.5688,0.0000
365.5,15.0120,24.4626,0.0070,1.0000,0.2974,0.1215,-0.3477,0.3890,0.2547,0.3295,0.4054,0.5244,0.0000
366.0,15.1277,24.4739,0.0394,0.9992,0.3145,0.1318,-0.4506,0.4367,0.2673,0.3721,0.4254,0.5923,0.0000
366.5,15.3694,24.5004,0.1006,0.9949,0.3204,0.1449,-0.4564,0.4044,0.2966,0.3956,0.4721,0.6296,0.0000
367.0,15.4991,24.5248,0.1183,0.9930,0.3835,0.1298,-0.4143,0.3176,0.3825,0.3848,0.6087,0.6125,0.0000
367.5,15.7266,24.5687,0.0901,0.9959,0.3818,0.0710,-0.3940,0.2848,0.4168,0.2905,0.6633,0.4623,0.0000
368.0,15.8454,24.5812,0.0516,0.9987,0.3509,0.0027,-0.4475,0.3870,0.3943,0.2699,0.6275,0.4296,0.0000
368.5,16.0888,24.5888,-0.0311,0.9995,0.3554,-0.0474,-0.3558,0.3488,0.4003,0.3461,0.6371,0.5508,0.0000
369.0,16.1980,24.5832,-0.0501,0.9987,0.3481,-0.0424,-0.2986,0.3524,0.3308,0.3479,0.5265,0.5537,0.0000
369.5,16.4108,24.5717,-0.0380,0.9993,0.3394,-0.0168,-0.2793,0.3244,0.3182,0.3609,0.5065,0.5744,0.0000
370.0,16.5191,24.5741,-0.0188,0.9998,0.3107,0.0091,-0.2991,0.3009,0.2844,0.3284,0.4527,0.5227,0.0000
370.5,16.7748,24.5888,0.0201,0.9998,0.2987,0.0197,-0.3201,0.2799,0.2873,0.3005,0.4573,0.4783,0.0000
371.0,16.8910,24.5975,0.0181,0.9998,0.2990,0.0036,-0.4335,0.3675,0.3299,0.2890,0.5250,0.4600,0.0000
371.5,17.0176,24.5994,-0.0056,1.0000,0.3405,-0.0106,-0.3231,0.2769,0.4142,0.3800,0.6592,0.6048,0.0000
372.0,17.2636,24.5911,-0.0374,0.9993,0.3314,-0.0301,-0.3118,0.2882,0.3198,0.2852,0.5090,0.4540,0.0000
372.5,17.3920,24.5822,-0.0521,0.9986,0.2903,-0.0411,-0.2946,0.3054,0.3114,0.2741,0.4956,0.4363,0.0000
373.0,17.5067,24.5734,-0.0621,0.9981,0.3026,-0.0324,-0.2870,0.3130,0.2990,0.3070,0.4758,0.4885,0.0000
373.5,17.6251,24.5701,-0.0528,0.9986,0.3015,-0.0144,-0.2936,0.3064,0.2850,0.3134,0.4535,0.4988,0.0000
374.0,17.8688,24.5565,-0.0318,0.9995,0.2993,0.0009,-0.3026,0.2974,0.2954,0.3021,0.4702,0.4808,0.0000
374.5,17.9857,24.5570,-0.0270,0.9996,0.3011,0.0023,-0.3113,0.2887,0.3067,0.2910,0.4881,0.4631,0.0000
375.0,18.1190,24.5429,-0.0342,0.9994,0.2987,-0.0063,-0.3086,0.2914,0.3097,0.2875,0.4929,0.4575,0.0000
375.5,18.2363,24.5320,-0.0449,0.9990,0.3001,-0.0161,-0.2984,0.3016,0.3126,0.2882,0.4975,0.4588,0.0000
376.0,18.4870,24.5009,-0.0593,0.9982,0.3000,-0.0133,-0.2899,0.3101,0.2899,0.3217,0.4615,0.5121,0.0000
376.5,18.6107,24.4860,-0.0550,0.9985,0.3017,-0.0001,-0.2849,0.3151,0.2882,0.3185,0.4588,0.5069,0.0000
377.0,18.7300,24.4764,-0.0448,0.9990,0.3033,0.0140,-0.2507,0.2170,0.2843,0.3102,0.4525,0.4938,0.0000
377.5,18.8495,24.4725,-0.0309,0.9995,0.2933,0.0191,-0.3452,0.0148,0.2878,0.2953,0.4581,0.4700,0.0000
378.0,18.9713,24.4689,-0.0237,0.9997,0.1561,-0.0585,-0.3874,-0.0274,0.3151,-0.0157,0.5015,-0.0250,0.0000
378.5,19.1231,24.4355,-0.1939,0.9810,0.1614,-0.1985,-0.3824,-0.0224,0.3827,-0.0394,0.6092,-0.0627,0.0000
379.0,19.1924,24.3658,-0.4398,0.8981,0.1840,-0.3314,-0.2902,0.0698,0.4038,-0.0288,0.6427,-0.0458,0.0000
379.5,19.2244,24.3079,-0.5701,0.8216,0.1730,-0.4126,-0.3088,0.2912,0.2693,0.0229,0.4285,0.0365,0.0000
380.0,19.2509,24.2306,-0.6628,0.7488,0.1688,-0.4138,-0.2681,0.3319,0.2950,0.1285,0.4696,0.2046,0.0000
380.5,19.2561,24.1840,-0.6998,0.7143,0.2274,-0.3843,-0.3096,0.3896,0.3062,0.1473,0.4873,0.2344,0.0000
381.0,19.2575,24.1056,-0.7326,0.6806,0.2488,-0.3157,-0.5100,0.5861,0.3121,0.2864,0.4967,0.4558,0.0000
381.5,19.2515,23.8806,-0.7427,0.6697,0.3207,-0.2386,-0.5025,0.5577,0.3261,0.3275,0.5190,0.5213,0.0000
382.0,19.2407,23.7485,-0.7399,0.6728,0.4186,-0.1845,-0.4840,0.5050,0.4504,0.4201,0.7169,0.6685,0.0000
382.5,19.2120,23.4835,-0.7512,0.6601,0.4825,-0.1460,-0.4656,0.4856,0.5045,0.5024,0.8029,0.7996,0.0000
383.0,19.1980,23.3395,-0.7491,0.6624,0.4856,-0.1092,-0.4163,0.4499,0.4609,0.4890,0.7335,0.7783,0.0000
383.5,19.1651,23.0361,-0.7392,0.6735,0.4650,-0.0744,-0.3711,0.4041,0.4398,0.4536,0.7000,0.7219,0.0000
384.0,19.1507,22.7696,-0.7292,0.6843,0.4272,-0.0453,-0.3564,0.3778,0.4098,0.4398,0.6523,0.7000,0.0000
384.5,19.1470,22.6398,-0.7215,0.6924,0.3798,-0.0223,-0.3254,0.3310,0.3428,0.3606,0.5456,0.5740,0.0000
385.0,19.1513,22.4143,-0.7096,0.7046,0.3332,-0.0123,-0.3079,0.2921,0.3261,0.3318,0.5190,0.5281,0.0000
385.5,19.1496,22.3136,-0.7094,0.7048,0.3088,-0.0130,-0.3083,0.2917,0.3128,0.3007,0.4979,0.4785,0.0000
386.0,19.1466,22.0710,-0.7183,0.6958,0.3050,-0.0151,-0.3036,0.2964,0.3128,0.3007,0.4979,0.4785,0.0000
386.5,19.1416,21.9516,-0.7237,0.6901,0.3047,-0.0188,-0.2946,0.3054,0.3094,0.2906,0.4925,0.4625,0.0000
387.0,19.1382,21.8326,-0.7274,0.6862,0.3012,-0.0131,-0.2886,0.3114,0.2996,0.3113,0.4769,0.4954,0.0000
387.5,19.1328,21.7161,-0.7245,0.6892,0.3022,-0.0039,-0.2894,0.3106,0.2892,0.3147,0.4602,0.5008,0.0000
388.0,19.1303,21.4745,-0.7093,0.7049,0.3029,0.0087,-0.2950,0.3050,0.2919,0.3151,0.4646,0.5015,0.0000
388.5,19.1326,21.3526,-0.7023,0.7119,0.2986,0.0150,-0.3055,0.2945,0.2947,0.2957,0.4690,0.4706,0.0000
389.0,19.1375,21.2381,-0.7009,0.7132,0.3017,0.0128,-0.3100,0.2900,0.3045,0.2987,0.4846,0.4754,0.0000
389.5,19.1407,21.1251,-0.7019,0.7123,0.2993,0.0041,-0.3089,0.2911,0.3100,0.2920,0.4933,0.4648,0.0000
390.0,19.1428,20.8906,-0.7132,0.7009,0.3037,-0.0050,-0.3034,0.2966,0.3130,0.2944,0.4981,0.4685,0.0000
390.5,19.1404,20.7713,-0.7187,0.6953,0.2992,-0.0095,-0.3151,0.0449,0.2973,0.2613,0.4731,0.4158,0.0000
391.0,19.1377,20.6523,-0.7223,0.6915,0.2539,-0.0340,-0.3776,-0.0176,0.2994,0.0478,0.4765,0.0760,0.0000
391.5,19.1157,20.5065,-0.7910,0.6118,0.1574,-0.1636,-0.3925,-0.0325,0.3613,-0.0274,0.5750,-0.0435,0.0000
392.0,19.0614,20.4277,-0.9062,0.4229,0.1676,-0.2987,-0.3308,0.0292,0.3740,-0.0361,0.5952,-0.0575,0.0000
392.5,19.0112,20.3919,-0.9616,0.2746,0.1799,-0.4017,-0.3012,0.1919,0.3757,-0.0021,0.5979,-0.0033,0.0000
393.0,18.9109,20.3600,-0.9970,0.0775,0.1712,-0.4365,-0.2808,0.3192,0.2859,0.0463,0.4550,0.0737,0.0000
393.5,18.8612,20.3572,-0.9998,0.0203,0.2218,-0.4039,-0.3193,0.4259,0.2744,0.1611,0.4367,0.2565,0.0000
394.0,18.7800,20.3579,0.9996,0.0295,0.2181,-0.3524,-0.3794,0.4866,0.2744,0.1611,0.4367,0.2565,0.0000
394.5,18.6746,20.3682,0.9976,0.0699,0.2734,-0.2794,-0.3315,0.4332,0.2652,0.3427,0.4221,0.5454,0.0000
395.0,18.5563,20.3792,0.9978,0.0662,0.3236,-0.1763,-0.2904,0.3608,0.2897,0.4132,0.4610,0.6577,0.0000
395.5,18.2932,20.3705,-0.9997,0.0263,0.3322,-0.0927,-0.2995,0.3005,0.2861,0.3289,0.4554,0.5235,0.0000
396.0,18.1653,20.3495,-0.9986,0.0524,0.2784,-0.0675,-0.0000,0.0000,0.2732,0.2240,0.4348,0.3565,0.0000
396.5,18.0564,20.3299,-0.9988,0.0485,0.0288,-0.0590,-0.0000,0.0000,-0.0034,-0.0254,-0.0054,-0.0404,0.0000
397.0,18.0564,20.3299,-0.9988,0.0485,-0.0122,-0.0490,-0.0000,0.0000,0.0003,0.0003,0.0004,0.0004,0.0000
397.5,18.0564,20.3299,-0.9988,0.0485,-0.0021,-0.0361,-0.0000,0.0000,0.0001,0.0003,0.0002,0.0004,0.0000
398.0,18.0564,20.3299,-0.9988,0.0485,-0.0017,-0.0270,-0.0000,0.0000,-0.0003,0.0000,-0.0004,0.0000,0.0000
398.5,18.0564,20.3299,-0.9988,0.0485,-0.0011,-0.0202,-0.0000,0.0000,0.0001,0.0001,0.0002,0.0002,0.0000
399.0,18.0564,20.3299,-0.9988,0.0485,-0.0008,-0.0151,-0.0000,0.0000,-0.0000,0.0000,-0.0000,0.0000,0.0000
399.5,18.0564,20.3299,-0.9988,0.0485,-0.0014,-0.0115,-0.0000,0.0000,0.0003,0.0000,0.0004,0.0000,0.0000
400.0,18.0564,20.3299,-0.9988,0.0485,-0.0011,-0.0087,-0.0000,0.0000,-0.0000,-0.0003,-0.0000,-0.0004,0.0000
400.5,18.0564,20.3299,-0.9988,0.0485,-0.0008,-0.0065,-0.0000,0.0000,-0.0003,0.0001,-0.0004,0.0002,0.0000
401.0,18.0564,20.3299,-0.9988,0.0485,-0.0003,-0.0048,-0.0000,0.0000,-0.0000,0.0000,-0.0000,0.0000,0.0000
401.5,18.0564,20.3299,-0.9988,0.0485,-0.0001,-0.0035,-0.0000,0.0000,-0.0001,0.0003,-0.0002,0.0004,0.0000
402.0,18.0564,20.3299,-0.9988,0.0485,-0.0002,-0.0026,-0.0000,0.0000,-0.0000,-0.0001,-0.0000,-0.0002,0.0000
402.5,18.0564,20.3299,-0.9988,0.0485,-0.0003,-0.0020,-0.0000,0.0000,-0.0001,0.0000,-0.0002,0.0000,0.0000
403.0,18.0564,20.3299,-0.9988,0.0485,-0.0002,-0.0015,-0.0000,0.0000,-0.0003,-0.0001,-0.0004,-0.0002,0.0000
403.5,18.0564,20.3299,-0.9988,0.0485,-0.0001,-0.0011,-0.0000,0.0000,-0.0000,0.0000,-0.0000,0.0000,0.0000
404.0,18.0564,20.3299,-0.9988,0.0485,0.0000,-0.0009,-0.0000,0.0000,-0.0003,0.0001,-0.0004,0.0002,0.0000
404.5,18.0564,20.3299,-0.9988,0.0485,0.0000,-0.0007,-0.0000,0.0000,0.0001,0.0000,0.0002,0.0000,0.0000
405.0,18.0564,20.3299,-0.9988,0.0485,-0.0001,-0.0005,-0.0000,0.0000,-0.0000,0.0000,-0.0000,0.0000,0.0000
405.5,18.0564,20.3299,-0.9988,0.0485,-0.0000,-0.0004,-0.0000,0.0000,-0.0000,0.0000,-0.0000,0.0000,0.0000
406.0,18.0564,20.3299,-0.9988,0.0485,-0.0002,-0.0004,-0.0000,0.0000,-0.0000,-0.0004,-0.0000,-0.0006,0.0000
406.5,18.0564,20.3299,-0.9988,0.0485,-0.0002,-0.0005,-0.0000,0.0000,-0.0000,-0.0004,-0.0000,-0.0006,0.0000
407.0,18.0564,20.3299,-0.9988,0.0485,0.0000,-0.0004,-0.0000,0.0000,-0.0000,0.0001,-0.0000,0.0002,0.0000
407.5,18.0564,20.3299,-0.9988,0.0485,-0.0002,-0.0003,-0.0000,0.0000,-0.0004,0.0000,-0.0006,0.0000,0.0000
408.0,18.0564,20.3299,-0.9988,0.0485,-0.0001,-0.0004,-0.0000,0.0000,-0.0000,0.0000,-0.0000,0.0000,0.0000
408.5,18.0564,20.3299,-0.9988,0.0485,-0.0000,-0.0003,-0.0000,0.0000,-0.0000,0.0001,-0.0000,0.0002,0.0000
409.0,18.0564,20.3299,-0.9988,0.0485,0.0001,-0.0003,-0.0000,0.0000,0.0003,0.0000,0.0004,0.0000,0.0000
409.5,18.0564,20.3299,-0.9988,0.0485,0.0001,-0.0003,-0.0000,0.0000,0.0003,0.0000,0.0004,0.0000,0.0000
410.0,18.0564,20.3299,-0.9988,0.0485,-0.0001,-0.0003,-0.0000,0.0000,-0.0000,-0.0001,-0.0000,-0.0002,0.0000
410.5,18.0564,20.3299,-0.9988,0.0485,0.0000,-0.0002,-0.0000,0.0000,-0.0000,-0.0001,-0.0000,-0.0002,0.0000
411.0,18.0564,20.3299,-0.9988,0.0485,-0.0001,-0.0002,-0.0000,0.0000,-0.0001,0.0000,-0.0002,0.0000,0.0000
411.5,18.0564,20.3299,-0.9988,0.0485,-0.0002,-0.0000,-0.0000,0.0000,-0.0003,0.0003,-0.0004,0.0004,0.0000
412.0,18.0564,20.3299,-0.9988,0.0485,0.0001,-0.0000,-0.0000,0.0000,-0.0000,0.0000,-0.0000,0.0000,0.0000
412.5,18.0564,20.3299,-0.9988,0.0485,0.0000,-0.0000,-0.0000,0.0000,-0.0000,0.0000,-0.0000,0.0000,0.0000
413.0,18.0564,20.3299,-0.9988,0.0485,0.0001,0.0000,-0.0000,0.0000,-0.0000,-0.0003,-0.0000,-0.0004,0.0000
413.5,18.0564,20.3299,-0.9988,0.0485,-0.0001,-0.0001,-0.0000,0.0000,0.0003,0.0001,0.0004,0.0002,0.0000
414.0,18.0564,20.3299,-0.9988,0.0485,0.0002,-0.0001,-0.0000,0.0000,-0.0001,0.0003,-0.0002,0.0004,0.0000
414.5,18.0564,20.3299,-0.9988,0.0485,-0.0000,0.0000,-0.0000,0.0000,-0.0001,0.0000,-0.0002,0.0000,0.0000
415.0,18.0564,20.3299,-0.9988,0.0485,-0.0001,-0.0000,-0.0000,0.0000,0.0001,-0.0003,0.0002,-0.0004,0.0000
415.5,18.0564,20.3299,-0.9988,0.0485,-0.0001,-0.0000,-0.0000,0.0000,-0.0000,-0.0001,-0.0000,-0.0002,0.0000
416.0,18.0564,20.3299,-0.9988,0.0485,0.0003,-0.0002,-0.0000,0.0000,0.0007,0.0000,0.0010,0.0000,0.0000
416.5,18.0564,20.3299,-0.9988,0.0485,0.0001,-0.0002,-0.0000,0.0000,0.0004,-0.0001,0.0006,-0.0002,0.0000
417.0,18.0564,20.3299,-0.9988,0.0485,0.0001,-0.0003,-0.0000,0.0000,0.0001,0.0000,0.0002,0.0000,0.0000
417.5,18.0564,20.3299,-0.9988,0.0485,0.0000,-0.0003,-0.0000,0.0000,-0.0000,-0.0001,-0.0000,-0.0002,0.0000
418.0,18.0564,20.3299,-0.9988,0.0485,0.0000,-0.0002,-0.0000,0.0000,-0.0000,-0.0001,-0.0000,-0.0002,0.0000
418.5,18.0564,20.3299,-0.9988,0.0485,0.0000,-0.0002,-0.0000,0.0000,-0.0000,0.0001,-0.0000,0.0002,0.0000
419.0,18.0564,20.3299,-0.9988,0.0485,0.0000,-0.0001,-0.0000,0.0000,-0.0000,0.0001,-0.0000,0.0002,0.0000
419.5,18.0564,20.3299,-0.9988,0.0485,-0.0000,-0.0001,-0.0000,0.0000,0.0001,0.0000,0.0002,0.0000,0.0000
420.0,18.0564,20.3299,-0.9988,0.0485,0.0001,-0.0001,-0.0000,0.0000,-0.0001,0.0000,-0.0002,0.0000,0.0000
420.5,18.0564,20.3299,-0.9988,0.0485,0.0000,-0.0001,-0.0000,0.0000,-0.0000,-0.0001,-0.0000,-0.0002,0.0000
421.0,18.0564,20.3299,-0.9988,0.0485,0.0000,-0.0001,-0.0000,0.0000,-0.0000,0.0000,-0.0000,0.0000,0.0000
421.5,18.0564,20.3299,-0.9988,0.0485,0.0001,-0.0002,-0.0000,0.0000,0.0003,-0.0001,0.0004,-0.0002,0.0000
422.0,18.0564,20.3299,-0.9988,0.0485,0.0000,-0.0003,-0.0000,0.0000,0.0003,-0.0004,0.0004,-0.0006,0.0000
422.5,18.0564,20.3299,-0.9988,0.0485,-0.0001,-0.0005,-0.0000,0.0000,-0.0000,-0.0001,-0.0000,-0.0002,0.0000
423.0,18.0564,20.3299,-0.9988,0.0485,0.0000,-0.0003,-0.0000,0.0000,-0.0003,0.0000,-0.0004,0.0000,0.0000
423.5,18.0564,20.3299,-0.9988,0.0485,-0.0001,-0.0002,-0.0000,0.0000,-0.0000,0.0000,-0.0000,0.0000,0.0000
424.0,18.0564,20.3299,-0.9988,0.0485,-0.0000,-0.0001,-0.0000,0.0000,-0.0001,0.0000,-0.0002,0.0000,0.0000
424.5,18.0564,20.3299,-0.9988,0.0485,0.0000,-0.0001,-0.0000,0.0000,-0.0000,-0.0001,-0.0000,-0.0002,0.0000
425.0,18.0564,20.3299,-0.9988,0.0485,-0.0000,-0.0001,-0.0000,0.0000,-0.0000,0.0003,-0.0000,0.0004,0.0000
425.5,18.0564,20.3299,-0.9988,0.0485,0.0001,0.0000,-0.0000,0.0000,0.0001,0.0000,0.0002,0.0000,0.0000
426.0,18.0564,20.3299,-0.9988,0.0485,0.0000,-0.0000,-0.0000,0.0000,-0.0000,0.0000,-0.0000,0.0000,0.0000
426.5,18.0564,20.3299,-0.9988,0.0485,-0.0000,-0.0000,-0.0000,0.0000,-0.0000,0.0000,-0.0000,0.0000,0.0000
427.0,18.0564,20.3299,-0.9988,0.0485,0.0000,-0.0000,-0.0000,0.0000,-0.0000,0.0003,-0.0000,0.0004,0.0000
427.5,18.0564,20.3299,-0.9988,0.0485,0.0000,0.0000,-0.0000,0.0000,-0.0000,0.0000,-0.0000,0.0000,0.0000
428.0,18.0564,20.3299,-0.9988,0.0485,0.0001,0.0000,-0.0000,0.0000,0.0001,0.0001,0.0002,0.0002,0.0000
428.5,18.0564,20.3299,-0.9988,0.0485,-0.0000,0.0000,-0.0000,0.0000,0.0001,0.0000,0.0002,0.0000,0.0000
429.0,18.0564,20.3299,-0.9988,0.0485,0.0000,0.0002,-0.0000,0.0000,-0.0004,0.0004,-0.0006,0.0006,0.0000
429.5,18.0564,20.3299,-0.9988,0.0485,0.0000,0.0003,-0.0000,0.0000,0.0001,0.0000,0.0002,0.0000,0.0000
430.0,18.0564,20.3299,-0.9988,0.0485,0.0000,0.0002,-0.0000,0.0000,-0.0001,0.0000,-0.0002,0.0000,0.0000
430.5,18.0564,20.3299,-0.9988,0.0485,0.0000,0.0002,-0.0000,0.0000,-0.0000,0.0000,-0.0000,0.0000,0.0000
431.0,18.0564,20.3299,-0.9988,0.0485,0.0000,0.0001,-0.0000,0.0000,0.0001,0.0001,0.0002,0.0002,0.0000
431.5,18.0564,20.3299,-0.9988,0.0485,-0.0000,0.0001,-0.0000,0.0000,-0.0000,-0.0003,-0.0000,-0.0004,0.0000
432.0,18.0564,20.3299,-0.9988,0.0485,0.0001,0.0000,-0.0000,0.0000,0.0001,0.0004,0.0002,0.0006,0.0000
432.5,18.0564,20.3299,-0.9988,0.0485,0.0000,0.0001,-0.0000,0.0000,-0.0000,0.0001,-0.0000,0.0002,0.0000
433.0,18.0564,20.3299,-0.9988,0.0485,0.0000,0.0001,-0.0000,0.0000,-0.0000,-0.0001,-0.0000,-0.0002,0.0000
433.5,18.0564,20.3299,-0.9988,0.0485,-0.0000,0.0001,-0.0000,0.0000,0.0001,0.0000,0.0002,0.0000,0.0000
434.0,18.0564,20.3299,-0.9988,0.0485,-0.0000,0.0000,-0.0000,0.0000,-0.0001,-0.0001,-0.0002,-0.0002,0.0000
434.5,18.0564,20.3299,-0.9988,0.0485,-0.0001,0.0000,-0.0000,0.0000,-0.0001,0.0000,-0.0002,0.0000,0.0000
435.0,18.0564,20.3299,-0.9988,0.0485,-0.0000,-0.0000,-0.0000,0.0000,-0.0001,-0.0001,-0.0002,-0.0002,0.0000
435.5,18.0564,20.3299,-0.9988,0.0485,-0.0002,-0.0000,-0.0000,0.0000,-0.0000,0.0000,-0.0000,0.0000,0.0000
436.0,18.0564,20.3299,-0.9988,0.0485,0.0000,0.0000,-0.0000,0.0000,-0.0000,-0.0003,-0.0000,-0.0004,0.0000
436.5,18.0564,20.3299,-0.9988,0.0485,-0.0001,-0.0000,-0.0000,0.0000,0.0003,0.0000,0.0004,0.0000,0.0000
437.0,18.0564,20.3299,-0.9988,0.0485,-0.0000,-0.0000,-0.0000,0.0000,-0.0000,0.0000,-0.0000,0.0000,0.0000
437.5,18.0564,20.3299,-0.9988,0.0485,-0.0000,-0.0000,-0.0000,0.0000,-0.0000,-0.0001,-0.0000,-0.0002,0.0000
438.0,18.0564,20.3299,-0.9988,0.0485,0.0000,-0.0000,-0.0000,0.0000,-0.0000,0.0000,-0.0000,0.0000,0.0000
438.5,18.0564,20.3299,-0.9988,0.0485,0.0000,-0.0000,-0.0000,0.0000,-0.0000,0.0001,-0.0000,0.0002,0.0000
439.0,18.0564,20.3299,-0.9988,0.0485,0.0000,-0.0000,-0.0000,0.0000,-0.0001,0.0003,-0.0002,0.0004,0.0000
439.5,18.0564,20.3299,-0.9988,0.0485,0.0001,0.0002,-0.0000,0.0000,-0.0001,0.0003,-0.0002,0.0004,0.0000
440.0,18.0564,20.3299,-0.9988,0.0485,0.0001,0.0001,-0.0000,0.0000,-0.0000,-0.0001,-0.0000,-0.0002,0.0000
440.5,18.0564,20.3299,-0.9988,0.0485,-0.0001,0.0001,-0.0000,0.0000,-0.0003,0.0000,-0.0004,0.0000,0.0000
441.0,18.0564,20.3299,-0.9988,0.0485,0.0001,0.0001,-0.0000,0.0000,0.0001,0.0000,0.0002,0.0000,0.0000
441.5,18.0564,20.3299,-0.9988,0.0485,0.0000,0.0000,-0.0000,0.0000,-0.0000,0.0000,-0.0000,0.0000,0.0000
442.0,18.0564,20.3299,-0.9988,0.0485,-0.0000,0.0000,-0.0000,0.0000,-0.0000,0.0000,-0.0000,0.0000,0.0000
442.5,18.0564,20.3299,-0.9988,0.0485,-0.0001,0.0001,-0.0000,0.0000,-0.0003,0.0000,-0.0004,0.0000,0.0000
443.0,18.0564,20.3299,-0.9988,0.0485,-0.0000,0.0001,-0.0000,0.0000,-0.0000,0.0000,-0.0000,0.0000,0.0000
443.5,18.0564,20.3299,-0.9988,0.0485,0.0002,0.0000,-0.0000,0.0000,-0.0000,0.0000,-0.0000,0.0000,0.0000
444.0,18.0564,20.3299,-0.9988,0.0485,-0.0000,-0.0000,-0.0000,0.0000,-0.0000,0.0001,-0.0000,0.0002,0.0000
444.5,18.0564,20.3299,-0.9988,0.0485,0.0000,-0.0000,-0.0000,0.0000,0.0003,0.0000,0.0004,0.0000,0.0000
445.0,18.0564,20.3299,-0.9988,0.0485,0.0001,-0.0000,-0.0000,0.0000,-0.0003,0.0003,-0.0004,0.0004,0.0000
445.5,18.0564,20.3299,-0.9988,0.0485,-0.0000,0.0001,-0.0000,0.0000,-0.0004,0.0000,-0.0006,0.0000,0.0000
446.0,18.0564,20.3299,-0.9988,0.0485,-0.0001,0.0002,-0.0000,0.0000,0.0004,0.0000,0.0006,0.0000,0.0000
446.5,18.0564,20.3299,-0.9988,0.0485,0.0000,0.0001,-0.0000,0.0000,0.0001,0.0000,0.0002,0.0000,0.0000
447.0,18.0564,20.3299,-0.9988,0.0485,0.0000,0.0000,-0.0000,0.0000,-0.0000,0.0001,-0.0000,0.0002,0.0000
447.5,18.0564,20.3299,-0.9988,0.0485,-0.0000,0.0001,-0.0000,0.0000,-0.0001,0.0000,-0.0002,0.0000,0.0000
448.0,18.0564,20.3299,-0.9988,0.0485,0.0001,0.0001,-0.0000,0.0000,0.0005,0.0000,0.0008,0.0000,0.0000
448.5,18.0564,20.3299,-0.9988,0.0485,0.0001,-0.0001,-0.0000,0.0000,-0.0001,0.0000,-0.0002,0.0000,0.0000
449.0,18.0564,20.3299,-0.9988,0.0485,-0.0000,-0.0000,-0.0000,0.0000,-0.0003,0.0000,-0.0004,0.0000,0.0000
449.5,18.0564,20.3299,-0.9988,0.0485,0.0000,0.0000,-0.0000,0.0000,-0.0003,-0.0001,-0.0004,-0.0002,0.0000
450.0,18.0564,20.3299,-0.9988,0.0485,-0.0000,0.0000,-0.0000,0.0000,-0.0001,-0.0001,-0.0002,-0.0002,0.0000
450.5,18.0564,20.3299,-0.9988,0.0485,0.0000,0.0001,-0.0000,0.0000,-0.0000,0.0000,-0.0000,0.0000,0.0000
451.0,18.0564,20.3299,-0.9988,0.0485,0.0000,0.0001,-0.0000,0.0000,-0.0000,0.0000,-0.0000,0.0000,0.0000
451.5,18.0564,20.3299,-0.9988,0.0485,-0.0001,0.0001,-0.0000,0.0000,-0.0001,-0.0001,-0.0002,-0.0002,0.0000
452.0,18.0564,20.3299,-0.9988,0.0485,0.0000,0.0000,-0.0000,0.0000,-0.0000,0.0000,-0.0000,0.0000,0.0000
452.5,18.0564,20.3299,-0.9988,0.0485,0.0002,0.0000,-0.0000,0.0000,-0.0003,0.0000,-0.0004,0.0000,0.0000
453.0,18.0564,20.3299,-0.9988,0.0485,0.0001,0.0001,-0.0000,0.0000,-0.0000,0.0001,-0.0000,0.0002,0.0000
453.5,18.0564,20.3299,-0.9988,0.0485,-0.0000,0.0001,-0.0000,0.0000,-0.0004,0.0000,-0.0006,0.0000,0.0000
454.0,18.0564,20.3299,-0.9988,0.0485,-0.0001,0.0001,-0.0000,0.0000,-0.0003,0.0001,-0.0004,0.0002,0.0000
454.5,18.0564,20.3299,-0.9988,0.0485,-0.0000,0.0002,-0.0000,0.0000,-0.0003,0.0001,-0.0004,0.0002,0.0000
455.0,18.0564,20.3299,-0.9988,0.0485,-0.0000,0.0002,-0.0000,0.0000,-0.0001,0.0001,-0.0002,0.0002,0.0000
455.5,18.0564,20.3299,-0.9988,0.0485,0.0000,0.0001,-0.0000,0.0000,0.0004,0.0000,0.0006,0.0000,0.0000
456.0,18.0564,20.3299,-0.9988,0.0485,0.0002,-0.0001,-0.0000,0.0000,-0.0001,-0.0001,-0.0002,-0.0002,0.0000
456.5,18.0564,20.3299,-0.9988,0.0485,-0.0001,-0.0000,-0.0000,0.0000,-0.0000,0.0000,-0.0000,0.0000,0.0000
457.0,18.0564,20.3299,-0.9988,0.0485,0.0002,-0.0001,-0.0000,0.0000,0.0003,-0.0001,0.0004,-0.0002,0.0000
457.5,18.0564,20.3299,-0.9988,0.0485,-0.0000,-0.0001,-0.0000,0.0000,-0.0000,0.0000,-0.0000,0.0000,0.0000
458.0,18.0564,20.3299,-0.9988,0.0485,-0.0001,-0.0000,-0.0000,0.0000,-0.0000,0.0000,-0.0000,0.0000,0.0000
458.5,18.0564,20.3299,-0.9988,0.0485,0.0001,-0.0000,-0.0000,0.0000,-0.0000,0.0000,-0.0000,0.0000,0.0000
459.0,18.0564,20.3299,-0.9988,0.0485,0.0000,-0.0000,-0.0000,0.0000,0.0003,-0.0001,0.0004,-0.0002,0.0000
459.5,18.0564,20.3299,-0.9988,0.0485,-0.0000,-0.0000,-0.0000,0.0000,0.0001,0.0001,0.0002,0.0002,0.0000
460.0,18.0564,20.3299,-0.9988,0.0485,-0.0001,-0.0001,-0.0000,0.0000,-0.0000,-0.0001,-0.0000,-0.0002,0.0000
460.5,18.0564,20.3299,-0.9988,0.0485,-0.0000,-0.0000,-0.0000,0.0000,-0.0001,0.0000,-0.0002,0.0000,0.0000
461.0,18.0564,20.3299,-0.9988,0.0485,0.0000,0.0000,-0.0000,0.0000,-0.0000,0.0000,-0.0000,0.0000,0.0000
461.5,18.0564,20.3299,-0.9988,0.0485,0.0000,-0.0001,-0.0000,0.0000,0.0001,-0.0001,0.0002,-0.0002,0.0000
462.0,18.0564,20.3299,-0.9988,0.0485,0.0000,-0.0002,-0.0000,0.0000,0.0001,-0.0001,0.0002,-0.0002,0.0000
462.5,18.0564,20.3299,-0.9988,0.0485,-0.0002,-0.0003,-0.0000,0.0000,-0.0000,-0.0004,-0.0000,-0.0006,0.0000
463.0,18.0564,20.3299,-0.9988,0.0485,0.0000,-0.0002,-0.0000,0.0000,-0.0000,0.0000,-0.0000,0.0000,0.0000
463.5,18.0564,20.3299,-0.9988,0.0485,0.0000,-0.0002,-0.0000,0.0000,0.0003,0.0000,0.0004,0.0000,0.0000
464.0,18.0564,20.3299,-0.9988,0.0485,0.0001,-0.0001,-0.0000,0.0000,-0.0000,0.0000,-0.0000,0.0000,0.0000
464.5,18.0564,20.3299,-0.9988,0.0485,0.0000,-0.0001,-0.0000,0.0000,0.0001,0.0001,0.0002,0.0002,0.0000
465.0,18.0564,20.3299,-0.9988,0.0485,0.0001,-0.0001,-0.0000,0.0000,-0.0003,0.0000,-0.0004,0.0000,0.0000
465.5,18.0564,20.3299,-0.9988,0.0485,-0.0000,-0.0000,-0.0000,0.0000,-0.0001,0.0000,-0.0002,0.0000,0.0000
466.0,18.0564,20.3299,-0.9988,0.0485,-0.0000,-0.0000,-0.0000,0.0000,0.0001,-0.0001,0.0002,-0.0002,0.0000
466.5,18.0564,20.3299,-0.9988,0.0485,-0.0001,0.0000,-0.0000,0.0000,-0.0003,0.0000,-0.0004,0.0000,0.0000
467.0,18.0564,20.3299,-0.9988,0.0485,0.0001,0.0001,-0.0000,0.0000,-0.0003,0.0003,-0.0004,0.0004,0.0000
467.5,18.0564,20.3299,-0.9988,0.0485,-0.0000,0.0001,-0.0000,0.0000,0.0001,-0.0001,0.0002,-0.0002,0.0000
468.0,18.0564,20.3299,-0.9988,0.0485,-0.0000,0.0001,-0.0000,0.0000,-0.0001,-0.0003,-0.0002,-0.0004,0.0000
468.5,18.0564,20.3299,-0.9988,0.0485,-0.0002,-0.0000,-0.0000,0.0000,0.0001,0.0001,0.0002,0.0002,0.0000
469.0,18.0564,20.3299,-0.9988,0.0485,-0.0001,0.0001,-0.0000,0.0000,-0.0003,0.0000,-0.0004,0.0000,0.0000
469.5,18.0564,20.3299,-0.9988,0.0485,-0.0000,0.0001,-0.0000,0.0000,-0.0000,0.0001,-0.0000,0.0002,0.0000
470.0,18.0564,20.3299,-0.9988,0.0485,0.0000,0.0001,-0.0000,0.0000,-0.0000,-0.0001,-0.0000,-0.0002,0.0000
470.5,18.0564,20.3299,-0.9988,0.0485,-0.0000,0.0001,-0.0000,0.0000,-0.0000,0.0001,-0.0000,0.0002,0.0000
471.0,18.0564,20.3299,-0.9988,0.0485,-0.0002,0.0001,-0.0000,0.0000,-0.0003,-0.0003,-0.0004,-0.0004,0.0000
471.5,18.0564,20.3299,-0.9988,0.0485,-0.0000,0.0001,-0.0000,0.0000,-0.0000,0.0000,-0.0000,0.0000,0.0000
472.0,18.0564,20.3299,-0.9988,0.0485,-0.0001,0.0000,-0.0000,0.0000,-0.0000,-0.0001,-0.0000,-0.0002,0.0000
472.5,18.0564,20.3299,-0.9988,0.0485,0.0001,-0.0000,-0.0000,0.0000,0.0001,0.0000,0.0002,0.0000,0.0000
473.0,18.0564,20.3299,-0.9988,0.0485,-0.0001,-0.0000,-0.0000,0.0000,-0.0000,0.0000,-0.0000,0.0000,0.0000
473.5,18.0564,20.3299,-0.9988,0.0485,-0.0000,-0.0000,-0.0000,0.0000,-0.0000,0.0000,-0.0000,0.0000,0.0000
474.0,18.0564,20.3299,-0.9988,0.0485,0.0000,0.0000,-0.0000,0.0000,-0.0000,0.0000,-0.0000,0.0000,0.0000
474.5,18.0564,20.3299,-0.9988,0.0485,0.0001,-0.0000,-0.0000,0.0000,0.0005,0.0000,0.0008,0.0000,0.0000
475.0,18.0564,20.3299,-0.9988,0.0485,0.0002,-0.0002,-0.0000,0.0000,0.0001,0.0001,0.0002,0.0002,0.0000
475.5,18.0564,20.3299,-0.9988,0.0485,-0.0001,-0.0001,-0.0000,0.0000,-0.0000,0.0000,-0.0000,0.0000,0.0000
476.0,18.0564,20.3299,-0.9988,0.0485,0.0000,-0.0001,-0.0000,0.0000,0.0001,0.0000,0.0002,0.0000,0.0000
476.5,18.0564,20.3299,-0.9988,0.0485,-0.0000,-0.0001,-0.0000,0.0000,-0.0000,0.0000,-0.0000,0.0000,0.0000
477.0,18.0564,20.3299,-0.9988,0.0485,-0.0001,-0.0001,-0.0000,0.0000,-0.0000,0.0000,-0.0000,0.0000,0.0000
477.5,18.0564,20.3299,-0.9988,0.0485,0.0001,-0.0001,-0.0000,0.0000,0.0003,0.0000,0.0004,0.0000,0.0000
478.0,18.0564,20.3299,-0.9988,0.0485,0.0001,-0.0002,-0.0000,0.0000,-0.0000,0.0000,-0.0000,0.0000,0.0000
478.5,18.0564,20.3299,-0.9988,0.0485,0.0000,-0.0002,-0.0000,0.0000,-0.0000,0.0000,-0.0000,0.0000,0.0000
479.0,18.0564,20.3299,-0.9988,0.0485,0.0000,-0.0001,-0.0000,0.0000,-0.0000,-0.0001,-0.0000,-0.0002,0.0000
479.5,18.0564,20.3299,-0.9988,0.0485,-0.0000,-0.0001,-0.0000,0.0000,-0.0000,0.0000,-0.0000,0.0000,0.0000
480.0,18.0564,20.3299,-0.9988,0.0485,0.0000,-0.0001,-0.0000,0.0000,-0.0000,0.0001,-0.0000,0.0002,0.0000
480.5,18.0564,20.3299,-0.9988,0.0485,-0.0000,-0.0001,-0.0000,0.0000,-0.0000,0.0000,-0.0000,0.0000,0.0000
481.0,18.0564,20.3299,-0.9988,0.0485,0.0001,-0.0001,-0.0000,0.0000,-0.0000,0.0000,-0.0000,0.0000,0.0000
481.5,18.0564,20.3299,-0.9988,0.0485,0.0001,-0.0001,-0.0000,0.0000,-0.0001,0.0001,-0.0002,0.0002,0.0000
482.0,18.0564,20.3299,-0.9988,0.0485,0.0000,-0.0001,-0.0000,0.0000,-0.0000,0.0000,-0.0000,0.0000,0.0000
482.5,18.0564,20.3299,-0.9988,0.0485,-0.0001,-0.0000,-0.0000,0.0000,-0.0001,0.0000,-0.0002,0.0000,0.0000
483.0,18.0564,20.3299,-0.9988,0.0485,-0.0002,0.0001,-0.0000,0.0000,-0.0000,0.0000,-0.0000,0.0000,0.0000
483.5,18.0564,20.3299,-0.9988,0.0485,0.0000,0.0001,-0.0000,0.0000,-0.0000,0.0000,-0.0000,0.0000,0.0000
484.0,18.0564,20.3299,-0.9988,0.0485,-0.0001,0.0001,-0.0000,0.0000,-0.0003,0.0000,-0.0004,0.0000,0.0000
484.5,18.0564,20.3299,-0.9988,0.0485,-0.0001,0.0002,-0.0000,0.0000,-0.0000,0.0000,-0.0000,0.0000,0.0000
485.0,18.0564,20.3299,-0.9988,0.0485,-0.0000,0.0002,-0.0000,0.0000,-0.0000,0.0000,-0.0000,0.0000,0.0000
485.5,18.0564,20.3299,-0.9988,0.0485,-0.0000,0.0001,-0.0000,0.0000,-0.0000,0.0000,-0.0000,0.0000,0.0000
486.0,18.0564,20.3299,-0.9988,0.0485,0.0001,0.0001,-0.0000,0.0000,0.0003,0.0001,0.0004,0.0002,0.0000
486.5,18.0564,20.3299,-0.9988,0.0485,0.0001,0.0001,-0.0000,0.0000,-0.0000,0.0004,-0.0000,0.0006,0.0000
487.0,18.0564,20.3299,-0.9988,0.0485,0.0002,0.0002,-0.0000,0.0000,-0.0000,0.0004,-0.0000,0.0006,0.0000
487.5,18.0564,20.3299,-0.9988,0.0485,-0.0001,0.0002,-0.0000,0.0000,0.0001,0.0001,0.0002,0.0002,0.0000
488.0,18.0564,20.3299,-0.9988,0.0485,-0.0000,0.0002,-0.0000,0.0000,-0.0000,0.0001,-0.0000,0.0002,0.0000
488.5,18.0564,20.3299,-0.9988,0.0485,-0.0000,0.0001,-0.0000,0.0000,-0.0000,0.0000,-0.0000,0.0000,0.0000
489.0,18.0564,20.3299,-0.9988,0.0485,-0.0001,0.0001,-0.0000,0.0000,-0.0000,-0.0001,-0.0000,-0.0002,0.0000
489.5,18.0564,20.3299,-0.9988,0.0485,-0.0000,0.0000,-0.0000,0.0000,0.0003,-0.0003,0.0004,-0.0004,0.0000
490.0,18.0564,20.3299,-0.9988,0.0485,-0.0001,-0.0000,-0.0000,0.0000,-0.0000,0.0000,-0.0000,0.0000,0.0000
490.5,18.0564,20.3299,-0.9988,0.0485,0.0000,-0.0000,-0.0000,0.0000,0.0001,0.0000,0.0002,0.0000,0.0000
491.0,18.0564,20.3299,-0.9988,0.0485,-0.0001,-0.0000,-0.0000,0.0000,-0.0001,0.0000,-0.0002,0.0000,0.0000
491.5,18.0564,20.3299,-0.9988,0.0485,-0.0001,-0.0000,-0.0000,0.0000,-0.0001,0.0000,-0.0002,0.0000,0.0000
492.0,18.0564,20.3299,-0.9988,0.0485,0.0000,-0.0000,-0.0000,0.0000,-0.0000,0.0000,-0.0000,0.0000,0.0000
492.5,18.0564,20.3299,-0.9988,0.0485,-0.0000,0.0001,-0.0000,0.0000,-0.0000,0.0000,-0.0000,0.0000,0.0000
493.0,18.0564,20.3299,-0.9988,0.0485,0.0001,0.0001,-0.0000,0.0000,-0.0000,-0.0003,-0.0000,-0.0004,0.0000
493.5,18.0564,20.3299,-0.9988,0.0485,-0.0001,0.0001,-0.0000,0.0000,-0.0005,0.0000,-0.0008,0.0000,0.0000
494.0,18.0564,20.3299,-0.9988,0.0485,-0.0000,0.0001,-0.0000,0.0000,-0.0000,0.0000,-0.0000,0.0000,0.0000
494.5,18.0564,20.3299,-0.9988,0.0485,-0.0003,0.0001,-0.0000,0.0000,-0.0004,-0.0003,-0.0006,-0.0004,0.0000
495.0,18.0564,20.3299,-0.9988,0.0485,0.0000,0.0001,-0.0000,0.0000,-0.0000,0.0000,-0.0000,0.0000,0.0000
495.5,18.0564,20.3299,-0.9988,0.0485,0.0000,0.0001,-0.0000,0.0000,-0.0000,0.0001,-0.0000,0.0002,0.0000
496.0,18.0564,20.3299,-0.9988,0.0485,-0.0000,0.0001,-0.0000,0.0000,-0.0004,-0.0003,-0.0006,-0.0004,0.0000
496.5,18.0564,20.3299,-0.9988,0.0485,-0.0000,0.0001,-0.0000,0.0000,-0.0000,-0.0001,-0.0000,-0.0002,0.0000
497.0,18.0564,20.3299,-0.9988,0.0485,-0.0000,0.0001,-0.0000,0.0000,-0.0000,0.0003,-0.0000,0.0004,0.0000
497.5,18.0564,20.3299,-0.9988,0.0485,0.0001,0.0002,-0.0000,0.0000,0.0001,0.0001,0.0002,0.0002,0.0000
498.0,18.0564,20.3299,-0.9988,0.0485,0.0001,0.0001,-0.0000,0.0000,0.0005,0.0000,0.0008,0.0000,0.0000
498.5,18.0564,20.3299,-0.9988,0.0485,0.0002,0.0000,-0.0000,0.0000,0.0001,0.0003,0.0002,0.0004,0.0000
499.0,18.0564,20.3299,-0.9988,0.0485,-0.0001,0.0002,-0.0000,0.0000,-0.0001,0.0000,-0.0002,0.0000,0.0000
499.5,18.0564,20.3299,-0.9988,0.0485,-0.0001,0.0002,-0.0000,0.0000,-0.0001,0.0000,-0.0002,0.0000,0.0000
500.0,18.0564,20.3299,-0.9988,0.0485,-0.0000,0.0002,-0.0000,0.0000,-0.0001,0.0000,-0.0002,0.0000,0.0000
500.5,18.0564,20.3299,-0.9988,0.0485,0.0000,0.0001,-0.0000,0.0000,-0.0003,0.0001,-0.0004,0.0002,0.0000
501.0,18.0564,20.3299,-0.9988,0.0485,-0.0001,0.0002,-0.0000,0.0000,0.0003,0.0000,0.0004,0.0000,0.0000
501.5,18.0564,20.3299,-0.9988,0.0485,0.0001,0.0001,-0.0000,0.0000,0.0001,0.0003,0.0002,0.0004,0.0000
502.0,18.0564,20.3299,-0.9988,0.0485,0.0001,0.0001,-0.0000,0.0000,0.0001,0.0000,0.0002,0.0000,0.0000
502.5,18.0564,20.3299,-0.9988,0.0485,0.0000,0.0001,-0.0000,0.0000,-0.0001,0.0001,-0.0002,0.0002,0.0000
503.0,18.0564,20.3299,-0.9988,0.0485,-0.0000,0.0001,-0.0000,0.0000,-0.0000,0.0000,-0.0000,0.0000,0.0000
503.5,18.0564,20.3299,-0.9988,0.0485,-0.0000,0.0000,-0.0000,0.0000,-0.0001,-0.0001,-0.0002,-0.0002,0.0000
504.0,18.0564,20.3299,-0.9988,0.0485,-0.0000,0.0001,-0.0000,0.0000,-0.0003,0.0000,-0.0004,0.0000,0.0000
504.5,18.0564,20.3299,-0.9988,0.0485,0.0002,0.0001,-0.0000,0.0000,0.0003,0.0003,0.0004,0.0004,0.0000
505.0,18.0564,20.3299,-0.9988,0.0485,0.0001,0.0001,-0.0000,0.0000,-0.0001,0.0000,-0.0002,0.0000,0.0000
505.5,18.0564,20.3299,-0.9988,0.0485,-0.0000,0.0001,-0.0000,0.0000,-0.0000,0.0000,-0.0000,0.0000,0.0000
506.0,18.0564,20.3299,-0.9988,0.0485,-0.0000,0.0001,-0.0000,0.0000,-0.0000,-0.0001,-0.0000,-0.0002,0.0000
506.5,18.0564,20.3299,-0.9988,0.0485,0.0001,0.0001,-0.0000,0.0000,-0.0000,0.0000,-0.0000,0.0000,0.0000
507.0,18.0564,20.3299,-0.9988,0.0485,0.0001,0.0001,-0.0000,0.0000,-0.0000,0.0003,-0.0000,0.0004,0.0000
507.5,18.0564,20.3299,-0.9988,0.0485,0.0000,0.0001,-0.0000,0.0000,0.0001,0.0001,0.0002,0.0002,0.0000
508.0,18.0564,20.3299,-0.9988,0.0485,-0.0000,0.0000,-0.0000,0.0000,-0.0003,0.0000,-0.0004,0.0000,0.0000
508.5,18.0564,20.3299,-0.9988,0.0485,0.0000,-0.0000,-0.0000,0.0000,-0.0000,-0.0001,-0.0000,-0.0002,0.0000
509.0,18.0564,20.3299,-0.9988,0.0485,-0.0000,-0.0001,-0.0000,0.0000,-0.0001,0.0000,-0.0002,0.0000,0.0000
509.5,18.0564,20.3299,-0.9988,0.0485,-0.0000,-0.0002,-0.0000,0.0000,-0.0000,0.0000,-0.0000,0.0000,0.0000
510.0,18.0564,20.3299,-0.9988,0.0485,0.0001,-0.0001,-0.0000,0.0000,0.0001,0.0000,0.0002,0.0000,0.0000
510.5,18.0564,20.3299,-0.9988,0.0485,-0.0000,-0.0000,-0.0000,0.0000,0.0001,0.0001,0.0002,0.0002,0.0000
511.0,18.0564,20.3299,-0.9988,0.0485,-0.0000,-0.0000,-0.0000,0.0000,-0.0000,0.0001,-0.0000,0.0002,0.0000
511.5,18.0564,20.3299,-0.9988,0.0485,0.0000,0.0000,-0.0000,0.0000,-0.0003,-0.0001,-0.0004,-0.0002,0.0000
512.0,18.0564,20.3299,-0.9988,0.0485,-0.0000,-0.0000,-0.0000,0.0000,0.0001,0.0000,0.0002,0.0000,0.0000
512.5,18.0564,20.3299,-0.9988,0.0485,0.0000,-0.0000,-0.0000,0.0000,-0.0001,-0.0003,-0.0002,-0.0004,0.0000
513.0,18.0564,20.3299,-0.9988,0.0485,-0.0001,-0.0000,-0.0000,0.0000,-0.0000,-0.0001,-0.0000,-0.0002,0.0000
513.5,18.0564,20.3299,-0.9988,0.0485,-0.0000,-0.0000,-0.0000,0.0000,0.0001,0.0000,0.0002,0.0000,0.0000
514.0,18.0564,20.3299,-0.9988,0.0485,0.0000,-0.0001,-0.0000,0.0000,0.0004,-0.0001,0.0006,-0.0002,0.0000
514.5,18.0564,20.3299,-0.9988,0.0485,-0.0000,-0.0001,-0.0000,0.0000,-0.0000,-0.0001,-0.0000,-0.0002,0.0000
515.0,18.0564,20.3299,-0.9988,0.0485,-0.0001,-0.0002,-0.0000,0.0000,0.0003,0.0000,0.0004,0.0000,0.0000
515.5,18.0564,20.3299,-0.9988,0.0485,-0.0000,-0.0002,-0.0000,0.0000,-0.0001,0.0000,-0.0002,0.0000,0.0000
516.0,18.0564,20.3299,-0.9988,0.0485,-0.0001,-0.0003,-0.0000,0.0000,-0.0000,0.0000,-0.0000,0.0000,0.0000
516.5,18.0564,20.3299,-0.9988,0.0485,0.0001,-0.0002,-0.0000,0.0000,0.0001,0.0001,0.0002,0.0002,0.0000
517.0,18.0564,20.3299,-0.9988,0.0485,0.0001,-0.0001,-0.0000,0.0000,0.0001,0.0001,0.0002,0.0002,0.0000
517.5,18.0564,20.3299,-0.9988,0.0485,0.0001,-0.0001,-0.0000,0.0000,-0.0001,0.0001,-0.0002,0.0002,0.0000
518.0,18.0564,20.3299,-0.9988,0.0485,0.0001,-0.0000,-0.0000,0.0000,0.0001,-0.0001,0.0002,-0.0002,0.0000
518.5,18.0564,20.3299,-0.9988,0.0485,0.0001,-0.0000,-0.0000,0.0000,0.0001,0.0001,0.0002,0.0002,0.0000
519.0,18.0564,20.3299,-0.9988,0.0485,0.0002,0.0001,-0.0000,0.0000,-0.0000,0.0004,-0.0000,0.0006,0.0000
519.5,18.0564,20.3299,-0.9988,0.0485,-0.0001,0.0001,-0.0000,0.0000,-0.0001,-0.0001,-0.0002,-0.0002,0.0000
520.0,18.0564,20.3299,-0.9988,0.0485,-0.0001,0.0000,-0.0000,0.0000,-0.0000,-0.0001,-0.0000,-0.0002,0.0000
520.5,18.0564,20.3299,-0.9988,0.0485,0.0001,-0.0001,-0.0000,0.0000,0.0003,0.0000,0.0004,0.0000,0.0000
521.0,18.0564,20.3299,-0.9988,0.0485,0.0000,-0.0000,-0.0000,0.0000,-0.0000,-0.0001,-0.0000,-0.0002,0.0000
521.5,18.0564,20.3299,-0.9988,0.0485,0.0001,-0.0000,-0.0000,0.0000,-0.0000,0.0000,-0.0000,0.0000,0.0000
522.0,18.0564,20.3299,-0.9988,0.0485,-0.0000,0.0000,-0.0000,0.0000,0.0003,0.0000,0.0004,0.0000,0.0000
522.5,18.0564,20.3299,-0.9988,0.0485,0.0001,-0.0001,-0.0000,0.0000,0.0003,0.0000,0.0004,0.0000,0.0000
523.0,18.0564,20.3299,-0.9988,0.0485,-0.0000,-0.0001,-0.0000,0.0000,-0.0001,0.0000,-0.0002,0.0000,0.0000
523.5,18.0564,20.3299,-0.9988,0.0485,-0.0001,-0.0001,-0.0000,0.0000,-0.0000,0.0000,-0.0000,0.0000,0.0000
524.0,18.0564,20.3299,-0.9988,0.0485,-0.0000,-0.0001,-0.0000,0.0000,-0.0000,0.0000,-0.0000,0.0000,0.0000
524.5,18.0564,20.3299,-0.9988,0.0485,-0.0000,-0.0000,-0.0000,0.0000,-0.0000,0.0000,-0.0000,0.0000,0.0000
525.0,18.0564,20.3299,-0.9988,0.0485,0.0000,-0.0000,-0.0000,0.0000,0.0001,0.0001,0.0002,0.0002,0.0000
525.5,18.0564,20.3299,-0.9988,0.0485,0.0000,-0.0000,-0.0000,0.0000,0.0004,0.0004,0.0006,0.0006,0.0000
526.0,18.0564,20.3299,-0.9988,0.0485,0.0002,0.0000,-0.0000,0.0000,-0.0000,0.0001,-0.0000,0.0002,0.0000
526.5,18.0564,20.3299,-0.9988,0.0485,0.0002,-0.0000,-0.0000,0.0000,0.0004,0.0000,0.0006,0.0000,0.0000
527.0,18.0564,20.3299,-0.9988,0.0485,-0.0000,-0.0001,-0.0000,0.0000,-0.0001,0.0000,-0.0002,0.0000,0.0000
527.5,18.0564,20.3299,-0.9988,0.0485,-0.0001,0.0000,-0.0000,0.0000,-0.0000,0.0001,-0.0000,0.0002,0.0000
528.0,18.0564,20.3299,-0.9988,0.0485,-0.0000,0.0000,-0.0000,0.0000,-0.0000,-0.0003,-0.0000,-0.0004,0.0000
