time_s,amcl_x,amcl_y,amcl_qz,amcl_qw,filtered_vx,filtered_wz,left_command_mps,right_command_mps,left_measured_mps,right_measured_mps,left_encoder_rps,right_encoder_rps,voltage
0.0,,,,,,,-0.0000,0.0000,-0.0004,0.0001,-0.0006,0.0002,0.0000
0.5,,,,,,,-0.0000,0.0000,-0.0001,0.0000,-0.0002,0.0000,0.0000
1.0,,,,,,,-0.0000,0.0000,0.0001,0.0003,0.0002,0.0004,0.0000
1.5,,,,,-0.0000,-0.0000,-0.0000,0.0000,0.0001,0.0000,0.0002,0.0000,0.0000
2.0,,,,,0.0000,-0.0000,-0.0000,0.0000,0.0001,0.0000,0.0002,0.0000,0.0000
2.5,,,,,-0.0000,-0.0000,-0.0000,0.0000,-0.0000,-0.0001,-0.0000,-0.0002,0.0000
3.0,,,,,0.0000,-0.0000,-0.0000,0.0000,-0.0000,0.0001,-0.0000,0.0002,0.0000
3.5,0.0000,0.0000,0.0000,1.0000,0.0001,-0.0000,-0.0000,0.0000,0.0001,0.0001,0.0002,0.0002,0.0000
4.0,0.0000,0.0000,0.0000,1.0000,-0.0000,0.0000,-0.0000,0.0000,0.0001,0.0000,0.0002,0.0000,0.0000
4.5,0.0000,0.0000,0.0000,1.0000,0.0001,-0.0000,-0.0000,0.0000,0.0001,0.0000,0.0002,0.0000,0.0000
5.0,0.0000,0.0000,0.0000,1.0000,0.0000,-0.0001,-0.0000,0.0000,-0.0003,0.0001,-0.0004,0.0002,0.0000
5.5,0.0000,0.0000,0.0000,1.0000,-0.0000,-0.0000,-0.0000,0.0000,-0.0001,0.0000,-0.0002,0.0000,0.0000
6.0,0.0000,0.0000,0.0000,1.0000,-0.0000,-0.0000,-0.0000,0.0000,-0.0000,0.0000,-0.0000,0.0000,0.0000
6.5,0.0000,0.0000,0.0000,1.0000,0.0000,-0.0000,-0.0000,0.0000,-0.0000,0.0000,-0.0000,0.0000,0.0000
7.0,0.0000,0.0000,0.0000,1.0000,0.0000,-0.0000,-0.0000,0.0000,-0.0000,0.0000,-0.0000,0.0000,0.0000
7.5,0.0000,0.0000,0.0000,1.0000,0.0000,-0.0000,-0.0000,0.0000,-0.0001,0.0000,-0.0002,0.0000,0.0000
8.0,0.0000,0.0000,0.0000,1.0000,0.0000,-0.0000,-0.0000,0.0000,0.0001,0.0000,0.0002,0.0000,0.0000
8.5,0.0000,0.0000,0.0000,1.0000,-0.0000,-0.0001,-0.0000,0.0000,-0.0000,0.0000,-0.0000,0.0000,0.0000
9.0,0.0000,0.0000,0.0000,1.0000,-0.0000,-0.0000,-0.0000,0.0000,-0.0000,0.0000,-0.0000,0.0000,0.0000
9.5,0.0000,0.0000,0.0000,1.0000,0.0001,-0.0001,-0.0000,0.0000,0.0001,0.0001,0.0002,0.0002,0.0000
10.0,0.0000,0.0000,0.0000,1.0000,0.0001,-0.0001,-0.0000,0.0000,-0.0000,0.0000,-0.0000,0.0000,0.0000
10.5,0.0000,0.0000,0.0000,1.0000,-0.0001,-0.0001,-0.0000,0.0000,-0.0000,-0.0003,-0.0000,-0.0004,0.0000
11.0,0.0000,0.0000,0.0000,1.0000,0.0001,-0.0001,-0.0000,0.0000,0.0003,0.0000,0.0004,0.0000,0.0000
11.5,0.0000,0.0000,0.0000,1.0000,0.0001,-0.0002,-0.0000,0.0000,0.0003,0.0000,0.0004,0.0000,0.0000
12.0,0.0000,0.0000,0.0000,1.0000,-0.0000,-0.0002,-0.0000,0.0000,0.0001,-0.0001,0.0002,-0.0002,0.0000
12.5,0.0000,0.0000,0.0000,1.0000,-0.0001,-0.0002,-0.0000,0.0000,-0.0000,-0.0003,-0.0000,-0.0004,0.0000
13.0,0.0000,0.0000,0.0000,1.0000,-0.0000,-0.0001,-0.0000,0.0000,-0.0000,0.0001,-0.0000,0.0002,0.0000
13.5,0.0000,0.0000,0.0000,1.0000,-0.0001,-0.0000,-0.0000,0.0000,-0.0001,0.0000,-0.0002,0.0000,0.0000
14.0,0.0000,0.0000,0.0000,1.0000,0.0001,-0.0001,-0.0000,0.0000,-0.0000,0.0000,-0.0000,0.0000,0.0000
14.5,0.0000,0.0000,0.0000,1.0000,0.0000,-0.0000,-0.0000,0.0000,-0.0000,0.0001,-0.0000,0.0002,0.0000
15.0,0.0000,0.0000,0.0000,1.0000,0.0000,-0.0000,-0.0000,0.0000,0.0001,0.0000,0.0002,0.0000,0.0000
15.5,0.0000,0.0000,0.0000,1.0000,0.0001,-0.0001,-0.0000,0.0000,0.0003,0.0000,0.0004,0.0000,0.0000
16.0,0.0000,0.0000,0.0000,1.0000,-0.0000,-0.0001,-0.0000,0.0000,0.0001,0.0003,0.0002,0.0004,0.0000
16.5,0.0000,0.0000,0.0000,1.0000,0.0001,-0.0000,-0.0000,0.0000,-0.0000,-0.0003,-0.0000,-0.0004,0.0000
17.0,0.0000,0.0000,0.0000,1.0000,-0.0001,-0.0000,-0.0000,0.0000,-0.0000,-0.0001,-0.0000,-0.0002,0.0000
17.5,0.0000,0.0000,0.0000,1.0000,-0.0000,-0.0000,-0.0000,0.0000,-0.0000,0.0000,-0.0000,0.0000,0.0000
18.0,0.0000,0.0000,0.0000,1.0000,-0.0001,-0.0001,-0.0000,0.0000,-0.0001,-0.0004,-0.0002,-0.0006,0.0000
18.5,0.0000,0.0000,0.0000,1.0000,0.0000,-0.0000,-0.0000,0.0000,-0.0000,-0.0001,-0.0000,-0.0002,0.0000
19.0,0.0000,0.0000,0.0000,1.0000,0.0000,-0.0000,-0.0000,0.0000,-0.0000,0.0000,-0.0000,0.0000,0.0000
19.5,0.0000,0.0000,0.0000,1.0000,0.0001,-0.0001,-0.0000,0.0000,0.0003,0.0000,0.0004,0.0000,0.0000
20.0,0.0000,0.0000,0.0000,1.0000,0.0000,-0.0001,-0.0000,0.0000,-0.0000,0.0000,-0.0000,0.0000,0.0000
20.5,0.0000,0.0000,0.0000,1.0000,-0.0000,-0.0001,-0.0000,0.0000,-0.0000,0.0000,-0.0000,0.0000,0.0000
21.0,0.0000,0.0000,0.0000,1.0000,-0.0000,-0.0001,-0.0000,0.0000,0.0003,-0.0001,0.0004,-0.0002,0.0000
21.5,0.0000,0.0000,0.0000,1.0000,-0.0000,-0.0001,-0.0000,0.0000,-0.0000,0.0000,-0.0000,0.0000,0.0000
22.0,0.0000,0.0000,0.0000,1.0000,-0.0000,-0.0001,-0.0000,0.0000,-0.0000,0.0000,-0.0000,0.0000,0.0000
22.5,0.0000,0.0000,0.0000,1.0000,0.0000,-0.0000,-0.0000,0.0000,-0.0000,0.0001,-0.0000,0.0002,0.0000
23.0,0.0000,0.0000,0.0000,1.0000,0.0001,0.0000,-0.0000,0.0000,-0.0000,0.0001,-0.0000,0.0002,0.0000
23.5,0.0000,0.0000,0.0000,1.0000,0.0001,0.0000,-0.0000,0.0000,-0.0000,0.0000,-0.0000,0.0000,0.0000
24.0,0.0000,0.0000,0.0000,1.0000,0.0000,-0.0000,-0.0000,0.0000,-0.0000,-0.0001,-0.0000,-0.0002,0.0000
24.5,0.0000,0.0000,0.0000,1.0000,0.0001,-0.0001,-0.0000,0.0000,0.0001,0.0000,0.0002,0.0000,0.0000
25.0,0.0000,0.0000,0.0000,1.0000,0.0000,-0.0001,-0.0000,0.0000,-0.0000,0.0001,-0.0000,0.0002,0.0000
25.5,0.0000,0.0000,0.0000,1.0000,0.0000,0.0000,-0.0000,0.0000,-0.0000,0.0000,-0.0000,0.0000,0.0000
26.0,0.0000,0.0000,0.0000,1.0000,0.0001,-0.0000,-0.0000,0.0000,0.0003,0.0000,0.0004,0.0000,0.0000
26.5,0.0000,0.0000,0.0000,1.0000,-0.0000,-0.0001,-0.0000,0.0000,-0.0000,0.0000,-0.0000,0.0000,0.0000
27.0,0.0000,0.0000,0.0000,1.0000,0.0001,-0.0001,-0.0000,0.0000,-0.0000,0.0000,-0.0000,0.0000,0.0000
27.5,0.0000,0.0000,0.0000,1.0000,0.0000,-0.0001,-0.0000,0.0000,-0.0000,0.0001,-0.0000,0.0002,0.0000
28.0,0.0000,0.0000,0.0000,1.0000,0.0000,-0.0000,-0.0000,0.0000,-0.0000,0.0001,-0.0000,0.0002,0.0000
28.5,0.0000,0.0000,0.0000,1.0000,-0.0000,-0.0000,-0.0000,0.0000,-0.0000,-0.0001,-0.0000,-0.0002,0.0000
29.0,0.0000,0.0000,0.0000,1.0000,0.0001,-0.0001,-0.0000,0.0000,-0.0001,-0.0001,-0.0002,-0.0002,0.0000
29.5,0.0000,0.0000,0.0000,1.0000,-0.0000,-0.0000,-0.0000,0.0000,-0.0001,0.0000,-0.0002,0.0000,0.0000
30.0,0.0000,0.0000,0.0000,1.0000,0.0001,0.0001,-0.0000,0.0000,-0.0000,0.0000,-0.0000,0.0000,0.0000
30.5,0.0000,0.0000,0.0000,1.0000,0.0001,0.0000,-0.0000,0.0000,0.0003,0.0000,0.0004,0.0000,0.0000
31.0,0.0000,0.0000,0.0000,1.0000,-0.0001,-0.0000,-0.0000,0.0000,-0.0000,-0.0001,-0.0000,-0.0002,0.0000
31.5,0.0000,0.0000,0.0000,1.0000,-0.0000,-0.0001,-0.0000,0.0000,0.0001,0.0000,0.0002,0.0000,0.0000
32.0,0.0000,0.0000,0.0000,1.0000,0.0000,-0.0001,-0.0000,0.0000,-0.0000,0.0000,-0.0000,0.0000,0.0000
32.5,0.0000,0.0000,0.0000,1.0000,0.0001,-0.0000,-0.0000,0.0000,-0.0000,0.0000,-0.0000,0.0000,0.0000
33.0,0.0000,0.0000,0.0000,1.0000,-0.0000,-0.0000,-0.0000,0.0000,-0.0000,-0.0001,-0.0000,-0.0002,0.0000
33.5,0.0000,0.0000,0.0000,1.0000,-0.0001,-0.0000,-0.0000,0.0000,-0.0000,0.0001,-0.0000,0.0002,0.0000
34.0,0.0000,0.0000,0.0000,1.0000,-0.0001,0.0000,-0.0000,0.0000,-0.0003,-0.0003,-0.0004,-0.0004,0.0000
34.5,0.0000,0.0000,0.0000,1.0000,-0.0002,0.0001,-0.0000,0.0000,-0.0000,-0.0003,-0.0000,-0.0004,0.0000
35.0,0.0000,0.0000,0.0000,1.0000,0.0000,0.0001,-0.0000,0.0000,-0.0003,0.0001,-0.0004,0.0002,0.0000
35.5,0.0000,0.0000,0.0000,1.0000,-0.0001,0.0002,-0.0000,0.0000,-0.0003,0.0001,-0.0004,0.0002,0.0000
36.0,0.0000,0.0000,0.0000,1.0000,0.0001,0.0001,-0.0000,0.0000,0.0001,0.0000,0.0002,0.0000,0.0000
36.5,0.0000,0.0000,0.0000,1.0000,0.0001,0.0001,-0.0000,0.0000,-0.0000,0.0001,-0.0000,0.0002,0.0000
37.0,0.0000,0.0000,0.0000,1.0000,0.0000,0.0001,-0.0000,0.0000,-0.0000,0.0001,-0.0000,0.0002,0.0000
37.5,0.0000,0.0000,0.0000,1.0000,0.0000,0.0001,-0.0000,0.0000,-0.0000,0.0003,-0.0000,0.0004,0.0000
38.0,0.0000,0.0000,0.0000,1.0000,0.0001,0.0002,-0.0000,0.0000,-0.0003,0.0000,-0.0004,0.0000,0.0000
38.5,0.0000,0.0000,0.0000,1.0000,-0.0001,0.0002,-0.0000,0.0000,0.0001,-0.0001,0.0002,-0.0002,0.0000
39.0,0.0000,0.0000,0.0000,1.0000,-0.0000,0.0002,-0.0000,0.0000,0.0001,0.0001,0.0002,0.0002,0.0000
39.5,0.0000,0.0000,0.0000,1.0000,-0.0000,0.0001,-0.0000,0.0000,0.0003,0.0000,0.0004,0.0000,0.0000
40.0,0.0000,0.0000,0.0000,1.0000,0.0001,0.0001,-0.0000,0.0000,-0.0000,0.0001,-0.0000,0.0002,0.0000
40.5,0.0000,0.0000,0.0000,1.0000,0.0000,0.0001,-0.0000,0.0000,-0.0001,0.0000,-0.0002,0.0000,0.0000
41.0,17.9370,20.2360,0.0008,1.0000,0.0000,0.0001,-0.0000,0.0000,0.0001,0.0000,0.0002,0.0000,0.0000
41.5,17.9370,20.2360,0.0008,1.0000,-0.0000,0.0000,-0.0000,0.0000,-0.0003,0.0000,-0.0004,0.0000,0.0000
42.0,17.9370,20.2360,0.0008,1.0000,-0.0000,0.0000,-0.0000,0.0000,-0.0004,0.0000,-0.0006,0.0000,0.0000
42.5,17.9370,20.2360,0.0008,1.0000,0.0001,0.0001,-0.0000,0.0000,-0.0000,0.0000,-0.0000,0.0000,0.0000
43.0,17.9370,20.2360,0.0008,1.0000,0.0001,0.0001,-0.0000,0.0000,-0.0000,0.0003,-0.0000,0.0004,0.0000
43.5,17.9370,20.2360,0.0008,1.0000,0.0000,0.0001,-0.0000,0.0000,-0.0001,0.0003,-0.0002,0.0004,0.0000
44.0,17.9370,20.2360,0.0008,1.0000,0.0000,0.0001,-0.0000,0.0000,-0.0000,0.0000,-0.0000,0.0000,0.0000
44.5,17.9370,20.2360,0.0008,1.0000,-0.0000,0.0001,-0.0000,0.0000,-0.0000,0.0000,-0.0000,0.0000,0.0000
45.0,17.9370,20.2360,0.0008,1.0000,-0.0000,0.0001,-0.0000,0.0000,0.0001,-0.0003,0.0002,-0.0004,0.0000
45.5,17.9370,20.2360,0.0008,1.0000,0.0000,-0.0000,-0.0000,0.0000,-0.0000,0.0000,-0.0000,0.0000,0.0000
46.0,18.1141,20.3765,0.0051,1.0000,0.0000,-0.0000,-0.0000,0.0000,-0.0000,0.0001,-0.0000,0.0002,0.0000
46.5,18.1141,20.3765,0.0051,1.0000,0.0001,-0.0000,-0.0000,0.0000,0.0001,0.0000,0.0002,0.0000,0.0000
47.0,18.1141,20.3765,0.0051,1.0000,-0.0000,-0.0000,-0.0000,0.0000,0.0001,0.0000,0.0002,0.0000,0.0000
47.5,18.1141,20.3765,0.0051,1.0000,0.0000,-0.0000,-0.0000,0.0000,-0.0001,0.0003,-0.0002,0.0004,0.0000
48.0,18.1141,20.3765,0.0051,1.0000,0.0001,0.0000,-0.0000,0.0000,0.0001,0.0001,0.0002,0.0002,0.0000
48.5,18.1141,20.3765,0.0051,1.0000,-0.0000,0.0001,-0.0000,0.0000,-0.0000,0.0001,-0.0000,0.0002,0.0000
49.0,18.1141,20.3765,0.0051,1.0000,-0.0000,0.0000,-0.0000,0.0000,0.0001,-0.0001,0.0002,-0.0002,0.0000
49.5,18.1141,20.3765,0.0051,1.0000,-0.0000,-0.0000,-0.0000,0.0000,-0.0000,0.0000,-0.0000,0.0000,0.0000
50.0,18.1141,20.3765,0.0051,1.0000,-0.0001,0.0000,-0.0000,0.0000,-0.0001,0.0000,-0.0002,0.0000,0.0000
50.5,17.9254,20.7465,0.0368,0.9993,0.0000,-0.0000,-0.0000,0.0000,-0.0000,0.0001,-0.0000,0.0002,0.0000
51.0,17.9254,20.7465,0.0368,0.9993,-0.0000,-0.0000,-0.0000,0.0000,-0.0004,0.0000,-0.0006,0.0000,0.0000
51.5,17.9254,20.7465,0.0368,0.9993,-0.0002,0.0002,-0.0000,0.0000,-0.0000,0.0000,-0.0000,0.0000,0.0000
52.0,17.9254,20.7465,0.0368,0.9993,-0.0000,0.0001,-0.0000,0.0000,-0.0000,0.0000,-0.0000,0.0000,0.0000
52.5,17.9254,20.7465,0.0368,0.9993,-0.0000,0.0001,-0.0000,0.0000,-0.0000,0.0000,-0.0000,0.0000,0.0000
53.0,17.9254,20.7465,0.0368,0.9993,0.0001,-0.0000,-0.0000,0.0000,0.0001,0.0000,0.0002,0.0000,0.0000
53.5,17.9254,20.7465,0.0368,0.9993,0.0000,0.0000,-0.0000,0.0000,-0.0000,0.0000,-0.0000,0.0000,0.0000
54.0,17.9254,20.7465,0.0368,0.9993,0.0001,0.0000,-0.0000,0.0000,-0.0001,0.0003,-0.0002,0.0004,0.0000
54.5,17.9254,20.7465,0.0368,0.9993,0.0000,0.0001,-0.0000,0.0000,-0.0000,0.0001,-0.0000,0.0002,0.0000
55.0,17.9254,20.7465,0.0368,0.9993,-0.0001,0.0001,-0.0000,0.0000,-0.0001,0.0000,-0.0002,0.0000,0.0000
55.5,17.9254,20.7465,0.0368,0.9993,-0.0000,0.0001,-0.0000,0.0000,-0.0001,0.0000,-0.0002,0.0000,0.0000
56.0,17.9254,20.7465,0.0368,0.9993,-0.0000,0.0001,-0.0000,0.0000,-0.0000,0.0000,-0.0000,0.0000,0.0000
56.5,17.9254,20.7465,0.0368,0.9993,0.0000,0.0001,-0.0000,0.0000,-0.0000,0.0000,-0.0000,0.0000,0.0000
57.0,17.9254,20.7465,0.0368,0.9993,0.0000,0.0001,-0.0000,0.0000,-0.0000,0.0000,-0.0000,0.0000,0.0000
57.5,17.9254,20.7465,0.0368,0.9993,0.0002,-0.0000,-0.0000,0.0000,0.0004,0.0000,0.0006,0.0000,0.0000
58.0,17.9254,20.7465,0.0368,0.9993,0.0001,-0.0001,-0.0000,0.0000,-0.0000,0.0000,-0.0000,0.0000,0.0000
58.5,17.9254,20.7465,0.0368,0.9993,0.0001,0.0000,-0.0000,0.0000,-0.0000,0.0001,-0.0000,0.0002,0.0000
59.0,17.9254,20.7465,0.0368,0.9993,0.0000,0.0001,-0.0000,0.0000,-0.0001,0.0000,-0.0002,0.0000,0.0000
59.5,17.7535,21.0393,0.0003,1.0000,-0.0001,0.0001,-0.0000,0.0000,-0.0000,0.0000,-0.0000,0.0000,0.0000
60.0,17.7535,21.0393,0.0003,1.0000,0.0001,-0.0001,-0.0000,0.0000,-0.0000,0.0001,-0.0000,0.0002,0.0000
60.5,17.7535,21.0393,0.0003,1.0000,0.0001,-0.0001,-0.0000,0.0000,-0.0000,-0.0001,-0.0000,-0.0002,0.0000
61.0,17.7535,21.0393,0.0003,1.0000,-0.0001,-0.0001,-0.0000,0.0000,-0.0000,-0.0001,-0.0000,-0.0002,0.0000
61.5,17.7535,21.0393,0.0003,1.0000,-0.0000,-0.0001,-0.0000,0.0000,-0.0000,0.0000,-0.0000,0.0000,0.0000
62.0,17.7535,21.0393,0.0003,1.0000,-0.0000,-0.0001,-0.0000,0.0000,-0.0001,0.0000,-0.0002,0.0000,0.0000
62.5,17.7535,21.0393,0.0003,1.0000,-0.0001,0.0000,-0.0000,0.0000,-0.0003,0.0000,-0.0004,0.0000,0.0000
63.0,17.7535,21.0393,0.0003,1.0000,-0.0000,0.0000,-0.0000,0.0000,-0.0001,-0.0001,-0.0002,-0.0002,0.0000
63.5,17.7535,21.0393,0.0003,1.0000,0.0000,0.0000,-0.0000,0.0000,-0.0000,0.0000,-0.0000,0.0000,0.0000
64.0,17.7535,21.0393,0.0003,1.0000,0.0000,-0.0000,-0.0000,0.0000,-0.0000,0.0000,-0.0000,0.0000,0.0000
64.5,17.7535,21.0393,0.0003,1.0000,-0.0000,0.0000,-0.0000,0.0000,-0.0000,0.0000,-0.0000,0.0000,0.0000
65.0,17.7535,21.0393,0.0003,1.0000,-0.0000,-0.0000,-0.0000,0.0000,-0.0000,0.0000,-0.0000,0.0000,0.0000
65.5,17.7535,21.0393,0.0003,1.0000,0.0001,-0.0001,-0.0000,0.0000,0.0001,0.0000,0.0002,0.0000,0.0000
66.0,17.7535,21.0393,0.0003,1.0000,0.0000,-0.0001,-0.0000,0.0000,-0.0000,0.0000,-0.0000,0.0000,0.0000
66.5,17.7535,21.0393,0.0003,1.0000,-0.0000,-0.0000,-0.0000,0.0000,-0.0000,0.0000,-0.0000,0.0000,0.0000
67.0,17.7535,21.0393,0.0003,1.0000,-0.0000,-0.0000,-0.0000,0.0000,-0.0000,0.0000,-0.0000,0.0000,0.0000
67.5,17.7535,21.0393,0.0003,1.0000,-0.0000,0.0001,-0.0000,0.0000,-0.0000,0.0000,-0.0000,0.0000,0.0000
68.0,17.7870,20.8439,-0.0009,1.0000,-0.0000,0.0001,-0.0000,0.0000,-0.0001,-0.0001,-0.0002,-0.0002,0.0000
68.5,17.7870,20.8439,-0.0009,1.0000,0.0001,0.0000,-0.0000,0.0000,-0.0000,-0.0001,-0.0000,-0.0002,0.0000
69.0,17.7870,20.8439,-0.0009,1.0000,0.0001,0.0000,-0.0000,0.0000,-0.0000,0.0000,-0.0000,0.0000,0.0000
69.5,17.7870,20.8439,-0.0009,1.0000,0.0002,-0.0000,-0.0000,0.0000,0.0008,0.0001,0.0012,0.0002,0.0000
70.0,17.7870,20.8439,-0.0009,1.0000,0.0000,-0.0001,-0.0000,0.0000,-0.0000,0.0000,-0.0000,0.0000,0.0000
70.5,17.7870,20.8439,-0.0009,1.0000,-0.0000,-0.0000,-0.0000,0.0000,-0.0000,0.0000,-0.0000,0.0000,0.0000
71.0,17.7870,20.8439,-0.0009,1.0000,-0.0000,0.0000,-0.0000,0.0000,-0.0000,0.0000,-0.0000,0.0000,0.0000
71.5,17.7870,20.8439,-0.0009,1.0000,-0.0000,0.0000,-0.0000,0.0000,-0.0000,0.0000,-0.0000,0.0000,0.0000
72.0,17.7870,20.8439,-0.0009,1.0000,-0.0000,0.0000,-0.0000,0.0000,-0.0000,0.0000,-0.0000,0.0000,0.0000
72.5,17.7870,20.8439,-0.0009,1.0000,-0.0001,-0.0000,-0.0000,0.0000,-0.0001,-0.0001,-0.0002,-0.0002,0.0000
73.0,17.7870,20.8439,-0.0009,1.0000,-0.0000,-0.0000,-0.0000,0.0000,-0.0000,0.0000,-0.0000,0.0000,0.0000
73.5,17.7870,20.8439,-0.0009,1.0000,0.0000,-0.0000,-0.0000,0.0000,-0.0000,0.0001,-0.0000,0.0002,0.0000
74.0,17.7870,20.8439,-0.0009,1.0000,0.0000,-0.0000,-0.0000,0.0000,-0.0000,0.0000,-0.0000,0.0000,0.0000
74.5,17.7870,20.8439,-0.0009,1.0000,0.0000,-0.0001,-0.0000,0.0000,-0.0000,0.0000,-0.0000,0.0000,0.0000
75.0,17.7870,20.8439,-0.0009,1.0000,0.0001,-0.0000,-0.0000,0.0000,0.0001,0.0001,0.0002,0.0002,0.0000
75.5,17.7870,20.8439,-0.0009,1.0000,-0.0001,-0.0000,-0.0000,0.0000,-0.0000,-0.0001,-0.0000,-0.0002,0.0000
76.0,17.7870,20.8439,-0.0009,1.0000,-0.0000,-0.0001,-0.0000,0.0000,-0.0000,0.0000,-0.0000,0.0000,0.0000
76.5,17.7870,20.8439,-0.0009,1.0000,0.0000,-0.0001,-0.0000,0.0000,-0.0000,0.0000,-0.0000,0.0000,0.0000
77.0,17.7870,20.8439,-0.0009,1.0000,0.0000,-0.0000,-0.0000,0.0000,-0.0000,0.0001,-0.0000,0.0002,0.0000
77.5,17.7870,20.8439,-0.0009,1.0000,-0.0002,-0.0001,-0.0000,0.0000,-0.0000,-0.0005,-0.0000,-0.0008,0.0000
78.0,17.7870,20.8439,-0.0009,1.0000,-0.0000,-0.0000,-0.0000,0.0000,-0.0000,0.0000,-0.0000,0.0000,0.0000
78.5,17.7870,20.8439,-0.0009,1.0000,0.0000,0.0000,-0.0000,0.0000,-0.0001,0.0000,-0.0002,0.0000,0.0000
79.0,17.7870,20.8439,-0.0009,1.0000,0.0001,-0.0000,-0.0000,0.0000,0.0003,0.0000,0.0004,0.0000,0.0000
79.5,17.7870,20.8439,-0.0009,1.0000,0.0000,-0.0001,-0.0000,0.0000,-0.0000,-0.0001,-0.0000,-0.0002,0.0000
80.0,17.7870,20.8439,-0.0009,1.0000,-0.0001,0.0000,-0.0000,0.0000,-0.0003,0.0000,-0.0004,0.0000,0.0000
80.5,17.7870,20.8439,-0.0009,1.0000,-0.0001,0.0001,-0.0000,0.0000,-0.0000,0.0000,-0.0000,0.0000,0.0000
81.0,17.7870,20.8439,-0.0009,1.0000,-0.0000,0.0001,-0.0000,0.0000,-0.0001,-0.0001,-0.0002,-0.0002,0.0000
81.5,17.7870,20.8439,-0.0009,1.0000,-0.0001,0.0001,-0.0000,0.0000,-0.0000,0.0000,-0.0000,0.0000,0.0000
82.0,17.7870,20.8439,-0.0009,1.0000,0.0000,0.0001,-0.0000,0.0000,0.0001,0.0001,0.0002,0.0002,0.0000
82.5,17.7870,20.8439,-0.0009,1.0000,-0.0000,0.0001,-0.0000,0.0000,-0.0000,0.0000,-0.0000,0.0000,0.0000
83.0,17.7870,20.8439,-0.0009,1.0000,0.0000,0.0001,-0.0000,0.0000,-0.0000,0.0000,-0.0000,0.0000,0.0000
83.5,17.7870,20.8439,-0.0009,1.0000,-0.0000,0.0001,-0.0000,0.0000,-0.0000,0.0000,-0.0000,0.0000,0.0000
84.0,17.7870,20.8439,-0.0009,1.0000,0.0000,0.0001,-0.0000,0.0000,-0.0000,0.0000,-0.0000,0.0000,0.0000
84.5,17.7870,20.8439,-0.0009,1.0000,-0.0001,0.0000,-0.0000,0.0000,-0.0000,-0.0003,-0.0000,-0.0004,0.0000
85.0,17.7870,20.8439,-0.0009,1.0000,-0.0004,0.0001,-0.0000,0.0000,-0.0005,-0.0003,-0.0008,-0.0004,0.0000
85.5,17.7870,20.8439,-0.0009,1.0000,-0.0004,0.0002,-0.0000,0.0000,-0.0005,-0.0003,-0.0008,-0.0004,0.0000
86.0,17.7870,20.8439,-0.0009,1.0000,0.0001,0.0001,-0.0000,0.0000,0.0003,0.0000,0.0004,0.0000,0.0000
86.5,17.7870,20.8439,-0.0009,1.0000,0.0000,0.0000,-0.0000,0.0000,-0.0000,0.0001,-0.0000,0.0002,0.0000
87.0,17.7870,20.8439,-0.0009,1.0000,0.0000,0.0001,-0.0000,0.0000,-0.0000,0.0000,-0.0000,0.0000,0.0000
87.5,17.7870,20.8439,-0.0009,1.0000,-0.0000,0.0000,-0.0000,0.0000,-0.0000,0.0000,-0.0000,0.0000,0.0000
88.0,17.7870,20.8439,-0.0009,1.0000,-0.0001,0.0000,-0.0000,0.0000,-0.0001,-0.0003,-0.0002,-0.0004,0.0000
88.5,17.7870,20.8439,-0.0009,1.0000,-0.0000,-0.0000,-0.0000,0.0000,-0.0000,0.0000,-0.0000,0.0000,0.0000
89.0,17.7870,20.8439,-0.0009,1.0000,0.0004,-0.0001,-0.0000,0.0000,0.0005,0.0003,0.0008,0.0004,0.0000
89.5,17.7870,20.8439,-0.0009,1.0000,0.0003,-0.0002,-0.0000,0.0000,0.0003,-0.0001,0.0004,-0.0002,0.0000
90.0,17.7870,20.8439,-0.0009,1.0000,-0.0000,-0.0002,-0.0000,0.0000,-0.0000,-0.0001,-0.0000,-0.0002,0.0000
90.5,17.7870,20.8439,-0.0009,1.0000,-0.0001,-0.0002,-0.0000,0.0000,-0.0000,-0.0003,-0.0000,-0.0004,0.0000
91.0,17.7870,20.8439,-0.0009,1.0000,0.0001,-0.0002,-0.0000,0.0000,0.0001,0.0000,0.0002,0.0000,0.0000
91.5,17.7870,20.8439,-0.0009,1.0000,-0.0000,-0.0002,-0.0000,0.0000,-0.0000,-0.0001,-0.0000,-0.0002,0.0000
92.0,17.7870,20.8439,-0.0009,1.0000,-0.0001,-0.0002,-0.0000,0.0000,-0.0000,-0.0001,-0.0000,-0.0002,0.0000
92.5,17.7870,20.8439,-0.0009,1.0000,-0.0000,-0.0002,-0.0000,0.0000,-0.0000,0.0000,-0.0000,0.0000,0.0000
93.0,17.7870,20.8439,-0.0009,1.0000,-0.0000,-0.0002,-0.0000,0.0000,-0.0000,-0.0001,-0.0000,-0.0002,0.0000
93.5,17.7870,20.8439,-0.0009,1.0000,-0.0000,-0.0002,-0.0000,0.0000,0.0001,0.0000,0.0002,0.0000,0.0000
94.0,17.7870,20.8439,-0.0009,1.0000,-0.0002,-0.0002,-0.0000,0.0000,-0.0000,0.0000,-0.0000,0.0000,0.0000
94.5,17.7870,20.8439,-0.0009,1.0000,0.0000,-0.0002,-0.0000,0.0000,-0.0000,0.0000,-0.0000,0.0000,0.0000
95.0,17.7870,20.8439,-0.0009,1.0000,0.0000,-0.0001,-0.0000,0.0000,-0.0000,0.0001,-0.0000,0.0002,0.0000
95.5,17.7870,20.8439,-0.0009,1.0000,-0.0000,-0.0001,-0.0000,0.0000,0.0001,0.0000,0.0002,0.0000,0.0000
96.0,17.7870,20.8439,-0.0009,1.0000,0.0001,-0.0001,-0.0000,0.0000,0.0001,0.0003,0.0002,0.0004,0.0000
96.5,17.7870,20.8439,-0.0009,1.0000,0.0001,-0.0000,-0.0000,0.0000,0.0001,0.0000,0.0002,0.0000,0.0000
97.0,17.7870,20.8439,-0.0009,1.0000,-0.0000,-0.0001,-0.0000,0.0000,-0.0000,0.0000,-0.0000,0.0000,0.0000
97.5,17.7870,20.8439,-0.0009,1.0000,0.0001,-0.0001,-0.0000,0.0000,-0.0000,0.0001,-0.0000,0.0002,0.0000
98.0,17.7870,20.8439,-0.0009,1.0000,0.0001,-0.0000,-0.0000,0.0000,0.0001,0.0000,0.0002,0.0000,0.0000
98.5,17.7870,20.8439,-0.0009,1.0000,0.0000,-0.0002,-0.0000,0.0000,-0.0000,0.0000,-0.0000,0.0000,0.0000
99.0,17.7870,20.8439,-0.0009,1.0000,-0.0000,-0.0002,-0.0000,0.0000,-0.0000,-0.0001,-0.0000,-0.0002,0.0000
99.5,17.7870,20.8439,-0.0009,1.0000,0.0000,-0.0002,-0.0000,0.0000,-0.0000,0.0000,-0.0000,0.0000,0.0000
100.0,17.7870,20.8439,-0.0009,1.0000,0.0000,-0.0002,-0.0000,0.0000,-0.0000,0.0000,-0.0000,0.0000,0.0000
100.5,17.7870,20.8439,-0.0009,1.0000,-0.0000,-0.0001,-0.0000,0.0000,-0.0000,0.0000,-0.0000,0.0000,0.0000
101.0,17.7870,20.8439,-0.0009,1.0000,-0.0000,-0.0001,-0.0000,0.0000,-0.0000,0.0000,-0.0000,0.0000,0.0000
101.5,17.7870,20.8439,-0.0009,1.0000,0.0000,-0.0000,-0.0000,0.0000,-0.0001,0.0001,-0.0002,0.0002,0.0000
102.0,17.7870,20.8439,-0.0009,1.0000,-0.0000,-0.0000,-0.0000,0.0000,-0.0000,0.0000,-0.0000,0.0000,0.0000
102.5,17.7870,20.8439,-0.0009,1.0000,-0.0001,0.0000,-0.0000,0.0000,-0.0001,0.0000,-0.0002,0.0000,0.0000
103.0,17.7870,20.8439,-0.0009,1.0000,-0.0001,0.0000,-0.0000,0.0000,0.0001,0.0001,0.0002,0.0002,0.0000
103.5,17.7870,20.8439,-0.0009,1.0000,0.0001,0.0000,-0.0000,0.0000,-0.0000,0.0000,-0.0000,0.0000,0.0000
104.0,17.7870,20.8439,-0.0009,1.0000,-0.0001,-0.0000,-0.0000,0.0000,-0.0000,0.0000,-0.0000,0.0000,0.0000
104.5,17.7870,20.8439,-0.0009,1.0000,-0.0000,0.0000,-0.0000,0.0000,0.0001,0.0000,0.0002,0.0000,0.0000
105.0,17.7870,20.8439,-0.0009,1.0000,-0.0001,-0.0000,-0.0000,0.0000,-0.0003,-0.0001,-0.0004,-0.0002,0.0000
105.5,17.7870,20.8439,-0.0009,1.0000,-0.0002,0.0000,-0.0000,0.0000,-0.0003,-0.0001,-0.0004,-0.0002,0.0000
106.0,17.7870,20.8439,-0.0009,1.0000,-0.0001,0.0001,-0.0000,0.0000,-0.0001,0.0000,-0.0002,0.0000,0.0000
106.5,17.7870,20.8439,-0.0009,1.0000,-0.0000,0.0001,-0.0000,0.0000,-0.0000,0.0001,-0.0000,0.0002,0.0000
107.0,17.7870,20.8439,-0.0009,1.0000,0.0000,0.0001,-0.0000,0.0000,-0.0001,-0.0001,-0.0002,-0.0002,0.0000
107.5,17.7870,20.8439,-0.0009,1.0000,-0.0001,0.0001,-0.0000,0.0000,-0.0001,-0.0001,-0.0002,-0.0002,0.0000
108.0,17.7870,20.8439,-0.0009,1.0000,0.0002,0.0000,-0.0000,0.0000,0.0003,0.0001,0.0004,0.0002,0.0000
108.5,17.7870,20.8439,-0.0009,1.0000,-0.0000,0.0000,-0.0000,0.0000,0.0001,0.0000,0.0002,0.0000,0.0000
109.0,17.7870,20.8439,-0.0009,1.0000,-0.0000,-0.0001,-0.0000,0.0000,-0.0000,-0.0005,-0.0000,-0.0008,0.0000
109.5,17.7870,20.8439,-0.0009,1.0000,-0.0003,-0.0003,-0.0000,0.0000,-0.0000,-0.0005,-0.0000,-0.0008,0.0000
110.0,17.7870,20.8439,-0.0009,1.0000,0.0000,-0.0003,-0.0000,0.0000,-0.0000,0.0000,-0.0000,0.0000,0.0000
110.5,17.7870,20.8439,-0.0009,1.0000,0.0001,-0.0002,-0.0000,0.0000,-0.0000,0.0003,-0.0000,0.0004,0.0000
111.0,17.7870,20.8439,-0.0009,1.0000,-0.0000,-0.0001,-0.0000,0.0000,-0.0000,-0.0001,-0.0000,-0.0002,0.0000
111.5,17.7870,20.8439,-0.0009,1.0000,-0.0000,-0.0001,-0.0000,0.0000,-0.0000,0.0000,-0.0000,0.0000,0.0000
112.0,17.7870,20.8439,-0.0009,1.0000,-0.0001,-0.0001,-0.0000,0.0000,-0.0000,-0.0001,-0.0000,-0.0002,0.0000
112.5,17.7870,20.8439,-0.0009,1.0000,-0.0001,-0.0002,-0.0000,0.0000,-0.0000,-0.0003,-0.0000,-0.0004,0.0000
113.0,17.7870,20.8439,-0.0009,1.0000,0.0001,-0.0001,-0.3049,0.5618,0.0001,0.0005,0.0002,0.0008,0.0000
113.5,17.7870,20.8439,-0.0009,1.0000,0.0438,0.0033,-0.5060,0.6940,0.0908,0.1039,0.1446,0.1654,0.0000
114.0,17.7870,20.8439,-0.0009,1.0000,0.1468,0.0104,-0.5469,0.6531,0.1424,0.1556,0.2267,0.2477,0.0000
114.5,17.9855,20.8159,0.0105,0.9999,0.2193,0.0151,-0.5331,0.6001,0.2384,0.2466,0.3794,0.3925,0.0000
115.0,18.1685,20.7905,0.0107,0.9999,0.2840,0.0150,-0.3590,0.4250,0.2835,0.2865,0.4512,0.4560,0.0000
115.5,18.3163,20.7580,0.0090,1.0000,0.2872,0.0127,-0.2630,0.3535,0.2835,0.2865,0.4512,0.4560,0.0000
116.0,18.4690,20.7427,0.0045,1.0000,0.3819,0.0254,-0.2455,0.3545,0.4359,0.4771,0.6938,0.7594,0.0000
116.5,18.7727,20.7466,0.0296,0.9996,0.4599,0.0375,-0.2553,0.3447,0.4359,0.4771,0.6938,0.7594,0.0000
117.0,18.8980,20.7545,0.0450,0.9990,0.2886,0.0554,-0.0128,0.3472,0.2300,0.3612,0.3660,0.5748,0.0000
117.5,19.1204,20.8016,0.1156,0.9933,0.2532,0.0879,0.0283,0.3883,-0.0024,0.2996,-0.0037,0.4769,0.0000
118.0,19.2138,20.8229,0.2447,0.9696,0.1655,0.2198,0.0192,0.3792,-0.0177,0.3691,-0.0281,0.5875,0.0000
118.5,19.2684,20.8830,0.3886,0.9214,0.1765,0.3401,-0.0581,0.3019,-0.0313,0.3659,-0.0498,0.5823,0.0000
119.0,19.2900,20.9554,0.5943,0.8042,0.1627,0.4084,-0.2714,0.3286,0.0433,0.2854,0.0690,0.4542,0.0000
119.5,19.2913,21.0510,0.6833,0.7301,0.1928,0.3976,-0.3345,0.2655,0.1287,0.2948,0.2048,0.4692,0.0000
120.0,19.2903,21.1330,0.7220,0.6918,0.2298,0.3504,-0.4165,0.3288,0.2292,0.2585,0.3648,0.4115,0.0000
120.5,19.2836,21.2617,0.7362,0.6767,0.2545,0.2784,-0.4646,0.4002,0.2363,0.2717,0.3760,0.4325,0.0000
121.0,19.2743,21.3746,0.7400,0.6726,0.2986,0.2267,-0.5458,0.5093,0.3647,0.3511,0.5804,0.5587,0.0000
121.5,19.2678,21.6071,0.7328,0.6805,0.3626,0.1610,-0.4923,0.4831,0.3952,0.4157,0.6290,0.6617,0.0000
122.0,19.2677,21.7245,0.7265,0.6871,0.4731,0.1154,-0.4082,0.4339,0.4953,0.4947,0.7883,0.7873,0.0000
122.5,19.2724,22.0163,0.7059,0.7083,0.4362,0.0903,-0.3152,0.3782,0.3664,0.4186,0.5831,0.6662,0.0000
123.0,19.2836,22.3017,0.7065,0.7077,0.3803,0.0846,-0.2969,0.3718,0.3542,0.3732,0.5638,0.5940,0.0000
123.5,19.2807,22.4262,0.7143,0.6998,0.3331,0.0842,-0.3337,0.3886,0.2897,0.3636,0.4610,0.5788,0.0000
124.0,19.2599,22.6755,0.7449,0.6672,0.3349,0.0959,-0.3639,0.3755,0.2982,0.3740,0.4746,0.5952,0.0000
124.5,19.2406,22.8130,0.7640,0.6452,0.3892,0.1024,-0.3203,0.2797,0.3812,0.3389,0.6067,0.5394,0.0000
125.0,19.1932,23.0395,0.7742,0.6329,0.2939,0.0674,-0.3736,0.2933,0.3131,0.2662,0.4983,0.4238,0.0000
125.5,19.1692,23.1654,0.7603,0.6496,0.2954,0.0267,-0.4719,0.4031,0.3660,0.2943,0.5825,0.4683,0.0000
126.0,19.1525,23.2848,0.7414,0.6710,0.3443,-0.0116,-0.3159,0.2841,0.3740,0.3020,0.5952,0.4806,0.0000
126.5,19.1403,23.5306,0.7059,0.7083,0.3381,-0.0403,-0.2946,0.3054,0.3740,0.3020,0.5952,0.4806,0.0000
127.0,19.1422,23.6395,0.6921,0.7218,0.4189,-0.0440,-0.2779,0.3221,0.4722,0.3977,0.7515,0.6329,0.0000
127.5,19.1545,23.8805,0.6647,0.7471,0.3424,-0.0647,-0.3450,0.4210,0.2966,0.2975,0.4721,0.4735,0.0000
128.0,19.1663,23.9902,0.6629,0.7487,0.3044,-0.0309,-0.3194,0.4027,0.2893,0.3579,0.4604,0.5696,0.0000
128.5,19.1724,24.2414,0.7057,0.7085,0.3537,0.0065,-0.4167,0.4514,0.3248,0.3974,0.5169,0.6325,0.0000
129.0,19.1641,24.3477,0.7241,0.6897,0.3778,0.0418,-0.6128,0.5872,0.3521,0.4587,0.5604,0.7300,0.0000
129.5,19.1333,24.5752,0.7571,0.6533,0.4517,0.0725,-0.5080,0.4220,0.4479,0.5078,0.7129,0.8081,0.0000
130.0,19.0827,24.8520,0.7717,0.6359,0.4802,0.0814,-0.3623,0.2377,0.4566,0.5275,0.7267,0.8396,0.0000
130.5,19.0519,24.9972,0.7757,0.6311,0.4933,0.0919,-0.3701,0.2299,0.4566,0.5275,0.7267,0.8396,0.0000
131.0,18.9975,25.2879,0.7777,0.6286,0.4685,0.0798,-0.3779,0.2221,0.5375,0.2414,0.8554,0.3842,0.0000
131.5,18.9809,25.5559,0.7121,0.7021,0.3004,-0.0241,-0.3867,0.2776,0.3782,0.2141,0.6019,0.3408,0.0000
132.0,18.9988,25.6683,0.6615,0.7499,0.2980,-0.0888,-0.2864,0.3136,0.3617,0.2287,0.5756,0.3640,0.0000
132.5,19.0170,25.7782,0.6195,0.7850,0.3131,-0.1091,-0.1218,0.2780,0.3504,0.2907,0.5577,0.4627,0.0000
133.0,19.0442,25.8981,0.6009,0.7993,0.3114,-0.0859,0.0087,0.3687,0.2706,0.3458,0.4306,0.5504,0.0000
133.5,19.0902,26.1455,0.6400,0.7683,0.2296,0.0152,0.0351,0.3951,0.0668,0.3563,0.1063,0.5671,0.0000
134.0,19.0861,26.2605,0.7510,0.6603,0.1768,0.1829,0.0351,0.3951,-0.0353,0.4047,-0.0562,0.6442,0.0000
134.5,19.0329,26.3834,0.8933,0.4495,0.1826,0.3309,-0.0277,0.3323,-0.0348,0.3934,-0.0554,0.6260,0.0000
135.0,18.9744,26.4374,0.9569,0.2903,0.1719,0.4169,-0.1052,0.2548,0.0217,0.3206,0.0346,0.5102,0.0000
135.5,18.9039,26.4578,0.9902,0.1395,0.1583,0.4269,-0.2914,0.3086,0.0466,0.2771,0.0742,0.4410,0.0000
136.0,18.8044,26.4506,1.0000,0.0098,0.2003,0.4117,-0.3229,0.2771,0.1503,0.3106,0.2392,0.4944,0.0000
136.5,18.7207,26.4427,-0.9988,0.0485,0.2221,0.3718,-0.3751,0.2910,0.1581,0.2792,0.2517,0.4444,0.0000
137.0,18.6020,26.4269,-0.9972,0.0746,0.2686,0.2967,-0.4685,0.3887,0.2575,0.2813,0.4098,0.4477,0.0000
137.5,18.4968,26.4115,-0.9972,0.0744,0.3409,0.2341,-0.5608,0.5015,0.3549,0.3702,0.5648,0.5892,0.0000
138.0,18.2507,26.3769,-0.9976,0.0699,0.4222,0.1826,-0.5367,0.4970,0.4308,0.4574,0.6856,0.7279,0.0000
138.5,18.1227,26.3617,-0.9977,0.0685,0.5042,0.1405,-0.5040,0.4766,0.5239,0.4982,0.8338,0.7929,0.0000
139.0,17.7750,26.3379,-0.9994,0.0338,0.5044,0.0909,-0.4701,0.4581,0.5083,0.4686,0.8090,0.7458,0.0000
139.5,17.6377,26.3324,-0.9999,0.0147,0.4847,0.0531,-0.4285,0.4464,0.4502,0.4393,0.7165,0.6992,0.0000
140.0,17.3502,26.3327,1.0000,0.0066,0.4453,0.0373,-0.4217,0.4663,0.4287,0.4469,0.6823,0.7113,0.0000
140.5,17.0814,26.3219,-1.0000,0.0045,0.4422,0.0391,-0.3705,0.4120,0.4244,0.4643,0.6754,0.7390,0.0000
141.0,16.9524,26.3108,-0.9999,0.0166,0.4303,0.0370,-0.3582,0.3671,0.4266,0.4201,0.6790,0.6685,0.0000
141.5,16.6970,26.2830,-0.9996,0.0284,0.3592,0.0299,-0.3448,0.3248,0.3560,0.3511,0.5667,0.5587,0.0000
142.0,16.4800,26.2604,-0.9996,0.0296,0.3478,0.0192,-0.3391,0.3066,0.3571,0.3208,0.5683,0.5106,0.0000
142.5,16.3740,26.2501,-0.9997,0.0259,0.3265,-0.0033,-0.3171,0.2829,0.3364,0.2915,0.5354,0.4640,0.0000
143.0,16.1562,26.2331,-1.0000,0.0015,0.3020,-0.0180,-0.3122,0.2878,0.3172,0.2833,0.5048,0.4508,0.0000
143.5,16.0301,26.2278,1.0000,0.0099,0.2983,-0.0285,-0.3016,0.2984,0.3147,0.2770,0.5008,0.4408,0.0000
144.0,15.9009,26.2265,0.9998,0.0212,0.3023,-0.0325,-0.2946,0.3054,0.3070,0.2936,0.4885,0.4673,0.0000
144.5,15.7806,26.2278,0.9997,0.0263,0.3002,-0.0263,-0.2914,0.3086,0.3007,0.2991,0.4785,0.4760,0.0000
145.0,15.5320,26.2305,0.9998,0.0189,0.2994,-0.0197,-0.2935,0.3065,0.2995,0.2999,0.4767,0.4773,0.0000
145.5,15.4053,26.2305,0.9999,0.0130,0.3007,-0.0082,-0.2992,0.3008,0.2907,0.3043,0.4627,0.4844,0.0000
146.0,15.2863,26.2277,1.0000,0.0062,0.2974,-0.0023,-0.3056,0.2944,0.2940,0.2990,0.4679,0.4758,0.0000
146.5,15.1672,26.2266,1.0000,0.0028,0.2996,-0.0031,-0.3075,0.2925,0.3047,0.2885,0.4850,0.4592,0.0000
147.0,14.9227,26.2232,1.0000,0.0072,0.2986,-0.0103,-0.3077,0.2923,0.3089,0.2885,0.4917,0.4592,0.0000
147.5,14.7945,26.2224,0.9999,0.0148,0.3038,-0.0154,-0.3012,0.2988,0.3079,0.2935,0.4900,0.4671,0.0000
148.0,14.6827,26.2237,0.9998,0.0209,0.2986,-0.0182,-0.2963,0.3037,0.3056,0.2893,0.4865,0.4604,0.0000
148.5,14.5601,26.2235,0.9997,0.0245,0.3017,-0.0156,-0.2947,0.3053,0.3003,0.3033,0.4779,0.4827,0.0000
149.0,14.3208,26.2167,0.9998,0.0197,0.2991,-0.0105,-0.2977,0.3023,0.2981,0.2991,0.4744,0.4760,0.0000
149.5,14.1977,26.2086,0.9999,0.0169,0.2991,-0.0050,-0.3044,0.2956,0.2948,0.2986,0.4692,0.4752,0.0000
150.0,14.0709,26.1972,0.9999,0.0121,0.3035,-0.0018,-0.1670,0.1670,0.3015,0.3087,0.4798,0.4913,0.0000
150.5,13.9434,26.1952,0.9999,0.0128,0.3001,-0.0055,-0.0000,0.0000,0.3063,0.2937,0.4875,0.4675,0.0000
151.0,13.6966,26.1896,0.9998,0.0212,0.3001,-0.0094,-0.0000,0.0000,0.3056,0.1449,0.4865,0.2306,0.0000
151.5,13.5872,26.1864,0.9987,0.0519,0.2161,-0.0746,-0.0000,0.0000,0.1602,0.0185,0.2550,0.0294,0.0000
152.0,13.5872,26.1864,0.9987,0.0519,-0.0038,-0.0671,-0.0000,0.0000,-0.0005,-0.0001,-0.0008,-0.0002,0.0000
152.5,13.5872,26.1864,0.9987,0.0519,-0.0031,-0.0501,-0.0000,0.0000,-0.0001,0.0001,-0.0002,0.0002,0.0000
153.0,13.5872,26.1864,0.9987,0.0519,-0.0021,-0.0375,-0.0000,0.0000,-0.0003,0.0004,-0.0004,0.0006,0.0000
153.5,13.5872,26.1864,0.9987,0.0519,-0.0015,-0.0279,-0.0000,0.0000,-0.0000,0.0001,-0.0000,0.0002,0.0000
154.0,13.5872,26.1864,0.9987,0.0519,-0.0012,-0.0208,-0.0000,0.0000,-0.0001,0.0000,-0.0002,0.0000,0.0000
154.5,13.5872,26.1864,0.9987,0.0519,-0.0009,-0.0156,-0.0000,0.0000,-0.0004,0.0001,-0.0006,0.0002,0.0000
155.0,13.5872,26.1864,0.9987,0.0519,-0.0007,-0.0118,-0.0000,0.0000,-0.0000,0.0000,-0.0000,0.0000,0.0000
155.5,13.5872,26.1864,0.9987,0.0519,-0.0003,-0.0087,-0.0000,0.0000,-0.0001,0.0003,-0.0002,0.0004,0.0000
156.0,13.5872,26.1864,0.9987,0.0519,-0.0003,-0.0065,-0.0000,0.0000,-0.0000,0.0001,-0.0000,0.0002,0.0000
156.5,13.5872,26.1864,0.9987,0.0519,-0.0002,-0.0048,-0.0000,0.0000,-0.0000,0.0001,-0.0000,0.0002,0.0000
157.0,13.5872,26.1864,0.9987,0.0519,-0.0002,-0.0036,-0.0000,0.0000,-0.0001,0.0000,-0.0002,0.0000,0.0000
157.5,13.5872,26.1864,0.9987,0.0519,-0.0001,-0.0026,-0.0000,0.0000,-0.0003,0.0003,-0.0004,0.0004,0.0000
158.0,13.5872,26.1864,0.9987,0.0519,-0.0001,-0.0019,-0.0000,0.0000,-0.0000,0.0000,-0.0000,0.0000,0.0000
158.5,13.5872,26.1864,0.9987,0.0519,-0.0001,-0.0015,-0.0000,0.0000,-0.0000,-0.0001,-0.0000,-0.0002,0.0000
159.0,13.5872,26.1864,0.9987,0.0519,0.0001,-0.0011,-0.0000,0.0000,-0.0000,0.0004,-0.0000,0.0006,0.0000
159.5,13.5872,26.1864,0.9987,0.0519,0.0001,-0.0008,-0.0000,0.0000,-0.0000,0.0000,-0.0000,0.0000,0.0000
160.0,13.5872,26.1864,0.9987,0.0519,-0.0001,-0.0005,-0.0000,0.0000,-0.0000,0.0000,-0.0000,0.0000,0.0000
160.5,13.5872,26.1864,0.9987,0.0519,-0.0001,-0.0004,-0.0000,0.0000,-0.0000,0.0000,-0.0000,0.0000,0.0000
161.0,13.5872,26.1864,0.9987,0.0519,0.0000,-0.0003,-0.0000,0.0000,-0.0001,0.0000,-0.0002,0.0000,0.0000
161.5,13.5872,26.1864,0.9987,0.0519,-0.0000,-0.0002,-0.0000,0.0000,-0.0000,0.0001,-0.0000,0.0002,0.0000
162.0,13.5872,26.1864,0.9987,0.0519,0.0000,-0.0001,-0.0000,0.0000,0.0004,-0.0001,0.0006,-0.0002,0.0000
162.5,13.5872,26.1864,0.9987,0.0519,-0.0000,-0.0001,-0.0000,0.0000,-0.0000,0.0000,-0.0000,0.0000,0.0000
163.0,13.5872,26.1864,0.9987,0.0519,0.0000,-0.0001,-0.0000,0.0000,-0.0001,0.0000,-0.0002,0.0000,0.0000
163.5,13.5872,26.1864,0.9987,0.0519,-0.0001,-0.0000,-0.0000,0.0000,0.0001,-0.0003,0.0002,-0.0004,0.0000
164.0,13.5872,26.1864,0.9987,0.0519,-0.0001,-0.0001,-0.0000,0.0000,-0.0000,0.0000,-0.0000,0.0000,0.0000
164.5,13.5872,26.1864,0.9987,0.0519,-0.0000,-0.0003,-0.0000,0.0000,-0.0000,0.0001,-0.0000,0.0002,0.0000
165.0,13.5872,26.1864,0.9987,0.0519,-0.0000,-0.0002,-0.0000,0.0000,-0.0000,0.0000,-0.0000,0.0000,0.0000
165.5,13.5872,26.1864,0.9987,0.0519,-0.0000,-0.0001,-0.0000,0.0000,-0.0000,0.0000,-0.0000,0.0000,0.0000
166.0,13.5872,26.1864,0.9987,0.0519,-0.0001,-0.0001,-0.0000,0.0000,-0.0000,-0.0001,-0.0000,-0.0002,0.0000
166.5,13.5872,26.1864,0.9987,0.0519,-0.0000,-0.0001,-0.0000,0.0000,0.0003,-0.0001,0.0004,-0.0002,0.0000
167.0,13.5872,26.1864,0.9987,0.0519,-0.0000,-0.0002,-0.0000,0.0000,-0.0001,-0.0001,-0.0002,-0.0002,0.0000
167.5,13.5872,26.1864,0.9987,0.0519,0.0001,-0.0001,-0.0000,0.0000,-0.0000,0.0001,-0.0000,0.0002,0.0000
168.0,13.5872,26.1864,0.9987,0.0519,0.0000,-0.0000,-0.0000,0.0000,-0.0000,0.0000,-0.0000,0.0000,0.0000
168.5,13.5872,26.1864,0.9987,0.0519,0.0001,-0.0000,-0.0000,0.0000,0.0003,-0.0001,0.0004,-0.0002,0.0000
169.0,13.5872,26.1864,0.9987,0.0519,-0.0000,-0.0000,-0.0000,0.0000,-0.0000,0.0000,-0.0000,0.0000,0.0000
169.5,13.5872,26.1864,0.9987,0.0519,0.0000,0.0000,-0.0000,0.0000,-0.0000,0.0000,-0.0000,0.0000,0.0000
170.0,13.5872,26.1864,0.9987,0.0519,0.0000,0.0000,-0.0000,0.0000,-0.0001,0.0000,-0.0002,0.0000,0.0000
170.5,13.5872,26.1864,0.9987,0.0519,-0.0000,0.0000,-0.0000,0.0000,-0.0001,0.0000,-0.0002,0.0000,0.0000
171.0,13.5872,26.1864,0.9987,0.0519,-0.0001,-0.0000,-0.0000,0.0000,-0.0001,-0.0001,-0.0002,-0.0002,0.0000
171.5,13.5872,26.1864,0.9987,0.0519,0.0000,-0.0002,-0.0000,0.0000,-0.0000,-0.0001,-0.0000,-0.0002,0.0000
172.0,13.5872,26.1864,0.9987,0.0519,-0.0000,-0.0001,-0.0000,0.0000,-0.0000,0.0000,-0.0000,0.0000,0.0000
172.5,13.5872,26.1864,0.9987,0.0519,0.0000,-0.0001,-0.0000,0.0000,-0.0000,0.0000,-0.0000,0.0000,0.0000
173.0,13.5872,26.1864,0.9987,0.0519,0.0001,-0.0001,-0.0000,0.0000,-0.0000,0.0000,-0.0000,0.0000,0.0000
173.5,13.5872,26.1864,0.9987,0.0519,-0.0000,-0.0001,-0.0000,0.0000,-0.0000,0.0000,-0.0000,0.0000,0.0000
174.0,13.5872,26.1864,0.9987,0.0519,-0.0000,-0.0001,-0.0000,0.0000,0.0001,-0.0001,0.0002,-0.0002,0.0000
174.5,13.5872,26.1864,0.9987,0.0519,-0.0000,-0.0001,-0.0000,0.0000,-0.0001,0.0000,-0.0002,0.0000,0.0000
175.0,13.5872,26.1864,0.9987,0.0519,-0.0000,-0.0001,-0.0000,0.0000,0.0003,0.0001,0.0004,0.0002,0.0000
175.5,13.5872,26.1864,0.9987,0.0519,0.0001,-0.0001,-0.0000,0.0000,-0.0000,0.0000,-0.0000,0.0000,0.0000
176.0,13.5872,26.1864,0.9987,0.0519,-0.0000,0.0000,-0.0000,0.0000,-0.0001,0.0000,-0.0002,0.0000,0.0000
176.5,13.5872,26.1864,0.9987,0.0519,0.0000,0.0001,-0.0000,0.0000,0.0001,0.0003,0.0002,0.0004,0.0000
177.0,13.5872,26.1864,0.9987,0.0519,0.0000,0.0001,-0.0000,0.0000,0.0001,-0.0003,0.0002,-0.0004,0.0000
177.5,13.5872,26.1864,0.9987,0.0519,-0.0001,-0.0000,-0.0000,0.0000,-0.0003,0.0000,-0.0004,0.0000,0.0000
178.0,13.5872,26.1864,0.9987,0.0519,-0.0000,0.0000,-0.0000,0.0000,-0.0000,0.0000,-0.0000,0.0000,0.0000
178.5,13.5872,26.1864,0.9987,0.0519,0.0000,0.0001,-0.0000,0.0000,-0.0000,0.0000,-0.0000,0.0000,0.0000
179.0,13.5872,26.1864,0.9987,0.0519,0.0001,0.0002,-0.0000,0.0000,-0.0000,0.0004,-0.0000,0.0006,0.0000
179.5,13.5872,26.1864,0.9987,0.0519,0.0000,0.0001,-0.0000,0.0000,0.0001,0.0000,0.0002,0.0000,0.0000
180.0,13.5872,26.1864,0.9987,0.0519,-0.0001,0.0000,-0.0000,0.0000,-0.0000,-0.0005,-0.0000,-0.0008,0.0000
180.5,13.5872,26.1864,0.9987,0.0519,-0.0001,-0.0001,-0.0000,0.0000,-0.0001,0.0003,-0.0002,0.0004,0.0000
181.0,13.5872,26.1864,0.9987,0.0519,-0.0001,-0.0001,-0.0000,0.0000,-0.0000,-0.0001,-0.0000,-0.0002,0.0000
181.5,13.5872,26.1864,0.9987,0.0519,-0.0001,-0.0001,0.0712,0.0712,-0.0000,0.0000,-0.0000,0.0000,0.0000
182.0,13.5872,26.1864,0.9987,0.0519,-0.0003,0.0077,0.0712,0.0712,-0.0397,0.0275,-0.0631,0.0437,0.0000
182.5,13.5872,26.1864,0.9987,0.0519,0.0115,0.0505,0.0712,0.0712,-0.0530,0.0827,-0.0844,0.1317,0.0000
183.0,13.4917,26.1910,-0.9999,0.0114,0.0004,0.0998,0.0712,0.0712,-0.0732,0.0713,-0.1165,0.1135,0.0000
183.5,13.4973,26.1843,-0.9970,0.0771,-0.0010,0.1374,0.0712,0.0712,-0.0719,0.0696,-0.1144,0.1108,0.0000
184.0,13.4969,26.1744,-0.9900,0.1413,0.0019,0.1674,0.0712,0.0712,-0.0733,0.0779,-0.1167,0.1240,0.0000
184.5,13.4906,26.1667,-0.9784,0.2069,-0.0035,0.1852,0.0712,0.0712,-0.0698,0.0707,-0.1110,0.1125,0.0000
185.0,13.4815,26.1538,-0.9608,0.2773,0.0012,0.2015,0.0712,0.0712,-0.0711,0.0683,-0.1131,0.1088,0.0000
185.5,13.4712,26.1441,-0.9413,0.3376,-0.0027,0.2113,0.0712,0.0712,-0.0712,0.0656,-0.1133,0.1044,0.0000
186.0,13.4590,26.1308,-0.9146,0.4043,0.0008,0.2204,0.0712,0.0712,-0.0707,0.0755,-0.1125,0.1202,0.0000
186.5,13.4375,26.1161,-0.8564,0.5164,0.0015,0.2294,0.0712,0.0712,-0.0707,0.0678,-0.1125,0.1079,0.0000
187.0,13.4299,26.1115,-0.8266,0.5628,-0.0000,0.2354,0.0712,0.0712,-0.0737,0.0653,-0.1173,0.1040,0.0000
187.5,13.4248,26.1051,-0.7946,0.6072,-0.0007,0.2380,0.0682,0.0682,-0.0716,0.0687,-0.1140,0.1094,0.0000
188.0,13.4208,26.1045,-0.7537,0.6572,-0.0013,0.2399,0.0218,0.0218,-0.0687,0.0692,-0.1094,0.1102,0.0000
188.5,13.4232,26.1051,-0.7121,0.7020,-0.0057,0.2280,0.0325,0.0325,-0.0228,0.0194,-0.0362,0.0308,0.0000
189.0,13.4232,26.1051,-0.7121,0.7020,-0.0059,0.1908,0.0143,0.0143,-0.0306,0.0188,-0.0487,0.0300,0.0000
189.5,13.4206,26.1000,-0.6730,0.7396,-0.0005,0.1690,-0.2861,0.3412,-0.0319,0.0305,-0.0508,0.0485,0.0000
190.0,13.4206,26.1000,-0.6730,0.7396,0.0052,0.1563,-0.2855,0.3418,-0.0262,0.1077,-0.0417,0.1715,0.0000
190.5,13.4182,26.0953,-0.6298,0.7768,0.1347,0.1470,-0.4326,0.4417,0.1147,0.1730,0.1825,0.2754,0.0000
191.0,13.4182,26.0953,-0.6298,0.7768,0.1803,0.1468,-0.4339,0.4403,0.1749,0.2594,0.2783,0.4129,0.0000
191.5,13.4404,25.9835,-0.5857,0.8106,0.2725,0.1357,-0.5481,0.5005,0.2473,0.2991,0.3935,0.4760,0.0000
192.0,13.5158,25.7618,-0.5467,0.8373,0.3600,0.1362,-0.4927,0.4007,0.3657,0.4208,0.5821,0.6698,0.0000
192.5,13.5573,25.6512,-0.5391,0.8423,0.4278,0.1134,-0.3627,0.2373,0.4304,0.4190,0.6850,0.6669,0.0000
193.0,13.6501,25.4016,-0.5627,0.8267,0.3431,0.0433,-0.3624,0.2376,0.4002,0.2817,0.6369,0.4483,0.0000
193.5,13.6783,25.2932,-0.5962,0.8028,0.2926,-0.0303,-0.3583,0.2872,0.3619,0.2508,0.5760,0.3992,0.0000
194.0,13.7090,25.0296,-0.6836,0.7299,0.3160,-0.0642,-0.0650,0.2950,0.3219,0.2907,0.5123,0.4627,0.0000
194.5,13.7156,24.9074,-0.6984,0.7157,0.2621,-0.0723,0.0146,0.3746,0.1898,0.2131,0.3021,0.3392,0.0000
195.0,13.7246,24.8076,-0.6986,0.7156,0.1598,0.0173,0.0371,0.3971,-0.0236,0.3550,-0.0375,0.5650,0.0000
195.5,13.7651,24.7113,-0.5691,0.8223,0.1684,0.1834,0.0016,0.3616,-0.0395,0.4081,-0.0629,0.6496,0.0000
196.0,13.8668,24.6405,-0.3350,0.9422,0.1823,0.3332,-0.0898,0.2702,-0.0356,0.3596,-0.0567,0.5723,0.0000
196.5,13.9743,24.6298,-0.1558,0.9878,0.1805,0.4230,-0.3306,0.2694,-0.0128,0.3752,-0.0204,0.5971,0.0000
197.0,14.0476,24.6308,-0.0183,0.9998,0.1467,0.4310,-0.6563,0.4721,0.1178,0.2673,0.1875,0.4254,0.0000
197.5,14.1307,24.6340,0.0904,0.9959,0.2114,0.3938,-0.6298,0.4266,0.1319,0.3041,0.2100,0.4840,0.0000
198.0,14.2058,24.6494,0.1420,0.9899,0.2987,0.3634,-0.4033,0.1967,0.2653,0.3581,0.4223,0.5700,0.0000
198.5,14.2943,24.6753,0.1641,0.9865,0.2662,0.2541,-0.0000,0.0000,0.3174,0.1665,0.5052,0.2650,0.0000
199.0,14.3888,24.6974,0.1224,0.9925,0.1240,0.1186,-0.0000,0.0000,0.1539,0.0086,0.2450,0.0137,0.0000
199.5,14.4555,24.7005,0.0530,0.9986,0.0034,0.0635,-0.0000,0.0000,-0.0060,0.0000,-0.0096,0.0000,0.0000
200.0,14.4555,24.7005,0.0530,0.9986,-0.0022,0.0476,-0.0000,0.0000,-0.0000,0.0000,-0.0000,0.0000,0.0000
200.5,14.4555,24.7005,0.0530,0.9986,-0.0016,0.0356,-0.0000,0.0000,0.0001,0.0000,0.0002,0.0000,0.0000
201.0,14.4555,24.7005,0.0530,0.9986,-0.0013,0.0267,-0.0000,0.0000,-0.0000,0.0003,-0.0000,0.0004,0.0000
201.5,14.4555,24.7005,0.0530,0.9986,-0.0009,0.0204,-0.0000,0.0000,-0.0001,-0.0001,-0.0002,-0.0002,0.0000
202.0,14.4555,24.7005,0.0530,0.9986,-0.0007,0.0151,-0.0000,0.0000,-0.0001,0.0001,-0.0002,0.0002,0.0000
202.5,14.4555,24.7005,0.0530,0.9986,-0.0005,0.0113,-0.0000,0.0000,-0.0001,0.0000,-0.0002,0.0000,0.0000
203.0,14.4555,24.7005,0.0530,0.9986,-0.0003,0.0085,-0.0000,0.0000,-0.0000,0.0000,-0.0000,0.0000,0.0000
203.5,14.4555,24.7005,0.0530,0.9986,-0.0003,0.0064,-0.0000,0.0000,-0.0000,0.0000,-0.0000,0.0000,0.0000
204.0,14.4555,24.7005,0.0530,0.9986,-0.0002,0.0048,-0.0000,0.0000,-0.0001,-0.0001,-0.0002,-0.0002,0.0000
204.5,14.4555,24.7005,0.0530,0.9986,-0.0003,0.0035,-0.0000,0.0000,-0.0001,-0.0001,-0.0002,-0.0002,0.0000
205.0,14.4555,24.7005,0.0530,0.9986,-0.0002,0.0028,-0.0000,0.0000,-0.0003,0.0001,-0.0004,0.0002,0.0000
205.5,14.4555,24.7005,0.0530,0.9986,-0.0001,0.0021,-0.0000,0.0000,-0.0000,-0.0001,-0.0000,-0.0002,0.0000
206.0,14.4555,24.7005,0.0530,0.9986,-0.0002,0.0016,-0.0000,0.0000,-0.0000,-0.0001,-0.0000,-0.0002,0.0000
206.5,14.4555,24.7005,0.0530,0.9986,-0.0001,0.0011,-0.0000,0.0000,-0.0000,0.0000,-0.0000,0.0000,0.0000
207.0,14.4555,24.7005,0.0530,0.9986,-0.0000,0.0008,-0.0000,0.0000,-0.0000,0.0000,-0.0000,0.0000,0.0000
207.5,14.4555,24.7005,0.0530,0.9986,0.0000,0.0006,-0.0000,0.0000,-0.0000,0.0001,-0.0000,0.0002,0.0000
208.0,14.4555,24.7005,0.0530,0.9986,0.0001,0.0005,-0.0000,0.0000,-0.0000,0.0001,-0.0000,0.0002,0.0000
208.5,14.4555,24.7005,0.0530,0.9986,0.0000,0.0004,-0.0000,0.0000,-0.0000,0.0001,-0.0000,0.0002,0.0000
209.0,14.4555,24.7005,0.0530,0.9986,-0.0002,0.0003,-0.0000,0.0000,-0.0001,-0.0001,-0.0002,-0.0002,0.0000
209.5,14.4555,24.7005,0.0530,0.9986,-0.0001,0.0002,-0.0000,0.0000,-0.0000,-0.0001,-0.0000,-0.0002,0.0000
210.0,14.4555,24.7005,0.0530,0.9986,-0.0001,0.0001,-0.0000,0.0000,-0.0000,-0.0005,-0.0000,-0.0008,0.0000
210.5,14.4555,24.7005,0.0530,0.9986,-0.0000,-0.0000,-0.0000,0.0000,-0.0000,0.0005,-0.0000,0.0008,0.0000
211.0,14.4555,24.7005,0.0530,0.9986,-0.0000,0.0001,-0.0000,0.0000,-0.0001,0.0000,-0.0002,0.0000,0.0000
211.5,14.4555,24.7005,0.0530,0.9986,0.0000,0.0000,-0.0000,0.0000,0.0001,0.0000,0.0002,0.0000,0.0000
212.0,14.4555,24.7005,0.0530,0.9986,0.0001,-0.0000,-0.0000,0.0000,0.0004,0.0000,0.0006,0.0000,0.0000
212.5,14.4555,24.7005,0.0530,0.9986,0.0002,-0.0002,-0.0000,0.0000,-0.0000,-0.0001,-0.0000,-0.0002,0.0000
213.0,14.4555,24.7005,0.0530,0.9986,-0.0001,-0.0002,-0.0000,0.0000,-0.0000,-0.0001,-0.0000,-0.0002,0.0000
213.5,14.4555,24.7005,0.0530,0.9986,-0.0002,-0.0001,-0.0000,0.0000,-0.0004,0.0000,-0.0006,0.0000,0.0000
214.0,14.4555,24.7005,0.0530,0.9986,-0.0000,-0.0000,-0.0000,0.0000,-0.0000,0.0000,-0.0000,0.0000,0.0000
214.5,14.4555,24.7005,0.0530,0.9986,0.0000,-0.0001,-0.0000,0.0000,-0.0000,-0.0003,-0.0000,-0.0004,0.0000
215.0,14.4555,24.7005,0.0530,0.9986,0.0001,-0.0001,-0.0000,0.0000,-0.0000,0.0001,-0.0000,0.0002,0.0000
215.5,14.4555,24.7005,0.0530,0.9986,-0.0001,-0.0001,-0.0000,0.0000,-0.0000,0.0004,-0.0000,0.0006,0.0000
216.0,14.4555,24.7005,0.0530,0.9986,0.0001,0.0001,-0.0000,0.0000,-0.0000,0.0000,-0.0000,0.0000,0.0000
216.5,14.4555,24.7005,0.0530,0.9986,0.0002,-0.0000,-0.0000,0.0000,0.0005,0.0000,0.0008,0.0000,0.0000
217.0,14.4555,24.7005,0.0530,0.9986,0.0000,-0.0000,-0.0000,0.0000,-0.0003,0.0000,-0.0004,0.0000,0.0000
217.5,14.4555,24.7005,0.0530,0.9986,0.0000,0.0000,-0.0000,0.0000,-0.0000,0.0001,-0.0000,0.0002,0.0000
218.0,14.4555,24.7005,0.0530,0.9986,0.0001,0.0001,-0.0000,0.0000,0.0001,0.0000,0.0002,0.0000,0.0000
218.5,14.4555,24.7005,0.0530,0.9986,-0.0000,0.0000,-0.0000,0.0000,-0.0000,0.0000,-0.0000,0.0000,0.0000
219.0,14.4555,24.7005,0.0530,0.9986,0.0001,0.0000,-0.0000,0.0000,0.0001,0.0001,0.0002,0.0002,0.0000
219.5,14.4555,24.7005,0.0530,0.9986,0.0001,0.0000,-0.0000,0.0000,0.0003,-0.0001,0.0004,-0.0002,0.0000
220.0,14.4555,24.7005,0.0530,0.9986,0.0000,0.0000,-0.0000,0.0000,-0.0000,0.0001,-0.0000,0.0002,0.0000
220.5,14.4555,24.7005,0.0530,0.9986,-0.0000,0.0000,-0.0000,0.0000,-0.0000,-0.0001,-0.0000,-0.0002,0.0000
221.0,14.4555,24.7005,0.0530,0.9986,0.0000,-0.0000,-0.0000,0.0000,0.0001,0.0000,0.0002,0.0000,0.0000
221.5,14.4555,24.7005,0.0530,0.9986,0.0001,-0.0001,-0.0000,0.0000,0.0004,0.0000,0.0006,0.0000,0.0000
222.0,14.4555,24.7005,0.0530,0.9986,0.0000,-0.0001,-0.0000,0.0000,-0.0000,0.0000,-0.0000,0.0000,0.0000
222.5,14.4555,24.7005,0.0530,0.9986,0.0000,-0.0001,-0.0000,0.0000,-0.0000,0.0001,-0.0000,0.0002,0.0000
223.0,14.4555,24.7005,0.0530,0.9986,0.0001,-0.0000,-0.0000,0.0000,-0.0000,0.0001,-0.0000,0.0002,0.0000
223.5,14.4555,24.7005,0.0530,0.9986,0.0001,0.0001,-0.0000,0.0000,-0.0000,0.0001,-0.0000,0.0002,0.0000
224.0,14.4555,24.7005,0.0530,0.9986,-0.0001,0.0002,-0.0000,0.0000,-0.0000,0.0001,-0.0000,0.0002,0.0000
224.5,14.4555,24.7005,0.0530,0.9986,0.0000,0.0002,-0.0000,0.0000,-0.0000,0.0000,-0.0000,0.0000,0.0000
225.0,14.4555,24.7005,0.0530,0.9986,0.0000,0.0002,-0.0000,0.0000,-0.0000,0.0000,-0.0000,0.0000,0.0000
225.5,14.4555,24.7005,0.0530,0.9986,0.0000,0.0001,-0.0000,0.0000,-0.0000,0.0000,-0.0000,0.0000,0.0000
226.0,14.4555,24.7005,0.0530,0.9986,-0.0000,0.0001,-0.0000,0.0000,-0.0000,0.0000,-0.0000,0.0000,0.0000
226.5,14.4555,24.7005,0.0530,0.9986,-0.0002,0.0001,-0.0000,0.0000,-0.0000,0.0000,-0.0000,0.0000,0.0000
227.0,14.4555,24.7005,0.0530,0.9986,-0.0002,-0.0001,-0.0000,0.0000,-0.0000,-0.0004,-0.0000,-0.0006,0.0000
227.5,14.4555,24.7005,0.0530,0.9986,-0.0002,-0.0002,-0.0000,0.0000,-0.0000,-0.0004,-0.0000,-0.0006,0.0000
228.0,14.4555,24.7005,0.0530,0.9986,-0.0000,-0.0002,-0.0000,0.0000,-0.0001,0.0000,-0.0002,0.0000,0.0000
228.5,14.4555,24.7005,0.0530,0.9986,-0.0000,-0.0002,-0.0000,0.0000,-0.0000,-0.0001,-0.0000,-0.0002,0.0000
229.0,14.4555,24.7005,0.0530,0.9986,0.0000,-0.0001,-0.0000,0.0000,-0.0000,-0.0003,-0.0000,-0.0004,0.0000
229.5,14.4555,24.7005,0.0530,0.9986,-0.0002,-0.0000,-0.0000,0.0000,-0.0003,-0.0001,-0.0004,-0.0002,0.0000
230.0,14.4555,24.7005,0.0530,0.9986,-0.0002,0.0000,-0.0000,0.0000,-0.0003,-0.0001,-0.0004,-0.0002,0.0000
230.5,14.4555,24.7005,0.0530,0.9986,-0.0000,0.0000,-0.0000,0.0000,-0.0000,0.0000,-0.0000,0.0000,0.0000
231.0,14.4555,24.7005,0.0530,0.9986,0.0000,0.0000,-0.0000,0.0000,-0.0000,0.0000,-0.0000,0.0000,0.0000
231.5,14.4555,24.7005,0.0530,0.9986,-0.0000,0.0000,-0.0000,0.0000,-0.0000,-0.0001,-0.0000,-0.0002,0.0000
232.0,14.4555,24.7005,0.0530,0.9986,-0.0001,-0.0000,-0.0000,0.0000,-0.0000,-0.0001,-0.0000,-0.0002,0.0000
232.5,14.4555,24.7005,0.0530,0.9986,0.0001,-0.0000,-0.0000,0.0000,-0.0000,0.0003,-0.0000,0.0004,0.0000
233.0,14.4555,24.7005,0.0530,0.9986,0.0000,0.0000,-0.0000,0.0000,-0.0000,0.0000,-0.0000,0.0000,0.0000
233.5,14.4555,24.7005,0.0530,0.9986,-0.0001,0.0001,-0.0000,0.0000,-0.0003,0.0000,-0.0004,0.0000,0.0000
234.0,14.4555,24.7005,0.0530,0.9986,-0.0000,0.0001,-0.0000,0.0000,-0.0000,-0.0001,-0.0000,-0.0002,0.0000
234.5,14.4555,24.7005,0.0530,0.9986,-0.0001,0.0001,-0.0000,0.0000,-0.0004,-0.0001,-0.0006,-0.0002,0.0000
235.0,14.4555,24.7005,0.0530,0.9986,-0.0001,0.0001,-0.0000,0.0000,-0.0000,0.0000,-0.0000,0.0000,0.0000
235.5,14.4555,24.7005,0.0530,0.9986,-0.0001,0.0001,-0.0000,0.0000,0.0001,0.0001,0.0002,0.0002,0.0000
236.0,14.4555,24.7005,0.0530,0.9986,0.0001,0.0000,-0.0000,0.0000,-0.0000,0.0000,-0.0000,0.0000,0.0000
236.5,14.4555,24.7005,0.0530,0.9986,-0.0001,0.0000,-0.0000,0.0000,-0.0000,-0.0001,-0.0000,-0.0002,0.0000
237.0,14.4555,24.7005,0.0530,0.9986,0.0000,0.0000,-0.0000,0.0000,0.0001,0.0000,0.0002,0.0000,0.0000
237.5,14.4555,24.7005,0.0530,0.9986,0.0001,0.0001,-0.0000,0.0000,-0.0000,0.0000,-0.0000,0.0000,0.0000
238.0,14.4555,24.7005,0.0530,0.9986,-0.0001,0.0000,-0.0000,0.0000,-0.0000,0.0000,-0.0000,0.0000,0.0000
238.5,14.4555,24.7005,0.0530,0.9986,0.0000,0.0000,-0.0000,0.0000,0.0001,0.0000,0.0002,0.0000,0.0000
239.0,14.4555,24.7005,0.0530,0.9986,-0.0001,-0.0000,-0.0000,0.0000,-0.0000,-0.0001,-0.0000,-0.0002,0.0000
239.5,14.4555,24.7005,0.0530,0.9986,-0.0001,0.0000,-0.0000,0.0000,-0.0000,0.0000,-0.0000,0.0000,0.0000
240.0,14.4555,24.7005,0.0530,0.9986,0.0000,0.0000,-0.0000,0.0000,-0.0000,0.0000,-0.0000,0.0000,0.0000
240.5,14.4555,24.7005,0.0530,0.9986,0.0000,0.0000,-0.0000,0.0000,0.0001,0.0001,0.0002,0.0002,0.0000
241.0,14.4555,24.7005,0.0530,0.9986,-0.0001,-0.0000,-0.0000,0.0000,-0.0000,0.0000,-0.0000,0.0000,0.0000
241.5,14.4555,24.7005,0.0530,0.9986,-0.0000,-0.0001,-0.0000,0.0000,-0.0000,0.0000,-0.0000,0.0000,0.0000
242.0,14.4555,24.7005,0.0530,0.9986,-0.0000,-0.0000,-0.0000,0.0000,-0.0000,-0.0001,-0.0000,-0.0002,0.0000
242.5,14.4555,24.7005,0.0530,0.9986,0.0002,-0.0002,-0.0000,0.0000,-0.0000,0.0000,-0.0000,0.0000,0.0000
243.0,14.4555,24.7005,0.0530,0.9986,0.0001,-0.0001,-0.0000,0.0000,0.0001,0.0000,0.0002,0.0000,0.0000
243.5,14.4555,24.7005,0.0530,0.9986,0.0001,-0.0002,-0.0000,0.0000,0.0001,0.0000,0.0002,0.0000,0.0000
244.0,14.4555,24.7005,0.0530,0.9986,-0.0001,-0.0002,-0.0000,0.0000,-0.0000,-0.0001,-0.0000,-0.0002,0.0000
244.5,14.4555,24.7005,0.0530,0.9986,0.0201,0.0102,-0.0000,0.0000,0.0704,0.0932,0.1121,0.1483,0.0000
245.0,14.4555,24.7005,0.0530,0.9986,0.0829,0.0184,-0.2607,0.2059,0.0704,0.0932,0.1121,0.1483,0.0000
245.5,14.5510,24.6958,0.0258,0.9997,0.0891,0.0251,-0.3918,0.3488,0.1234,0.2590,0.1965,0.4123,0.0000
246.0,14.5510,24.6958,0.0258,0.9997,0.1934,0.0720,-0.2970,0.2970,0.1234,0.2590,0.1965,0.4123,0.0000
246.5,14.6383,24.7049,0.0755,0.9971,0.2304,0.1165,-0.0000,0.0000,0.2762,0.4211,0.4396,0.6702,0.0000
247.0,14.8475,24.7528,0.1633,0.9866,0.4449,0.1217,-0.3918,0.2082,0.4731,0.4701,0.7529,0.7481,0.0000
247.5,14.9747,24.7846,0.1502,0.9887,0.4755,0.0900,-0.4065,0.1935,0.4731,0.4701,0.7529,0.7481,0.0000
248.0,15.2435,24.8436,0.1311,0.9914,0.4745,0.0661,-0.4045,0.1955,0.4731,0.4701,0.7529,0.7481,0.0000
248.5,15.5261,24.8558,0.0901,0.9959,0.4555,0.0379,-0.3894,0.2106,0.4748,0.4109,0.7556,0.6540,0.0000
249.0,15.6670,24.8348,0.0496,0.9988,0.4196,-0.0107,-0.3531,0.2469,0.4694,0.3249,0.7471,0.5171,0.0000
249.5,15.9483,24.7124,-0.0771,0.9970,0.3974,-0.0715,-0.3260,0.3817,0.4694,0.3249,0.7471,0.5171,0.0000
250.0,16.1931,24.5748,-0.2001,0.9798,0.3973,-0.1171,-0.1867,0.4133,0.4694,0.3249,0.7471,0.5171,0.0000
250.5,16.3036,24.5123,-0.2466,0.9691,0.3973,-0.1514,-0.1375,0.4625,0.4694,0.3249,0.7471,0.5171,0.0000
251.0,16.5069,24.4027,-0.3135,0.9496,0.3972,-0.1770,0.0136,0.3736,0.4694,0.3249,0.7471,0.5171,0.0000
251.5,16.6025,24.3470,-0.3412,0.9400,0.3051,-0.1885,0.0197,0.3797,0.3368,0.2526,0.5360,0.4021,0.0000
252.0,16.7047,24.2657,-0.3775,0.9260,0.2936,-0.1783,0.0308,0.3908,0.3368,0.2526,0.5360,0.4021,0.0000
252.5,16.9079,24.0707,-0.4071,0.9134,0.4471,-0.1434,0.0424,0.4024,0.4746,0.4290,0.7554,0.6827,0.0000
253.0,16.9977,23.9848,-0.4107,0.9118,0.4611,-0.1238,0.0462,0.4062,0.4762,0.4644,0.7579,0.7392,0.0000
253.5,17.1779,23.7999,-0.4080,0.9130,0.4771,-0.0924,0.0474,0.4074,0.4735,0.4248,0.7535,0.6760,0.0000
254.0,17.3671,23.6050,-0.4163,0.9092,0.4518,-0.0879,0.0478,0.4078,0.4619,0.4248,0.7352,0.6760,0.0000
254.5,17.4600,23.5027,-0.4285,0.9035,0.4370,-0.0947,0.0479,0.4079,0.4736,0.3998,0.7538,0.6363,0.0000
255.0,17.5606,23.3686,-0.4573,0.8893,0.4343,-0.1039,0.0480,0.4080,0.4699,0.3225,0.7479,0.5133,0.0000
255.5,17.7317,23.0891,-0.5227,0.8525,0.3958,-0.1427,0.0480,0.4080,0.4699,0.3225,0.7479,0.5133,0.0000
256.0,17.8081,22.9435,-0.5525,0.8335,0.4193,-0.1601,0.0480,0.4080,0.4698,0.4288,0.7477,0.6825,0.0000
256.5,17.9439,22.7245,-0.5435,0.8394,0.4498,-0.1385,0.0480,0.4080,0.4698,0.4288,0.7477,0.6825,0.0000
257.0,18.0140,22.6157,-0.5403,0.8414,0.4820,-0.1044,0.0480,0.4080,0.4744,0.4888,0.7550,0.7779,0.0000
257.5,18.1548,22.3648,-0.5190,0.8548,0.4752,-0.0747,0.0480,0.4080,0.4727,0.4758,0.7523,0.7573,0.0000
258.0,18.2959,22.1144,-0.5218,0.8531,0.4752,-0.0556,0.0480,0.4080,0.4727,0.4758,0.7523,0.7573,0.0000
258.5,18.3639,21.9940,-0.5212,0.8534,0.4745,-0.0395,0.0480,0.4080,0.4727,0.4758,0.7523,0.7573,0.0000
259.0,18.4982,21.7420,-0.5226,0.8526,0.4705,-0.0294,0.0480,0.4080,0.4697,0.4643,0.7475,0.7390,0.0000
259.5,18.6349,21.4924,-0.5227,0.8525,0.4670,-0.0243,-0.2218,0.4782,0.4697,0.4643,0.7475,0.7390,0.0000
260.0,18.7044,21.3677,-0.5235,0.8520,0.4696,-0.0199,-0.2655,0.0945,0.4749,0.4635,0.7558,0.7377,0.0000
260.5,18.8369,21.1098,-0.5259,0.8505,0.4682,-0.0191,-0.3829,-0.0229,0.4707,0.4629,0.7492,0.7367,0.0000
261.0,18.9744,20.8641,-0.5144,0.8575,0.4625,-0.0125,-0.3998,-0.0398,0.4485,0.4715,0.7138,0.7504,0.0000
261.5,19.0511,20.7545,-0.4989,0.8667,0.4532,0.0035,-0.4053,-0.0453,0.2191,0.4758,0.3487,0.7573,0.0000
262.0,19.2084,20.5490,-0.4309,0.9024,0.3492,0.0932,-0.4071,-0.0471,0.2590,0.4777,0.4123,0.7602,0.0000
262.5,19.4106,20.4357,-0.2786,0.9604,0.3673,0.1746,-0.3934,-0.0334,0.2590,0.4777,0.4123,0.7602,0.0000
263.0,19.5301,20.3978,-0.2031,0.9792,0.3514,0.2004,-0.1797,0.1803,0.3089,0.3693,0.4917,0.5877,0.0000
263.5,19.6697,20.3617,-0.1467,0.9892,0.2802,0.1602,0.0089,0.3689,0.2160,-0.0275,0.3438,-0.0437,0.0000
264.0,19.8552,20.3190,-0.1736,0.9848,0.0516,0.0292,0.0352,0.3952,-0.0614,-0.0772,-0.0977,-0.1229,0.0000
264.5,19.8552,20.3190,-0.1736,0.9848,-0.1191,0.0293,0.0427,0.4027,-0.1713,-0.1810,-0.2727,-0.2881,0.0000
265.0,19.8552,20.3190,-0.1736,0.9848,-0.1997,0.0324,0.0466,0.4066,-0.2075,-0.1810,-0.3302,-0.2881,0.0000
265.5,19.7230,20.3711,-0.1892,0.9819,-0.2100,0.0359,0.0474,0.4074,-0.2261,-0.1956,-0.3598,-0.3113,0.0000
266.0,19.6020,20.4362,-0.1819,0.9833,-0.3576,0.0240,0.0479,0.4079,-0.3423,-0.3659,-0.5448,-0.5823,0.0000
266.5,19.4542,20.4936,-0.1792,0.9838,-0.3911,0.0298,0.0480,0.4080,-0.4595,-0.4369,-0.7312,-0.6954,0.0000
267.0,19.3077,20.5389,-0.1607,0.9870,-0.4524,0.0324,0.0480,0.4080,-0.2715,-0.3110,-0.4321,-0.4950,0.0000
267.5,19.0318,20.6240,-0.1364,0.9907,-0.1106,0.0122,0.0480,0.4080,0.0005,-0.0157,0.0008,-0.0250,0.0000
268.0,19.0318,20.6240,-0.1364,0.9907,0.0042,-0.0044,0.0480,0.4080,0.0179,-0.0157,0.0285,-0.0250,0.0000
268.5,19.0318,20.6240,-0.1364,0.9907,0.0034,-0.0181,0.0480,0.4080,0.0179,-0.0157,0.0285,-0.0250,0.0000
269.0,19.0318,20.6240,-0.1364,0.9907,0.0024,-0.0217,0.0480,0.4080,0.0001,0.0003,0.0002,0.0004,0.0000
269.5,19.0318,20.6240,-0.1364,0.9907,0.0029,-0.0165,0.0480,0.4080,-0.0000,-0.1131,-0.0000,-0.1800,0.0000
270.0,19.0021,20.6158,-0.1816,0.9834,-0.0565,-0.0595,0.0480,0.4080,-0.0000,-0.1131,-0.0000,-0.1800,0.0000
270.5,18.9561,20.6232,-0.2229,0.9748,-0.1527,-0.0725,-0.0090,0.3510,-0.1227,-0.1802,-0.1952,-0.2869,0.0000
271.0,18.9561,20.6232,-0.2229,0.9748,-0.2348,-0.0890,-0.2227,0.1373,-0.1898,-0.2774,-0.3021,-0.4415,0.0000
271.5,18.8335,20.6922,-0.2798,0.9600,-0.1736,-0.0642,-0.3688,-0.0088,-0.0931,-0.0114,-0.1481,-0.0181,0.0000
272.0,18.8335,20.6922,-0.2798,0.9600,0.0104,-0.0281,-0.3977,-0.0377,-0.0047,0.0226,-0.0075,0.0360,0.0000
272.5,18.8335,20.6922,-0.2798,0.9600,0.0072,-0.0146,-0.4046,-0.0446,0.0054,0.0000,0.0085,0.0000,0.0000
273.0,18.8335,20.6922,-0.2798,0.9600,0.0011,-0.0110,-0.2354,-0.1015,-0.0000,-0.0001,-0.0000,-0.0002,0.0000
273.5,18.8335,20.6922,-0.2798,0.9600,0.0017,-0.0085,-0.0000,0.0000,0.0001,0.0000,0.0002,0.0000,0.0000
274.0,18.8335,20.6922,-0.2798,0.9600,0.0005,-0.0062,-0.0000,0.0000,-0.0003,0.0000,-0.0004,0.0000,0.0000
274.5,18.8335,20.6922,-0.2798,0.9600,0.0003,-0.0045,-0.0000,0.0000,-0.0003,0.0000,-0.0004,0.0000,0.0000
275.0,18.8335,20.6922,-0.2798,0.9600,0.0002,-0.0033,-0.1903,0.0763,-0.0000,0.0000,-0.0000,0.0000,0.0000
275.5,18.8335,20.6922,-0.2798,0.9600,0.0005,-0.0025,-0.0000,0.0000,-0.0000,-0.0003,-0.0000,-0.0004,0.0000
276.0,18.8335,20.6922,-0.2798,0.9600,0.0001,-0.0018,-0.0000,0.0000,-0.0000,0.0000,-0.0000,0.0000,0.0000
276.5,18.8335,20.6922,-0.2798,0.9600,-0.0001,-0.0012,-0.0000,0.0000,-0.0005,0.0001,-0.0008,0.0002,0.0000
277.0,18.8335,20.6922,-0.2798,0.9600,-0.0000,-0.0006,-0.0000,0.0000,-0.0005,0.0001,-0.0008,0.0002,0.0000
277.5,18.8335,20.6922,-0.2798,0.9600,-0.0001,-0.0002,-0.0000,0.0000,-0.0005,0.0001,-0.0008,0.0002,0.0000
278.0,18.8335,20.6922,-0.2798,0.9600,-0.0021,-0.0010,-0.0000,0.0000,-0.0001,-0.0076,-0.0002,-0.0121,0.0000
278.5,18.8335,20.6922,-0.2798,0.9600,-0.0039,-0.0040,-0.0000,0.0000,-0.0001,-0.0076,-0.0002,-0.0121,0.0000
279.0,18.8335,20.6922,-0.2798,0.9600,-0.0070,-0.0075,-0.0000,0.0000,-0.0134,-0.0151,-0.0213,-0.0240,0.0000
279.5,18.6829,20.6329,-0.1708,0.9853,-0.0204,-0.0041,-0.0000,0.0000,-0.0230,-0.0173,-0.0367,-0.0275,0.0000
280.0,18.6829,20.6329,-0.1708,0.9853,-0.0166,-0.0001,-0.0000,0.0000,-0.0043,-0.0084,-0.0069,-0.0133,0.0000
280.5,18.6829,20.6329,-0.1708,0.9853,-0.0063,-0.0018,-0.0000,0.0000,-0.0043,-0.0084,-0.0069,-0.0133,0.0000
281.0,18.6829,20.6329,-0.1708,0.9853,-0.0039,-0.0039,-0.0000,0.0000,-0.0000,-0.0003,-0.0000,-0.0004,0.0000
281.5,18.6829,20.6329,-0.1708,0.9853,-0.0000,-0.0032,-0.0000,0.0000,-0.0000,-0.0003,-0.0000,-0.0004,0.0000
282.0,18.6829,20.6329,-0.1708,0.9853,-0.0000,-0.0025,-0.0803,0.2797,-0.0000,-0.0003,-0.0000,-0.0004,0.0000
282.5,18.6829,20.6329,-0.1708,0.9853,0.0000,-0.0019,0.0475,0.4075,-0.0000,0.0001,-0.0000,0.0002,0.0000
283.0,18.6829,20.6329,-0.1708,0.9853,0.0001,-0.0014,0.1281,0.1281,-0.0000,0.0001,-0.0000,0.0002,0.0000
283.5,18.6829,20.6329,-0.1708,0.9853,-0.0000,-0.0009,-0.0000,0.0000,-0.0004,0.0001,-0.0006,0.0002,0.0000
284.0,18.6829,20.6329,-0.1708,0.9853,0.0001,-0.0006,-0.0000,0.0000,-0.0001,0.0001,-0.0002,0.0002,0.0000
284.5,18.6829,20.6329,-0.1708,0.9853,0.0000,-0.0003,-0.0000,0.0000,-0.0000,0.0000,-0.0000,0.0000,0.0000
285.0,18.6829,20.6329,-0.1708,0.9853,0.0000,-0.0002,-0.0000,0.0000,-0.0000,0.0000,-0.0000,0.0000,0.0000
285.5,18.6829,20.6329,-0.1708,0.9853,-0.0003,-0.0000,-0.0000,0.0000,-0.0007,0.0000,-0.0010,0.0000,0.0000
286.0,18.6829,20.6329,-0.1708,0.9853,-0.0000,0.0001,-0.0000,0.0000,-0.0001,0.0001,-0.0002,0.0002,0.0000
286.5,18.6829,20.6329,-0.1708,0.9853,0.0000,0.0002,-0.0000,0.0000,-0.0001,0.0000,-0.0002,0.0000,0.0000
287.0,18.6829,20.6329,-0.1708,0.9853,-0.0001,0.0002,-0.0000,0.0000,-0.0001,0.0000,-0.0002,0.0000,0.0000
287.5,18.6829,20.6329,-0.1708,0.9853,0.0000,0.0002,-0.0000,0.0000,-0.0000,0.0000,-0.0000,0.0000,0.0000
288.0,18.6829,20.6329,-0.1708,0.9853,0.0001,0.0001,-0.0000,0.0000,-0.0000,-0.0001,-0.0000,-0.0002,0.0000
288.5,18.6829,20.6329,-0.1708,0.9853,-0.0002,0.0002,-0.0000,0.0000,-0.0004,0.0000,-0.0006,0.0000,0.0000
289.0,18.6829,20.6329,-0.1708,0.9853,-0.0002,0.0003,-0.0000,0.0000,-0.0004,0.0000,-0.0006,0.0000,0.0000
289.5,18.6829,20.6329,-0.1708,0.9853,-0.0002,0.0004,-0.0000,0.0000,-0.0004,0.0000,-0.0006,0.0000,0.0000
290.0,18.6829,20.6329,-0.1708,0.9853,-0.0000,0.0004,-0.0000,0.0000,-0.0000,0.0000,-0.0000,0.0000,0.0000
290.5,18.6829,20.6329,-0.1708,0.9853,0.0000,0.0003,-0.0000,0.0000,-0.0000,0.0000,-0.0000,0.0000,0.0000
291.0,18.6829,20.6329,-0.1708,0.9853,0.0000,0.0002,-0.0000,0.0000,-0.0000,0.0000,-0.0000,0.0000,0.0000
291.5,18.6829,20.6329,-0.1708,0.9853,0.0001,0.0002,-0.0374,0.3226,-0.0000,0.0000,-0.0000,0.0000,0.0000
292.0,18.6829,20.6329,-0.1708,0.9853,0.0000,0.0002,0.0480,0.4080,-0.0000,0.0000,-0.0000,0.0000,0.0000
292.5,18.6829,20.6329,-0.1708,0.9853,-0.0001,0.0001,0.1287,0.1287,-0.0003,-0.0004,-0.0004,-0.0006,0.0000
293.0,18.6829,20.6329,-0.1708,0.9853,-0.0000,0.0001,-0.0000,0.0000,-0.0000,0.0000,-0.0000,0.0000,0.0000
293.5,18.6829,20.6329,-0.1708,0.9853,0.0000,0.0000,-0.0000,0.0000,0.0001,0.0000,0.0002,0.0000,0.0000
294.0,18.6829,20.6329,-0.1708,0.9853,0.0001,-0.0000,-0.0000,0.0000,0.0001,0.0000,0.0002,0.0000,0.0000
294.5,18.6829,20.6329,-0.1708,0.9853,-0.0198,0.0021,-0.0000,0.0000,-0.0439,-0.0283,-0.0698,-0.0450,0.0000
295.0,18.6829,20.6329,-0.1708,0.9853,-0.0314,0.0079,-0.0000,0.0000,-0.0009,0.0001,-0.0015,0.0002,0.0000
295.5,18.6829,20.6329,-0.1708,0.9853,-0.0135,0.0001,-0.0000,0.0000,-0.0030,-0.0216,-0.0048,-0.0344,0.0000
296.0,18.6829,20.6329,-0.1708,0.9853,-0.0123,-0.0081,-0.0000,0.0000,-0.0030,-0.0216,-0.0048,-0.0344,0.0000
296.5,18.6829,20.6329,-0.1708,0.9853,-0.0123,-0.0139,-0.0000,0.0000,-0.0030,-0.0216,-0.0048,-0.0344,0.0000
297.0,18.6829,20.6329,-0.1708,0.9853,-0.0019,-0.0146,-0.0000,0.0000,-0.0003,0.0003,-0.0004,0.0004,0.0000
297.5,18.6829,20.6329,-0.1708,0.9853,0.0001,-0.0107,-0.0000,0.0000,-0.0003,0.0003,-0.0004,0.0004,0.0000
298.0,18.6829,20.6329,-0.1708,0.9853,-0.0091,-0.0092,-0.0000,0.0000,-0.0258,-0.0514,-0.0410,-0.0819,0.0000
298.5,18.6829,20.6329,-0.1708,0.9853,-0.0479,-0.0045,-0.0802,0.2798,-0.0645,-0.0310,-0.1027,-0.0494,0.0000
299.0,18.6829,20.6329,-0.1708,0.9853,-0.0319,0.0060,0.1244,0.2175,-0.0033,-0.0179,-0.0052,-0.0285,0.0000
299.5,18.6829,20.6329,-0.1708,0.9853,-0.0295,0.0086,0.0735,0.0735,-0.0437,-0.0179,-0.0696,-0.0285,0.0000
300.0,18.6829,20.6329,-0.1708,0.9853,-0.0016,0.0119,-0.0000,0.0000,0.0001,0.0000,0.0002,0.0000,0.0000
300.5,18.6829,20.6329,-0.1708,0.9853,0.0003,0.0092,-0.0000,0.0000,-0.0122,0.0000,-0.0194,0.0000,0.0000
301.0,18.6829,20.6329,-0.1708,0.9853,-0.0060,0.0120,-0.0763,0.1903,-0.0122,0.0000,-0.0194,0.0000,0.0000
301.5,18.5509,20.6368,-0.1367,0.9906,-0.0060,0.0144,0.0712,0.0712,-0.0122,0.0000,-0.0194,0.0000,0.0000
302.0,18.5509,20.6368,-0.1367,0.9906,-0.0228,0.0115,-0.0000,0.0000,-0.0277,-0.0276,-0.0442,-0.0440,0.0000
302.5,18.5509,20.6368,-0.1367,0.9906,-0.0247,0.0149,-0.0000,0.0000,-0.0372,-0.0103,-0.0592,-0.0165,0.0000
303.0,18.5509,20.6368,-0.1367,0.9906,-0.0086,0.0096,-0.0766,0.1909,-0.0007,-0.0168,-0.0010,-0.0267,0.0000
303.5,18.5509,20.6368,-0.1367,0.9906,-0.0097,0.0063,0.0711,0.0711,-0.0327,-0.0068,-0.0521,-0.0108,0.0000
304.0,18.5509,20.6368,-0.1367,0.9906,-0.0199,0.0156,-0.0000,0.0000,-0.0327,-0.0068,-0.0521,-0.0108,0.0000
304.5,18.5509,20.6368,-0.1367,0.9906,-0.0206,0.0234,-0.0000,0.0000,-0.0370,-0.0072,-0.0590,-0.0115,0.0000
305.0,18.5509,20.6368,-0.1367,0.9906,-0.0258,0.0163,-0.0000,0.0000,-0.0177,-0.0338,-0.0281,-0.0538,0.0000
305.5,18.5509,20.6368,-0.1367,0.9906,-0.0270,0.0250,-0.0000,0.0000,-0.0538,-0.0001,-0.0856,-0.0002,0.0000
306.0,18.4530,20.5766,-0.0469,0.9989,-0.0271,0.0423,-0.0000,0.0000,-0.0538,-0.0001,-0.0856,-0.0002,0.0000
306.5,18.4530,20.5766,-0.0469,0.9989,-0.0065,0.0420,-0.0000,0.0000,-0.0259,-0.0098,-0.0413,-0.0156,0.0000
307.0,18.4530,20.5766,-0.0469,0.9989,-0.0176,0.0381,-0.0000,0.0000,-0.0037,-0.0247,-0.0058,-0.0394,0.0000
307.5,18.4530,20.5766,-0.0469,0.9989,0.0003,0.0271,-0.0000,0.0000,-0.0001,0.0001,-0.0002,0.0002,0.0000
308.0,18.4530,20.5766,-0.0469,0.9989,0.0003,0.0202,-0.0000,0.0000,0.0003,0.0000,0.0004,0.0000,0.0000
308.5,18.4530,20.5766,-0.0469,0.9989,0.0001,0.0154,-0.0000,0.0000,-0.0001,0.0000,-0.0002,0.0000,0.0000
309.0,18.4530,20.5766,-0.0469,0.9989,0.0000,0.0114,-0.0000,0.0000,-0.0004,0.0000,-0.0006,0.0000,0.0000
309.5,18.4530,20.5766,-0.0469,0.9989,0.0000,0.0087,-0.0000,0.0000,-0.0001,0.0001,-0.0002,0.0002,0.0000
310.0,18.4530,20.5766,-0.0469,0.9989,0.0001,0.0066,-0.0000,0.0000,-0.0001,0.0001,-0.0002,0.0002,0.0000
310.5,18.4530,20.5766,-0.0469,0.9989,0.0000,0.0052,-0.0000,0.0000,-0.0001,0.0001,-0.0002,0.0002,0.0000
311.0,18.4530,20.5766,-0.0469,0.9989,0.0001,0.0038,-0.0000,0.0000,-0.0000,0.0001,-0.0000,0.0002,0.0000
311.5,18.4530,20.5766,-0.0469,0.9989,0.0001,0.0030,-0.0000,0.0000,-0.0000,0.0001,-0.0000,0.0002,0.0000
312.0,18.4530,20.5766,-0.0469,0.9989,0.0001,0.0023,-0.0000,0.0000,-0.0000,0.0001,-0.0000,0.0002,0.0000
312.5,18.4530,20.5766,-0.0469,0.9989,0.0001,0.0017,-0.0000,0.0000,-0.0001,-0.0004,-0.0002,-0.0006,0.0000
313.0,18.4530,20.5766,-0.0469,0.9989,0.0000,0.0013,-0.0000,0.0000,-0.0000,0.0000,-0.0000,0.0000,0.0000
313.5,18.4530,20.5766,-0.0469,0.9989,0.0000,0.0010,-0.0000,0.0000,-0.0000,0.0000,-0.0000,0.0000,0.0000
314.0,18.4530,20.5766,-0.0469,0.9989,0.0000,0.0007,-0.0000,0.0000,-0.0000,0.0000,-0.0000,0.0000,0.0000
314.5,18.4530,20.5766,-0.0469,0.9989,0.0000,0.0005,-0.0000,0.0000,-0.0000,0.0000,-0.0000,0.0000,0.0000
315.0,18.4530,20.5766,-0.0469,0.9989,0.0000,0.0004,-0.0000,0.0000,-0.0000,0.0000,-0.0000,0.0000,0.0000
315.5,18.4530,20.5766,-0.0469,0.9989,-0.0152,-0.0387,-0.0000,0.0000,0.0279,-0.0775,0.0444,-0.1233,0.0000
316.0,18.4530,20.5766,-0.0469,0.9989,-0.0251,-0.0760,-0.0000,0.0000,0.0279,-0.0775,0.0444,-0.1233,0.0000
316.5,18.4068,20.5688,-0.0952,0.9955,-0.0135,-0.0920,-0.0000,0.0000,0.0025,-0.0329,0.0040,-0.0523,0.0000
317.0,18.4068,20.5688,-0.0952,0.9955,-0.0290,-0.0805,-0.0000,0.0000,-0.0545,-0.0487,-0.0867,-0.0775,0.0000
317.5,18.4068,20.5688,-0.0952,0.9955,-0.0821,-0.0686,-0.0000,0.0000,-0.0754,-0.1647,-0.1200,-0.2621,0.0000
318.0,18.3651,20.5826,-0.1518,0.9884,-0.1230,-0.0875,-0.0000,0.0000,-0.0754,-0.1647,-0.1200,-0.2621,0.0000
318.5,18.2802,20.6029,-0.1990,0.9800,-0.2037,-0.0994,-0.0000,0.0000,-0.1778,-0.2377,-0.2829,-0.3783,0.0000
319.0,18.1775,20.6496,-0.2292,0.9734,-0.1895,-0.0918,-0.0000,0.0000,-0.1867,0.0503,-0.2971,0.0800,0.0000
319.5,18.1021,20.6696,-0.1574,0.9875,-0.0676,0.0369,-0.0000,0.0000,-0.1867,0.0503,-0.2971,0.0800,0.0000
320.0,18.0794,20.6643,-0.0897,0.9960,-0.0829,0.1207,-0.0000,0.0000,-0.1931,0.0151,-0.3073,0.0240,0.0000
320.5,18.0144,20.6389,0.0460,0.9989,-0.0194,0.1350,-0.0000,0.0000,-0.1161,0.0237,-0.1848,0.0377,0.0000
321.0,18.0144,20.6389,0.0460,0.9989,-0.0100,0.1435,-0.0000,0.0000,0.0558,0.0323,0.0887,0.0515,0.0000
321.5,17.9828,20.6297,0.1037,0.9946,0.0563,0.1046,-0.0000,0.0000,0.0630,0.0649,0.1002,0.1033,0.0000
322.0,17.9828,20.6297,0.1037,0.9946,0.0654,0.0777,-0.0000,0.0000,0.0630,0.0649,0.1002,0.1033,0.0000
322.5,17.9828,20.6297,0.1037,0.9946,0.0650,0.0602,-0.0000,0.0000,0.0630,0.0649,0.1002,0.1033,0.0000
323.0,17.9828,20.6297,0.1037,0.9946,0.1894,0.0805,-0.0000,0.0000,0.1259,0.2660,0.2004,0.4233,0.0000
323.5,18.1103,20.6540,0.1402,0.9901,0.0656,0.0720,-0.0000,0.0000,0.0836,0.0280,0.1331,0.0446,0.0000
324.0,18.1103,20.6540,0.1402,0.9901,0.0557,0.0296,-0.0000,0.0000,0.0836,0.0280,0.1331,0.0446,0.0000
324.5,18.2241,20.6899,0.1096,0.9940,0.0489,-0.0068,-0.0000,0.0000,0.0950,-0.0403,0.1513,-0.0642,0.0000
325.0,18.2241,20.6899,0.1096,0.9940,-0.0144,-0.0210,-0.0000,0.0000,-0.0000,-0.0268,-0.0000,-0.0427,0.0000
325.5,18.2241,20.6899,0.1096,0.9940,-0.0131,-0.0160,-0.0000,0.0000,-0.0541,-0.0597,-0.0860,-0.0950,0.0000
326.0,18.2241,20.6899,0.1096,0.9940,-0.1085,-0.0251,-0.0000,0.0000,-0.1295,-0.1706,-0.2060,-0.2715,0.0000
326.5,18.2038,20.6886,0.0433,0.9991,-0.1520,-0.0371,-0.0000,0.0000,-0.1295,-0.1706,-0.2060,-0.2715,0.0000
327.0,18.2038,20.6886,0.0433,0.9991,-0.1673,-0.0344,-0.0000,0.0000,-0.1609,-0.1706,-0.2560,-0.2715,0.0000
327.5,18.0559,20.6810,0.0071,1.0000,-0.1423,-0.0251,-0.0000,0.0000,-0.0686,0.0797,-0.1092,0.1269,0.0000
328.0,18.0559,20.6810,0.0071,1.0000,0.0036,0.0429,-0.0000,0.0000,-0.1051,0.0000,-0.1673,0.0000,0.0000
328.5,17.9664,20.6966,0.0492,0.9988,-0.0482,0.0788,-0.0000,0.0000,0.0025,0.0343,0.0040,0.0546,0.0000
329.0,17.9430,20.7081,0.0874,0.9962,0.0636,0.0689,-0.0000,0.0000,0.0567,0.0679,0.0902,0.1081,0.0000
329.5,17.9430,20.7081,0.0874,0.9962,0.1289,0.0655,-0.0000,0.0000,0.1806,0.1352,0.2875,0.2152,0.0000
330.0,18.0474,20.7374,0.0812,0.9967,0.1093,0.0205,-0.0000,0.0000,0.1089,-0.0250,0.1733,-0.0398,0.0000
330.5,18.0777,20.7453,0.0174,0.9998,0.0146,-0.0281,-0.0000,0.0000,0.0115,0.0001,0.0183,0.0002,0.0000
331.0,18.0777,20.7453,0.0174,0.9998,0.0037,-0.0304,-0.0000,0.0000,0.0067,-0.0008,0.0106,-0.0012,0.0000
331.5,18.0777,20.7453,0.0174,0.9998,0.0026,-0.0266,-0.0000,0.0000,0.0067,-0.0008,0.0106,-0.0012,0.0000
332.0,18.0777,20.7453,0.0174,0.9998,-0.0408,-0.0142,-0.0000,0.0000,-0.0507,-0.0301,-0.0806,-0.0479,0.0000
332.5,18.0777,20.7453,0.0174,0.9998,-0.0408,-0.0064,-0.0000,0.0000,-0.0065,-0.0720,-0.0104,-0.1146,0.0000
333.0,18.0777,20.7453,0.0174,0.9998,-0.0519,-0.0255,-0.0000,0.0000,-0.0313,-0.0720,-0.0498,-0.1146,0.0000
333.5,18.0777,20.7453,0.0174,0.9998,-0.0521,-0.0370,-0.0000,0.0000,-0.0313,-0.0720,-0.0498,-0.1146,0.0000
334.0,18.0050,20.7469,-0.0308,0.9995,-0.0215,-0.0307,-0.0000,0.0000,-0.0439,-0.0132,-0.0698,-0.0210,0.0000
334.5,18.0050,20.7469,-0.0308,0.9995,-0.0012,-0.0188,-0.0000,0.0000,-0.0000,-0.0016,-0.0000,-0.0025,0.0000
335.0,18.0050,20.7469,-0.0308,0.9995,0.0001,-0.0145,-0.0000,0.0000,0.0013,0.0056,0.0021,0.0090,0.0000
335.5,18.0050,20.7469,-0.0308,0.9995,0.0037,-0.0091,-0.0000,0.0000,0.0013,0.0056,0.0021,0.0090,0.0000
336.0,18.0050,20.7469,-0.0308,0.9995,0.0027,-0.0056,-0.0000,0.0000,0.0022,0.0001,0.0035,0.0002,0.0000
336.5,18.0050,20.7469,-0.0308,0.9995,0.0038,-0.0038,-0.0000,0.0000,0.0022,0.0060,0.0035,0.0096,0.0000
337.0,18.0050,20.7469,-0.0308,0.9995,0.0029,-0.0015,-0.0000,0.0000,0.0004,0.0001,0.0006,0.0002,0.0000
337.5,18.0050,20.7469,-0.0308,0.9995,0.0003,-0.0012,-0.0000,0.0000,0.0004,0.0001,0.0006,0.0002,0.0000
338.0,18.0050,20.7469,-0.0308,0.9995,0.0002,-0.0010,-0.0000,0.0000,-0.0000,0.0001,-0.0000,0.0002,0.0000
338.5,18.0050,20.7469,-0.0308,0.9995,0.0033,0.0011,-0.0000,0.0000,0.0001,0.0088,0.0002,0.0140,0.0000
339.0,18.0050,20.7469,-0.0308,0.9995,0.0046,0.0045,-0.0000,0.0000,0.0009,0.0088,0.0015,0.0140,0.0000
339.5,18.0050,20.7469,-0.0308,0.9995,0.0002,0.0045,-0.0000,0.0000,-0.0000,0.0003,-0.0000,0.0004,0.0000
340.0,18.0050,20.7469,-0.0308,0.9995,-0.0000,0.0035,-0.0000,0.0000,-0.0001,0.0000,-0.0002,0.0000,0.0000
340.5,18.0050,20.7469,-0.0308,0.9995,-0.0000,0.0026,-0.0000,0.0000,-0.0000,0.0000,-0.0000,0.0000,0.0000
341.0,18.0050,20.7469,-0.0308,0.9995,-0.0000,0.0020,-0.0000,0.0000,-0.0000,0.0000,-0.0000,0.0000,0.0000
341.5,18.0050,20.7469,-0.0308,0.9995,-0.0000,0.0015,-0.0000,0.0000,-0.0000,0.0000,-0.0000,0.0000,0.0000
342.0,18.0050,20.7469,-0.0308,0.9995,0.0000,0.0011,-0.0000,0.0000,-0.0000,-0.0001,-0.0000,-0.0002,0.0000
342.5,18.0050,20.7469,-0.0308,0.9995,-0.0001,0.0008,-0.0000,0.0000,-0.0000,-0.0001,-0.0000,-0.0002,0.0000
343.0,18.0050,20.7469,-0.0308,0.9995,-0.0001,0.0006,-0.0000,0.0000,-0.0001,0.0000,-0.0002,0.0000,0.0000
343.5,18.0050,20.7469,-0.0308,0.9995,0.0001,0.0004,-0.0000,0.0000,0.0001,0.0000,0.0002,0.0000,0.0000
344.0,18.0050,20.7469,-0.0308,0.9995,-0.0000,0.0003,-0.0000,0.0000,-0.0000,0.0000,-0.0000,0.0000,0.0000
344.5,18.0050,20.7469,-0.0308,0.9995,-0.0000,0.0002,-0.0000,0.0000,-0.0000,0.0000,-0.0000,0.0000,0.0000
345.0,18.0050,20.7469,-0.0308,0.9995,-0.0000,0.0002,-0.0000,0.0000,-0.0000,0.0000,-0.0000,0.0000,0.0000
345.5,18.0050,20.7469,-0.0308,0.9995,-0.0000,0.0001,-0.0000,0.0000,-0.0000,0.0000,-0.0000,0.0000,0.0000
346.0,18.0050,20.7469,-0.0308,0.9995,-0.0000,0.0001,-0.0000,0.0000,-0.0000,0.0000,-0.0000,0.0000,0.0000
346.5,18.0050,20.7469,-0.0308,0.9995,-0.0000,0.0001,-0.0000,0.0000,-0.0000,0.0000,-0.0000,0.0000,0.0000
347.0,18.0050,20.7469,-0.0308,0.9995,-0.0000,0.0001,-0.0000,0.0000,-0.0000,0.0000,-0.0000,0.0000,0.0000
347.5,18.0050,20.7469,-0.0308,0.9995,-0.0000,0.0000,-0.0000,0.0000,-0.0000,0.0000,-0.0000,0.0000,0.0000
348.0,18.0050,20.7469,-0.0308,0.9995,-0.0000,0.0000,-0.0000,0.0000,-0.0000,0.0000,-0.0000,0.0000,0.0000
348.5,18.0050,20.7469,-0.0308,0.9995,-0.0001,0.0001,-0.0000,0.0000,-0.0003,0.0000,-0.0004,0.0000,0.0000
349.0,18.0050,20.7469,-0.0308,0.9995,-0.0000,0.0001,-0.0000,0.0000,-0.0000,0.0000,-0.0000,0.0000,0.0000
349.5,18.0050,20.7469,-0.0308,0.9995,0.0000,0.0001,-0.0000,0.0000,-0.0000,0.0000,-0.0000,0.0000,0.0000
350.0,18.0050,20.7469,-0.0308,0.9995,0.0002,0.0000,-0.0000,0.0000,0.0004,0.0001,0.0006,0.0002,0.0000
350.5,18.0050,20.7469,-0.0308,0.9995,0.0001,-0.0001,-0.0000,0.0000,-0.0000,0.0000,-0.0000,0.0000,0.0000
351.0,18.0050,20.7469,-0.0308,0.9995,0.0000,-0.0001,-0.0000,0.0000,-0.0000,0.0001,-0.0000,0.0002,0.0000
351.5,18.0050,20.7469,-0.0308,0.9995,0.0001,0.0000,-0.0000,0.0000,-0.0000,0.0001,-0.0000,0.0002,0.0000
352.0,18.0050,20.7469,-0.0308,0.9995,0.0001,0.0000,-0.0000,0.0000,0.0003,0.0001,0.0004,0.0002,0.0000
352.5,18.0050,20.7469,-0.0308,0.9995,-0.0001,0.0001,-0.0000,0.0000,0.0003,0.0000,0.0004,0.0000,0.0000
353.0,18.0050,20.7469,-0.0308,0.9995,-0.0000,0.0000,-0.0000,0.0000,-0.0003,0.0000,-0.0004,0.0000,0.0000
353.5,18.0050,20.7469,-0.0308,0.9995,-0.0000,0.0001,-0.0000,0.0000,-0.0000,0.0000,-0.0000,0.0000,0.0000
354.0,18.0050,20.7469,-0.0308,0.9995,-0.0001,0.0001,-0.0000,0.0000,-0.0001,0.0000,-0.0002,0.0000,0.0000
354.5,18.0050,20.7469,-0.0308,0.9995,-0.0000,0.0001,-0.0000,0.0000,-0.0000,0.0000,-0.0000,0.0000,0.0000
355.0,18.0050,20.7469,-0.0308,0.9995,-0.0000,0.0000,-0.0000,0.0000,-0.0003,0.0000,-0.0004,0.0000,0.0000
355.5,18.0050,20.7469,-0.0308,0.9995,-0.0000,0.0001,-0.0000,0.0000,-0.0000,0.0000,-0.0000,0.0000,0.0000
356.0,18.0050,20.7469,-0.0308,0.9995,0.0000,0.0001,-0.0000,0.0000,-0.0001,0.0001,-0.0002,0.0002,0.0000
356.5,18.0050,20.7469,-0.0308,0.9995,0.0000,0.0002,-0.0000,0.0000,-0.0001,0.0001,-0.0002,0.0002,0.0000
357.0,18.0050,20.7469,-0.0308,0.9995,0.0000,0.0002,-0.0000,0.0000,-0.0001,0.0001,-0.0002,0.0002,0.0000
357.5,18.0050,20.7469,-0.0308,0.9995,0.0000,0.0003,-0.0000,0.0000,0.0001,0.0000,0.0002,0.0000,0.0000
358.0,18.0050,20.7469,-0.0308,0.9995,0.0001,0.0002,-0.0000,0.0000,0.0001,0.0004,0.0002,0.0006,0.0000
358.5,18.0050,20.7469,-0.0308,0.9995,0.0003,0.0002,-0.0000,0.0000,0.0001,0.0004,0.0002,0.0006,0.0000
359.0,18.0050,20.7469,-0.0308,0.9995,0.0002,0.0003,-0.0000,0.0000,0.0003,-0.0001,0.0004,-0.0002,0.0000
359.5,18.0050,20.7469,-0.0308,0.9995,0.0000,0.0001,-0.0000,0.0000,-0.0000,0.0000,-0.0000,0.0000,0.0000
360.0,18.0050,20.7469,-0.0308,0.9995,-0.0000,0.0001,-0.0000,0.0000,-0.0001,0.0000,-0.0002,0.0000,0.0000
360.5,18.0050,20.7469,-0.0308,0.9995,-0.0001,0.0001,-0.0000,0.0000,-0.0001,0.0000,-0.0002,0.0000,0.0000
361.0,18.0050,20.7469,-0.0308,0.9995,-0.0000,0.0002,-0.0000,0.0000,-0.0000,0.0003,-0.0000,0.0004,0.0000
361.5,18.0050,20.7469,-0.0308,0.9995,-0.0000,0.0001,-0.0000,0.0000,-0.0000,0.0000,-0.0000,0.0000,0.0000
362.0,18.0050,20.7469,-0.0308,0.9995,-0.0000,0.0001,-0.0000,0.0000,-0.0000,0.0000,-0.0000,0.0000,0.0000
362.5,18.0050,20.7469,-0.0308,0.9995,-0.0001,0.0001,-0.0000,0.0000,-0.0001,0.0000,-0.0002,0.0000,0.0000
363.0,18.0050,20.7469,-0.0308,0.9995,-0.0001,0.0001,-0.0000,0.0000,-0.0001,0.0000,-0.0002,0.0000,0.0000
363.5,18.0050,20.7469,-0.0308,0.9995,-0.0001,0.0000,-0.0000,0.0000,0.0001,-0.0003,0.0002,-0.0004,0.0000
364.0,18.0050,20.7469,-0.0308,0.9995,-0.0000,0.0000,-0.0000,0.0000,-0.0000,0.0000,-0.0000,0.0000,0.0000
364.5,18.0050,20.7469,-0.0308,0.9995,0.0000,0.0001,-0.0000,0.0000,-0.0001,0.0003,-0.0002,0.0004,0.0000
365.0,18.0050,20.7469,-0.0308,0.9995,0.0001,0.0002,-0.0000,0.0000,-0.0001,0.0003,-0.0002,0.0004,0.0000
365.5,18.0050,20.7469,-0.0308,0.9995,0.0001,0.0003,-0.0000,0.0000,-0.0000,0.0001,-0.0000,0.0002,0.0000
366.0,18.0050,20.7469,-0.0308,0.9995,0.0000,0.0003,-0.0000,0.0000,-0.0001,0.0001,-0.0002,0.0002,0.0000
366.5,18.0050,20.7469,-0.0308,0.9995,0.0001,0.0003,-0.0000,0.0000,-0.0000,0.0001,-0.0000,0.0002,0.0000
367.0,18.0050,20.7469,-0.0308,0.9995,0.0001,0.0002,-0.0000,0.0000,0.0001,0.0001,0.0002,0.0002,0.0000
367.5,18.0050,20.7469,-0.0308,0.9995,0.0001,0.0002,-0.0000,0.0000,-0.0000,0.0001,-0.0000,0.0002,0.0000
368.0,18.0050,20.7469,-0.0308,0.9995,0.0001,0.0001,-0.0000,0.0000,0.0001,0.0000,0.0002,0.0000,0.0000
368.5,18.0050,20.7469,-0.0308,0.9995,0.0001,0.0000,-0.0000,0.0000,0.0001,0.0000,0.0002,0.0000,0.0000
369.0,18.0050,20.7469,-0.0308,0.9995,0.0001,-0.0001,-0.0000,0.0000,0.0003,0.0000,0.0004,0.0000,0.0000
369.5,18.0050,20.7469,-0.0308,0.9995,-0.0002,-0.0002,-0.0000,0.0000,-0.0000,-0.0003,-0.0000,-0.0004,0.0000
370.0,18.0050,20.7469,-0.0308,0.9995,-0.0001,-0.0002,-0.0000,0.0000,-0.0000,-0.0001,-0.0000,-0.0002,0.0000
370.5,18.0050,20.7469,-0.0308,0.9995,-0.0001,-0.0002,-0.0000,0.0000,-0.0000,0.0000,-0.0000,0.0000,0.0000
371.0,18.0050,20.7469,-0.0308,0.9995,0.0001,-0.0002,-0.0000,0.0000,0.0001,0.0000,0.0002,0.0000,0.0000
371.5,18.0050,20.7469,-0.0308,0.9995,0.0000,-0.0002,-0.0000,0.0000,-0.0000,0.0000,-0.0000,0.0000,0.0000
372.0,18.0050,20.7469,-0.0308,0.9995,-0.0001,-0.0001,-0.0000,0.0000,-0.0003,0.0000,-0.0004,0.0000,0.0000
372.5,18.0050,20.7469,-0.0308,0.9995,0.0001,-0.0000,-0.0000,0.0000,-0.0000,0.0001,-0.0000,0.0002,0.0000
373.0,18.0050,20.7469,-0.0308,0.9995,0.0000,-0.0000,-0.0000,0.0000,-0.0000,0.0000,-0.0000,0.0000,0.0000
373.5,18.0050,20.7469,-0.0308,0.9995,0.0000,0.0000,-0.0000,0.0000,-0.0000,0.0000,-0.0000,0.0000,0.0000
374.0,18.0050,20.7469,-0.0308,0.9995,0.0000,0.0000,-0.0000,0.0000,-0.0000,0.0000,-0.0000,0.0000,0.0000
374.5,18.0050,20.7469,-0.0308,0.9995,-0.0001,-0.0000,-0.0000,0.0000,-0.0000,-0.0001,-0.0000,-0.0002,0.0000
375.0,18.0050,20.7469,-0.0308,0.9995,0.0002,-0.0001,-0.0000,0.0000,0.0001,0.0000,0.0002,0.0000,0.0000
375.5,18.0050,20.7469,-0.0308,0.9995,0.0000,-0.0001,-0.0000,0.0000,-0.0000,0.0000,-0.0000,0.0000,0.0000
376.0,18.0050,20.7469,-0.0308,0.9995,-0.0000,-0.0001,-0.0000,0.0000,-0.0000,0.0000,-0.0000,0.0000,0.0000
376.5,18.0050,20.7469,-0.0308,0.9995,-0.0000,-0.0001,-0.0000,0.0000,-0.0000,0.0000,-0.0000,0.0000,0.0000
377.0,18.0050,20.7469,-0.0308,0.9995,-0.0001,-0.0000,-0.0000,0.0000,-0.0001,0.0000,-0.0002,0.0000,0.0000
377.5,18.0050,20.7469,-0.0308,0.9995,-0.0001,-0.0000,-0.0000,0.0000,-0.0000,-0.0003,-0.0000,-0.0004,0.0000
378.0,18.0050,20.7469,-0.0308,0.9995,-0.0001,-0.0001,-0.0000,0.0000,-0.0000,-0.0003,-0.0000,-0.0004,0.0000
378.5,18.0050,20.7469,-0.0308,0.9995,-0.0001,-0.0002,-0.0000,0.0000,-0.0001,-0.0003,-0.0002,-0.0004,0.0000
379.0,18.0050,20.7469,-0.0308,0.9995,-0.0002,-0.0002,-0.0000,0.0000,-0.0001,-0.0003,-0.0002,-0.0004,0.0000
379.5,18.0050,20.7469,-0.0308,0.9995,0.0001,-0.0001,-0.0000,0.0000,-0.0000,0.0003,-0.0000,0.0004,0.0000
380.0,18.0050,20.7469,-0.0308,0.9995,0.0001,0.0000,-0.0000,0.0000,-0.0001,0.0003,-0.0002,0.0004,0.0000
380.5,18.0050,20.7469,-0.0308,0.9995,-0.0000,0.0001,-0.0000,0.0000,-0.0000,0.0000,-0.0000,0.0000,0.0000
381.0,18.0050,20.7469,-0.0308,0.9995,0.0000,0.0000,-0.0000,0.0000,-0.0000,0.0000,-0.0000,0.0000,0.0000
381.5,18.0050,20.7469,-0.0308,0.9995,-0.0000,0.0000,-0.0000,0.0000,-0.0000,0.0000,-0.0000,0.0000,0.0000
382.0,18.0050,20.7469,-0.0308,0.9995,0.0000,0.0000,-0.0000,0.0000,-0.0000,0.0000,-0.0000,0.0000,0.0000
382.5,18.0050,20.7469,-0.0308,0.9995,0.0000,0.0001,-0.0000,0.0000,-0.0001,0.0003,-0.0002,0.0004,0.0000
383.0,18.0050,20.7469,-0.0308,0.9995,0.0001,0.0002,-0.0000,0.0000,-0.0001,0.0003,-0.0002,0.0004,0.0000
383.5,18.0050,20.7469,-0.0308,0.9995,0.0002,0.0001,-0.0000,0.0000,0.0005,0.0000,0.0008,0.0000,0.0000
384.0,18.0050,20.7469,-0.0308,0.9995,0.0000,-0.0000,-0.0000,0.0000,-0.0001,-0.0001,-0.0002,-0.0002,0.0000
384.5,18.0050,20.7469,-0.0308,0.9995,-0.0001,0.0001,-0.0000,0.0000,-0.0003,0.0000,-0.0004,0.0000,0.0000
385.0,18.0050,20.7469,-0.0308,0.9995,-0.0000,0.0001,-0.0000,0.0000,0.0001,0.0000,0.0002,0.0000,0.0000
385.5,18.0050,20.7469,-0.0308,0.9995,0.0001,0.0000,-0.0000,0.0000,0.0001,0.0001,0.0002,0.0002,0.0000
386.0,18.0050,20.7469,-0.0308,0.9995,0.0001,0.0000,-0.0000,0.0000,-0.0000,0.0001,-0.0000,0.0002,0.0000
386.5,18.0050,20.7469,-0.0308,0.9995,-0.0000,0.0000,-0.0000,0.0000,-0.0000,-0.0001,-0.0000,-0.0002,0.0000
387.0,18.0050,20.7469,-0.0308,0.9995,-0.0001,-0.0000,-0.0000,0.0000,-0.0000,-0.0001,-0.0000,-0.0002,0.0000
387.5,18.0050,20.7469,-0.0308,0.9995,-0.0001,-0.0001,-0.0000,0.0000,-0.0000,-0.0001,-0.0000,-0.0002,0.0000
388.0,18.0050,20.7469,-0.0308,0.9995,0.0001,-0.0001,-0.0000,0.0000,0.0001,0.0000,0.0002,0.0000,0.0000
388.5,18.0050,20.7469,-0.0308,0.9995,0.0001,-0.0001,-0.0000,0.0000,0.0001,0.0000,0.0002,0.0000,0.0000
389.0,18.0050,20.7469,-0.0308,0.9995,0.0001,-0.0001,-0.0000,0.0000,0.0001,0.0000,0.0002,0.0000,0.0000
389.5,18.0050,20.7469,-0.0308,0.9995,0.0001,-0.0001,-0.0000,0.0000,-0.0000,0.0001,-0.0000,0.0002,0.0000
390.0,18.0050,20.7469,-0.0308,0.9995,0.0001,-0.0001,-0.0000,0.0000,0.0003,0.0000,0.0004,0.0000,0.0000
390.5,18.0050,20.7469,-0.0308,0.9995,-0.0000,-0.0001,-0.0000,0.0000,-0.0000,0.0000,-0.0000,0.0000,0.0000
391.0,18.0050,20.7469,-0.0308,0.9995,-0.0000,-0.0001,-0.0000,0.0000,-0.0000,0.0000,-0.0000,0.0000,0.0000
391.5,18.0050,20.7469,-0.0308,0.9995,0.0000,-0.0001,-0.0000,0.0000,-0.0000,-0.0003,-0.0000,-0.0004,0.0000
392.0,18.0050,20.7469,-0.0308,0.9995,-0.0001,-0.0002,-0.0000,0.0000,-0.0000,-0.0003,-0.0000,-0.0004,0.0000
392.5,18.0050,20.7469,-0.0308,0.9995,-0.0001,-0.0002,-0.0000,0.0000,-0.0000,-0.0001,-0.0000,-0.0002,0.0000
393.0,18.0050,20.7469,-0.0308,0.9995,0.0001,-0.0002,-0.0000,0.0000,0.0001,0.0001,0.0002,0.0002,0.0000
393.5,18.0050,20.7469,-0.0308,0.9995,0.0000,-0.0001,-0.0000,0.0000,-0.0001,0.0001,-0.0002,0.0002,0.0000
394.0,18.0050,20.7469,-0.0308,0.9995,0.0001,0.0001,-0.0000,0.0000,-0.0001,0.0001,-0.0002,0.0002,0.0000
394.5,18.0050,20.7469,-0.0308,0.9995,-0.0000,0.0002,-0.0000,0.0000,-0.0001,0.0001,-0.0002,0.0002,0.0000
395.0,18.0050,20.7469,-0.0308,0.9995,0.0001,0.0001,-0.0000,0.0000,0.0001,0.0001,0.0002,0.0002,0.0000
395.5,18.0050,20.7469,-0.0308,0.9995,0.0001,0.0001,-0.0000,0.0000,0.0001,0.0001,0.0002,0.0002,0.0000
396.0,18.0050,20.7469,-0.0308,0.9995,0.0001,0.0000,-0.0000,0.0000,0.0001,0.0000,0.0002,0.0000,0.0000
396.5,18.0050,20.7469,-0.0308,0.9995,0.0000,-0.0001,-0.0000,0.0000,0.0001,-0.0001,0.0002,-0.0002,0.0000
397.0,18.0050,20.7469,-0.0308,0.9995,-0.0002,-0.0001,-0.0000,0.0000,-0.0001,-0.0003,-0.0002,-0.0004,0.0000
397.5,18.0050,20.7469,-0.0308,0.9995,-0.0002,-0.0002,-0.0000,0.0000,-0.0001,-0.0003,-0.0002,-0.0004,0.0000
398.0,18.0050,20.7469,-0.0308,0.9995,-0.0002,-0.0002,-0.0000,0.0000,-0.0001,-0.0003,-0.0002,-0.0004,0.0000
398.5,18.0050,20.7469,-0.0308,0.9995,-0.0002,-0.0002,-0.0000,0.0000,-0.0001,-0.0003,-0.0002,-0.0004,0.0000
399.0,18.0050,20.7469,-0.0308,0.9995,-0.0002,-0.0002,-0.0000,0.0000,-0.0000,0.0000,-0.0000,0.0000,0.0000
399.5,18.0050,20.7469,-0.0308,0.9995,-0.0001,-0.0002,-0.0000,0.0000,-0.0001,0.0001,-0.0002,0.0002,0.0000
400.0,18.0050,20.7469,-0.0308,0.9995,-0.0001,-0.0001,-0.0000,0.0000,-0.0001,-0.0001,-0.0002,-0.0002,0.0000
400.5,18.0050,20.7469,-0.0308,0.9995,-0.0001,-0.0001,-0.0000,0.0000,-0.0001,-0.0001,-0.0002,-0.0002,0.0000
401.0,18.0050,20.7469,-0.0308,0.9995,-0.0001,-0.0000,-0.0000,0.0000,-0.0001,-0.0001,-0.0002,-0.0002,0.0000
401.5,18.0050,20.7469,-0.0308,0.9995,0.0000,-0.0000,-0.0000,0.0000,-0.0000,0.0000,-0.0000,0.0000,0.0000
402.0,18.0050,20.7469,-0.0308,0.9995,-0.0001,0.0000,-0.0000,0.0000,-0.0001,0.0000,-0.0002,0.0000,0.0000
402.5,18.0050,20.7469,-0.0308,0.9995,0.0000,0.0000,-0.0000,0.0000,0.0001,0.0000,0.0002,0.0000,0.0000
403.0,18.0050,20.7469,-0.0308,0.9995,0.0000,0.0000,-0.0000,0.0000,-0.0000,0.0000,-0.0000,0.0000,0.0000
403.5,18.0050,20.7469,-0.0308,0.9995,0.0000,0.0000,-0.0000,0.0000,-0.0000,0.0000,-0.0000,0.0000,0.0000
404.0,18.0050,20.7469,-0.0308,0.9995,0.0000,0.0000,-0.0000,0.0000,-0.0000,0.0000,-0.0000,0.0000,0.0000
404.5,18.0050,20.7469,-0.0308,0.9995,0.0001,0.0000,-0.0000,0.0000,0.0001,0.0001,0.0002,0.0002,0.0000
405.0,18.0050,20.7469,-0.0308,0.9995,0.0002,0.0001,-0.0000,0.0000,-0.0000,0.0004,-0.0000,0.0006,0.0000
405.5,18.0050,20.7469,-0.0308,0.9995,-0.0000,0.0001,-0.0000,0.0000,-0.0000,0.0000,-0.0000,0.0000,0.0000
406.0,18.0050,20.7469,-0.0308,0.9995,-0.0000,0.0001,-0.0000,0.0000,-0.0000,0.0000,-0.0000,0.0000,0.0000
406.5,18.0050,20.7469,-0.0308,0.9995,-0.0000,0.0001,-0.0000,0.0000,-0.0000,0.0000,-0.0000,0.0000,0.0000
407.0,18.0050,20.7469,-0.0308,0.9995,-0.0000,0.0001,-0.0000,0.0000,-0.0000,0.0000,-0.0000,0.0000,0.0000
407.5,18.0050,20.7469,-0.0308,0.9995,-0.0000,0.0000,-0.0000,0.0000,-0.0000,0.0000,-0.0000,0.0000,0.0000
408.0,18.0050,20.7469,-0.0308,0.9995,-0.0000,0.0000,-0.0000,0.0000,-0.0000,0.0000,-0.0000,0.0000,0.0000
408.5,18.0050,20.7469,-0.0308,0.9995,-0.0000,0.0000,-0.0000,0.0000,-0.0000,0.0000,-0.0000,0.0000,0.0000
409.0,18.0050,20.7469,-0.0308,0.9995,-0.0000,0.0000,-0.0000,0.0000,-0.0000,0.0000,-0.0000,0.0000,0.0000
409.5,18.0050,20.7469,-0.0308,0.9995,-0.0000,0.0000,-0.0000,0.0000,-0.0000,0.0000,-0.0000,0.0000,0.0000
410.0,18.0050,20.7469,-0.0308,0.9995,0.0000,0.0000,-0.0000,0.0000,-0.0000,0.0001,-0.0000,0.0002,0.0000
410.5,18.0050,20.7469,-0.0308,0.9995,-0.0000,0.0001,-0.0000,0.0000,-0.0001,0.0000,-0.0002,0.0000,0.0000
411.0,18.0050,20.7469,-0.0308,0.9995,-0.0001,0.0001,-0.0000,0.0000,-0.0001,0.0000,-0.0002,0.0000,0.0000
411.5,18.0050,20.7469,-0.0308,0.9995,0.0000,0.0002,-0.0000,0.0000,-0.0000,0.0003,-0.0000,0.0004,0.0000
412.0,18.0050,20.7469,-0.0308,0.9995,0.0001,0.0003,-0.0000,0.0000,-0.0001,0.0003,-0.0002,0.0004,0.0000
412.5,18.0050,20.7469,-0.0308,0.9995,0.0001,0.0004,-0.0000,0.0000,-0.0001,0.0003,-0.0002,0.0004,0.0000
413.0,18.0050,20.7469,-0.0308,0.9995,-0.0000,0.0002,-0.0000,0.0000,0.0001,-0.0001,0.0002,-0.0002,0.0000
413.5,18.0050,20.7469,-0.0308,0.9995,-0.0000,0.0001,-0.0000,0.0000,0.0001,-0.0001,0.0002,-0.0002,0.0000
414.0,18.0050,20.7469,-0.0308,0.9995,-0.0000,-0.0001,-0.0000,0.0000,0.0001,-0.0001,0.0002,-0.0002,0.0000
414.5,18.0050,20.7469,-0.0308,0.9995,0.0000,-0.0001,-0.0000,0.0000,-0.0000,0.0001,-0.0000,0.0002,0.0000
415.0,18.0050,20.7469,-0.0308,0.9995,0.0001,-0.0000,-0.0000,0.0000,-0.0000,0.0001,-0.0000,0.0002,0.0000
415.5,18.0050,20.7469,-0.0308,0.9995,0.0000,-0.0000,-0.0000,0.0000,0.0001,-0.0001,0.0002,-0.0002,0.0000
416.0,18.0050,20.7469,-0.0308,0.9995,-0.0000,-0.0001,-0.0000,0.0000,-0.0000,0.0001,-0.0000,0.0002,0.0000
416.5,18.0050,20.7469,-0.0308,0.9995,-0.0001,-0.0001,-0.0000,0.0000,-0.0000,-0.0001,-0.0000,-0.0002,0.0000
417.0,18.0050,20.7469,-0.0308,0.9995,-0.0000,-0.0001,-0.0000,0.0000,-0.0000,0.0000,-0.0000,0.0000,0.0000
417.5,18.0050,20.7469,-0.0308,0.9995,0.0001,-0.0000,-0.0000,0.0000,0.0001,0.0001,0.0002,0.0002,0.0000
418.0,18.0050,20.7469,-0.0308,0.9995,0.0001,-0.0000,-0.0000,0.0000,0.0001,0.0001,0.0002,0.0002,0.0000
418.5,18.0050,20.7469,-0.0308,0.9995,0.0004,0.0003,-0.0000,0.0000,-0.0001,0.0008,-0.0002,0.0012,0.0000
419.0,18.0050,20.7469,-0.0308,0.9995,-0.0001,0.0004,-0.0000,0.0000,-0.0000,0.0000,-0.0000,0.0000,0.0000
419.5,18.0050,20.7469,-0.0308,0.9995,-0.0001,0.0002,-0.0000,0.0000,-0.0000,-0.0001,-0.0000,-0.0002,0.0000
420.0,18.0050,20.7469,-0.0308,0.9995,-0.0001,0.0001,-0.0000,0.0000,-0.0000,-0.0001,-0.0000,-0.0002,0.0000
420.5,18.0050,20.7469,-0.0308,0.9995,-0.0001,0.0000,-0.0000,0.0000,-0.0000,-0.0001,-0.0000,-0.0002,0.0000
421.0,18.0050,20.7469,-0.0308,0.9995,-0.0001,-0.0000,-0.0000,0.0000,-0.0000,-0.0001,-0.0000,-0.0002,0.0000
421.5,18.0050,20.7469,-0.0308,0.9995,-0.0001,-0.0001,-0.0000,0.0000,-0.0000,-0.0001,-0.0000,-0.0002,0.0000
422.0,18.0050,20.7469,-0.0308,0.9995,-0.0001,-0.0001,-0.0000,0.0000,-0.0000,-0.0001,-0.0000,-0.0002,0.0000
422.5,18.0050,20.7469,-0.0308,0.9995,-0.0001,-0.0001,-0.0000,0.0000,-0.0000,-0.0001,-0.0000,-0.0002,0.0000
423.0,18.0050,20.7469,-0.0308,0.9995,-0.0001,-0.0002,-0.0000,0.0000,-0.0000,-0.0001,-0.0000,-0.0002,0.0000
423.5,18.0050,20.7469,-0.0308,0.9995,0.0002,-0.0002,-0.0000,0.0000,0.0001,0.0004,0.0002,0.0006,0.0000
424.0,18.0050,20.7469,-0.0308,0.9995,0.0003,-0.0001,-0.0000,0.0000,0.0001,0.0004,0.0002,0.0006,0.0000
424.5,18.0050,20.7469,-0.0308,0.9995,0.0000,-0.0000,-0.0000,0.0000,-0.0000,0.0000,-0.0000,0.0000,0.0000
425.0,18.0050,20.7469,-0.0308,0.9995,-0.0000,-0.0000,-0.0000,0.0000,-0.0000,0.0000,-0.0000,0.0000,0.0000
425.5,18.0050,20.7469,-0.0308,0.9995,-0.0000,-0.0000,-0.0000,0.0000,-0.0000,0.0000,-0.0000,0.0000,0.0000
426.0,18.0050,20.7469,-0.0308,0.9995,0.0000,-0.0000,-0.0000,0.0000,0.0001,0.0000,0.0002,0.0000,0.0000
426.5,18.0050,20.7469,-0.0308,0.9995,0.0001,-0.0001,-0.0000,0.0000,0.0001,0.0000,0.0002,0.0000,0.0000
427.0,18.0050,20.7469,-0.0308,0.9995,0.0001,-0.0001,-0.0000,0.0000,0.0001,0.0001,0.0002,0.0002,0.0000
427.5,18.0050,20.7469,-0.0308,0.9995,0.0001,-0.0000,-0.0000,0.0000,-0.0000,0.0000,-0.0000,0.0000,0.0000
428.0,18.0050,20.7469,-0.0308,0.9995,-0.0000,-0.0000,-0.0000,0.0000,-0.0000,0.0000,-0.0000,0.0000,0.0000
428.5,18.0050,20.7469,-0.0308,0.9995,0.0001,-0.0000,-0.0000,0.0000,0.0001,0.0000,0.0002,0.0000,0.0000
429.0,18.0050,20.7469,-0.0308,0.9995,0.0001,-0.0001,-0.0000,0.0000,0.0001,0.0000,0.0002,0.0000,0.0000
429.5,18.0050,20.7469,-0.0308,0.9995,0.0001,-0.0001,-0.0000,0.0000,0.0001,0.0000,0.0002,0.0000,0.0000
430.0,18.0050,20.7469,-0.0308,0.9995,0.0000,-0.0001,-0.0000,0.0000,-0.0000,0.0000,-0.0000,0.0000,0.0000
430.5,18.0050,20.7469,-0.0308,0.9995,-0.0000,-0.0001,-0.0000,0.0000,-0.0000,0.0000,-0.0000,0.0000,0.0000
431.0,18.0050,20.7469,-0.0308,0.9995,-0.0000,-0.0001,-0.0000,0.0000,-0.0000,0.0000,-0.0000,0.0000,0.0000
431.5,18.0050,20.7469,-0.0308,0.9995,-0.0000,-0.0001,-0.0000,0.0000,-0.0000,0.0000,-0.0000,0.0000,0.0000
432.0,18.0050,20.7469,-0.0308,0.9995,-0.0000,-0.0000,-0.0000,0.0000,-0.0000,0.0000,-0.0000,0.0000,0.0000
432.5,17.9962,20.7032,0.0131,0.9999,-0.0000,-0.0000,-0.0000,0.0000,-0.0000,0.0000,-0.0000,0.0000,0.0000
433.0,17.9962,20.7032,0.0131,0.9999,-0.0000,-0.0000,-0.0000,0.0000,-0.0000,0.0000,-0.0000,0.0000,0.0000
433.5,17.9962,20.7032,0.0131,0.9999,-0.0000,-0.0000,-0.0000,0.0000,-0.0000,0.0000,-0.0000,0.0000,0.0000
434.0,17.9962,20.7032,0.0131,0.9999,-0.0000,-0.0000,-0.0000,0.0000,-0.0000,0.0000,-0.0000,0.0000,0.0000
434.5,17.9962,20.7032,0.0131,0.9999,-0.0000,-0.0000,-0.0000,0.0000,-0.0000,0.0000,-0.0000,0.0000,0.0000
435.0,17.9962,20.7032,0.0131,0.9999,-0.0001,0.0001,-0.0000,0.0000,-0.0003,0.0000,-0.0004,0.0000,0.0000
435.5,17.9962,20.7032,0.0131,0.9999,-0.0000,0.0001,-0.0000,0.0000,-0.0000,0.0000,-0.0000,0.0000,0.0000
436.0,17.9962,20.7032,0.0131,0.9999,0.0000,0.0001,-0.0000,0.0000,-0.0000,0.0000,-0.0000,0.0000,0.0000
436.5,17.9962,20.7032,0.0131,0.9999,-0.0002,0.0000,-0.0000,0.0000,-0.0001,-0.0004,-0.0002,-0.0006,0.0000
437.0,17.9962,20.7032,0.0131,0.9999,0.0001,0.0000,-0.0000,0.0000,-0.0000,0.0001,-0.0000,0.0002,0.0000
437.5,17.9962,20.7032,0.0131,0.9999,0.0001,0.0001,-0.0000,0.0000,-0.0001,0.0000,-0.0002,0.0000,0.0000
438.0,17.9962,20.7032,0.0131,0.9999,0.0001,-0.0000,-0.0000,0.0000,0.0004,-0.0001,0.0006,-0.0002,0.0000
438.5,18.0438,20.6538,0.0094,1.0000,-0.0001,-0.0001,-0.0000,0.0000,-0.0000,-0.0001,-0.0000,-0.0002,0.0000
439.0,18.0438,20.6538,0.0094,1.0000,-0.0001,-0.0002,-0.0000,0.0000,-0.0000,-0.0001,-0.0000,-0.0002,0.0000
439.5,18.0438,20.6538,0.0094,1.0000,-0.0000,-0.0001,-0.0000,0.0000,-0.0000,0.0001,-0.0000,0.0002,0.0000
440.0,18.0438,20.6538,0.0094,1.0000,0.0000,-0.0001,-0.0000,0.0000,-0.0000,-0.0003,-0.0000,-0.0004,0.0000
440.5,18.0438,20.6538,0.0094,1.0000,0.0001,-0.0001,-0.0000,0.0000,0.0004,0.0000,0.0006,0.0000,0.0000
441.0,18.0438,20.6538,0.0094,1.0000,-0.0000,-0.0001,-0.0000,0.0000,-0.0001,0.0001,-0.0002,0.0002,0.0000
441.5,18.0438,20.6538,0.0094,1.0000,-0.0001,0.0000,-0.0000,0.0000,0.0001,0.0000,0.0002,0.0000,0.0000
442.0,18.0438,20.6538,0.0094,1.0000,0.0000,0.0000,-0.0000,0.0000,-0.0000,0.0001,-0.0000,0.0002,0.0000
442.5,18.0438,20.6538,0.0094,1.0000,0.0001,0.0001,-0.0000,0.0000,-0.0000,0.0001,-0.0000,0.0002,0.0000
443.0,18.0438,20.6538,0.0094,1.0000,0.0001,0.0001,-0.0000,0.0000,0.0001,0.0000,0.0002,0.0000,0.0000
443.5,18.0438,20.6538,0.0094,1.0000,0.0000,0.0001,-0.0000,0.0000,-0.0000,0.0000,-0.0000,0.0000,0.0000
444.0,18.0438,20.6538,0.0094,1.0000,0.0001,-0.0001,-0.0000,0.0000,-0.0000,0.0000,-0.0000,0.0000,0.0000
444.5,17.9596,20.7609,0.0225,0.9997,-0.0002,-0.0001,-0.0000,0.0000,-0.0001,-0.0003,-0.0002,-0.0004,0.0000
445.0,17.9596,20.7609,0.0225,0.9997,-0.0002,-0.0001,-0.0000,0.0000,-0.0001,-0.0003,-0.0002,-0.0004,0.0000
445.5,17.9596,20.7609,0.0225,0.9997,-0.0002,-0.0002,-0.0000,0.0000,-0.0001,-0.0003,-0.0002,-0.0004,0.0000
446.0,17.9596,20.7609,0.0225,0.9997,-0.0001,-0.0002,-0.0000,0.0000,0.0001,0.0000,0.0002,0.0000,0.0000
446.5,17.9596,20.7609,0.0225,0.9997,0.0001,-0.0002,-0.0000,0.0000,0.0001,0.0000,0.0002,0.0000,0.0000
447.0,17.9596,20.7609,0.0225,0.9997,0.0000,-0.0002,-0.0000,0.0000,-0.0000,0.0000,-0.0000,0.0000,0.0000
447.5,17.9596,20.7609,0.0225,0.9997,0.0000,-0.0001,-0.0000,0.0000,-0.0000,0.0000,-0.0000,0.0000,0.0000
448.0,17.9596,20.7609,0.0225,0.9997,0.0000,-0.0001,-0.0000,0.0000,-0.0000,0.0000,-0.0000,0.0000,0.0000
448.5,17.9596,20.7609,0.0225,0.9997,0.0001,-0.0001,-0.0000,0.0000,-0.0000,0.0000,-0.0000,0.0000,0.0000
449.0,17.9596,20.7609,0.0225,0.9997,0.0000,-0.0001,-0.0000,0.0000,-0.0000,0.0000,-0.0000,0.0000,0.0000
449.5,17.9596,20.7609,0.0225,0.9997,0.0000,-0.0001,-0.0000,0.0000,-0.0000,0.0000,-0.0000,0.0000,0.0000
450.0,17.9202,20.8124,-0.0056,1.0000,-0.0001,-0.0000,-0.0000,0.0000,-0.0004,-0.0001,-0.0006,-0.0002,0.0000
450.5,17.9202,20.8124,-0.0056,1.0000,-0.0000,-0.0000,-0.0000,0.0000,0.0001,-0.0001,0.0002,-0.0002,0.0000
451.0,17.9202,20.8124,-0.0056,1.0000,0.0000,-0.0001,-0.0000,0.0000,0.0001,-0.0001,0.0002,-0.0002,0.0000
451.5,17.9202,20.8124,-0.0056,1.0000,0.0000,-0.0002,-0.0000,0.0000,0.0001,-0.0001,0.0002,-0.0002,0.0000
452.0,17.9202,20.8124,-0.0056,1.0000,-0.0000,-0.0003,-0.0000,0.0000,-0.0000,-0.0001,-0.0000,-0.0002,0.0000
452.5,17.9202,20.8124,-0.0056,1.0000,-0.0000,-0.0002,-0.0000,0.0000,-0.0000,0.0000,-0.0000,0.0000,0.0000
453.0,17.9202,20.8124,-0.0056,1.0000,0.0001,-0.0001,-0.0000,0.0000,-0.0000,0.0001,-0.0000,0.0002,0.0000
453.5,17.9202,20.8124,-0.0056,1.0000,0.0001,-0.0000,-0.0000,0.0000,-0.0000,0.0001,-0.0000,0.0002,0.0000
454.0,17.9202,20.8124,-0.0056,1.0000,0.0000,0.0000,-0.0000,0.0000,-0.0000,0.0000,-0.0000,0.0000,0.0000
454.5,17.9202,20.8124,-0.0056,1.0000,-0.0000,0.0000,-0.0000,0.0000,-0.0000,0.0000,-0.0000,0.0000,0.0000
455.0,17.9202,20.8124,-0.0056,1.0000,-0.0002,0.0002,-0.0000,0.0000,-0.0004,0.0000,-0.0006,0.0000,0.0000
455.5,17.9202,20.8124,-0.0056,1.0000,-0.0001,0.0003,-0.0000,0.0000,-0.0003,0.0000,-0.0004,0.0000,0.0000
456.0,17.9202,20.8124,-0.0056,1.0000,-0.0001,0.0003,-0.0000,0.0000,-0.0003,0.0000,-0.0004,0.0000,0.0000
456.5,17.9202,20.8124,-0.0056,1.0000,-0.0000,0.0002,-0.0000,0.0000,0.0001,0.0001,0.0002,0.0002,0.0000
457.0,17.9202,20.8124,-0.0056,1.0000,-0.0001,0.0002,-0.0000,0.0000,-0.0001,0.0000,-0.0002,0.0000,0.0000
457.5,17.9202,20.8124,-0.0056,1.0000,0.0002,0.0002,-0.0000,0.0000,0.0001,0.0003,0.0002,0.0004,0.0000
458.0,17.9202,20.8124,-0.0056,1.0000,0.0002,0.0002,-0.0000,0.0000,0.0001,0.0003,0.0002,0.0004,0.0000
458.5,17.9202,20.8124,-0.0056,1.0000,0.0001,0.0002,-0.0000,0.0000,-0.0000,0.0001,-0.0000,0.0002,0.0000
459.0,17.9202,20.8124,-0.0056,1.0000,0.0001,0.0002,-0.0000,0.0000,-0.0000,0.0001,-0.0000,0.0002,0.0000
459.5,17.9202,20.8124,-0.0056,1.0000,-0.0000,0.0002,-0.0000,0.0000,0.0003,0.0000,0.0004,0.0000,0.0000
460.0,17.9202,20.8124,-0.0056,1.0000,0.0001,0.0000,-0.0000,0.0000,-0.0000,0.0000,-0.0000,0.0000,0.0000
460.5,17.9202,20.8124,-0.0056,1.0000,0.0000,0.0000,-0.0000,0.0000,-0.0000,0.0000,-0.0000,0.0000,0.0000
461.0,17.9202,20.8124,-0.0056,1.0000,-0.0000,0.0000,-0.0000,0.0000,-0.0000,0.0000,-0.0000,0.0000,0.0000
461.5,17.9202,20.8124,-0.0056,1.0000,0.0000,0.0000,-0.0000,0.0000,0.0001,0.0000,0.0002,0.0000,0.0000
462.0,17.9202,20.8124,-0.0056,1.0000,-0.0000,-0.0000,-0.0000,0.0000,-0.0000,0.0000,-0.0000,0.0000,0.0000
462.5,17.9202,20.8124,-0.0056,1.0000,-0.0000,-0.0000,-0.0000,0.0000,-0.0000,0.0000,-0.0000,0.0000,0.0000
463.0,17.9202,20.8124,-0.0056,1.0000,-0.0000,-0.0000,-0.0000,0.0000,-0.0000,0.0000,-0.0000,0.0000,0.0000
463.5,17.9202,20.8124,-0.0056,1.0000,0.0000,-0.0000,-0.0000,0.0000,-0.0000,0.0000,-0.0000,0.0000,0.0000
464.0,17.9202,20.8124,-0.0056,1.0000,-0.0000,-0.0000,-0.0000,0.0000,-0.0000,0.0000,-0.0000,0.0000,0.0000
464.5,17.9202,20.8124,-0.0056,1.0000,0.0120,0.0023,-0.0000,0.0000,0.0099,0.0140,0.0158,0.0223,0.0000
465.0,17.9202,20.8124,-0.0056,1.0000,0.0121,0.0035,-0.0000,0.0000,0.0099,0.0140,0.0158,0.0223,0.0000
465.5,17.9202,20.8124,-0.0056,1.0000,0.0106,0.0042,-0.0000,0.0000,0.0031,0.0003,0.0050,0.0004,0.0000
466.0,17.9202,20.8124,-0.0056,1.0000,0.0016,0.0020,-0.0000,0.0000,0.0031,0.0003,0.0050,0.0004,0.0000
466.5,17.9202,20.8124,-0.0056,1.0000,0.0000,0.0013,-0.0000,0.0000,-0.0001,0.0003,-0.0002,0.0004,0.0000
467.0,17.9202,20.8124,-0.0056,1.0000,0.0014,0.0002,-0.0000,0.0000,0.0264,0.0000,0.0421,0.0000,0.0000
467.5,17.9202,20.8124,-0.0056,1.0000,0.0022,-0.0040,-0.0000,0.0000,-0.0003,0.0027,-0.0004,0.0044,0.0000
468.0,17.9202,20.8124,-0.0056,1.0000,0.0003,-0.0019,-0.0000,0.0000,-0.0082,-0.0203,-0.0130,-0.0323,0.0000
468.5,17.9202,20.8124,-0.0056,1.0000,0.0159,-0.0268,-0.0000,0.0000,0.0520,-0.0203,0.0827,-0.0323,0.0000
469.0,17.9202,20.8124,-0.0056,1.0000,0.0102,-0.0408,-0.0000,0.0000,-0.0013,0.0000,-0.0021,0.0000,0.0000
469.5,17.9202,20.8124,-0.0056,1.0000,-0.0009,-0.0307,-0.0000,0.0000,-0.0000,0.0001,-0.0000,0.0002,0.0000
470.0,17.9202,20.8124,-0.0056,1.0000,-0.0000,-0.0224,-0.0000,0.0000,-0.0001,0.0000,-0.0002,0.0000,0.0000
470.5,17.9202,20.8124,-0.0056,1.0000,-0.0001,-0.0167,-0.0000,0.0000,-0.0001,0.0000,-0.0002,0.0000,0.0000
471.0,17.9202,20.8124,-0.0056,1.0000,-0.0001,-0.0125,-0.0000,0.0000,-0.0001,0.0000,-0.0002,0.0000,0.0000
471.5,17.9202,20.8124,-0.0056,1.0000,0.0001,-0.0093,-0.0000,0.0000,-0.0000,0.0000,-0.0000,0.0000,0.0000
472.0,17.9202,20.8124,-0.0056,1.0000,-0.0000,-0.0069,-0.0000,0.0000,-0.0000,0.0000,-0.0000,0.0000,0.0000
472.5,17.9202,20.8124,-0.0056,1.0000,-0.0000,-0.0052,-0.0000,0.0000,-0.0000,0.0000,-0.0000,0.0000,0.0000
473.0,17.9202,20.8124,-0.0056,1.0000,-0.0005,-0.0036,-0.0000,0.0000,-0.0031,0.0000,-0.0050,0.0000,0.0000
473.5,17.9202,20.8124,-0.0056,1.0000,-0.0016,-0.0014,-0.0000,0.0000,-0.0031,0.0000,-0.0050,0.0000,0.0000
474.0,17.9202,20.8124,-0.0056,1.0000,-0.0016,0.0004,-0.0000,0.0000,-0.0031,0.0000,-0.0050,0.0000,0.0000
474.5,17.9202,20.8124,-0.0056,1.0000,-0.0000,0.0007,-0.0000,0.0000,-0.0000,0.0000,-0.0000,0.0000,0.0000
475.0,17.9202,20.8124,-0.0056,1.0000,-0.0000,0.0005,-0.0000,0.0000,-0.0000,0.0000,-0.0000,0.0000,0.0000
475.5,17.9202,20.8124,-0.0056,1.0000,-0.0044,-0.0024,-0.0000,0.0000,-0.0001,-0.0085,-0.0002,-0.0135,0.0000
476.0,17.9202,20.8124,-0.0056,1.0000,-0.0118,0.0008,-0.0000,0.0000,-0.0162,-0.0071,-0.0258,-0.0113,0.0000
476.5,17.9202,20.8124,-0.0056,1.0000,-0.0172,0.0048,-0.0000,0.0000,-0.0221,-0.0123,-0.0352,-0.0196,0.0000
477.0,17.9202,20.8124,-0.0056,1.0000,-0.0097,0.0080,-0.0000,0.0000,-0.0145,-0.0035,-0.0231,-0.0056,0.0000
477.5,17.9202,20.8124,-0.0056,1.0000,-0.0066,0.0098,-0.0000,0.0000,0.0001,-0.0035,0.0002,-0.0056,0.0000
478.0,17.9202,20.8124,-0.0056,1.0000,-0.0000,0.0068,-0.0000,0.0000,-0.0000,0.0000,-0.0000,0.0000,0.0000
478.5,17.9202,20.8124,-0.0056,1.0000,0.0001,0.0052,-0.0000,0.0000,0.0001,-0.0004,0.0002,-0.0006,0.0000
479.0,17.9202,20.8124,-0.0056,1.0000,-0.0022,0.0029,-0.0000,0.0000,-0.0010,-0.0034,-0.0017,-0.0054,0.0000
479.5,17.9202,20.8124,-0.0056,1.0000,-0.0022,0.0011,-0.0000,0.0000,-0.0010,-0.0034,-0.0017,-0.0054,0.0000
480.0,17.9202,20.8124,-0.0056,1.0000,-0.0022,-0.0002,-0.0000,0.0000,-0.0010,-0.0034,-0.0017,-0.0054,0.0000
480.5,17.9202,20.8124,-0.0056,1.0000,-0.0022,-0.0012,-0.0000,0.0000,-0.0010,-0.0034,-0.0017,-0.0054,0.0000
481.0,17.9202,20.8124,-0.0056,1.0000,-0.0031,-0.0013,-0.0000,0.0000,0.0004,0.0010,0.0006,0.0017,0.0000
481.5,17.9202,20.8124,-0.0056,1.0000,0.0175,-0.0033,-0.0000,0.0000,0.0232,0.0123,0.0369,0.0196,0.0000
482.0,17.9202,20.8124,-0.0056,1.0000,0.0180,-0.0073,-0.0000,0.0000,0.0232,0.0123,0.0369,0.0196,0.0000
482.5,17.9202,20.8124,-0.0056,1.0000,0.0179,-0.0102,-0.0000,0.0000,0.0232,0.0123,0.0369,0.0196,0.0000
483.0,17.9202,20.8124,-0.0056,1.0000,0.0179,-0.0124,-0.0000,0.0000,0.0232,0.0123,0.0369,0.0196,0.0000
483.5,17.9587,20.7605,-0.0453,0.9990,0.0004,-0.0132,-0.0000,0.0000,-0.0000,0.0000,-0.0000,0.0000,0.0000
484.0,17.9587,20.7605,-0.0453,0.9990,-0.0043,-0.0118,-0.0000,0.0000,-0.0001,-0.0348,-0.0002,-0.0554,0.0000
484.5,17.9587,20.7605,-0.0453,0.9990,-0.0178,-0.0237,-0.0000,0.0000,-0.0001,-0.0348,-0.0002,-0.0554,0.0000
485.0,17.9587,20.7605,-0.0453,0.9990,0.0237,-0.0370,-0.0000,0.0000,0.0488,0.0003,0.0777,0.0004,0.0000
485.5,17.9837,20.7326,-0.0825,0.9966,0.0184,-0.0415,-0.0000,0.0000,-0.0001,0.0199,-0.0002,0.0317,0.0000
486.0,17.9837,20.7326,-0.0825,0.9966,0.0062,-0.0230,-0.0000,0.0000,0.0001,0.0000,0.0002,0.0000,0.0000
486.5,17.9837,20.7326,-0.0825,0.9966,-0.0001,-0.0168,-0.0000,0.0000,-0.0000,0.0000,-0.0000,0.0000,0.0000
487.0,17.9837,20.7326,-0.0825,0.9966,-0.0001,-0.0129,-0.0000,0.0000,0.0004,-0.0005,0.0006,-0.0008,0.0000
487.5,17.9837,20.7326,-0.0825,0.9966,-0.0001,-0.0101,-0.0000,0.0000,0.0004,-0.0005,0.0006,-0.0008,0.0000
488.0,17.9837,20.7326,-0.0825,0.9966,0.0254,-0.0001,-0.0000,0.0000,-0.0672,0.0524,-0.1069,0.0833,0.0000
488.5,17.9837,20.7326,-0.0825,0.9966,0.0018,0.0453,-0.0000,0.0000,-0.0116,0.0524,-0.0185,0.0833,0.0000
489.0,17.9890,20.7073,-0.0188,0.9998,0.0060,0.0354,-0.0000,0.0000,0.0386,-0.0518,0.0615,-0.0825,0.0000
489.5,17.9890,20.7073,-0.0188,0.9998,-0.0068,-0.0116,-0.0000,0.0000,0.0386,-0.0518,0.0615,-0.0825,0.0000
490.0,18.0085,20.6920,-0.0760,0.9971,-0.0067,-0.0485,-0.0000,0.0000,0.0386,-0.0518,0.0615,-0.0825,0.0000
490.5,18.0085,20.6920,-0.0760,0.9971,-0.0014,-0.0665,-0.0000,0.0000,-0.0720,0.0609,-0.1146,0.0969,0.0000
491.0,18.0085,20.6920,-0.0760,0.9971,-0.0259,0.0003,-0.0000,0.0000,-0.0850,0.0338,-0.1352,0.0538,0.0000
491.5,18.0085,20.6920,-0.0760,0.9971,-0.0125,0.0460,-0.0000,0.0000,-0.0056,0.0338,-0.0090,0.0538,0.0000
492.0,17.9933,20.6903,-0.0214,0.9998,0.0144,0.0524,-0.0000,0.0000,-0.0056,0.0338,-0.0090,0.0538,0.0000
492.5,17.9933,20.6903,-0.0214,0.9998,0.0123,0.0554,-0.0000,0.0000,-0.0001,0.0003,-0.0002,0.0004,0.0000
493.0,17.9933,20.6903,-0.0214,0.9998,-0.0000,0.0425,-0.0000,0.0000,-0.0003,0.0003,-0.0004,0.0004,0.0000
493.5,17.9933,20.6903,-0.0214,0.9998,-0.0000,0.0319,-0.0000,0.0000,0.0001,0.0000,0.0002,0.0000,0.0000
494.0,17.9933,20.6903,-0.0214,0.9998,0.0001,0.0238,-0.0000,0.0000,0.0001,0.0000,0.0002,0.0000,0.0000
494.5,17.9933,20.6903,-0.0214,0.9998,0.0001,0.0179,-0.0000,0.0000,0.0001,0.0001,0.0002,0.0002,0.0000
495.0,17.9933,20.6903,-0.0214,0.9998,0.0001,0.0134,-0.0000,0.0000,-0.0000,0.0001,-0.0000,0.0002,0.0000
495.5,17.9933,20.6903,-0.0214,0.9998,0.0001,0.0101,-0.0000,0.0000,-0.0000,0.0001,-0.0000,0.0002,0.0000
496.0,17.9933,20.6903,-0.0214,0.9998,0.0001,0.0078,-0.0000,0.0000,-0.0000,0.0003,-0.0000,0.0004,0.0000
496.5,17.9933,20.6903,-0.0214,0.9998,0.0001,0.0059,-0.0000,0.0000,-0.0000,0.0003,-0.0000,0.0004,0.0000
497.0,17.9933,20.6903,-0.0214,0.9998,0.0000,0.0045,-0.0000,0.0000,-0.0003,0.0000,-0.0004,0.0000,0.0000
497.5,17.9933,20.6903,-0.0214,0.9998,-0.0001,0.0035,-0.0000,0.0000,-0.0003,0.0000,-0.0004,0.0000,0.0000
498.0,17.9933,20.6903,-0.0214,0.9998,-0.0000,0.0026,-0.0000,0.0000,-0.0000,-0.0001,-0.0000,-0.0002,0.0000
498.5,17.9933,20.6903,-0.0214,0.9998,-0.0001,0.0019,-0.0000,0.0000,-0.0000,-0.0001,-0.0000,-0.0002,0.0000
499.0,17.9933,20.6903,-0.0214,0.9998,-0.0001,0.0014,-0.0000,0.0000,-0.0000,-0.0001,-0.0000,-0.0002,0.0000
499.5,17.9933,20.6903,-0.0214,0.9998,-0.0001,0.0010,-0.0000,0.0000,-0.0000,-0.0001,-0.0000,-0.0002,0.0000
500.0,17.9933,20.6903,-0.0214,0.9998,0.0000,0.0008,-0.0000,0.0000,-0.0001,0.0003,-0.0002,0.0004,0.0000
500.5,17.9933,20.6903,-0.0214,0.9998,0.0001,0.0008,-0.0000,0.0000,-0.0001,0.0003,-0.0002,0.0004,0.0000
501.0,17.9933,20.6903,-0.0214,0.9998,0.0001,0.0006,-0.0000,0.0000,0.0001,0.0001,0.0002,0.0002,0.0000
501.5,17.9933,20.6903,-0.0214,0.9998,0.0001,0.0004,-0.0000,0.0000,0.0001,0.0000,0.0002,0.0000,0.0000
502.0,17.9933,20.6903,-0.0214,0.9998,0.0001,0.0004,-0.0000,0.0000,-0.0000,0.0003,-0.0000,0.0004,0.0000
502.5,17.9933,20.6903,-0.0214,0.9998,-0.0000,0.0003,-0.0000,0.0000,-0.0001,0.0000,-0.0002,0.0000,0.0000
503.0,17.9933,20.6903,-0.0214,0.9998,0.0001,0.0002,-0.0000,0.0000,0.0001,0.0000,0.0002,0.0000,0.0000
503.5,17.9933,20.6903,-0.0214,0.9998,0.0001,0.0001,-0.0000,0.0000,-0.0001,0.0003,-0.0002,0.0004,0.0000
504.0,17.9933,20.6903,-0.0214,0.9998,-0.0001,0.0002,-0.0000,0.0000,-0.0001,0.0000,-0.0002,0.0000,0.0000
504.5,17.9933,20.6903,-0.0214,0.9998,-0.0000,0.0002,-0.0000,0.0000,-0.0000,0.0000,-0.0000,0.0000,0.0000
505.0,17.9933,20.6903,-0.0214,0.9998,0.0002,0.0000,-0.0000,0.0000,0.0005,0.0000,0.0008,0.0000,0.0000
505.5,17.9933,20.6903,-0.0214,0.9998,0.0002,-0.0002,-0.0000,0.0000,-0.0000,0.0001,-0.0000,0.0002,0.0000
506.0,17.9933,20.6903,-0.0214,0.9998,0.0000,-0.0001,-0.0000,0.0000,-0.0000,0.0000,-0.0000,0.0000,0.0000
506.5,17.9933,20.6903,-0.0214,0.9998,-0.0002,-0.0002,-0.0000,0.0000,-0.0000,-0.0001,-0.0000,-0.0002,0.0000
507.0,17.9933,20.6903,-0.0214,0.9998,-0.0001,-0.0002,-0.0000,0.0000,-0.0000,-0.0001,-0.0000,-0.0002,0.0000
507.5,17.9933,20.6903,-0.0214,0.9998,-0.0001,-0.0002,-0.0000,0.0000,-0.0000,-0.0001,-0.0000,-0.0002,0.0000
508.0,17.9933,20.6903,-0.0214,0.9998,-0.0000,-0.0002,-0.0000,0.0000,-0.0000,0.0000,-0.0000,0.0000,0.0000
508.5,17.9933,20.6903,-0.0214,0.9998,0.0000,-0.0001,-0.0000,0.0000,-0.0000,0.0000,-0.0000,0.0000,0.0000
509.0,17.9933,20.6903,-0.0214,0.9998,0.0000,-0.0001,-0.0000,0.0000,-0.0000,0.0000,-0.0000,0.0000,0.0000
509.5,17.9933,20.6903,-0.0214,0.9998,0.0000,-0.0001,-0.0000,0.0000,-0.0000,0.0000,-0.0000,0.0000,0.0000
510.0,17.9933,20.6903,-0.0214,0.9998,0.0000,-0.0001,-0.0000,0.0000,0.0001,0.0000,0.0002,0.0000,0.0000
510.5,17.9933,20.6903,-0.0214,0.9998,0.0021,0.0011,-0.0000,0.0000,-0.0005,0.0096,-0.0008,0.0152,0.0000
511.0,17.9933,20.6903,-0.0214,0.9998,0.0317,0.0196,-0.0000,0.0000,-0.0000,0.0665,-0.0000,0.1058,0.0000
511.5,18.0031,20.6887,0.0304,0.9995,0.0336,0.0440,-0.0000,0.0000,-0.0000,0.0665,-0.0000,0.1058,0.0000
512.0,18.0268,20.6759,0.0767,0.9971,0.0157,0.0529,-0.0000,0.0000,-0.0001,-0.0008,-0.0002,-0.0012,0.0000
512.5,18.0268,20.6759,0.0767,0.9971,-0.0007,0.0404,-0.0000,0.0000,-0.0001,-0.0008,-0.0002,-0.0012,0.0000
513.0,18.0268,20.6759,0.0767,0.9971,-0.0010,0.0292,-0.0000,0.0000,-0.0001,-0.0043,-0.0002,-0.0069,0.0000
513.5,18.0268,20.6759,0.0767,0.9971,-0.0024,0.0201,-0.0000,0.0000,-0.0001,-0.0043,-0.0002,-0.0069,0.0000
514.0,18.0268,20.6759,0.0767,0.9971,-0.0234,0.0273,-0.0000,0.0000,-0.0419,-0.0043,-0.0667,-0.0069,0.0000
514.5,18.0268,20.6759,0.0767,0.9971,-0.0086,0.0307,-0.0000,0.0000,-0.0000,0.0001,-0.0000,0.0002,0.0000
515.0,18.0268,20.6759,0.0767,0.9971,0.0004,0.0232,-0.0000,0.0000,0.0003,0.0014,0.0004,0.0023,0.0000
515.5,18.0268,20.6759,0.0767,0.9971,0.0009,0.0179,-0.0000,0.0000,0.0003,0.0014,0.0004,0.0023,0.0000
516.0,18.0268,20.6759,0.0767,0.9971,0.0009,0.0139,-0.0000,0.0000,0.0003,0.0014,0.0004,0.0023,0.0000
516.5,18.0268,20.6759,0.0767,0.9971,0.0009,0.0110,-0.0000,0.0000,0.0003,0.0014,0.0004,0.0023,0.0000
517.0,18.0268,20.6759,0.0767,0.9971,0.0007,0.0088,-0.0000,0.0000,-0.0001,0.0014,-0.0002,0.0023,0.0000
517.5,18.0268,20.6759,0.0767,0.9971,0.0004,0.0071,-0.0000,0.0000,-0.0001,0.0000,-0.0002,0.0000,0.0000
518.0,18.0268,20.6759,0.0767,0.9971,0.0000,0.0054,-0.0000,0.0000,-0.0000,0.0000,-0.0000,0.0000,0.0000
518.5,18.0268,20.6759,0.0767,0.9971,-0.0001,0.0039,-0.0000,0.0000,0.0001,-0.0004,0.0002,-0.0006,0.0000
519.0,18.0268,20.6759,0.0767,0.9971,-0.0001,0.0027,-0.0000,0.0000,0.0001,-0.0004,0.0002,-0.0006,0.0000
519.5,18.0268,20.6759,0.0767,0.9971,-0.0001,0.0018,-0.0000,0.0000,0.0001,-0.0004,0.0002,-0.0006,0.0000
520.0,18.0268,20.6759,0.0767,0.9971,-0.0001,0.0011,-0.0000,0.0000,0.0001,-0.0004,0.0002,-0.0006,0.0000
520.5,18.0268,20.6759,0.0767,0.9971,-0.0001,0.0006,-0.0000,0.0000,0.0001,-0.0004,0.0002,-0.0006,0.0000
521.0,18.0268,20.6759,0.0767,0.9971,-0.0005,0.0001,-0.0000,0.0000,0.0001,-0.0058,0.0002,-0.0092,0.0000
521.5,18.0268,20.6759,0.0767,0.9971,0.0033,-0.0100,-0.0000,0.0000,0.0483,-0.0260,0.0769,-0.0415,0.0000
522.0,18.0268,20.6759,0.0767,0.9971,0.0076,-0.0302,-0.0000,0.0000,-0.0076,-0.0545,-0.0121,-0.0867,0.0000
522.5,18.0268,20.6759,0.0767,0.9971,-0.0315,-0.0431,-0.0000,0.0000,-0.0076,-0.0545,-0.0121,-0.0867,0.0000
523.0,18.0268,20.6759,0.0767,0.9971,-0.0480,-0.0488,-0.0000,0.0000,-0.0643,-0.0738,-0.1023,-0.1175,0.0000
523.5,17.9778,20.6756,0.0215,0.9998,-0.0698,-0.0410,-0.0000,0.0000,-0.0643,-0.0738,-0.1023,-0.1175,0.0000
524.0,17.9778,20.6756,0.0215,0.9998,-0.0663,-0.0366,-0.0000,0.0000,-0.0492,-0.0738,-0.0783,-0.1175,0.0000
