time_s,segment,amcl_x,amcl_y,amcl_yaw,start_x,start_y,goal_x,goal_y,cross_track,long_track,lookahead,target_heading,heading_error,remaining_distance,linear_cmd,angular_cmd,safety_stop,finished
1789806842.728734,0,17.734777,20.533520,0.045097,0.000000,0.000000,0.000000,0.000000,0.000000,0.000000,0.000000,0.000000,0.000000,0.000000,0.000000,0.000000,0,0
1789806842.828724,0,17.802018,20.561889,0.054538,0.000000,0.000000,0.000000,0.000000,0.000000,0.000000,0.000000,0.000000,0.000000,0.000000,0.000000,0.000000,0,0
1789806842.928743,0,17.802018,20.561889,0.054538,0.000000,0.000000,0.000000,0.000000,0.000000,0.000000,0.000000,0.000000,0.000000,0.000000,0.000000,0.000000,0,0
1789806843.029281,0,17.802018,20.561889,0.054538,0.000000,0.000000,0.000000,0.000000,0.000000,0.000000,0.000000,0.000000,0.000000,0.000000,0.000000,0.000000,0,0
1789806843.128789,0,17.802018,20.561889,0.054538,0.000000,0.000000,0.000000,0.000000,0.000000,0.000000,0.000000,0.000000,0.000000,0.000000,0.000000,0.000000,0,0
1789806843.228806,0,17.802018,20.561889,0.054538,0.000000,0.000000,0.000000,0.000000,0.000000,0.000000,0.000000,0.000000,0.000000,0.000000,0.000000,0.000000,0,0
1789806843.328750,0,17.802018,20.561889,0.054538,0.000000,0.000000,0.000000,0.000000,0.000000,0.000000,0.000000,0.000000,0.000000,0.000000,0.000000,0.000000,0,0
1789806843.429332,0,17.802018,20.561889,0.054538,0.000000,0.000000,0.000000,0.000000,0.000000,0.000000,0.000000,0.000000,0.000000,0.000000,0.000000,0.000000,0,0
1789806843.528765,0,17.802018,20.561889,0.054538,0.000000,0.000000,0.000000,0.000000,0.000000,0.000000,0.000000,0.000000,0.000000,0.000000,0.000000,0.000000,0,0
1789806843.628775,0,17.802018,20.561889,0.054538,0.000000,0.000000,0.000000,0.000000,0.000000,0.000000,0.000000,0.000000,0.000000,0.000000,0.000000,0.000000,0,0
1789806843.728824,0,17.802018,20.561889,0.054538,0.000000,0.000000,0.000000,0.000000,0.000000,0.000000,0.000000,0.000000,0.000000,0.000000,0.000000,0.000000,0,0
1789806843.829436,0,17.802018,20.561889,0.054538,0.000000,0.000000,0.000000,0.000000,0.000000,0.000000,0.000000,0.000000,0.000000,0.000000,0.000000,0.000000,0,0
1789806843.928829,0,17.802018,20.561889,0.054538,0.000000,0.000000,0.000000,0.000000,0.000000,0.000000,0.000000,0.000000,0.000000,0.000000,0.000000,0.000000,0,0
1789806844.028837,0,17.802018,20.561889,0.054538,0.000000,0.000000,0.000000,0.000000,0.000000,0.000000,0.000000,0.000000,0.000000,0.000000,0.000000,0.000000,0,0
1789806844.128885,0,17.802018,20.561889,0.054538,0.000000,0.000000,0.000000,0.000000,0.000000,0.000000,0.000000,0.000000,0.000000,0.000000,0.000000,0.000000,0,0
1789806844.228793,0,17.802018,20.561889,0.054538,0.000000,0.000000,0.000000,0.000000,0.000000,0.000000,0.000000,0.000000,0.000000,0.000000,0.000000,0.000000,0,0
1789806844.328838,0,17.802018,20.561889,0.054538,0.000000,0.000000,0.000000,0.000000,0.000000,0.000000,0.000000,0.000000,0.000000,0.000000,0.000000,0.000000,0,0
1789806844.428825,0,17.802018,20.561889,0.054538,0.000000,0.000000,0.000000,0.000000,0.000000,0.000000,0.000000,0.000000,0.000000,0.000000,0.000000,0.000000,0,0
1789806844.529119,0,17.802018,20.561889,0.054538,0.000000,0.000000,0.000000,0.000000,0.000000,0.000000,0.000000,0.000000,0.000000,0.000000,0.000000,0.000000,0,0
1789806844.628906,0,17.802018,20.561889,0.054538,0.000000,0.000000,0.000000,0.000000,0.000000,0.000000,0.000000,0.000000,0.000000,0.000000,0.000000,0.000000,0,0
1789806844.729145,0,17.802018,20.561889,0.054538,0.000000,0.000000,0.000000,0.000000,0.000000,0.000000,0.000000,0.000000,0.000000,0.000000,0.000000,0.000000,0,0
1789806844.828912,0,17.802018,20.561889,0.054538,0.000000,0.000000,0.000000,0.000000,0.000000,0.000000,0.000000,0.000000,0.000000,0.000000,0.000000,0.000000,0,0
1789806844.928871,0,17.802018,20.561889,0.054538,0.000000,0.000000,0.000000,0.000000,0.000000,0.000000,0.000000,0.000000,0.000000,0.000000,0.000000,0.000000,0,0
1789806845.028892,0,17.802018,20.561889,0.054538,0.000000,0.000000,0.000000,0.000000,0.000000,0.000000,0.000000,0.000000,0.000000,0.000000,0.000000,0.000000,0,0
1789806845.131577,0,17.802018,20.561889,0.054538,0.000000,0.000000,0.000000,0.000000,0.000000,0.000000,0.000000,0.000000,0.000000,0.000000,0.000000,0.000000,0,0
1789806845.228895,0,17.802018,20.561889,0.054538,0.000000,0.000000,0.000000,0.000000,0.000000,0.000000,0.000000,0.000000,0.000000,0.000000,0.000000,0.000000,0,0
1789806845.328943,0,17.802018,20.561889,0.054538,0.000000,0.000000,0.000000,0.000000,0.000000,0.000000,0.000000,0.000000,0.000000,0.000000,0.000000,0.000000,0,0
1789806845.428928,0,17.802018,20.561889,0.054538,0.000000,0.000000,0.000000,0.000000,0.000000,0.000000,0.000000,0.000000,0.000000,0.000000,0.000000,0.000000,0,0
1789806845.528865,0,17.802018,20.561889,0.054538,0.000000,0.000000,0.000000,0.000000,0.000000,0.000000,0.000000,0.000000,0.000000,0.000000,0.000000,0.000000,0,0
1789806845.628942,0,17.802018,20.561889,0.054538,0.000000,0.000000,0.000000,0.000000,0.000000,0.000000,0.000000,0.000000,0.000000,0.000000,0.000000,0.000000,0,0
1789806845.728948,0,17.802018,20.561889,0.054538,0.000000,0.000000,0.000000,0.000000,0.000000,0.000000,0.000000,0.000000,0.000000,0.000000,0.000000,0.000000,0,0
1789806845.829070,0,17.802018,20.561889,0.054538,0.000000,0.000000,0.000000,0.000000,0.000000,0.000000,0.000000,0.000000,0.000000,0.000000,0.000000,0.000000,0,0
1789806845.928953,0,17.802018,20.561889,0.054538,0.000000,0.000000,0.000000,0.000000,0.000000,0.000000,0.000000,0.000000,0.000000,0.000000,0.000000,0.000000,0,0
1789806846.029099,0,17.802018,20.561889,0.054538,0.000000,0.000000,0.000000,0.000000,0.000000,0.000000,0.000000,0.000000,0.000000,0.000000,0.000000,0.000000,0,0
1789806846.128980,0,17.802018,20.561889,0.054538,0.000000,0.000000,0.000000,0.000000,0.000000,0.000000,0.000000,0.000000,0.000000,0.000000,0.000000,0.000000,0,0
1789806846.229010,0,17.802018,20.561889,0.054538,0.000000,0.000000,0.000000,0.000000,0.000000,0.000000,0.000000,0.000000,0.000000,0.000000,0.000000,0.000000,0,0
1789806846.329053,0,17.802018,20.561889,0.054538,0.000000,0.000000,0.000000,0.000000,0.000000,0.000000,0.000000,0.000000,0.000000,0.000000,0.000000,0.000000,0,0
1789806846.429145,0,17.802018,20.561889,0.054538,0.000000,0.000000,0.000000,0.000000,0.000000,0.000000,0.000000,0.000000,0.000000,0.000000,0.000000,0.000000,0,0
1789806846.529002,0,17.802018,20.561889,0.054538,0.000000,0.000000,0.000000,0.000000,0.000000,0.000000,0.000000,0.000000,0.000000,0.000000,0.000000,0.000000,0,0
1789806846.629026,0,17.802018,20.561889,0.054538,0.000000,0.000000,0.000000,0.000000,0.000000,0.000000,0.000000,0.000000,0.000000,0.000000,0.000000,0.000000,0,0
1789806846.729384,0,17.802018,20.561889,0.054538,0.000000,0.000000,0.000000,0.000000,0.000000,0.000000,0.000000,0.000000,0.000000,0.000000,0.000000,0.000000,0,0
1789806846.829340,0,17.802018,20.561889,0.054538,0.000000,0.000000,0.000000,0.000000,0.000000,0.000000,0.000000,0.000000,0.000000,0.000000,0.000000,0.000000,0,0
1789806846.929066,0,17.802018,20.561889,0.054538,0.000000,0.000000,0.000000,0.000000,0.000000,0.000000,0.000000,0.000000,0.000000,0.000000,0.000000,0.000000,0,0
1789806847.029111,0,17.802018,20.561889,0.054538,0.000000,0.000000,0.000000,0.000000,0.000000,0.000000,0.000000,0.000000,0.000000,0.000000,0.000000,0.000000,0,0
1789806847.129080,0,17.802018,20.561889,0.054538,0.000000,0.000000,0.000000,0.000000,0.000000,0.000000,0.000000,0.000000,0.000000,0.000000,0.000000,0.000000,0,0
1789806847.229164,0,17.802018,20.561889,0.054538,0.000000,0.000000,0.000000,0.000000,0.000000,0.000000,0.000000,0.000000,0.000000,0.000000,0.000000,0.000000,0,0
1789806847.330333,0,17.802018,20.561889,0.054538,0.000000,0.000000,0.000000,0.000000,0.000000,0.000000,0.000000,0.000000,0.000000,0.000000,0.000000,0.000000,0,0
1789806847.429096,0,17.802018,20.561889,0.054538,0.000000,0.000000,0.000000,0.000000,0.000000,0.000000,0.000000,0.000000,0.000000,0.000000,0.000000,0.000000,0,0
1789806847.529092,0,17.802018,20.561889,0.054538,0.000000,0.000000,0.000000,0.000000,0.000000,0.000000,0.000000,0.000000,0.000000,0.000000,0.000000,0.000000,0,0
1789806847.629122,0,17.802018,20.561889,0.054538,0.000000,0.000000,0.000000,0.000000,0.000000,0.000000,0.000000,0.000000,0.000000,0.000000,0.000000,0.000000,0,0
1789806847.729107,0,17.802018,20.561889,0.054538,0.000000,0.000000,0.000000,0.000000,0.000000,0.000000,0.000000,0.000000,0.000000,0.000000,0.000000,0.000000,0,0
1789806847.830210,0,17.802018,20.561889,0.054538,0.000000,0.000000,0.000000,0.000000,0.000000,0.000000,0.000000,0.000000,0.000000,0.000000,0.000000,0.000000,0,0
1789806847.929139,0,17.802018,20.561889,0.054538,0.000000,0.000000,0.000000,0.000000,0.000000,0.000000,0.000000,0.000000,0.000000,0.000000,0.000000,0.000000,0,0
1789806848.029120,0,17.802018,20.561889,0.054538,0.000000,0.000000,0.000000,0.000000,0.000000,0.000000,0.000000,0.000000,0.000000,0.000000,0.000000,0.000000,0,0
1789806848.129148,0,17.802018,20.561889,0.054538,0.000000,0.000000,0.000000,0.000000,0.000000,0.000000,0.000000,0.000000,0.000000,0.000000,0.000000,0.000000,0,0
1789806848.229146,0,17.802018,20.561889,0.054538,0.000000,0.000000,0.000000,0.000000,0.000000,0.000000,0.000000,0.000000,0.000000,0.000000,0.000000,0.000000,0,0
1789806848.329176,0,17.802018,20.561889,0.054538,0.000000,0.000000,0.000000,0.000000,0.000000,0.000000,0.000000,0.000000,0.000000,0.000000,0.000000,0.000000,0,0
1789806848.433529,0,17.802018,20.561889,0.054538,0.000000,0.000000,0.000000,0.000000,0.000000,0.000000,0.000000,0.000000,0.000000,0.000000,0.000000,0.000000,0,0
1789806848.529271,0,17.802018,20.561889,0.054538,0.000000,0.000000,0.000000,0.000000,0.000000,0.000000,0.000000,0.000000,0.000000,0.000000,0.000000,0.000000,0,0
1789806848.629198,0,17.802018,20.561889,0.054538,0.000000,0.000000,0.000000,0.000000,0.000000,0.000000,0.000000,0.000000,0.000000,0.000000,0.000000,0.000000,0,0
1789806848.729174,0,17.802018,20.561889,0.054538,0.000000,0.000000,0.000000,0.000000,0.000000,0.000000,0.000000,0.000000,0.000000,0.000000,0.000000,0.000000,0,0
1789806848.831350,0,17.853117,20.281866,0.000325,0.000000,0.000000,0.000000,0.000000,0.000000,0.000000,0.000000,0.000000,0.000000,0.000000,0.000000,0.000000,0,0
1789806848.929231,0,17.895171,20.319561,-0.007718,0.000000,0.000000,0.000000,0.000000,0.000000,0.000000,0.000000,0.000000,0.000000,0.000000,0.000000,0.000000,0,0
1789806849.029223,0,17.895171,20.319561,-0.007718,0.000000,0.000000,0.000000,0.000000,0.000000,0.000000,0.000000,0.000000,0.000000,0.000000,0.000000,0.000000,0,0
1789806849.129267,0,17.895171,20.319561,-0.007718,0.000000,0.000000,0.000000,0.000000,0.000000,0.000000,0.000000,0.000000,0.000000,0.000000,0.000000,0.000000,0,0
1789806849.229243,0,17.895171,20.319561,-0.007718,0.000000,0.000000,0.000000,0.000000,0.000000,0.000000,0.000000,0.000000,0.000000,0.000000,0.000000,0.000000,0,0
1789806849.329215,0,17.895171,20.319561,-0.007718,0.000000,0.000000,0.000000,0.000000,0.000000,0.000000,0.000000,0.000000,0.000000,0.000000,0.000000,0.000000,0,0
1789806849.429224,0,17.895171,20.319561,-0.007718,0.000000,0.000000,0.000000,0.000000,0.000000,0.000000,0.000000,0.000000,0.000000,0.000000,0.000000,0.000000,0,0
1789806849.530077,0,17.895171,20.319561,-0.007718,0.000000,0.000000,0.000000,0.000000,0.000000,0.000000,0.000000,0.000000,0.000000,0.000000,0.000000,0.000000,0,0
1789806849.629276,0,17.895171,20.319561,-0.007718,0.000000,0.000000,0.000000,0.000000,0.000000,0.000000,0.000000,0.000000,0.000000,0.000000,0.000000,0.000000,0,0
1789806849.729426,0,17.895171,20.319561,-0.007718,0.000000,0.000000,0.000000,0.000000,0.000000,0.000000,0.000000,0.000000,0.000000,0.000000,0.000000,0.000000,0,0
1789806849.829267,0,17.895171,20.319561,-0.007718,0.000000,0.000000,0.000000,0.000000,0.000000,0.000000,0.000000,0.000000,0.000000,0.000000,0.000000,0.000000,0,0
1789806849.929268,0,17.895171,20.319561,-0.007718,0.000000,0.000000,0.000000,0.000000,0.000000,0.000000,0.000000,0.000000,0.000000,0.000000,0.000000,0.000000,0,0
1789806850.029266,0,17.895171,20.319561,-0.007718,0.000000,0.000000,0.000000,0.000000,0.000000,0.000000,0.000000,0.000000,0.000000,0.000000,0.000000,0.000000,0,0
1789806850.129286,0,17.895171,20.319561,-0.007718,0.000000,0.000000,0.000000,0.000000,0.000000,0.000000,0.000000,0.000000,0.000000,0.000000,0.000000,0.000000,0,0
1789806850.229315,0,17.895171,20.319561,-0.007718,0.000000,0.000000,0.000000,0.000000,0.000000,0.000000,0.000000,0.000000,0.000000,0.000000,0.000000,0.000000,0,0
1789806850.329326,0,17.895171,20.319561,-0.007718,0.000000,0.000000,0.000000,0.000000,0.000000,0.000000,0.000000,0.000000,0.000000,0.000000,0.000000,0.000000,0,0
1789806850.429309,0,17.895171,20.319561,-0.007718,0.000000,0.000000,0.000000,0.000000,0.000000,0.000000,0.000000,0.000000,0.000000,0.000000,0.000000,0.000000,0,0
1789806850.529320,0,17.895171,20.319561,-0.007718,0.000000,0.000000,0.000000,0.000000,0.000000,0.000000,0.000000,0.000000,0.000000,0.000000,0.000000,0.000000,0,0
1789806850.629406,0,17.895171,20.319561,-0.007718,0.000000,0.000000,0.000000,0.000000,0.000000,0.000000,0.000000,0.000000,0.000000,0.000000,0.000000,0.000000,0,0
1789806850.729352,0,17.895171,20.319561,-0.007718,0.000000,0.000000,0.000000,0.000000,0.000000,0.000000,0.000000,0.000000,0.000000,0.000000,0.000000,0.000000,0,0
1789806850.829314,0,17.895171,20.319561,-0.007718,0.000000,0.000000,0.000000,0.000000,0.000000,0.000000,0.000000,0.000000,0.000000,0.000000,0.000000,0.000000,0,0
1789806850.929632,0,17.895171,20.319561,-0.007718,0.000000,0.000000,0.000000,0.000000,0.000000,0.000000,0.000000,0.000000,0.000000,0.000000,0.000000,0.000000,0,0
1789806851.029359,0,17.895171,20.319561,-0.007718,0.000000,0.000000,0.000000,0.000000,0.000000,0.000000,0.000000,0.000000,0.000000,0.000000,0.000000,0.000000,0,0
1789806851.130046,0,17.895171,20.319561,-0.007718,0.000000,0.000000,0.000000,0.000000,0.000000,0.000000,0.000000,0.000000,0.000000,0.000000,0.000000,0.000000,0,0
1789806851.229465,0,17.895171,20.319561,-0.007718,0.000000,0.000000,0.000000,0.000000,0.000000,0.000000,0.000000,0.000000,0.000000,0.000000,0.000000,0.000000,0,0
1789806851.329397,0,17.895171,20.319561,-0.007718,0.000000,0.000000,0.000000,0.000000,0.000000,0.000000,0.000000,0.000000,0.000000,0.000000,0.000000,0.000000,0,0
1789806851.429395,0,17.895171,20.319561,-0.007718,0.000000,0.000000,0.000000,0.000000,0.000000,0.000000,0.000000,0.000000,0.000000,0.000000,0.000000,0.000000,0,0
1789806851.529404,0,17.895171,20.319561,-0.007718,0.000000,0.000000,0.000000,0.000000,0.000000,0.000000,0.000000,0.000000,0.000000,0.000000,0.000000,0.000000,0,0
1789806851.629433,0,17.895171,20.319561,-0.007718,0.000000,0.000000,0.000000,0.000000,0.000000,0.000000,0.000000,0.000000,0.000000,0.000000,0.000000,0.000000,0,0
1789806851.729429,0,17.895171,20.319561,-0.007718,0.000000,0.000000,0.000000,0.000000,0.000000,0.000000,0.000000,0.000000,0.000000,0.000000,0.000000,0.000000,0,0
1789806851.829416,0,17.895171,20.319561,-0.007718,0.000000,0.000000,0.000000,0.000000,0.000000,0.000000,0.000000,0.000000,0.000000,0.000000,0.000000,0.000000,0,0
1789806851.929410,0,17.895171,20.319561,-0.007718,0.000000,0.000000,0.000000,0.000000,0.000000,0.000000,0.000000,0.000000,0.000000,0.000000,0.000000,0.000000,0,0
1789806852.029464,0,17.895171,20.319561,-0.007718,0.000000,0.000000,0.000000,0.000000,0.000000,0.000000,0.000000,0.000000,0.000000,0.000000,0.000000,0.000000,0,0
1789806852.129427,0,17.895171,20.319561,-0.007718,0.000000,0.000000,0.000000,0.000000,0.000000,0.000000,0.000000,0.000000,0.000000,0.000000,0.000000,0.000000,0,0
1789806852.229443,0,17.895171,20.319561,-0.007718,0.000000,0.000000,0.000000,0.000000,0.000000,0.000000,0.000000,0.000000,0.000000,0.000000,0.000000,0.000000,0,0
1789806852.329490,0,17.895171,20.319561,-0.007718,0.000000,0.000000,0.000000,0.000000,0.000000,0.000000,0.000000,0.000000,0.000000,0.000000,0.000000,0.000000,0,0
1789806852.429500,0,17.895171,20.319561,-0.007718,0.000000,0.000000,0.000000,0.000000,0.000000,0.000000,0.000000,0.000000,0.000000,0.000000,0.000000,0.000000,0,0
1789806852.529485,0,17.895171,20.319561,-0.007718,0.000000,0.000000,0.000000,0.000000,0.000000,0.000000,0.000000,0.000000,0.000000,0.000000,0.000000,0.000000,0,0
1789806852.629460,0,17.895171,20.319561,-0.007718,0.000000,0.000000,0.000000,0.000000,0.000000,0.000000,0.000000,0.000000,0.000000,0.000000,0.000000,0.000000,0,0
1789806852.731755,0,17.895171,20.319561,-0.007718,0.000000,0.000000,0.000000,0.000000,0.000000,0.000000,0.000000,0.000000,0.000000,0.000000,0.000000,0.000000,0,0
1789806852.829526,0,17.895171,20.319561,-0.007718,0.000000,0.000000,0.000000,0.000000,0.000000,0.000000,0.000000,0.000000,0.000000,0.000000,0.000000,0.000000,0,0
1789806852.929540,0,17.895171,20.319561,-0.007718,0.000000,0.000000,0.000000,0.000000,0.000000,0.000000,0.000000,0.000000,0.000000,0.000000,0.000000,0.000000,0,0
1789806853.029521,0,17.895171,20.319561,-0.007718,0.000000,0.000000,0.000000,0.000000,0.000000,0.000000,0.000000,0.000000,0.000000,0.000000,0.000000,0.000000,0,0
1789806853.129522,0,17.895171,20.319561,-0.007718,0.000000,0.000000,0.000000,0.000000,0.000000,0.000000,0.000000,0.000000,0.000000,0.000000,0.000000,0.000000,0,0
1789806853.229729,0,17.895171,20.319561,-0.007718,0.000000,0.000000,0.000000,0.000000,0.000000,0.000000,0.000000,0.000000,0.000000,0.000000,0.000000,0.000000,0,0
1789806853.331233,0,17.961868,20.551908,0.035373,0.000000,0.000000,0.000000,0.000000,0.000000,0.000000,0.000000,0.000000,0.000000,0.000000,0.000000,0.000000,0,0
1789806853.429580,0,17.995278,20.602377,0.020477,0.000000,0.000000,0.000000,0.000000,0.000000,0.000000,0.000000,0.000000,0.000000,0.000000,0.000000,0.000000,0,0
1789806853.529591,0,17.995278,20.602377,0.020477,0.000000,0.000000,0.000000,0.000000,0.000000,0.000000,0.000000,0.000000,0.000000,0.000000,0.000000,0.000000,0,0
1789806853.629549,0,17.995278,20.602377,0.020477,0.000000,0.000000,0.000000,0.000000,0.000000,0.000000,0.000000,0.000000,0.000000,0.000000,0.000000,0.000000,0,0
1789806853.729559,0,17.995278,20.602377,0.020477,0.000000,0.000000,0.000000,0.000000,0.000000,0.000000,0.000000,0.000000,0.000000,0.000000,0.000000,0.000000,0,0
1789806853.829584,0,17.995278,20.602377,0.020477,0.000000,0.000000,0.000000,0.000000,0.000000,0.000000,0.000000,0.000000,0.000000,0.000000,0.000000,0.000000,0,0
1789806853.929650,0,17.995278,20.602377,0.020477,0.000000,0.000000,0.000000,0.000000,0.000000,0.000000,0.000000,0.000000,0.000000,0.000000,0.000000,0.000000,0,0
1789806854.029583,0,17.995278,20.602377,0.020477,0.000000,0.000000,0.000000,0.000000,0.000000,0.000000,0.000000,0.000000,0.000000,0.000000,0.000000,0.000000,0,0
1789806854.129635,0,17.995278,20.602377,0.020477,0.000000,0.000000,0.000000,0.000000,0.000000,0.000000,0.000000,0.000000,0.000000,0.000000,0.000000,0.000000,0,0
1789806854.229615,0,17.995278,20.602377,0.020477,0.000000,0.000000,0.000000,0.000000,0.000000,0.000000,0.000000,0.000000,0.000000,0.000000,0.000000,0.000000,0,0
1789806854.329633,0,17.995278,20.602377,0.020477,0.000000,0.000000,0.000000,0.000000,0.000000,0.000000,0.000000,0.000000,0.000000,0.000000,0.000000,0.000000,0,0
1789806854.430409,0,17.995278,20.602377,0.020477,0.000000,0.000000,0.000000,0.000000,0.000000,0.000000,0.000000,0.000000,0.000000,0.000000,0.000000,0.000000,0,0
1789806854.529646,0,17.995278,20.602377,0.020477,0.000000,0.000000,0.000000,0.000000,0.000000,0.000000,0.000000,0.000000,0.000000,0.000000,0.000000,0.000000,0,0
1789806854.629644,0,17.995278,20.602377,0.020477,0.000000,0.000000,0.000000,0.000000,0.000000,0.000000,0.000000,0.000000,0.000000,0.000000,0.000000,0.000000,0,0
1789806854.729661,0,17.995278,20.602377,0.020477,0.000000,0.000000,0.000000,0.000000,0.000000,0.000000,0.000000,0.000000,0.000000,0.000000,0.000000,0.000000,0,0
1789806854.829692,0,17.995278,20.602377,0.020477,0.000000,0.000000,0.000000,0.000000,0.000000,0.000000,0.000000,0.000000,0.000000,0.000000,0.000000,0.000000,0,0
1789806854.929711,0,17.995278,20.602377,0.020477,0.000000,0.000000,0.000000,0.000000,0.000000,0.000000,0.000000,0.000000,0.000000,0.000000,0.000000,0.000000,0,0
1789806855.029675,0,17.995278,20.602377,0.020477,0.000000,0.000000,0.000000,0.000000,0.000000,0.000000,0.000000,0.000000,0.000000,0.000000,0.000000,0.000000,0,0
1789806855.129657,0,17.995278,20.602377,0.020477,0.000000,0.000000,0.000000,0.000000,0.000000,0.000000,0.000000,0.000000,0.000000,0.000000,0.000000,0.000000,0,0
1789806855.229687,0,17.995278,20.602377,0.020477,0.000000,0.000000,0.000000,0.000000,0.000000,0.000000,0.000000,0.000000,0.000000,0.000000,0.000000,0.000000,0,0
1789806855.329724,0,17.995278,20.602377,0.020477,0.000000,0.000000,0.000000,0.000000,0.000000,0.000000,0.000000,0.000000,0.000000,0.000000,0.000000,0.000000,0,0
1789806855.429814,0,17.995278,20.602377,0.020477,0.000000,0.000000,0.000000,0.000000,0.000000,0.000000,0.000000,0.000000,0.000000,0.000000,0.000000,0.000000,0,0
1789806855.529766,0,17.995278,20.602377,0.020477,0.000000,0.000000,0.000000,0.000000,0.000000,0.000000,0.000000,0.000000,0.000000,0.000000,0.000000,0.000000,0,0
1789806855.629792,0,17.995278,20.602377,0.020477,0.000000,0.000000,0.000000,0.000000,0.000000,0.000000,0.000000,0.000000,0.000000,0.000000,0.000000,0.000000,0,0
1789806855.729711,0,17.995278,20.602377,0.020477,0.000000,0.000000,0.000000,0.000000,0.000000,0.000000,0.000000,0.000000,0.000000,0.000000,0.000000,0.000000,0,0
1789806855.829761,0,17.995278,20.602377,0.020477,0.000000,0.000000,0.000000,0.000000,0.000000,0.000000,0.000000,0.000000,0.000000,0.000000,0.000000,0.000000,0,0
1789806855.929745,0,17.995278,20.602377,0.020477,0.000000,0.000000,0.000000,0.000000,0.000000,0.000000,0.000000,0.000000,0.000000,0.000000,0.000000,0.000000,0,0
1789806856.030055,0,17.995278,20.602377,0.020477,0.000000,0.000000,0.000000,0.000000,0.000000,0.000000,0.000000,0.000000,0.000000,0.000000,0.000000,0.000000,0,0
1789806856.129765,0,17.995278,20.602377,0.020477,0.000000,0.000000,0.000000,0.000000,0.000000,0.000000,0.000000,0.000000,0.000000,0.000000,0.000000,0.000000,0,0
1789806856.229782,0,17.995278,20.602377,0.020477,0.000000,0.000000,0.000000,0.000000,0.000000,0.000000,0.000000,0.000000,0.000000,0.000000,0.000000,0.000000,0,0
1789806856.329779,0,17.995278,20.602377,0.020477,0.000000,0.000000,0.000000,0.000000,0.000000,0.000000,0.000000,0.000000,0.000000,0.000000,0.000000,0.000000,0,0
1789806856.430320,0,17.995278,20.602377,0.020477,0.000000,0.000000,0.000000,0.000000,0.000000,0.000000,0.000000,0.000000,0.000000,0.000000,0.000000,0.000000,0,0
1789806856.529834,0,17.995278,20.602377,0.020477,0.000000,0.000000,0.000000,0.000000,0.000000,0.000000,0.000000,0.000000,0.000000,0.000000,0.000000,0.000000,0,0
1789806856.630278,0,17.995278,20.602377,0.020477,0.000000,0.000000,0.000000,0.000000,0.000000,0.000000,0.000000,0.000000,0.000000,0.000000,0.000000,0.000000,0,0
1789806856.730120,0,17.995278,20.602377,0.020477,0.000000,0.000000,0.000000,0.000000,0.000000,0.000000,0.000000,0.000000,0.000000,0.000000,0.000000,0.000000,0,0
1789806856.829805,0,17.995278,20.602377,0.020477,0.000000,0.000000,0.000000,0.000000,0.000000,0.000000,0.000000,0.000000,0.000000,0.000000,0.000000,0.000000,0,0
1789806856.929816,0,17.995278,20.602377,0.020477,0.000000,0.000000,0.000000,0.000000,0.000000,0.000000,0.000000,0.000000,0.000000,0.000000,0.000000,0.000000,0,0
1789806857.030226,0,17.995278,20.602377,0.020477,0.000000,0.000000,0.000000,0.000000,0.000000,0.000000,0.000000,0.000000,0.000000,0.000000,0.000000,0.000000,0,0
1789806857.130337,0,17.995278,20.602377,0.020477,0.000000,0.000000,0.000000,0.000000,0.000000,0.000000,0.000000,0.000000,0.000000,0.000000,0.000000,0.000000,0,0
1789806857.229958,0,17.995278,20.602377,0.020477,0.000000,0.000000,0.000000,0.000000,0.000000,0.000000,0.000000,0.000000,0.000000,0.000000,0.000000,0.000000,0,0
1789806857.330069,0,17.995278,20.602377,0.020477,0.000000,0.000000,0.000000,0.000000,0.000000,0.000000,0.000000,0.000000,0.000000,0.000000,0.000000,0.000000,0,0
1789806857.430104,0,17.995278,20.602377,0.020477,0.000000,0.000000,0.000000,0.000000,0.000000,0.000000,0.000000,0.000000,0.000000,0.000000,0.000000,0.000000,0,0
1789806857.530550,0,17.995278,20.602377,0.020477,0.000000,0.000000,0.000000,0.000000,0.000000,0.000000,0.000000,0.000000,0.000000,0.000000,0.000000,0.000000,0,0
1789806857.629867,0,17.995278,20.602377,0.020477,0.000000,0.000000,0.000000,0.000000,0.000000,0.000000,0.000000,0.000000,0.000000,0.000000,0.000000,0.000000,0,0
1789806857.729911,0,17.995278,20.602377,0.020477,0.000000,0.000000,0.000000,0.000000,0.000000,0.000000,0.000000,0.000000,0.000000,0.000000,0.000000,0.000000,0,0
1789806857.829885,0,17.995278,20.602377,0.020477,0.000000,0.000000,0.000000,0.000000,0.000000,0.000000,0.000000,0.000000,0.000000,0.000000,0.000000,0.000000,0,0
1789806857.930262,0,17.995278,20.602377,0.020477,0.000000,0.000000,0.000000,0.000000,0.000000,0.000000,0.000000,0.000000,0.000000,0.000000,0.000000,0.000000,0,0
1789806858.030966,0,17.995278,20.602377,0.020477,0.000000,0.000000,0.000000,0.000000,0.000000,0.000000,0.000000,0.000000,0.000000,0.000000,0.000000,0.000000,0,0
1789806858.129868,0,17.995278,20.602377,0.020477,0.000000,0.000000,0.000000,0.000000,0.000000,0.000000,0.000000,0.000000,0.000000,0.000000,0.000000,0.000000,0,0
1789806858.229907,0,17.995278,20.602377,0.020477,0.000000,0.000000,0.000000,0.000000,0.000000,0.000000,0.000000,0.000000,0.000000,0.000000,0.000000,0.000000,0,0
1789806858.329926,0,17.901766,20.869168,0.012042,0.000000,0.000000,0.000000,0.000000,0.000000,0.000000,0.000000,0.000000,0.000000,0.000000,0.000000,0.000000,0,0
1789806858.429927,0,17.901766,20.869168,0.012042,0.000000,0.000000,0.000000,0.000000,0.000000,0.000000,0.000000,0.000000,0.000000,0.000000,0.000000,0.000000,0,0
1789806858.530065,0,17.901766,20.869168,0.012042,0.000000,0.000000,0.000000,0.000000,0.000000,0.000000,0.000000,0.000000,0.000000,0.000000,0.000000,0.000000,0,0
1789806858.629977,0,17.901766,20.869168,0.012042,0.000000,0.000000,0.000000,0.000000,0.000000,0.000000,0.000000,0.000000,0.000000,0.000000,0.000000,0.000000,0,0
1789806858.729931,0,17.901766,20.869168,0.012042,0.000000,0.000000,0.000000,0.000000,0.000000,0.000000,0.000000,0.000000,0.000000,0.000000,0.000000,0.000000,0,0
1789806858.830082,0,17.901766,20.869168,0.012042,0.000000,0.000000,0.000000,0.000000,0.000000,0.000000,0.000000,0.000000,0.000000,0.000000,0.000000,0.000000,0,0
1789806858.930040,0,17.901766,20.869168,0.012042,0.000000,0.000000,0.000000,0.000000,0.000000,0.000000,0.000000,0.000000,0.000000,0.000000,0.000000,0.000000,0,0
1789806859.029956,0,17.901766,20.869168,0.012042,0.000000,0.000000,0.000000,0.000000,0.000000,0.000000,0.000000,0.000000,0.000000,0.000000,0.000000,0.000000,0,0
1789806859.130055,0,17.901766,20.869168,0.012042,0.000000,0.000000,0.000000,0.000000,0.000000,0.000000,0.000000,0.000000,0.000000,0.000000,0.000000,0.000000,0,0
1789806859.231994,0,17.901766,20.869168,0.012042,0.000000,0.000000,0.000000,0.000000,0.000000,0.000000,0.000000,0.000000,0.000000,0.000000,0.000000,0.000000,0,0
1789806859.330084,0,17.901766,20.869168,0.012042,0.000000,0.000000,0.000000,0.000000,0.000000,0.000000,0.000000,0.000000,0.000000,0.000000,0.000000,0.000000,0,0
1789806859.430073,0,17.901766,20.869168,0.012042,0.000000,0.000000,0.000000,0.000000,0.000000,0.000000,0.000000,0.000000,0.000000,0.000000,0.000000,0.000000,0,0
1789806859.530039,0,17.901766,20.869168,0.012042,0.000000,0.000000,0.000000,0.000000,0.000000,0.000000,0.000000,0.000000,0.000000,0.000000,0.000000,0.000000,0,0
1789806859.630304,0,17.901766,20.869168,0.012042,0.000000,0.000000,0.000000,0.000000,0.000000,0.000000,0.000000,0.000000,0.000000,0.000000,0.000000,0.000000,0,0
1789806859.730033,0,17.901766,20.869168,0.012042,0.000000,0.000000,0.000000,0.000000,0.000000,0.000000,0.000000,0.000000,0.000000,0.000000,0.000000,0.000000,0,0
1789806859.830366,0,17.901766,20.869168,0.012042,0.000000,0.000000,0.000000,0.000000,0.000000,0.000000,0.000000,0.000000,0.000000,0.000000,0.000000,0.000000,0,0
1789806859.930247,0,17.901766,20.869168,0.012042,0.000000,0.000000,0.000000,0.000000,0.000000,0.000000,0.000000,0.000000,0.000000,0.000000,0.000000,0.000000,0,0
1789806860.030498,0,17.901766,20.869168,0.012042,0.000000,0.000000,0.000000,0.000000,0.000000,0.000000,0.000000,0.000000,0.000000,0.000000,0.000000,0.000000,0,0
1789806860.130831,0,17.901766,20.869168,0.012042,0.000000,0.000000,0.000000,0.000000,0.000000,0.000000,0.000000,0.000000,0.000000,0.000000,0.000000,0.000000,0,0
1789806860.230122,0,17.901766,20.869168,0.012042,0.000000,0.000000,0.000000,0.000000,0.000000,0.000000,0.000000,0.000000,0.000000,0.000000,0.000000,0.000000,0,0
1789806860.330120,0,17.901766,20.869168,0.012042,0.000000,0.000000,0.000000,0.000000,0.000000,0.000000,0.000000,0.000000,0.000000,0.000000,0.000000,0.000000,0,0
1789806860.430247,0,17.901766,20.869168,0.012042,0.000000,0.000000,0.000000,0.000000,0.000000,0.000000,0.000000,0.000000,0.000000,0.000000,0.000000,0.000000,0,0
1789806860.530326,0,17.901766,20.869168,0.012042,0.000000,0.000000,0.000000,0.000000,0.000000,0.000000,0.000000,0.000000,0.000000,0.000000,0.000000,0.000000,0,0
1789806860.630314,0,17.901766,20.869168,0.012042,0.000000,0.000000,0.000000,0.000000,0.000000,0.000000,0.000000,0.000000,0.000000,0.000000,0.000000,0.000000,0,0
1789806860.730290,0,17.901766,20.869168,0.012042,0.000000,0.000000,0.000000,0.000000,0.000000,0.000000,0.000000,0.000000,0.000000,0.000000,0.000000,0.000000,0,0
1789806860.830285,0,17.901766,20.869168,0.012042,0.000000,0.000000,0.000000,0.000000,0.000000,0.000000,0.000000,0.000000,0.000000,0.000000,0.000000,0.000000,0,0
1789806860.932467,0,17.901766,20.869168,0.012042,0.000000,0.000000,0.000000,0.000000,0.000000,0.000000,0.000000,0.000000,0.000000,0.000000,0.000000,0.000000,0,0
1789806861.030363,0,17.901766,20.869168,0.012042,0.000000,0.000000,0.000000,0.000000,0.000000,0.000000,0.000000,0.000000,0.000000,0.000000,0.000000,0.000000,0,0
1789806861.130223,0,17.901766,20.869168,0.012042,0.000000,0.000000,0.000000,0.000000,0.000000,0.000000,0.000000,0.000000,0.000000,0.000000,0.000000,0.000000,0,0
1789806861.230265,0,17.901766,20.869168,0.012042,0.000000,0.000000,0.000000,0.000000,0.000000,0.000000,0.000000,0.000000,0.000000,0.000000,0.000000,0.000000,0,0
1789806861.330910,0,17.901766,20.869168,0.012042,0.000000,0.000000,0.000000,0.000000,0.000000,0.000000,0.000000,0.000000,0.000000,0.000000,0.000000,0.000000,0,0
1789806861.430188,0,17.901766,20.869168,0.012042,0.000000,0.000000,0.000000,0.000000,0.000000,0.000000,0.000000,0.000000,0.000000,0.000000,0.000000,0.000000,0,0
1789806861.530239,0,17.901766,20.869168,0.012042,0.000000,0.000000,0.000000,0.000000,0.000000,0.000000,0.000000,0.000000,0.000000,0.000000,0.000000,0.000000,0,0
1789806861.630238,0,17.901766,20.869168,0.012042,0.000000,0.000000,0.000000,0.000000,0.000000,0.000000,0.000000,0.000000,0.000000,0.000000,0.000000,0.000000,0,0
1789806861.730198,0,17.901766,20.869168,0.012042,0.000000,0.000000,0.000000,0.000000,0.000000,0.000000,0.000000,0.000000,0.000000,0.000000,0.000000,0.000000,0,0
1789806861.830193,0,17.901766,20.869168,0.012042,0.000000,0.000000,0.000000,0.000000,0.000000,0.000000,0.000000,0.000000,0.000000,0.000000,0.000000,0.000000,0,0
1789806861.930221,0,17.901766,20.869168,0.012042,0.000000,0.000000,0.000000,0.000000,0.000000,0.000000,0.000000,0.000000,0.000000,0.000000,0.000000,0.000000,0,0
1789806862.030256,0,17.901766,20.869168,0.012042,0.000000,0.000000,0.000000,0.000000,0.000000,0.000000,0.000000,0.000000,0.000000,0.000000,0.000000,0.000000,0,0
1789806862.130224,0,17.901766,20.869168,0.012042,0.000000,0.000000,0.000000,0.000000,0.000000,0.000000,0.000000,0.000000,0.000000,0.000000,0.000000,0.000000,0,0
1789806862.230704,0,17.901766,20.869168,0.012042,0.000000,0.000000,0.000000,0.000000,0.000000,0.000000,0.000000,0.000000,0.000000,0.000000,0.000000,0.000000,0,0
1789806862.330278,0,17.901766,20.869168,0.012042,0.000000,0.000000,0.000000,0.000000,0.000000,0.000000,0.000000,0.000000,0.000000,0.000000,0.000000,0.000000,0,0
1789806862.430274,0,17.901766,20.869168,0.012042,0.000000,0.000000,0.000000,0.000000,0.000000,0.000000,0.000000,0.000000,0.000000,0.000000,0.000000,0.000000,0,0
1789806862.530230,0,17.901766,20.869168,0.012042,0.000000,0.000000,0.000000,0.000000,0.000000,0.000000,0.000000,0.000000,0.000000,0.000000,0.000000,0.000000,0,0
1789806862.630260,0,17.901766,20.869168,0.012042,0.000000,0.000000,0.000000,0.000000,0.000000,0.000000,0.000000,0.000000,0.000000,0.000000,0.000000,0.000000,0,0
1789806862.730299,0,17.901766,20.869168,0.012042,0.000000,0.000000,0.000000,0.000000,0.000000,0.000000,0.000000,0.000000,0.000000,0.000000,0.000000,0.000000,0,0
1789806862.830306,0,17.901766,20.869168,0.012042,0.000000,0.000000,0.000000,0.000000,0.000000,0.000000,0.000000,0.000000,0.000000,0.000000,0.000000,0.000000,0,0
1789806862.930266,0,17.901766,20.869168,0.012042,0.000000,0.000000,0.000000,0.000000,0.000000,0.000000,0.000000,0.000000,0.000000,0.000000,0.000000,0.000000,0,0
1789806863.030322,0,17.901766,20.869168,0.012042,0.000000,0.000000,0.000000,0.000000,0.000000,0.000000,0.000000,0.000000,0.000000,0.000000,0.000000,0.000000,0,0
1789806863.130334,0,17.901766,20.869168,0.012042,0.000000,0.000000,0.000000,0.000000,0.000000,0.000000,0.000000,0.000000,0.000000,0.000000,0.000000,0.000000,0,0
1789806863.230310,0,17.901766,20.869168,0.012042,0.000000,0.000000,0.000000,0.000000,0.000000,0.000000,0.000000,0.000000,0.000000,0.000000,0.000000,0.000000,0,0
1789806863.330357,0,17.901766,20.869168,0.012042,0.000000,0.000000,0.000000,0.000000,0.000000,0.000000,0.000000,0.000000,0.000000,0.000000,0.000000,0.000000,0,0
1789806863.430343,0,17.901766,20.869168,0.012042,0.000000,0.000000,0.000000,0.000000,0.000000,0.000000,0.000000,0.000000,0.000000,0.000000,0.000000,0.000000,0,0
1789806863.530359,0,17.901766,20.869168,0.012042,0.000000,0.000000,0.000000,0.000000,0.000000,0.000000,0.000000,0.000000,0.000000,0.000000,0.000000,0.000000,0,0
1789806863.630340,0,17.901766,20.869168,0.012042,0.000000,0.000000,0.000000,0.000000,0.000000,0.000000,0.000000,0.000000,0.000000,0.000000,0.000000,0.000000,0,0
1789806863.730398,0,17.901766,20.869168,0.012042,0.000000,0.000000,0.000000,0.000000,0.000000,0.000000,0.000000,0.000000,0.000000,0.000000,0.000000,0.000000,0,0
1789806863.830340,0,17.901766,20.869168,0.012042,0.000000,0.000000,0.000000,0.000000,0.000000,0.000000,0.000000,0.000000,0.000000,0.000000,0.000000,0.000000,0,0
1789806863.930355,0,17.901766,20.869168,0.012042,0.000000,0.000000,0.000000,0.000000,0.000000,0.000000,0.000000,0.000000,0.000000,0.000000,0.000000,0.000000,0,0
1789806864.030355,0,17.901766,20.869168,0.012042,0.000000,0.000000,0.000000,0.000000,0.000000,0.000000,0.000000,0.000000,0.000000,0.000000,0.000000,0.000000,0,0
1789806864.134059,0,17.901766,20.869168,0.012042,0.000000,0.000000,0.000000,0.000000,0.000000,0.000000,0.000000,0.000000,0.000000,0.000000,0.000000,0.000000,0,0
1789806864.230695,0,17.901766,20.869168,0.012042,0.000000,0.000000,0.000000,0.000000,0.000000,0.000000,0.000000,0.000000,0.000000,0.000000,0.000000,0.000000,0,0
1789806864.330425,0,17.901766,20.869168,0.012042,0.000000,0.000000,0.000000,0.000000,0.000000,0.000000,0.000000,0.000000,0.000000,0.000000,0.000000,0.000000,0,0
1789806864.434218,0,17.901766,20.869168,0.012042,0.000000,0.000000,0.000000,0.000000,0.000000,0.000000,0.000000,0.000000,0.000000,0.000000,0.000000,0.000000,0,0
1789806864.530460,0,17.901766,20.869168,0.012042,0.000000,0.000000,0.000000,0.000000,0.000000,0.000000,0.000000,0.000000,0.000000,0.000000,0.000000,0.000000,0,0
1789806864.630452,0,17.901766,20.869168,0.012042,0.000000,0.000000,0.000000,0.000000,0.000000,0.000000,0.000000,0.000000,0.000000,0.000000,0.000000,0.000000,0,0
1789806864.730428,0,17.901766,20.869168,0.012042,0.000000,0.000000,0.000000,0.000000,0.000000,0.000000,0.000000,0.000000,0.000000,0.000000,0.000000,0.000000,0,0
1789806864.830680,0,17.901766,20.869168,0.012042,0.000000,0.000000,0.000000,0.000000,0.000000,0.000000,0.000000,0.000000,0.000000,0.000000,0.000000,0.000000,0,0
1789806864.930807,0,17.901766,20.869168,0.012042,0.000000,0.000000,0.000000,0.000000,0.000000,0.000000,0.000000,0.000000,0.000000,0.000000,0.000000,0.000000,0,0
1789806865.030544,0,17.901766,20.869168,0.012042,0.000000,0.000000,0.000000,0.000000,0.000000,0.000000,0.000000,0.000000,0.000000,0.000000,0.000000,0.000000,0,0
1789806865.130487,0,17.901766,20.869168,0.012042,0.000000,0.000000,0.000000,0.000000,0.000000,0.000000,0.000000,0.000000,0.000000,0.000000,0.000000,0.000000,0,0
1789806865.230532,0,17.903158,20.873703,-0.022287,0.000000,0.000000,0.000000,0.000000,0.000000,0.000000,0.000000,0.000000,0.000000,0.000000,0.000000,0.000000,0,0
1789806865.333738,0,17.903158,20.873703,-0.022287,0.000000,0.000000,0.000000,0.000000,0.000000,0.000000,0.000000,0.000000,0.000000,0.000000,0.000000,0.000000,0,0
1789806865.430852,0,17.947810,20.832815,-0.009560,0.000000,0.000000,0.000000,0.000000,0.000000,0.000000,0.000000,0.000000,0.000000,0.000000,0.000000,0.000000,0,0
1789806865.530496,0,17.947810,20.832815,-0.009560,0.000000,0.000000,0.000000,0.000000,0.000000,0.000000,0.000000,0.000000,0.000000,0.000000,0.000000,0.000000,0,0
1789806865.630488,0,17.947810,20.832815,-0.009560,0.000000,0.000000,0.000000,0.000000,0.000000,0.000000,0.000000,0.000000,0.000000,0.000000,0.000000,0.000000,0,0
1789806865.730551,0,17.947810,20.832815,-0.009560,0.000000,0.000000,0.000000,0.000000,0.000000,0.000000,0.000000,0.000000,0.000000,0.000000,0.000000,0.000000,0,0
1789806865.830521,0,17.947810,20.832815,-0.009560,0.000000,0.000000,0.000000,0.000000,0.000000,0.000000,0.000000,0.000000,0.000000,0.000000,0.000000,0.000000,0,0
1789806865.930521,0,17.947810,20.832815,-0.009560,0.000000,0.000000,0.000000,0.000000,0.000000,0.000000,0.000000,0.000000,0.000000,0.000000,0.000000,0.000000,0,0
1789806866.030503,0,17.947810,20.832815,-0.009560,0.000000,0.000000,0.000000,0.000000,0.000000,0.000000,0.000000,0.000000,0.000000,0.000000,0.000000,0.000000,0,0
1789806866.130517,0,17.947810,20.832815,-0.009560,0.000000,0.000000,0.000000,0.000000,0.000000,0.000000,0.000000,0.000000,0.000000,0.000000,0.000000,0.000000,0,0
1789806866.230598,0,17.947810,20.832815,-0.009560,0.000000,0.000000,0.000000,0.000000,0.000000,0.000000,0.000000,0.000000,0.000000,0.000000,0.000000,0.000000,0,0
1789806866.330584,0,17.947810,20.832815,-0.009560,0.000000,0.000000,0.000000,0.000000,0.000000,0.000000,0.000000,0.000000,0.000000,0.000000,0.000000,0.000000,0,0
1789806866.430713,0,17.947810,20.832815,-0.009560,0.000000,0.000000,0.000000,0.000000,0.000000,0.000000,0.000000,0.000000,0.000000,0.000000,0.000000,0.000000,0,0
1789806866.530745,0,17.947810,20.832815,-0.009560,0.000000,0.000000,0.000000,0.000000,0.000000,0.000000,0.000000,0.000000,0.000000,0.000000,0.000000,0.000000,0,0
1789806866.630555,0,17.947810,20.832815,-0.009560,0.000000,0.000000,0.000000,0.000000,0.000000,0.000000,0.000000,0.000000,0.000000,0.000000,0.000000,0.000000,0,0
1789806866.730555,0,17.947810,20.832815,-0.009560,0.000000,0.000000,0.000000,0.000000,0.000000,0.000000,0.000000,0.000000,0.000000,0.000000,0.000000,0.000000,0,0
1789806866.830587,0,17.947810,20.832815,-0.009560,0.000000,0.000000,0.000000,0.000000,0.000000,0.000000,0.000000,0.000000,0.000000,0.000000,0.000000,0.000000,0,0
1789806866.931345,0,17.947810,20.832815,-0.009560,0.000000,0.000000,0.000000,0.000000,0.000000,0.000000,0.000000,0.000000,0.000000,0.000000,0.000000,0.000000,0,0
1789806867.030791,0,17.947810,20.832815,-0.009560,0.000000,0.000000,0.000000,0.000000,0.000000,0.000000,0.000000,0.000000,0.000000,0.000000,0.000000,0.000000,0,0
1789806867.130582,0,17.947810,20.832815,-0.009560,0.000000,0.000000,0.000000,0.000000,0.000000,0.000000,0.000000,0.000000,0.000000,0.000000,0.000000,0.000000,0,0
1789806867.230651,0,17.947810,20.832815,-0.009560,0.000000,0.000000,0.000000,0.000000,0.000000,0.000000,0.000000,0.000000,0.000000,0.000000,0.000000,0.000000,0,0
1789806867.330637,0,17.947810,20.832815,-0.009560,0.000000,0.000000,0.000000,0.000000,0.000000,0.000000,0.000000,0.000000,0.000000,0.000000,0.000000,0.000000,0,0
1789806867.430631,0,17.947810,20.832815,-0.009560,0.000000,0.000000,0.000000,0.000000,0.000000,0.000000,0.000000,0.000000,0.000000,0.000000,0.000000,0.000000,0,0
1789806867.530669,0,17.947810,20.832815,-0.009560,0.000000,0.000000,0.000000,0.000000,0.000000,0.000000,0.000000,0.000000,0.000000,0.000000,0.000000,0.000000,0,0
1789806867.630672,0,17.947810,20.832815,-0.009560,0.000000,0.000000,0.000000,0.000000,0.000000,0.000000,0.000000,0.000000,0.000000,0.000000,0.000000,0.000000,0,0
1789806867.730672,0,17.947810,20.832815,-0.009560,0.000000,0.000000,0.000000,0.000000,0.000000,0.000000,0.000000,0.000000,0.000000,0.000000,0.000000,0.000000,0,0
1789806867.830642,0,17.947810,20.832815,-0.009560,0.000000,0.000000,0.000000,0.000000,0.000000,0.000000,0.000000,0.000000,0.000000,0.000000,0.000000,0.000000,0,0
1789806867.930674,0,17.947810,20.832815,-0.009560,0.000000,0.000000,0.000000,0.000000,0.000000,0.000000,0.000000,0.000000,0.000000,0.000000,0.000000,0.000000,0,0
1789806868.030677,0,17.947810,20.832815,-0.009560,0.000000,0.000000,0.000000,0.000000,0.000000,0.000000,0.000000,0.000000,0.000000,0.000000,0.000000,0.000000,0,0
1789806868.130684,0,17.947810,20.832815,-0.009560,0.000000,0.000000,0.000000,0.000000,0.000000,0.000000,0.000000,0.000000,0.000000,0.000000,0.000000,0.000000,0,0
1789806868.230791,0,17.947810,20.832815,-0.009560,0.000000,0.000000,0.000000,0.000000,0.000000,0.000000,0.000000,0.000000,0.000000,0.000000,0.000000,0.000000,0,0
1789806868.330802,0,17.947810,20.832815,-0.009560,0.000000,0.000000,0.000000,0.000000,0.000000,0.000000,0.000000,0.000000,0.000000,0.000000,0.000000,0.000000,0,0
1789806868.430756,0,17.947810,20.832815,-0.009560,0.000000,0.000000,0.000000,0.000000,0.000000,0.000000,0.000000,0.000000,0.000000,0.000000,0.000000,0.000000,0,0
1789806868.530696,0,17.947810,20.832815,-0.009560,0.000000,0.000000,0.000000,0.000000,0.000000,0.000000,0.000000,0.000000,0.000000,0.000000,0.000000,0.000000,0,0
1789806868.630750,0,17.947810,20.832815,-0.009560,0.000000,0.000000,0.000000,0.000000,0.000000,0.000000,0.000000,0.000000,0.000000,0.000000,0.000000,0.000000,0,0
1789806868.730767,0,17.947810,20.832815,-0.009560,0.000000,0.000000,0.000000,0.000000,0.000000,0.000000,0.000000,0.000000,0.000000,0.000000,0.000000,0.000000,0,0
1789806868.831362,0,17.947810,20.832815,-0.009560,0.000000,0.000000,0.000000,0.000000,0.000000,0.000000,0.000000,0.000000,0.000000,0.000000,0.000000,0.000000,0,0
1789806868.930769,0,17.947810,20.832815,-0.009560,0.000000,0.000000,0.000000,0.000000,0.000000,0.000000,0.000000,0.000000,0.000000,0.000000,0.000000,0.000000,0,0
1789806869.030755,0,17.947810,20.832815,-0.009560,0.000000,0.000000,0.000000,0.000000,0.000000,0.000000,0.000000,0.000000,0.000000,0.000000,0.000000,0.000000,0,0
1789806869.130836,0,17.947810,20.832815,-0.009560,0.000000,0.000000,0.000000,0.000000,0.000000,0.000000,0.000000,0.000000,0.000000,0.000000,0.000000,0.000000,0,0
1789806869.230818,0,17.947810,20.832815,-0.009560,0.000000,0.000000,0.000000,0.000000,0.000000,0.000000,0.000000,0.000000,0.000000,0.000000,0.000000,0.000000,0,0
1789806869.330787,0,17.947810,20.832815,-0.009560,0.000000,0.000000,0.000000,0.000000,0.000000,0.000000,0.000000,0.000000,0.000000,0.000000,0.000000,0.000000,0,0
1789806869.430824,0,17.947810,20.832815,-0.009560,0.000000,0.000000,0.000000,0.000000,0.000000,0.000000,0.000000,0.000000,0.000000,0.000000,0.000000,0.000000,0,0
1789806869.530783,0,17.947810,20.832815,-0.009560,0.000000,0.000000,0.000000,0.000000,0.000000,0.000000,0.000000,0.000000,0.000000,0.000000,0.000000,0.000000,0,0
1789806869.630812,0,17.947810,20.832815,-0.009560,0.000000,0.000000,0.000000,0.000000,0.000000,0.000000,0.000000,0.000000,0.000000,0.000000,0.000000,0.000000,0,0
1789806869.730861,0,17.947810,20.832815,-0.009560,0.000000,0.000000,0.000000,0.000000,0.000000,0.000000,0.000000,0.000000,0.000000,0.000000,0.000000,0.000000,0,0
1789806869.830808,0,17.947810,20.832815,-0.009560,0.000000,0.000000,0.000000,0.000000,0.000000,0.000000,0.000000,0.000000,0.000000,0.000000,0.000000,0.000000,0,0
1789806869.930827,0,17.947810,20.832815,-0.009560,0.000000,0.000000,0.000000,0.000000,0.000000,0.000000,0.000000,0.000000,0.000000,0.000000,0.000000,0.000000,0,0
1789806870.030819,0,17.947810,20.832815,-0.009560,0.000000,0.000000,0.000000,0.000000,0.000000,0.000000,0.000000,0.000000,0.000000,0.000000,0.000000,0.000000,0,0
1789806870.130868,0,17.947810,20.832815,-0.009560,0.000000,0.000000,0.000000,0.000000,0.000000,0.000000,0.000000,0.000000,0.000000,0.000000,0.000000,0.000000,0,0
1789806870.230975,0,17.947810,20.832815,-0.009560,0.000000,0.000000,0.000000,0.000000,0.000000,0.000000,0.000000,0.000000,0.000000,0.000000,0.000000,0.000000,0,0
1789806870.330865,0,17.947810,20.832815,-0.009560,0.000000,0.000000,0.000000,0.000000,0.000000,0.000000,0.000000,0.000000,0.000000,0.000000,0.000000,0.000000,0,0
1789806870.431006,0,17.947810,20.832815,-0.009560,0.000000,0.000000,0.000000,0.000000,0.000000,0.000000,0.000000,0.000000,0.000000,0.000000,0.000000,0.000000,0,0
1789806870.530941,0,17.947810,20.832815,-0.009560,0.000000,0.000000,0.000000,0.000000,0.000000,0.000000,0.000000,0.000000,0.000000,0.000000,0.000000,0.000000,0,0
1789806870.632599,1,17.947810,20.832815,-0.009560,17.947810,20.832815,17.878000,20.452000,0.000000,-0.000000,0.800000,-1.752101,-1.742541,0.387161,0.180000,-0.160000,0,0
1789806870.730923,1,17.947810,20.832815,-0.009560,17.878000,20.452000,19.128000,20.452000,0.380815,0.069810,0.771041,-0.458754,-0.449194,1.180190,0.300000,-0.288000,0,0
1789806870.830924,1,17.947810,20.832815,-0.009560,17.878000,20.452000,19.128000,20.452000,0.380815,0.069810,0.771041,-0.458754,-0.449194,1.180190,0.300000,-0.390400,0,0
1789806870.930919,1,17.947810,20.832815,-0.009560,17.878000,20.452000,19.128000,20.452000,0.380815,0.069810,0.771041,-0.458754,-0.449194,1.180190,0.300000,-0.472320,0,0
1789806871.030931,1,17.947810,20.832815,-0.009560,17.878000,20.452000,19.128000,20.452000,0.380815,0.069810,0.771041,-0.458754,-0.449194,1.180190,0.300000,-0.537856,0,0
1789806871.130915,1,17.947810,20.832815,-0.009560,17.878000,20.452000,19.128000,20.452000,0.380815,0.069810,0.771041,-0.458754,-0.449194,1.180190,0.300000,-0.590285,0,0
1789806871.230922,1,17.947810,20.832815,-0.009560,17.878000,20.452000,19.128000,20.452000,0.380815,0.069810,0.771041,-0.458754,-0.449194,1.180190,0.300000,-0.632228,0,0
1789806871.330946,1,17.947810,20.832815,-0.009560,17.878000,20.452000,19.128000,20.452000,0.380815,0.069810,0.771041,-0.458754,-0.449194,1.180190,0.300000,-0.665782,0,0
1789806871.430935,1,17.947810,20.832815,-0.009560,17.878000,20.452000,19.128000,20.452000,0.380815,0.069810,0.771041,-0.458754,-0.449194,1.180190,0.300000,-0.692626,0,0
1789806871.530943,1,17.947810,20.832815,-0.009560,17.878000,20.452000,19.128000,20.452000,0.380815,0.069810,0.771041,-0.458754,-0.449194,1.180190,0.300000,-0.714101,0,0
1789806871.630996,1,17.947810,20.832815,-0.009560,17.878000,20.452000,19.128000,20.452000,0.380815,0.069810,0.771041,-0.458754,-0.449194,1.180190,0.300000,-0.731281,0,0
1789806871.730964,1,17.947810,20.832815,-0.009560,17.878000,20.452000,19.128000,20.452000,0.380815,0.069810,0.771041,-0.458754,-0.449194,1.180190,0.300000,-0.745024,0,0
1789806871.830985,1,17.947810,20.832815,-0.009560,17.878000,20.452000,19.128000,20.452000,0.380815,0.069810,0.771041,-0.458754,-0.449194,1.180190,0.300000,-0.756020,0,0
1789806871.930992,1,17.947810,20.832815,-0.009560,17.878000,20.452000,19.128000,20.452000,0.380815,0.069810,0.771041,-0.458754,-0.449194,1.180190,0.300000,-0.764816,0,0
1789806872.031005,1,17.947810,20.832815,-0.009560,17.878000,20.452000,19.128000,20.452000,0.380815,0.069810,0.771041,-0.458754,-0.449194,1.180190,0.300000,-0.771853,0,0
1789806872.131042,1,17.947810,20.832815,-0.009560,17.878000,20.452000,19.128000,20.452000,0.380815,0.069810,0.771041,-0.458754,-0.449194,1.180190,0.300000,-0.777482,0,0
1789806872.231024,1,17.947810,20.832815,-0.009560,17.878000,20.452000,19.128000,20.452000,0.380815,0.069810,0.771041,-0.458754,-0.449194,1.180190,0.300000,-0.781986,0,0
1789806872.331107,1,17.947810,20.832815,-0.009560,17.878000,20.452000,19.128000,20.452000,0.380815,0.069810,0.771041,-0.458754,-0.449194,1.180190,0.300000,-0.770181,0,0
1789806872.431066,1,17.947810,20.832815,-0.009560,17.878000,20.452000,19.128000,20.452000,0.380815,0.069810,0.771041,-0.458754,-0.449194,1.180190,0.300000,-0.740803,0,0
1789806872.531063,1,18.075700,20.813081,-0.069285,17.878000,20.452000,19.128000,20.452000,0.361081,0.197700,0.773833,-0.436584,-0.367299,1.052300,0.300000,-0.670231,0,0
1789806872.631061,1,18.075700,20.813081,-0.069285,17.878000,20.452000,19.128000,20.452000,0.361081,0.197700,0.773833,-0.436584,-0.367299,1.052300,0.300000,-0.605601,0,0
1789806872.731096,1,18.075700,20.813081,-0.069285,17.878000,20.452000,19.128000,20.452000,0.361081,0.197700,0.773833,-0.436584,-0.367299,1.052300,0.300000,-0.547361,0,0
1789806872.831100,1,18.075700,20.813081,-0.069285,17.878000,20.452000,19.128000,20.452000,0.361081,0.197700,0.773833,-0.436584,-0.367299,1.052300,0.300000,-0.495538,0,0
1789806872.931073,1,18.156821,20.791890,-0.193769,17.878000,20.452000,19.128000,20.452000,0.339890,0.278821,0.776695,-0.412503,-0.218734,0.971179,0.311290,-0.393438,0,0
1789806873.031334,1,18.156821,20.791890,-0.193769,17.878000,20.452000,19.128000,20.452000,0.339890,0.278821,0.776695,-0.412503,-0.218734,0.971179,0.311290,-0.316731,0,0
1789806873.131068,1,18.156821,20.791890,-0.193769,17.878000,20.452000,19.128000,20.452000,0.339890,0.278821,0.776695,-0.412503,-0.218734,0.971179,0.311290,-0.259344,0,0
1789806873.231075,1,18.234025,20.766023,-0.329763,17.878000,20.452000,19.128000,20.452000,0.314023,0.356025,0.779990,-0.382744,-0.052981,0.893975,0.429108,-0.153634,0,0
1789806873.331135,1,18.234025,20.766023,-0.329763,17.878000,20.452000,19.128000,20.452000,0.314023,0.356025,0.779990,-0.382744,-0.052981,0.893975,0.429108,-0.080893,0,0
1789806873.431092,1,18.234025,20.766023,-0.329763,17.878000,20.452000,19.128000,20.452000,0.314023,0.356025,0.779990,-0.382744,-0.052981,0.893975,0.429108,-0.032163,0,0
1789806873.531161,1,18.304798,20.701175,-0.480738,17.878000,20.452000,19.128000,20.452000,0.249175,0.426798,0.787241,-0.306540,0.174198,0.823202,0.355788,0.085544,0,0
1789806873.631289,1,18.304798,20.701175,-0.480738,17.878000,20.452000,19.128000,20.452000,0.249175,0.426798,0.787241,-0.306540,0.174198,0.823202,0.355788,0.160939,0,0
1789806873.731509,1,18.304798,20.701175,-0.480738,17.878000,20.452000,19.128000,20.452000,0.249175,0.426798,0.787241,-0.306540,0.174198,0.823202,0.355788,0.206238,0,0
1789806873.831233,1,18.377883,20.648189,-0.613921,17.878000,20.452000,19.128000,20.452000,0.196189,0.499883,0.792025,-0.242818,0.371103,0.750117,0.300000,0.305246,0,0
1789806873.931422,1,18.377883,20.648189,-0.613921,17.878000,20.452000,19.128000,20.452000,0.196189,0.499883,0.792025,-0.242818,0.371103,0.750117,0.300000,0.363824,0,0
1789806874.031132,1,18.377883,20.648189,-0.613921,17.878000,20.452000,19.128000,20.452000,0.196189,0.499883,0.792025,-0.242818,0.371103,0.750117,0.300000,0.394183,0,0
1789806874.131515,1,18.452402,20.567640,-0.732797,17.878000,20.452000,19.128000,20.452000,0.115640,0.574402,0.797205,-0.144053,0.588744,0.675598,0.300000,0.475346,0,0
1789806874.231321,1,18.452402,20.567640,-0.732797,17.878000,20.452000,19.128000,20.452000,0.115640,0.574402,0.797205,-0.144053,0.588744,0.675598,0.300000,0.530142,0,0
1789806874.331189,1,18.452402,20.567640,-0.732797,17.878000,20.452000,19.128000,20.452000,0.115640,0.574402,0.797205,-0.144053,0.588744,0.675598,0.300000,0.555780,0,0
1789806874.431170,1,18.452402,20.567640,-0.732797,17.878000,20.452000,19.128000,20.452000,0.115640,0.574402,0.797205,-0.144053,0.588744,0.675598,0.300000,0.561732,0,0
1789806874.531175,1,18.551762,20.449293,-0.841304,17.878000,20.452000,19.128000,20.452000,-0.002707,0.673762,0.799998,0.003383,0.844687,0.576238,0.180000,0.609386,0,0
1789806874.631389,1,18.551762,20.449293,-0.841304,17.878000,20.452000,19.128000,20.452000,-0.002707,0.673762,0.799998,0.003383,0.844687,0.576238,0.180000,0.647509,0,0
1789806874.731381,1,18.551762,20.449293,-0.841304,17.878000,20.452000,19.128000,20.452000,-0.002707,0.673762,0.799998,0.003383,0.844687,0.576238,0.180000,0.678007,0,0
1789806874.831184,1,18.551762,20.449293,-0.841304,17.878000,20.452000,19.128000,20.452000,-0.002707,0.673762,0.799998,0.003383,0.844687,0.576238,0.180000,0.687417,0,0
1789806874.931426,2,18.645100,20.347006,-0.801390,17.878000,20.452000,19.128000,20.452000,-0.104994,0.767100,0.797694,0.130870,0.932260,0.482900,0.180000,0.709933,0,0
1789806875.031216,2,18.645100,20.347006,-0.801390,19.128000,20.452000,19.128000,24.452000,0.482900,-0.104994,0.754818,1.001655,1.803045,4.104994,0.180000,0.727947,0,0
1789806875.131252,2,18.645100,20.347006,-0.801390,19.128000,20.452000,19.128000,24.452000,0.482900,-0.104994,0.754818,1.001655,1.803045,4.104994,0.180000,0.742357,0,0
1789806875.231246,2,18.725641,20.277549,-0.664601,19.128000,20.452000,19.128000,24.452000,0.402359,-0.174451,0.767858,1.088132,1.752733,4.174451,0.180000,0.753886,0,0
1789806875.331437,2,18.725641,20.277549,-0.664601,19.128000,20.452000,19.128000,24.452000,0.402359,-0.174451,0.767858,1.088132,1.752733,4.174451,0.180000,0.763109,0,0
1789806875.431353,2,18.772688,20.229864,-0.534152,19.128000,20.452000,19.128000,24.452000,0.355312,-0.222136,0.774626,1.140740,1.674893,4.222136,0.180000,0.770487,0,0
1789806875.531290,2,18.772688,20.229864,-0.534152,19.128000,20.452000,19.128000,24.452000,0.355312,-0.222136,0.774626,1.140740,1.674893,4.222136,0.180000,0.776390,0,0
1789806875.631572,2,18.813090,20.210691,-0.376693,19.128000,20.452000,19.128000,24.452000,0.314910,-0.241309,0.779881,1.187026,1.563718,4.241309,0.180000,0.781112,0,0
1789806875.731368,2,18.813090,20.210691,-0.376693,19.128000,20.452000,19.128000,24.452000,0.314910,-0.241309,0.779881,1.187026,1.563718,4.241309,0.180000,0.784889,0,0
1789806875.831318,2,18.859335,20.183842,-0.191430,19.128000,20.452000,19.128000,24.452000,0.268665,-0.268158,0.785219,1.241129,1.432559,4.268158,0.180000,0.752589,0,0
1789806875.931351,2,18.859335,20.183842,-0.191430,19.128000,20.452000,19.128000,24.452000,0.268665,-0.268158,0.785219,1.241129,1.432559,4.268158,0.180000,0.730465,0,0
1789806876.031308,2,18.898739,20.179118,-0.017577,19.128000,20.452000,19.128000,24.452000,0.229261,-0.272882,0.789163,1.288067,1.305644,4.272882,0.180000,0.667508,0,0
1789806876.131299,2,18.898739,20.179118,-0.017577,19.128000,20.452000,19.128000,24.452000,0.229261,-0.272882,0.789163,1.288067,1.305644,4.272882,0.180000,0.626629,0,0
1789806876.231731,2,18.932704,20.187385,0.165464,19.128000,20.452000,19.128000,24.452000,0.195296,-0.264615,0.792096,1.329062,1.163598,4.264615,0.180000,0.547708,0,0
1789806876.331543,2,18.932704,20.187385,0.165464,19.128000,20.452000,19.128000,24.452000,0.195296,-0.264615,0.792096,1.329062,1.163598,4.264615,0.180000,0.498562,0,0
1789806876.431559,2,18.966562,20.209782,0.329177,19.128000,20.452000,19.128000,24.452000,0.161438,-0.242218,0.794577,1.370350,1.041173,4.242218,0.180000,0.423924,0,0
1789806876.531608,2,18.966562,20.209782,0.329177,19.128000,20.452000,19.128000,24.452000,0.161438,-0.242218,0.794577,1.370350,1.041173,4.242218,0.180000,0.380022,0,0
1789806876.631369,2,19.000116,20.241654,0.506071,19.128000,20.452000,19.128000,24.452000,0.127884,-0.210346,0.796585,1.411614,0.905543,4.210346,0.180000,0.305923,0,0
1789806876.731378,2,19.000116,20.241654,0.506071,19.128000,20.452000,19.128000,24.452000,0.127884,-0.210346,0.796585,1.411614,0.905543,4.210346,0.180000,0.264374,0,0
1789806876.831409,2,19.019052,20.275292,0.671862,19.128000,20.452000,19.128000,24.452000,0.108948,-0.176708,0.797518,1.435028,0.763166,4.176708,0.180000,0.191236,0,0
1789806876.931374,2,19.019052,20.275292,0.671862,19.128000,20.452000,19.128000,24.452000,0.108948,-0.176708,0.797518,1.435028,0.763166,4.176708,0.180000,0.152041,0,0
1789806877.031449,2,19.041382,20.303243,0.796819,19.128000,20.452000,19.128000,24.452000,0.086618,-0.148757,0.798429,1.462733,0.665915,4.148757,0.300000,0.099208,0,0
1789806877.131399,2,19.041382,20.303243,0.796819,19.128000,20.452000,19.128000,24.452000,0.086618,-0.148757,0.798429,1.462733,0.665915,4.148757,0.300000,0.074745,0,0
1789806877.231398,2,19.041382,20.303243,0.796819,19.128000,20.452000,19.128000,24.452000,0.086618,-0.148757,0.798429,1.462733,0.665915,4.148757,0.300000,0.069417,0,0
1789806877.331402,2,19.068423,20.343021,0.933251,19.128000,20.452000,19.128000,24.452000,0.059577,-0.108979,0.799256,1.496393,0.563142,4.108979,0.300000,0.037497,0,0
1789806877.431711,2,19.068423,20.343021,0.933251,19.128000,20.452000,19.128000,24.452000,0.059577,-0.108979,0.799256,1.496393,0.563142,4.108979,0.300000,0.026831,0,0
1789806877.531433,2,19.068423,20.343021,0.933251,19.128000,20.452000,19.128000,24.452000,0.059577,-0.108979,0.799256,1.496393,0.563142,4.108979,0.300000,0.030195,0,0
1789806877.631428,2,19.095774,20.397733,1.039911,19.128000,20.452000,19.128000,24.452000,0.032226,-0.054267,0.799782,1.530525,0.490614,4.054267,0.300000,0.014842,0,0
1789806877.731436,2,19.095774,20.397733,1.039911,19.128000,20.452000,19.128000,24.452000,0.032226,-0.054267,0.799782,1.530525,0.490614,4.054267,0.300000,0.014234,0,0
1789806877.831427,2,19.095774,20.397733,1.039911,19.128000,20.452000,19.128000,24.452000,0.032226,-0.054267,0.799782,1.530525,0.490614,4.054267,0.300000,0.023088,0,0
1789806877.931487,2,19.116903,20.437730,1.140482,19.128000,20.452000,19.128000,24.452000,0.011097,-0.014270,0.799974,1.556926,0.416444,4.014270,0.300000,0.009472,0,0
1789806878.031462,2,19.116903,20.437730,1.140482,19.128000,20.452000,19.128000,24.452000,0.011097,-0.014270,0.799974,1.556926,0.416444,4.014270,0.300000,0.008707,0,0
1789806878.131512,2,19.116903,20.437730,1.140482,19.128000,20.452000,19.128000,24.452000,0.011097,-0.014270,0.799974,1.556926,0.416444,4.014270,0.300000,0.016199,0,0
1789806878.231485,2,19.116903,20.437730,1.140482,19.128000,20.452000,19.128000,24.452000,0.011097,-0.014270,0.799974,1.556926,0.416444,4.014270,0.300000,0.028674,0,0
1789806878.331445,2,19.152423,20.518215,1.248612,19.128000,20.452000,19.128000,24.452000,-0.024423,0.066215,0.799875,1.601321,0.352709,3.933785,0.300000,0.019618,0,0
1789806878.431525,2,19.152423,20.518215,1.248612,19.128000,20.452000,19.128000,24.452000,-0.024423,0.066215,0.799875,1.601321,0.352709,3.933785,0.300000,0.020091,0,0
1789806878.531492,2,19.152423,20.518215,1.248612,19.128000,20.452000,19.128000,24.452000,-0.024423,0.066215,0.799875,1.601321,0.352709,3.933785,0.300000,0.026645,0,0
1789806878.631526,2,19.152423,20.518215,1.248612,19.128000,20.452000,19.128000,24.452000,-0.024423,0.066215,0.799875,1.601321,0.352709,3.933785,0.300000,0.036828,0,0
1789806878.731518,2,19.152423,20.518215,1.248612,19.128000,20.452000,19.128000,24.452000,-0.024423,0.066215,0.799875,1.601321,0.352709,3.933785,0.300000,0.048926,0,0
1789806878.831539,2,19.193449,20.640504,1.303938,19.128000,20.452000,19.128000,24.452000,-0.065449,0.188504,0.799102,1.652517,0.348579,3.811496,0.300000,0.060197,0,0
1789806878.931559,2,19.193449,20.640504,1.303938,19.128000,20.452000,19.128000,24.452000,-0.065449,0.188504,0.799102,1.652517,0.348579,3.811496,0.300000,0.071974,0,0
1789806879.031561,2,19.193449,20.640504,1.303938,19.128000,20.452000,19.128000,24.452000,-0.065449,0.188504,0.799102,1.652517,0.348579,3.811496,0.300000,0.083604,0,0
1789806879.131567,2,19.193449,20.640504,1.303938,19.128000,20.452000,19.128000,24.452000,-0.065449,0.188504,0.799102,1.652517,0.348579,3.811496,0.300000,0.094674,0,0
1789806879.232728,2,19.235116,20.749186,1.289191,19.128000,20.452000,19.128000,24.452000,-0.107116,0.297186,0.797600,1.704296,0.415105,3.702814,0.300000,0.130104,0,0
1789806879.331539,2,19.235116,20.749186,1.289191,19.128000,20.452000,19.128000,24.452000,-0.107116,0.297186,0.797600,1.704296,0.415105,3.702814,0.300000,0.155876,0,0
1789806879.431558,2,19.235116,20.749186,1.289191,19.128000,20.452000,19.128000,24.452000,-0.107116,0.297186,0.797600,1.704296,0.415105,3.702814,0.300000,0.174438,0,0
1789806879.531993,2,19.235116,20.749186,1.289191,19.128000,20.452000,19.128000,24.452000,-0.107116,0.297186,0.797600,1.704296,0.415105,3.702814,0.300000,0.187642,0,0
1789806879.631645,2,19.279179,20.853836,1.288160,19.128000,20.452000,19.128000,24.452000,-0.151179,0.401836,0.795239,1.758660,0.470500,3.598164,0.300000,0.217926,0,0
1789806879.734510,2,19.279179,20.853836,1.288160,19.128000,20.452000,19.128000,24.452000,-0.151179,0.401836,0.795239,1.758660,0.470500,3.598164,0.300000,0.238001,0,0
1789806879.831674,2,19.279179,20.853836,1.288160,19.128000,20.452000,19.128000,24.452000,-0.151179,0.401836,0.795239,1.758660,0.470500,3.598164,0.300000,0.250738,0,0
1789806879.931610,2,19.279179,20.853836,1.288160,19.128000,20.452000,19.128000,24.452000,-0.151179,0.401836,0.795239,1.758660,0.470500,3.598164,0.300000,0.258271,0,0
1789806880.031626,2,19.320386,20.979325,1.313266,19.128000,20.452000,19.128000,24.452000,-0.192386,0.527325,0.792327,1.808998,0.495732,3.472675,0.300000,0.271759,0,0
1789806880.131750,2,19.320386,20.979325,1.313266,19.128000,20.452000,19.128000,24.452000,-0.192386,0.527325,0.792327,1.808998,0.495732,3.472675,0.300000,0.279436,0,0
1789806880.231754,2,19.320386,20.979325,1.313266,19.128000,20.452000,19.128000,24.452000,-0.192386,0.527325,0.792327,1.808998,0.495732,3.472675,0.300000,0.283086,0,0
1789806880.331756,2,19.320386,20.979325,1.313266,19.128000,20.452000,19.128000,24.452000,-0.192386,0.527325,0.792327,1.808998,0.495732,3.472675,0.300000,0.284014,0,0
1789806880.431688,2,19.344683,21.100035,1.394462,19.128000,20.452000,19.128000,24.452000,-0.216683,0.648035,0.790300,1.838398,0.443936,3.351965,0.300000,0.263480,0,0
1789806880.531721,2,19.344683,21.100035,1.394462,19.128000,20.452000,19.128000,24.452000,-0.216683,0.648035,0.790300,1.838398,0.443936,3.351965,0.300000,0.248678,0,0
1789806880.631652,2,19.344683,21.100035,1.394462,19.128000,20.452000,19.128000,24.452000,-0.216683,0.648035,0.790300,1.838398,0.443936,3.351965,0.300000,0.238136,0,0
1789806880.731792,2,19.344683,21.100035,1.394462,19.128000,20.452000,19.128000,24.452000,-0.216683,0.648035,0.790300,1.838398,0.443936,3.351965,0.300000,0.230743,0,0
1789806880.831666,2,19.361080,21.218334,1.510431,19.128000,20.452000,19.128000,24.452000,-0.233080,0.766334,0.788806,1.858105,0.347674,3.233666,0.300000,0.189046,0,0
1789806880.931697,2,19.361080,21.218334,1.510431,19.128000,20.452000,19.128000,24.452000,-0.233080,0.766334,0.788806,1.858105,0.347674,3.233666,0.300000,0.161752,0,0
1789806881.031672,2,19.361080,21.218334,1.510431,19.128000,20.452000,19.128000,24.452000,-0.233080,0.766334,0.788806,1.858105,0.347674,3.233666,0.300000,0.144767,0,0
1789806881.131721,2,19.361080,21.218334,1.510431,19.128000,20.452000,19.128000,24.452000,-0.233080,0.766334,0.788806,1.858105,0.347674,3.233666,0.300000,0.135059,0,0
1789806881.231710,2,19.361911,21.347290,1.626908,19.128000,20.452000,19.128000,24.452000,-0.233911,0.895290,0.788727,1.859101,0.232193,3.104710,0.300000,0.086518,0,0
1789806881.331774,2,19.361911,21.347290,1.626908,19.128000,20.452000,19.128000,24.452000,-0.233911,0.895290,0.788727,1.859101,0.232193,3.104710,0.300000,0.056634,0,0
1789806881.431924,2,19.361911,21.347290,1.626908,19.128000,20.452000,19.128000,24.452000,-0.233911,0.895290,0.788727,1.859101,0.232193,3.104710,0.300000,0.039887,0,0
1789806881.531716,2,19.361911,21.347290,1.626908,19.128000,20.452000,19.128000,24.452000,-0.233911,0.895290,0.788727,1.859101,0.232193,3.104710,0.300000,0.032217,0,0
1789806881.632013,2,19.349162,21.476099,1.707297,19.128000,20.452000,19.128000,24.452000,-0.221162,1.024099,0.789902,1.843792,0.136495,2.975901,0.398395,-0.005621,0,0
1789806881.731733,2,19.349162,21.476099,1.707297,19.128000,20.452000,19.128000,24.452000,-0.221162,1.024099,0.789902,1.843792,0.136495,2.975901,0.398395,-0.026883,0,0
1789806881.831909,2,19.349162,21.476099,1.707297,19.128000,20.452000,19.128000,24.452000,-0.221162,1.024099,0.789902,1.843792,0.136495,2.975901,0.398395,-0.036685,0,0
1789806881.931701,2,19.349162,21.476099,1.707297,19.128000,20.452000,19.128000,24.452000,-0.221162,1.024099,0.789902,1.843792,0.136495,2.975901,0.398395,-0.038761,0,0
1789806882.031755,2,19.336799,21.599677,1.760883,19.128000,20.452000,19.128000,24.452000,-0.208799,1.147677,0.790983,1.828883,0.067999,2.852323,0.427848,-0.061828,0,0
1789806882.131797,2,19.336799,21.599677,1.760883,19.128000,20.452000,19.128000,24.452000,-0.208799,1.147677,0.790983,1.828883,0.067999,2.852323,0.427848,-0.072758,0,0
1789806882.231986,2,19.336799,21.599677,1.760883,19.128000,20.452000,19.128000,24.452000,-0.208799,1.147677,0.790983,1.828883,0.067999,2.852323,0.427848,-0.075483,0,0
1789806882.331901,2,19.336799,21.599677,1.760883,19.128000,20.452000,19.128000,24.452000,-0.208799,1.147677,0.790983,1.828883,0.067999,2.852323,0.427848,-0.072847,0,0
1789806882.431863,2,19.319636,21.726372,1.770408,19.128000,20.452000,19.128000,24.452000,-0.191636,1.274372,0.792386,1.808087,0.037679,2.725628,0.408844,-0.078412,0,0
1789806882.531852,2,19.319636,21.726372,1.770408,19.128000,20.452000,19.128000,24.452000,-0.191636,1.274372,0.792386,1.808087,0.037679,2.725628,0.408844,-0.078083,0,0
1789806882.631857,2,19.319636,21.726372,1.770408,19.128000,20.452000,19.128000,24.452000,-0.191636,1.274372,0.792386,1.808087,0.037679,2.725628,0.408844,-0.073996,0,0
1789806882.731802,2,19.319636,21.726372,1.770408,19.128000,20.452000,19.128000,24.452000,-0.191636,1.274372,0.792386,1.808087,0.037679,2.725628,0.408844,-0.067667,0,0
1789806882.831866,2,19.297312,21.850832,1.785042,19.128000,20.452000,19.128000,24.452000,-0.169312,1.398832,0.794040,1.780879,-0.004162,2.601168,0.390175,-0.076048,0,0
1789806882.931819,2,19.297312,21.850832,1.785042,19.128000,20.452000,19.128000,24.452000,-0.169312,1.398832,0.794040,1.780879,-0.004162,2.601168,0.390175,-0.078454,0,0
1789806883.031810,2,19.297312,21.850832,1.785042,19.128000,20.452000,19.128000,24.452000,-0.169312,1.398832,0.794040,1.780879,-0.004162,2.601168,0.390175,-0.076938,0,0
1789806883.131871,2,19.282196,21.957801,1.777232,19.128000,20.452000,19.128000,24.452000,-0.154196,1.505801,0.795048,1.762363,-0.014869,2.494199,0.374130,-0.077040,0,0
1789806883.232059,2,19.282196,21.957801,1.777232,19.128000,20.452000,19.128000,24.452000,-0.154196,1.505801,0.795048,1.762363,-0.014869,2.494199,0.374130,-0.074322,0,0
1789806883.331882,2,19.282196,21.957801,1.777232,19.128000,20.452000,19.128000,24.452000,-0.154196,1.505801,0.795048,1.762363,-0.014869,2.494199,0.374130,-0.069906,0,0
1789806883.431939,2,19.266476,22.089443,1.730944,19.128000,20.452000,19.128000,24.452000,-0.138476,1.637443,0.796000,1.743037,0.012094,2.362557,0.354384,-0.054342,0,0
1789806883.531893,2,19.266476,22.089443,1.730944,19.128000,20.452000,19.128000,24.452000,-0.138476,1.637443,0.796000,1.743037,0.012094,2.362557,0.354384,-0.041965,0,0
1789806883.633430,2,19.266476,22.089443,1.730944,19.128000,20.452000,19.128000,24.452000,-0.138476,1.637443,0.796000,1.743037,0.012094,2.362557,0.354384,-0.032123,0,0
1789806883.731890,2,19.249903,22.224092,1.696865,19.128000,20.452000,19.128000,24.452000,-0.121903,1.772092,0.796896,1.722592,0.025727,2.227908,0.334186,-0.019058,0,0
1789806883.831929,2,19.249903,22.224092,1.696865,19.128000,20.452000,19.128000,24.452000,-0.121903,1.772092,0.796896,1.722592,0.025727,2.227908,0.334186,-0.009419,0,0
1789806883.931949,2,19.249903,22.224092,1.696865,19.128000,20.452000,19.128000,24.452000,-0.121903,1.772092,0.796896,1.722592,0.025727,2.227908,0.334186,-0.002359,0,0
1789806884.031986,2,19.231813,22.343952,1.655433,19.128000,20.452000,19.128000,24.452000,-0.103813,1.891952,0.797745,1.700203,0.044770,2.108048,0.316207,0.010003,0,0
1789806884.131965,2,19.231813,22.343952,1.655433,19.128000,20.452000,19.128000,24.452000,-0.103813,1.891952,0.797745,1.700203,0.044770,2.108048,0.316207,0.018410,0,0
1789806884.231884,2,19.231813,22.343952,1.655433,19.128000,20.452000,19.128000,24.452000,-0.103813,1.891952,0.797745,1.700203,0.044770,2.108048,0.316207,0.023950,0,0
1789806884.331951,2,19.213854,22.449464,1.631359,19.128000,20.452000,19.128000,24.452000,-0.085854,1.997464,0.798456,1.677910,0.046551,2.002536,0.300380,0.028109,0,0
1789806884.431952,2,19.213854,22.449464,1.631359,19.128000,20.452000,19.128000,24.452000,-0.085854,1.997464,0.798456,1.677910,0.046551,2.002536,0.300380,0.030577,0,0
1789806884.531976,2,19.213854,22.449464,1.631359,19.128000,20.452000,19.128000,24.452000,-0.085854,1.997464,0.798456,1.677910,0.046551,2.002536,0.300380,0.031865,0,0
1789806884.631995,2,19.200611,22.562512,1.623296,19.128000,20.452000,19.128000,24.452000,-0.072611,2.110512,0.798895,1.661436,0.038140,1.889488,0.300000,0.029151,0,0
1789806884.731977,2,19.200611,22.562512,1.623296,19.128000,20.452000,19.128000,24.452000,-0.072611,2.110512,0.798895,1.661436,0.038140,1.889488,0.300000,0.027010,0,0
1789806884.832112,2,19.200611,22.562512,1.623296,19.128000,20.452000,19.128000,24.452000,-0.072611,2.110512,0.798895,1.661436,0.038140,1.889488,0.300000,0.025323,0,0
1789806884.932165,2,19.186881,22.678834,1.621955,19.128000,20.452000,19.128000,24.452000,-0.058881,2.226834,0.799273,1.644332,0.022377,1.773166,0.300000,0.018011,0,0
1789806885.031997,2,19.186881,22.678834,1.621955,19.128000,20.452000,19.128000,24.452000,-0.058881,2.226834,0.799273,1.644332,0.022377,1.773166,0.300000,0.013058,0,0
1789806885.131991,2,19.186881,22.678834,1.621955,19.128000,20.452000,19.128000,24.452000,-0.058881,2.226834,0.799273,1.644332,0.022377,1.773166,0.300000,0.009814,0,0
1789806885.232025,2,19.186881,22.678834,1.621955,19.128000,20.452000,19.128000,24.452000,-0.058881,2.226834,0.799273,1.644332,0.022377,1.773166,0.300000,0.007792,0,0
1789806885.332029,2,19.181117,22.802707,1.632234,19.128000,20.452000,19.128000,24.452000,-0.053117,2.350707,0.799408,1.637144,0.004910,1.649293,0.300000,-0.000002,0,0
1789806885.432088,2,19.181117,22.802707,1.632234,19.128000,20.452000,19.128000,24.452000,-0.053117,2.350707,0.799408,1.637144,0.004910,1.649293,0.300000,-0.004893,0,0
1789806885.533840,2,19.181117,22.802707,1.632234,19.128000,20.452000,19.128000,24.452000,-0.053117,2.350707,0.799408,1.637144,0.004910,1.649293,0.300000,-0.007728,0,0
1789806885.632075,2,19.181117,22.802707,1.632234,19.128000,20.452000,19.128000,24.452000,-0.053117,2.350707,0.799408,1.637144,0.004910,1.649293,0.300000,-0.009136,0,0
1789806885.732693,2,19.165721,22.926854,1.647564,19.128000,20.452000,19.128000,24.452000,-0.037721,2.474854,0.799701,1.617931,-0.029633,1.525146,0.300000,-0.022637,0,0
1789806885.832049,2,19.165721,22.926854,1.647564,19.128000,20.452000,19.128000,24.452000,-0.037721,2.474854,0.799701,1.617931,-0.029633,1.525146,0.300000,-0.030966,0,0
1789806885.932650,2,19.165721,22.926854,1.647564,19.128000,20.452000,19.128000,24.452000,-0.037721,2.474854,0.799701,1.617931,-0.029633,1.525146,0.300000,-0.035650,0,0
1789806886.032075,2,19.165721,22.926854,1.647564,19.128000,20.452000,19.128000,24.452000,-0.037721,2.474854,0.799701,1.617931,-0.029633,1.525146,0.300000,-0.037814,0,0
1789806886.132154,2,19.150326,23.054289,1.661019,19.128000,20.452000,19.128000,24.452000,-0.022326,2.602289,0.799895,1.598701,-0.062319,1.397711,0.300000,-0.050693,0,0
1789806886.232387,2,19.150326,23.054289,1.661019,19.128000,20.452000,19.128000,24.452000,-0.022326,2.602289,0.799895,1.598701,-0.062319,1.397711,0.300000,-0.058154,0,0
1789806886.332083,2,19.150326,23.054289,1.661019,19.128000,20.452000,19.128000,24.452000,-0.022326,2.602289,0.799895,1.598701,-0.062319,1.397711,0.300000,-0.061850,0,0
1789806886.432121,2,19.150326,23.054289,1.661019,19.128000,20.452000,19.128000,24.452000,-0.022326,2.602289,0.799895,1.598701,-0.062319,1.397711,0.300000,-0.062987,0,0
1789806886.532156,2,19.133970,23.173411,1.656935,19.128000,20.452000,19.128000,24.452000,-0.005970,2.721411,0.799993,1.578259,-0.078675,1.278589,0.300000,-0.068656,0,0
1789806886.632223,2,19.133970,23.173411,1.656935,19.128000,20.452000,19.128000,24.452000,-0.005970,2.721411,0.799993,1.578259,-0.078675,1.278589,0.300000,-0.071112,0,0
1789806886.732113,2,19.133970,23.173411,1.656935,19.128000,20.452000,19.128000,24.452000,-0.005970,2.721411,0.799993,1.578259,-0.078675,1.278589,0.300000,-0.071413,0,0
1789806886.832127,2,19.133970,23.173411,1.656935,19.128000,20.452000,19.128000,24.452000,-0.005970,2.721411,0.799993,1.578259,-0.078675,1.278589,0.300000,-0.070322,0,0
1789806886.932135,2,19.122231,23.291435,1.642338,19.128000,20.452000,19.128000,24.452000,0.005769,2.839435,0.799993,1.563586,-0.078753,1.160565,0.300000,-0.068414,0,0
1789806887.032189,2,19.122231,23.291435,1.642338,19.128000,20.452000,19.128000,24.452000,0.005769,2.839435,0.799993,1.563586,-0.078753,1.160565,0.300000,-0.066031,0,0
1789806887.132176,2,19.122231,23.291435,1.642338,19.128000,20.452000,19.128000,24.452000,0.005769,2.839435,0.799993,1.563586,-0.078753,1.160565,0.300000,-0.063440,0,0
1789806887.232203,2,19.122231,23.291435,1.642338,19.128000,20.452000,19.128000,24.452000,0.005769,2.839435,0.799993,1.563586,-0.078753,1.160565,0.300000,-0.060819,0,0
1789806887.332211,2,19.115015,23.418162,1.611463,19.128000,20.452000,19.128000,24.452000,0.012985,2.966162,0.799965,1.554566,-0.056897,1.033838,0.300000,-0.049982,0,0
1789806887.432205,2,19.115015,23.418162,1.611463,19.128000,20.452000,19.128000,24.452000,0.012985,2.966162,0.799965,1.554566,-0.056897,1.033838,0.300000,-0.042184,0,0
1789806887.532182,2,19.115015,23.418162,1.611463,19.128000,20.452000,19.128000,24.452000,0.012985,2.966162,0.799965,1.554566,-0.056897,1.033838,0.300000,-0.036644,0,0
1789806887.632172,2,19.115015,23.418162,1.611463,19.128000,20.452000,19.128000,24.452000,0.012985,2.966162,0.799965,1.554566,-0.056897,1.033838,0.300000,-0.032771,0,0
1789806887.732206,2,19.108095,23.544678,1.580931,19.128000,20.452000,19.128000,24.452000,0.019905,3.092678,0.799917,1.545918,-0.035013,0.907322,0.300000,-0.021805,0,0
1789806887.832198,2,19.108095,23.544678,1.580931,19.128000,20.452000,19.128000,24.452000,0.019905,3.092678,0.799917,1.545918,-0.035013,0.907322,0.300000,-0.014615,0,0
1789806887.932235,2,19.108095,23.544678,1.580931,19.128000,20.452000,19.128000,24.452000,0.019905,3.092678,0.799917,1.545918,-0.035013,0.907322,0.300000,-0.010129,0,0
1789806888.032201,2,19.108095,23.544678,1.580931,19.128000,20.452000,19.128000,24.452000,0.019905,3.092678,0.799917,1.545918,-0.035013,0.907322,0.300000,-0.007553,0,0
1789806888.134952,2,19.102710,23.674840,1.554082,19.128000,20.452000,19.128000,24.452000,0.025290,3.222840,0.799866,1.539189,-0.014893,0.777160,0.300000,0.001192,0,0
1789806888.232273,2,19.102710,23.674840,1.554082,19.128000,20.452000,19.128000,24.452000,0.025290,3.222840,0.799866,1.539189,-0.014893,0.777160,0.300000,0.006443,0,0
1789806888.332275,2,19.102710,23.674840,1.554082,19.128000,20.452000,19.128000,24.452000,0.025290,3.222840,0.799866,1.539189,-0.014893,0.777160,0.300000,0.009248,0,0
1789806888.432270,2,19.102710,23.674840,1.554082,19.128000,20.452000,19.128000,24.452000,0.025290,3.222840,0.799866,1.539189,-0.014893,0.777160,0.300000,0.010376,0,0
1789806888.533448,2,19.103612,23.799374,1.538075,19.128000,20.452000,19.128000,24.452000,0.024388,3.347374,0.799875,1.540316,0.002241,0.652626,0.300000,0.016839,0,0
1789806888.632267,2,19.103612,23.799374,1.538075,19.128000,20.452000,19.128000,24.452000,0.024388,3.347374,0.799875,1.540316,0.002241,0.652626,0.300000,0.020347,0,0
1789806888.732270,2,19.103612,23.799374,1.538075,19.128000,20.452000,19.128000,24.452000,0.024388,3.347374,0.799875,1.540316,0.002241,0.652626,0.300000,0.021823,0,0
1789806888.832286,2,19.103612,23.799374,1.538075,19.128000,20.452000,19.128000,24.452000,0.024388,3.347374,0.799875,1.540316,0.002241,0.652626,0.300000,0.021940,0,0
1789806888.932306,2,19.104697,23.921990,1.543588,19.128000,20.452000,19.128000,24.452000,0.023303,3.469990,0.799886,1.541671,-0.001917,0.530010,0.300000,0.019602,0,0
1789806889.032304,2,19.104697,23.921990,1.543588,19.128000,20.452000,19.128000,24.452000,0.023303,3.469990,0.799886,1.541671,-0.001917,0.530010,0.300000,0.017283,0,0
1789806889.132260,2,19.104697,23.921990,1.543588,19.128000,20.452000,19.128000,24.452000,0.023303,3.469990,0.799886,1.541671,-0.001917,0.530010,0.300000,0.015070,0,0
1789806889.232297,2,19.104697,23.921990,1.543588,19.128000,20.452000,19.128000,24.452000,0.023303,3.469990,0.799886,1.541671,-0.001917,0.530010,0.300000,0.013012,0,0
1789806889.333187,3,19.104461,24.048473,1.555719,19.128000,20.452000,19.128000,24.452000,0.023539,3.596473,0.799884,1.541376,-0.014342,0.403527,0.300000,0.006438,0,0
1789806889.432326,3,19.104461,24.048473,1.555719,19.128000,24.452000,19.128000,26.252000,0.023539,-0.403527,0.799884,1.541376,-0.014342,2.203527,0.600000,0.001686,0,0
1789806889.532323,3,19.104461,24.048473,1.555719,19.128000,24.452000,19.128000,26.252000,0.023539,-0.403527,0.799884,1.541376,-0.014342,2.203527,0.600000,-0.001710,0,0
1789806889.632640,3,19.104461,24.048473,1.555719,19.128000,24.452000,19.128000,26.252000,0.023539,-0.403527,0.799884,1.541376,-0.014342,2.203527,0.600000,-0.004101,0,0
1789806889.732335,3,19.103570,24.173407,1.561790,19.128000,24.452000,19.128000,26.252000,0.024430,-0.278593,0.799875,1.540264,-0.021526,2.078593,0.600000,-0.008490,0,0
1789806889.832390,3,19.103570,24.173407,1.561790,19.128000,24.452000,19.128000,26.252000,0.024430,-0.278593,0.799875,1.540264,-0.021526,2.078593,0.600000,-0.011390,0,0
1789806889.932420,3,19.103570,24.173407,1.561790,19.128000,24.452000,19.128000,26.252000,0.024430,-0.278593,0.799875,1.540264,-0.021526,2.078593,0.600000,-0.013221,0,0
1789806890.032379,3,19.103570,24.173407,1.561790,19.128000,24.452000,19.128000,26.252000,0.024430,-0.278593,0.799875,1.540264,-0.021526,2.078593,0.600000,-0.014294,0,0
1789806890.132381,3,19.095580,24.298379,1.572715,19.128000,24.452000,19.128000,26.252000,0.032420,-0.153621,0.799779,1.530283,-0.042432,1.953621,0.600000,-0.022784,0,0
1789806890.232418,3,19.095580,24.298379,1.572715,19.128000,24.452000,19.128000,26.252000,0.032420,-0.153621,0.799779,1.530283,-0.042432,1.953621,0.600000,-0.028154,0,0
1789806890.332412,3,19.095580,24.298379,1.572715,19.128000,24.452000,19.128000,26.252000,0.032420,-0.153621,0.799779,1.530283,-0.042432,1.953621,0.600000,-0.031314,0,0
1789806890.432461,3,19.095580,24.298379,1.572715,19.128000,24.452000,19.128000,26.252000,0.032420,-0.153621,0.799779,1.530283,-0.042432,1.953621,0.600000,-0.032932,0,0
1789806890.532426,3,19.097018,24.438481,1.580245,19.128000,24.452000,19.128000,26.252000,0.030982,-0.013519,0.799798,1.532079,-0.048166,1.813519,0.600000,-0.035679,0,0
1789806890.632442,3,19.097018,24.438481,1.580245,19.128000,24.452000,19.128000,26.252000,0.030982,-0.013519,0.799798,1.532079,-0.048166,1.813519,0.600000,-0.036972,0,0
1789806890.732445,3,19.097018,24.438481,1.580245,19.128000,24.452000,19.128000,26.252000,0.030982,-0.013519,0.799798,1.532079,-0.048166,1.813519,0.600000,-0.037285,0,0
1789806890.832450,3,19.100593,24.563376,1.590311,19.128000,24.452000,19.128000,26.252000,0.027407,0.111376,0.799842,1.536544,-0.053766,1.688624,0.562875,-0.039085,0,0
1789806890.932429,3,19.100593,24.563376,1.590311,19.128000,24.452000,19.128000,26.252000,0.027407,0.111376,0.799842,1.536544,-0.053766,1.688624,0.562875,-0.039748,0,0
1789806891.032496,3,19.100593,24.563376,1.590311,19.128000,24.452000,19.128000,26.252000,0.027407,0.111376,0.799842,1.536544,-0.053766,1.688624,0.562875,-0.039659,0,0
1789806891.132454,3,19.097338,24.706457,1.593963,19.128000,24.452000,19.128000,26.252000,0.030662,0.254457,0.799803,1.532478,-0.061486,1.545543,0.515181,-0.042024,0,0
1789806891.232521,3,19.097338,24.706457,1.593963,19.128000,24.452000,19.128000,26.252000,0.030662,0.254457,0.799803,1.532478,-0.061486,1.545543,0.515181,-0.043087,0,0
1789806891.332488,3,19.097338,24.706457,1.593963,19.128000,24.452000,19.128000,26.252000,0.030662,0.254457,0.799803,1.532478,-0.061486,1.545543,0.515181,-0.043273,0,0
1789806891.432495,3,19.094485,24.863438,1.591160,19.128000,24.452000,19.128000,26.252000,0.033515,0.411438,0.799764,1.528915,-0.062245,1.388562,0.462854,-0.043180,0,0
1789806891.532539,3,19.094485,24.863438,1.591160,19.128000,24.452000,19.128000,26.252000,0.033515,0.411438,0.799764,1.528915,-0.062245,1.388562,0.462854,-0.042638,0,0
1789806891.632553,3,19.090509,24.975233,1.593314,19.128000,24.452000,19.128000,26.252000,0.037491,0.523233,0.799705,1.523949,-0.069365,1.276767,0.425589,-0.044535,0,0
1789806891.732735,3,19.090509,24.975233,1.593314,19.128000,24.452000,19.128000,26.252000,0.037491,0.523233,0.799705,1.523949,-0.069365,1.276767,0.425589,-0.045356,0,0
1789806891.832828,3,19.091972,25.084300,1.583058,19.128000,24.452000,19.128000,26.252000,0.036028,0.632300,0.799728,1.525776,-0.057282,1.167700,0.389233,-0.040865,0,0
1789806891.932535,3,19.091972,25.084300,1.583058,19.128000,24.452000,19.128000,26.252000,0.036028,0.632300,0.799728,1.525776,-0.057282,1.167700,0.389233,-0.037502,0,0
1789806892.032544,3,19.091972,25.084300,1.583058,19.128000,24.452000,19.128000,26.252000,0.036028,0.632300,0.799728,1.525776,-0.057282,1.167700,0.389233,-0.034995,0,0
1789806892.132539,3,19.093576,25.234786,1.558297,19.128000,24.452000,19.128000,26.252000,0.034424,0.782786,0.799751,1.527780,-0.030517,1.017214,0.339071,-0.022966,0,0
1789806892.232555,3,19.093576,25.234786,1.558297,19.128000,24.452000,19.128000,26.252000,0.034424,0.782786,0.799751,1.527780,-0.030517,1.017214,0.339071,-0.014959,0,0
1789806892.332588,3,19.093576,25.234786,1.558297,19.128000,24.452000,19.128000,26.252000,0.034424,0.782786,0.799751,1.527780,-0.030517,1.017214,0.339071,-0.009846,0,0
1789806892.432581,3,19.093655,25.378676,1.537657,19.128000,24.452000,19.128000,26.252000,0.034345,0.926676,0.799752,1.527878,-0.009779,0.873324,0.300000,0.001088,0,0
1789806892.533167,3,19.093655,25.378676,1.537657,19.128000,24.452000,19.128000,26.252000,0.034345,0.926676,0.799752,1.527878,-0.009779,0.873324,0.300000,0.007846,0,0
1789806892.632553,3,19.093655,25.378676,1.537657,19.128000,24.452000,19.128000,26.252000,0.034345,0.926676,0.799752,1.527878,-0.009779,0.873324,0.300000,0.011663,0,0
1789806892.732604,3,19.095627,25.508446,1.518391,19.128000,24.452000,19.128000,26.252000,0.032373,1.056446,0.799780,1.530341,0.011950,0.743554,0.300000,0.021697,0,0
1789806892.832644,3,19.095627,25.508446,1.518391,19.128000,24.452000,19.128000,26.252000,0.032373,1.056446,0.799780,1.530341,0.011950,0.743554,0.300000,0.027490,0,0
1789806892.932570,3,19.095627,25.508446,1.518391,19.128000,24.452000,19.128000,26.252000,0.032373,1.056446,0.799780,1.530341,0.011950,0.743554,0.300000,0.030337,0,0
1789806893.032553,3,19.098096,25.617303,1.506947,19.128000,24.452000,19.128000,26.252000,0.029904,1.165303,0.799812,1.533425,0.026477,0.634697,0.300000,0.036706,0,0
1789806893.132725,3,19.098096,25.617303,1.506947,19.128000,24.452000,19.128000,26.252000,0.029904,1.165303,0.799812,1.533425,0.026477,0.634697,0.300000,0.039843,0,0
1789806893.232607,3,19.098096,25.617303,1.506947,19.128000,24.452000,19.128000,26.252000,0.029904,1.165303,0.799812,1.533425,0.026477,0.634697,0.300000,0.040787,0,0
1789806893.332612,3,19.098096,25.617303,1.506947,19.128000,24.452000,19.128000,26.252000,0.029904,1.165303,0.799812,1.533425,0.026477,0.634697,0.300000,0.040289,0,0
1789806893.432663,3,19.101945,25.742696,1.510970,19.128000,24.452000,19.128000,26.252000,0.026055,1.290696,0.799857,1.538233,0.027264,0.509304,0.300000,0.039187,0,0
1789806893.532649,3,19.101945,25.742696,1.510970,19.128000,24.452000,19.128000,26.252000,0.026055,1.290696,0.799857,1.538233,0.027264,0.509304,0.300000,0.037459,0,0
1789806893.632720,3,19.101945,25.742696,1.510970,19.128000,24.452000,19.128000,26.252000,0.026055,1.290696,0.799857,1.538233,0.027264,0.509304,0.300000,0.035401,0,0
1789806893.732679,3,19.101945,25.742696,1.510970,19.128000,24.452000,19.128000,26.252000,0.026055,1.290696,0.799857,1.538233,0.027264,0.509304,0.300000,0.033212,0,0
1789806893.832875,4,19.101762,25.858309,1.530692,19.128000,24.452000,19.128000,26.252000,0.026238,1.406309,0.799855,1.538005,0.007313,0.393691,0.300000,0.023447,0,0
1789806893.932709,4,19.101762,25.858309,1.530692,19.128000,26.252000,13.628000,26.252000,0.393691,0.026238,0.769155,2.668512,1.137820,5.473762,0.180000,0.178758,0,0
1789806894.032973,4,19.101762,25.858309,1.530692,19.128000,26.252000,13.628000,26.252000,0.393691,0.026238,0.769155,2.668512,1.137820,5.473762,0.180000,0.303006,0,0
1789806894.132806,4,19.101762,25.858309,1.530692,19.128000,26.252000,13.628000,26.252000,0.393691,0.026238,0.769155,2.668512,1.137820,5.473762,0.180000,0.402405,0,0
1789806894.232957,4,19.093917,25.978392,1.563997,19.128000,26.252000,13.628000,26.252000,0.273608,0.034083,0.784684,2.806089,1.242092,5.465917,0.180000,0.481924,0,0
1789806894.332708,4,19.093917,25.978392,1.563997,19.128000,26.252000,13.628000,26.252000,0.273608,0.034083,0.784684,2.806089,1.242092,5.465917,0.180000,0.545539,0,0
1789806894.433954,4,19.093917,25.978392,1.563997,19.128000,26.252000,13.628000,26.252000,0.273608,0.034083,0.784684,2.806089,1.242092,5.465917,0.180000,0.596431,0,0
1789806894.532700,4,19.093917,25.978392,1.563997,19.128000,26.252000,13.628000,26.252000,0.273608,0.034083,0.784684,2.806089,1.242092,5.465917,0.180000,0.637145,0,0
1789806894.632747,4,19.085841,26.097776,1.587403,19.128000,26.252000,13.628000,26.252000,0.154224,0.042159,0.795046,2.949991,1.362588,5.457841,0.180000,0.669716,0,0
1789806894.732740,4,19.085841,26.097776,1.587403,19.128000,26.252000,13.628000,26.252000,0.154224,0.042159,0.795046,2.949991,1.362588,5.457841,0.180000,0.695773,0,0
1789806894.832742,4,19.085841,26.097776,1.587403,19.128000,26.252000,13.628000,26.252000,0.154224,0.042159,0.795046,2.949991,1.362588,5.457841,0.180000,0.716618,0,0
1789806894.932835,4,19.085841,26.097776,1.587403,19.128000,26.252000,13.628000,26.252000,0.154224,0.042159,0.795046,2.949991,1.362588,5.457841,0.180000,0.733295,0,0
1789806895.032819,4,19.085841,26.097776,1.587403,19.128000,26.252000,13.628000,26.252000,0.154224,0.042159,0.795046,2.949991,1.362588,5.457841,0.180000,0.746636,0,0
1789806895.132824,4,19.077658,26.212626,1.713739,19.128000,26.252000,13.628000,26.252000,0.039374,0.050342,0.799675,3.092395,1.378656,5.449658,0.180000,0.757309,0,0
1789806895.233513,4,19.077658,26.212626,1.713739,19.128000,26.252000,13.628000,26.252000,0.039374,0.050342,0.799675,3.092395,1.378656,5.449658,0.180000,0.765847,0,0
1789806895.332765,4,19.077658,26.212626,1.713739,19.128000,26.252000,13.628000,26.252000,0.039374,0.050342,0.799675,3.092395,1.378656,5.449658,0.180000,0.772677,0,0
1789806895.432770,4,19.062018,26.257410,1.866426,19.128000,26.252000,13.628000,26.252000,-0.005410,0.065982,0.799994,-3.134831,1.281929,5.434018,0.180000,0.740251,0,0
1789806895.532806,4,19.062018,26.257410,1.866426,19.128000,26.252000,13.628000,26.252000,-0.005410,0.065982,0.799994,-3.134831,1.281929,5.434018,0.180000,0.715527,0,0
1789806895.632965,4,19.048531,26.292445,2.013453,19.128000,26.252000,13.628000,26.252000,-0.040445,0.079469,0.799657,-3.091058,1.178674,5.420531,0.180000,0.657529,0,0
1789806895.733110,4,19.048531,26.292445,2.013453,19.128000,26.252000,13.628000,26.252000,-0.040445,0.079469,0.799657,-3.091058,1.178674,5.420531,0.180000,0.617683,0,0
1789806895.832824,4,19.026415,26.325163,2.179220,19.128000,26.252000,13.628000,26.252000,-0.073163,0.101585,0.798878,-3.050265,1.053700,5.398415,0.180000,0.543460,0,0
1789806895.932902,4,19.026415,26.325163,2.179220,19.128000,26.252000,13.628000,26.252000,-0.073163,0.101585,0.798878,-3.050265,1.053700,5.398415,0.180000,0.495293,0,0
1789806896.032927,4,18.994988,26.357678,2.364764,19.128000,26.252000,13.628000,26.252000,-0.105678,0.133012,0.797664,-3.009876,0.908545,5.366988,0.180000,0.410582,0,0
1789806896.132861,4,18.994988,26.357678,2.364764,19.128000,26.252000,13.628000,26.252000,-0.105678,0.133012,0.797664,-3.009876,0.908545,5.366988,0.180000,0.358115,0,0
1789806896.232799,4,18.968602,26.386250,2.536168,19.128000,26.252000,13.628000,26.252000,-0.134250,0.159398,0.796239,-2.974559,0.772459,5.340602,0.180000,0.276651,0,0
1789806896.332976,4,18.968602,26.386250,2.536168,19.128000,26.252000,13.628000,26.252000,-0.134250,0.159398,0.796239,-2.974559,0.772459,5.340602,0.180000,0.228897,0,0
1789806896.432869,4,18.937577,26.407880,2.712059,19.128000,26.252000,13.628000,26.252000,-0.155880,0.190423,0.794940,-2.947960,0.623167,5.309577,0.300000,0.147845,0,0
1789806896.532869,4,18.937577,26.407880,2.712059,19.128000,26.252000,13.628000,26.252000,-0.155880,0.190423,0.794940,-2.947960,0.623167,5.309577,0.300000,0.102521,0,0
1789806896.632854,4,18.899941,26.414594,2.862120,19.128000,26.252000,13.628000,26.252000,-0.162594,0.228059,0.794499,-2.939730,0.481335,5.271941,0.300000,0.027980,0,0
1789806896.732895,4,18.899941,26.414594,2.862120,19.128000,26.252000,13.628000,26.252000,-0.162594,0.228059,0.794499,-2.939730,0.481335,5.271941,0.300000,-0.011219,0,0
1789806896.833069,4,18.865609,26.415144,2.992368,19.128000,26.252000,13.628000,26.252000,-0.163144,0.262391,0.794462,-2.939057,0.351761,5.237609,0.300000,-0.075470,0,0
1789806896.933146,4,18.865609,26.415144,2.992368,19.128000,26.252000,13.628000,26.252000,-0.163144,0.262391,0.794462,-2.939057,0.351761,5.237609,0.300000,-0.106537,0,0
1789806897.032918,4,18.831703,26.412365,3.089641,19.128000,26.252000,13.628000,26.252000,-0.160365,0.296297,0.794648,-2.942460,0.251084,5.203703,0.300000,-0.153439,0,0
1789806897.132988,4,18.831703,26.412365,3.089641,19.128000,26.252000,13.628000,26.252000,-0.160365,0.296297,0.794648,-2.942460,0.251084,5.203703,0.300000,-0.172297,0,0
1789806897.232923,4,18.831703,26.412365,3.089641,19.128000,26.252000,13.628000,26.252000,-0.160365,0.296297,0.794648,-2.942460,0.251084,5.203703,0.300000,-0.172452,0,0
1789806897.333127,4,18.770598,26.404046,-3.070450,19.128000,26.252000,13.628000,26.252000,-0.152046,0.357402,0.795184,-2.952664,0.117786,5.142598,0.421396,-0.211205,0,0
1789806897.434478,4,18.770598,26.404046,-3.070450,19.128000,26.252000,13.628000,26.252000,-0.152046,0.357402,0.795184,-2.952664,0.117786,5.142598,0.421396,-0.225204,0,0
1789806897.532984,4,18.770598,26.404046,-3.070450,19.128000,26.252000,13.628000,26.252000,-0.152046,0.357402,0.795184,-2.952664,0.117786,5.142598,0.421396,-0.222799,0,0
1789806897.633056,4,18.770598,26.404046,-3.070450,19.128000,26.252000,13.628000,26.252000,-0.152046,0.357402,0.795184,-2.952664,0.117786,5.142598,0.421396,-0.209992,0,0
1789806897.732995,4,18.688907,26.394128,-2.980060,19.128000,26.252000,13.628000,26.252000,-0.142128,0.439093,0.795788,-2.964856,0.015204,5.060907,0.552099,-0.230041,0,0
1789806897.833024,4,18.688907,26.394128,-2.980060,19.128000,26.252000,13.628000,26.252000,-0.142128,0.439093,0.795788,-2.964856,0.015204,5.060907,0.552099,-0.233366,0,0
1789806897.933005,4,18.688907,26.394128,-2.980060,19.128000,26.252000,13.628000,26.252000,-0.142128,0.439093,0.795788,-2.964856,0.015204,5.060907,0.552099,-0.225856,0,0
1789806898.033007,4,18.688907,26.394128,-2.980060,19.128000,26.252000,13.628000,26.252000,-0.142128,0.439093,0.795788,-2.964856,0.015204,5.060907,0.552099,-0.211711,0,0
1789806898.133542,4,18.688907,26.394128,-2.980060,19.128000,26.252000,13.628000,26.252000,-0.142128,0.439093,0.795788,-2.964856,0.015204,5.060907,0.552099,-0.193886,0,0
1789806898.232970,4,18.580483,26.377176,-2.948830,19.128000,26.252000,13.628000,26.252000,-0.125176,0.547517,0.796728,-2.985754,-0.036925,4.952483,0.540271,-0.194300,0,0
1789806898.333750,4,18.580483,26.377176,-2.948830,19.128000,26.252000,13.628000,26.252000,-0.125176,0.547517,0.796728,-2.985754,-0.036925,4.952483,0.540271,-0.187532,0,0
1789806898.433173,4,18.580483,26.377176,-2.948830,19.128000,26.252000,13.628000,26.252000,-0.125176,0.547517,0.796728,-2.985754,-0.036925,4.952483,0.540271,-0.176437,0,0
1789806898.533182,4,18.580483,26.377176,-2.948830,19.128000,26.252000,13.628000,26.252000,-0.125176,0.547517,0.796728,-2.985754,-0.036925,4.952483,0.540271,-0.163018,0,0
1789806898.633067,4,18.580483,26.377176,-2.948830,19.128000,26.252000,13.628000,26.252000,-0.125176,0.547517,0.796728,-2.985754,-0.036925,4.952483,0.540271,-0.148647,0,0
1789806898.733047,4,18.461071,26.348447,-2.874286,19.128000,26.252000,13.628000,26.252000,-0.096447,0.666929,0.798053,-3.021323,-0.147036,4.833071,0.385994,-0.176088,0,0
1789806898.833066,4,18.461071,26.348447,-2.874286,19.128000,26.252000,13.628000,26.252000,-0.096447,0.666929,0.798053,-3.021323,-0.147036,4.833071,0.385994,-0.189547,0,0
1789806898.933096,4,18.461071,26.348447,-2.874286,19.128000,26.252000,13.628000,26.252000,-0.096447,0.666929,0.798053,-3.021323,-0.147036,4.833071,0.385994,-0.193520,0,0
1789806899.033081,4,18.461071,26.348447,-2.874286,19.128000,26.252000,13.628000,26.252000,-0.096447,0.666929,0.798053,-3.021323,-0.147036,4.833071,0.385994,-0.191262,0,0
1789806899.133788,4,18.355096,26.312425,-2.787540,19.128000,26.252000,13.628000,26.252000,-0.060425,0.772904,0.799234,-3.066132,-0.278592,4.727096,0.300000,-0.235090,0,0
1789806899.233078,4,18.355096,26.312425,-2.787540,19.128000,26.252000,13.628000,26.252000,-0.060425,0.772904,0.799234,-3.066132,-0.278592,4.727096,0.300000,-0.259308,0,0
1789806899.333091,4,18.355096,26.312425,-2.787540,19.128000,26.252000,13.628000,26.252000,-0.060425,0.772904,0.799234,-3.066132,-0.278592,4.727096,0.300000,-0.270007,0,0
1789806899.433210,4,18.246137,26.273529,-2.776150,19.128000,26.252000,13.628000,26.252000,-0.021529,0.881863,0.799903,-3.114685,-0.338535,4.618137,0.300000,-0.294382,0,0
1789806899.533122,4,18.246137,26.273529,-2.776150,19.128000,26.252000,13.628000,26.252000,-0.021529,0.881863,0.799903,-3.114685,-0.338535,4.618137,0.300000,-0.304978,0,0
1789806899.633285,4,18.246137,26.273529,-2.776150,19.128000,26.252000,13.628000,26.252000,-0.021529,0.881863,0.799903,-3.114685,-0.338535,4.618137,0.300000,-0.306330,0,0
1789806899.733138,4,18.130149,26.234435,-2.824496,19.128000,26.252000,13.628000,26.252000,0.017565,0.997851,0.799935,3.119638,-0.339052,4.502149,0.300000,-0.301910,0,0
1789806899.833176,4,18.130149,26.234435,-2.824496,19.128000,26.252000,13.628000,26.252000,0.017565,0.997851,0.799935,3.119638,-0.339052,4.502149,0.300000,-0.293786,0,0
1789806899.933147,4,18.130149,26.234435,-2.824496,19.128000,26.252000,13.628000,26.252000,0.017565,0.997851,0.799935,3.119638,-0.339052,4.502149,0.300000,-0.283616,0,0
1789806900.033205,4,18.130149,26.234435,-2.824496,19.128000,26.252000,13.628000,26.252000,0.017565,0.997851,0.799935,3.119638,-0.339052,4.502149,0.300000,-0.272544,0,0
1789806900.133132,4,18.002094,26.212453,-2.962848,19.128000,26.252000,13.628000,26.252000,0.039547,1.125906,0.799672,3.092179,-0.228158,4.374094,0.302613,-0.219197,0,0
1789806900.233283,4,18.002094,26.212453,-2.962848,19.128000,26.252000,13.628000,26.252000,0.039547,1.125906,0.799672,3.092179,-0.228158,4.374094,0.302613,-0.180850,0,0
1789806900.333233,4,18.002094,26.212453,-2.962848,19.128000,26.252000,13.628000,26.252000,0.039547,1.125906,0.799672,3.092179,-0.228158,4.374094,0.302613,-0.153637,0,0
1789806900.433186,4,18.002094,26.212453,-2.962848,19.128000,26.252000,13.628000,26.252000,0.039547,1.125906,0.799672,3.092179,-0.228158,4.374094,0.302613,-0.134639,0,0
1789806900.533202,4,17.884735,26.211736,-3.127137,19.128000,26.252000,13.628000,26.252000,0.040264,1.243265,0.799660,3.091284,-0.064765,4.256735,0.464371,-0.059574,0,0
1789806900.633324,4,17.884735,26.211736,-3.127137,19.128000,26.252000,13.628000,26.252000,0.040264,1.243265,0.799660,3.091284,-0.064765,4.256735,0.464371,-0.010445,0,0
1789806900.733308,4,17.884735,26.211736,-3.127137,19.128000,26.252000,13.628000,26.252000,0.040264,1.243265,0.799660,3.091284,-0.064765,4.256735,0.464371,0.020120,0,0
1789806900.833188,4,17.884735,26.211736,-3.127137,19.128000,26.252000,13.628000,26.252000,0.040264,1.243265,0.799660,3.091284,-0.064765,4.256735,0.464371,0.037581,0,0
1789806900.933204,4,17.760287,26.222995,3.033981,19.128000,26.252000,13.628000,26.252000,0.029005,1.367713,0.799823,3.105344,0.071363,4.132287,0.450795,0.097684,0,0
1789806901.033222,4,17.760287,26.222995,3.033981,19.128000,26.252000,13.628000,26.252000,0.029005,1.367713,0.799823,3.105344,0.071363,4.132287,0.450795,0.133669,0,0
1789806901.133207,4,17.760287,26.222995,3.033981,19.128000,26.252000,13.628000,26.252000,0.029005,1.367713,0.799823,3.105344,0.071363,4.132287,0.450795,0.152780,0,0
1789806901.233176,4,17.760287,26.222995,3.033981,19.128000,26.252000,13.628000,26.252000,0.029005,1.367713,0.799823,3.105344,0.071363,4.132287,0.450795,0.160327,0,0
1789806901.333261,4,17.641175,26.243678,2.965521,19.128000,26.252000,13.628000,26.252000,0.008322,1.486825,0.799985,3.131190,0.165670,4.013175,0.365009,0.195985,0,0
1789806901.433249,4,17.641175,26.243678,2.965521,19.128000,26.252000,13.628000,26.252000,0.008322,1.486825,0.799985,3.131190,0.165670,4.013175,0.365009,0.214280,0,0
1789806901.533241,4,17.641175,26.243678,2.965521,19.128000,26.252000,13.628000,26.252000,0.008322,1.486825,0.799985,3.131190,0.165670,4.013175,0.365009,0.220731,0,0
1789806901.633464,4,17.532098,26.269612,2.912690,19.128000,26.252000,13.628000,26.252000,-0.017612,1.595902,0.799935,-3.119580,0.250916,3.904098,0.300000,0.251733,0,0
1789806901.733300,4,17.532098,26.269612,2.912690,19.128000,26.252000,13.628000,26.252000,-0.017612,1.595902,0.799935,-3.119580,0.250916,3.904098,0.300000,0.266524,0,0
1789806901.833359,4,17.532098,26.269612,2.912690,19.128000,26.252000,13.628000,26.252000,-0.017612,1.595902,0.799935,-3.119580,0.250916,3.904098,0.300000,0.270347,0,0
1789806901.933311,4,17.423513,26.297296,2.891220,19.128000,26.252000,13.628000,26.252000,-0.045296,1.704487,0.799569,-3.085003,0.306963,3.795513,0.300000,0.288291,0,0
1789806902.033314,4,17.423513,26.297296,2.891220,19.128000,26.252000,13.628000,26.252000,-0.045296,1.704487,0.799569,-3.085003,0.306963,3.795513,0.300000,0.294382,0,0
1789806902.134168,4,17.423513,26.297296,2.891220,19.128000,26.252000,13.628000,26.252000,-0.045296,1.704487,0.799569,-3.085003,0.306963,3.795513,0.300000,0.292645,0,0
1789806902.233287,4,17.308621,26.323757,2.914979,19.128000,26.252000,13.628000,26.252000,-0.071757,1.819379,0.798921,-3.052016,0.316190,3.680621,0.300000,0.289496,0,0
1789806902.333329,4,17.308621,26.323757,2.914979,19.128000,26.252000,13.628000,26.252000,-0.071757,1.819379,0.798921,-3.052016,0.316190,3.680621,0.300000,0.282224,0,0
1789806902.433339,4,17.308621,26.323757,2.914979,19.128000,26.252000,13.628000,26.252000,-0.071757,1.819379,0.798921,-3.052016,0.316190,3.680621,0.300000,0.272605,0,0
1789806902.533314,4,17.204105,26.334585,2.986617,19.128000,26.252000,13.628000,26.252000,-0.082585,1.923895,0.798571,-3.038543,0.258024,3.576105,0.300000,0.239764,0,0
1789806902.633339,4,17.204105,26.334585,2.986617,19.128000,26.252000,13.628000,26.252000,-0.082585,1.923895,0.798571,-3.038543,0.258024,3.576105,0.300000,0.214315,0,0
1789806902.733321,4,17.204105,26.334585,2.986617,19.128000,26.252000,13.628000,26.252000,-0.082585,1.923895,0.798571,-3.038543,0.258024,3.576105,0.300000,0.194616,0,0
1789806902.833354,4,17.204105,26.334585,2.986617,19.128000,26.252000,13.628000,26.252000,-0.082585,1.923895,0.798571,-3.038543,0.258024,3.576105,0.300000,0.179384,0,0
1789806902.933943,4,17.085067,26.334746,3.127177,19.128000,26.252000,13.628000,26.252000,-0.082746,2.042933,0.798566,-3.038343,0.117665,3.457067,0.421548,0.114516,0,0
1789806903.033406,4,17.085067,26.334746,3.127177,19.128000,26.252000,13.628000,26.252000,-0.082746,2.042933,0.798566,-3.038343,0.117665,3.457067,0.421548,0.070773,0,0
1789806903.136345,4,17.085067,26.334746,3.127177,19.128000,26.252000,13.628000,26.252000,-0.082746,2.042933,0.798566,-3.038343,0.117665,3.457067,0.421548,0.042300,0,0
1789806903.233379,4,17.085067,26.334746,3.127177,19.128000,26.252000,13.628000,26.252000,-0.082746,2.042933,0.798566,-3.038343,0.117665,3.457067,0.421548,0.024739,0,0
1789806903.333366,4,16.967164,26.323340,-3.026522,19.128000,26.252000,13.628000,26.252000,-0.071340,2.160836,0.798933,-3.052534,-0.026012,3.339164,0.364272,-0.039738,0,0
1789806903.433411,4,16.967164,26.323340,-3.026522,19.128000,26.252000,13.628000,26.252000,-0.071340,2.160836,0.798933,-3.052534,-0.026012,3.339164,0.364272,-0.079934,0,0
1789806903.533426,4,16.967164,26.323340,-3.026522,19.128000,26.252000,13.628000,26.252000,-0.071340,2.160836,0.798933,-3.052534,-0.026012,3.339164,0.364272,-0.102982,0,0
1789806903.633424,4,16.967164,26.323340,-3.026522,19.128000,26.252000,13.628000,26.252000,-0.071340,2.160836,0.798933,-3.052534,-0.026012,3.339164,0.364272,-0.114134,0,0
1789806903.733801,4,16.852293,26.302464,-2.934656,19.128000,26.252000,13.628000,26.252000,-0.050464,2.275707,0.799466,-3.078555,-0.143898,3.224293,0.389644,-0.162017,0,0
1789806903.833428,4,16.852293,26.302464,-2.934656,19.128000,26.252000,13.628000,26.252000,-0.050464,2.275707,0.799466,-3.078555,-0.143898,3.224293,0.389644,-0.189059,0,0
1789806903.933954,4,16.852293,26.302464,-2.934656,19.128000,26.252000,13.628000,26.252000,-0.050464,2.275707,0.799466,-3.078555,-0.143898,3.224293,0.389644,-0.201682,0,0
1789806904.033467,4,16.852293,26.302464,-2.934656,19.128000,26.252000,13.628000,26.252000,-0.050464,2.275707,0.799466,-3.078555,-0.143898,3.224293,0.389644,-0.204571,0,0
1789806904.133533,4,16.727030,26.266832,-2.880456,19.128000,26.252000,13.628000,26.252000,-0.014832,2.400970,0.799954,-3.123054,-0.242598,3.099030,0.300000,-0.238625,0,0
1789806904.233457,4,16.727030,26.266832,-2.880456,19.128000,26.252000,13.628000,26.252000,-0.014832,2.400970,0.799954,-3.123054,-0.242598,3.099030,0.300000,-0.255727,0,0
1789806904.333448,4,16.727030,26.266832,-2.880456,19.128000,26.252000,13.628000,26.252000,-0.014832,2.400970,0.799954,-3.123054,-0.242598,3.099030,0.300000,-0.261294,0,0
1789806904.433486,4,16.727030,26.266832,-2.880456,19.128000,26.252000,13.628000,26.252000,-0.014832,2.400970,0.799954,-3.123054,-0.242598,3.099030,0.300000,-0.259258,0,0
1789806904.533797,4,16.595505,26.240204,-2.895303,19.128000,26.252000,13.628000,26.252000,0.011796,2.532495,0.799971,3.126849,-0.261034,2.967505,0.300000,-0.259426,0,0
1789806904.633474,4,16.595505,26.240204,-2.895303,19.128000,26.252000,13.628000,26.252000,0.011796,2.532495,0.799971,3.126849,-0.261034,2.967505,0.300000,-0.254377,0,0
1789806904.733530,4,16.595505,26.240204,-2.895303,19.128000,26.252000,13.628000,26.252000,0.011796,2.532495,0.799971,3.126849,-0.261034,2.967505,0.300000,-0.246192,0,0
1789806904.833543,4,16.595505,26.240204,-2.895303,19.128000,26.252000,13.628000,26.252000,0.011796,2.532495,0.799971,3.126849,-0.261034,2.967505,0.300000,-0.236326,0,0
1789806904.933492,4,16.459531,26.215782,-2.992810,19.128000,26.252000,13.628000,26.252000,0.036218,2.668469,0.799725,3.096335,-0.194040,2.831531,0.335227,-0.200312,0,0
1789806905.033500,4,16.459531,26.215782,-2.992810,19.128000,26.252000,13.628000,26.252000,0.036218,2.668469,0.799725,3.096335,-0.194040,2.831531,0.335227,-0.173132,0,0
1789806905.133526,4,16.459531,26.215782,-2.992810,19.128000,26.252000,13.628000,26.252000,0.036218,2.668469,0.799725,3.096335,-0.194040,2.831531,0.335227,-0.152692,0,0
1789806905.234741,4,16.459531,26.215782,-2.992810,19.128000,26.252000,13.628000,26.252000,0.036218,2.668469,0.799725,3.096335,-0.194040,2.831531,0.335227,-0.137384,0,0
1789806905.335152,4,16.328200,26.210740,-3.122972,19.128000,26.252000,13.628000,26.252000,0.041260,2.799800,0.799643,3.090041,-0.070173,2.700200,0.300000,-0.079040,0,0
1789806905.433572,4,16.328200,26.210740,-3.122972,19.128000,26.252000,13.628000,26.252000,0.041260,2.799800,0.799643,3.090041,-0.070173,2.700200,0.300000,-0.039942,0,0
1789806905.533593,4,16.328200,26.210740,-3.122972,19.128000,26.252000,13.628000,26.252000,0.041260,2.799800,0.799643,3.090041,-0.070173,2.700200,0.300000,-0.014725,0,0
1789806905.633676,4,16.328200,26.210740,-3.122972,19.128000,26.252000,13.628000,26.252000,0.041260,2.799800,0.799643,3.090041,-0.070173,2.700200,0.300000,0.000599,0,0
1789806905.733632,4,16.211619,26.216021,3.053225,19.128000,26.252000,13.628000,26.252000,0.035979,2.916381,0.799728,3.096634,0.043409,2.583619,0.300000,0.052157,0,0
1789806905.833588,4,16.211619,26.216021,3.053225,19.128000,26.252000,13.628000,26.252000,0.035979,2.916381,0.799728,3.096634,0.043409,2.583619,0.300000,0.083935,0,0
1789806905.933753,4,16.211619,26.216021,3.053225,19.128000,26.252000,13.628000,26.252000,0.035979,2.916381,0.799728,3.096634,0.043409,2.583619,0.300000,0.101784,0,0
1789806906.033581,4,16.211619,26.216021,3.053225,19.128000,26.252000,13.628000,26.252000,0.035979,2.916381,0.799728,3.096634,0.043409,2.583619,0.300000,0.110005,0,0
1789806906.133600,4,16.077560,26.226852,2.981996,19.128000,26.252000,13.628000,26.252000,0.025148,3.050440,0.799867,3.110163,0.128167,2.449560,0.408474,0.143937,0,0
1789806906.233771,4,16.077560,26.226852,2.981996,19.128000,26.252000,13.628000,26.252000,0.025148,3.050440,0.799867,3.110163,0.128167,2.449560,0.408474,0.162460,0,0
1789806906.333746,4,16.077560,26.226852,2.981996,19.128000,26.252000,13.628000,26.252000,0.025148,3.050440,0.799867,3.110163,0.128167,2.449560,0.408474,0.170379,0,0
1789806906.433609,4,16.077560,26.226852,2.981996,19.128000,26.252000,13.628000,26.252000,0.025148,3.050440,0.799867,3.110163,0.128167,2.449560,0.408474,0.171196,0,0
1789806906.533744,4,15.943694,26.233104,2.989088,19.128000,26.252000,13.628000,26.252000,0.018896,3.184306,0.799925,3.117975,0.128887,2.315694,0.407593,0.167707,0,0
1789806906.633636,4,15.943694,26.233104,2.989088,19.128000,26.252000,13.628000,26.252000,0.018896,3.184306,0.799925,3.117975,0.128887,2.315694,0.407593,0.161344,0,0
1789806906.733654,4,15.943694,26.233104,2.989088,19.128000,26.252000,13.628000,26.252000,0.018896,3.184306,0.799925,3.117975,0.128887,2.315694,0.407593,0.153396,0,0
1789806906.833650,4,15.943694,26.233104,2.989088,19.128000,26.252000,13.628000,26.252000,0.018896,3.184306,0.799925,3.117975,0.128887,2.315694,0.407593,0.144750,0,0
1789806906.933719,4,15.821750,26.237161,3.036936,19.128000,26.252000,13.628000,26.252000,0.014839,3.306250,0.799954,3.123045,0.086109,2.193750,0.300000,0.119753,0,0
1789806907.033775,4,15.821750,26.237161,3.036936,19.128000,26.252000,13.628000,26.252000,0.014839,3.306250,0.799954,3.123045,0.086109,2.193750,0.300000,0.100687,0,0
1789806907.133659,4,15.821750,26.237161,3.036936,19.128000,26.252000,13.628000,26.252000,0.014839,3.306250,0.799954,3.123045,0.086109,2.193750,0.300000,0.086180,0,0
1789806907.233686,4,15.821750,26.237161,3.036936,19.128000,26.252000,13.628000,26.252000,0.014839,3.306250,0.799954,3.123045,0.086109,2.193750,0.300000,0.075170,0,0
1789806907.333871,4,15.680036,26.240637,3.091555,19.128000,26.252000,13.628000,26.252000,0.011363,3.447964,0.799973,3.127389,0.035834,2.052036,0.300000,0.047736,0,0
1789806907.434132,4,15.680036,26.240637,3.091555,19.128000,26.252000,13.628000,26.252000,0.011363,3.447964,0.799973,3.127389,0.035834,2.052036,0.300000,0.028985,0,0
1789806907.533687,4,15.680036,26.240637,3.091555,19.128000,26.252000,13.628000,26.252000,0.011363,3.447964,0.799973,3.127389,0.035834,2.052036,0.300000,0.016542,0,0
1789806907.633855,4,15.568397,26.237473,3.123377,19.128000,26.252000,13.628000,26.252000,0.014527,3.559603,0.799956,3.123435,0.000058,1.940397,0.300000,-0.004959,0,0
1789806907.733799,4,15.568397,26.237473,3.123377,19.128000,26.252000,13.628000,26.252000,0.014527,3.559603,0.799956,3.123435,0.000058,1.940397,0.300000,-0.018520,0,0
1789806907.833705,4,15.568397,26.237473,3.123377,19.128000,26.252000,13.628000,26.252000,0.014527,3.559603,0.799956,3.123435,0.000058,1.940397,0.300000,-0.026457,0,0
1789806907.933750,4,15.447569,26.231749,-3.138847,19.128000,26.252000,13.628000,26.252000,0.020251,3.680431,0.799914,3.116282,-0.028056,1.819569,0.300000,-0.041159,0,0
1789806908.033735,4,15.447569,26.231749,-3.138847,19.128000,26.252000,13.628000,26.252000,0.020251,3.680431,0.799914,3.116282,-0.028056,1.819569,0.300000,-0.049483,0,0
1789806908.133900,4,15.447569,26.231749,-3.138847,19.128000,26.252000,13.628000,26.252000,0.020251,3.680431,0.799914,3.116282,-0.028056,1.819569,0.300000,-0.053392,0,0
1789806908.233819,4,15.447569,26.231749,-3.138847,19.128000,26.252000,13.628000,26.252000,0.020251,3.680431,0.799914,3.116282,-0.028056,1.819569,0.300000,-0.054319,0,0
1789806908.333769,4,15.318410,26.223792,-3.113525,19.128000,26.252000,13.628000,26.252000,0.028208,3.809590,0.799833,3.106340,-0.063321,1.690410,0.300000,-0.066706,0,0
1789806908.433890,4,15.318410,26.223792,-3.113525,19.128000,26.252000,13.628000,26.252000,0.028208,3.809590,0.799833,3.106340,-0.063321,1.690410,0.300000,-0.073232,0,0
1789806908.533808,4,15.318410,26.223792,-3.113525,19.128000,26.252000,13.628000,26.252000,0.028208,3.809590,0.799833,3.106340,-0.063321,1.690410,0.300000,-0.075745,0,0
1789806908.633955,4,15.318410,26.223792,-3.113525,19.128000,26.252000,13.628000,26.252000,0.028208,3.809590,0.799833,3.106340,-0.063321,1.690410,0.300000,-0.075591,0,0
1789806908.733874,4,15.208694,26.217613,-3.101936,19.128000,26.252000,13.628000,26.252000,0.034387,3.919306,0.799752,3.098622,-0.082627,1.580694,0.300000,-0.081075,0,0
1789806908.834075,4,15.208694,26.217613,-3.101936,19.128000,26.252000,13.628000,26.252000,0.034387,3.919306,0.799752,3.098622,-0.082627,1.580694,0.300000,-0.082994,0,0
1789806908.933957,4,15.208694,26.217613,-3.101936,19.128000,26.252000,13.628000,26.252000,0.034387,3.919306,0.799752,3.098622,-0.082627,1.580694,0.300000,-0.082555,0,0
1789806909.033844,4,15.208694,26.217613,-3.101936,19.128000,26.252000,13.628000,26.252000,0.034387,3.919306,0.799752,3.098622,-0.082627,1.580694,0.300000,-0.080625,0,0
1789806909.133949,4,15.093586,26.208416,-3.088804,19.128000,26.252000,13.628000,26.252000,0.043584,4.034414,0.799601,3.087139,-0.107242,1.465586,0.434938,-0.087165,0,0
1789806909.233918,4,15.093586,26.208416,-3.088804,19.128000,26.252000,13.628000,26.252000,0.043584,4.034414,0.799601,3.087139,-0.107242,1.465586,0.434938,-0.090008,0,0
1789806909.333913,4,15.093586,26.208416,-3.088804,19.128000,26.252000,13.628000,26.252000,0.043584,4.034414,0.799601,3.087139,-0.107242,1.465586,0.434938,-0.090373,0,0
1789806909.433926,4,15.093586,26.208416,-3.088804,19.128000,26.252000,13.628000,26.252000,0.043584,4.034414,0.799601,3.087139,-0.107242,1.465586,0.434938,-0.089136,0,0
1789806909.534033,4,14.974490,26.199600,-3.091780,19.128000,26.252000,13.628000,26.252000,0.052400,4.153510,0.799424,3.076139,-0.115267,1.346490,0.424592,-0.089972,0,0
1789806909.634134,4,14.974490,26.199600,-3.091780,19.128000,26.252000,13.628000,26.252000,0.052400,4.153510,0.799424,3.076139,-0.115267,1.346490,0.424592,-0.089213,0,0
1789806909.733872,4,14.974490,26.199600,-3.091780,19.128000,26.252000,13.628000,26.252000,0.052400,4.153510,0.799424,3.076139,-0.115267,1.346490,0.424592,-0.087465,0,0
1789806909.834430,4,14.974490,26.199600,-3.091780,19.128000,26.252000,13.628000,26.252000,0.052400,4.153510,0.799424,3.076139,-0.115267,1.346490,0.424592,-0.085152,0,0
1789806909.933894,4,14.857982,26.193813,-3.112616,19.128000,26.252000,13.628000,26.252000,0.058187,4.270018,0.799290,3.068922,-0.101647,1.229982,0.442300,-0.077397,0,0
1789806910.033946,4,14.857982,26.193813,-3.112616,19.128000,26.252000,13.628000,26.252000,0.058187,4.270018,0.799290,3.068922,-0.101647,1.229982,0.000000,0.000000,1,0
1789806910.133892,4,14.857982,26.193813,-3.112616,19.128000,26.252000,13.628000,26.252000,0.058187,4.270018,0.799290,3.068922,-0.101647,1.229982,0.000000,0.000000,1,0
1789806910.234172,4,14.857982,26.193813,-3.112616,19.128000,26.252000,13.628000,26.252000,0.058187,4.270018,0.799290,3.068922,-0.101647,1.229982,0.000000,0.000000,1,0
1789806910.334366,4,14.724505,26.193164,3.138554,19.128000,26.252000,13.628000,26.252000,0.058836,4.403495,0.799274,3.068113,-0.070441,1.096505,0.000000,0.000000,1,0
1789806910.433901,4,14.724505,26.193164,3.138554,19.128000,26.252000,13.628000,26.252000,0.058836,4.403495,0.799274,3.068113,-0.070441,1.096505,0.000000,0.000000,1,0
1789806910.534058,4,14.724505,26.193164,3.138554,19.128000,26.252000,13.628000,26.252000,0.058836,4.403495,0.799274,3.068113,-0.070441,1.096505,0.000000,0.000000,1,0
1789806910.633961,4,14.596962,26.198684,3.105208,19.128000,26.252000,13.628000,26.252000,0.053316,4.531038,0.799404,3.074996,-0.030212,0.968962,0.000000,0.000000,1,0
1789806910.734092,4,14.596962,26.198684,3.105208,19.128000,26.252000,13.628000,26.252000,0.053316,4.531038,0.799404,3.074996,-0.030212,0.968962,0.300000,-0.000466,0,0
1789806910.834058,4,14.596962,26.198684,3.105208,19.128000,26.252000,13.628000,26.252000,0.053316,4.531038,0.799404,3.074996,-0.030212,0.968962,0.300000,0.006795,0,0
1789806910.935500,4,14.473969,26.204557,3.082174,19.128000,26.252000,13.628000,26.252000,0.047443,4.654031,0.799528,3.082323,0.000149,0.845969,0.300000,0.021977,0,0
1789806911.034031,4,14.473969,26.204557,3.082174,19.128000,26.252000,13.628000,26.252000,0.047443,4.654031,0.799528,3.082323,0.000149,0.845969,0.300000,0.030817,0,0
1789806911.134055,4,14.473969,26.204557,3.082174,19.128000,26.252000,13.628000,26.252000,0.047443,4.654031,0.799528,3.082323,0.000149,0.845969,0.300000,0.035245,0,0
1789806911.234045,4,14.473969,26.204557,3.082174,19.128000,26.252000,13.628000,26.252000,0.047443,4.654031,0.799528,3.082323,0.000149,0.845969,0.300000,0.036672,0,0
1789806911.334059,4,14.473969,26.204557,3.082174,19.128000,26.252000,13.628000,26.252000,0.047443,4.654031,0.799528,3.082323,0.000149,0.845969,0.300000,0.036122,0,0
1789806911.434164,4,14.473969,26.204557,3.082174,19.128000,26.252000,13.628000,26.252000,0.047443,4.654031,0.799528,3.082323,0.000149,0.845969,0.300000,0.034327,0,0
1789806911.534066,4,14.364891,26.205407,3.049975,19.128000,26.252000,13.628000,26.252000,0.046593,4.763109,0.799544,3.083384,0.033408,0.736891,0.300000,0.044461,0,0
1789806911.634570,4,14.364891,26.205407,3.049975,19.128000,26.252000,13.628000,26.252000,0.046593,4.763109,0.799544,3.083384,0.033408,0.736891,0.300000,0.049837,0,0
1789806911.734051,4,14.364891,26.205407,3.049975,19.128000,26.252000,13.628000,26.252000,0.046593,4.763109,0.799544,3.083384,0.033408,0.736891,0.300000,0.051951,0,0
1789806911.834506,4,14.364891,26.205407,3.049975,19.128000,26.252000,13.628000,26.252000,0.046593,4.763109,0.799544,3.083384,0.033408,0.736891,0.300000,0.051895,0,0
1789806911.934116,4,14.364891,26.205407,3.049975,19.128000,26.252000,13.628000,26.252000,0.046593,4.763109,0.799544,3.083384,0.033408,0.736891,0.300000,0.050451,0,0
1789806912.035404,4,14.364891,26.205407,3.049975,19.128000,26.252000,13.628000,26.252000,0.046593,4.763109,0.799544,3.083384,0.033408,0.736891,0.300000,0.048178,0,0
1789806912.134141,4,14.364891,26.205407,3.049975,19.128000,26.252000,13.628000,26.252000,0.046593,4.763109,0.799544,3.083384,0.033408,0.736891,0.300000,0.045463,0,0
1789806912.234124,4,14.364891,26.205407,3.049975,19.128000,26.252000,13.628000,26.252000,0.046593,4.763109,0.799544,3.083384,0.033408,0.736891,0.300000,0.042576,0,0
1789806912.334175,4,14.364891,26.205407,3.049975,19.128000,26.252000,13.628000,26.252000,0.046593,4.763109,0.799544,3.083384,0.033408,0.736891,0.300000,0.039693,0,0
1789806912.434278,4,14.364891,26.205407,3.049975,19.128000,26.252000,13.628000,26.252000,0.046593,4.763109,0.799544,3.083384,0.033408,0.736891,0.300000,0.036929,0,0
1789806912.534276,4,14.364891,26.205407,3.049975,19.128000,26.252000,13.628000,26.252000,0.046593,4.763109,0.799544,3.083384,0.033408,0.736891,0.300000,0.034350,0,0
1789806912.634206,4,14.364891,26.205407,3.049975,19.128000,26.252000,13.628000,26.252000,0.046593,4.763109,0.799544,3.083384,0.033408,0.736891,0.300000,0.031994,0,0
1789806912.734207,4,14.245347,26.213939,3.078745,19.128000,26.252000,13.628000,26.252000,0.038061,4.882653,0.799696,3.094035,0.015290,0.617347,0.300000,0.022990,0,0
1789806912.834155,4,14.245347,26.213939,3.078745,19.128000,26.252000,13.628000,26.252000,0.038061,4.882653,0.799696,3.094035,0.015290,0.617347,0.300000,0.016614,0,0
1789806912.934169,4,14.245347,26.213939,3.078745,19.128000,26.252000,13.628000,26.252000,0.038061,4.882653,0.799696,3.094035,0.015290,0.617347,0.300000,0.012174,0,0
1789806913.034227,4,14.245347,26.213939,3.078745,19.128000,26.252000,13.628000,26.252000,0.038061,4.882653,0.799696,3.094035,0.015290,0.617347,0.300000,0.009151,0,0
1789806913.134277,4,14.245347,26.213939,3.078745,19.128000,26.252000,13.628000,26.252000,0.038061,4.882653,0.799696,3.094035,0.015290,0.617347,0.300000,0.007157,0,0
1789806913.234237,4,14.128971,26.215367,3.099576,19.128000,26.252000,13.628000,26.252000,0.036633,4.999029,0.799718,3.095817,-0.003759,0.500971,0.300000,-0.001340,0,0
1789806913.334302,4,14.128971,26.215367,3.099576,19.128000,26.252000,13.628000,26.252000,0.036633,4.999029,0.799718,3.095817,-0.003759,0.500971,0.300000,-0.006800,0,0
1789806913.434384,4,14.128971,26.215367,3.099576,19.128000,26.252000,13.628000,26.252000,0.036633,4.999029,0.799718,3.095817,-0.003759,0.500971,0.300000,-0.010097,0,0
1789806913.535311,4,14.128971,26.215367,3.099576,19.128000,26.252000,13.628000,26.252000,0.036633,4.999029,0.799718,3.095817,-0.003759,0.500971,0.300000,-0.011879,0,0
1789806913.635107,5,14.012588,26.215520,3.104550,19.128000,26.252000,13.628000,26.252000,0.036480,5.115412,0.799721,3.096008,-0.008542,0.384588,0.000000,0.000000,0,1
1789806913.734319,5,14.012588,26.215520,3.104550,19.128000,26.252000,13.628000,26.252000,0.036480,5.115412,0.799721,3.096008,-0.008542,0.384588,0.000000,0.000000,0,1
1789806913.834288,5,14.012588,26.215520,3.104550,19.128000,26.252000,13.628000,26.252000,0.036480,5.115412,0.799721,3.096008,-0.008542,0.384588,0.000000,0.000000,0,1
1789806913.934894,5,14.012588,26.215520,3.104550,19.128000,26.252000,13.628000,26.252000,0.036480,5.115412,0.799721,3.096008,-0.008542,0.384588,0.000000,0.000000,0,1
1789806914.034909,5,13.888984,26.216710,3.108433,19.128000,26.252000,13.628000,26.252000,0.036480,5.115412,0.799721,3.096008,-0.008542,0.384588,0.000000,0.000000,0,1
1789806914.135722,5,13.888984,26.216710,3.108433,19.128000,26.252000,13.628000,26.252000,0.036480,5.115412,0.799721,3.096008,-0.008542,0.384588,0.000000,0.000000,0,1
1789806914.234124,5,13.888984,26.216710,3.108433,19.128000,26.252000,13.628000,26.252000,0.036480,5.115412,0.799721,3.096008,-0.008542,0.384588,0.000000,0.000000,0,1
1789806914.334233,5,13.888984,26.216710,3.108433,19.128000,26.252000,13.628000,26.252000,0.036480,5.115412,0.799721,3.096008,-0.008542,0.384588,0.000000,0.000000,0,1
1789806914.434379,5,13.785320,26.220615,3.091655,19.128000,26.252000,13.628000,26.252000,0.036480,5.115412,0.799721,3.096008,-0.008542,0.384588,0.000000,0.000000,0,1
1789806914.534730,5,13.785320,26.220615,3.091655,19.128000,26.252000,13.628000,26.252000,0.036480,5.115412,0.799721,3.096008,-0.008542,0.384588,0.000000,0.000000,0,1
1789806914.634127,5,13.785320,26.220615,3.091655,19.128000,26.252000,13.628000,26.252000,0.036480,5.115412,0.799721,3.096008,-0.008542,0.384588,0.000000,0.000000,0,1
1789806914.734468,5,13.785320,26.220615,3.091655,19.128000,26.252000,13.628000,26.252000,0.036480,5.115412,0.799721,3.096008,-0.008542,0.384588,0.000000,0.000000,0,1
1789806914.834201,5,13.785320,26.220615,3.091655,19.128000,26.252000,13.628000,26.252000,0.036480,5.115412,0.799721,3.096008,-0.008542,0.384588,0.000000,0.000000,0,1
1789806914.934352,5,13.785320,26.220615,3.091655,19.128000,26.252000,13.628000,26.252000,0.036480,5.115412,0.799721,3.096008,-0.008542,0.384588,0.000000,0.000000,0,1
1789806915.034283,5,13.785320,26.220615,3.091655,19.128000,26.252000,13.628000,26.252000,0.036480,5.115412,0.799721,3.096008,-0.008542,0.384588,0.000000,0.000000,0,1
1789806915.136487,5,13.785320,26.220615,3.091655,19.128000,26.252000,13.628000,26.252000,0.036480,5.115412,0.799721,3.096008,-0.008542,0.384588,0.000000,0.000000,0,1
1789806915.234293,5,13.785320,26.220615,3.091655,19.128000,26.252000,13.628000,26.252000,0.036480,5.115412,0.799721,3.096008,-0.008542,0.384588,0.000000,0.000000,0,1
1789806915.334284,5,13.785320,26.220615,3.091655,19.128000,26.252000,13.628000,26.252000,0.036480,5.115412,0.799721,3.096008,-0.008542,0.384588,0.000000,0.000000,0,1
1789806915.434204,5,13.785320,26.220615,3.091655,19.128000,26.252000,13.628000,26.252000,0.036480,5.115412,0.799721,3.096008,-0.008542,0.384588,0.000000,0.000000,0,1
1789806915.536481,5,13.785320,26.220615,3.091655,19.128000,26.252000,13.628000,26.252000,0.036480,5.115412,0.799721,3.096008,-0.008542,0.384588,0.000000,0.000000,0,1
1789806915.636859,5,13.785320,26.220615,3.091655,19.128000,26.252000,13.628000,26.252000,0.036480,5.115412,0.799721,3.096008,-0.008542,0.384588,0.000000,0.000000,0,1
1789806915.734332,5,13.785320,26.220615,3.091655,19.128000,26.252000,13.628000,26.252000,0.036480,5.115412,0.799721,3.096008,-0.008542,0.384588,0.000000,0.000000,0,1
1789806915.834257,5,13.785320,26.220615,3.091655,19.128000,26.252000,13.628000,26.252000,0.036480,5.115412,0.799721,3.096008,-0.008542,0.384588,0.000000,0.000000,0,1
1789806915.938698,5,13.785320,26.220615,3.091655,19.128000,26.252000,13.628000,26.252000,0.036480,5.115412,0.799721,3.096008,-0.008542,0.384588,0.000000,0.000000,0,1
1789806916.035422,5,13.785320,26.220615,3.091655,19.128000,26.252000,13.628000,26.252000,0.036480,5.115412,0.799721,3.096008,-0.008542,0.384588,0.000000,0.000000,0,1
1789806916.137477,5,13.785320,26.220615,3.091655,19.128000,26.252000,13.628000,26.252000,0.036480,5.115412,0.799721,3.096008,-0.008542,0.384588,0.000000,0.000000,0,1
1789806916.245321,5,13.785320,26.220615,3.091655,19.128000,26.252000,13.628000,26.252000,0.036480,5.115412,0.799721,3.096008,-0.008542,0.384588,0.000000,0.000000,0,1
1789806916.340447,5,13.785320,26.220615,3.091655,19.128000,26.252000,13.628000,26.252000,0.036480,5.115412,0.799721,3.096008,-0.008542,0.384588,0.000000,0.000000,0,1
1789806916.434290,5,13.785320,26.220615,3.091655,19.128000,26.252000,13.628000,26.252000,0.036480,5.115412,0.799721,3.096008,-0.008542,0.384588,0.000000,0.000000,0,1
1789806916.534339,5,13.785320,26.220615,3.091655,19.128000,26.252000,13.628000,26.252000,0.036480,5.115412,0.799721,3.096008,-0.008542,0.384588,0.000000,0.000000,0,1
1789806916.635249,5,13.785320,26.220615,3.091655,19.128000,26.252000,13.628000,26.252000,0.036480,5.115412,0.799721,3.096008,-0.008542,0.384588,0.000000,0.000000,0,1
1789806916.734299,5,13.785320,26.220615,3.091655,19.128000,26.252000,13.628000,26.252000,0.036480,5.115412,0.799721,3.096008,-0.008542,0.384588,0.000000,0.000000,0,1
1789806916.834361,5,13.785320,26.220615,3.091655,19.128000,26.252000,13.628000,26.252000,0.036480,5.115412,0.799721,3.096008,-0.008542,0.384588,0.000000,0.000000,0,1
1789806916.934660,5,13.785320,26.220615,3.091655,19.128000,26.252000,13.628000,26.252000,0.036480,5.115412,0.799721,3.096008,-0.008542,0.384588,0.000000,0.000000,0,1
1789806917.035038,5,13.785320,26.220615,3.091655,19.128000,26.252000,13.628000,26.252000,0.036480,5.115412,0.799721,3.096008,-0.008542,0.384588,0.000000,0.000000,0,1
1789806917.134373,5,13.785320,26.220615,3.091655,19.128000,26.252000,13.628000,26.252000,0.036480,5.115412,0.799721,3.096008,-0.008542,0.384588,0.000000,0.000000,0,1
1789806917.234390,5,13.785320,26.220615,3.091655,19.128000,26.252000,13.628000,26.252000,0.036480,5.115412,0.799721,3.096008,-0.008542,0.384588,0.000000,0.000000,0,1
1789806917.334425,5,13.785320,26.220615,3.091655,19.128000,26.252000,13.628000,26.252000,0.036480,5.115412,0.799721,3.096008,-0.008542,0.384588,0.000000,0.000000,0,1
1789806917.434414,5,13.785320,26.220615,3.091655,19.128000,26.252000,13.628000,26.252000,0.036480,5.115412,0.799721,3.096008,-0.008542,0.384588,0.000000,0.000000,0,1
1789806917.534399,5,13.785320,26.220615,3.091655,19.128000,26.252000,13.628000,26.252000,0.036480,5.115412,0.799721,3.096008,-0.008542,0.384588,0.000000,0.000000,0,1
1789806917.637821,5,13.785320,26.220615,3.091655,19.128000,26.252000,13.628000,26.252000,0.036480,5.115412,0.799721,3.096008,-0.008542,0.384588,0.000000,0.000000,0,1
1789806917.734768,5,13.785320,26.220615,3.091655,19.128000,26.252000,13.628000,26.252000,0.036480,5.115412,0.799721,3.096008,-0.008542,0.384588,0.000000,0.000000,0,1
1789806917.834386,5,13.785320,26.220615,3.091655,19.128000,26.252000,13.628000,26.252000,0.036480,5.115412,0.799721,3.096008,-0.008542,0.384588,0.000000,0.000000,0,1
1789806917.934776,5,13.785320,26.220615,3.091655,19.128000,26.252000,13.628000,26.252000,0.036480,5.115412,0.799721,3.096008,-0.008542,0.384588,0.000000,0.000000,0,1
1789806918.034465,5,13.785320,26.220615,3.091655,19.128000,26.252000,13.628000,26.252000,0.036480,5.115412,0.799721,3.096008,-0.008542,0.384588,0.000000,0.000000,0,1
1789806918.135304,5,13.785320,26.220615,3.091655,19.128000,26.252000,13.628000,26.252000,0.036480,5.115412,0.799721,3.096008,-0.008542,0.384588,0.000000,0.000000,0,1
1789806918.234364,5,13.785320,26.220615,3.091655,19.128000,26.252000,13.628000,26.252000,0.036480,5.115412,0.799721,3.096008,-0.008542,0.384588,0.000000,0.000000,0,1
1789806918.334892,5,13.785320,26.220615,3.091655,19.128000,26.252000,13.628000,26.252000,0.036480,5.115412,0.799721,3.096008,-0.008542,0.384588,0.000000,0.000000,0,1
1789806918.435038,5,13.785320,26.220615,3.091655,19.128000,26.252000,13.628000,26.252000,0.036480,5.115412,0.799721,3.096008,-0.008542,0.384588,0.000000,0.000000,0,1
1789806918.537805,5,13.785320,26.220615,3.091655,19.128000,26.252000,13.628000,26.252000,0.036480,5.115412,0.799721,3.096008,-0.008542,0.384588,0.000000,0.000000,0,1
1789806918.635287,5,13.785320,26.220615,3.091655,19.128000,26.252000,13.628000,26.252000,0.036480,5.115412,0.799721,3.096008,-0.008542,0.384588,0.000000,0.000000,0,1
1789806918.734504,5,13.785320,26.220615,3.091655,19.128000,26.252000,13.628000,26.252000,0.036480,5.115412,0.799721,3.096008,-0.008542,0.384588,0.000000,0.000000,0,1
1789806918.834507,5,13.785320,26.220615,3.091655,19.128000,26.252000,13.628000,26.252000,0.036480,5.115412,0.799721,3.096008,-0.008542,0.384588,0.000000,0.000000,0,1
1789806918.934552,5,13.785320,26.220615,3.091655,19.128000,26.252000,13.628000,26.252000,0.036480,5.115412,0.799721,3.096008,-0.008542,0.384588,0.000000,0.000000,0,1
1789806919.034521,5,13.785320,26.220615,3.091655,19.128000,26.252000,13.628000,26.252000,0.036480,5.115412,0.799721,3.096008,-0.008542,0.384588,0.000000,0.000000,0,1
1789806919.134550,5,13.785320,26.220615,3.091655,19.128000,26.252000,13.628000,26.252000,0.036480,5.115412,0.799721,3.096008,-0.008542,0.384588,0.000000,0.000000,0,1
1789806919.234572,5,13.785320,26.220615,3.091655,19.128000,26.252000,13.628000,26.252000,0.036480,5.115412,0.799721,3.096008,-0.008542,0.384588,0.000000,0.000000,0,1
1789806919.334584,5,13.785320,26.220615,3.091655,19.128000,26.252000,13.628000,26.252000,0.036480,5.115412,0.799721,3.096008,-0.008542,0.384588,0.000000,0.000000,0,1
1789806919.435996,5,13.785320,26.220615,3.091655,19.128000,26.252000,13.628000,26.252000,0.036480,5.115412,0.799721,3.096008,-0.008542,0.384588,0.000000,0.000000,0,1
1789806919.534570,5,13.785320,26.220615,3.091655,19.128000,26.252000,13.628000,26.252000,0.036480,5.115412,0.799721,3.096008,-0.008542,0.384588,0.000000,0.000000,0,1
1789806919.634571,5,13.785320,26.220615,3.091655,19.128000,26.252000,13.628000,26.252000,0.036480,5.115412,0.799721,3.096008,-0.008542,0.384588,0.000000,0.000000,0,1
1789806919.734563,5,13.785320,26.220615,3.091655,19.128000,26.252000,13.628000,26.252000,0.036480,5.115412,0.799721,3.096008,-0.008542,0.384588,0.000000,0.000000,0,1
1789806919.834628,5,13.785320,26.220615,3.091655,19.128000,26.252000,13.628000,26.252000,0.036480,5.115412,0.799721,3.096008,-0.008542,0.384588,0.000000,0.000000,0,1
1789806919.934808,5,13.785320,26.220615,3.091655,19.128000,26.252000,13.628000,26.252000,0.036480,5.115412,0.799721,3.096008,-0.008542,0.384588,0.000000,0.000000,0,1
1789806920.034740,5,13.785320,26.220615,3.091655,19.128000,26.252000,13.628000,26.252000,0.036480,5.115412,0.799721,3.096008,-0.008542,0.384588,0.000000,0.000000,0,1
1789806920.134647,5,13.785320,26.220615,3.091655,19.128000,26.252000,13.628000,26.252000,0.036480,5.115412,0.799721,3.096008,-0.008542,0.384588,0.000000,0.000000,0,1
1789806920.234637,5,13.785320,26.220615,3.091655,19.128000,26.252000,13.628000,26.252000,0.036480,5.115412,0.799721,3.096008,-0.008542,0.384588,0.000000,0.000000,0,1
1789806920.334621,5,13.785320,26.220615,3.091655,19.128000,26.252000,13.628000,26.252000,0.036480,5.115412,0.799721,3.096008,-0.008542,0.384588,0.000000,0.000000,0,1
1789806920.434604,5,13.785320,26.220615,3.091655,19.128000,26.252000,13.628000,26.252000,0.036480,5.115412,0.799721,3.096008,-0.008542,0.384588,0.000000,0.000000,0,1
1789806920.534674,5,13.785320,26.220615,3.091655,19.128000,26.252000,13.628000,26.252000,0.036480,5.115412,0.799721,3.096008,-0.008542,0.384588,0.000000,0.000000,0,1
1789806920.634648,5,13.785320,26.220615,3.091655,19.128000,26.252000,13.628000,26.252000,0.036480,5.115412,0.799721,3.096008,-0.008542,0.384588,0.000000,0.000000,0,1
1789806920.734647,5,13.785320,26.220615,3.091655,19.128000,26.252000,13.628000,26.252000,0.036480,5.115412,0.799721,3.096008,-0.008542,0.384588,0.000000,0.000000,0,1
1789806920.834664,5,13.785320,26.220615,3.091655,19.128000,26.252000,13.628000,26.252000,0.036480,5.115412,0.799721,3.096008,-0.008542,0.384588,0.000000,0.000000,0,1
1789806920.935474,5,13.785320,26.220615,3.091655,19.128000,26.252000,13.628000,26.252000,0.036480,5.115412,0.799721,3.096008,-0.008542,0.384588,0.000000,0.000000,0,1
1789806921.035284,5,13.785320,26.220615,3.091655,19.128000,26.252000,13.628000,26.252000,0.036480,5.115412,0.799721,3.096008,-0.008542,0.384588,0.000000,0.000000,0,1
1789806921.136306,5,13.785320,26.220615,3.091655,19.128000,26.252000,13.628000,26.252000,0.036480,5.115412,0.799721,3.096008,-0.008542,0.384588,0.000000,0.000000,0,1
1789806921.235979,5,13.785320,26.220615,3.091655,19.128000,26.252000,13.628000,26.252000,0.036480,5.115412,0.799721,3.096008,-0.008542,0.384588,0.000000,0.000000,0,1
1789806921.334841,5,13.785320,26.220615,3.091655,19.128000,26.252000,13.628000,26.252000,0.036480,5.115412,0.799721,3.096008,-0.008542,0.384588,0.000000,0.000000,0,1
1789806921.434849,5,13.785320,26.220615,3.091655,19.128000,26.252000,13.628000,26.252000,0.036480,5.115412,0.799721,3.096008,-0.008542,0.384588,0.000000,0.000000,0,1
1789806921.534782,5,13.785320,26.220615,3.091655,19.128000,26.252000,13.628000,26.252000,0.036480,5.115412,0.799721,3.096008,-0.008542,0.384588,0.000000,0.000000,0,1
1789806921.634659,5,13.785320,26.220615,3.091655,19.128000,26.252000,13.628000,26.252000,0.036480,5.115412,0.799721,3.096008,-0.008542,0.384588,0.000000,0.000000,0,1
1789806921.734719,5,13.785320,26.220615,3.091655,19.128000,26.252000,13.628000,26.252000,0.036480,5.115412,0.799721,3.096008,-0.008542,0.384588,0.000000,0.000000,0,1
1789806921.835277,5,13.785320,26.220615,3.091655,19.128000,26.252000,13.628000,26.252000,0.036480,5.115412,0.799721,3.096008,-0.008542,0.384588,0.000000,0.000000,0,1
1789806921.935026,5,13.785320,26.220615,3.091655,19.128000,26.252000,13.628000,26.252000,0.036480,5.115412,0.799721,3.096008,-0.008542,0.384588,0.000000,0.000000,0,1
1789806922.034800,5,13.785320,26.220615,3.091655,19.128000,26.252000,13.628000,26.252000,0.036480,5.115412,0.799721,3.096008,-0.008542,0.384588,0.000000,0.000000,0,1
1789806922.134765,5,13.785320,26.220615,3.091655,19.128000,26.252000,13.628000,26.252000,0.036480,5.115412,0.799721,3.096008,-0.008542,0.384588,0.000000,0.000000,0,1
1789806922.234914,5,13.785320,26.220615,3.091655,19.128000,26.252000,13.628000,26.252000,0.036480,5.115412,0.799721,3.096008,-0.008542,0.384588,0.000000,0.000000,0,1
1789806922.334775,5,13.785320,26.220615,3.091655,19.128000,26.252000,13.628000,26.252000,0.036480,5.115412,0.799721,3.096008,-0.008542,0.384588,0.000000,0.000000,0,1
1789806922.435890,5,13.785320,26.220615,3.091655,19.128000,26.252000,13.628000,26.252000,0.036480,5.115412,0.799721,3.096008,-0.008542,0.384588,0.000000,0.000000,0,1
1789806922.534914,5,13.785320,26.220615,3.091655,19.128000,26.252000,13.628000,26.252000,0.036480,5.115412,0.799721,3.096008,-0.008542,0.384588,0.000000,0.000000,0,1
1789806922.634836,5,13.785320,26.220615,3.091655,19.128000,26.252000,13.628000,26.252000,0.036480,5.115412,0.799721,3.096008,-0.008542,0.384588,0.000000,0.000000,0,1
1789806922.734961,5,13.785320,26.220615,3.091655,19.128000,26.252000,13.628000,26.252000,0.036480,5.115412,0.799721,3.096008,-0.008542,0.384588,0.000000,0.000000,0,1
1789806922.834867,5,13.785320,26.220615,3.091655,19.128000,26.252000,13.628000,26.252000,0.036480,5.115412,0.799721,3.096008,-0.008542,0.384588,0.000000,0.000000,0,1
1789806922.935271,5,13.785320,26.220615,3.091655,19.128000,26.252000,13.628000,26.252000,0.036480,5.115412,0.799721,3.096008,-0.008542,0.384588,0.000000,0.000000,0,1
1789806923.035046,5,13.785320,26.220615,3.091655,19.128000,26.252000,13.628000,26.252000,0.036480,5.115412,0.799721,3.096008,-0.008542,0.384588,0.000000,0.000000,0,1
1789806923.135052,5,13.785320,26.220615,3.091655,19.128000,26.252000,13.628000,26.252000,0.036480,5.115412,0.799721,3.096008,-0.008542,0.384588,0.000000,0.000000,0,1
1789806923.234843,5,13.785320,26.220615,3.091655,19.128000,26.252000,13.628000,26.252000,0.036480,5.115412,0.799721,3.096008,-0.008542,0.384588,0.000000,0.000000,0,1
1789806923.334967,5,13.785320,26.220615,3.091655,19.128000,26.252000,13.628000,26.252000,0.036480,5.115412,0.799721,3.096008,-0.008542,0.384588,0.000000,0.000000,0,1
1789806923.435061,5,13.785320,26.220615,3.091655,19.128000,26.252000,13.628000,26.252000,0.036480,5.115412,0.799721,3.096008,-0.008542,0.384588,0.000000,0.000000,0,1
1789806923.535017,5,13.785320,26.220615,3.091655,19.128000,26.252000,13.628000,26.252000,0.036480,5.115412,0.799721,3.096008,-0.008542,0.384588,0.000000,0.000000,0,1
1789806923.634856,5,13.785320,26.220615,3.091655,19.128000,26.252000,13.628000,26.252000,0.036480,5.115412,0.799721,3.096008,-0.008542,0.384588,0.000000,0.000000,0,1
1789806923.735002,5,13.785320,26.220615,3.091655,19.128000,26.252000,13.628000,26.252000,0.036480,5.115412,0.799721,3.096008,-0.008542,0.384588,0.000000,0.000000,0,1
1789806923.835320,5,13.785320,26.220615,3.091655,19.128000,26.252000,13.628000,26.252000,0.036480,5.115412,0.799721,3.096008,-0.008542,0.384588,0.000000,0.000000,0,1
1789806923.935197,5,13.785320,26.220615,3.091655,19.128000,26.252000,13.628000,26.252000,0.036480,5.115412,0.799721,3.096008,-0.008542,0.384588,0.000000,0.000000,0,1
1789806924.035052,5,13.785320,26.220615,3.091655,19.128000,26.252000,13.628000,26.252000,0.036480,5.115412,0.799721,3.096008,-0.008542,0.384588,0.000000,0.000000,0,1
1789806924.135692,5,13.785320,26.220615,3.091655,19.128000,26.252000,13.628000,26.252000,0.036480,5.115412,0.799721,3.096008,-0.008542,0.384588,0.000000,0.000000,0,1
1789806924.234978,5,13.785320,26.220615,3.091655,19.128000,26.252000,13.628000,26.252000,0.036480,5.115412,0.799721,3.096008,-0.008542,0.384588,0.000000,0.000000,0,1
1789806924.335159,5,13.785320,26.220615,3.091655,19.128000,26.252000,13.628000,26.252000,0.036480,5.115412,0.799721,3.096008,-0.008542,0.384588,0.000000,0.000000,0,1
1789806924.434909,5,13.785320,26.220615,3.091655,19.128000,26.252000,13.628000,26.252000,0.036480,5.115412,0.799721,3.096008,-0.008542,0.384588,0.000000,0.000000,0,1
1789806924.535016,5,13.785320,26.220615,3.091655,19.128000,26.252000,13.628000,26.252000,0.036480,5.115412,0.799721,3.096008,-0.008542,0.384588,0.000000,0.000000,0,1
1789806924.634966,5,13.785320,26.220615,3.091655,19.128000,26.252000,13.628000,26.252000,0.036480,5.115412,0.799721,3.096008,-0.008542,0.384588,0.000000,0.000000,0,1
1789806924.736078,5,13.785320,26.220615,3.091655,19.128000,26.252000,13.628000,26.252000,0.036480,5.115412,0.799721,3.096008,-0.008542,0.384588,0.000000,0.000000,0,1
1789806924.835967,5,13.785320,26.220615,3.091655,19.128000,26.252000,13.628000,26.252000,0.036480,5.115412,0.799721,3.096008,-0.008542,0.384588,0.000000,0.000000,0,1
1789806924.934968,5,13.785320,26.220615,3.091655,19.128000,26.252000,13.628000,26.252000,0.036480,5.115412,0.799721,3.096008,-0.008542,0.384588,0.000000,0.000000,0,1
1789806925.035039,5,13.785320,26.220615,3.091655,19.128000,26.252000,13.628000,26.252000,0.036480,5.115412,0.799721,3.096008,-0.008542,0.384588,0.000000,0.000000,0,1
1789806925.134957,5,13.785320,26.220615,3.091655,19.128000,26.252000,13.628000,26.252000,0.036480,5.115412,0.799721,3.096008,-0.008542,0.384588,0.000000,0.000000,0,1
1789806925.236248,5,13.785320,26.220615,3.091655,19.128000,26.252000,13.628000,26.252000,0.036480,5.115412,0.799721,3.096008,-0.008542,0.384588,0.000000,0.000000,0,1
1789806925.334994,5,13.785320,26.220615,3.091655,19.128000,26.252000,13.628000,26.252000,0.036480,5.115412,0.799721,3.096008,-0.008542,0.384588,0.000000,0.000000,0,1
1789806925.435030,5,13.785320,26.220615,3.091655,19.128000,26.252000,13.628000,26.252000,0.036480,5.115412,0.799721,3.096008,-0.008542,0.384588,0.000000,0.000000,0,1
1789806925.535126,5,13.785320,26.220615,3.091655,19.128000,26.252000,13.628000,26.252000,0.036480,5.115412,0.799721,3.096008,-0.008542,0.384588,0.000000,0.000000,0,1
1789806925.635201,5,13.785320,26.220615,3.091655,19.128000,26.252000,13.628000,26.252000,0.036480,5.115412,0.799721,3.096008,-0.008542,0.384588,0.000000,0.000000,0,1
1789806925.735136,5,13.785320,26.220615,3.091655,19.128000,26.252000,13.628000,26.252000,0.036480,5.115412,0.799721,3.096008,-0.008542,0.384588,0.000000,0.000000,0,1
1789806925.835268,5,13.785320,26.220615,3.091655,19.128000,26.252000,13.628000,26.252000,0.036480,5.115412,0.799721,3.096008,-0.008542,0.384588,0.000000,0.000000,0,1
1789806925.935387,5,13.785320,26.220615,3.091655,19.128000,26.252000,13.628000,26.252000,0.036480,5.115412,0.799721,3.096008,-0.008542,0.384588,0.000000,0.000000,0,1
1789806926.035262,5,13.785320,26.220615,3.091655,19.128000,26.252000,13.628000,26.252000,0.036480,5.115412,0.799721,3.096008,-0.008542,0.384588,0.000000,0.000000,0,1
1789806926.135493,5,13.785320,26.220615,3.091655,19.128000,26.252000,13.628000,26.252000,0.036480,5.115412,0.799721,3.096008,-0.008542,0.384588,0.000000,0.000000,0,1
1789806926.235085,5,13.785320,26.220615,3.091655,19.128000,26.252000,13.628000,26.252000,0.036480,5.115412,0.799721,3.096008,-0.008542,0.384588,0.000000,0.000000,0,1
1789806926.335101,5,13.785320,26.220615,3.091655,19.128000,26.252000,13.628000,26.252000,0.036480,5.115412,0.799721,3.096008,-0.008542,0.384588,0.000000,0.000000,0,1
1789806926.435131,5,13.785320,26.220615,3.091655,19.128000,26.252000,13.628000,26.252000,0.036480,5.115412,0.799721,3.096008,-0.008542,0.384588,0.000000,0.000000,0,1
1789806926.535266,5,13.785320,26.220615,3.091655,19.128000,26.252000,13.628000,26.252000,0.036480,5.115412,0.799721,3.096008,-0.008542,0.384588,0.000000,0.000000,0,1
1789806926.635503,5,13.785320,26.220615,3.091655,19.128000,26.252000,13.628000,26.252000,0.036480,5.115412,0.799721,3.096008,-0.008542,0.384588,0.000000,0.000000,0,1
1789806926.735118,5,13.785320,26.220615,3.091655,19.128000,26.252000,13.628000,26.252000,0.036480,5.115412,0.799721,3.096008,-0.008542,0.384588,0.000000,0.000000,0,1
1789806926.835170,5,13.785320,26.220615,3.091655,19.128000,26.252000,13.628000,26.252000,0.036480,5.115412,0.799721,3.096008,-0.008542,0.384588,0.000000,0.000000,0,1
1789806926.935168,5,13.785320,26.220615,3.091655,19.128000,26.252000,13.628000,26.252000,0.036480,5.115412,0.799721,3.096008,-0.008542,0.384588,0.000000,0.000000,0,1
1789806927.035137,5,13.785320,26.220615,3.091655,19.128000,26.252000,13.628000,26.252000,0.036480,5.115412,0.799721,3.096008,-0.008542,0.384588,0.000000,0.000000,0,1
1789806927.135137,5,13.785320,26.220615,3.091655,19.128000,26.252000,13.628000,26.252000,0.036480,5.115412,0.799721,3.096008,-0.008542,0.384588,0.000000,0.000000,0,1
1789806927.235212,5,13.785320,26.220615,3.091655,19.128000,26.252000,13.628000,26.252000,0.036480,5.115412,0.799721,3.096008,-0.008542,0.384588,0.000000,0.000000,0,1
1789806927.335819,5,13.785320,26.220615,3.091655,19.128000,26.252000,13.628000,26.252000,0.036480,5.115412,0.799721,3.096008,-0.008542,0.384588,0.000000,0.000000,0,1
1789806927.435207,5,13.785320,26.220615,3.091655,19.128000,26.252000,13.628000,26.252000,0.036480,5.115412,0.799721,3.096008,-0.008542,0.384588,0.000000,0.000000,0,1
1789806927.535291,5,13.785320,26.220615,3.091655,19.128000,26.252000,13.628000,26.252000,0.036480,5.115412,0.799721,3.096008,-0.008542,0.384588,0.000000,0.000000,0,1
1789806927.635362,5,13.785320,26.220615,3.091655,19.128000,26.252000,13.628000,26.252000,0.036480,5.115412,0.799721,3.096008,-0.008542,0.384588,0.000000,0.000000,0,1
1789806927.735221,5,13.785320,26.220615,3.091655,19.128000,26.252000,13.628000,26.252000,0.036480,5.115412,0.799721,3.096008,-0.008542,0.384588,0.000000,0.000000,0,1
1789806927.835359,5,13.785320,26.220615,3.091655,19.128000,26.252000,13.628000,26.252000,0.036480,5.115412,0.799721,3.096008,-0.008542,0.384588,0.000000,0.000000,0,1
1789806927.935221,5,13.785320,26.220615,3.091655,19.128000,26.252000,13.628000,26.252000,0.036480,5.115412,0.799721,3.096008,-0.008542,0.384588,0.000000,0.000000,0,1
1789806928.035206,5,13.785320,26.220615,3.091655,19.128000,26.252000,13.628000,26.252000,0.036480,5.115412,0.799721,3.096008,-0.008542,0.384588,0.000000,0.000000,0,1
1789806928.135899,5,13.785320,26.220615,3.091655,19.128000,26.252000,13.628000,26.252000,0.036480,5.115412,0.799721,3.096008,-0.008542,0.384588,0.000000,0.000000,0,1
1789806928.235678,5,13.785320,26.220615,3.091655,19.128000,26.252000,13.628000,26.252000,0.036480,5.115412,0.799721,3.096008,-0.008542,0.384588,0.000000,0.000000,0,1
1789806928.335260,5,13.785320,26.220615,3.091655,19.128000,26.252000,13.628000,26.252000,0.036480,5.115412,0.799721,3.096008,-0.008542,0.384588,0.000000,0.000000,0,1
1789806928.440974,5,13.785320,26.220615,3.091655,19.128000,26.252000,13.628000,26.252000,0.036480,5.115412,0.799721,3.096008,-0.008542,0.384588,0.000000,0.000000,0,1
1789806928.535562,5,13.785320,26.220615,3.091655,19.128000,26.252000,13.628000,26.252000,0.036480,5.115412,0.799721,3.096008,-0.008542,0.384588,0.000000,0.000000,0,1
1789806928.635337,5,13.785320,26.220615,3.091655,19.128000,26.252000,13.628000,26.252000,0.036480,5.115412,0.799721,3.096008,-0.008542,0.384588,0.000000,0.000000,0,1
1789806928.735337,5,13.785320,26.220615,3.091655,19.128000,26.252000,13.628000,26.252000,0.036480,5.115412,0.799721,3.096008,-0.008542,0.384588,0.000000,0.000000,0,1
1789806928.835435,5,13.785320,26.220615,3.091655,19.128000,26.252000,13.628000,26.252000,0.036480,5.115412,0.799721,3.096008,-0.008542,0.384588,0.000000,0.000000,0,1
1789806928.935409,5,13.785320,26.220615,3.091655,19.128000,26.252000,13.628000,26.252000,0.036480,5.115412,0.799721,3.096008,-0.008542,0.384588,0.000000,0.000000,0,1
1789806929.035279,5,13.785320,26.220615,3.091655,19.128000,26.252000,13.628000,26.252000,0.036480,5.115412,0.799721,3.096008,-0.008542,0.384588,0.000000,0.000000,0,1
1789806929.135811,5,13.785320,26.220615,3.091655,19.128000,26.252000,13.628000,26.252000,0.036480,5.115412,0.799721,3.096008,-0.008542,0.384588,0.000000,0.000000,0,1
1789806929.235369,5,13.785320,26.220615,3.091655,19.128000,26.252000,13.628000,26.252000,0.036480,5.115412,0.799721,3.096008,-0.008542,0.384588,0.000000,0.000000,0,1
1789806929.335308,5,13.785320,26.220615,3.091655,19.128000,26.252000,13.628000,26.252000,0.036480,5.115412,0.799721,3.096008,-0.008542,0.384588,0.000000,0.000000,0,1
1789806929.435571,5,13.785320,26.220615,3.091655,19.128000,26.252000,13.628000,26.252000,0.036480,5.115412,0.799721,3.096008,-0.008542,0.384588,0.000000,0.000000,0,1
1789806929.535319,5,13.785320,26.220615,3.091655,19.128000,26.252000,13.628000,26.252000,0.036480,5.115412,0.799721,3.096008,-0.008542,0.384588,0.000000,0.000000,0,1
1789806929.635362,5,13.785320,26.220615,3.091655,19.128000,26.252000,13.628000,26.252000,0.036480,5.115412,0.799721,3.096008,-0.008542,0.384588,0.000000,0.000000,0,1
1789806929.735320,5,13.785320,26.220615,3.091655,19.128000,26.252000,13.628000,26.252000,0.036480,5.115412,0.799721,3.096008,-0.008542,0.384588,0.000000,0.000000,0,1
1789806929.835434,5,13.785320,26.220615,3.091655,19.128000,26.252000,13.628000,26.252000,0.036480,5.115412,0.799721,3.096008,-0.008542,0.384588,0.000000,0.000000,0,1
1789806929.935709,5,13.785320,26.220615,3.091655,19.128000,26.252000,13.628000,26.252000,0.036480,5.115412,0.799721,3.096008,-0.008542,0.384588,0.000000,0.000000,0,1
1789806930.035392,5,13.785320,26.220615,3.091655,19.128000,26.252000,13.628000,26.252000,0.036480,5.115412,0.799721,3.096008,-0.008542,0.384588,0.000000,0.000000,0,1
1789806930.135687,5,13.785320,26.220615,3.091655,19.128000,26.252000,13.628000,26.252000,0.036480,5.115412,0.799721,3.096008,-0.008542,0.384588,0.000000,0.000000,0,1
1789806930.235381,5,13.785320,26.220615,3.091655,19.128000,26.252000,13.628000,26.252000,0.036480,5.115412,0.799721,3.096008,-0.008542,0.384588,0.000000,0.000000,0,1
1789806930.336888,5,13.785320,26.220615,3.091655,19.128000,26.252000,13.628000,26.252000,0.036480,5.115412,0.799721,3.096008,-0.008542,0.384588,0.000000,0.000000,0,1
1789806930.435521,5,13.785320,26.220615,3.091655,19.128000,26.252000,13.628000,26.252000,0.036480,5.115412,0.799721,3.096008,-0.008542,0.384588,0.000000,0.000000,0,1
1789806930.535890,5,13.785320,26.220615,3.091655,19.128000,26.252000,13.628000,26.252000,0.036480,5.115412,0.799721,3.096008,-0.008542,0.384588,0.000000,0.000000,0,1
1789806930.635478,5,13.785320,26.220615,3.091655,19.128000,26.252000,13.628000,26.252000,0.036480,5.115412,0.799721,3.096008,-0.008542,0.384588,0.000000,0.000000,0,1
1789806930.735398,5,13.785320,26.220615,3.091655,19.128000,26.252000,13.628000,26.252000,0.036480,5.115412,0.799721,3.096008,-0.008542,0.384588,0.000000,0.000000,0,1
1789806930.838916,5,13.785320,26.220615,3.091655,19.128000,26.252000,13.628000,26.252000,0.036480,5.115412,0.799721,3.096008,-0.008542,0.384588,0.000000,0.000000,0,1
1789806930.935535,5,13.785320,26.220615,3.091655,19.128000,26.252000,13.628000,26.252000,0.036480,5.115412,0.799721,3.096008,-0.008542,0.384588,0.000000,0.000000,0,1
1789806931.035475,5,13.785320,26.220615,3.091655,19.128000,26.252000,13.628000,26.252000,0.036480,5.115412,0.799721,3.096008,-0.008542,0.384588,0.000000,0.000000,0,1
1789806931.135439,5,13.785320,26.220615,3.091655,19.128000,26.252000,13.628000,26.252000,0.036480,5.115412,0.799721,3.096008,-0.008542,0.384588,0.000000,0.000000,0,1
1789806931.235478,5,13.785320,26.220615,3.091655,19.128000,26.252000,13.628000,26.252000,0.036480,5.115412,0.799721,3.096008,-0.008542,0.384588,0.000000,0.000000,0,1
1789806931.335568,5,13.785320,26.220615,3.091655,19.128000,26.252000,13.628000,26.252000,0.036480,5.115412,0.799721,3.096008,-0.008542,0.384588,0.000000,0.000000,0,1
1789806931.435898,5,13.785320,26.220615,3.091655,19.128000,26.252000,13.628000,26.252000,0.036480,5.115412,0.799721,3.096008,-0.008542,0.384588,0.000000,0.000000,0,1
1789806931.535454,5,13.785320,26.220615,3.091655,19.128000,26.252000,13.628000,26.252000,0.036480,5.115412,0.799721,3.096008,-0.008542,0.384588,0.000000,0.000000,0,1
1789806931.635503,5,13.785320,26.220615,3.091655,19.128000,26.252000,13.628000,26.252000,0.036480,5.115412,0.799721,3.096008,-0.008542,0.384588,0.000000,0.000000,0,1
1789806931.738247,5,13.785320,26.220615,3.091655,19.128000,26.252000,13.628000,26.252000,0.036480,5.115412,0.799721,3.096008,-0.008542,0.384588,0.000000,0.000000,0,1
1789806931.835477,5,13.785320,26.220615,3.091655,19.128000,26.252000,13.628000,26.252000,0.036480,5.115412,0.799721,3.096008,-0.008542,0.384588,0.000000,0.000000,0,1
1789806931.935498,5,13.785320,26.220615,3.091655,19.128000,26.252000,13.628000,26.252000,0.036480,5.115412,0.799721,3.096008,-0.008542,0.384588,0.000000,0.000000,0,1
1789806932.035510,5,13.785320,26.220615,3.091655,19.128000,26.252000,13.628000,26.252000,0.036480,5.115412,0.799721,3.096008,-0.008542,0.384588,0.000000,0.000000,0,1
1789806932.136522,5,13.785320,26.220615,3.091655,19.128000,26.252000,13.628000,26.252000,0.036480,5.115412,0.799721,3.096008,-0.008542,0.384588,0.000000,0.000000,0,1
1789806932.235571,5,13.785320,26.220615,3.091655,19.128000,26.252000,13.628000,26.252000,0.036480,5.115412,0.799721,3.096008,-0.008542,0.384588,0.000000,0.000000,0,1
1789806932.335505,5,13.785320,26.220615,3.091655,19.128000,26.252000,13.628000,26.252000,0.036480,5.115412,0.799721,3.096008,-0.008542,0.384588,0.000000,0.000000,0,1
1789806932.436297,5,13.785320,26.220615,3.091655,19.128000,26.252000,13.628000,26.252000,0.036480,5.115412,0.799721,3.096008,-0.008542,0.384588,0.000000,0.000000,0,1
1789806932.535579,5,13.785320,26.220615,3.091655,19.128000,26.252000,13.628000,26.252000,0.036480,5.115412,0.799721,3.096008,-0.008542,0.384588,0.000000,0.000000,0,1
1789806932.635619,5,13.785320,26.220615,3.091655,19.128000,26.252000,13.628000,26.252000,0.036480,5.115412,0.799721,3.096008,-0.008542,0.384588,0.000000,0.000000,0,1
1789806932.735601,5,13.785320,26.220615,3.091655,19.128000,26.252000,13.628000,26.252000,0.036480,5.115412,0.799721,3.096008,-0.008542,0.384588,0.000000,0.000000,0,1
1789806932.836146,5,13.785320,26.220615,3.091655,19.128000,26.252000,13.628000,26.252000,0.036480,5.115412,0.799721,3.096008,-0.008542,0.384588,0.000000,0.000000,0,1
1789806932.935765,5,13.785320,26.220615,3.091655,19.128000,26.252000,13.628000,26.252000,0.036480,5.115412,0.799721,3.096008,-0.008542,0.384588,0.000000,0.000000,0,1
1789806933.036198,5,13.785320,26.220615,3.091655,19.128000,26.252000,13.628000,26.252000,0.036480,5.115412,0.799721,3.096008,-0.008542,0.384588,0.000000,0.000000,0,1
1789806933.136057,5,13.785320,26.220615,3.091655,19.128000,26.252000,13.628000,26.252000,0.036480,5.115412,0.799721,3.096008,-0.008542,0.384588,0.000000,0.000000,0,1
1789806933.235958,5,13.785320,26.220615,3.091655,19.128000,26.252000,13.628000,26.252000,0.036480,5.115412,0.799721,3.096008,-0.008542,0.384588,0.000000,0.000000,0,1
1789806933.335704,5,13.785320,26.220615,3.091655,19.128000,26.252000,13.628000,26.252000,0.036480,5.115412,0.799721,3.096008,-0.008542,0.384588,0.000000,0.000000,0,1
1789806933.435645,5,13.785320,26.220615,3.091655,19.128000,26.252000,13.628000,26.252000,0.036480,5.115412,0.799721,3.096008,-0.008542,0.384588,0.000000,0.000000,0,1
1789806933.536278,5,13.785320,26.220615,3.091655,19.128000,26.252000,13.628000,26.252000,0.036480,5.115412,0.799721,3.096008,-0.008542,0.384588,0.000000,0.000000,0,1
1789806933.638516,5,13.785320,26.220615,3.091655,19.128000,26.252000,13.628000,26.252000,0.036480,5.115412,0.799721,3.096008,-0.008542,0.384588,0.000000,0.000000,0,1
1789806933.735920,5,13.785320,26.220615,3.091655,19.128000,26.252000,13.628000,26.252000,0.036480,5.115412,0.799721,3.096008,-0.008542,0.384588,0.000000,0.000000,0,1
1789806933.836294,5,13.785320,26.220615,3.091655,19.128000,26.252000,13.628000,26.252000,0.036480,5.115412,0.799721,3.096008,-0.008542,0.384588,0.000000,0.000000,0,1
1789806933.935677,5,13.785320,26.220615,3.091655,19.128000,26.252000,13.628000,26.252000,0.036480,5.115412,0.799721,3.096008,-0.008542,0.384588,0.000000,0.000000,0,1
1789806934.035660,5,13.785320,26.220615,3.091655,19.128000,26.252000,13.628000,26.252000,0.036480,5.115412,0.799721,3.096008,-0.008542,0.384588,0.000000,0.000000,0,1
1789806934.135777,5,13.785320,26.220615,3.091655,19.128000,26.252000,13.628000,26.252000,0.036480,5.115412,0.799721,3.096008,-0.008542,0.384588,0.000000,0.000000,0,1
1789806934.236022,5,13.785320,26.220615,3.091655,19.128000,26.252000,13.628000,26.252000,0.036480,5.115412,0.799721,3.096008,-0.008542,0.384588,0.000000,0.000000,0,1
1789806934.335753,5,13.785320,26.220615,3.091655,19.128000,26.252000,13.628000,26.252000,0.036480,5.115412,0.799721,3.096008,-0.008542,0.384588,0.000000,0.000000,0,1
1789806934.435706,5,13.785320,26.220615,3.091655,19.128000,26.252000,13.628000,26.252000,0.036480,5.115412,0.799721,3.096008,-0.008542,0.384588,0.000000,0.000000,0,1
1789806934.535702,5,13.785320,26.220615,3.091655,19.128000,26.252000,13.628000,26.252000,0.036480,5.115412,0.799721,3.096008,-0.008542,0.384588,0.000000,0.000000,0,1
1789806934.635706,5,13.785320,26.220615,3.091655,19.128000,26.252000,13.628000,26.252000,0.036480,5.115412,0.799721,3.096008,-0.008542,0.384588,0.000000,0.000000,0,1
1789806934.735725,5,13.785320,26.220615,3.091655,19.128000,26.252000,13.628000,26.252000,0.036480,5.115412,0.799721,3.096008,-0.008542,0.384588,0.000000,0.000000,0,1
1789806934.835698,5,13.785320,26.220615,3.091655,19.128000,26.252000,13.628000,26.252000,0.036480,5.115412,0.799721,3.096008,-0.008542,0.384588,0.000000,0.000000,0,1
1789806934.935706,5,13.785320,26.220615,3.091655,19.128000,26.252000,13.628000,26.252000,0.036480,5.115412,0.799721,3.096008,-0.008542,0.384588,0.000000,0.000000,0,1
1789806935.035752,5,13.785320,26.220615,3.091655,19.128000,26.252000,13.628000,26.252000,0.036480,5.115412,0.799721,3.096008,-0.008542,0.384588,0.000000,0.000000,0,1
1789806935.135792,5,13.785320,26.220615,3.091655,19.128000,26.252000,13.628000,26.252000,0.036480,5.115412,0.799721,3.096008,-0.008542,0.384588,0.000000,0.000000,0,1
1789806935.235908,5,13.785320,26.220615,3.091655,19.128000,26.252000,13.628000,26.252000,0.036480,5.115412,0.799721,3.096008,-0.008542,0.384588,0.000000,0.000000,0,1
1789806935.338058,5,13.785320,26.220615,3.091655,19.128000,26.252000,13.628000,26.252000,0.036480,5.115412,0.799721,3.096008,-0.008542,0.384588,0.000000,0.000000,0,1
1789806935.435780,5,13.785320,26.220615,3.091655,19.128000,26.252000,13.628000,26.252000,0.036480,5.115412,0.799721,3.096008,-0.008542,0.384588,0.000000,0.000000,0,1
1789806935.535778,5,13.785320,26.220615,3.091655,19.128000,26.252000,13.628000,26.252000,0.036480,5.115412,0.799721,3.096008,-0.008542,0.384588,0.000000,0.000000,0,1
1789806935.637263,5,13.785320,26.220615,3.091655,19.128000,26.252000,13.628000,26.252000,0.036480,5.115412,0.799721,3.096008,-0.008542,0.384588,0.000000,0.000000,0,1
1789806935.735820,5,13.785320,26.220615,3.091655,19.128000,26.252000,13.628000,26.252000,0.036480,5.115412,0.799721,3.096008,-0.008542,0.384588,0.000000,0.000000,0,1
1789806935.835801,5,13.785320,26.220615,3.091655,19.128000,26.252000,13.628000,26.252000,0.036480,5.115412,0.799721,3.096008,-0.008542,0.384588,0.000000,0.000000,0,1
1789806935.935878,5,13.785320,26.220615,3.091655,19.128000,26.252000,13.628000,26.252000,0.036480,5.115412,0.799721,3.096008,-0.008542,0.384588,0.000000,0.000000,0,1
1789806936.036859,5,13.785320,26.220615,3.091655,19.128000,26.252000,13.628000,26.252000,0.036480,5.115412,0.799721,3.096008,-0.008542,0.384588,0.000000,0.000000,0,1
1789806936.136026,5,13.785320,26.220615,3.091655,19.128000,26.252000,13.628000,26.252000,0.036480,5.115412,0.799721,3.096008,-0.008542,0.384588,0.000000,0.000000,0,1
1789806936.236095,5,13.785320,26.220615,3.091655,19.128000,26.252000,13.628000,26.252000,0.036480,5.115412,0.799721,3.096008,-0.008542,0.384588,0.000000,0.000000,0,1
1789806936.336926,5,13.785320,26.220615,3.091655,19.128000,26.252000,13.628000,26.252000,0.036480,5.115412,0.799721,3.096008,-0.008542,0.384588,0.000000,0.000000,0,1
1789806936.435823,5,13.785320,26.220615,3.091655,19.128000,26.252000,13.628000,26.252000,0.036480,5.115412,0.799721,3.096008,-0.008542,0.384588,0.000000,0.000000,0,1
1789806936.536677,5,13.785320,26.220615,3.091655,19.128000,26.252000,13.628000,26.252000,0.036480,5.115412,0.799721,3.096008,-0.008542,0.384588,0.000000,0.000000,0,1
1789806936.635965,5,13.785320,26.220615,3.091655,19.128000,26.252000,13.628000,26.252000,0.036480,5.115412,0.799721,3.096008,-0.008542,0.384588,0.000000,0.000000,0,1
1789806936.737054,5,13.785320,26.220615,3.091655,19.128000,26.252000,13.628000,26.252000,0.036480,5.115412,0.799721,3.096008,-0.008542,0.384588,0.000000,0.000000,0,1
1789806936.836035,5,13.785320,26.220615,3.091655,19.128000,26.252000,13.628000,26.252000,0.036480,5.115412,0.799721,3.096008,-0.008542,0.384588,0.000000,0.000000,0,1
1789806936.937830,5,13.785320,26.220615,3.091655,19.128000,26.252000,13.628000,26.252000,0.036480,5.115412,0.799721,3.096008,-0.008542,0.384588,0.000000,0.000000,0,1
1789806937.037212,5,13.785320,26.220615,3.091655,19.128000,26.252000,13.628000,26.252000,0.036480,5.115412,0.799721,3.096008,-0.008542,0.384588,0.000000,0.000000,0,1
1789806937.135926,5,13.785320,26.220615,3.091655,19.128000,26.252000,13.628000,26.252000,0.036480,5.115412,0.799721,3.096008,-0.008542,0.384588,0.000000,0.000000,0,1
1789806937.235927,5,13.785320,26.220615,3.091655,19.128000,26.252000,13.628000,26.252000,0.036480,5.115412,0.799721,3.096008,-0.008542,0.384588,0.000000,0.000000,0,1
1789806937.335890,5,13.785320,26.220615,3.091655,19.128000,26.252000,13.628000,26.252000,0.036480,5.115412,0.799721,3.096008,-0.008542,0.384588,0.000000,0.000000,0,1
1789806937.435889,5,13.785320,26.220615,3.091655,19.128000,26.252000,13.628000,26.252000,0.036480,5.115412,0.799721,3.096008,-0.008542,0.384588,0.000000,0.000000,0,1
1789806937.536005,5,13.785320,26.220615,3.091655,19.128000,26.252000,13.628000,26.252000,0.036480,5.115412,0.799721,3.096008,-0.008542,0.384588,0.000000,0.000000,0,1
1789806937.636055,5,13.785320,26.220615,3.091655,19.128000,26.252000,13.628000,26.252000,0.036480,5.115412,0.799721,3.096008,-0.008542,0.384588,0.000000,0.000000,0,1
1789806937.735911,5,13.785320,26.220615,3.091655,19.128000,26.252000,13.628000,26.252000,0.036480,5.115412,0.799721,3.096008,-0.008542,0.384588,0.000000,0.000000,0,1
1789806937.835976,5,13.785320,26.220615,3.091655,19.128000,26.252000,13.628000,26.252000,0.036480,5.115412,0.799721,3.096008,-0.008542,0.384588,0.000000,0.000000,0,1
1789806937.935972,5,13.785320,26.220615,3.091655,19.128000,26.252000,13.628000,26.252000,0.036480,5.115412,0.799721,3.096008,-0.008542,0.384588,0.000000,0.000000,0,1
1789806938.035908,5,13.785320,26.220615,3.091655,19.128000,26.252000,13.628000,26.252000,0.036480,5.115412,0.799721,3.096008,-0.008542,0.384588,0.000000,0.000000,0,1
1789806938.136054,5,13.785320,26.220615,3.091655,19.128000,26.252000,13.628000,26.252000,0.036480,5.115412,0.799721,3.096008,-0.008542,0.384588,0.000000,0.000000,0,1
1789806938.235953,5,13.785320,26.220615,3.091655,19.128000,26.252000,13.628000,26.252000,0.036480,5.115412,0.799721,3.096008,-0.008542,0.384588,0.000000,0.000000,0,1
1789806938.336057,5,13.785320,26.220615,3.091655,19.128000,26.252000,13.628000,26.252000,0.036480,5.115412,0.799721,3.096008,-0.008542,0.384588,0.000000,0.000000,0,1
1789806938.436120,5,13.785320,26.220615,3.091655,19.128000,26.252000,13.628000,26.252000,0.036480,5.115412,0.799721,3.096008,-0.008542,0.384588,0.000000,0.000000,0,1
1789806938.536058,5,13.785320,26.220615,3.091655,19.128000,26.252000,13.628000,26.252000,0.036480,5.115412,0.799721,3.096008,-0.008542,0.384588,0.000000,0.000000,0,1
1789806938.636036,5,13.785320,26.220615,3.091655,19.128000,26.252000,13.628000,26.252000,0.036480,5.115412,0.799721,3.096008,-0.008542,0.384588,0.000000,0.000000,0,1
1789806938.735997,5,13.785320,26.220615,3.091655,19.128000,26.252000,13.628000,26.252000,0.036480,5.115412,0.799721,3.096008,-0.008542,0.384588,0.000000,0.000000,0,1
1789806938.835993,5,13.785320,26.220615,3.091655,19.128000,26.252000,13.628000,26.252000,0.036480,5.115412,0.799721,3.096008,-0.008542,0.384588,0.000000,0.000000,0,1
1789806938.936074,5,13.785320,26.220615,3.091655,19.128000,26.252000,13.628000,26.252000,0.036480,5.115412,0.799721,3.096008,-0.008542,0.384588,0.000000,0.000000,0,1
1789806939.036019,5,13.785320,26.220615,3.091655,19.128000,26.252000,13.628000,26.252000,0.036480,5.115412,0.799721,3.096008,-0.008542,0.384588,0.000000,0.000000,0,1
1789806939.136043,5,13.785320,26.220615,3.091655,19.128000,26.252000,13.628000,26.252000,0.036480,5.115412,0.799721,3.096008,-0.008542,0.384588,0.000000,0.000000,0,1
1789806939.236154,5,13.785320,26.220615,3.091655,19.128000,26.252000,13.628000,26.252000,0.036480,5.115412,0.799721,3.096008,-0.008542,0.384588,0.000000,0.000000,0,1
1789806939.338248,5,13.785320,26.220615,3.091655,19.128000,26.252000,13.628000,26.252000,0.036480,5.115412,0.799721,3.096008,-0.008542,0.384588,0.000000,0.000000,0,1
1789806939.437733,5,13.785320,26.220615,3.091655,19.128000,26.252000,13.628000,26.252000,0.036480,5.115412,0.799721,3.096008,-0.008542,0.384588,0.000000,0.000000,0,1
1789806939.536228,5,13.785320,26.220615,3.091655,19.128000,26.252000,13.628000,26.252000,0.036480,5.115412,0.799721,3.096008,-0.008542,0.384588,0.000000,0.000000,0,1
1789806939.636069,5,13.785320,26.220615,3.091655,19.128000,26.252000,13.628000,26.252000,0.036480,5.115412,0.799721,3.096008,-0.008542,0.384588,0.000000,0.000000,0,1
1789806939.736059,5,13.785320,26.220615,3.091655,19.128000,26.252000,13.628000,26.252000,0.036480,5.115412,0.799721,3.096008,-0.008542,0.384588,0.000000,0.000000,0,1
1789806939.836101,5,13.785320,26.220615,3.091655,19.128000,26.252000,13.628000,26.252000,0.036480,5.115412,0.799721,3.096008,-0.008542,0.384588,0.000000,0.000000,0,1
1789806939.936065,5,13.785320,26.220615,3.091655,19.128000,26.252000,13.628000,26.252000,0.036480,5.115412,0.799721,3.096008,-0.008542,0.384588,0.000000,0.000000,0,1
1789806940.036162,5,13.785320,26.220615,3.091655,19.128000,26.252000,13.628000,26.252000,0.036480,5.115412,0.799721,3.096008,-0.008542,0.384588,0.000000,0.000000,0,1
1789806940.136102,5,13.785320,26.220615,3.091655,19.128000,26.252000,13.628000,26.252000,0.036480,5.115412,0.799721,3.096008,-0.008542,0.384588,0.000000,0.000000,0,1
1789806940.236130,5,13.785320,26.220615,3.091655,19.128000,26.252000,13.628000,26.252000,0.036480,5.115412,0.799721,3.096008,-0.008542,0.384588,0.000000,0.000000,0,1
1789806940.336206,5,13.785320,26.220615,3.091655,19.128000,26.252000,13.628000,26.252000,0.036480,5.115412,0.799721,3.096008,-0.008542,0.384588,0.000000,0.000000,0,1
1789806940.436972,5,13.785320,26.220615,3.091655,19.128000,26.252000,13.628000,26.252000,0.036480,5.115412,0.799721,3.096008,-0.008542,0.384588,0.000000,0.000000,0,1
1789806940.536109,5,13.785320,26.220615,3.091655,19.128000,26.252000,13.628000,26.252000,0.036480,5.115412,0.799721,3.096008,-0.008542,0.384588,0.000000,0.000000,0,1
1789806940.636226,5,13.785320,26.220615,3.091655,19.128000,26.252000,13.628000,26.252000,0.036480,5.115412,0.799721,3.096008,-0.008542,0.384588,0.000000,0.000000,0,1
1789806940.736304,5,13.785320,26.220615,3.091655,19.128000,26.252000,13.628000,26.252000,0.036480,5.115412,0.799721,3.096008,-0.008542,0.384588,0.000000,0.000000,0,1
1789806940.836458,5,13.785320,26.220615,3.091655,19.128000,26.252000,13.628000,26.252000,0.036480,5.115412,0.799721,3.096008,-0.008542,0.384588,0.000000,0.000000,0,1
1789806940.936191,5,13.785320,26.220615,3.091655,19.128000,26.252000,13.628000,26.252000,0.036480,5.115412,0.799721,3.096008,-0.008542,0.384588,0.000000,0.000000,0,1
1789806941.036251,5,13.785320,26.220615,3.091655,19.128000,26.252000,13.628000,26.252000,0.036480,5.115412,0.799721,3.096008,-0.008542,0.384588,0.000000,0.000000,0,1
1789806941.136261,5,13.785320,26.220615,3.091655,19.128000,26.252000,13.628000,26.252000,0.036480,5.115412,0.799721,3.096008,-0.008542,0.384588,0.000000,0.000000,0,1
1789806941.236245,5,13.785320,26.220615,3.091655,19.128000,26.252000,13.628000,26.252000,0.036480,5.115412,0.799721,3.096008,-0.008542,0.384588,0.000000,0.000000,0,1
1789806941.336240,5,13.785320,26.220615,3.091655,19.128000,26.252000,13.628000,26.252000,0.036480,5.115412,0.799721,3.096008,-0.008542,0.384588,0.000000,0.000000,0,1
1789806941.436215,5,13.785320,26.220615,3.091655,19.128000,26.252000,13.628000,26.252000,0.036480,5.115412,0.799721,3.096008,-0.008542,0.384588,0.000000,0.000000,0,1
1789806941.536213,5,13.785320,26.220615,3.091655,19.128000,26.252000,13.628000,26.252000,0.036480,5.115412,0.799721,3.096008,-0.008542,0.384588,0.000000,0.000000,0,1
1789806941.636262,5,13.785320,26.220615,3.091655,19.128000,26.252000,13.628000,26.252000,0.036480,5.115412,0.799721,3.096008,-0.008542,0.384588,0.000000,0.000000,0,1
1789806941.736222,5,13.785320,26.220615,3.091655,19.128000,26.252000,13.628000,26.252000,0.036480,5.115412,0.799721,3.096008,-0.008542,0.384588,0.000000,0.000000,0,1
1789806941.836198,5,13.785320,26.220615,3.091655,19.128000,26.252000,13.628000,26.252000,0.036480,5.115412,0.799721,3.096008,-0.008542,0.384588,0.000000,0.000000,0,1
1789806941.936333,5,13.785320,26.220615,3.091655,19.128000,26.252000,13.628000,26.252000,0.036480,5.115412,0.799721,3.096008,-0.008542,0.384588,0.000000,0.000000,0,1
1789806942.037149,5,13.785320,26.220615,3.091655,19.128000,26.252000,13.628000,26.252000,0.036480,5.115412,0.799721,3.096008,-0.008542,0.384588,0.000000,0.000000,0,1
1789806942.136832,5,13.785320,26.220615,3.091655,19.128000,26.252000,13.628000,26.252000,0.036480,5.115412,0.799721,3.096008,-0.008542,0.384588,0.000000,0.000000,0,1
1789806942.238493,5,13.785320,26.220615,3.091655,19.128000,26.252000,13.628000,26.252000,0.036480,5.115412,0.799721,3.096008,-0.008542,0.384588,0.000000,0.000000,0,1
1789806942.337826,5,13.785320,26.220615,3.091655,19.128000,26.252000,13.628000,26.252000,0.036480,5.115412,0.799721,3.096008,-0.008542,0.384588,0.000000,0.000000,0,1
1789806942.436340,5,13.785320,26.220615,3.091655,19.128000,26.252000,13.628000,26.252000,0.036480,5.115412,0.799721,3.096008,-0.008542,0.384588,0.000000,0.000000,0,1
1789806942.536296,5,13.785320,26.220615,3.091655,19.128000,26.252000,13.628000,26.252000,0.036480,5.115412,0.799721,3.096008,-0.008542,0.384588,0.000000,0.000000,0,1
1789806942.636463,5,13.785320,26.220615,3.091655,19.128000,26.252000,13.628000,26.252000,0.036480,5.115412,0.799721,3.096008,-0.008542,0.384588,0.000000,0.000000,0,1
1789806942.736423,5,13.785320,26.220615,3.091655,19.128000,26.252000,13.628000,26.252000,0.036480,5.115412,0.799721,3.096008,-0.008542,0.384588,0.000000,0.000000,0,1
1789806942.839423,5,13.785320,26.220615,3.091655,19.128000,26.252000,13.628000,26.252000,0.036480,5.115412,0.799721,3.096008,-0.008542,0.384588,0.000000,0.000000,0,1
1789806942.936321,5,13.785320,26.220615,3.091655,19.128000,26.252000,13.628000,26.252000,0.036480,5.115412,0.799721,3.096008,-0.008542,0.384588,0.000000,0.000000,0,1
1789806943.036885,5,13.785320,26.220615,3.091655,19.128000,26.252000,13.628000,26.252000,0.036480,5.115412,0.799721,3.096008,-0.008542,0.384588,0.000000,0.000000,0,1
1789806943.136924,5,13.785320,26.220615,3.091655,19.128000,26.252000,13.628000,26.252000,0.036480,5.115412,0.799721,3.096008,-0.008542,0.384588,0.000000,0.000000,0,1
1789806943.236635,5,13.785320,26.220615,3.091655,19.128000,26.252000,13.628000,26.252000,0.036480,5.115412,0.799721,3.096008,-0.008542,0.384588,0.000000,0.000000,0,1
1789806943.336459,5,13.785320,26.220615,3.091655,19.128000,26.252000,13.628000,26.252000,0.036480,5.115412,0.799721,3.096008,-0.008542,0.384588,0.000000,0.000000,0,1
1789806943.436334,5,13.785320,26.220615,3.091655,19.128000,26.252000,13.628000,26.252000,0.036480,5.115412,0.799721,3.096008,-0.008542,0.384588,0.000000,0.000000,0,1
1789806943.536512,5,13.785320,26.220615,3.091655,19.128000,26.252000,13.628000,26.252000,0.036480,5.115412,0.799721,3.096008,-0.008542,0.384588,0.000000,0.000000,0,1
1789806943.637181,5,13.785320,26.220615,3.091655,19.128000,26.252000,13.628000,26.252000,0.036480,5.115412,0.799721,3.096008,-0.008542,0.384588,0.000000,0.000000,0,1
1789806943.736623,5,13.785320,26.220615,3.091655,19.128000,26.252000,13.628000,26.252000,0.036480,5.115412,0.799721,3.096008,-0.008542,0.384588,0.000000,0.000000,0,1
1789806943.836616,5,13.785320,26.220615,3.091655,19.128000,26.252000,13.628000,26.252000,0.036480,5.115412,0.799721,3.096008,-0.008542,0.384588,0.000000,0.000000,0,1
1789806943.936587,5,13.785320,26.220615,3.091655,19.128000,26.252000,13.628000,26.252000,0.036480,5.115412,0.799721,3.096008,-0.008542,0.384588,0.000000,0.000000,0,1
1789806944.036378,5,13.785320,26.220615,3.091655,19.128000,26.252000,13.628000,26.252000,0.036480,5.115412,0.799721,3.096008,-0.008542,0.384588,0.000000,0.000000,0,1
1789806944.136389,5,13.785320,26.220615,3.091655,19.128000,26.252000,13.628000,26.252000,0.036480,5.115412,0.799721,3.096008,-0.008542,0.384588,0.000000,0.000000,0,1
1789806944.238333,5,13.785320,26.220615,3.091655,19.128000,26.252000,13.628000,26.252000,0.036480,5.115412,0.799721,3.096008,-0.008542,0.384588,0.000000,0.000000,0,1
1789806944.336499,5,13.785320,26.220615,3.091655,19.128000,26.252000,13.628000,26.252000,0.036480,5.115412,0.799721,3.096008,-0.008542,0.384588,0.000000,0.000000,0,1
1789806944.436549,5,13.785320,26.220615,3.091655,19.128000,26.252000,13.628000,26.252000,0.036480,5.115412,0.799721,3.096008,-0.008542,0.384588,0.000000,0.000000,0,1
1789806944.537682,5,13.785320,26.220615,3.091655,19.128000,26.252000,13.628000,26.252000,0.036480,5.115412,0.799721,3.096008,-0.008542,0.384588,0.000000,0.000000,0,1
1789806944.636544,5,13.785320,26.220615,3.091655,19.128000,26.252000,13.628000,26.252000,0.036480,5.115412,0.799721,3.096008,-0.008542,0.384588,0.000000,0.000000,0,1
1789806944.738218,5,13.785320,26.220615,3.091655,19.128000,26.252000,13.628000,26.252000,0.036480,5.115412,0.799721,3.096008,-0.008542,0.384588,0.000000,0.000000,0,1
1789806944.836492,5,13.785320,26.220615,3.091655,19.128000,26.252000,13.628000,26.252000,0.036480,5.115412,0.799721,3.096008,-0.008542,0.384588,0.000000,0.000000,0,1
1789806944.936474,5,13.785320,26.220615,3.091655,19.128000,26.252000,13.628000,26.252000,0.036480,5.115412,0.799721,3.096008,-0.008542,0.384588,0.000000,0.000000,0,1
1789806945.037259,1,13.785320,26.220615,3.091655,13.785320,26.220615,13.628000,26.252000,-0.000000,0.000000,0.800000,2.944677,-0.146978,0.160420,0.350000,-0.018092,0,0
1789806945.136505,1,13.785320,26.220615,3.091655,13.628000,26.252000,13.728000,24.702000,-0.000000,0.000000,0.800000,-1.608523,1.583007,1.519696,0.000000,0.250000,0,0
1789806945.236534,1,13.785320,26.220615,3.091655,13.628000,26.252000,13.728000,24.702000,-0.000000,0.000000,0.800000,-1.608523,1.583007,1.519696,0.000000,0.250000,0,0
1789806945.336445,1,13.785320,26.220615,3.091655,13.628000,26.252000,13.728000,24.702000,-0.000000,0.000000,0.800000,-1.608523,1.583007,1.519696,0.000000,0.250000,0,0
1789806945.436893,1,13.785320,26.220615,3.091655,13.628000,26.252000,13.728000,24.702000,-0.000000,0.000000,0.800000,-1.608523,1.583007,1.519696,0.000000,0.250000,0,0
1789806945.539073,1,13.785320,26.220615,3.091655,13.628000,26.252000,13.728000,24.702000,-0.000000,0.000000,0.800000,-1.608523,1.583007,1.519696,0.000000,0.250000,0,0
1789806945.636531,1,13.785320,26.220615,3.091655,13.628000,26.252000,13.728000,24.702000,-0.000000,0.000000,0.800000,-1.608523,1.583007,1.519696,0.000000,0.250000,0,0
1789806945.738244,1,13.785320,26.220615,3.091655,13.628000,26.252000,13.728000,24.702000,-0.000000,0.000000,0.800000,-1.608523,1.583007,1.519696,0.000000,0.250000,0,0
1789806945.836643,1,13.785320,26.220615,3.091655,13.628000,26.252000,13.728000,24.702000,-0.000000,0.000000,0.800000,-1.608523,1.583007,1.519696,0.000000,0.250000,0,0
1789806945.941099,1,13.785320,26.220615,3.091655,13.628000,26.252000,13.728000,24.702000,-0.000000,0.000000,0.800000,-1.608523,1.583007,1.519696,0.000000,0.250000,0,0
1789806946.036548,1,13.785320,26.220615,3.091655,13.628000,26.252000,13.728000,24.702000,-0.000000,0.000000,0.800000,-1.608523,1.583007,1.519696,0.000000,0.250000,0,0
1789806946.137503,1,13.785320,26.220615,3.091655,13.628000,26.252000,13.728000,24.702000,-0.000000,0.000000,0.800000,-1.608523,1.583007,1.519696,0.000000,0.250000,0,0
1789806946.236558,1,13.785320,26.220615,3.091655,13.628000,26.252000,13.728000,24.702000,-0.000000,0.000000,0.800000,-1.608523,1.583007,1.519696,0.000000,0.250000,0,0
1789806946.337137,1,13.785320,26.220615,3.091655,13.628000,26.252000,13.728000,24.702000,-0.000000,0.000000,0.800000,-1.608523,1.583007,1.519696,0.000000,0.250000,0,0
1789806946.436672,1,13.785320,26.220615,3.091655,13.628000,26.252000,13.728000,24.702000,-0.000000,0.000000,0.800000,-1.608523,1.583007,1.519696,0.000000,0.250000,0,0
1789806946.536603,1,13.785320,26.220615,3.091655,13.628000,26.252000,13.728000,24.702000,-0.000000,0.000000,0.800000,-1.608523,1.583007,1.519696,0.000000,0.250000,0,0
1789806946.636609,1,13.785320,26.220615,3.091655,13.628000,26.252000,13.728000,24.702000,-0.000000,0.000000,0.800000,-1.608523,1.583007,1.519696,0.000000,0.250000,0,0
1789806946.736720,1,13.730638,26.217667,-3.067527,13.628000,26.252000,13.728000,24.702000,-0.000000,0.000000,0.800000,-1.572537,1.494990,1.515670,0.000000,0.250000,0,0
1789806946.836636,1,13.730638,26.217667,-3.067527,13.628000,26.252000,13.728000,24.702000,-0.000000,0.000000,0.800000,-1.572537,1.494990,1.515670,0.000000,0.250000,0,0
1789806946.936717,1,13.730638,26.217667,-3.067527,13.628000,26.252000,13.728000,24.702000,-0.000000,0.000000,0.800000,-1.572537,1.494990,1.515670,0.000000,0.250000,0,0
1789806947.036693,1,13.730638,26.217667,-3.067527,13.628000,26.252000,13.728000,24.702000,-0.000000,0.000000,0.800000,-1.572537,1.494990,1.515670,0.000000,0.250000,0,0
1789806947.137633,1,13.730638,26.217667,-3.067527,13.628000,26.252000,13.728000,24.702000,-0.000000,0.000000,0.800000,-1.572537,1.494990,1.515670,0.000000,0.250000,0,0
1789806947.236736,1,13.720836,26.210498,-2.915383,13.628000,26.252000,13.728000,24.702000,-0.000000,0.000000,0.800000,-1.566047,1.349336,1.508515,0.000000,0.250000,0,0
1789806947.339180,1,13.720836,26.210498,-2.915383,13.628000,26.252000,13.728000,24.702000,-0.000000,0.000000,0.800000,-1.566047,1.349336,1.508515,0.000000,0.250000,0,0
1789806947.436699,1,13.720836,26.210498,-2.915383,13.628000,26.252000,13.728000,24.702000,-0.000000,0.000000,0.800000,-1.566047,1.349336,1.508515,0.000000,0.250000,0,0
1789806947.536648,1,13.720836,26.210498,-2.915383,13.628000,26.252000,13.728000,24.702000,-0.000000,0.000000,0.800000,-1.566047,1.349336,1.508515,0.000000,0.250000,0,0
1789806947.636659,1,13.720836,26.210498,-2.915383,13.628000,26.252000,13.728000,24.702000,-0.000000,0.000000,0.800000,-1.566047,1.349336,1.508515,0.000000,0.250000,0,0
1789806947.736660,1,13.727603,26.207005,-2.780614,13.628000,26.252000,13.728000,24.702000,-0.000000,0.000000,0.800000,-1.570533,1.210081,1.505005,0.000000,0.250000,0,0
1789806947.836941,1,13.727603,26.207005,-2.780614,13.628000,26.252000,13.728000,24.702000,-0.000000,0.000000,0.800000,-1.570533,1.210081,1.505005,0.000000,0.250000,0,0
1789806947.936965,1,13.727603,26.207005,-2.780614,13.628000,26.252000,13.728000,24.702000,-0.000000,0.000000,0.800000,-1.570533,1.210081,1.505005,0.000000,0.250000,0,0
1789806948.036853,1,13.727603,26.207005,-2.780614,13.628000,26.252000,13.728000,24.702000,-0.000000,0.000000,0.800000,-1.570533,1.210081,1.505005,0.000000,0.250000,0,0
1789806948.136948,1,13.727603,26.207005,-2.780614,13.628000,26.252000,13.728000,24.702000,-0.000000,0.000000,0.800000,-1.570533,1.210081,1.505005,0.000000,0.250000,0,0
1789806948.236708,1,13.713936,26.202376,-2.650975,13.628000,26.252000,13.728000,24.702000,-0.000000,0.000000,0.800000,-1.561423,1.089552,1.500442,0.000000,0.250000,0,0
1789806948.336714,1,13.713936,26.202376,-2.650975,13.628000,26.252000,13.728000,24.702000,-0.000000,0.000000,0.800000,-1.561423,1.089552,1.500442,0.000000,0.250000,0,0
1789806948.436728,1,13.713936,26.202376,-2.650975,13.628000,26.252000,13.728000,24.702000,-0.000000,0.000000,0.800000,-1.561423,1.089552,1.500442,0.000000,0.250000,0,0
1789806948.536715,1,13.713936,26.202376,-2.650975,13.628000,26.252000,13.728000,24.702000,-0.000000,0.000000,0.800000,-1.561423,1.089552,1.500442,0.000000,0.250000,0,0
1789806948.636744,1,13.713936,26.202376,-2.650975,13.628000,26.252000,13.728000,24.702000,-0.000000,0.000000,0.800000,-1.561423,1.089552,1.500442,0.000000,0.250000,0,0
1789806948.737282,1,13.706981,26.198391,-2.514057,13.628000,26.252000,13.728000,24.702000,-0.000000,0.000000,0.800000,-1.556751,0.957306,1.496539,0.000000,0.250000,0,0
1789806948.836727,1,13.706981,26.198391,-2.514057,13.628000,26.252000,13.728000,24.702000,-0.000000,0.000000,0.800000,-1.556751,0.957306,1.496539,0.000000,0.250000,0,0
1789806948.937959,1,13.706981,26.198391,-2.514057,13.628000,26.252000,13.728000,24.702000,-0.000000,0.000000,0.800000,-1.556751,0.957306,1.496539,0.000000,0.250000,0,0
1789806949.036798,1,13.706981,26.198391,-2.514057,13.628000,26.252000,13.728000,24.702000,-0.000000,0.000000,0.800000,-1.556751,0.957306,1.496539,0.000000,0.250000,0,0
1789806949.136927,1,13.706247,26.197543,-2.402510,13.628000,26.252000,13.728000,24.702000,-0.000000,0.000000,0.800000,-1.556252,0.846258,1.495702,0.000000,0.250000,0,0
1789806949.236931,1,13.706247,26.197543,-2.402510,13.628000,26.252000,13.728000,24.702000,-0.000000,0.000000,0.800000,-1.556252,0.846258,1.495702,0.000000,0.250000,0,0
1789806949.336931,1,13.706247,26.197543,-2.402510,13.628000,26.252000,13.728000,24.702000,-0.000000,0.000000,0.800000,-1.556252,0.846258,1.495702,0.000000,0.250000,0,0
1789806949.436965,1,13.706247,26.197543,-2.402510,13.628000,26.252000,13.728000,24.702000,-0.000000,0.000000,0.800000,-1.556252,0.846258,1.495702,0.000000,0.250000,0,0
1789806949.537025,1,13.706247,26.197543,-2.402510,13.628000,26.252000,13.728000,24.702000,-0.000000,0.000000,0.800000,-1.556252,0.846258,1.495702,0.000000,0.250000,0,0
1789806949.636978,1,13.712996,26.193646,-2.271668,13.628000,26.252000,13.728000,24.702000,-0.000000,0.000000,0.800000,-1.560738,0.710931,1.491722,0.000000,0.250000,0,0
1789806949.736913,1,13.712996,26.193646,-2.271668,13.628000,26.252000,13.728000,24.702000,-0.000000,0.000000,0.800000,-1.560738,0.710931,1.491722,0.000000,0.250000,0,0
1789806949.837429,1,13.712996,26.193646,-2.271668,13.628000,26.252000,13.728000,24.702000,-0.000000,0.000000,0.800000,-1.560738,0.710931,1.491722,0.000000,0.250000,0,0
1789806949.936827,1,13.712996,26.193646,-2.271668,13.628000,26.252000,13.728000,24.702000,-0.000000,0.000000,0.800000,-1.560738,0.710931,1.491722,0.000000,0.250000,0,0
1789806950.037160,1,13.711790,26.187590,-2.163792,13.628000,26.252000,13.728000,24.702000,-0.000000,0.000000,0.800000,-1.559885,0.603907,1.485679,0.000000,0.250000,0,0
1789806950.136891,1,13.711790,26.187590,-2.163792,13.628000,26.252000,13.728000,24.702000,-0.000000,0.000000,0.800000,-1.559885,0.603907,1.485679,0.000000,0.250000,0,0
1789806950.236962,1,13.711790,26.187590,-2.163792,13.628000,26.252000,13.728000,24.702000,-0.000000,0.000000,0.800000,-1.559885,0.603907,1.485679,0.000000,0.250000,0,0
1789806950.338336,1,13.711790,26.187590,-2.163792,13.628000,26.252000,13.728000,24.702000,-0.000000,0.000000,0.800000,-1.559885,0.603907,1.485679,0.000000,0.250000,0,0
1789806950.437176,1,13.708131,26.181528,-2.053477,13.628000,26.252000,13.728000,24.702000,-0.000000,0.000000,0.800000,-1.557368,0.496110,1.479662,0.000000,0.248055,0,0
1789806950.536954,1,13.708131,26.181528,-2.053477,13.628000,26.252000,13.728000,24.702000,-0.000000,0.000000,0.800000,-1.557368,0.496110,1.479662,0.000000,0.248055,0,0
1789806950.636979,1,13.708131,26.181528,-2.053477,13.628000,26.252000,13.728000,24.702000,-0.000000,0.000000,0.800000,-1.557368,0.496110,1.479662,0.000000,0.248055,0,0
1789806950.736927,1,13.708131,26.181528,-2.053477,13.628000,26.252000,13.728000,24.702000,-0.000000,0.000000,0.800000,-1.557368,0.496110,1.479662,0.000000,0.248055,0,0
1789806950.836880,1,13.706450,26.174590,-1.943211,13.628000,26.252000,13.728000,24.702000,-0.000000,0.000000,0.800000,-1.556163,0.387047,1.472748,0.000000,0.193524,0,0
1789806950.937156,1,13.706450,26.174590,-1.943211,13.628000,26.252000,13.728000,24.702000,-0.000000,0.000000,0.800000,-1.556163,0.387047,1.472748,0.000000,0.193524,0,0
1789806951.037835,1,13.706450,26.174590,-1.943211,13.628000,26.252000,13.728000,24.702000,-0.000000,0.000000,0.800000,-1.556163,0.387047,1.472748,0.000000,0.193524,0,0
1789806951.136936,1,13.706450,26.174590,-1.943211,13.628000,26.252000,13.728000,24.702000,-0.000000,0.000000,0.800000,-1.556163,0.387047,1.472748,0.000000,0.193524,0,0
1789806951.238912,1,13.706450,26.174590,-1.943211,13.628000,26.252000,13.728000,24.702000,-0.000000,0.000000,0.800000,-1.556163,0.387047,1.472748,0.000000,0.193524,0,0
1789806951.337143,1,13.706454,26.173997,-1.818639,13.628000,26.252000,13.728000,24.702000,-0.000000,0.000000,0.800000,-1.556160,0.262479,1.472155,0.000000,0.131239,0,0
1789806951.436981,1,13.706454,26.173997,-1.818639,13.628000,26.252000,13.728000,24.702000,-0.000000,0.000000,0.800000,-1.556160,0.262479,1.472155,0.000000,0.131239,0,0
1789806951.536954,1,13.706454,26.173997,-1.818639,13.628000,26.252000,13.728000,24.702000,-0.000000,0.000000,0.800000,-1.556160,0.262479,1.472155,0.000000,0.131239,0,0
1789806951.637001,1,13.706454,26.173997,-1.818639,13.628000,26.252000,13.728000,24.702000,-0.000000,0.000000,0.800000,-1.556160,0.262479,1.472155,0.000000,0.131239,0,0
1789806951.737082,1,13.706454,26.173997,-1.818639,13.628000,26.252000,13.728000,24.702000,-0.000000,0.000000,0.800000,-1.556160,0.262479,1.472155,0.000000,0.131239,0,0
1789806951.836998,1,13.703753,26.166542,-1.704291,13.628000,26.252000,13.728000,24.702000,0.070094,0.090158,0.798970,-1.593876,0.110416,1.463065,0.430817,0.114377,0,0
1789806951.937356,1,13.703753,26.166542,-1.704291,13.628000,26.252000,13.728000,24.702000,0.070094,0.090158,0.798970,-1.593876,0.110416,1.463065,0.430817,0.101219,0,0
1789806952.036993,1,13.703753,26.166542,-1.704291,13.628000,26.252000,13.728000,24.702000,0.070094,0.090158,0.798970,-1.593876,0.110416,1.463065,0.430817,0.090957,0,0
1789806952.137018,1,13.703753,26.166542,-1.704291,13.628000,26.252000,13.728000,24.702000,0.070094,0.090158,0.798970,-1.593876,0.110416,1.463065,0.430817,0.082959,0,0
1789806952.236994,1,13.703753,26.166542,-1.704291,13.628000,26.252000,13.728000,24.702000,0.070094,0.090158,0.798970,-1.593876,0.110416,1.463065,0.000000,0.000000,1,0
1789806952.337025,1,13.703753,26.166542,-1.704291,13.628000,26.252000,13.728000,24.702000,0.070094,0.090158,0.798970,-1.593876,0.110416,1.463065,0.430817,0.071884,0,0
1789806952.437054,1,13.703753,26.166542,-1.704291,13.628000,26.252000,13.728000,24.702000,0.070094,0.090158,0.798970,-1.593876,0.110416,1.463065,0.430817,0.068114,0,0
1789806952.537435,1,13.703753,26.166542,-1.704291,13.628000,26.252000,13.728000,24.702000,0.070094,0.090158,0.798970,-1.593876,0.110416,1.463065,0.430817,0.065186,0,0
1789806952.638402,1,13.703753,26.166542,-1.704291,13.628000,26.252000,13.728000,24.702000,0.070094,0.090158,0.798970,-1.593876,0.110416,1.463065,0.430817,0.062912,0,0
1789806952.739908,1,13.695375,26.155606,-1.592221,13.628000,26.252000,13.728000,24.702000,0.061029,0.100532,0.799219,-1.582583,0.009638,1.452691,0.561165,0.023267,0,0
1789806952.837599,1,13.695375,26.155606,-1.592221,13.628000,26.252000,13.728000,24.702000,0.061029,0.100532,0.799219,-1.582583,0.009638,1.452691,0.561165,-0.002844,0,0
1789806952.937068,1,13.695375,26.155606,-1.592221,13.628000,26.252000,13.728000,24.702000,0.061029,0.100532,0.799219,-1.582583,0.009638,1.452691,0.561165,-0.019249,0,0
1789806953.037014,1,13.695375,26.155606,-1.592221,13.628000,26.252000,13.728000,24.702000,0.061029,0.100532,0.799219,-1.582583,0.009638,1.452691,0.561165,-0.028785,0,0
1789806953.137230,1,13.695375,26.155606,-1.592221,13.628000,26.252000,13.728000,24.702000,0.061029,0.100532,0.799219,-1.582583,0.009638,1.452691,0.561165,-0.033544,0,0
1789806953.237333,1,13.695375,26.155606,-1.592221,13.628000,26.252000,13.728000,24.702000,0.061029,0.100532,0.799219,-1.582583,0.009638,1.452691,0.561165,-0.035055,0,0
1789806953.337250,1,13.695375,26.155606,-1.592221,13.628000,26.252000,13.728000,24.702000,0.061029,0.100532,0.799219,-1.582583,0.009638,1.452691,0.561165,-0.034427,0,0
1789806953.437114,1,13.694661,26.086008,-1.489790,13.628000,26.252000,13.728000,24.702000,0.055836,0.169940,0.799346,-1.576108,-0.086318,1.383283,0.534353,-0.068950,0,0
1789806953.537164,1,13.694661,26.086008,-1.489790,13.628000,26.252000,13.728000,24.702000,0.055836,0.169940,0.799346,-1.576108,-0.086318,1.383283,0.534353,-0.090012,0,0
1789806953.637098,1,13.694661,26.086008,-1.489790,13.628000,26.252000,13.728000,24.702000,0.055836,0.169940,0.799346,-1.576108,-0.086318,1.383283,0.534353,-0.101618,0,0
1789806953.737132,1,13.694661,26.086008,-1.489790,13.628000,26.252000,13.728000,24.702000,0.055836,0.169940,0.799346,-1.576108,-0.086318,1.383283,0.534353,-0.106708,0,0
1789806953.837141,1,13.694661,26.086008,-1.489790,13.628000,26.252000,13.728000,24.702000,0.055836,0.169940,0.799346,-1.576108,-0.086318,1.383283,0.534353,-0.107423,0,0
1789806953.937146,1,13.694661,26.086008,-1.489790,13.628000,26.252000,13.728000,24.702000,0.055836,0.169940,0.799346,-1.576108,-0.086318,1.383283,0.534353,-0.105310,0,0
1789806954.037263,1,13.703760,25.967330,-1.422448,13.628000,26.252000,13.728000,24.702000,0.057275,0.288957,0.799312,-1.577903,-0.155455,1.264266,0.376367,-0.127721,0,0
1789806954.139895,1,13.703760,25.967330,-1.422448,13.628000,26.252000,13.728000,24.702000,0.057275,0.288957,0.799312,-1.577903,-0.155455,1.264266,0.376367,-0.140065,0,0
1789806954.238679,1,13.703760,25.967330,-1.422448,13.628000,26.252000,13.728000,24.702000,0.057275,0.288957,0.799312,-1.577903,-0.155455,1.264266,0.376367,-0.145471,0,0
1789806954.337155,1,13.703760,25.967330,-1.422448,13.628000,26.252000,13.728000,24.702000,0.057275,0.288957,0.799312,-1.577903,-0.155455,1.264266,0.376367,-0.146221,0,0
1789806954.437188,1,13.703760,25.967330,-1.422448,13.628000,26.252000,13.728000,24.702000,0.057275,0.288957,0.799312,-1.577903,-0.155455,1.264266,0.376367,-0.143962,0,0
1789806954.537213,1,13.703760,25.967330,-1.422448,13.628000,26.252000,13.728000,24.702000,0.057275,0.288957,0.799312,-1.577903,-0.155455,1.264266,0.376367,-0.139866,0,0
1789806954.637493,1,13.724694,25.844781,-1.352496,13.628000,26.252000,13.728000,24.702000,0.070275,0.412599,0.798965,-1.594102,-0.241606,1.140623,0.300000,-0.167502,0,0
1789806954.739069,1,13.724694,25.844781,-1.352496,13.628000,26.252000,13.728000,24.702000,0.070275,0.412599,0.798965,-1.594102,-0.241606,1.140623,0.300000,-0.183321,0,0
1789806954.837311,1,13.724694,25.844781,-1.352496,13.628000,26.252000,13.728000,24.702000,0.070275,0.412599,0.798965,-1.594102,-0.241606,1.140623,0.300000,-0.190944,0,0
1789806954.938908,1,13.724694,25.844781,-1.352496,13.628000,26.252000,13.728000,24.702000,0.070275,0.412599,0.798965,-1.594102,-0.241606,1.140623,0.300000,-0.193017,0,0
1789806955.037320,1,13.724694,25.844781,-1.352496,13.628000,26.252000,13.728000,24.702000,0.070275,0.412599,0.798965,-1.594102,-0.241606,1.140623,0.300000,-0.191456,0,0
1789806955.137767,1,13.764351,25.692747,-1.277648,13.628000,26.252000,13.728000,24.702000,0.100062,0.566871,0.797905,-1.631125,-0.353477,0.986351,0.300000,-0.229999,0,0
1789806955.237217,1,13.764351,25.692747,-1.277648,13.628000,26.252000,13.728000,24.702000,0.100062,0.566871,0.797905,-1.631125,-0.353477,0.986351,0.300000,-0.252537,0,0
1789806955.338642,1,13.764351,25.692747,-1.277648,13.628000,26.252000,13.728000,24.702000,0.100062,0.566871,0.797905,-1.631125,-0.353477,0.986351,0.300000,-0.263929,0,0
1789806955.437258,1,13.785775,25.573328,-1.331613,13.628000,26.252000,13.728000,24.702000,0.113753,0.687422,0.797295,-1.648087,-0.316474,0.865801,0.300000,-0.253527,0,0
1789806955.537900,1,13.785775,25.573328,-1.331613,13.628000,26.252000,13.728000,24.702000,0.113753,0.687422,0.797295,-1.648087,-0.316474,0.865801,0.300000,-0.243058,0,0
1789806955.637325,1,13.785775,25.573328,-1.331613,13.628000,26.252000,13.728000,24.702000,0.113753,0.687422,0.797295,-1.648087,-0.316474,0.865801,0.300000,-0.232965,0,0
1789806955.737705,1,13.785775,25.573328,-1.331613,13.628000,26.252000,13.728000,24.702000,0.113753,0.687422,0.797295,-1.648087,-0.316474,0.865801,0.300000,-0.223517,0,0
1789806955.837671,1,13.803682,25.427962,-1.432218,13.628000,26.252000,13.728000,24.702000,0.122264,0.833639,0.796877,-1.658612,-0.226393,0.719584,0.304219,-0.180629,0,0
1789806955.937410,1,13.803682,25.427962,-1.432218,13.628000,26.252000,13.728000,24.702000,0.122264,0.833639,0.796877,-1.658612,-0.226393,0.719584,0.304219,-0.150484,0,0
1789806956.043945,1,13.803682,25.427962,-1.432218,13.628000,26.252000,13.728000,24.702000,0.122264,0.833639,0.796877,-1.658612,-0.226393,0.719584,0.304219,-0.129699,0,0
1789806956.137860,1,13.803682,25.427962,-1.432218,13.628000,26.252000,13.728000,24.702000,0.122264,0.833639,0.796877,-1.658612,-0.226393,0.719584,0.304219,-0.115737,0,0
1789806956.237321,1,13.806623,25.296717,-1.546132,13.628000,26.252000,13.728000,24.702000,0.116750,0.964801,0.797151,-1.651794,-0.105662,0.588421,0.350000,-0.060639,0,0
1789806956.337366,1,13.806623,25.296717,-1.546132,13.628000,26.252000,13.728000,24.702000,0.116750,0.964801,0.797151,-1.651794,-0.105662,0.588421,0.350000,-0.025063,0,0
1789806956.437349,1,13.806623,25.296717,-1.546132,13.628000,26.252000,13.728000,24.702000,0.116750,0.964801,0.797151,-1.651794,-0.105662,0.588421,0.350000,-0.003406,0,0
1789806956.537339,1,13.806623,25.296717,-1.546132,13.628000,26.252000,13.728000,24.702000,0.116750,0.964801,0.797151,-1.651794,-0.105662,0.588421,0.350000,0.008478,0,0
1789806956.637529,2,13.791349,25.157596,-1.650035,13.628000,26.252000,13.728000,24.702000,0.092550,1.102650,0.798207,-1.621801,0.028234,0.450572,0.300000,0.064506,0,0
1789806956.737319,2,13.791349,25.157596,-1.650035,13.728000,24.702000,19.128000,24.452000,0.458038,0.042211,0.759025,-0.589221,1.060815,5.363573,0.180000,0.211605,0,0
1789806956.837844,2,13.791349,25.157596,-1.650035,13.728000,24.702000,19.128000,24.452000,0.458038,0.042211,0.759025,-0.589221,1.060815,5.363573,0.180000,0.329284,0,0
1789806956.937547,2,13.791349,25.157596,-1.650035,13.728000,24.702000,19.128000,24.452000,0.458038,0.042211,0.759025,-0.589221,1.060815,5.363573,0.180000,0.423427,0,0
1789806957.037375,2,13.765547,25.015591,-1.712063,13.728000,24.702000,19.128000,24.452000,0.314992,0.023004,0.779871,-0.430130,1.281934,5.382780,0.180000,0.498742,0,0
1789806957.137554,2,13.765547,25.015591,-1.712063,13.728000,24.702000,19.128000,24.452000,0.314992,0.023004,0.779871,-0.430130,1.281934,5.382780,0.180000,0.558993,0,0
1789806957.237868,2,13.765547,25.015591,-1.712063,13.728000,24.702000,19.128000,24.452000,0.314992,0.023004,0.779871,-0.430130,1.281934,5.382780,0.180000,0.607195,0,0
1789806957.337498,2,13.765547,25.015591,-1.712063,13.728000,24.702000,19.128000,24.452000,0.314992,0.023004,0.779871,-0.430130,1.281934,5.382780,0.180000,0.645756,0,0
1789806957.437362,2,13.755747,24.892880,-1.692618,13.728000,24.702000,19.128000,24.452000,0.191959,0.018890,0.792361,-0.283946,1.408671,5.386894,0.180000,0.676605,0,0
1789806957.540991,2,13.755747,24.892880,-1.692618,13.728000,24.702000,19.128000,24.452000,0.191959,0.018890,0.792361,-0.283946,1.408671,5.386894,0.180000,0.701284,0,0
1789806957.637512,2,13.755747,24.892880,-1.692618,13.728000,24.702000,19.128000,24.452000,0.191959,0.018890,0.792361,-0.283946,1.408671,5.386894,0.180000,0.721027,0,0
1789806957.737613,2,13.755747,24.892880,-1.692618,13.728000,24.702000,19.128000,24.452000,0.191959,0.018890,0.792361,-0.283946,1.408671,5.386894,0.180000,0.736822,0,0
1789806957.838547,2,13.760319,24.793358,-1.613638,13.728000,24.702000,19.128000,24.452000,0.092755,0.028059,0.798199,-0.161949,1.451689,5.377725,0.180000,0.749457,0,0
1789806957.941372,2,13.760319,24.793358,-1.613638,13.728000,24.702000,19.128000,24.452000,0.092755,0.028059,0.798199,-0.161949,1.451689,5.377725,0.180000,0.759566,0,0
1789806958.037592,2,13.760319,24.793358,-1.613638,13.728000,24.702000,19.128000,24.452000,0.092755,0.028059,0.798199,-0.161949,1.451689,5.377725,0.180000,0.767653,0,0
1789806958.138104,2,13.763433,24.738826,-1.483203,13.728000,24.702000,19.128000,24.452000,0.038425,0.033692,0.799690,-0.094277,1.388926,5.372092,0.180000,0.769077,0,0
1789806958.239078,2,13.763433,24.738826,-1.483203,13.728000,24.702000,19.128000,24.452000,0.038425,0.033692,0.799690,-0.094277,1.388926,5.372092,0.180000,0.767003,0,0
1789806958.337578,2,13.777536,24.705460,-1.358836,13.728000,24.702000,19.128000,24.452000,0.005747,0.049323,0.799993,-0.053447,1.305389,5.356461,0.180000,0.730657,0,0
1789806958.438418,2,13.777536,24.705460,-1.358836,13.728000,24.702000,19.128000,24.452000,0.005747,0.049323,0.799993,-0.053447,1.305389,5.356461,0.180000,0.704277,0,0
1789806958.537503,2,13.799416,24.666897,-1.180114,13.728000,24.702000,19.128000,24.452000,-0.031763,0.072963,0.799788,-0.006570,1.173544,5.332821,0.180000,0.634876,0,0
1789806958.637477,2,13.799416,24.666897,-1.180114,13.728000,24.702000,19.128000,24.452000,-0.031763,0.072963,0.799788,-0.006570,1.173544,5.332821,0.180000,0.588535,0,0
1789806958.738125,2,13.822002,24.634807,-1.011829,13.728000,24.702000,19.128000,24.452000,-0.062774,0.097009,0.799174,0.032125,1.043953,5.308775,0.180000,0.509801,0,0
1789806958.837855,2,13.822002,24.634807,-1.011829,13.728000,24.702000,19.128000,24.452000,-0.062774,0.097009,0.799174,0.032125,1.043953,5.308775,0.180000,0.459898,0,0
1789806958.937500,2,13.854722,24.605590,-0.832695,13.728000,24.702000,19.128000,24.452000,-0.090446,0.131045,0.798287,0.066556,0.899251,5.274739,0.180000,0.375309,0,0
1789806959.037529,2,13.854722,24.605590,-0.832695,13.728000,24.702000,19.128000,24.452000,-0.090446,0.131045,0.798287,0.066556,0.899251,5.274739,0.180000,0.324146,0,0
1789806959.137943,2,13.892095,24.580423,-0.657491,13.728000,24.702000,19.128000,24.452000,-0.113858,0.169542,0.797290,0.095584,0.753074,5.236242,0.180000,0.241046,0,0
1789806959.237525,2,13.892095,24.580423,-0.657491,13.728000,24.702000,19.128000,24.452000,-0.113858,0.169542,0.797290,0.095584,0.753074,5.236242,0.180000,0.193282,0,0
1789806959.337621,2,13.935889,24.571741,-0.476492,13.728000,24.702000,19.128000,24.452000,-0.120506,0.213691,0.796966,0.103805,0.580297,5.192093,0.300000,0.104436,0,0
1789806959.437665,2,13.935889,24.571741,-0.476492,13.728000,24.702000,19.128000,24.452000,-0.120506,0.213691,0.796966,0.103805,0.580297,5.192093,0.300000,0.055003,0,0
1789806959.537593,2,13.982127,24.562306,-0.332891,13.728000,24.702000,19.128000,24.452000,-0.127792,0.260316,0.796590,0.112805,0.445696,5.145468,0.300000,-0.018405,0,0
1789806959.637571,2,13.982127,24.562306,-0.332891,13.728000,24.702000,19.128000,24.452000,-0.127792,0.260316,0.796590,0.112805,0.445696,5.145468,0.300000,-0.055735,0,0
1789806959.737702,2,13.982127,24.562306,-0.332891,13.728000,24.702000,19.128000,24.452000,-0.127792,0.260316,0.796590,0.112805,0.445696,5.145468,0.300000,-0.068484,0,0
1789806959.837572,2,14.030079,24.549857,-0.211551,13.728000,24.702000,19.128000,24.452000,-0.138010,0.308792,0.796027,0.125404,0.336955,5.096992,0.300000,-0.106350,0,0
1789806959.937837,2,14.030079,24.549857,-0.211551,13.728000,24.702000,19.128000,24.452000,-0.138010,0.308792,0.796027,0.125404,0.336955,5.096992,0.300000,-0.119591,0,0
1789806960.037652,2,14.030079,24.549857,-0.211551,13.728000,24.702000,19.128000,24.452000,-0.138010,0.308792,0.796027,0.125404,0.336955,5.096992,0.300000,-0.116543,0,0
1789806960.138153,2,14.030079,24.549857,-0.211551,13.728000,24.702000,19.128000,24.452000,-0.138010,0.308792,0.796027,0.125404,0.336955,5.096992,0.300000,-0.103191,0,0
1789806960.237675,2,14.098835,24.539751,-0.095306,13.728000,24.702000,19.128000,24.452000,-0.144926,0.377941,0.795622,0.133915,0.229222,5.027842,0.301649,-0.124733,0,0
1789806960.337600,2,14.098835,24.539751,-0.095306,13.728000,24.702000,19.128000,24.452000,-0.144926,0.377941,0.795622,0.133915,0.229222,5.027842,0.301649,-0.128946,0,0
1789806960.438114,2,14.098835,24.539751,-0.095306,13.728000,24.702000,19.128000,24.452000,-0.144926,0.377941,0.795622,0.133915,0.229222,5.027842,0.301649,-0.121900,0,0
1789806960.537794,2,14.098835,24.539751,-0.095306,13.728000,24.702000,19.128000,24.452000,-0.144926,0.377941,0.795622,0.133915,0.229222,5.027842,0.301649,-0.107930,0,0
1789806960.637627,2,14.098835,24.539751,-0.095306,13.728000,24.702000,19.128000,24.452000,-0.144926,0.377941,0.795622,0.133915,0.229222,5.027842,0.301649,-0.090088,0,0
1789806960.737629,2,14.206840,24.527440,-0.014399,13.728000,24.702000,19.128000,24.452000,-0.152229,0.486400,0.795173,0.142889,0.157289,4.919384,0.374302,-0.097813,0,0
1789806960.837851,2,14.206840,24.527440,-0.014399,13.728000,24.702000,19.128000,24.452000,-0.152229,0.486400,0.795173,0.142889,0.157289,4.919384,0.374302,-0.095699,0,0
1789806960.938066,2,14.206840,24.527440,-0.014399,13.728000,24.702000,19.128000,24.452000,-0.152229,0.486400,0.795173,0.142889,0.157289,4.919384,0.374302,-0.087372,0,0
1789806961.038199,2,14.206840,24.527440,-0.014399,13.728000,24.702000,19.128000,24.452000,-0.152229,0.486400,0.795173,0.142889,0.157289,4.919384,0.374302,-0.075402,0,0
1789806961.138155,2,14.206840,24.527440,-0.014399,13.728000,24.702000,19.128000,24.452000,-0.152229,0.486400,0.795173,0.142889,0.157289,4.919384,0.374302,-0.061580,0,0
1789806961.238090,2,14.328940,24.520058,-0.008664,13.728000,24.702000,19.128000,24.452000,-0.153956,0.608711,0.795064,0.145010,0.153673,4.797073,0.378384,-0.048497,0,0
1789806961.338274,2,14.328940,24.520058,-0.008664,13.728000,24.702000,19.128000,24.452000,-0.153956,0.608711,0.795064,0.145010,0.153673,4.797073,0.378384,-0.035110,0,0
1789806961.437669,2,14.328940,24.520058,-0.008664,13.728000,24.702000,19.128000,24.452000,-0.153956,0.608711,0.795064,0.145010,0.153673,4.797073,0.378384,-0.022065,0,0
1789806961.537657,2,14.328940,24.520058,-0.008664,13.728000,24.702000,19.128000,24.452000,-0.153956,0.608711,0.795064,0.145010,0.153673,4.797073,0.378384,-0.009760,0,0
1789806961.638065,2,14.435104,24.512814,-0.040098,13.728000,24.702000,19.128000,24.452000,-0.156283,0.715097,0.794915,0.147864,0.187962,4.690687,0.341396,0.014574,0,0
1789806961.738433,2,14.435104,24.512814,-0.040098,13.728000,24.702000,19.128000,24.452000,-0.156283,0.715097,0.794915,0.147864,0.187962,4.690687,0.341396,0.033325,0,0
1789806961.837691,2,14.435104,24.512814,-0.040098,13.728000,24.702000,19.128000,24.452000,-0.156283,0.715097,0.794915,0.147864,0.187962,4.690687,0.341396,0.047751,0,0
1789806961.937696,2,14.435104,24.512814,-0.040098,13.728000,24.702000,19.128000,24.452000,-0.156283,0.715097,0.794915,0.147864,0.187962,4.690687,0.341396,0.058833,0,0
1789806962.037790,2,14.554772,24.500190,-0.091689,13.728000,24.702000,19.128000,24.452000,-0.163358,0.835220,0.794448,0.156535,0.248224,4.570563,0.300000,0.090229,0,0
1789806962.137779,2,14.554772,24.500190,-0.091689,13.728000,24.702000,19.128000,24.452000,-0.163358,0.835220,0.794448,0.156535,0.248224,4.570563,0.300000,0.111678,0,0
1789806962.237736,2,14.554772,24.500190,-0.091689,13.728000,24.702000,19.128000,24.452000,-0.163358,0.835220,0.794448,0.156535,0.248224,4.570563,0.300000,0.125902,0,0
1789806962.337750,2,14.655272,24.488865,-0.115232,13.728000,24.702000,19.128000,24.452000,-0.170024,0.936137,0.793990,0.164689,0.279921,4.469647,0.300000,0.146978,0,0
1789806962.437970,2,14.655272,24.488865,-0.115232,13.728000,24.702000,19.128000,24.452000,-0.170024,0.936137,0.793990,0.164689,0.279921,4.469647,0.300000,0.160187,0,0
1789806962.537744,2,14.655272,24.488865,-0.115232,13.728000,24.702000,19.128000,24.452000,-0.170024,0.936137,0.793990,0.164689,0.279921,4.469647,0.300000,0.167831,0,0
1789806962.638164,2,14.758686,24.476962,-0.115308,13.728000,24.702000,19.128000,24.452000,-0.177131,1.039991,0.793483,0.173368,0.288676,4.365793,0.300000,0.174925,0,0
1789806962.737751,2,14.758686,24.476962,-0.115308,13.728000,24.702000,19.128000,24.452000,-0.177131,1.039991,0.793483,0.173368,0.288676,4.365793,0.300000,0.178242,0,0
1789806962.838228,2,14.758686,24.476962,-0.115308,13.728000,24.702000,19.128000,24.452000,-0.177131,1.039991,0.793483,0.173368,0.288676,4.365793,0.300000,0.179008,0,0
1789806962.937843,2,14.758686,24.476962,-0.115308,13.728000,24.702000,19.128000,24.452000,-0.177131,1.039991,0.793483,0.173368,0.288676,4.365793,0.300000,0.178112,0,0
1789806963.037807,2,14.884074,24.463405,-0.069313,13.728000,24.702000,19.128000,24.452000,-0.184875,1.165872,0.792908,0.182805,0.252118,4.239912,0.300000,0.162299,0,0
1789806963.138514,2,14.884074,24.463405,-0.069313,13.728000,24.702000,19.128000,24.452000,-0.184875,1.165872,0.792908,0.182805,0.252118,4.239912,0.300000,0.150728,0,0
1789806963.237825,2,14.884074,24.463405,-0.069313,13.728000,24.702000,19.128000,24.452000,-0.184875,1.165872,0.792908,0.182805,0.252118,4.239912,0.300000,0.142336,0,0
1789806963.339107,2,14.884074,24.463405,-0.069313,13.728000,24.702000,19.128000,24.452000,-0.184875,1.165872,0.792908,0.182805,0.252118,4.239912,0.300000,0.136314,0,0
1789806963.438145,2,15.012013,24.462641,0.013920,13.728000,24.702000,19.128000,24.452000,-0.179722,1.293709,0.793293,0.176527,0.162607,4.112075,0.368378,0.097794,0,0
1789806963.538054,2,15.012013,24.462641,0.013920,13.728000,24.702000,19.128000,24.452000,-0.179722,1.293709,0.793293,0.176527,0.162607,4.112075,0.368378,0.072481,0,0
1789806963.638141,2,15.012013,24.462641,0.013920,13.728000,24.702000,19.128000,24.452000,-0.179722,1.293709,0.793293,0.176527,0.162607,4.112075,0.368378,0.056634,0,0
1789806963.738127,2,15.012013,24.462641,0.013920,13.728000,24.702000,19.128000,24.452000,-0.179722,1.293709,0.793293,0.176527,0.162607,4.112075,0.368378,0.047479,0,0
1789806963.837898,2,15.127717,24.473884,0.078872,13.728000,24.702000,19.128000,24.452000,-0.163140,1.408769,0.794463,0.156268,0.077396,3.997015,0.443638,0.010532,0,0
1789806963.938176,2,15.127717,24.473884,0.078872,13.728000,24.702000,19.128000,24.452000,-0.163140,1.408769,0.794463,0.156268,0.077396,3.997015,0.443638,-0.011987,0,0
1789806964.038152,2,15.127717,24.473884,0.078872,13.728000,24.702000,19.128000,24.452000,-0.163140,1.408769,0.794463,0.156268,0.077396,3.997015,0.443638,-0.024371,0,0
1789806964.138214,2,15.127717,24.473884,0.078872,13.728000,24.702000,19.128000,24.452000,-0.163140,1.408769,0.794463,0.156268,0.077396,3.997015,0.443638,-0.029775,0,0
1789806964.238111,2,15.247407,24.485490,0.141070,13.728000,24.702000,19.128000,24.452000,-0.146011,1.527795,0.795556,0.135250,-0.005821,3.877989,0.430427,-0.062129,0,0
1789806964.338178,2,15.247407,24.485490,0.141070,13.728000,24.702000,19.128000,24.452000,-0.146011,1.527795,0.795556,0.135250,-0.005821,3.877989,0.430427,-0.080467,0,0
1789806964.437973,2,15.247407,24.485490,0.141070,13.728000,24.702000,19.128000,24.452000,-0.146011,1.527795,0.795556,0.135250,-0.005821,3.877989,0.430427,-0.089101,0,0
1789806964.538121,2,15.247407,24.485490,0.141070,13.728000,24.702000,19.128000,24.452000,-0.146011,1.527795,0.795556,0.135250,-0.005821,3.877989,0.430427,-0.091179,0,0
1789806964.638358,2,15.369372,24.500406,0.201494,13.728000,24.702000,19.128000,24.452000,-0.125470,1.648938,0.796712,0.109938,-0.091556,3.756846,0.416981,-0.121498,0,0
1789806964.738216,2,15.369372,24.500406,0.201494,13.728000,24.702000,19.128000,24.452000,-0.125470,1.648938,0.796712,0.109938,-0.091556,3.756846,0.416981,-0.137873,0,0
1789806964.838939,2,15.369372,24.500406,0.201494,13.728000,24.702000,19.128000,24.452000,-0.125470,1.648938,0.796712,0.109938,-0.091556,3.756846,0.416981,-0.144670,0,0
1789806964.940203,2,15.369372,24.500406,0.201494,13.728000,24.702000,19.128000,24.452000,-0.125470,1.648938,0.796712,0.109938,-0.091556,3.756846,0.416981,-0.145064,0,0
1789806965.038049,2,15.499129,24.524791,0.237190,13.728000,24.702000,19.128000,24.452000,-0.095110,1.777429,0.798106,0.072347,-0.164843,3.628355,0.365915,-0.169664,0,0
1789806965.138534,2,15.499129,24.524791,0.237190,13.728000,24.702000,19.128000,24.452000,-0.095110,1.777429,0.798106,0.072347,-0.164843,3.628355,0.365915,-0.181919,0,0
1789806965.238680,2,15.499129,24.524791,0.237190,13.728000,24.702000,19.128000,24.452000,-0.095110,1.777429,0.798106,0.072347,-0.164843,3.628355,0.365915,-0.185782,0,0
1789806965.338308,2,15.612460,24.550830,0.223395,13.728000,24.702000,19.128000,24.452000,-0.063858,1.889434,0.799145,0.033475,-0.189920,3.516350,0.339397,-0.193694,0,0
1789806965.440227,2,15.612460,24.550830,0.223395,13.728000,24.702000,19.128000,24.452000,-0.063858,1.889434,0.799145,0.033475,-0.189920,3.516350,0.339397,-0.194808,0,0
1789806965.538562,2,15.612460,24.550830,0.223395,13.728000,24.702000,19.128000,24.452000,-0.063858,1.889434,0.799145,0.033475,-0.189920,3.516350,0.339397,-0.191527,0,0
1789806965.638264,2,15.726650,24.568740,0.180432,13.728000,24.702000,19.128000,24.452000,-0.040686,2.002674,0.799653,0.004573,-0.175859,3.403110,0.354020,-0.180209,0,0
1789806965.738055,2,15.726650,24.568740,0.180432,13.728000,24.702000,19.128000,24.452000,-0.040686,2.002674,0.799653,0.004573,-0.175859,3.403110,0.354020,-0.169275,0,0
1789806965.840631,2,15.726650,24.568740,0.180432,13.728000,24.702000,19.128000,24.452000,-0.040686,2.002674,0.799653,0.004573,-0.175859,3.403110,0.354020,-0.159023,0,0
1789806965.938800,2,15.845447,24.581154,0.103286,13.728000,24.702000,19.128000,24.452000,-0.022792,2.120770,0.799891,-0.017778,-0.121064,3.285014,0.417272,-0.128440,0,0
1789806966.038200,2,15.845447,24.581154,0.103286,13.728000,24.702000,19.128000,24.452000,-0.022792,2.120770,0.799891,-0.017778,-0.121064,3.285014,0.417272,-0.106151,0,0
1789806966.138404,2,15.845447,24.581154,0.103286,13.728000,24.702000,19.128000,24.452000,-0.022792,2.120770,0.799891,-0.017778,-0.121064,3.285014,0.417272,-0.090061,0,0
1789806966.241692,2,15.956506,24.588415,0.030222,13.728000,24.702000,19.128000,24.452000,-0.010402,2.231375,0.799977,-0.033261,-0.063483,3.174409,0.352335,-0.057211,0,0
1789806966.341664,2,15.956506,24.588415,0.030222,13.728000,24.702000,19.128000,24.452000,-0.010402,2.231375,0.799977,-0.033261,-0.063483,3.174409,0.352335,-0.035168,0,0
1789806966.438093,2,15.956506,24.588415,0.030222,13.728000,24.702000,19.128000,24.452000,-0.010402,2.231375,0.799977,-0.033261,-0.063483,3.174409,0.352335,-0.020923,0,0
1789806966.538983,2,15.956506,24.588415,0.030222,13.728000,24.702000,19.128000,24.452000,-0.010402,2.231375,0.799977,-0.033261,-0.063483,3.174409,0.352335,-0.012239,0,0
1789806966.638145,2,16.088776,24.588754,-0.062126,13.728000,24.702000,19.128000,24.452000,-0.003946,2.363488,0.799997,-0.041331,0.020796,3.042296,0.337671,0.024768,0,0
1789806966.738227,2,16.088776,24.588754,-0.062126,13.728000,24.702000,19.128000,24.452000,-0.003946,2.363488,0.799997,-0.041331,0.020796,3.042296,0.337671,0.047878,0,0
1789806966.841171,2,16.088776,24.588754,-0.062126,13.728000,24.702000,19.128000,24.452000,-0.003946,2.363488,0.799997,-0.041331,0.020796,3.042296,0.337671,0.061169,0,0
1789806966.938268,2,16.198020,24.583157,-0.100221,13.728000,24.702000,19.128000,24.452000,-0.004485,2.472873,0.799996,-0.040657,0.059564,2.932911,0.325530,0.082697,0,0
1789806967.038173,2,16.198020,24.583157,-0.100221,13.728000,24.702000,19.128000,24.452000,-0.004485,2.472873,0.799996,-0.040657,0.059564,2.932911,0.325530,0.094358,0,0
1789806967.138368,2,16.198020,24.583157,-0.100221,13.728000,24.702000,19.128000,24.452000,-0.004485,2.472873,0.799996,-0.040657,0.059564,2.932911,0.325530,0.099238,0,0
1789806967.238335,2,16.307258,24.576780,-0.098925,13.728000,24.702000,19.128000,24.452000,-0.005804,2.582289,0.799993,-0.039009,0.059916,2.823495,0.313386,0.099717,0,0
1789806967.338188,2,16.307258,24.576780,-0.098925,13.728000,24.702000,19.128000,24.452000,-0.005804,2.582289,0.799993,-0.039009,0.059916,2.823495,0.313386,0.097233,0,0
1789806967.438411,2,16.307258,24.576780,-0.098925,13.728000,24.702000,19.128000,24.452000,-0.005804,2.582289,0.799993,-0.039009,0.059916,2.823495,0.313386,0.092952,0,0
1789806967.538579,2,16.410753,24.571712,-0.075968,13.728000,24.702000,19.128000,24.452000,-0.006080,2.685908,0.799992,-0.038663,0.037305,2.719876,0.301885,0.079110,0,0
1789806967.638291,2,16.410753,24.571712,-0.075968,13.728000,24.702000,19.128000,24.452000,-0.006080,2.685908,0.799992,-0.038663,0.037305,2.719876,0.301885,0.067834,0,0
1789806967.738418,2,16.410753,24.571712,-0.075968,13.728000,24.702000,19.128000,24.452000,-0.006080,2.685908,0.799992,-0.038663,0.037305,2.719876,0.301885,0.058649,0,0
1789806967.838424,2,16.519138,24.574057,-0.037693,13.728000,24.702000,19.128000,24.452000,0.001275,2.794069,0.800000,-0.047857,-0.010164,2.611715,0.300000,0.033134,0,0
1789806967.938278,2,16.519138,24.574057,-0.037693,13.728000,24.702000,19.128000,24.452000,0.001275,2.794069,0.800000,-0.047857,-0.010164,2.611715,0.300000,0.015276,0,0
1789806968.038345,2,16.519138,24.574057,-0.037693,13.728000,24.702000,19.128000,24.452000,0.001275,2.794069,0.800000,-0.047857,-0.010164,2.611715,0.300000,0.003032,0,0
1789806968.138433,2,16.519138,24.574057,-0.037693,13.728000,24.702000,19.128000,24.452000,0.001275,2.794069,0.800000,-0.047857,-0.010164,2.611715,0.300000,-0.005128,0,0
1789806968.238373,2,16.651060,24.579098,0.011271,13.728000,24.702000,19.128000,24.452000,0.012411,2.925616,0.799968,-0.061777,-0.073048,2.480168,0.300000,-0.034254,0,0
1789806968.338471,2,16.651060,24.579098,0.011271,13.728000,24.702000,19.128000,24.452000,0.012411,2.925616,0.799968,-0.061777,-0.073048,2.480168,0.300000,-0.052986,0,0
1789806968.438269,2,16.651060,24.579098,0.011271,13.728000,24.702000,19.128000,24.452000,0.012411,2.925616,0.799968,-0.061777,-0.073048,2.480168,0.300000,-0.064316,0,0
1789806968.538334,2,16.651060,24.579098,0.011271,13.728000,24.702000,19.128000,24.452000,0.012411,2.925616,0.799968,-0.061777,-0.073048,2.480168,0.300000,-0.070455,0,0
1789806968.638190,2,16.774788,24.588765,0.040211,13.728000,24.702000,19.128000,24.452000,0.027790,3.048765,0.799838,-0.080994,-0.121205,2.357019,0.417095,-0.091348,0,0
1789806968.738228,2,16.774788,24.588765,0.040211,13.728000,24.702000,19.128000,24.452000,0.027790,3.048765,0.799838,-0.080994,-0.121205,2.357019,0.417095,-0.103489,0,0
1789806968.838222,2,16.774788,24.588765,0.040211,13.728000,24.702000,19.128000,24.452000,0.027790,3.048765,0.799838,-0.080994,-0.121205,2.357019,0.417095,-0.109545,0,0
1789806968.938222,2,16.774788,24.588765,0.040211,13.728000,24.702000,19.128000,24.452000,0.027790,3.048765,0.799838,-0.080994,-0.121205,2.357019,0.417095,-0.111462,0,0
1789806969.038287,2,16.891036,24.597483,0.036119,13.728000,24.702000,19.128000,24.452000,0.041875,3.164486,0.799632,-0.098583,-0.134701,2.241298,0.400545,-0.115781,0,0
1789806969.138675,2,16.891036,24.597483,0.036119,13.728000,24.702000,19.128000,24.452000,0.041875,3.164486,0.799632,-0.098583,-0.134701,2.241298,0.400545,-0.116608,0,0
1789806969.241426,2,16.891036,24.597483,0.036119,13.728000,24.702000,19.128000,24.452000,0.041875,3.164486,0.799632,-0.098583,-0.134701,2.241298,0.400545,-0.115167,0,0
1789806969.340103,2,16.891036,24.597483,0.036119,13.728000,24.702000,19.128000,24.452000,0.041875,3.164486,0.799632,-0.098583,-0.134701,2.241298,0.400545,-0.112332,0,0
1789806969.438251,2,17.017604,24.599447,-0.011103,13.728000,24.702000,19.128000,24.452000,0.049690,3.290827,0.799482,-0.108336,-0.097234,2.114957,0.300000,-0.094284,0,0
1789806969.538272,2,17.017604,24.599447,-0.011103,13.728000,24.702000,19.128000,24.452000,0.049690,3.290827,0.799482,-0.108336,-0.097234,2.114957,0.300000,-0.080906,0,0
1789806969.638340,2,17.017604,24.599447,-0.011103,13.728000,24.702000,19.128000,24.452000,0.049690,3.290827,0.799482,-0.108336,-0.097234,2.114957,0.300000,-0.071053,0,0
1789806969.738430,2,17.017604,24.599447,-0.011103,13.728000,24.702000,19.128000,24.452000,0.049690,3.290827,0.799482,-0.108336,-0.097234,2.114957,0.300000,-0.063850,0,0
1789806969.838312,2,17.144407,24.602678,-0.036416,13.728000,24.702000,19.128000,24.452000,0.058782,3.417345,0.799275,-0.119675,-0.083259,1.988439,0.300000,-0.053315,0,0
1789806969.938290,2,17.144407,24.602678,-0.036416,13.728000,24.702000,19.128000,24.452000,0.058782,3.417345,0.799275,-0.119675,-0.083259,1.988439,0.300000,-0.046105,0,0
1789806970.038309,2,17.144407,24.602678,-0.036416,13.728000,24.702000,19.128000,24.452000,0.058782,3.417345,0.799275,-0.119675,-0.083259,1.988439,0.300000,-0.041312,0,0
1789806970.138495,2,17.263637,24.591066,-0.074757,13.728000,24.702000,19.128000,24.452000,0.052697,3.536984,0.799417,-0.112087,-0.037330,1.868799,0.300000,-0.020829,0,0
1789806970.238327,2,17.263637,24.591066,-0.074757,13.728000,24.702000,19.128000,24.452000,0.052697,3.536984,0.799417,-0.112087,-0.037330,1.868799,0.300000,-0.007633,0,0
1789806970.338330,2,17.263637,24.591066,-0.074757,13.728000,24.702000,19.128000,24.452000,0.052697,3.536984,0.799417,-0.112087,-0.037330,1.868799,0.300000,0.000371,0,0
1789806970.438610,2,17.263637,24.591066,-0.074757,13.728000,24.702000,19.128000,24.452000,0.052697,3.536984,0.799417,-0.112087,-0.037330,1.868799,0.300000,0.004732,0,0
1789806970.540380,2,17.392005,24.582224,-0.104175,13.728000,24.702000,19.128000,24.452000,0.049801,3.665624,0.799480,-0.108474,-0.004299,1.740160,0.300000,0.018979,0,0
1789806970.638505,2,17.392005,24.582224,-0.104175,13.728000,24.702000,19.128000,24.452000,0.049801,3.665624,0.799480,-0.108474,-0.004299,1.740160,0.300000,0.027252,0,0
1789806970.738439,2,17.392005,24.582224,-0.104175,13.728000,24.702000,19.128000,24.452000,0.049801,3.665624,0.799480,-0.108474,-0.004299,1.740160,0.300000,0.031370,0,0
1789806970.838351,2,17.392005,24.582224,-0.104175,13.728000,24.702000,19.128000,24.452000,0.049801,3.665624,0.799480,-0.108474,-0.004299,1.740160,0.300000,0.032665,0,0
1789806970.939164,2,17.506714,24.573412,-0.124322,13.728000,24.702000,19.128000,24.452000,0.046303,3.780618,0.799550,-0.104110,0.020212,1.625166,0.300000,0.041361,0,0
1789806971.038496,2,17.506714,24.573412,-0.124322,13.728000,24.702000,19.128000,24.452000,0.046303,3.780618,0.799550,-0.104110,0.020212,1.625166,0.300000,0.045677,0,0
1789806971.138563,2,17.506714,24.573412,-0.124322,13.728000,24.702000,19.128000,24.452000,0.046303,3.780618,0.799550,-0.104110,0.020212,1.625166,0.300000,0.047015,0,0
1789806971.238760,2,17.506714,24.573412,-0.124322,13.728000,24.702000,19.128000,24.452000,0.046303,3.780618,0.799550,-0.104110,0.020212,1.625166,0.300000,0.046396,0,0
1789806971.338649,2,17.625096,24.570063,-0.105592,13.728000,24.702000,19.128000,24.452000,0.048432,3.899028,0.799508,-0.106767,-0.001175,1.506756,0.300000,0.036414,0,0
1789806971.438411,2,17.625096,24.570063,-0.105592,13.728000,24.702000,19.128000,24.452000,0.048432,3.899028,0.799508,-0.106767,-0.001175,1.506756,0.300000,0.028545,0,0
1789806971.538395,2,17.625096,24.570063,-0.105592,13.728000,24.702000,19.128000,24.452000,0.048432,3.899028,0.799508,-0.106767,-0.001175,1.506756,0.300000,0.022344,0,0
1789806971.638413,2,17.625096,24.570063,-0.105592,13.728000,24.702000,19.128000,24.452000,0.048432,3.899028,0.799508,-0.106767,-0.001175,1.506756,0.300000,0.017458,0,0
1789806971.738406,2,17.745449,24.562830,-0.085652,13.728000,24.702000,19.128000,24.452000,0.046773,4.019587,0.799541,-0.104696,-0.019044,1.386197,0.300000,0.006818,0,0
1789806971.838440,2,17.745449,24.562830,-0.085652,13.728000,24.702000,19.128000,24.452000,0.046773,4.019587,0.799541,-0.104696,-0.019044,1.386197,0.300000,-0.000646,0,0
1789806971.938488,2,17.745449,24.562830,-0.085652,13.728000,24.702000,19.128000,24.452000,0.046773,4.019587,0.799541,-0.104696,-0.019044,1.386197,0.300000,-0.005777,0,0
1789806972.038456,2,17.745449,24.562830,-0.085652,13.728000,24.702000,19.128000,24.452000,0.046773,4.019587,0.799541,-0.104696,-0.019044,1.386197,0.300000,-0.009211,0,0
1789806972.138774,2,17.868777,24.556518,-0.063687,13.728000,24.702000,19.128000,24.452000,0.046171,4.143074,0.799553,-0.103945,-0.040258,1.262710,0.300000,-0.019464,0,0
1789806972.238621,2,17.868777,24.556518,-0.063687,13.728000,24.702000,19.128000,24.452000,0.046171,4.143074,0.799553,-0.103945,-0.040258,1.262710,0.300000,-0.026052,0,0
1789806972.338468,2,17.868777,24.556518,-0.063687,13.728000,24.702000,19.128000,24.452000,0.046171,4.143074,0.799553,-0.103945,-0.040258,1.262710,0.300000,-0.030031,0,0
1789806972.439170,2,17.868777,24.556518,-0.063687,13.728000,24.702000,19.128000,24.452000,0.046171,4.143074,0.799553,-0.103945,-0.040258,1.262710,0.300000,-0.032182,0,0
1789806972.538470,2,17.985651,24.556972,-0.054083,13.728000,24.702000,19.128000,24.452000,0.052030,4.259802,0.799432,-0.111255,-0.057172,1.145982,0.300000,-0.039537,0,0
1789806972.638680,2,17.985651,24.556972,-0.054083,13.728000,24.702000,19.128000,24.452000,0.052030,4.259802,0.799432,-0.111255,-0.057172,1.145982,0.300000,-0.043806,0,0
1789806972.738553,2,17.985651,24.556972,-0.054083,13.728000,24.702000,19.128000,24.452000,0.052030,4.259802,0.799432,-0.111255,-0.057172,1.145982,0.300000,-0.045929,0,0
1789806972.839058,2,17.985651,24.556972,-0.054083,13.728000,24.702000,19.128000,24.452000,0.052030,4.259802,0.799432,-0.111255,-0.057172,1.145982,0.300000,-0.046595,0,0
1789806972.938509,2,18.118980,24.542925,-0.068417,13.728000,24.702000,19.128000,24.452000,0.044164,4.393639,0.799591,-0.101440,-0.033023,1.012145,0.300000,-0.037087,0,0
1789806973.038520,2,18.118980,24.542925,-0.068417,13.728000,24.702000,19.128000,24.452000,0.044164,4.393639,0.799591,-0.101440,-0.033023,1.012145,0.300000,-0.030179,0,0
1789806973.138562,2,18.118980,24.542925,-0.068417,13.728000,24.702000,19.128000,24.452000,0.044164,4.393639,0.799591,-0.101440,-0.033023,1.012145,0.300000,-0.025212,0,0
1789806973.238586,2,18.118980,24.542925,-0.068417,13.728000,24.702000,19.128000,24.452000,0.044164,4.393639,0.799591,-0.101440,-0.033023,1.012145,0.300000,-0.021684,0,0
1789806973.338660,2,18.236329,24.532045,-0.089893,13.728000,24.702000,19.128000,24.452000,0.038723,4.511365,0.799685,-0.094648,-0.004754,0.894419,0.300000,-0.008486,0,0
1789806973.438540,2,18.236329,24.532045,-0.089893,13.728000,24.702000,19.128000,24.452000,0.038723,4.511365,0.799685,-0.094648,-0.004754,0.894419,0.300000,0.000206,0,0
1789806973.538546,2,18.236329,24.532045,-0.089893,13.728000,24.702000,19.128000,24.452000,0.038723,4.511365,0.799685,-0.094648,-0.004754,0.894419,0.300000,0.005665,0,0
1789806973.639620,2,18.236329,24.532045,-0.089893,13.728000,24.702000,19.128000,24.452000,0.038723,4.511365,0.799685,-0.094648,-0.004754,0.894419,0.300000,0.008838,0,0
1789806973.738612,2,18.362676,24.518925,-0.109894,13.728000,24.702000,19.128000,24.452000,0.031459,4.638184,0.799792,-0.085577,0.024317,0.767600,0.300000,0.021461,0,0
1789806973.838574,2,18.362676,24.518925,-0.109894,13.728000,24.702000,19.128000,24.452000,0.031459,4.638184,0.799792,-0.085577,0.024317,0.767600,0.300000,0.029168,0,0
1789806973.938714,2,18.362676,24.518925,-0.109894,13.728000,24.702000,19.128000,24.452000,0.031459,4.638184,0.799792,-0.085577,0.024317,0.767600,0.300000,0.033420,0,0
1789806974.038599,2,18.362676,24.518925,-0.109894,13.728000,24.702000,19.128000,24.452000,0.031459,4.638184,0.799792,-0.085577,0.024317,0.767600,0.300000,0.035291,0,0
1789806974.138607,2,18.486953,24.500887,-0.118730,13.728000,24.702000,19.128000,24.452000,0.019188,4.763162,0.799923,-0.070246,0.048484,0.642622,0.300000,0.044746,0,0
1789806974.238607,2,18.486953,24.500887,-0.118730,13.728000,24.702000,19.128000,24.452000,0.019188,4.763162,0.799923,-0.070246,0.048484,0.642622,0.300000,0.049978,0,0
1789806974.340256,2,18.486953,24.500887,-0.118730,13.728000,24.702000,19.128000,24.452000,0.019188,4.763162,0.799923,-0.070246,0.048484,0.642622,0.300000,0.052297,0,0
1789806974.438620,2,18.486953,24.500887,-0.118730,13.728000,24.702000,19.128000,24.452000,0.019188,4.763162,0.799923,-0.070246,0.048484,0.642622,0.300000,0.052658,0,0
1789806974.538800,2,18.610700,24.485978,-0.110135,13.728000,24.702000,19.128000,24.452000,0.010018,4.887467,0.799979,-0.058786,0.051350,0.518317,0.300000,0.052841,0,0
1789806974.639969,2,18.610700,24.485978,-0.110135,13.728000,24.702000,19.128000,24.452000,0.010018,4.887467,0.799979,-0.058786,0.051350,0.518317,0.300000,0.051871,0,0
1789806974.738648,2,18.610700,24.485978,-0.110135,13.728000,24.702000,19.128000,24.452000,0.010018,4.887467,0.799979,-0.058786,0.051350,0.518317,0.300000,0.050202,0,0
1789806974.838753,2,18.610700,24.485978,-0.110135,13.728000,24.702000,19.128000,24.452000,0.010018,4.887467,0.799979,-0.058786,0.051350,0.518317,0.300000,0.048153,0,0
1789806974.938839,3,18.729967,24.476369,-0.089659,13.728000,24.702000,19.128000,24.452000,0.005935,5.007050,0.799993,-0.053682,0.035977,0.398734,0.300000,0.040097,0,0
1789806975.038937,3,18.729967,24.476369,-0.089659,19.128000,24.452000,19.128000,20.452000,-0.398033,-0.024369,0.768508,-1.092908,-1.003250,4.024369,0.180000,-0.127923,0,0
1789806975.138784,3,18.729967,24.476369,-0.089659,19.128000,24.452000,19.128000,20.452000,-0.398033,-0.024369,0.768508,-1.092908,-1.003250,4.024369,0.180000,-0.262338,0,0
1789806975.243146,3,18.729967,24.476369,-0.089659,19.128000,24.452000,19.128000,20.452000,-0.398033,-0.024369,0.768508,-1.092908,-1.003250,4.024369,0.180000,-0.369870,0,0
1789806975.338993,3,18.849516,24.472477,-0.061902,19.128000,24.452000,19.128000,20.452000,-0.278484,-0.020477,0.784148,-1.229547,-1.167646,4.020477,0.180000,-0.455896,0,0
1789806975.438848,3,18.849516,24.472477,-0.061902,19.128000,24.452000,19.128000,20.452000,-0.278484,-0.020477,0.784148,-1.229547,-1.167646,4.020477,0.180000,-0.524717,0,0
1789806975.539443,3,18.849516,24.472477,-0.061902,19.128000,24.452000,19.128000,20.452000,-0.278484,-0.020477,0.784148,-1.229547,-1.167646,4.020477,0.180000,-0.579774,0,0
1789806975.638992,3,18.849516,24.472477,-0.061902,19.128000,24.452000,19.128000,20.452000,-0.278484,-0.020477,0.784148,-1.229547,-1.167646,4.020477,0.180000,-0.623819,0,0
1789806975.738759,3,18.971252,24.468913,-0.047489,19.128000,24.452000,19.128000,20.452000,-0.156748,-0.016913,0.794884,-1.376098,-1.328609,4.016913,0.180000,-0.659055,0,0
1789806975.838820,3,18.971252,24.468913,-0.047489,19.128000,24.452000,19.128000,20.452000,-0.156748,-0.016913,0.794884,-1.376098,-1.328609,4.016913,0.180000,-0.687244,0,0
1789806975.938894,3,18.971252,24.468913,-0.047489,19.128000,24.452000,19.128000,20.452000,-0.156748,-0.016913,0.794884,-1.376098,-1.328609,4.016913,0.180000,-0.709795,0,0
1789806976.039021,3,18.971252,24.468913,-0.047489,19.128000,24.452000,19.128000,20.452000,-0.156748,-0.016913,0.794884,-1.376098,-1.328609,4.016913,0.180000,-0.727836,0,0
1789806976.138858,3,18.971252,24.468913,-0.047489,19.128000,24.452000,19.128000,20.452000,-0.156748,-0.016913,0.794884,-1.376098,-1.328609,4.016913,0.180000,-0.742269,0,0
1789806976.238779,3,19.082687,24.453069,-0.193911,19.128000,24.452000,19.128000,20.452000,-0.045313,-0.001069,0.799569,-1.514185,-1.320275,4.001069,0.180000,-0.753815,0,0
1789806976.338807,3,19.082687,24.453069,-0.193911,19.128000,24.452000,19.128000,20.452000,-0.045313,-0.001069,0.799569,-1.514185,-1.320275,4.001069,0.180000,-0.763052,0,0
1789806976.440644,3,19.082687,24.453069,-0.193911,19.128000,24.452000,19.128000,20.452000,-0.045313,-0.001069,0.799569,-1.514185,-1.320275,4.001069,0.180000,-0.767418,0,0
1789806976.538762,3,19.123133,24.435473,-0.390213,19.128000,24.452000,19.128000,20.452000,-0.004867,0.016527,0.799995,-1.564712,-1.174499,3.983473,0.180000,-0.710090,0,0
1789806976.638796,3,19.123133,24.435473,-0.390213,19.128000,24.452000,19.128000,20.452000,-0.004867,0.016527,0.799995,-1.564712,-1.174499,3.983473,0.180000,-0.668486,0,0
1789806976.739041,3,19.149724,24.417602,-0.532932,19.128000,24.452000,19.128000,20.452000,0.021724,0.034398,0.799901,-1.597949,-1.065016,3.965602,0.180000,-0.597080,0,0
1789806976.838841,3,19.149724,24.417602,-0.532932,19.128000,24.452000,19.128000,20.452000,0.021724,0.034398,0.799901,-1.597949,-1.065016,3.965602,0.180000,-0.548797,0,0
1789806976.939334,3,19.171328,24.396193,-0.737218,19.128000,24.452000,19.128000,20.452000,0.043328,0.055807,0.799606,-1.624931,-0.887712,3.944193,0.180000,-0.450137,0,0
1789806977.039058,3,19.171328,24.396193,-0.737218,19.128000,24.452000,19.128000,20.452000,0.043328,0.055807,0.799606,-1.624931,-0.887712,3.944193,0.180000,-0.386743,0,0
1789806977.139207,3,19.192385,24.365757,-0.910790,19.128000,24.452000,19.128000,20.452000,0.064385,0.086243,0.799131,-1.651192,-0.740402,3.913757,0.180000,-0.292546,0,0
1789806977.239093,3,19.192385,24.365757,-0.910790,19.128000,24.452000,19.128000,20.452000,0.064385,0.086243,0.799131,-1.651192,-0.740402,3.913757,0.180000,-0.235366,0,0
1789806977.338820,3,19.208611,24.337202,-1.077137,19.128000,24.452000,19.128000,20.452000,0.080611,0.114798,0.798638,-1.671391,-0.594254,3.885202,0.300000,-0.148518,0,0
1789806977.438838,3,19.208611,24.337202,-1.077137,19.128000,24.452000,19.128000,20.452000,0.080611,0.114798,0.798638,-1.671391,-0.594254,3.885202,0.300000,-0.098880,0,0
1789806977.538860,3,19.224430,24.307855,-1.213322,19.128000,24.452000,19.128000,20.452000,0.096430,0.144145,0.798054,-1.691045,-0.477723,3.855855,0.300000,-0.030765,0,0
1789806977.638863,3,19.224430,24.307855,-1.213322,19.128000,24.452000,19.128000,20.452000,0.096430,0.144145,0.798054,-1.691045,-0.477723,3.855855,0.300000,0.004505,0,0
1789806977.738850,3,19.236482,24.280993,-1.326477,19.128000,24.452000,19.128000,20.452000,0.108482,0.171007,0.797539,-1.705987,-0.379510,3.828993,0.300000,0.054667,0,0
1789806977.838848,3,19.236482,24.280993,-1.326477,19.128000,24.452000,19.128000,20.452000,0.108482,0.171007,0.797539,-1.705987,-0.379510,3.828993,0.300000,0.076994,0,0
1789806977.938938,3,19.236482,24.280993,-1.326477,19.128000,24.452000,19.128000,20.452000,0.108482,0.171007,0.797539,-1.705987,-0.379510,3.828993,0.300000,0.080614,0,0
1789806978.038892,3,19.250890,24.230635,-1.449100,19.128000,24.452000,19.128000,20.452000,0.122890,0.221365,0.796845,-1.723812,-0.274712,3.778635,0.300000,0.111953,0,0
1789806978.138873,3,19.250890,24.230635,-1.449100,19.128000,24.452000,19.128000,20.452000,0.122890,0.221365,0.796845,-1.723812,-0.274712,3.778635,0.300000,0.122038,0,0
1789806978.238883,3,19.250890,24.230635,-1.449100,19.128000,24.452000,19.128000,20.452000,0.122890,0.221365,0.796845,-1.723812,-0.274712,3.778635,0.300000,0.118117,0,0
1789806978.340158,3,19.256115,24.183965,-1.550223,19.128000,24.452000,19.128000,20.452000,0.128115,0.268035,0.796573,-1.730264,-0.180040,3.731965,0.349607,0.141034,0,0
1789806978.438891,3,19.256115,24.183965,-1.550223,19.128000,24.452000,19.128000,20.452000,0.128115,0.268035,0.796573,-1.730264,-0.180040,3.731965,0.349607,0.146459,0,0
1789806978.539151,3,19.256115,24.183965,-1.550223,19.128000,24.452000,19.128000,20.452000,0.128115,0.268035,0.796573,-1.730264,-0.180040,3.731965,0.349607,0.140472,0,0
1789806978.638970,3,19.256115,24.183965,-1.550223,19.128000,24.452000,19.128000,20.452000,0.128115,0.268035,0.796573,-1.730264,-0.180040,3.731965,0.349607,0.127421,0,0
1789806978.738916,3,19.257464,24.105581,-1.644351,19.128000,24.452000,19.128000,20.452000,0.129464,0.346419,0.796501,-1.731929,-0.087578,3.653581,0.548037,0.145519,0,0
1789806978.838944,3,19.257464,24.105581,-1.644351,19.128000,24.452000,19.128000,20.452000,0.129464,0.346419,0.796501,-1.731929,-0.087578,3.653581,0.548037,0.149529,0,0
1789806978.938939,3,19.257464,24.105581,-1.644351,19.128000,24.452000,19.128000,20.452000,0.129464,0.346419,0.796501,-1.731929,-0.087578,3.653581,0.548037,0.144363,0,0
1789806979.038950,3,19.257464,24.105581,-1.644351,19.128000,24.452000,19.128000,20.452000,0.129464,0.346419,0.796501,-1.731929,-0.087578,3.653581,0.548037,0.133531,0,0
1789806979.138963,3,19.257464,24.105581,-1.644351,19.128000,24.452000,19.128000,20.452000,0.129464,0.346419,0.796501,-1.731929,-0.087578,3.653581,0.548037,0.119505,0,0
1789806979.240547,3,19.254355,23.985973,-1.685601,19.128000,24.452000,19.128000,20.452000,0.126355,0.466027,0.796666,-1.728091,-0.042490,3.533973,0.530096,0.120934,0,0
1789806979.339836,3,19.254355,23.985973,-1.685601,19.128000,24.452000,19.128000,20.452000,0.126355,0.466027,0.796666,-1.728091,-0.042490,3.533973,0.530096,0.116161,0,0
1789806979.438969,3,19.254355,23.985973,-1.685601,19.128000,24.452000,19.128000,20.452000,0.126355,0.466027,0.796666,-1.728091,-0.042490,3.533973,0.530096,0.107610,0,0
1789806979.541638,3,19.254355,23.985973,-1.685601,19.128000,24.452000,19.128000,20.452000,0.126355,0.466027,0.796666,-1.728091,-0.042490,3.533973,0.530096,0.096983,0,0
1789806979.639007,3,19.251457,23.880566,-1.674110,19.128000,24.452000,19.128000,20.452000,0.123457,0.571434,0.796816,-1.724512,-0.050402,3.428566,0.514285,0.082387,0,0
1789806979.739028,3,19.251457,23.880566,-1.674110,19.128000,24.452000,19.128000,20.452000,0.123457,0.571434,0.796816,-1.724512,-0.050402,3.428566,0.514285,0.068742,0,0
1789806979.839024,3,19.251457,23.880566,-1.674110,19.128000,24.452000,19.128000,20.452000,0.123457,0.571434,0.796816,-1.724512,-0.050402,3.428566,0.514285,0.056252,0,0
1789806979.939121,3,19.251457,23.880566,-1.674110,19.128000,24.452000,19.128000,20.452000,0.123457,0.571434,0.796816,-1.724512,-0.050402,3.428566,0.514285,0.045000,0,0
1789806980.039023,3,19.240673,23.748483,-1.665737,19.128000,24.452000,19.128000,20.452000,0.112673,0.703517,0.797346,-1.711177,-0.045439,3.296483,0.494473,0.036877,0,0
1789806980.139070,3,19.240673,23.748483,-1.665737,19.128000,24.452000,19.128000,20.452000,0.112673,0.703517,0.797346,-1.711177,-0.045439,3.296483,0.494473,0.029295,0,0
1789806980.239143,3,19.240673,23.748483,-1.665737,19.128000,24.452000,19.128000,20.452000,0.112673,0.703517,0.797346,-1.711177,-0.045439,3.296483,0.494473,0.022362,0,0
1789806980.339060,3,19.224082,23.622791,-1.682805,19.128000,24.452000,19.128000,20.452000,0.096082,0.829209,0.798068,-1.690613,-0.007807,3.170791,0.475619,0.030432,0,0
1789806980.439055,3,19.224082,23.622791,-1.682805,19.128000,24.452000,19.128000,20.452000,0.096082,0.829209,0.798068,-1.690613,-0.007807,3.170791,0.475619,0.034222,0,0
1789806980.539589,3,19.224082,23.622791,-1.682805,19.128000,24.452000,19.128000,20.452000,0.096082,0.829209,0.798068,-1.690613,-0.007807,3.170791,0.475619,0.035124,0,0
1789806980.639514,3,19.211995,23.483492,-1.699652,19.128000,24.452000,19.128000,20.452000,0.083995,0.968508,0.798522,-1.675599,0.024053,3.031492,0.454724,0.046254,0,0
1789806980.739135,3,19.211995,23.483492,-1.699652,19.128000,24.452000,19.128000,20.452000,0.083995,0.968508,0.798522,-1.675599,0.024053,3.031492,0.454724,0.052008,0,0
1789806980.839075,3,19.211995,23.483492,-1.699652,19.128000,24.452000,19.128000,20.452000,0.083995,0.968508,0.798522,-1.675599,0.024053,3.031492,0.454724,0.054091,0,0
1789806980.939106,3,19.197976,23.339549,-1.693482,19.128000,24.452000,19.128000,20.452000,0.069976,1.112451,0.798973,-1.658156,0.035326,2.887549,0.433132,0.058025,0,0
1789806981.039221,3,19.197976,23.339549,-1.693482,19.128000,24.452000,19.128000,20.452000,0.069976,1.112451,0.798973,-1.658156,0.035326,2.887549,0.433132,0.058928,0,0
1789806981.139181,3,19.197976,23.339549,-1.693482,19.128000,24.452000,19.128000,20.452000,0.069976,1.112451,0.798973,-1.658156,0.035326,2.887549,0.433132,0.057855,0,0
1789806981.239328,3,19.178541,23.183215,-1.684724,19.128000,24.452000,19.128000,20.452000,0.050541,1.268785,0.799464,-1.633931,0.050793,2.731215,0.409682,0.061432,0,0
1789806981.339103,3,19.178541,23.183215,-1.684724,19.128000,24.452000,19.128000,20.452000,0.050541,1.268785,0.799464,-1.633931,0.050793,2.731215,0.409682,0.062279,0,0
1789806981.444442,3,19.178541,23.183215,-1.684724,19.128000,24.452000,19.128000,20.452000,0.050541,1.268785,0.799464,-1.633931,0.050793,2.731215,0.409682,0.061346,0,0
1789806981.539148,3,19.165062,23.036101,-1.663849,19.128000,24.452000,19.128000,20.452000,0.037062,1.415899,0.799712,-1.617107,0.046742,2.584101,0.387615,0.057772,0,0
1789806981.639684,3,19.165062,23.036101,-1.663849,19.128000,24.452000,19.128000,20.452000,0.037062,1.415899,0.799712,-1.617107,0.046742,2.584101,0.387615,0.054109,0,0
1789806981.739177,3,19.165062,23.036101,-1.663849,19.128000,24.452000,19.128000,20.452000,0.037062,1.415899,0.799712,-1.617107,0.046742,2.584101,0.387615,0.050535,0,0
1789806981.839786,3,19.157670,22.899278,-1.649894,19.128000,24.452000,19.128000,20.452000,0.029670,1.552722,0.799815,-1.607876,0.042019,2.447278,0.367092,0.045374,0,0
1789806981.943816,3,19.157670,22.899278,-1.649894,19.128000,24.452000,19.128000,20.452000,0.029670,1.552722,0.799815,-1.607876,0.042019,2.447278,0.367092,0.041096,0,0
1789806982.040495,3,19.157670,22.899278,-1.649894,19.128000,24.452000,19.128000,20.452000,0.029670,1.552722,0.799815,-1.607876,0.042019,2.447278,0.367092,0.037555,0,0
1789806982.139189,3,19.150723,22.769594,-1.634424,19.128000,24.452000,19.128000,20.452000,0.022723,1.682406,0.799892,-1.599197,0.035227,2.317594,0.347639,0.032021,0,0
1789806982.239168,3,19.150723,22.769594,-1.634424,19.128000,24.452000,19.128000,20.452000,0.022723,1.682406,0.799892,-1.599197,0.035227,2.317594,0.347639,0.027903,0,0
1789806982.339218,3,19.150723,22.769594,-1.634424,19.128000,24.452000,19.128000,20.452000,0.022723,1.682406,0.799892,-1.599197,0.035227,2.317594,0.347639,0.024856,0,0
1789806982.439445,3,19.146964,22.639804,-1.611971,19.128000,24.452000,19.128000,20.452000,0.018964,1.812196,0.799924,-1.594499,0.017471,2.187804,0.328171,0.015879,0,0
1789806982.539213,3,19.146964,22.639804,-1.611971,19.128000,24.452000,19.128000,20.452000,0.018964,1.812196,0.799924,-1.594499,0.017471,2.187804,0.328171,0.009849,0,0
1789806982.639690,3,19.146964,22.639804,-1.611971,19.128000,24.452000,19.128000,20.452000,0.018964,1.812196,0.799924,-1.594499,0.017471,2.187804,0.328171,0.005945,0,0
1789806982.739261,3,19.148908,22.522823,-1.585079,19.128000,24.452000,19.128000,20.452000,0.020908,1.929177,0.799908,-1.596928,-0.011849,2.070823,0.310623,-0.007619,0,0
1789806982.839247,3,19.148908,22.522823,-1.585079,19.128000,24.452000,19.128000,20.452000,0.020908,1.929177,0.799908,-1.596928,-0.011849,2.070823,0.310623,-0.016232,0,0
1789806982.939269,3,19.148908,22.522823,-1.585079,19.128000,24.452000,19.128000,20.452000,0.020908,1.929177,0.799908,-1.596928,-0.011849,2.070823,0.310623,-0.021332,0,0
1789806983.040086,3,19.151343,22.414282,-1.577820,19.128000,24.452000,19.128000,20.452000,0.023343,2.037718,0.799886,-1.599971,-0.022151,1.962282,0.300000,-0.027871,0,0
1789806983.139249,3,19.151343,22.414282,-1.577820,19.128000,24.452000,19.128000,20.452000,0.023343,2.037718,0.799886,-1.599971,-0.022151,1.962282,0.300000,-0.031385,0,0
1789806983.242980,3,19.151343,22.414282,-1.577820,19.128000,24.452000,19.128000,20.452000,0.023343,2.037718,0.799886,-1.599971,-0.022151,1.962282,0.300000,-0.032821,0,0
1789806983.339686,3,19.149550,22.313599,-1.577340,19.128000,24.452000,19.128000,20.452000,0.021550,2.138401,0.799902,-1.597731,-0.020391,1.861599,0.300000,-0.032185,0,0
1789806983.441111,3,19.149550,22.313599,-1.577340,19.128000,24.452000,19.128000,20.452000,0.021550,2.138401,0.799902,-1.597731,-0.020391,1.861599,0.300000,-0.030898,0,0
1789806983.539259,3,19.149550,22.313599,-1.577340,19.128000,24.452000,19.128000,20.452000,0.021550,2.138401,0.799902,-1.597731,-0.020391,1.861599,0.300000,-0.029247,0,0
1789806983.639297,3,19.149550,22.313599,-1.577340,19.128000,24.452000,19.128000,20.452000,0.021550,2.138401,0.799902,-1.597731,-0.020391,1.861599,0.300000,-0.027428,0,0
1789806983.739386,3,19.148934,22.189152,-1.585490,19.128000,24.452000,19.128000,20.452000,0.020934,2.262848,0.799908,-1.596961,-0.011471,1.737152,0.300000,-0.022187,0,0
1789806983.839298,3,19.148934,22.189152,-1.585490,19.128000,24.452000,19.128000,20.452000,0.020934,2.262848,0.799908,-1.596961,-0.011471,1.737152,0.300000,-0.018174,0,0
1789806983.939313,3,19.148934,22.189152,-1.585490,19.128000,24.452000,19.128000,20.452000,0.020934,2.262848,0.799908,-1.596961,-0.011471,1.737152,0.300000,-0.015109,0,0
1789806984.039339,3,19.148934,22.189152,-1.585490,19.128000,24.452000,19.128000,20.452000,0.020934,2.262848,0.799908,-1.596961,-0.011471,1.737152,0.300000,-0.012772,0,0
1789806984.140693,3,19.146628,22.070956,-1.602585,19.128000,24.452000,19.128000,20.452000,0.018628,2.381044,0.799927,-1.594080,0.008506,1.618956,0.300000,-0.003477,0,0
1789806984.239323,3,19.146628,22.070956,-1.602585,19.128000,24.452000,19.128000,20.452000,0.018628,2.381044,0.799927,-1.594080,0.008506,1.618956,0.300000,0.002780,0,0
1789806984.339339,3,19.146628,22.070956,-1.602585,19.128000,24.452000,19.128000,20.452000,0.018628,2.381044,0.799927,-1.594080,0.008506,1.618956,0.300000,0.006844,0,0
1789806984.439373,3,19.146628,22.070956,-1.602585,19.128000,24.452000,19.128000,20.452000,0.018628,2.381044,0.799927,-1.594080,0.008506,1.618956,0.300000,0.009341,0,0
1789806984.539369,3,19.141619,21.951584,-1.618282,19.128000,24.452000,19.128000,20.452000,0.013619,2.500416,0.799961,-1.587820,0.030463,1.499584,0.300000,0.019081,0,0
1789806984.640799,3,19.141619,21.951584,-1.618282,19.128000,24.452000,19.128000,20.452000,0.013619,2.500416,0.799961,-1.587820,0.030463,1.499584,0.300000,0.025161,0,0
1789806984.739616,3,19.141619,21.951584,-1.618282,19.128000,24.452000,19.128000,20.452000,0.013619,2.500416,0.799961,-1.587820,0.030463,1.499584,0.300000,0.028654,0,0
1789806984.839531,3,19.141619,21.951584,-1.618282,19.128000,24.452000,19.128000,20.452000,0.013619,2.500416,0.799961,-1.587820,0.030463,1.499584,0.300000,0.030353,0,0
1789806984.940125,3,19.138205,21.832600,-1.629129,19.128000,24.452000,19.128000,20.452000,0.010205,2.619400,0.799978,-1.583552,0.045577,1.380600,0.300000,0.036554,0,0
1789806985.039389,3,19.138205,21.832600,-1.629129,19.128000,24.452000,19.128000,20.452000,0.010205,2.619400,0.799978,-1.583552,0.045577,1.380600,0.300000,0.039973,0,0
1789806985.139742,3,19.138205,21.832600,-1.629129,19.128000,24.452000,19.128000,20.452000,0.010205,2.619400,0.799978,-1.583552,0.045577,1.380600,0.300000,0.041473,0,0
1789806985.239411,3,19.138205,21.832600,-1.629129,19.128000,24.452000,19.128000,20.452000,0.010205,2.619400,0.799978,-1.583552,0.045577,1.380600,0.300000,0.041686,0,0
1789806985.339414,3,19.132787,21.716084,-1.620733,19.128000,24.452000,19.128000,20.452000,0.004787,2.735916,0.799995,-1.576780,0.043953,1.264084,0.300000,0.040449,0,0
1789806985.439617,3,19.132787,21.716084,-1.620733,19.128000,24.452000,19.128000,20.452000,0.004787,2.735916,0.799995,-1.576780,0.043953,1.264084,0.300000,0.038918,0,0
1789806985.539420,3,19.132787,21.716084,-1.620733,19.128000,24.452000,19.128000,20.452000,0.004787,2.735916,0.799995,-1.576780,0.043953,1.264084,0.300000,0.037261,0,0
1789806985.639442,3,19.132787,21.716084,-1.620733,19.128000,24.452000,19.128000,20.452000,0.004787,2.735916,0.799995,-1.576780,0.043953,1.264084,0.300000,0.035589,0,0
1789806985.741862,3,19.129954,21.590325,-1.602695,19.128000,24.452000,19.128000,20.452000,0.001954,2.861675,0.799999,-1.573239,0.029456,1.138325,0.300000,0.028562,0,0
1789806985.840821,3,19.129954,21.590325,-1.602695,19.128000,24.452000,19.128000,20.452000,0.001954,2.861675,0.799999,-1.573239,0.029456,1.138325,0.300000,0.023511,0,0
1789806985.940334,3,19.129954,21.590325,-1.602695,19.128000,24.452000,19.128000,20.452000,0.001954,2.861675,0.799999,-1.573239,0.029456,1.138325,0.300000,0.019927,0,0
1789806986.041109,3,19.129954,21.590325,-1.602695,19.128000,24.452000,19.128000,20.452000,0.001954,2.861675,0.799999,-1.573239,0.029456,1.138325,0.300000,0.017426,0,0
1789806986.139459,3,19.130311,21.474544,-1.576916,19.128000,24.452000,19.128000,20.452000,0.002311,2.977456,0.799999,-1.573685,0.003231,1.022544,0.300000,0.005630,0,0
1789806986.239481,3,19.130311,21.474544,-1.576916,19.128000,24.452000,19.128000,20.452000,0.002311,2.977456,0.799999,-1.573685,0.003231,1.022544,0.300000,-0.002080,0,0
1789806986.339432,3,19.130311,21.474544,-1.576916,19.128000,24.452000,19.128000,20.452000,0.002311,2.977456,0.799999,-1.573685,0.003231,1.022544,0.300000,-0.006866,0,0
1789806986.439493,3,19.130311,21.474544,-1.576916,19.128000,24.452000,19.128000,20.452000,0.002311,2.977456,0.799999,-1.573685,0.003231,1.022544,0.300000,-0.009590,0,0
1789806986.539829,3,19.132628,21.352613,-1.557303,19.128000,24.452000,19.128000,20.452000,0.004628,3.099387,0.799996,-1.576582,-0.019278,0.900613,0.300000,-0.019417,0,0
1789806986.639510,3,19.132628,21.352613,-1.557303,19.128000,24.452000,19.128000,20.452000,0.004628,3.099387,0.799996,-1.576582,-0.019278,0.900613,0.300000,-0.025316,0,0
1789806986.740350,3,19.132628,21.352613,-1.557303,19.128000,24.452000,19.128000,20.452000,0.004628,3.099387,0.799996,-1.576582,-0.019278,0.900613,0.300000,-0.028463,0,0
1789806986.839542,3,19.132628,21.352613,-1.557303,19.128000,24.452000,19.128000,20.452000,0.004628,3.099387,0.799996,-1.576582,-0.019278,0.900613,0.300000,-0.029725,0,0
1789806986.939512,3,19.137462,21.238070,-1.553346,19.128000,24.452000,19.128000,20.452000,0.009462,3.213930,0.799981,-1.582624,-0.029277,0.786070,0.300000,-0.033529,0,0
1789806987.039561,3,19.137462,21.238070,-1.553346,19.128000,24.452000,19.128000,20.452000,0.009462,3.213930,0.799981,-1.582624,-0.029277,0.786070,0.300000,-0.035209,0,0
1789806987.139635,3,19.137462,21.238070,-1.553346,19.128000,24.452000,19.128000,20.452000,0.009462,3.213930,0.799981,-1.582624,-0.029277,0.786070,0.300000,-0.035460,0,0
1789806987.239562,3,19.137462,21.238070,-1.553346,19.128000,24.452000,19.128000,20.452000,0.009462,3.213930,0.799981,-1.582624,-0.029277,0.786070,0.300000,-0.034789,0,0
1789806987.339601,3,19.140720,21.125145,-1.556105,19.128000,24.452000,19.128000,20.452000,0.012720,3.326855,0.799966,-1.586696,-0.030591,0.673145,0.300000,-0.034052,0,0
1789806987.440655,3,19.140720,21.125145,-1.556105,19.128000,24.452000,19.128000,20.452000,0.012720,3.326855,0.799966,-1.586696,-0.030591,0.673145,0.300000,-0.032830,0,0
1789806987.541181,3,19.140720,21.125145,-1.556105,19.128000,24.452000,19.128000,20.452000,0.012720,3.326855,0.799966,-1.586696,-0.030591,0.673145,0.300000,-0.031347,0,0
1789806987.639595,3,19.140720,21.125145,-1.556105,19.128000,24.452000,19.128000,20.452000,0.012720,3.326855,0.799966,-1.586696,-0.030591,0.673145,0.300000,-0.029755,0,0
1789806987.739602,3,19.142364,21.010097,-1.571761,19.128000,24.452000,19.128000,20.452000,0.014364,3.441903,0.799957,-1.588750,-0.016989,0.558097,0.300000,-0.022990,0,0
1789806987.839605,3,19.142364,21.010097,-1.571761,19.128000,24.452000,19.128000,20.452000,0.014364,3.441903,0.799957,-1.588750,-0.016989,0.558097,0.300000,-0.018081,0,0
1789806987.939621,3,19.142364,21.010097,-1.571761,19.128000,24.452000,19.128000,20.452000,0.014364,3.441903,0.799957,-1.588750,-0.016989,0.558097,0.300000,-0.014555,0,0
1789806988.039628,3,19.142364,21.010097,-1.571761,19.128000,24.452000,19.128000,20.452000,0.014364,3.441903,0.799957,-1.588750,-0.016989,0.558097,0.300000,-0.012056,0,0
1789806988.139887,4,19.142839,20.890638,-1.588141,19.128000,24.452000,19.128000,20.452000,0.014839,3.561362,0.799954,-1.589344,-0.001202,0.438638,0.300000,-0.004315,0,0
1789806988.239747,4,19.142839,20.890638,-1.588141,19.128000,20.452000,17.878000,20.452000,-0.438638,-0.014839,0.762198,-2.619389,-1.031248,1.264839,0.180000,-0.163452,0,0
1789806988.339612,4,19.142839,20.890638,-1.588141,19.128000,20.452000,17.878000,20.452000,-0.438638,-0.014839,0.762198,-2.619389,-1.031248,1.264839,0.180000,-0.290761,0,0
1789806988.439676,4,19.142839,20.890638,-1.588141,19.128000,20.452000,17.878000,20.452000,-0.438638,-0.014839,0.762198,-2.619389,-1.031248,1.264839,0.180000,-0.392609,0,0
1789806988.539658,4,19.140352,20.771258,-1.603863,19.128000,20.452000,17.878000,20.452000,-0.319258,-0.012352,0.779341,-2.752794,-1.148931,1.262352,0.180000,-0.474087,0,0
1789806988.639678,4,19.140352,20.771258,-1.603863,19.128000,20.452000,17.878000,20.452000,-0.319258,-0.012352,0.779341,-2.752794,-1.148931,1.262352,0.180000,-0.539270,0,0
1789806988.739642,4,19.140352,20.771258,-1.603863,19.128000,20.452000,17.878000,20.452000,-0.319258,-0.012352,0.779341,-2.752794,-1.148931,1.262352,0.180000,-0.591416,0,0
1789806988.839655,4,19.140352,20.771258,-1.603863,19.128000,20.452000,17.878000,20.452000,-0.319258,-0.012352,0.779341,-2.752794,-1.148931,1.262352,0.180000,-0.633133,0,0
1789806988.939725,4,19.137737,20.652262,-1.614344,19.128000,20.452000,17.878000,20.452000,-0.200262,-0.009737,0.791695,-2.893836,-1.279491,1.259737,0.180000,-0.666506,0,0
1789806989.039713,4,19.137737,20.652262,-1.614344,19.128000,20.452000,17.878000,20.452000,-0.200262,-0.009737,0.791695,-2.893836,-1.279491,1.259737,0.180000,-0.693205,0,0
1789806989.139697,4,19.137737,20.652262,-1.614344,19.128000,20.452000,17.878000,20.452000,-0.200262,-0.009737,0.791695,-2.893836,-1.279491,1.259737,0.180000,-0.714564,0,0
1789806989.239735,4,19.137737,20.652262,-1.614344,19.128000,20.452000,17.878000,20.452000,-0.200262,-0.009737,0.791695,-2.893836,-1.279491,1.259737,0.180000,-0.731651,0,0
1789806989.340187,4,19.126055,20.546216,-1.702129,19.128000,20.452000,17.878000,20.452000,-0.094216,0.001945,0.798142,-3.024092,-1.321963,1.248055,0.180000,-0.745321,0,0
1789806989.439671,4,19.126055,20.546216,-1.702129,19.128000,20.452000,17.878000,20.452000,-0.094216,0.001945,0.798142,-3.024092,-1.321963,1.248055,0.180000,-0.756257,0,0
1789806989.540253,4,19.115672,20.506470,-1.825045,19.128000,20.452000,17.878000,20.452000,-0.054470,0.012328,0.799378,-3.073557,-1.248512,1.237672,0.180000,-0.745599,0,0
1789806989.639905,4,19.115672,20.506470,-1.825045,19.128000,20.452000,17.878000,20.452000,-0.054470,0.012328,0.799378,-3.073557,-1.248512,1.237672,0.180000,-0.733925,0,0
1789806989.739718,4,19.104404,20.484994,-1.952875,19.128000,20.452000,17.878000,20.452000,-0.032994,0.023596,0.799771,-3.100362,-1.147487,1.226404,0.180000,-0.683625,0,0
1789806989.839930,4,19.104404,20.484994,-1.952875,19.128000,20.452000,17.878000,20.452000,-0.032994,0.023596,0.799771,-3.100362,-1.147487,1.226404,0.180000,-0.647038,0,0
1789806989.939798,4,19.084648,20.455896,-2.104893,19.128000,20.452000,17.878000,20.452000,-0.003896,0.043352,0.799997,-3.136723,-1.031829,1.206648,0.180000,-0.576700,0,0
1789806990.039728,4,19.084648,20.455896,-2.104893,19.128000,20.452000,17.878000,20.452000,-0.003896,0.043352,0.799997,-3.136723,-1.031829,1.206648,0.180000,-0.529253,0,0
1789806990.139769,4,19.061351,20.427714,-2.268352,19.128000,20.452000,17.878000,20.452000,0.024286,0.066649,0.799876,3.111240,-0.903594,1.183351,0.180000,-0.449634,0,0
1789806990.240702,4,19.061351,20.427714,-2.268352,19.128000,20.452000,17.878000,20.452000,0.024286,0.066649,0.799876,3.111240,-0.903594,1.183351,0.180000,-0.398765,0,0
1789806990.339774,4,19.038621,20.407466,-2.418056,19.128000,20.452000,17.878000,20.452000,0.044534,0.089379,0.799584,3.085954,-0.779176,1.160621,0.180000,-0.320725,0,0
1789806990.439879,4,19.038621,20.407466,-2.418056,19.128000,20.452000,17.878000,20.452000,0.044534,0.089379,0.799584,3.085954,-0.779176,1.160621,0.180000,-0.273534,0,0
1789806990.539824,4,19.011218,20.391948,-2.585257,19.128000,20.452000,17.878000,20.452000,0.060052,0.116782,0.799244,3.066598,-0.631330,1.133218,0.300000,-0.191766,0,0
1789806990.640786,4,19.011218,20.391948,-2.585257,19.128000,20.452000,17.878000,20.452000,0.060052,0.116782,0.799244,3.066598,-0.631330,1.133218,0.300000,-0.144390,0,0
1789806990.739802,4,18.974934,20.371176,-2.738593,19.128000,20.452000,17.878000,20.452000,0.080824,0.153066,0.798631,3.040732,-0.503860,1.096934,0.300000,-0.072134,0,0
1789806990.840338,4,18.974934,20.371176,-2.738593,19.128000,20.452000,17.878000,20.452000,0.080824,0.153066,0.798631,3.040732,-0.503860,1.096934,0.300000,-0.033082,0,0
1789806990.939819,4,18.944593,20.366150,-2.876829,19.128000,20.452000,17.878000,20.452000,0.085850,0.183407,0.798456,3.034484,-0.371871,1.066593,0.300000,0.033506,0,0
1789806991.039828,4,18.944593,20.366150,-2.876829,19.128000,20.452000,17.878000,20.452000,0.085850,0.183407,0.798456,3.034484,-0.371871,1.066593,0.300000,0.067344,0,0
1789806991.139807,4,18.910895,20.360046,-2.986515,19.128000,20.452000,17.878000,20.452000,0.091954,0.217105,0.798230,3.026901,-0.269769,1.032895,0.300000,0.117675,0,0
1789806991.239944,4,18.910895,20.360046,-2.986515,19.128000,20.452000,17.878000,20.452000,0.091954,0.217105,0.798230,3.026901,-0.269769,1.032895,0.300000,0.139784,0,0
1789806991.339843,4,18.910895,20.360046,-2.986515,19.128000,20.452000,17.878000,20.452000,0.091954,0.217105,0.798230,3.026901,-0.269769,1.032895,0.300000,0.142947,0,0
1789806991.439946,4,18.861247,20.357239,-3.100962,19.128000,20.452000,17.878000,20.452000,0.094761,0.266753,0.798120,3.023416,-0.158808,0.983247,0.372601,0.175996,0,0
1789806991.539847,4,18.861247,20.357239,-3.100962,19.128000,20.452000,17.878000,20.452000,0.094761,0.266753,0.798120,3.023416,-0.158808,0.983247,0.372601,0.186931,0,0
1789806991.640072,4,18.861247,20.357239,-3.100962,19.128000,20.452000,17.878000,20.452000,0.094761,0.266753,0.798120,3.023416,-0.158808,0.983247,0.372601,0.183276,0,0
1789806991.739886,4,18.861247,20.357239,-3.100962,19.128000,20.452000,17.878000,20.452000,0.094761,0.266753,0.798120,3.023416,-0.158808,0.983247,0.372601,0.170430,0,0
1789806991.839878,4,18.780032,20.357885,3.082535,19.128000,20.452000,17.878000,20.452000,0.094115,0.347968,0.798146,3.024218,-0.058317,0.902032,0.432975,0.190404,0,0
1789806991.939893,4,18.780032,20.357885,3.082535,19.128000,20.452000,17.878000,20.452000,0.094115,0.347968,0.798146,3.024218,-0.058317,0.902032,0.432975,0.194405,0,0
1789806992.039989,4,18.780032,20.357885,3.082535,19.128000,20.452000,17.878000,20.452000,0.094115,0.347968,0.798146,3.024218,-0.058317,0.902032,0.432975,0.188023,0,0
1789806992.139897,4,18.780032,20.357885,3.082535,19.128000,20.452000,17.878000,20.452000,0.094115,0.347968,0.798146,3.024218,-0.058317,0.902032,0.432975,0.175251,0,0
1789806992.240652,4,18.780032,20.357885,3.082535,19.128000,20.452000,17.878000,20.452000,0.094115,0.347968,0.798146,3.024218,-0.058317,0.902032,0.432975,0.158901,0,0
1789806992.339991,4,18.674610,20.368150,3.001635,19.128000,20.452000,17.878000,20.452000,0.083850,0.453390,0.798527,3.036971,0.035335,0.796610,0.382373,0.176680,0,0
1789806992.439965,4,18.674610,20.368150,3.001635,19.128000,20.452000,17.878000,20.452000,0.083850,0.453390,0.798527,3.036971,0.035335,0.796610,0.382373,0.181698,0,0
1789806992.539960,4,18.674610,20.368150,3.001635,19.128000,20.452000,17.878000,20.452000,0.083850,0.453390,0.798527,3.036971,0.035335,0.796610,0.382373,0.178348,0,0
1789806992.639927,4,18.674610,20.368150,3.001635,19.128000,20.452000,17.878000,20.452000,0.083850,0.453390,0.798527,3.036971,0.035335,0.796610,0.382373,0.169777,0,0
1789806992.739956,4,18.674610,20.368150,3.001635,19.128000,20.452000,17.878000,20.452000,0.083850,0.453390,0.798527,3.036971,0.035335,0.796610,0.382373,0.158208,0,0
1789806992.839919,4,18.556316,20.379241,3.009081,19.128000,20.452000,17.878000,20.452000,0.072759,0.571684,0.798890,3.050768,0.041687,0.678316,0.325591,0.147595,0,0
1789806992.939955,4,18.556316,20.379241,3.009081,19.128000,20.452000,17.878000,20.452000,0.072759,0.571684,0.798890,3.050768,0.041687,0.678316,0.325591,0.135734,0,0
1789806993.039961,4,18.556316,20.379241,3.009081,19.128000,20.452000,17.878000,20.452000,0.072759,0.571684,0.798890,3.050768,0.041687,0.678316,0.325591,0.123546,0,0
1789806993.139980,4,18.556316,20.379241,3.009081,19.128000,20.452000,17.878000,20.452000,0.072759,0.571684,0.798890,3.050768,0.041687,0.678316,0.325591,0.111639,0,0
1789806993.241393,4,18.432121,20.378535,3.089741,19.128000,20.452000,17.878000,20.452000,0.073465,0.695879,0.798869,3.049889,-0.039852,0.554121,0.300000,0.069650,0,0
1789806993.340192,4,18.432121,20.378535,3.089741,19.128000,20.452000,17.878000,20.452000,0.073465,0.695879,0.798869,3.049889,-0.039852,0.554121,0.300000,0.039194,0,0
1789806993.440000,4,18.432121,20.378535,3.089741,19.128000,20.452000,17.878000,20.452000,0.073465,0.695879,0.798869,3.049889,-0.039852,0.554121,0.300000,0.017337,0,0
1789806993.539992,4,18.432121,20.378535,3.089741,19.128000,20.452000,17.878000,20.452000,0.073465,0.695879,0.798869,3.049889,-0.039852,0.554121,0.300000,0.001858,0,0
1789806993.640296,5,18.293199,20.370474,-3.088889,19.128000,20.452000,17.878000,20.452000,0.081526,0.834801,0.798607,3.039860,-0.154437,0.415199,0.000000,0.000000,0,1
1789806993.739994,5,18.293199,20.370474,-3.088889,19.128000,20.452000,17.878000,20.452000,0.081526,0.834801,0.798607,3.039860,-0.154437,0.415199,0.000000,0.000000,0,1
1789806993.840006,5,18.293199,20.370474,-3.088889,19.128000,20.452000,17.878000,20.452000,0.081526,0.834801,0.798607,3.039860,-0.154437,0.415199,0.000000,0.000000,0,1
1789806993.940265,5,18.293199,20.370474,-3.088889,19.128000,20.452000,17.878000,20.452000,0.081526,0.834801,0.798607,3.039860,-0.154437,0.415199,0.000000,0.000000,0,1
1789806994.040179,5,18.165346,20.349504,-3.036764,19.128000,20.452000,17.878000,20.452000,0.081526,0.834801,0.798607,3.039860,-0.154437,0.415199,0.000000,0.000000,0,1
1789806994.140186,5,18.165346,20.349504,-3.036764,19.128000,20.452000,17.878000,20.452000,0.081526,0.834801,0.798607,3.039860,-0.154437,0.415199,0.000000,0.000000,0,1
1789806994.240223,5,18.165346,20.349504,-3.036764,19.128000,20.452000,17.878000,20.452000,0.081526,0.834801,0.798607,3.039860,-0.154437,0.415199,0.000000,0.000000,0,1
1789806994.340209,5,18.165346,20.349504,-3.036764,19.128000,20.452000,17.878000,20.452000,0.081526,0.834801,0.798607,3.039860,-0.154437,0.415199,0.000000,0.000000,0,1
1789806994.440189,5,18.056377,20.329854,-3.044550,19.128000,20.452000,17.878000,20.452000,0.081526,0.834801,0.798607,3.039860,-0.154437,0.415199,0.000000,0.000000,0,1
1789806994.540214,5,18.056377,20.329854,-3.044550,19.128000,20.452000,17.878000,20.452000,0.081526,0.834801,0.798607,3.039860,-0.154437,0.415199,0.000000,0.000000,0,1
1789806994.640053,5,18.056377,20.329854,-3.044550,19.128000,20.452000,17.878000,20.452000,0.081526,0.834801,0.798607,3.039860,-0.154437,0.415199,0.000000,0.000000,0,1
1789806994.740075,5,18.056377,20.329854,-3.044550,19.128000,20.452000,17.878000,20.452000,0.081526,0.834801,0.798607,3.039860,-0.154437,0.415199,0.000000,0.000000,0,1
1789806994.840136,5,18.056377,20.329854,-3.044550,19.128000,20.452000,17.878000,20.452000,0.081526,0.834801,0.798607,3.039860,-0.154437,0.415199,0.000000,0.000000,0,1
1789806994.941253,5,18.056377,20.329854,-3.044550,19.128000,20.452000,17.878000,20.452000,0.081526,0.834801,0.798607,3.039860,-0.154437,0.415199,0.000000,0.000000,0,1
1789806995.040302,5,18.056377,20.329854,-3.044550,19.128000,20.452000,17.878000,20.452000,0.081526,0.834801,0.798607,3.039860,-0.154437,0.415199,0.000000,0.000000,0,1
1789806995.143031,5,18.056377,20.329854,-3.044550,19.128000,20.452000,17.878000,20.452000,0.081526,0.834801,0.798607,3.039860,-0.154437,0.415199,0.000000,0.000000,0,1
1789806995.240321,5,18.056377,20.329854,-3.044550,19.128000,20.452000,17.878000,20.452000,0.081526,0.834801,0.798607,3.039860,-0.154437,0.415199,0.000000,0.000000,0,1
1789806995.340312,5,18.056377,20.329854,-3.044550,19.128000,20.452000,17.878000,20.452000,0.081526,0.834801,0.798607,3.039860,-0.154437,0.415199,0.000000,0.000000,0,1
1789806995.440115,5,18.056377,20.329854,-3.044550,19.128000,20.452000,17.878000,20.452000,0.081526,0.834801,0.798607,3.039860,-0.154437,0.415199,0.000000,0.000000,0,1
1789806995.540162,5,18.056377,20.329854,-3.044550,19.128000,20.452000,17.878000,20.452000,0.081526,0.834801,0.798607,3.039860,-0.154437,0.415199,0.000000,0.000000,0,1
1789806995.640188,5,18.056377,20.329854,-3.044550,19.128000,20.452000,17.878000,20.452000,0.081526,0.834801,0.798607,3.039860,-0.154437,0.415199,0.000000,0.000000,0,1
1789806995.742898,5,18.056377,20.329854,-3.044550,19.128000,20.452000,17.878000,20.452000,0.081526,0.834801,0.798607,3.039860,-0.154437,0.415199,0.000000,0.000000,0,1
1789806995.840361,5,18.056377,20.329854,-3.044550,19.128000,20.452000,17.878000,20.452000,0.081526,0.834801,0.798607,3.039860,-0.154437,0.415199,0.000000,0.000000,0,1
1789806995.940191,5,18.056377,20.329854,-3.044550,19.128000,20.452000,17.878000,20.452000,0.081526,0.834801,0.798607,3.039860,-0.154437,0.415199,0.000000,0.000000,0,1
1789806996.040267,5,18.056377,20.329854,-3.044550,19.128000,20.452000,17.878000,20.452000,0.081526,0.834801,0.798607,3.039860,-0.154437,0.415199,0.000000,0.000000,0,1
1789806996.140711,5,18.056377,20.329854,-3.044550,19.128000,20.452000,17.878000,20.452000,0.081526,0.834801,0.798607,3.039860,-0.154437,0.415199,0.000000,0.000000,0,1
1789806996.240346,5,18.056377,20.329854,-3.044550,19.128000,20.452000,17.878000,20.452000,0.081526,0.834801,0.798607,3.039860,-0.154437,0.415199,0.000000,0.000000,0,1
1789806996.340425,5,18.056377,20.329854,-3.044550,19.128000,20.452000,17.878000,20.452000,0.081526,0.834801,0.798607,3.039860,-0.154437,0.415199,0.000000,0.000000,0,1
1789806996.440150,5,18.056377,20.329854,-3.044550,19.128000,20.452000,17.878000,20.452000,0.081526,0.834801,0.798607,3.039860,-0.154437,0.415199,0.000000,0.000000,0,1
1789806996.540318,5,18.056377,20.329854,-3.044550,19.128000,20.452000,17.878000,20.452000,0.081526,0.834801,0.798607,3.039860,-0.154437,0.415199,0.000000,0.000000,0,1
1789806996.640193,5,18.056377,20.329854,-3.044550,19.128000,20.452000,17.878000,20.452000,0.081526,0.834801,0.798607,3.039860,-0.154437,0.415199,0.000000,0.000000,0,1
1789806996.740223,5,18.056377,20.329854,-3.044550,19.128000,20.452000,17.878000,20.452000,0.081526,0.834801,0.798607,3.039860,-0.154437,0.415199,0.000000,0.000000,0,1
1789806996.840211,5,18.056377,20.329854,-3.044550,19.128000,20.452000,17.878000,20.452000,0.081526,0.834801,0.798607,3.039860,-0.154437,0.415199,0.000000,0.000000,0,1
1789806996.940234,5,18.056377,20.329854,-3.044550,19.128000,20.452000,17.878000,20.452000,0.081526,0.834801,0.798607,3.039860,-0.154437,0.415199,0.000000,0.000000,0,1
1789806997.040242,5,18.056377,20.329854,-3.044550,19.128000,20.452000,17.878000,20.452000,0.081526,0.834801,0.798607,3.039860,-0.154437,0.415199,0.000000,0.000000,0,1
1789806997.140893,5,18.056377,20.329854,-3.044550,19.128000,20.452000,17.878000,20.452000,0.081526,0.834801,0.798607,3.039860,-0.154437,0.415199,0.000000,0.000000,0,1
1789806997.240293,5,18.056377,20.329854,-3.044550,19.128000,20.452000,17.878000,20.452000,0.081526,0.834801,0.798607,3.039860,-0.154437,0.415199,0.000000,0.000000,0,1
1789806997.342294,5,18.056377,20.329854,-3.044550,19.128000,20.452000,17.878000,20.452000,0.081526,0.834801,0.798607,3.039860,-0.154437,0.415199,0.000000,0.000000,0,1
1789806997.440410,5,18.056377,20.329854,-3.044550,19.128000,20.452000,17.878000,20.452000,0.081526,0.834801,0.798607,3.039860,-0.154437,0.415199,0.000000,0.000000,0,1
1789806997.540427,5,18.056377,20.329854,-3.044550,19.128000,20.452000,17.878000,20.452000,0.081526,0.834801,0.798607,3.039860,-0.154437,0.415199,0.000000,0.000000,0,1
1789806997.640560,5,18.056377,20.329854,-3.044550,19.128000,20.452000,17.878000,20.452000,0.081526,0.834801,0.798607,3.039860,-0.154437,0.415199,0.000000,0.000000,0,1
1789806997.740441,5,18.056377,20.329854,-3.044550,19.128000,20.452000,17.878000,20.452000,0.081526,0.834801,0.798607,3.039860,-0.154437,0.415199,0.000000,0.000000,0,1
1789806997.840298,5,18.056377,20.329854,-3.044550,19.128000,20.452000,17.878000,20.452000,0.081526,0.834801,0.798607,3.039860,-0.154437,0.415199,0.000000,0.000000,0,1
1789806997.940733,5,18.056377,20.329854,-3.044550,19.128000,20.452000,17.878000,20.452000,0.081526,0.834801,0.798607,3.039860,-0.154437,0.415199,0.000000,0.000000,0,1
1789806998.040422,5,18.056377,20.329854,-3.044550,19.128000,20.452000,17.878000,20.452000,0.081526,0.834801,0.798607,3.039860,-0.154437,0.415199,0.000000,0.000000,0,1
1789806998.140362,5,18.056377,20.329854,-3.044550,19.128000,20.452000,17.878000,20.452000,0.081526,0.834801,0.798607,3.039860,-0.154437,0.415199,0.000000,0.000000,0,1
1789806998.240651,5,18.056377,20.329854,-3.044550,19.128000,20.452000,17.878000,20.452000,0.081526,0.834801,0.798607,3.039860,-0.154437,0.415199,0.000000,0.000000,0,1
1789806998.342337,5,18.056377,20.329854,-3.044550,19.128000,20.452000,17.878000,20.452000,0.081526,0.834801,0.798607,3.039860,-0.154437,0.415199,0.000000,0.000000,0,1
1789806998.440338,5,18.056377,20.329854,-3.044550,19.128000,20.452000,17.878000,20.452000,0.081526,0.834801,0.798607,3.039860,-0.154437,0.415199,0.000000,0.000000,0,1
1789806998.540359,5,18.056377,20.329854,-3.044550,19.128000,20.452000,17.878000,20.452000,0.081526,0.834801,0.798607,3.039860,-0.154437,0.415199,0.000000,0.000000,0,1
1789806998.640375,5,18.056377,20.329854,-3.044550,19.128000,20.452000,17.878000,20.452000,0.081526,0.834801,0.798607,3.039860,-0.154437,0.415199,0.000000,0.000000,0,1
1789806998.741069,5,18.056377,20.329854,-3.044550,19.128000,20.452000,17.878000,20.452000,0.081526,0.834801,0.798607,3.039860,-0.154437,0.415199,0.000000,0.000000,0,1
1789806998.840394,5,18.056377,20.329854,-3.044550,19.128000,20.452000,17.878000,20.452000,0.081526,0.834801,0.798607,3.039860,-0.154437,0.415199,0.000000,0.000000,0,1
1789806998.940394,5,18.056377,20.329854,-3.044550,19.128000,20.452000,17.878000,20.452000,0.081526,0.834801,0.798607,3.039860,-0.154437,0.415199,0.000000,0.000000,0,1
1789806999.040408,5,18.056377,20.329854,-3.044550,19.128000,20.452000,17.878000,20.452000,0.081526,0.834801,0.798607,3.039860,-0.154437,0.415199,0.000000,0.000000,0,1
1789806999.140407,5,18.056377,20.329854,-3.044550,19.128000,20.452000,17.878000,20.452000,0.081526,0.834801,0.798607,3.039860,-0.154437,0.415199,0.000000,0.000000,0,1
1789806999.241818,5,18.056377,20.329854,-3.044550,19.128000,20.452000,17.878000,20.452000,0.081526,0.834801,0.798607,3.039860,-0.154437,0.415199,0.000000,0.000000,0,1
1789806999.341739,5,18.056377,20.329854,-3.044550,19.128000,20.452000,17.878000,20.452000,0.081526,0.834801,0.798607,3.039860,-0.154437,0.415199,0.000000,0.000000,0,1
1789806999.440433,5,18.056377,20.329854,-3.044550,19.128000,20.452000,17.878000,20.452000,0.081526,0.834801,0.798607,3.039860,-0.154437,0.415199,0.000000,0.000000,0,1
1789806999.540422,5,18.056377,20.329854,-3.044550,19.128000,20.452000,17.878000,20.452000,0.081526,0.834801,0.798607,3.039860,-0.154437,0.415199,0.000000,0.000000,0,1
1789806999.640499,5,18.056377,20.329854,-3.044550,19.128000,20.452000,17.878000,20.452000,0.081526,0.834801,0.798607,3.039860,-0.154437,0.415199,0.000000,0.000000,0,1
1789806999.740418,5,18.056377,20.329854,-3.044550,19.128000,20.452000,17.878000,20.452000,0.081526,0.834801,0.798607,3.039860,-0.154437,0.415199,0.000000,0.000000,0,1
1789806999.840463,5,18.056377,20.329854,-3.044550,19.128000,20.452000,17.878000,20.452000,0.081526,0.834801,0.798607,3.039860,-0.154437,0.415199,0.000000,0.000000,0,1
1789806999.940492,5,18.056377,20.329854,-3.044550,19.128000,20.452000,17.878000,20.452000,0.081526,0.834801,0.798607,3.039860,-0.154437,0.415199,0.000000,0.000000,0,1
1789807000.043711,5,18.056377,20.329854,-3.044550,19.128000,20.452000,17.878000,20.452000,0.081526,0.834801,0.798607,3.039860,-0.154437,0.415199,0.000000,0.000000,0,1
1789807000.140869,5,18.056377,20.329854,-3.044550,19.128000,20.452000,17.878000,20.452000,0.081526,0.834801,0.798607,3.039860,-0.154437,0.415199,0.000000,0.000000,0,1
1789807000.240477,5,18.056377,20.329854,-3.044550,19.128000,20.452000,17.878000,20.452000,0.081526,0.834801,0.798607,3.039860,-0.154437,0.415199,0.000000,0.000000,0,1
1789807000.340588,5,18.056377,20.329854,-3.044550,19.128000,20.452000,17.878000,20.452000,0.081526,0.834801,0.798607,3.039860,-0.154437,0.415199,0.000000,0.000000,0,1
1789807000.440608,5,18.056377,20.329854,-3.044550,19.128000,20.452000,17.878000,20.452000,0.081526,0.834801,0.798607,3.039860,-0.154437,0.415199,0.000000,0.000000,0,1
1789807000.540593,5,18.056377,20.329854,-3.044550,19.128000,20.452000,17.878000,20.452000,0.081526,0.834801,0.798607,3.039860,-0.154437,0.415199,0.000000,0.000000,0,1
1789807000.640548,5,18.056377,20.329854,-3.044550,19.128000,20.452000,17.878000,20.452000,0.081526,0.834801,0.798607,3.039860,-0.154437,0.415199,0.000000,0.000000,0,1
1789807000.740449,5,18.056377,20.329854,-3.044550,19.128000,20.452000,17.878000,20.452000,0.081526,0.834801,0.798607,3.039860,-0.154437,0.415199,0.000000,0.000000,0,1
1789807000.840502,5,18.056377,20.329854,-3.044550,19.128000,20.452000,17.878000,20.452000,0.081526,0.834801,0.798607,3.039860,-0.154437,0.415199,0.000000,0.000000,0,1
1789807000.940642,5,18.056377,20.329854,-3.044550,19.128000,20.452000,17.878000,20.452000,0.081526,0.834801,0.798607,3.039860,-0.154437,0.415199,0.000000,0.000000,0,1
1789807001.040806,5,18.056377,20.329854,-3.044550,19.128000,20.452000,17.878000,20.452000,0.081526,0.834801,0.798607,3.039860,-0.154437,0.415199,0.000000,0.000000,0,1
1789807001.140512,5,18.056377,20.329854,-3.044550,19.128000,20.452000,17.878000,20.452000,0.081526,0.834801,0.798607,3.039860,-0.154437,0.415199,0.000000,0.000000,0,1
1789807001.240661,5,18.056377,20.329854,-3.044550,19.128000,20.452000,17.878000,20.452000,0.081526,0.834801,0.798607,3.039860,-0.154437,0.415199,0.000000,0.000000,0,1
1789807001.340732,5,18.056377,20.329854,-3.044550,19.128000,20.452000,17.878000,20.452000,0.081526,0.834801,0.798607,3.039860,-0.154437,0.415199,0.000000,0.000000,0,1
1789807001.440569,5,18.056377,20.329854,-3.044550,19.128000,20.452000,17.878000,20.452000,0.081526,0.834801,0.798607,3.039860,-0.154437,0.415199,0.000000,0.000000,0,1
1789807001.541747,5,18.056377,20.329854,-3.044550,19.128000,20.452000,17.878000,20.452000,0.081526,0.834801,0.798607,3.039860,-0.154437,0.415199,0.000000,0.000000,0,1
1789807001.640569,5,18.056377,20.329854,-3.044550,19.128000,20.452000,17.878000,20.452000,0.081526,0.834801,0.798607,3.039860,-0.154437,0.415199,0.000000,0.000000,0,1
1789807001.740807,5,18.056377,20.329854,-3.044550,19.128000,20.452000,17.878000,20.452000,0.081526,0.834801,0.798607,3.039860,-0.154437,0.415199,0.000000,0.000000,0,1
1789807001.840598,5,18.056377,20.329854,-3.044550,19.128000,20.452000,17.878000,20.452000,0.081526,0.834801,0.798607,3.039860,-0.154437,0.415199,0.000000,0.000000,0,1
1789807001.940622,5,18.056377,20.329854,-3.044550,19.128000,20.452000,17.878000,20.452000,0.081526,0.834801,0.798607,3.039860,-0.154437,0.415199,0.000000,0.000000,0,1
1789807002.040776,5,18.056377,20.329854,-3.044550,19.128000,20.452000,17.878000,20.452000,0.081526,0.834801,0.798607,3.039860,-0.154437,0.415199,0.000000,0.000000,0,1
1789807002.140607,5,18.056377,20.329854,-3.044550,19.128000,20.452000,17.878000,20.452000,0.081526,0.834801,0.798607,3.039860,-0.154437,0.415199,0.000000,0.000000,0,1
1789807002.240944,5,18.056377,20.329854,-3.044550,19.128000,20.452000,17.878000,20.452000,0.081526,0.834801,0.798607,3.039860,-0.154437,0.415199,0.000000,0.000000,0,1
1789807002.341025,5,18.056377,20.329854,-3.044550,19.128000,20.452000,17.878000,20.452000,0.081526,0.834801,0.798607,3.039860,-0.154437,0.415199,0.000000,0.000000,0,1
1789807002.440652,5,18.056377,20.329854,-3.044550,19.128000,20.452000,17.878000,20.452000,0.081526,0.834801,0.798607,3.039860,-0.154437,0.415199,0.000000,0.000000,0,1
1789807002.540666,5,18.056377,20.329854,-3.044550,19.128000,20.452000,17.878000,20.452000,0.081526,0.834801,0.798607,3.039860,-0.154437,0.415199,0.000000,0.000000,0,1
1789807002.640785,5,18.056377,20.329854,-3.044550,19.128000,20.452000,17.878000,20.452000,0.081526,0.834801,0.798607,3.039860,-0.154437,0.415199,0.000000,0.000000,0,1
1789807002.740663,5,18.056377,20.329854,-3.044550,19.128000,20.452000,17.878000,20.452000,0.081526,0.834801,0.798607,3.039860,-0.154437,0.415199,0.000000,0.000000,0,1
1789807002.840725,5,18.056377,20.329854,-3.044550,19.128000,20.452000,17.878000,20.452000,0.081526,0.834801,0.798607,3.039860,-0.154437,0.415199,0.000000,0.000000,0,1
1789807002.940696,5,18.056377,20.329854,-3.044550,19.128000,20.452000,17.878000,20.452000,0.081526,0.834801,0.798607,3.039860,-0.154437,0.415199,0.000000,0.000000,0,1
1789807003.040685,5,18.056377,20.329854,-3.044550,19.128000,20.452000,17.878000,20.452000,0.081526,0.834801,0.798607,3.039860,-0.154437,0.415199,0.000000,0.000000,0,1
1789807003.140790,5,18.056377,20.329854,-3.044550,19.128000,20.452000,17.878000,20.452000,0.081526,0.834801,0.798607,3.039860,-0.154437,0.415199,0.000000,0.000000,0,1
1789807003.241323,5,18.056377,20.329854,-3.044550,19.128000,20.452000,17.878000,20.452000,0.081526,0.834801,0.798607,3.039860,-0.154437,0.415199,0.000000,0.000000,0,1
1789807003.340796,5,18.056377,20.329854,-3.044550,19.128000,20.452000,17.878000,20.452000,0.081526,0.834801,0.798607,3.039860,-0.154437,0.415199,0.000000,0.000000,0,1
1789807003.440917,5,18.056377,20.329854,-3.044550,19.128000,20.452000,17.878000,20.452000,0.081526,0.834801,0.798607,3.039860,-0.154437,0.415199,0.000000,0.000000,0,1
1789807003.540711,5,18.056377,20.329854,-3.044550,19.128000,20.452000,17.878000,20.452000,0.081526,0.834801,0.798607,3.039860,-0.154437,0.415199,0.000000,0.000000,0,1
1789807003.640708,5,18.056377,20.329854,-3.044550,19.128000,20.452000,17.878000,20.452000,0.081526,0.834801,0.798607,3.039860,-0.154437,0.415199,0.000000,0.000000,0,1
1789807003.740720,5,18.056377,20.329854,-3.044550,19.128000,20.452000,17.878000,20.452000,0.081526,0.834801,0.798607,3.039860,-0.154437,0.415199,0.000000,0.000000,0,1
1789807003.840748,5,18.056377,20.329854,-3.044550,19.128000,20.452000,17.878000,20.452000,0.081526,0.834801,0.798607,3.039860,-0.154437,0.415199,0.000000,0.000000,0,1
1789807003.940706,5,18.056377,20.329854,-3.044550,19.128000,20.452000,17.878000,20.452000,0.081526,0.834801,0.798607,3.039860,-0.154437,0.415199,0.000000,0.000000,0,1
1789807004.040968,5,18.056377,20.329854,-3.044550,19.128000,20.452000,17.878000,20.452000,0.081526,0.834801,0.798607,3.039860,-0.154437,0.415199,0.000000,0.000000,0,1
1789807004.140862,5,18.056377,20.329854,-3.044550,19.128000,20.452000,17.878000,20.452000,0.081526,0.834801,0.798607,3.039860,-0.154437,0.415199,0.000000,0.000000,0,1
1789807004.240894,5,18.056377,20.329854,-3.044550,19.128000,20.452000,17.878000,20.452000,0.081526,0.834801,0.798607,3.039860,-0.154437,0.415199,0.000000,0.000000,0,1
1789807004.340921,5,18.056377,20.329854,-3.044550,19.128000,20.452000,17.878000,20.452000,0.081526,0.834801,0.798607,3.039860,-0.154437,0.415199,0.000000,0.000000,0,1
1789807004.441330,5,18.056377,20.329854,-3.044550,19.128000,20.452000,17.878000,20.452000,0.081526,0.834801,0.798607,3.039860,-0.154437,0.415199,0.000000,0.000000,0,1
1789807004.540771,5,18.056377,20.329854,-3.044550,19.128000,20.452000,17.878000,20.452000,0.081526,0.834801,0.798607,3.039860,-0.154437,0.415199,0.000000,0.000000,0,1
1789807004.640777,5,18.056377,20.329854,-3.044550,19.128000,20.452000,17.878000,20.452000,0.081526,0.834801,0.798607,3.039860,-0.154437,0.415199,0.000000,0.000000,0,1
1789807004.740905,5,18.056377,20.329854,-3.044550,19.128000,20.452000,17.878000,20.452000,0.081526,0.834801,0.798607,3.039860,-0.154437,0.415199,0.000000,0.000000,0,1
1789807004.840885,5,18.056377,20.329854,-3.044550,19.128000,20.452000,17.878000,20.452000,0.081526,0.834801,0.798607,3.039860,-0.154437,0.415199,0.000000,0.000000,0,1
1789807004.941040,5,18.056377,20.329854,-3.044550,19.128000,20.452000,17.878000,20.452000,0.081526,0.834801,0.798607,3.039860,-0.154437,0.415199,0.000000,0.000000,0,1
1789807005.040912,5,18.056377,20.329854,-3.044550,19.128000,20.452000,17.878000,20.452000,0.081526,0.834801,0.798607,3.039860,-0.154437,0.415199,0.000000,0.000000,0,1
1789807005.140802,5,18.056377,20.329854,-3.044550,19.128000,20.452000,17.878000,20.452000,0.081526,0.834801,0.798607,3.039860,-0.154437,0.415199,0.000000,0.000000,0,1
1789807005.241032,5,18.056377,20.329854,-3.044550,19.128000,20.452000,17.878000,20.452000,0.081526,0.834801,0.798607,3.039860,-0.154437,0.415199,0.000000,0.000000,0,1
1789807005.341054,5,18.056377,20.329854,-3.044550,19.128000,20.452000,17.878000,20.452000,0.081526,0.834801,0.798607,3.039860,-0.154437,0.415199,0.000000,0.000000,0,1
1789807005.440937,5,18.056377,20.329854,-3.044550,19.128000,20.452000,17.878000,20.452000,0.081526,0.834801,0.798607,3.039860,-0.154437,0.415199,0.000000,0.000000,0,1
1789807005.540841,5,18.056377,20.329854,-3.044550,19.128000,20.452000,17.878000,20.452000,0.081526,0.834801,0.798607,3.039860,-0.154437,0.415199,0.000000,0.000000,0,1
1789807005.640883,5,18.056377,20.329854,-3.044550,19.128000,20.452000,17.878000,20.452000,0.081526,0.834801,0.798607,3.039860,-0.154437,0.415199,0.000000,0.000000,0,1
1789807005.740898,5,18.056377,20.329854,-3.044550,19.128000,20.452000,17.878000,20.452000,0.081526,0.834801,0.798607,3.039860,-0.154437,0.415199,0.000000,0.000000,0,1
1789807005.840898,5,18.056377,20.329854,-3.044550,19.128000,20.452000,17.878000,20.452000,0.081526,0.834801,0.798607,3.039860,-0.154437,0.415199,0.000000,0.000000,0,1
1789807005.940929,5,18.056377,20.329854,-3.044550,19.128000,20.452000,17.878000,20.452000,0.081526,0.834801,0.798607,3.039860,-0.154437,0.415199,0.000000,0.000000,0,1
1789807006.040872,5,18.056377,20.329854,-3.044550,19.128000,20.452000,17.878000,20.452000,0.081526,0.834801,0.798607,3.039860,-0.154437,0.415199,0.000000,0.000000,0,1
1789807006.141735,5,18.056377,20.329854,-3.044550,19.128000,20.452000,17.878000,20.452000,0.081526,0.834801,0.798607,3.039860,-0.154437,0.415199,0.000000,0.000000,0,1
1789807006.241534,5,18.056377,20.329854,-3.044550,19.128000,20.452000,17.878000,20.452000,0.081526,0.834801,0.798607,3.039860,-0.154437,0.415199,0.000000,0.000000,0,1
1789807006.341112,5,18.056377,20.329854,-3.044550,19.128000,20.452000,17.878000,20.452000,0.081526,0.834801,0.798607,3.039860,-0.154437,0.415199,0.000000,0.000000,0,1
1789807006.440901,5,18.056377,20.329854,-3.044550,19.128000,20.452000,17.878000,20.452000,0.081526,0.834801,0.798607,3.039860,-0.154437,0.415199,0.000000,0.000000,0,1
1789807006.540916,5,18.056377,20.329854,-3.044550,19.128000,20.452000,17.878000,20.452000,0.081526,0.834801,0.798607,3.039860,-0.154437,0.415199,0.000000,0.000000,0,1
1789807006.640949,5,18.056377,20.329854,-3.044550,19.128000,20.452000,17.878000,20.452000,0.081526,0.834801,0.798607,3.039860,-0.154437,0.415199,0.000000,0.000000,0,1
1789807006.740913,5,18.056377,20.329854,-3.044550,19.128000,20.452000,17.878000,20.452000,0.081526,0.834801,0.798607,3.039860,-0.154437,0.415199,0.000000,0.000000,0,1
1789807006.840896,5,18.056377,20.329854,-3.044550,19.128000,20.452000,17.878000,20.452000,0.081526,0.834801,0.798607,3.039860,-0.154437,0.415199,0.000000,0.000000,0,1
1789807006.940915,5,18.056377,20.329854,-3.044550,19.128000,20.452000,17.878000,20.452000,0.081526,0.834801,0.798607,3.039860,-0.154437,0.415199,0.000000,0.000000,0,1
1789807007.040972,5,18.056377,20.329854,-3.044550,19.128000,20.452000,17.878000,20.452000,0.081526,0.834801,0.798607,3.039860,-0.154437,0.415199,0.000000,0.000000,0,1
1789807007.140946,5,18.056377,20.329854,-3.044550,19.128000,20.452000,17.878000,20.452000,0.081526,0.834801,0.798607,3.039860,-0.154437,0.415199,0.000000,0.000000,0,1
1789807007.240978,5,18.056377,20.329854,-3.044550,19.128000,20.452000,17.878000,20.452000,0.081526,0.834801,0.798607,3.039860,-0.154437,0.415199,0.000000,0.000000,0,1
1789807007.341129,5,18.056377,20.329854,-3.044550,19.128000,20.452000,17.878000,20.452000,0.081526,0.834801,0.798607,3.039860,-0.154437,0.415199,0.000000,0.000000,0,1
1789807007.440971,5,18.056377,20.329854,-3.044550,19.128000,20.452000,17.878000,20.452000,0.081526,0.834801,0.798607,3.039860,-0.154437,0.415199,0.000000,0.000000,0,1
1789807007.540974,5,18.056377,20.329854,-3.044550,19.128000,20.452000,17.878000,20.452000,0.081526,0.834801,0.798607,3.039860,-0.154437,0.415199,0.000000,0.000000,0,1
1789807007.642224,5,18.056377,20.329854,-3.044550,19.128000,20.452000,17.878000,20.452000,0.081526,0.834801,0.798607,3.039860,-0.154437,0.415199,0.000000,0.000000,0,1
1789807007.740941,5,18.056377,20.329854,-3.044550,19.128000,20.452000,17.878000,20.452000,0.081526,0.834801,0.798607,3.039860,-0.154437,0.415199,0.000000,0.000000,0,1
1789807007.841251,5,18.056377,20.329854,-3.044550,19.128000,20.452000,17.878000,20.452000,0.081526,0.834801,0.798607,3.039860,-0.154437,0.415199,0.000000,0.000000,0,1
1789807007.940991,5,18.056377,20.329854,-3.044550,19.128000,20.452000,17.878000,20.452000,0.081526,0.834801,0.798607,3.039860,-0.154437,0.415199,0.000000,0.000000,0,1
1789807008.040986,5,18.056377,20.329854,-3.044550,19.128000,20.452000,17.878000,20.452000,0.081526,0.834801,0.798607,3.039860,-0.154437,0.415199,0.000000,0.000000,0,1
1789807008.140999,5,18.056377,20.329854,-3.044550,19.128000,20.452000,17.878000,20.452000,0.081526,0.834801,0.798607,3.039860,-0.154437,0.415199,0.000000,0.000000,0,1
1789807008.241113,5,18.056377,20.329854,-3.044550,19.128000,20.452000,17.878000,20.452000,0.081526,0.834801,0.798607,3.039860,-0.154437,0.415199,0.000000,0.000000,0,1
1789807008.341266,5,18.056377,20.329854,-3.044550,19.128000,20.452000,17.878000,20.452000,0.081526,0.834801,0.798607,3.039860,-0.154437,0.415199,0.000000,0.000000,0,1
1789807008.441124,5,18.056377,20.329854,-3.044550,19.128000,20.452000,17.878000,20.452000,0.081526,0.834801,0.798607,3.039860,-0.154437,0.415199,0.000000,0.000000,0,1
1789807008.541035,5,18.056377,20.329854,-3.044550,19.128000,20.452000,17.878000,20.452000,0.081526,0.834801,0.798607,3.039860,-0.154437,0.415199,0.000000,0.000000,0,1
1789807008.641018,5,18.056377,20.329854,-3.044550,19.128000,20.452000,17.878000,20.452000,0.081526,0.834801,0.798607,3.039860,-0.154437,0.415199,0.000000,0.000000,0,1
1789807008.741071,5,18.056377,20.329854,-3.044550,19.128000,20.452000,17.878000,20.452000,0.081526,0.834801,0.798607,3.039860,-0.154437,0.415199,0.000000,0.000000,0,1
1789807008.840939,5,18.056377,20.329854,-3.044550,19.128000,20.452000,17.878000,20.452000,0.081526,0.834801,0.798607,3.039860,-0.154437,0.415199,0.000000,0.000000,0,1
1789807008.941300,5,18.056377,20.329854,-3.044550,19.128000,20.452000,17.878000,20.452000,0.081526,0.834801,0.798607,3.039860,-0.154437,0.415199,0.000000,0.000000,0,1
1789807009.041094,5,18.056377,20.329854,-3.044550,19.128000,20.452000,17.878000,20.452000,0.081526,0.834801,0.798607,3.039860,-0.154437,0.415199,0.000000,0.000000,0,1
1789807009.143489,5,18.056377,20.329854,-3.044550,19.128000,20.452000,17.878000,20.452000,0.081526,0.834801,0.798607,3.039860,-0.154437,0.415199,0.000000,0.000000,0,1
1789807009.241151,5,18.056377,20.329854,-3.044550,19.128000,20.452000,17.878000,20.452000,0.081526,0.834801,0.798607,3.039860,-0.154437,0.415199,0.000000,0.000000,0,1
1789807009.341089,5,18.056377,20.329854,-3.044550,19.128000,20.452000,17.878000,20.452000,0.081526,0.834801,0.798607,3.039860,-0.154437,0.415199,0.000000,0.000000,0,1
1789807009.441288,5,18.056377,20.329854,-3.044550,19.128000,20.452000,17.878000,20.452000,0.081526,0.834801,0.798607,3.039860,-0.154437,0.415199,0.000000,0.000000,0,1
1789807009.541599,5,18.056377,20.329854,-3.044550,19.128000,20.452000,17.878000,20.452000,0.081526,0.834801,0.798607,3.039860,-0.154437,0.415199,0.000000,0.000000,0,1
1789807009.641286,5,18.056377,20.329854,-3.044550,19.128000,20.452000,17.878000,20.452000,0.081526,0.834801,0.798607,3.039860,-0.154437,0.415199,0.000000,0.000000,0,1
1789807009.741232,5,18.056377,20.329854,-3.044550,19.128000,20.452000,17.878000,20.452000,0.081526,0.834801,0.798607,3.039860,-0.154437,0.415199,0.000000,0.000000,0,1
1789807009.841161,5,18.056377,20.329854,-3.044550,19.128000,20.452000,17.878000,20.452000,0.081526,0.834801,0.798607,3.039860,-0.154437,0.415199,0.000000,0.000000,0,1
1789807009.941101,5,18.056377,20.329854,-3.044550,19.128000,20.452000,17.878000,20.452000,0.081526,0.834801,0.798607,3.039860,-0.154437,0.415199,0.000000,0.000000,0,1
1789807010.041162,5,18.056377,20.329854,-3.044550,19.128000,20.452000,17.878000,20.452000,0.081526,0.834801,0.798607,3.039860,-0.154437,0.415199,0.000000,0.000000,0,1
1789807010.141219,5,18.056377,20.329854,-3.044550,19.128000,20.452000,17.878000,20.452000,0.081526,0.834801,0.798607,3.039860,-0.154437,0.415199,0.000000,0.000000,0,1
1789807010.241153,5,18.056377,20.329854,-3.044550,19.128000,20.452000,17.878000,20.452000,0.081526,0.834801,0.798607,3.039860,-0.154437,0.415199,0.000000,0.000000,0,1
1789807010.341166,5,18.056377,20.329854,-3.044550,19.128000,20.452000,17.878000,20.452000,0.081526,0.834801,0.798607,3.039860,-0.154437,0.415199,0.000000,0.000000,0,1
1789807010.441193,5,18.056377,20.329854,-3.044550,19.128000,20.452000,17.878000,20.452000,0.081526,0.834801,0.798607,3.039860,-0.154437,0.415199,0.000000,0.000000,0,1
1789807010.541854,5,18.056377,20.329854,-3.044550,19.128000,20.452000,17.878000,20.452000,0.081526,0.834801,0.798607,3.039860,-0.154437,0.415199,0.000000,0.000000,0,1
1789807010.641901,5,18.056377,20.329854,-3.044550,19.128000,20.452000,17.878000,20.452000,0.081526,0.834801,0.798607,3.039860,-0.154437,0.415199,0.000000,0.000000,0,1
1789807010.741416,5,18.056377,20.329854,-3.044550,19.128000,20.452000,17.878000,20.452000,0.081526,0.834801,0.798607,3.039860,-0.154437,0.415199,0.000000,0.000000,0,1
1789807010.841359,5,18.056377,20.329854,-3.044550,19.128000,20.452000,17.878000,20.452000,0.081526,0.834801,0.798607,3.039860,-0.154437,0.415199,0.000000,0.000000,0,1
1789807010.941190,5,18.056377,20.329854,-3.044550,19.128000,20.452000,17.878000,20.452000,0.081526,0.834801,0.798607,3.039860,-0.154437,0.415199,0.000000,0.000000,0,1
1789807011.041242,5,18.056377,20.329854,-3.044550,19.128000,20.452000,17.878000,20.452000,0.081526,0.834801,0.798607,3.039860,-0.154437,0.415199,0.000000,0.000000,0,1
1789807011.141243,5,18.056377,20.329854,-3.044550,19.128000,20.452000,17.878000,20.452000,0.081526,0.834801,0.798607,3.039860,-0.154437,0.415199,0.000000,0.000000,0,1
1789807011.241268,5,18.056377,20.329854,-3.044550,19.128000,20.452000,17.878000,20.452000,0.081526,0.834801,0.798607,3.039860,-0.154437,0.415199,0.000000,0.000000,0,1
1789807011.341278,5,18.056377,20.329854,-3.044550,19.128000,20.452000,17.878000,20.452000,0.081526,0.834801,0.798607,3.039860,-0.154437,0.415199,0.000000,0.000000,0,1
1789807011.443345,5,18.056377,20.329854,-3.044550,19.128000,20.452000,17.878000,20.452000,0.081526,0.834801,0.798607,3.039860,-0.154437,0.415199,0.000000,0.000000,0,1
1789807011.541596,5,18.056377,20.329854,-3.044550,19.128000,20.452000,17.878000,20.452000,0.081526,0.834801,0.798607,3.039860,-0.154437,0.415199,0.000000,0.000000,0,1
1789807011.641836,5,18.056377,20.329854,-3.044550,19.128000,20.452000,17.878000,20.452000,0.081526,0.834801,0.798607,3.039860,-0.154437,0.415199,0.000000,0.000000,0,1
1789807011.741344,5,18.056377,20.329854,-3.044550,19.128000,20.452000,17.878000,20.452000,0.081526,0.834801,0.798607,3.039860,-0.154437,0.415199,0.000000,0.000000,0,1
1789807011.841286,5,18.056377,20.329854,-3.044550,19.128000,20.452000,17.878000,20.452000,0.081526,0.834801,0.798607,3.039860,-0.154437,0.415199,0.000000,0.000000,0,1
1789807011.942231,5,18.056377,20.329854,-3.044550,19.128000,20.452000,17.878000,20.452000,0.081526,0.834801,0.798607,3.039860,-0.154437,0.415199,0.000000,0.000000,0,1
1789807012.041285,5,18.056377,20.329854,-3.044550,19.128000,20.452000,17.878000,20.452000,0.081526,0.834801,0.798607,3.039860,-0.154437,0.415199,0.000000,0.000000,0,1
1789807012.141374,5,18.056377,20.329854,-3.044550,19.128000,20.452000,17.878000,20.452000,0.081526,0.834801,0.798607,3.039860,-0.154437,0.415199,0.000000,0.000000,0,1
1789807012.241261,5,18.056377,20.329854,-3.044550,19.128000,20.452000,17.878000,20.452000,0.081526,0.834801,0.798607,3.039860,-0.154437,0.415199,0.000000,0.000000,0,1
1789807012.341349,5,18.056377,20.329854,-3.044550,19.128000,20.452000,17.878000,20.452000,0.081526,0.834801,0.798607,3.039860,-0.154437,0.415199,0.000000,0.000000,0,1
1789807012.443108,5,18.056377,20.329854,-3.044550,19.128000,20.452000,17.878000,20.452000,0.081526,0.834801,0.798607,3.039860,-0.154437,0.415199,0.000000,0.000000,0,1
1789807012.541397,5,18.056377,20.329854,-3.044550,19.128000,20.452000,17.878000,20.452000,0.081526,0.834801,0.798607,3.039860,-0.154437,0.415199,0.000000,0.000000,0,1
1789807012.641506,5,18.056377,20.329854,-3.044550,19.128000,20.452000,17.878000,20.452000,0.081526,0.834801,0.798607,3.039860,-0.154437,0.415199,0.000000,0.000000,0,1
1789807012.741337,5,18.056377,20.329854,-3.044550,19.128000,20.452000,17.878000,20.452000,0.081526,0.834801,0.798607,3.039860,-0.154437,0.415199,0.000000,0.000000,0,1
1789807012.842489,5,18.056377,20.329854,-3.044550,19.128000,20.452000,17.878000,20.452000,0.081526,0.834801,0.798607,3.039860,-0.154437,0.415199,0.000000,0.000000,0,1
1789807012.941346,5,18.056377,20.329854,-3.044550,19.128000,20.452000,17.878000,20.452000,0.081526,0.834801,0.798607,3.039860,-0.154437,0.415199,0.000000,0.000000,0,1
1789807013.041891,5,18.056377,20.329854,-3.044550,19.128000,20.452000,17.878000,20.452000,0.081526,0.834801,0.798607,3.039860,-0.154437,0.415199,0.000000,0.000000,0,1
1789807013.141390,5,18.056377,20.329854,-3.044550,19.128000,20.452000,17.878000,20.452000,0.081526,0.834801,0.798607,3.039860,-0.154437,0.415199,0.000000,0.000000,0,1
1789807013.241402,5,18.056377,20.329854,-3.044550,19.128000,20.452000,17.878000,20.452000,0.081526,0.834801,0.798607,3.039860,-0.154437,0.415199,0.000000,0.000000,0,1
1789807013.341375,5,18.056377,20.329854,-3.044550,19.128000,20.452000,17.878000,20.452000,0.081526,0.834801,0.798607,3.039860,-0.154437,0.415199,0.000000,0.000000,0,1
1789807013.441414,5,18.056377,20.329854,-3.044550,19.128000,20.452000,17.878000,20.452000,0.081526,0.834801,0.798607,3.039860,-0.154437,0.415199,0.000000,0.000000,0,1
1789807013.541386,5,18.056377,20.329854,-3.044550,19.128000,20.452000,17.878000,20.452000,0.081526,0.834801,0.798607,3.039860,-0.154437,0.415199,0.000000,0.000000,0,1
1789807013.642323,5,18.056377,20.329854,-3.044550,19.128000,20.452000,17.878000,20.452000,0.081526,0.834801,0.798607,3.039860,-0.154437,0.415199,0.000000,0.000000,0,1
1789807013.741524,5,18.056377,20.329854,-3.044550,19.128000,20.452000,17.878000,20.452000,0.081526,0.834801,0.798607,3.039860,-0.154437,0.415199,0.000000,0.000000,0,1
1789807013.844044,5,18.056377,20.329854,-3.044550,19.128000,20.452000,17.878000,20.452000,0.081526,0.834801,0.798607,3.039860,-0.154437,0.415199,0.000000,0.000000,0,1
1789807013.941450,5,18.056377,20.329854,-3.044550,19.128000,20.452000,17.878000,20.452000,0.081526,0.834801,0.798607,3.039860,-0.154437,0.415199,0.000000,0.000000,0,1
1789807014.043174,5,18.056377,20.329854,-3.044550,19.128000,20.452000,17.878000,20.452000,0.081526,0.834801,0.798607,3.039860,-0.154437,0.415199,0.000000,0.000000,0,1
1789807014.142095,5,18.056377,20.329854,-3.044550,19.128000,20.452000,17.878000,20.452000,0.081526,0.834801,0.798607,3.039860,-0.154437,0.415199,0.000000,0.000000,0,1
1789807014.241705,5,18.056377,20.329854,-3.044550,19.128000,20.452000,17.878000,20.452000,0.081526,0.834801,0.798607,3.039860,-0.154437,0.415199,0.000000,0.000000,0,1
1789807014.341817,5,18.056377,20.329854,-3.044550,19.128000,20.452000,17.878000,20.452000,0.081526,0.834801,0.798607,3.039860,-0.154437,0.415199,0.000000,0.000000,0,1
1789807014.441462,5,18.056377,20.329854,-3.044550,19.128000,20.452000,17.878000,20.452000,0.081526,0.834801,0.798607,3.039860,-0.154437,0.415199,0.000000,0.000000,0,1
1789807014.541500,5,18.056377,20.329854,-3.044550,19.128000,20.452000,17.878000,20.452000,0.081526,0.834801,0.798607,3.039860,-0.154437,0.415199,0.000000,0.000000,0,1
1789807014.641652,5,18.056377,20.329854,-3.044550,19.128000,20.452000,17.878000,20.452000,0.081526,0.834801,0.798607,3.039860,-0.154437,0.415199,0.000000,0.000000,0,1
1789807014.741622,5,18.056377,20.329854,-3.044550,19.128000,20.452000,17.878000,20.452000,0.081526,0.834801,0.798607,3.039860,-0.154437,0.415199,0.000000,0.000000,0,1
1789807014.841651,5,18.056377,20.329854,-3.044550,19.128000,20.452000,17.878000,20.452000,0.081526,0.834801,0.798607,3.039860,-0.154437,0.415199,0.000000,0.000000,0,1
1789807014.941886,5,18.056377,20.329854,-3.044550,19.128000,20.452000,17.878000,20.452000,0.081526,0.834801,0.798607,3.039860,-0.154437,0.415199,0.000000,0.000000,0,1
1789807015.041510,5,18.056377,20.329854,-3.044550,19.128000,20.452000,17.878000,20.452000,0.081526,0.834801,0.798607,3.039860,-0.154437,0.415199,0.000000,0.000000,0,1
1789807015.141527,5,18.056377,20.329854,-3.044550,19.128000,20.452000,17.878000,20.452000,0.081526,0.834801,0.798607,3.039860,-0.154437,0.415199,0.000000,0.000000,0,1
1789807015.241554,5,18.056377,20.329854,-3.044550,19.128000,20.452000,17.878000,20.452000,0.081526,0.834801,0.798607,3.039860,-0.154437,0.415199,0.000000,0.000000,0,1
1789807015.341541,5,18.056377,20.329854,-3.044550,19.128000,20.452000,17.878000,20.452000,0.081526,0.834801,0.798607,3.039860,-0.154437,0.415199,0.000000,0.000000,0,1
1789807015.441525,5,18.056377,20.329854,-3.044550,19.128000,20.452000,17.878000,20.452000,0.081526,0.834801,0.798607,3.039860,-0.154437,0.415199,0.000000,0.000000,0,1
1789807015.541704,5,18.056377,20.329854,-3.044550,19.128000,20.452000,17.878000,20.452000,0.081526,0.834801,0.798607,3.039860,-0.154437,0.415199,0.000000,0.000000,0,1
1789807015.641549,5,18.056377,20.329854,-3.044550,19.128000,20.452000,17.878000,20.452000,0.081526,0.834801,0.798607,3.039860,-0.154437,0.415199,0.000000,0.000000,0,1
1789807015.741550,5,18.056377,20.329854,-3.044550,19.128000,20.452000,17.878000,20.452000,0.081526,0.834801,0.798607,3.039860,-0.154437,0.415199,0.000000,0.000000,0,1
1789807015.843527,5,18.056377,20.329854,-3.044550,19.128000,20.452000,17.878000,20.452000,0.081526,0.834801,0.798607,3.039860,-0.154437,0.415199,0.000000,0.000000,0,1
1789807015.941631,5,18.056377,20.329854,-3.044550,19.128000,20.452000,17.878000,20.452000,0.081526,0.834801,0.798607,3.039860,-0.154437,0.415199,0.000000,0.000000,0,1
1789807016.041600,5,18.056377,20.329854,-3.044550,19.128000,20.452000,17.878000,20.452000,0.081526,0.834801,0.798607,3.039860,-0.154437,0.415199,0.000000,0.000000,0,1
1789807016.141630,5,18.056377,20.329854,-3.044550,19.128000,20.452000,17.878000,20.452000,0.081526,0.834801,0.798607,3.039860,-0.154437,0.415199,0.000000,0.000000,0,1
1789807016.241601,5,18.056377,20.329854,-3.044550,19.128000,20.452000,17.878000,20.452000,0.081526,0.834801,0.798607,3.039860,-0.154437,0.415199,0.000000,0.000000,0,1
1789807016.341648,5,18.056377,20.329854,-3.044550,19.128000,20.452000,17.878000,20.452000,0.081526,0.834801,0.798607,3.039860,-0.154437,0.415199,0.000000,0.000000,0,1
1789807016.441746,5,18.056377,20.329854,-3.044550,19.128000,20.452000,17.878000,20.452000,0.081526,0.834801,0.798607,3.039860,-0.154437,0.415199,0.000000,0.000000,0,1
1789807016.541639,5,18.056377,20.329854,-3.044550,19.128000,20.452000,17.878000,20.452000,0.081526,0.834801,0.798607,3.039860,-0.154437,0.415199,0.000000,0.000000,0,1
1789807016.641871,5,18.056377,20.329854,-3.044550,19.128000,20.452000,17.878000,20.452000,0.081526,0.834801,0.798607,3.039860,-0.154437,0.415199,0.000000,0.000000,0,1
1789807016.741716,5,18.056377,20.329854,-3.044550,19.128000,20.452000,17.878000,20.452000,0.081526,0.834801,0.798607,3.039860,-0.154437,0.415199,0.000000,0.000000,0,1
1789807016.841630,5,18.056377,20.329854,-3.044550,19.128000,20.452000,17.878000,20.452000,0.081526,0.834801,0.798607,3.039860,-0.154437,0.415199,0.000000,0.000000,0,1
1789807016.941706,5,18.056377,20.329854,-3.044550,19.128000,20.452000,17.878000,20.452000,0.081526,0.834801,0.798607,3.039860,-0.154437,0.415199,0.000000,0.000000,0,1
1789807017.041712,5,18.056377,20.329854,-3.044550,19.128000,20.452000,17.878000,20.452000,0.081526,0.834801,0.798607,3.039860,-0.154437,0.415199,0.000000,0.000000,0,1
1789807017.141657,5,18.056377,20.329854,-3.044550,19.128000,20.452000,17.878000,20.452000,0.081526,0.834801,0.798607,3.039860,-0.154437,0.415199,0.000000,0.000000,0,1
1789807017.241662,5,18.056377,20.329854,-3.044550,19.128000,20.452000,17.878000,20.452000,0.081526,0.834801,0.798607,3.039860,-0.154437,0.415199,0.000000,0.000000,0,1
1789807017.341704,5,18.056377,20.329854,-3.044550,19.128000,20.452000,17.878000,20.452000,0.081526,0.834801,0.798607,3.039860,-0.154437,0.415199,0.000000,0.000000,0,1
1789807017.441689,5,18.056377,20.329854,-3.044550,19.128000,20.452000,17.878000,20.452000,0.081526,0.834801,0.798607,3.039860,-0.154437,0.415199,0.000000,0.000000,0,1
1789807017.541690,5,18.056377,20.329854,-3.044550,19.128000,20.452000,17.878000,20.452000,0.081526,0.834801,0.798607,3.039860,-0.154437,0.415199,0.000000,0.000000,0,1
1789807017.641716,5,18.056377,20.329854,-3.044550,19.128000,20.452000,17.878000,20.452000,0.081526,0.834801,0.798607,3.039860,-0.154437,0.415199,0.000000,0.000000,0,1
1789807017.741791,5,18.056377,20.329854,-3.044550,19.128000,20.452000,17.878000,20.452000,0.081526,0.834801,0.798607,3.039860,-0.154437,0.415199,0.000000,0.000000,0,1
1789807017.841719,5,18.056377,20.329854,-3.044550,19.128000,20.452000,17.878000,20.452000,0.081526,0.834801,0.798607,3.039860,-0.154437,0.415199,0.000000,0.000000,0,1
1789807017.941734,5,18.056377,20.329854,-3.044550,19.128000,20.452000,17.878000,20.452000,0.081526,0.834801,0.798607,3.039860,-0.154437,0.415199,0.000000,0.000000,0,1
1789807018.041749,5,18.056377,20.329854,-3.044550,19.128000,20.452000,17.878000,20.452000,0.081526,0.834801,0.798607,3.039860,-0.154437,0.415199,0.000000,0.000000,0,1
1789807018.141749,5,18.056377,20.329854,-3.044550,19.128000,20.452000,17.878000,20.452000,0.081526,0.834801,0.798607,3.039860,-0.154437,0.415199,0.000000,0.000000,0,1
1789807018.241771,5,18.056377,20.329854,-3.044550,19.128000,20.452000,17.878000,20.452000,0.081526,0.834801,0.798607,3.039860,-0.154437,0.415199,0.000000,0.000000,0,1
1789807018.341782,5,18.056377,20.329854,-3.044550,19.128000,20.452000,17.878000,20.452000,0.081526,0.834801,0.798607,3.039860,-0.154437,0.415199,0.000000,0.000000,0,1
1789807018.442280,5,18.056377,20.329854,-3.044550,19.128000,20.452000,17.878000,20.452000,0.081526,0.834801,0.798607,3.039860,-0.154437,0.415199,0.000000,0.000000,0,1
1789807018.541769,5,18.056377,20.329854,-3.044550,19.128000,20.452000,17.878000,20.452000,0.081526,0.834801,0.798607,3.039860,-0.154437,0.415199,0.000000,0.000000,0,1
1789807018.641811,5,18.056377,20.329854,-3.044550,19.128000,20.452000,17.878000,20.452000,0.081526,0.834801,0.798607,3.039860,-0.154437,0.415199,0.000000,0.000000,0,1
1789807018.741785,5,18.056377,20.329854,-3.044550,19.128000,20.452000,17.878000,20.452000,0.081526,0.834801,0.798607,3.039860,-0.154437,0.415199,0.000000,0.000000,0,1
1789807018.841883,5,18.056377,20.329854,-3.044550,19.128000,20.452000,17.878000,20.452000,0.081526,0.834801,0.798607,3.039860,-0.154437,0.415199,0.000000,0.000000,0,1
1789807018.941805,5,18.056377,20.329854,-3.044550,19.128000,20.452000,17.878000,20.452000,0.081526,0.834801,0.798607,3.039860,-0.154437,0.415199,0.000000,0.000000,0,1
1789807019.041859,5,18.056377,20.329854,-3.044550,19.128000,20.452000,17.878000,20.452000,0.081526,0.834801,0.798607,3.039860,-0.154437,0.415199,0.000000,0.000000,0,1
1789807019.142884,5,18.056377,20.329854,-3.044550,19.128000,20.452000,17.878000,20.452000,0.081526,0.834801,0.798607,3.039860,-0.154437,0.415199,0.000000,0.000000,0,1
1789807019.241853,5,18.056377,20.329854,-3.044550,19.128000,20.452000,17.878000,20.452000,0.081526,0.834801,0.798607,3.039860,-0.154437,0.415199,0.000000,0.000000,0,1
1789807019.341903,5,18.056377,20.329854,-3.044550,19.128000,20.452000,17.878000,20.452000,0.081526,0.834801,0.798607,3.039860,-0.154437,0.415199,0.000000,0.000000,0,1
1789807019.441847,5,18.056377,20.329854,-3.044550,19.128000,20.452000,17.878000,20.452000,0.081526,0.834801,0.798607,3.039860,-0.154437,0.415199,0.000000,0.000000,0,1
1789807019.541842,5,18.056377,20.329854,-3.044550,19.128000,20.452000,17.878000,20.452000,0.081526,0.834801,0.798607,3.039860,-0.154437,0.415199,0.000000,0.000000,0,1
1789807019.646081,5,18.056377,20.329854,-3.044550,19.128000,20.452000,17.878000,20.452000,0.081526,0.834801,0.798607,3.039860,-0.154437,0.415199,0.000000,0.000000,0,1
1789807019.741889,5,18.056377,20.329854,-3.044550,19.128000,20.452000,17.878000,20.452000,0.081526,0.834801,0.798607,3.039860,-0.154437,0.415199,0.000000,0.000000,0,1
1789807019.841870,5,18.056377,20.329854,-3.044550,19.128000,20.452000,17.878000,20.452000,0.081526,0.834801,0.798607,3.039860,-0.154437,0.415199,0.000000,0.000000,0,1
1789807019.942040,5,18.056377,20.329854,-3.044550,19.128000,20.452000,17.878000,20.452000,0.081526,0.834801,0.798607,3.039860,-0.154437,0.415199,0.000000,0.000000,0,1
1789807020.041888,5,18.056377,20.329854,-3.044550,19.128000,20.452000,17.878000,20.452000,0.081526,0.834801,0.798607,3.039860,-0.154437,0.415199,0.000000,0.000000,0,1
1789807020.142122,5,18.056377,20.329854,-3.044550,19.128000,20.452000,17.878000,20.452000,0.081526,0.834801,0.798607,3.039860,-0.154437,0.415199,0.000000,0.000000,0,1
1789807020.241906,5,18.056377,20.329854,-3.044550,19.128000,20.452000,17.878000,20.452000,0.081526,0.834801,0.798607,3.039860,-0.154437,0.415199,0.000000,0.000000,0,1
1789807020.341929,5,18.056377,20.329854,-3.044550,19.128000,20.452000,17.878000,20.452000,0.081526,0.834801,0.798607,3.039860,-0.154437,0.415199,0.000000,0.000000,0,1
1789807020.442373,5,18.056377,20.329854,-3.044550,19.128000,20.452000,17.878000,20.452000,0.081526,0.834801,0.798607,3.039860,-0.154437,0.415199,0.000000,0.000000,0,1
1789807020.542050,5,18.056377,20.329854,-3.044550,19.128000,20.452000,17.878000,20.452000,0.081526,0.834801,0.798607,3.039860,-0.154437,0.415199,0.000000,0.000000,0,1
1789807020.641944,5,18.056377,20.329854,-3.044550,19.128000,20.452000,17.878000,20.452000,0.081526,0.834801,0.798607,3.039860,-0.154437,0.415199,0.000000,0.000000,0,1
1789807020.741902,5,18.056377,20.329854,-3.044550,19.128000,20.452000,17.878000,20.452000,0.081526,0.834801,0.798607,3.039860,-0.154437,0.415199,0.000000,0.000000,0,1
1789807020.841951,5,18.056377,20.329854,-3.044550,19.128000,20.452000,17.878000,20.452000,0.081526,0.834801,0.798607,3.039860,-0.154437,0.415199,0.000000,0.000000,0,1
1789807020.941947,5,18.056377,20.329854,-3.044550,19.128000,20.452000,17.878000,20.452000,0.081526,0.834801,0.798607,3.039860,-0.154437,0.415199,0.000000,0.000000,0,1
1789807021.042990,5,18.056377,20.329854,-3.044550,19.128000,20.452000,17.878000,20.452000,0.081526,0.834801,0.798607,3.039860,-0.154437,0.415199,0.000000,0.000000,0,1
1789807021.142711,5,18.056377,20.329854,-3.044550,19.128000,20.452000,17.878000,20.452000,0.081526,0.834801,0.798607,3.039860,-0.154437,0.415199,0.000000,0.000000,0,1
1789807021.242493,5,18.056377,20.329854,-3.044550,19.128000,20.452000,17.878000,20.452000,0.081526,0.834801,0.798607,3.039860,-0.154437,0.415199,0.000000,0.000000,0,1
1789807021.342069,5,18.056377,20.329854,-3.044550,19.128000,20.452000,17.878000,20.452000,0.081526,0.834801,0.798607,3.039860,-0.154437,0.415199,0.000000,0.000000,0,1
1789807021.442057,5,18.056377,20.329854,-3.044550,19.128000,20.452000,17.878000,20.452000,0.081526,0.834801,0.798607,3.039860,-0.154437,0.415199,0.000000,0.000000,0,1
1789807021.542075,5,18.056377,20.329854,-3.044550,19.128000,20.452000,17.878000,20.452000,0.081526,0.834801,0.798607,3.039860,-0.154437,0.415199,0.000000,0.000000,0,1
1789807021.642046,5,18.056377,20.329854,-3.044550,19.128000,20.452000,17.878000,20.452000,0.081526,0.834801,0.798607,3.039860,-0.154437,0.415199,0.000000,0.000000,0,1
1789807021.742199,5,18.056377,20.329854,-3.044550,19.128000,20.452000,17.878000,20.452000,0.081526,0.834801,0.798607,3.039860,-0.154437,0.415199,0.000000,0.000000,0,1
1789807021.842515,5,18.056377,20.329854,-3.044550,19.128000,20.452000,17.878000,20.452000,0.081526,0.834801,0.798607,3.039860,-0.154437,0.415199,0.000000,0.000000,0,1
1789807021.942093,5,18.056377,20.329854,-3.044550,19.128000,20.452000,17.878000,20.452000,0.081526,0.834801,0.798607,3.039860,-0.154437,0.415199,0.000000,0.000000,0,1
1789807022.042191,5,18.056377,20.329854,-3.044550,19.128000,20.452000,17.878000,20.452000,0.081526,0.834801,0.798607,3.039860,-0.154437,0.415199,0.000000,0.000000,0,1
1789807022.142120,5,18.056377,20.329854,-3.044550,19.128000,20.452000,17.878000,20.452000,0.081526,0.834801,0.798607,3.039860,-0.154437,0.415199,0.000000,0.000000,0,1
1789807022.242101,5,18.056377,20.329854,-3.044550,19.128000,20.452000,17.878000,20.452000,0.081526,0.834801,0.798607,3.039860,-0.154437,0.415199,0.000000,0.000000,0,1
1789807022.342108,5,18.056377,20.329854,-3.044550,19.128000,20.452000,17.878000,20.452000,0.081526,0.834801,0.798607,3.039860,-0.154437,0.415199,0.000000,0.000000,0,1
1789807022.442129,5,18.056377,20.329854,-3.044550,19.128000,20.452000,17.878000,20.452000,0.081526,0.834801,0.798607,3.039860,-0.154437,0.415199,0.000000,0.000000,0,1
1789807022.542402,5,18.056377,20.329854,-3.044550,19.128000,20.452000,17.878000,20.452000,0.081526,0.834801,0.798607,3.039860,-0.154437,0.415199,0.000000,0.000000,0,1
1789807022.642127,5,18.056377,20.329854,-3.044550,19.128000,20.452000,17.878000,20.452000,0.081526,0.834801,0.798607,3.039860,-0.154437,0.415199,0.000000,0.000000,0,1
1789807022.742238,5,18.056377,20.329854,-3.044550,19.128000,20.452000,17.878000,20.452000,0.081526,0.834801,0.798607,3.039860,-0.154437,0.415199,0.000000,0.000000,0,1
1789807022.842212,5,18.056377,20.329854,-3.044550,19.128000,20.452000,17.878000,20.452000,0.081526,0.834801,0.798607,3.039860,-0.154437,0.415199,0.000000,0.000000,0,1
1789807022.943206,5,18.056377,20.329854,-3.044550,19.128000,20.452000,17.878000,20.452000,0.081526,0.834801,0.798607,3.039860,-0.154437,0.415199,0.000000,0.000000,0,1
1789807023.042281,5,18.056377,20.329854,-3.044550,19.128000,20.452000,17.878000,20.452000,0.081526,0.834801,0.798607,3.039860,-0.154437,0.415199,0.000000,0.000000,0,1
1789807023.142317,5,18.056377,20.329854,-3.044550,19.128000,20.452000,17.878000,20.452000,0.081526,0.834801,0.798607,3.039860,-0.154437,0.415199,0.000000,0.000000,0,1
1789807023.242189,5,18.056377,20.329854,-3.044550,19.128000,20.452000,17.878000,20.452000,0.081526,0.834801,0.798607,3.039860,-0.154437,0.415199,0.000000,0.000000,0,1
1789807023.342229,5,18.056377,20.329854,-3.044550,19.128000,20.452000,17.878000,20.452000,0.081526,0.834801,0.798607,3.039860,-0.154437,0.415199,0.000000,0.000000,0,1
1789807023.442238,5,18.056377,20.329854,-3.044550,19.128000,20.452000,17.878000,20.452000,0.081526,0.834801,0.798607,3.039860,-0.154437,0.415199,0.000000,0.000000,0,1
1789807023.542162,5,18.056377,20.329854,-3.044550,19.128000,20.452000,17.878000,20.452000,0.081526,0.834801,0.798607,3.039860,-0.154437,0.415199,0.000000,0.000000,0,1
1789807023.642157,5,18.056377,20.329854,-3.044550,19.128000,20.452000,17.878000,20.452000,0.081526,0.834801,0.798607,3.039860,-0.154437,0.415199,0.000000,0.000000,0,1
1789807023.742190,5,18.056377,20.329854,-3.044550,19.128000,20.452000,17.878000,20.452000,0.081526,0.834801,0.798607,3.039860,-0.154437,0.415199,0.000000,0.000000,0,1
1789807023.842186,5,18.056377,20.329854,-3.044550,19.128000,20.452000,17.878000,20.452000,0.081526,0.834801,0.798607,3.039860,-0.154437,0.415199,0.000000,0.000000,0,1
1789807023.942258,5,18.056377,20.329854,-3.044550,19.128000,20.452000,17.878000,20.452000,0.081526,0.834801,0.798607,3.039860,-0.154437,0.415199,0.000000,0.000000,0,1
1789807024.042154,5,18.056377,20.329854,-3.044550,19.128000,20.452000,17.878000,20.452000,0.081526,0.834801,0.798607,3.039860,-0.154437,0.415199,0.000000,0.000000,0,1
1789807024.142195,5,18.056377,20.329854,-3.044550,19.128000,20.452000,17.878000,20.452000,0.081526,0.834801,0.798607,3.039860,-0.154437,0.415199,0.000000,0.000000,0,1
1789807024.242176,5,18.056377,20.329854,-3.044550,19.128000,20.452000,17.878000,20.452000,0.081526,0.834801,0.798607,3.039860,-0.154437,0.415199,0.000000,0.000000,0,1
1789807024.342261,5,18.056377,20.329854,-3.044550,19.128000,20.452000,17.878000,20.452000,0.081526,0.834801,0.798607,3.039860,-0.154437,0.415199,0.000000,0.000000,0,1
1789807024.442185,5,18.056377,20.329854,-3.044550,19.128000,20.452000,17.878000,20.452000,0.081526,0.834801,0.798607,3.039860,-0.154437,0.415199,0.000000,0.000000,0,1
1789807024.542201,5,18.056377,20.329854,-3.044550,19.128000,20.452000,17.878000,20.452000,0.081526,0.834801,0.798607,3.039860,-0.154437,0.415199,0.000000,0.000000,0,1
1789807024.642205,5,18.056377,20.329854,-3.044550,19.128000,20.452000,17.878000,20.452000,0.081526,0.834801,0.798607,3.039860,-0.154437,0.415199,0.000000,0.000000,0,1
1789807024.742263,5,18.056377,20.329854,-3.044550,19.128000,20.452000,17.878000,20.452000,0.081526,0.834801,0.798607,3.039860,-0.154437,0.415199,0.000000,0.000000,0,1
1789807024.842232,5,18.056377,20.329854,-3.044550,19.128000,20.452000,17.878000,20.452000,0.081526,0.834801,0.798607,3.039860,-0.154437,0.415199,0.000000,0.000000,0,1
1789807024.942394,5,18.056377,20.329854,-3.044550,19.128000,20.452000,17.878000,20.452000,0.081526,0.834801,0.798607,3.039860,-0.154437,0.415199,0.000000,0.000000,0,1
1789807025.042278,5,18.056377,20.329854,-3.044550,19.128000,20.452000,17.878000,20.452000,0.081526,0.834801,0.798607,3.039860,-0.154437,0.415199,0.000000,0.000000,0,1
1789807025.142241,5,18.056377,20.329854,-3.044550,19.128000,20.452000,17.878000,20.452000,0.081526,0.834801,0.798607,3.039860,-0.154437,0.415199,0.000000,0.000000,0,1
1789807025.242254,5,18.056377,20.329854,-3.044550,19.128000,20.452000,17.878000,20.452000,0.081526,0.834801,0.798607,3.039860,-0.154437,0.415199,0.000000,0.000000,0,1
1789807025.342310,5,18.056377,20.329854,-3.044550,19.128000,20.452000,17.878000,20.452000,0.081526,0.834801,0.798607,3.039860,-0.154437,0.415199,0.000000,0.000000,0,1
1789807025.442471,5,18.056377,20.329854,-3.044550,19.128000,20.452000,17.878000,20.452000,0.081526,0.834801,0.798607,3.039860,-0.154437,0.415199,0.000000,0.000000,0,1
1789807025.542276,5,18.056377,20.329854,-3.044550,19.128000,20.452000,17.878000,20.452000,0.081526,0.834801,0.798607,3.039860,-0.154437,0.415199,0.000000,0.000000,0,1
1789807025.642280,5,18.056377,20.329854,-3.044550,19.128000,20.452000,17.878000,20.452000,0.081526,0.834801,0.798607,3.039860,-0.154437,0.415199,0.000000,0.000000,0,1
1789807025.742275,5,18.056377,20.329854,-3.044550,19.128000,20.452000,17.878000,20.452000,0.081526,0.834801,0.798607,3.039860,-0.154437,0.415199,0.000000,0.000000,0,1
1789807025.842297,5,18.056377,20.329854,-3.044550,19.128000,20.452000,17.878000,20.452000,0.081526,0.834801,0.798607,3.039860,-0.154437,0.415199,0.000000,0.000000,0,1
1789807025.942321,5,18.056377,20.329854,-3.044550,19.128000,20.452000,17.878000,20.452000,0.081526,0.834801,0.798607,3.039860,-0.154437,0.415199,0.000000,0.000000,0,1
1789807026.042310,5,18.056377,20.329854,-3.044550,19.128000,20.452000,17.878000,20.452000,0.081526,0.834801,0.798607,3.039860,-0.154437,0.415199,0.000000,0.000000,0,1
1789807026.142407,5,18.056377,20.329854,-3.044550,19.128000,20.452000,17.878000,20.452000,0.081526,0.834801,0.798607,3.039860,-0.154437,0.415199,0.000000,0.000000,0,1
1789807026.243048,5,18.056377,20.329854,-3.044550,19.128000,20.452000,17.878000,20.452000,0.081526,0.834801,0.798607,3.039860,-0.154437,0.415199,0.000000,0.000000,0,1
1789807026.342318,5,18.056377,20.329854,-3.044550,19.128000,20.452000,17.878000,20.452000,0.081526,0.834801,0.798607,3.039860,-0.154437,0.415199,0.000000,0.000000,0,1
1789807026.442333,5,18.056377,20.329854,-3.044550,19.128000,20.452000,17.878000,20.452000,0.081526,0.834801,0.798607,3.039860,-0.154437,0.415199,0.000000,0.000000,0,1
1789807026.542423,5,18.056377,20.329854,-3.044550,19.128000,20.452000,17.878000,20.452000,0.081526,0.834801,0.798607,3.039860,-0.154437,0.415199,0.000000,0.000000,0,1
1789807026.642589,5,18.056377,20.329854,-3.044550,19.128000,20.452000,17.878000,20.452000,0.081526,0.834801,0.798607,3.039860,-0.154437,0.415199,0.000000,0.000000,0,1
1789807026.742615,5,18.056377,20.329854,-3.044550,19.128000,20.452000,17.878000,20.452000,0.081526,0.834801,0.798607,3.039860,-0.154437,0.415199,0.000000,0.000000,0,1
1789807026.842385,5,18.056377,20.329854,-3.044550,19.128000,20.452000,17.878000,20.452000,0.081526,0.834801,0.798607,3.039860,-0.154437,0.415199,0.000000,0.000000,0,1
1789807026.942732,5,18.056377,20.329854,-3.044550,19.128000,20.452000,17.878000,20.452000,0.081526,0.834801,0.798607,3.039860,-0.154437,0.415199,0.000000,0.000000,0,1
1789807027.043128,5,18.056377,20.329854,-3.044550,19.128000,20.452000,17.878000,20.452000,0.081526,0.834801,0.798607,3.039860,-0.154437,0.415199,0.000000,0.000000,0,1
1789807027.142372,5,18.056377,20.329854,-3.044550,19.128000,20.452000,17.878000,20.452000,0.081526,0.834801,0.798607,3.039860,-0.154437,0.415199,0.000000,0.000000,0,1
1789807027.242416,5,18.056377,20.329854,-3.044550,19.128000,20.452000,17.878000,20.452000,0.081526,0.834801,0.798607,3.039860,-0.154437,0.415199,0.000000,0.000000,0,1
1789807027.342468,5,18.056377,20.329854,-3.044550,19.128000,20.452000,17.878000,20.452000,0.081526,0.834801,0.798607,3.039860,-0.154437,0.415199,0.000000,0.000000,0,1
1789807027.442409,5,18.056377,20.329854,-3.044550,19.128000,20.452000,17.878000,20.452000,0.081526,0.834801,0.798607,3.039860,-0.154437,0.415199,0.000000,0.000000,0,1
1789807027.543128,5,18.056377,20.329854,-3.044550,19.128000,20.452000,17.878000,20.452000,0.081526,0.834801,0.798607,3.039860,-0.154437,0.415199,0.000000,0.000000,0,1
1789807027.642477,5,18.056377,20.329854,-3.044550,19.128000,20.452000,17.878000,20.452000,0.081526,0.834801,0.798607,3.039860,-0.154437,0.415199,0.000000,0.000000,0,1
1789807027.742553,5,18.056377,20.329854,-3.044550,19.128000,20.452000,17.878000,20.452000,0.081526,0.834801,0.798607,3.039860,-0.154437,0.415199,0.000000,0.000000,0,1
1789807027.842510,5,18.056377,20.329854,-3.044550,19.128000,20.452000,17.878000,20.452000,0.081526,0.834801,0.798607,3.039860,-0.154437,0.415199,0.000000,0.000000,0,1
1789807027.942656,5,18.056377,20.329854,-3.044550,19.128000,20.452000,17.878000,20.452000,0.081526,0.834801,0.798607,3.039860,-0.154437,0.415199,0.000000,0.000000,0,1
1789807028.042460,5,18.056377,20.329854,-3.044550,19.128000,20.452000,17.878000,20.452000,0.081526,0.834801,0.798607,3.039860,-0.154437,0.415199,0.000000,0.000000,0,1
1789807028.142447,5,18.056377,20.329854,-3.044550,19.128000,20.452000,17.878000,20.452000,0.081526,0.834801,0.798607,3.039860,-0.154437,0.415199,0.000000,0.000000,0,1
1789807028.242448,5,18.056377,20.329854,-3.044550,19.128000,20.452000,17.878000,20.452000,0.081526,0.834801,0.798607,3.039860,-0.154437,0.415199,0.000000,0.000000,0,1
1789807028.342552,5,18.056377,20.329854,-3.044550,19.128000,20.452000,17.878000,20.452000,0.081526,0.834801,0.798607,3.039860,-0.154437,0.415199,0.000000,0.000000,0,1
1789807028.444904,5,18.056377,20.329854,-3.044550,19.128000,20.452000,17.878000,20.452000,0.081526,0.834801,0.798607,3.039860,-0.154437,0.415199,0.000000,0.000000,0,1
1789807028.542506,5,18.056377,20.329854,-3.044550,19.128000,20.452000,17.878000,20.452000,0.081526,0.834801,0.798607,3.039860,-0.154437,0.415199,0.000000,0.000000,0,1
1789807028.642493,5,18.056377,20.329854,-3.044550,19.128000,20.452000,17.878000,20.452000,0.081526,0.834801,0.798607,3.039860,-0.154437,0.415199,0.000000,0.000000,0,1
1789807028.742512,5,18.056377,20.329854,-3.044550,19.128000,20.452000,17.878000,20.452000,0.081526,0.834801,0.798607,3.039860,-0.154437,0.415199,0.000000,0.000000,0,1
1789807028.842616,5,18.056377,20.329854,-3.044550,19.128000,20.452000,17.878000,20.452000,0.081526,0.834801,0.798607,3.039860,-0.154437,0.415199,0.000000,0.000000,0,1
1789807028.942491,5,18.056377,20.329854,-3.044550,19.128000,20.452000,17.878000,20.452000,0.081526,0.834801,0.798607,3.039860,-0.154437,0.415199,0.000000,0.000000,0,1
1789807029.042549,5,18.056377,20.329854,-3.044550,19.128000,20.452000,17.878000,20.452000,0.081526,0.834801,0.798607,3.039860,-0.154437,0.415199,0.000000,0.000000,0,1
1789807029.142751,5,18.056377,20.329854,-3.044550,19.128000,20.452000,17.878000,20.452000,0.081526,0.834801,0.798607,3.039860,-0.154437,0.415199,0.000000,0.000000,0,1
1789807029.242557,5,18.056377,20.329854,-3.044550,19.128000,20.452000,17.878000,20.452000,0.081526,0.834801,0.798607,3.039860,-0.154437,0.415199,0.000000,0.000000,0,1
1789807029.342536,5,18.056377,20.329854,-3.044550,19.128000,20.452000,17.878000,20.452000,0.081526,0.834801,0.798607,3.039860,-0.154437,0.415199,0.000000,0.000000,0,1
1789807029.442542,5,18.056377,20.329854,-3.044550,19.128000,20.452000,17.878000,20.452000,0.081526,0.834801,0.798607,3.039860,-0.154437,0.415199,0.000000,0.000000,0,1
1789807029.542687,5,18.056377,20.329854,-3.044550,19.128000,20.452000,17.878000,20.452000,0.081526,0.834801,0.798607,3.039860,-0.154437,0.415199,0.000000,0.000000,0,1
1789807029.643524,5,18.056377,20.329854,-3.044550,19.128000,20.452000,17.878000,20.452000,0.081526,0.834801,0.798607,3.039860,-0.154437,0.415199,0.000000,0.000000,0,1
1789807029.742645,5,18.056377,20.329854,-3.044550,19.128000,20.452000,17.878000,20.452000,0.081526,0.834801,0.798607,3.039860,-0.154437,0.415199,0.000000,0.000000,0,1
1789807029.842590,5,18.056377,20.329854,-3.044550,19.128000,20.452000,17.878000,20.452000,0.081526,0.834801,0.798607,3.039860,-0.154437,0.415199,0.000000,0.000000,0,1
1789807029.942572,5,18.056377,20.329854,-3.044550,19.128000,20.452000,17.878000,20.452000,0.081526,0.834801,0.798607,3.039860,-0.154437,0.415199,0.000000,0.000000,0,1
1789807030.042596,5,18.056377,20.329854,-3.044550,19.128000,20.452000,17.878000,20.452000,0.081526,0.834801,0.798607,3.039860,-0.154437,0.415199,0.000000,0.000000,0,1
1789807030.144207,5,18.056377,20.329854,-3.044550,19.128000,20.452000,17.878000,20.452000,0.081526,0.834801,0.798607,3.039860,-0.154437,0.415199,0.000000,0.000000,0,1
1789807030.242666,5,18.056377,20.329854,-3.044550,19.128000,20.452000,17.878000,20.452000,0.081526,0.834801,0.798607,3.039860,-0.154437,0.415199,0.000000,0.000000,0,1
1789807030.342614,5,18.056377,20.329854,-3.044550,19.128000,20.452000,17.878000,20.452000,0.081526,0.834801,0.798607,3.039860,-0.154437,0.415199,0.000000,0.000000,0,1
1789807030.442712,5,18.056377,20.329854,-3.044550,19.128000,20.452000,17.878000,20.452000,0.081526,0.834801,0.798607,3.039860,-0.154437,0.415199,0.000000,0.000000,0,1
1789807030.542692,5,18.056377,20.329854,-3.044550,19.128000,20.452000,17.878000,20.452000,0.081526,0.834801,0.798607,3.039860,-0.154437,0.415199,0.000000,0.000000,0,1
1789807030.642640,5,18.056377,20.329854,-3.044550,19.128000,20.452000,17.878000,20.452000,0.081526,0.834801,0.798607,3.039860,-0.154437,0.415199,0.000000,0.000000,0,1
1789807030.742652,5,18.056377,20.329854,-3.044550,19.128000,20.452000,17.878000,20.452000,0.081526,0.834801,0.798607,3.039860,-0.154437,0.415199,0.000000,0.000000,0,1
1789807030.842687,5,18.056377,20.329854,-3.044550,19.128000,20.452000,17.878000,20.452000,0.081526,0.834801,0.798607,3.039860,-0.154437,0.415199,0.000000,0.000000,0,1
1789807030.942852,5,18.056377,20.329854,-3.044550,19.128000,20.452000,17.878000,20.452000,0.081526,0.834801,0.798607,3.039860,-0.154437,0.415199,0.000000,0.000000,0,1
1789807031.042887,5,18.056377,20.329854,-3.044550,19.128000,20.452000,17.878000,20.452000,0.081526,0.834801,0.798607,3.039860,-0.154437,0.415199,0.000000,0.000000,0,1
1789807031.142722,5,18.056377,20.329854,-3.044550,19.128000,20.452000,17.878000,20.452000,0.081526,0.834801,0.798607,3.039860,-0.154437,0.415199,0.000000,0.000000,0,1
1789807031.242649,5,18.056377,20.329854,-3.044550,19.128000,20.452000,17.878000,20.452000,0.081526,0.834801,0.798607,3.039860,-0.154437,0.415199,0.000000,0.000000,0,1
1789807031.342883,5,18.056377,20.329854,-3.044550,19.128000,20.452000,17.878000,20.452000,0.081526,0.834801,0.798607,3.039860,-0.154437,0.415199,0.000000,0.000000,0,1
1789807031.442841,5,18.056377,20.329854,-3.044550,19.128000,20.452000,17.878000,20.452000,0.081526,0.834801,0.798607,3.039860,-0.154437,0.415199,0.000000,0.000000,0,1
1789807031.544885,5,18.056377,20.329854,-3.044550,19.128000,20.452000,17.878000,20.452000,0.081526,0.834801,0.798607,3.039860,-0.154437,0.415199,0.000000,0.000000,0,1
1789807031.642779,5,18.056377,20.329854,-3.044550,19.128000,20.452000,17.878000,20.452000,0.081526,0.834801,0.798607,3.039860,-0.154437,0.415199,0.000000,0.000000,0,1
1789807031.742935,5,18.056377,20.329854,-3.044550,19.128000,20.452000,17.878000,20.452000,0.081526,0.834801,0.798607,3.039860,-0.154437,0.415199,0.000000,0.000000,0,1
1789807031.842758,5,18.056377,20.329854,-3.044550,19.128000,20.452000,17.878000,20.452000,0.081526,0.834801,0.798607,3.039860,-0.154437,0.415199,0.000000,0.000000,0,1
1789807031.942913,5,18.056377,20.329854,-3.044550,19.128000,20.452000,17.878000,20.452000,0.081526,0.834801,0.798607,3.039860,-0.154437,0.415199,0.000000,0.000000,0,1
1789807032.047024,5,18.056377,20.329854,-3.044550,19.128000,20.452000,17.878000,20.452000,0.081526,0.834801,0.798607,3.039860,-0.154437,0.415199,0.000000,0.000000,0,1
1789807032.142721,5,18.056377,20.329854,-3.044550,19.128000,20.452000,17.878000,20.452000,0.081526,0.834801,0.798607,3.039860,-0.154437,0.415199,0.000000,0.000000,0,1
1789807032.242998,5,18.056377,20.329854,-3.044550,19.128000,20.452000,17.878000,20.452000,0.081526,0.834801,0.798607,3.039860,-0.154437,0.415199,0.000000,0.000000,0,1
1789807032.342740,5,18.056377,20.329854,-3.044550,19.128000,20.452000,17.878000,20.452000,0.081526,0.834801,0.798607,3.039860,-0.154437,0.415199,0.000000,0.000000,0,1
1789807032.442780,5,18.056377,20.329854,-3.044550,19.128000,20.452000,17.878000,20.452000,0.081526,0.834801,0.798607,3.039860,-0.154437,0.415199,0.000000,0.000000,0,1
1789807032.542770,5,18.056377,20.329854,-3.044550,19.128000,20.452000,17.878000,20.452000,0.081526,0.834801,0.798607,3.039860,-0.154437,0.415199,0.000000,0.000000,0,1
1789807032.642851,5,18.056377,20.329854,-3.044550,19.128000,20.452000,17.878000,20.452000,0.081526,0.834801,0.798607,3.039860,-0.154437,0.415199,0.000000,0.000000,0,1
1789807032.742777,5,18.056377,20.329854,-3.044550,19.128000,20.452000,17.878000,20.452000,0.081526,0.834801,0.798607,3.039860,-0.154437,0.415199,0.000000,0.000000,0,1
1789807032.842775,5,18.056377,20.329854,-3.044550,19.128000,20.452000,17.878000,20.452000,0.081526,0.834801,0.798607,3.039860,-0.154437,0.415199,0.000000,0.000000,0,1
1789807032.942850,5,18.056377,20.329854,-3.044550,19.128000,20.452000,17.878000,20.452000,0.081526,0.834801,0.798607,3.039860,-0.154437,0.415199,0.000000,0.000000,0,1
1789807033.042797,5,18.056377,20.329854,-3.044550,19.128000,20.452000,17.878000,20.452000,0.081526,0.834801,0.798607,3.039860,-0.154437,0.415199,0.000000,0.000000,0,1
1789807033.143136,5,18.056377,20.329854,-3.044550,19.128000,20.452000,17.878000,20.452000,0.081526,0.834801,0.798607,3.039860,-0.154437,0.415199,0.000000,0.000000,0,1
1789807033.242879,5,18.056377,20.329854,-3.044550,19.128000,20.452000,17.878000,20.452000,0.081526,0.834801,0.798607,3.039860,-0.154437,0.415199,0.000000,0.000000,0,1
1789807033.342805,5,18.056377,20.329854,-3.044550,19.128000,20.452000,17.878000,20.452000,0.081526,0.834801,0.798607,3.039860,-0.154437,0.415199,0.000000,0.000000,0,1
1789807033.442867,5,18.056377,20.329854,-3.044550,19.128000,20.452000,17.878000,20.452000,0.081526,0.834801,0.798607,3.039860,-0.154437,0.415199,0.000000,0.000000,0,1
1789807033.542979,5,18.056377,20.329854,-3.044550,19.128000,20.452000,17.878000,20.452000,0.081526,0.834801,0.798607,3.039860,-0.154437,0.415199,0.000000,0.000000,0,1
1789807033.642864,5,18.056377,20.329854,-3.044550,19.128000,20.452000,17.878000,20.452000,0.081526,0.834801,0.798607,3.039860,-0.154437,0.415199,0.000000,0.000000,0,1
1789807033.743207,5,18.056377,20.329854,-3.044550,19.128000,20.452000,17.878000,20.452000,0.081526,0.834801,0.798607,3.039860,-0.154437,0.415199,0.000000,0.000000,0,1
1789807033.842876,5,18.056377,20.329854,-3.044550,19.128000,20.452000,17.878000,20.452000,0.081526,0.834801,0.798607,3.039860,-0.154437,0.415199,0.000000,0.000000,0,1
1789807033.942878,5,18.056377,20.329854,-3.044550,19.128000,20.452000,17.878000,20.452000,0.081526,0.834801,0.798607,3.039860,-0.154437,0.415199,0.000000,0.000000,0,1
1789807034.042850,5,18.056377,20.329854,-3.044550,19.128000,20.452000,17.878000,20.452000,0.081526,0.834801,0.798607,3.039860,-0.154437,0.415199,0.000000,0.000000,0,1
1789807034.143099,5,18.056377,20.329854,-3.044550,19.128000,20.452000,17.878000,20.452000,0.081526,0.834801,0.798607,3.039860,-0.154437,0.415199,0.000000,0.000000,0,1
1789807034.242970,5,18.056377,20.329854,-3.044550,19.128000,20.452000,17.878000,20.452000,0.081526,0.834801,0.798607,3.039860,-0.154437,0.415199,0.000000,0.000000,0,1
1789807034.342900,5,18.056377,20.329854,-3.044550,19.128000,20.452000,17.878000,20.452000,0.081526,0.834801,0.798607,3.039860,-0.154437,0.415199,0.000000,0.000000,0,1
1789807034.442907,5,18.056377,20.329854,-3.044550,19.128000,20.452000,17.878000,20.452000,0.081526,0.834801,0.798607,3.039860,-0.154437,0.415199,0.000000,0.000000,0,1
1789807034.544124,5,18.056377,20.329854,-3.044550,19.128000,20.452000,17.878000,20.452000,0.081526,0.834801,0.798607,3.039860,-0.154437,0.415199,0.000000,0.000000,0,1
1789807034.643712,5,18.056377,20.329854,-3.044550,19.128000,20.452000,17.878000,20.452000,0.081526,0.834801,0.798607,3.039860,-0.154437,0.415199,0.000000,0.000000,0,1
1789807034.742929,5,18.056377,20.329854,-3.044550,19.128000,20.452000,17.878000,20.452000,0.081526,0.834801,0.798607,3.039860,-0.154437,0.415199,0.000000,0.000000,0,1
1789807034.842935,5,18.056377,20.329854,-3.044550,19.128000,20.452000,17.878000,20.452000,0.081526,0.834801,0.798607,3.039860,-0.154437,0.415199,0.000000,0.000000,0,1
1789807034.942960,5,18.056377,20.329854,-3.044550,19.128000,20.452000,17.878000,20.452000,0.081526,0.834801,0.798607,3.039860,-0.154437,0.415199,0.000000,0.000000,0,1
1789807035.042980,5,18.056377,20.329854,-3.044550,19.128000,20.452000,17.878000,20.452000,0.081526,0.834801,0.798607,3.039860,-0.154437,0.415199,0.000000,0.000000,0,1
1789807035.142976,5,18.056377,20.329854,-3.044550,19.128000,20.452000,17.878000,20.452000,0.081526,0.834801,0.798607,3.039860,-0.154437,0.415199,0.000000,0.000000,0,1
1789807035.242992,5,18.056377,20.329854,-3.044550,19.128000,20.452000,17.878000,20.452000,0.081526,0.834801,0.798607,3.039860,-0.154437,0.415199,0.000000,0.000000,0,1
1789807035.342950,5,18.056377,20.329854,-3.044550,19.128000,20.452000,17.878000,20.452000,0.081526,0.834801,0.798607,3.039860,-0.154437,0.415199,0.000000,0.000000,0,1
1789807035.442973,5,18.056377,20.329854,-3.044550,19.128000,20.452000,17.878000,20.452000,0.081526,0.834801,0.798607,3.039860,-0.154437,0.415199,0.000000,0.000000,0,1
1789807035.543027,5,18.056377,20.329854,-3.044550,19.128000,20.452000,17.878000,20.452000,0.081526,0.834801,0.798607,3.039860,-0.154437,0.415199,0.000000,0.000000,0,1
1789807035.642982,5,18.056377,20.329854,-3.044550,19.128000,20.452000,17.878000,20.452000,0.081526,0.834801,0.798607,3.039860,-0.154437,0.415199,0.000000,0.000000,0,1
1789807035.742985,5,18.056377,20.329854,-3.044550,19.128000,20.452000,17.878000,20.452000,0.081526,0.834801,0.798607,3.039860,-0.154437,0.415199,0.000000,0.000000,0,1
1789807035.843117,5,18.056377,20.329854,-3.044550,19.128000,20.452000,17.878000,20.452000,0.081526,0.834801,0.798607,3.039860,-0.154437,0.415199,0.000000,0.000000,0,1
1789807035.943008,5,18.056377,20.329854,-3.044550,19.128000,20.452000,17.878000,20.452000,0.081526,0.834801,0.798607,3.039860,-0.154437,0.415199,0.000000,0.000000,0,1
1789807036.043072,5,18.056377,20.329854,-3.044550,19.128000,20.452000,17.878000,20.452000,0.081526,0.834801,0.798607,3.039860,-0.154437,0.415199,0.000000,0.000000,0,1
1789807036.143064,5,18.056377,20.329854,-3.044550,19.128000,20.452000,17.878000,20.452000,0.081526,0.834801,0.798607,3.039860,-0.154437,0.415199,0.000000,0.000000,0,1
1789807036.243030,5,18.056377,20.329854,-3.044550,19.128000,20.452000,17.878000,20.452000,0.081526,0.834801,0.798607,3.039860,-0.154437,0.415199,0.000000,0.000000,0,1
1789807036.343089,5,18.056377,20.329854,-3.044550,19.128000,20.452000,17.878000,20.452000,0.081526,0.834801,0.798607,3.039860,-0.154437,0.415199,0.000000,0.000000,0,1
1789807036.443059,5,18.056377,20.329854,-3.044550,19.128000,20.452000,17.878000,20.452000,0.081526,0.834801,0.798607,3.039860,-0.154437,0.415199,0.000000,0.000000,0,1
1789807036.543145,5,18.056377,20.329854,-3.044550,19.128000,20.452000,17.878000,20.452000,0.081526,0.834801,0.798607,3.039860,-0.154437,0.415199,0.000000,0.000000,0,1
1789807036.643084,5,18.056377,20.329854,-3.044550,19.128000,20.452000,17.878000,20.452000,0.081526,0.834801,0.798607,3.039860,-0.154437,0.415199,0.000000,0.000000,0,1
1789807036.743075,5,18.056377,20.329854,-3.044550,19.128000,20.452000,17.878000,20.452000,0.081526,0.834801,0.798607,3.039860,-0.154437,0.415199,0.000000,0.000000,0,1
1789807036.843046,5,18.056377,20.329854,-3.044550,19.128000,20.452000,17.878000,20.452000,0.081526,0.834801,0.798607,3.039860,-0.154437,0.415199,0.000000,0.000000,0,1
1789807036.943108,5,18.056377,20.329854,-3.044550,19.128000,20.452000,17.878000,20.452000,0.081526,0.834801,0.798607,3.039860,-0.154437,0.415199,0.000000,0.000000,0,1
1789807037.043245,5,18.056377,20.329854,-3.044550,19.128000,20.452000,17.878000,20.452000,0.081526,0.834801,0.798607,3.039860,-0.154437,0.415199,0.000000,0.000000,0,1
1789807037.143080,5,18.056377,20.329854,-3.044550,19.128000,20.452000,17.878000,20.452000,0.081526,0.834801,0.798607,3.039860,-0.154437,0.415199,0.000000,0.000000,0,1
1789807037.243124,5,18.056377,20.329854,-3.044550,19.128000,20.452000,17.878000,20.452000,0.081526,0.834801,0.798607,3.039860,-0.154437,0.415199,0.000000,0.000000,0,1
1789807037.343095,5,18.056377,20.329854,-3.044550,19.128000,20.452000,17.878000,20.452000,0.081526,0.834801,0.798607,3.039860,-0.154437,0.415199,0.000000,0.000000,0,1
1789807037.443212,5,18.056377,20.329854,-3.044550,19.128000,20.452000,17.878000,20.452000,0.081526,0.834801,0.798607,3.039860,-0.154437,0.415199,0.000000,0.000000,0,1
1789807037.543121,5,18.056377,20.329854,-3.044550,19.128000,20.452000,17.878000,20.452000,0.081526,0.834801,0.798607,3.039860,-0.154437,0.415199,0.000000,0.000000,0,1
1789807037.643168,5,18.056377,20.329854,-3.044550,19.128000,20.452000,17.878000,20.452000,0.081526,0.834801,0.798607,3.039860,-0.154437,0.415199,0.000000,0.000000,0,1
1789807037.743106,5,18.056377,20.329854,-3.044550,19.128000,20.452000,17.878000,20.452000,0.081526,0.834801,0.798607,3.039860,-0.154437,0.415199,0.000000,0.000000,0,1
1789807037.843139,5,18.056377,20.329854,-3.044550,19.128000,20.452000,17.878000,20.452000,0.081526,0.834801,0.798607,3.039860,-0.154437,0.415199,0.000000,0.000000,0,1
1789807037.943142,5,18.056377,20.329854,-3.044550,19.128000,20.452000,17.878000,20.452000,0.081526,0.834801,0.798607,3.039860,-0.154437,0.415199,0.000000,0.000000,0,1
1789807038.043370,5,18.056377,20.329854,-3.044550,19.128000,20.452000,17.878000,20.452000,0.081526,0.834801,0.798607,3.039860,-0.154437,0.415199,0.000000,0.000000,0,1
1789807038.143155,5,18.056377,20.329854,-3.044550,19.128000,20.452000,17.878000,20.452000,0.081526,0.834801,0.798607,3.039860,-0.154437,0.415199,0.000000,0.000000,0,1
1789807038.243297,5,18.056377,20.329854,-3.044550,19.128000,20.452000,17.878000,20.452000,0.081526,0.834801,0.798607,3.039860,-0.154437,0.415199,0.000000,0.000000,0,1
1789807038.343164,5,18.056377,20.329854,-3.044550,19.128000,20.452000,17.878000,20.452000,0.081526,0.834801,0.798607,3.039860,-0.154437,0.415199,0.000000,0.000000,0,1
1789807038.443287,5,18.056377,20.329854,-3.044550,19.128000,20.452000,17.878000,20.452000,0.081526,0.834801,0.798607,3.039860,-0.154437,0.415199,0.000000,0.000000,0,1
1789807038.543220,5,18.056377,20.329854,-3.044550,19.128000,20.452000,17.878000,20.452000,0.081526,0.834801,0.798607,3.039860,-0.154437,0.415199,0.000000,0.000000,0,1
1789807038.643185,5,18.056377,20.329854,-3.044550,19.128000,20.452000,17.878000,20.452000,0.081526,0.834801,0.798607,3.039860,-0.154437,0.415199,0.000000,0.000000,0,1
1789807038.743223,5,18.056377,20.329854,-3.044550,19.128000,20.452000,17.878000,20.452000,0.081526,0.834801,0.798607,3.039860,-0.154437,0.415199,0.000000,0.000000,0,1
1789807038.843226,5,18.056377,20.329854,-3.044550,19.128000,20.452000,17.878000,20.452000,0.081526,0.834801,0.798607,3.039860,-0.154437,0.415199,0.000000,0.000000,0,1
1789807038.943216,5,18.056377,20.329854,-3.044550,19.128000,20.452000,17.878000,20.452000,0.081526,0.834801,0.798607,3.039860,-0.154437,0.415199,0.000000,0.000000,0,1
1789807039.043215,5,18.056377,20.329854,-3.044550,19.128000,20.452000,17.878000,20.452000,0.081526,0.834801,0.798607,3.039860,-0.154437,0.415199,0.000000,0.000000,0,1
1789807039.143269,5,18.056377,20.329854,-3.044550,19.128000,20.452000,17.878000,20.452000,0.081526,0.834801,0.798607,3.039860,-0.154437,0.415199,0.000000,0.000000,0,1
1789807039.243407,5,18.056377,20.329854,-3.044550,19.128000,20.452000,17.878000,20.452000,0.081526,0.834801,0.798607,3.039860,-0.154437,0.415199,0.000000,0.000000,0,1
1789807039.343791,5,18.056377,20.329854,-3.044550,19.128000,20.452000,17.878000,20.452000,0.081526,0.834801,0.798607,3.039860,-0.154437,0.415199,0.000000,0.000000,0,1
1789807039.443261,5,18.056377,20.329854,-3.044550,19.128000,20.452000,17.878000,20.452000,0.081526,0.834801,0.798607,3.039860,-0.154437,0.415199,0.000000,0.000000,0,1
1789807039.543288,5,18.056377,20.329854,-3.044550,19.128000,20.452000,17.878000,20.452000,0.081526,0.834801,0.798607,3.039860,-0.154437,0.415199,0.000000,0.000000,0,1
1789807039.643274,5,18.056377,20.329854,-3.044550,19.128000,20.452000,17.878000,20.452000,0.081526,0.834801,0.798607,3.039860,-0.154437,0.415199,0.000000,0.000000,0,1
1789807039.743289,5,18.056377,20.329854,-3.044550,19.128000,20.452000,17.878000,20.452000,0.081526,0.834801,0.798607,3.039860,-0.154437,0.415199,0.000000,0.000000,0,1
1789807039.843519,5,18.056377,20.329854,-3.044550,19.128000,20.452000,17.878000,20.452000,0.081526,0.834801,0.798607,3.039860,-0.154437,0.415199,0.000000,0.000000,0,1
1789807039.943306,5,18.056377,20.329854,-3.044550,19.128000,20.452000,17.878000,20.452000,0.081526,0.834801,0.798607,3.039860,-0.154437,0.415199,0.000000,0.000000,0,1
1789807040.043368,5,18.056377,20.329854,-3.044550,19.128000,20.452000,17.878000,20.452000,0.081526,0.834801,0.798607,3.039860,-0.154437,0.415199,0.000000,0.000000,0,1
1789807040.143302,5,18.056377,20.329854,-3.044550,19.128000,20.452000,17.878000,20.452000,0.081526,0.834801,0.798607,3.039860,-0.154437,0.415199,0.000000,0.000000,0,1
1789807040.243330,5,18.056377,20.329854,-3.044550,19.128000,20.452000,17.878000,20.452000,0.081526,0.834801,0.798607,3.039860,-0.154437,0.415199,0.000000,0.000000,0,1
1789807040.343323,5,18.056377,20.329854,-3.044550,19.128000,20.452000,17.878000,20.452000,0.081526,0.834801,0.798607,3.039860,-0.154437,0.415199,0.000000,0.000000,0,1
1789807040.443334,5,18.056377,20.329854,-3.044550,19.128000,20.452000,17.878000,20.452000,0.081526,0.834801,0.798607,3.039860,-0.154437,0.415199,0.000000,0.000000,0,1
1789807040.543480,5,18.056377,20.329854,-3.044550,19.128000,20.452000,17.878000,20.452000,0.081526,0.834801,0.798607,3.039860,-0.154437,0.415199,0.000000,0.000000,0,1
1789807040.643349,5,18.056377,20.329854,-3.044550,19.128000,20.452000,17.878000,20.452000,0.081526,0.834801,0.798607,3.039860,-0.154437,0.415199,0.000000,0.000000,0,1
1789807040.743375,5,18.056377,20.329854,-3.044550,19.128000,20.452000,17.878000,20.452000,0.081526,0.834801,0.798607,3.039860,-0.154437,0.415199,0.000000,0.000000,0,1
1789807040.843524,5,18.056377,20.329854,-3.044550,19.128000,20.452000,17.878000,20.452000,0.081526,0.834801,0.798607,3.039860,-0.154437,0.415199,0.000000,0.000000,0,1
1789807040.943340,5,18.056377,20.329854,-3.044550,19.128000,20.452000,17.878000,20.452000,0.081526,0.834801,0.798607,3.039860,-0.154437,0.415199,0.000000,0.000000,0,1
1789807041.043364,5,18.056377,20.329854,-3.044550,19.128000,20.452000,17.878000,20.452000,0.081526,0.834801,0.798607,3.039860,-0.154437,0.415199,0.000000,0.000000,0,1
1789807041.144189,5,18.056377,20.329854,-3.044550,19.128000,20.452000,17.878000,20.452000,0.081526,0.834801,0.798607,3.039860,-0.154437,0.415199,0.000000,0.000000,0,1
1789807041.243364,5,18.056377,20.329854,-3.044550,19.128000,20.452000,17.878000,20.452000,0.081526,0.834801,0.798607,3.039860,-0.154437,0.415199,0.000000,0.000000,0,1
1789807041.343481,5,18.056377,20.329854,-3.044550,19.128000,20.452000,17.878000,20.452000,0.081526,0.834801,0.798607,3.039860,-0.154437,0.415199,0.000000,0.000000,0,1
1789807041.443842,5,18.056377,20.329854,-3.044550,19.128000,20.452000,17.878000,20.452000,0.081526,0.834801,0.798607,3.039860,-0.154437,0.415199,0.000000,0.000000,0,1
1789807041.543408,5,18.056377,20.329854,-3.044550,19.128000,20.452000,17.878000,20.452000,0.081526,0.834801,0.798607,3.039860,-0.154437,0.415199,0.000000,0.000000,0,1
1789807041.643415,5,18.056377,20.329854,-3.044550,19.128000,20.452000,17.878000,20.452000,0.081526,0.834801,0.798607,3.039860,-0.154437,0.415199,0.000000,0.000000,0,1
1789807041.743442,5,18.056377,20.329854,-3.044550,19.128000,20.452000,17.878000,20.452000,0.081526,0.834801,0.798607,3.039860,-0.154437,0.415199,0.000000,0.000000,0,1
1789807041.843453,5,18.056377,20.329854,-3.044550,19.128000,20.452000,17.878000,20.452000,0.081526,0.834801,0.798607,3.039860,-0.154437,0.415199,0.000000,0.000000,0,1
1789807041.943453,5,18.056377,20.329854,-3.044550,19.128000,20.452000,17.878000,20.452000,0.081526,0.834801,0.798607,3.039860,-0.154437,0.415199,0.000000,0.000000,0,1
1789807042.043506,5,18.056377,20.329854,-3.044550,19.128000,20.452000,17.878000,20.452000,0.081526,0.834801,0.798607,3.039860,-0.154437,0.415199,0.000000,0.000000,0,1
1789807042.143487,5,18.056377,20.329854,-3.044550,19.128000,20.452000,17.878000,20.452000,0.081526,0.834801,0.798607,3.039860,-0.154437,0.415199,0.000000,0.000000,0,1
1789807042.243474,5,18.056377,20.329854,-3.044550,19.128000,20.452000,17.878000,20.452000,0.081526,0.834801,0.798607,3.039860,-0.154437,0.415199,0.000000,0.000000,0,1
1789807042.343465,5,18.056377,20.329854,-3.044550,19.128000,20.452000,17.878000,20.452000,0.081526,0.834801,0.798607,3.039860,-0.154437,0.415199,0.000000,0.000000,0,1
1789807042.443497,5,18.056377,20.329854,-3.044550,19.128000,20.452000,17.878000,20.452000,0.081526,0.834801,0.798607,3.039860,-0.154437,0.415199,0.000000,0.000000,0,1
1789807042.543450,5,18.056377,20.329854,-3.044550,19.128000,20.452000,17.878000,20.452000,0.081526,0.834801,0.798607,3.039860,-0.154437,0.415199,0.000000,0.000000,0,1
1789807042.643473,5,18.056377,20.329854,-3.044550,19.128000,20.452000,17.878000,20.452000,0.081526,0.834801,0.798607,3.039860,-0.154437,0.415199,0.000000,0.000000,0,1
1789807042.743493,5,18.056377,20.329854,-3.044550,19.128000,20.452000,17.878000,20.452000,0.081526,0.834801,0.798607,3.039860,-0.154437,0.415199,0.000000,0.000000,0,1
1789807042.843544,5,18.056377,20.329854,-3.044550,19.128000,20.452000,17.878000,20.452000,0.081526,0.834801,0.798607,3.039860,-0.154437,0.415199,0.000000,0.000000,0,1
1789807042.943559,5,18.056377,20.329854,-3.044550,19.128000,20.452000,17.878000,20.452000,0.081526,0.834801,0.798607,3.039860,-0.154437,0.415199,0.000000,0.000000,0,1
1789807043.043492,5,18.056377,20.329854,-3.044550,19.128000,20.452000,17.878000,20.452000,0.081526,0.834801,0.798607,3.039860,-0.154437,0.415199,0.000000,0.000000,0,1
1789807043.143519,5,18.056377,20.329854,-3.044550,19.128000,20.452000,17.878000,20.452000,0.081526,0.834801,0.798607,3.039860,-0.154437,0.415199,0.000000,0.000000,0,1
1789807043.243535,5,18.056377,20.329854,-3.044550,19.128000,20.452000,17.878000,20.452000,0.081526,0.834801,0.798607,3.039860,-0.154437,0.415199,0.000000,0.000000,0,1
1789807043.343767,5,18.056377,20.329854,-3.044550,19.128000,20.452000,17.878000,20.452000,0.081526,0.834801,0.798607,3.039860,-0.154437,0.415199,0.000000,0.000000,0,1
1789807043.443570,5,18.056377,20.329854,-3.044550,19.128000,20.452000,17.878000,20.452000,0.081526,0.834801,0.798607,3.039860,-0.154437,0.415199,0.000000,0.000000,0,1
1789807043.543594,5,18.056377,20.329854,-3.044550,19.128000,20.452000,17.878000,20.452000,0.081526,0.834801,0.798607,3.039860,-0.154437,0.415199,0.000000,0.000000,0,1
1789807043.643569,5,18.056377,20.329854,-3.044550,19.128000,20.452000,17.878000,20.452000,0.081526,0.834801,0.798607,3.039860,-0.154437,0.415199,0.000000,0.000000,0,1
1789807043.744017,5,18.056377,20.329854,-3.044550,19.128000,20.452000,17.878000,20.452000,0.081526,0.834801,0.798607,3.039860,-0.154437,0.415199,0.000000,0.000000,0,1
1789807043.843613,5,18.056377,20.329854,-3.044550,19.128000,20.452000,17.878000,20.452000,0.081526,0.834801,0.798607,3.039860,-0.154437,0.415199,0.000000,0.000000,0,1
1789807043.943905,5,18.056377,20.329854,-3.044550,19.128000,20.452000,17.878000,20.452000,0.081526,0.834801,0.798607,3.039860,-0.154437,0.415199,0.000000,0.000000,0,1
1789807044.043576,5,18.056377,20.329854,-3.044550,19.128000,20.452000,17.878000,20.452000,0.081526,0.834801,0.798607,3.039860,-0.154437,0.415199,0.000000,0.000000,0,1
1789807044.143593,5,18.056377,20.329854,-3.044550,19.128000,20.452000,17.878000,20.452000,0.081526,0.834801,0.798607,3.039860,-0.154437,0.415199,0.000000,0.000000,0,1
1789807044.243600,5,18.056377,20.329854,-3.044550,19.128000,20.452000,17.878000,20.452000,0.081526,0.834801,0.798607,3.039860,-0.154437,0.415199,0.000000,0.000000,0,1
1789807044.343590,5,18.056377,20.329854,-3.044550,19.128000,20.452000,17.878000,20.452000,0.081526,0.834801,0.798607,3.039860,-0.154437,0.415199,0.000000,0.000000,0,1
1789807044.443864,5,18.056377,20.329854,-3.044550,19.128000,20.452000,17.878000,20.452000,0.081526,0.834801,0.798607,3.039860,-0.154437,0.415199,0.000000,0.000000,0,1
1789807044.543591,5,18.056377,20.329854,-3.044550,19.128000,20.452000,17.878000,20.452000,0.081526,0.834801,0.798607,3.039860,-0.154437,0.415199,0.000000,0.000000,0,1
1789807044.643765,5,18.056377,20.329854,-3.044550,19.128000,20.452000,17.878000,20.452000,0.081526,0.834801,0.798607,3.039860,-0.154437,0.415199,0.000000,0.000000,0,1
1789807044.743680,5,18.056377,20.329854,-3.044550,19.128000,20.452000,17.878000,20.452000,0.081526,0.834801,0.798607,3.039860,-0.154437,0.415199,0.000000,0.000000,0,1
1789807044.843723,5,18.056377,20.329854,-3.044550,19.128000,20.452000,17.878000,20.452000,0.081526,0.834801,0.798607,3.039860,-0.154437,0.415199,0.000000,0.000000,0,1
1789807044.944980,5,18.056377,20.329854,-3.044550,19.128000,20.452000,17.878000,20.452000,0.081526,0.834801,0.798607,3.039860,-0.154437,0.415199,0.000000,0.000000,0,1
1789807045.043838,5,18.056377,20.329854,-3.044550,19.128000,20.452000,17.878000,20.452000,0.081526,0.834801,0.798607,3.039860,-0.154437,0.415199,0.000000,0.000000,0,1
1789807045.143730,5,18.056377,20.329854,-3.044550,19.128000,20.452000,17.878000,20.452000,0.081526,0.834801,0.798607,3.039860,-0.154437,0.415199,0.000000,0.000000,0,1
1789807045.243890,5,18.056377,20.329854,-3.044550,19.128000,20.452000,17.878000,20.452000,0.081526,0.834801,0.798607,3.039860,-0.154437,0.415199,0.000000,0.000000,0,1
1789807045.343669,5,18.056377,20.329854,-3.044550,19.128000,20.452000,17.878000,20.452000,0.081526,0.834801,0.798607,3.039860,-0.154437,0.415199,0.000000,0.000000,0,1
1789807045.443741,5,18.056377,20.329854,-3.044550,19.128000,20.452000,17.878000,20.452000,0.081526,0.834801,0.798607,3.039860,-0.154437,0.415199,0.000000,0.000000,0,1
1789807045.543854,5,18.056377,20.329854,-3.044550,19.128000,20.452000,17.878000,20.452000,0.081526,0.834801,0.798607,3.039860,-0.154437,0.415199,0.000000,0.000000,0,1
1789807045.643879,5,18.056377,20.329854,-3.044550,19.128000,20.452000,17.878000,20.452000,0.081526,0.834801,0.798607,3.039860,-0.154437,0.415199,0.000000,0.000000,0,1
1789807045.743710,5,18.056377,20.329854,-3.044550,19.128000,20.452000,17.878000,20.452000,0.081526,0.834801,0.798607,3.039860,-0.154437,0.415199,0.000000,0.000000,0,1
1789807045.843759,5,18.056377,20.329854,-3.044550,19.128000,20.452000,17.878000,20.452000,0.081526,0.834801,0.798607,3.039860,-0.154437,0.415199,0.000000,0.000000,0,1
1789807045.944679,5,18.056377,20.329854,-3.044550,19.128000,20.452000,17.878000,20.452000,0.081526,0.834801,0.798607,3.039860,-0.154437,0.415199,0.000000,0.000000,0,1
1789807046.043912,5,18.056377,20.329854,-3.044550,19.128000,20.452000,17.878000,20.452000,0.081526,0.834801,0.798607,3.039860,-0.154437,0.415199,0.000000,0.000000,0,1
1789807046.143890,5,18.056377,20.329854,-3.044550,19.128000,20.452000,17.878000,20.452000,0.081526,0.834801,0.798607,3.039860,-0.154437,0.415199,0.000000,0.000000,0,1
1789807046.244517,5,18.056377,20.329854,-3.044550,19.128000,20.452000,17.878000,20.452000,0.081526,0.834801,0.798607,3.039860,-0.154437,0.415199,0.000000,0.000000,0,1
1789807046.344420,5,18.056377,20.329854,-3.044550,19.128000,20.452000,17.878000,20.452000,0.081526,0.834801,0.798607,3.039860,-0.154437,0.415199,0.000000,0.000000,0,1
1789807046.443782,5,18.056377,20.329854,-3.044550,19.128000,20.452000,17.878000,20.452000,0.081526,0.834801,0.798607,3.039860,-0.154437,0.415199,0.000000,0.000000,0,1
1789807046.543769,5,18.056377,20.329854,-3.044550,19.128000,20.452000,17.878000,20.452000,0.081526,0.834801,0.798607,3.039860,-0.154437,0.415199,0.000000,0.000000,0,1
1789807046.643803,5,18.056377,20.329854,-3.044550,19.128000,20.452000,17.878000,20.452000,0.081526,0.834801,0.798607,3.039860,-0.154437,0.415199,0.000000,0.000000,0,1
1789807046.743772,5,18.056377,20.329854,-3.044550,19.128000,20.452000,17.878000,20.452000,0.081526,0.834801,0.798607,3.039860,-0.154437,0.415199,0.000000,0.000000,0,1
1789807046.843756,5,18.056377,20.329854,-3.044550,19.128000,20.452000,17.878000,20.452000,0.081526,0.834801,0.798607,3.039860,-0.154437,0.415199,0.000000,0.000000,0,1
1789807046.943779,5,18.056377,20.329854,-3.044550,19.128000,20.452000,17.878000,20.452000,0.081526,0.834801,0.798607,3.039860,-0.154437,0.415199,0.000000,0.000000,0,1
1789807047.043790,5,18.056377,20.329854,-3.044550,19.128000,20.452000,17.878000,20.452000,0.081526,0.834801,0.798607,3.039860,-0.154437,0.415199,0.000000,0.000000,0,1
1789807047.144503,5,18.056377,20.329854,-3.044550,19.128000,20.452000,17.878000,20.452000,0.081526,0.834801,0.798607,3.039860,-0.154437,0.415199,0.000000,0.000000,0,1
1789807047.243832,5,18.056377,20.329854,-3.044550,19.128000,20.452000,17.878000,20.452000,0.081526,0.834801,0.798607,3.039860,-0.154437,0.415199,0.000000,0.000000,0,1
1789807047.343824,5,18.056377,20.329854,-3.044550,19.128000,20.452000,17.878000,20.452000,0.081526,0.834801,0.798607,3.039860,-0.154437,0.415199,0.000000,0.000000,0,1
1789807047.443888,5,18.056377,20.329854,-3.044550,19.128000,20.452000,17.878000,20.452000,0.081526,0.834801,0.798607,3.039860,-0.154437,0.415199,0.000000,0.000000,0,1
1789807047.543845,5,18.056377,20.329854,-3.044550,19.128000,20.452000,17.878000,20.452000,0.081526,0.834801,0.798607,3.039860,-0.154437,0.415199,0.000000,0.000000,0,1
1789807047.643816,5,18.056377,20.329854,-3.044550,19.128000,20.452000,17.878000,20.452000,0.081526,0.834801,0.798607,3.039860,-0.154437,0.415199,0.000000,0.000000,0,1
1789807047.743835,5,18.056377,20.329854,-3.044550,19.128000,20.452000,17.878000,20.452000,0.081526,0.834801,0.798607,3.039860,-0.154437,0.415199,0.000000,0.000000,0,1
1789807047.843853,5,18.056377,20.329854,-3.044550,19.128000,20.452000,17.878000,20.452000,0.081526,0.834801,0.798607,3.039860,-0.154437,0.415199,0.000000,0.000000,0,1
1789807047.943855,5,18.056377,20.329854,-3.044550,19.128000,20.452000,17.878000,20.452000,0.081526,0.834801,0.798607,3.039860,-0.154437,0.415199,0.000000,0.000000,0,1
1789807048.043885,5,18.056377,20.329854,-3.044550,19.128000,20.452000,17.878000,20.452000,0.081526,0.834801,0.798607,3.039860,-0.154437,0.415199,0.000000,0.000000,0,1
1789807048.143868,5,18.056377,20.329854,-3.044550,19.128000,20.452000,17.878000,20.452000,0.081526,0.834801,0.798607,3.039860,-0.154437,0.415199,0.000000,0.000000,0,1
1789807048.243949,5,18.056377,20.329854,-3.044550,19.128000,20.452000,17.878000,20.452000,0.081526,0.834801,0.798607,3.039860,-0.154437,0.415199,0.000000,0.000000,0,1
1789807048.343894,5,18.056377,20.329854,-3.044550,19.128000,20.452000,17.878000,20.452000,0.081526,0.834801,0.798607,3.039860,-0.154437,0.415199,0.000000,0.000000,0,1
1789807048.443937,5,18.056377,20.329854,-3.044550,19.128000,20.452000,17.878000,20.452000,0.081526,0.834801,0.798607,3.039860,-0.154437,0.415199,0.000000,0.000000,0,1
1789807048.543898,5,18.056377,20.329854,-3.044550,19.128000,20.452000,17.878000,20.452000,0.081526,0.834801,0.798607,3.039860,-0.154437,0.415199,0.000000,0.000000,0,1
1789807048.644024,5,18.056377,20.329854,-3.044550,19.128000,20.452000,17.878000,20.452000,0.081526,0.834801,0.798607,3.039860,-0.154437,0.415199,0.000000,0.000000,0,1
1789807048.743916,5,18.056377,20.329854,-3.044550,19.128000,20.452000,17.878000,20.452000,0.081526,0.834801,0.798607,3.039860,-0.154437,0.415199,0.000000,0.000000,0,1
1789807048.843928,5,18.056377,20.329854,-3.044550,19.128000,20.452000,17.878000,20.452000,0.081526,0.834801,0.798607,3.039860,-0.154437,0.415199,0.000000,0.000000,0,1
1789807048.943915,5,18.056377,20.329854,-3.044550,19.128000,20.452000,17.878000,20.452000,0.081526,0.834801,0.798607,3.039860,-0.154437,0.415199,0.000000,0.000000,0,1
1789807049.043995,5,18.056377,20.329854,-3.044550,19.128000,20.452000,17.878000,20.452000,0.081526,0.834801,0.798607,3.039860,-0.154437,0.415199,0.000000,0.000000,0,1
1789807049.143960,5,18.056377,20.329854,-3.044550,19.128000,20.452000,17.878000,20.452000,0.081526,0.834801,0.798607,3.039860,-0.154437,0.415199,0.000000,0.000000,0,1
1789807049.243932,5,18.056377,20.329854,-3.044550,19.128000,20.452000,17.878000,20.452000,0.081526,0.834801,0.798607,3.039860,-0.154437,0.415199,0.000000,0.000000,0,1
1789807049.343951,5,18.056377,20.329854,-3.044550,19.128000,20.452000,17.878000,20.452000,0.081526,0.834801,0.798607,3.039860,-0.154437,0.415199,0.000000,0.000000,0,1
1789807049.443977,5,18.056377,20.329854,-3.044550,19.128000,20.452000,17.878000,20.452000,0.081526,0.834801,0.798607,3.039860,-0.154437,0.415199,0.000000,0.000000,0,1
1789807049.544070,5,18.056377,20.329854,-3.044550,19.128000,20.452000,17.878000,20.452000,0.081526,0.834801,0.798607,3.039860,-0.154437,0.415199,0.000000,0.000000,0,1
1789807049.643999,5,18.056377,20.329854,-3.044550,19.128000,20.452000,17.878000,20.452000,0.081526,0.834801,0.798607,3.039860,-0.154437,0.415199,0.000000,0.000000,0,1
1789807049.743979,5,18.056377,20.329854,-3.044550,19.128000,20.452000,17.878000,20.452000,0.081526,0.834801,0.798607,3.039860,-0.154437,0.415199,0.000000,0.000000,0,1
1789807049.843995,5,18.056377,20.329854,-3.044550,19.128000,20.452000,17.878000,20.452000,0.081526,0.834801,0.798607,3.039860,-0.154437,0.415199,0.000000,0.000000,0,1
1789807049.943947,5,18.056377,20.329854,-3.044550,19.128000,20.452000,17.878000,20.452000,0.081526,0.834801,0.798607,3.039860,-0.154437,0.415199,0.000000,0.000000,0,1
1789807050.044085,5,18.056377,20.329854,-3.044550,19.128000,20.452000,17.878000,20.452000,0.081526,0.834801,0.798607,3.039860,-0.154437,0.415199,0.000000,0.000000,0,1
1789807050.148835,5,18.056377,20.329854,-3.044550,19.128000,20.452000,17.878000,20.452000,0.081526,0.834801,0.798607,3.039860,-0.154437,0.415199,0.000000,0.000000,0,1
1789807050.244082,5,18.056377,20.329854,-3.044550,19.128000,20.452000,17.878000,20.452000,0.081526,0.834801,0.798607,3.039860,-0.154437,0.415199,0.000000,0.000000,0,1
1789807050.344814,5,18.056377,20.329854,-3.044550,19.128000,20.452000,17.878000,20.452000,0.081526,0.834801,0.798607,3.039860,-0.154437,0.415199,0.000000,0.000000,0,1
1789807050.444052,5,18.056377,20.329854,-3.044550,19.128000,20.452000,17.878000,20.452000,0.081526,0.834801,0.798607,3.039860,-0.154437,0.415199,0.000000,0.000000,0,1
1789807050.544029,5,18.056377,20.329854,-3.044550,19.128000,20.452000,17.878000,20.452000,0.081526,0.834801,0.798607,3.039860,-0.154437,0.415199,0.000000,0.000000,0,1
1789807050.644088,5,18.056377,20.329854,-3.044550,19.128000,20.452000,17.878000,20.452000,0.081526,0.834801,0.798607,3.039860,-0.154437,0.415199,0.000000,0.000000,0,1
1789807050.744048,5,18.056377,20.329854,-3.044550,19.128000,20.452000,17.878000,20.452000,0.081526,0.834801,0.798607,3.039860,-0.154437,0.415199,0.000000,0.000000,0,1
1789807050.844079,5,18.056377,20.329854,-3.044550,19.128000,20.452000,17.878000,20.452000,0.081526,0.834801,0.798607,3.039860,-0.154437,0.415199,0.000000,0.000000,0,1
1789807050.944105,5,18.056377,20.329854,-3.044550,19.128000,20.452000,17.878000,20.452000,0.081526,0.834801,0.798607,3.039860,-0.154437,0.415199,0.000000,0.000000,0,1
1789807051.044055,5,18.056377,20.329854,-3.044550,19.128000,20.452000,17.878000,20.452000,0.081526,0.834801,0.798607,3.039860,-0.154437,0.415199,0.000000,0.000000,0,1
1789807051.144135,5,18.056377,20.329854,-3.044550,19.128000,20.452000,17.878000,20.452000,0.081526,0.834801,0.798607,3.039860,-0.154437,0.415199,0.000000,0.000000,0,1
1789807051.244113,5,18.056377,20.329854,-3.044550,19.128000,20.452000,17.878000,20.452000,0.081526,0.834801,0.798607,3.039860,-0.154437,0.415199,0.000000,0.000000,0,1
1789807051.344067,5,18.056377,20.329854,-3.044550,19.128000,20.452000,17.878000,20.452000,0.081526,0.834801,0.798607,3.039860,-0.154437,0.415199,0.000000,0.000000,0,1
1789807051.444080,5,18.056377,20.329854,-3.044550,19.128000,20.452000,17.878000,20.452000,0.081526,0.834801,0.798607,3.039860,-0.154437,0.415199,0.000000,0.000000,0,1
1789807051.544076,5,18.056377,20.329854,-3.044550,19.128000,20.452000,17.878000,20.452000,0.081526,0.834801,0.798607,3.039860,-0.154437,0.415199,0.000000,0.000000,0,1
1789807051.644077,5,18.056377,20.329854,-3.044550,19.128000,20.452000,17.878000,20.452000,0.081526,0.834801,0.798607,3.039860,-0.154437,0.415199,0.000000,0.000000,0,1
1789807051.744230,5,18.056377,20.329854,-3.044550,19.128000,20.452000,17.878000,20.452000,0.081526,0.834801,0.798607,3.039860,-0.154437,0.415199,0.000000,0.000000,0,1
1789807051.844184,5,18.056377,20.329854,-3.044550,19.128000,20.452000,17.878000,20.452000,0.081526,0.834801,0.798607,3.039860,-0.154437,0.415199,0.000000,0.000000,0,1
1789807051.944696,5,18.056377,20.329854,-3.044550,19.128000,20.452000,17.878000,20.452000,0.081526,0.834801,0.798607,3.039860,-0.154437,0.415199,0.000000,0.000000,0,1
1789807052.044140,5,18.056377,20.329854,-3.044550,19.128000,20.452000,17.878000,20.452000,0.081526,0.834801,0.798607,3.039860,-0.154437,0.415199,0.000000,0.000000,0,1
1789807052.144140,5,18.056377,20.329854,-3.044550,19.128000,20.452000,17.878000,20.452000,0.081526,0.834801,0.798607,3.039860,-0.154437,0.415199,0.000000,0.000000,0,1
1789807052.244276,5,18.056377,20.329854,-3.044550,19.128000,20.452000,17.878000,20.452000,0.081526,0.834801,0.798607,3.039860,-0.154437,0.415199,0.000000,0.000000,0,1
1789807052.344166,5,18.056377,20.329854,-3.044550,19.128000,20.452000,17.878000,20.452000,0.081526,0.834801,0.798607,3.039860,-0.154437,0.415199,0.000000,0.000000,0,1
1789807052.444163,5,18.056377,20.329854,-3.044550,19.128000,20.452000,17.878000,20.452000,0.081526,0.834801,0.798607,3.039860,-0.154437,0.415199,0.000000,0.000000,0,1
1789807052.544194,5,18.056377,20.329854,-3.044550,19.128000,20.452000,17.878000,20.452000,0.081526,0.834801,0.798607,3.039860,-0.154437,0.415199,0.000000,0.000000,0,1
1789807052.644180,5,18.056377,20.329854,-3.044550,19.128000,20.452000,17.878000,20.452000,0.081526,0.834801,0.798607,3.039860,-0.154437,0.415199,0.000000,0.000000,0,1
1789807052.744399,5,18.056377,20.329854,-3.044550,19.128000,20.452000,17.878000,20.452000,0.081526,0.834801,0.798607,3.039860,-0.154437,0.415199,0.000000,0.000000,0,1
1789807052.844292,5,18.056377,20.329854,-3.044550,19.128000,20.452000,17.878000,20.452000,0.081526,0.834801,0.798607,3.039860,-0.154437,0.415199,0.000000,0.000000,0,1
1789807052.944213,5,18.056377,20.329854,-3.044550,19.128000,20.452000,17.878000,20.452000,0.081526,0.834801,0.798607,3.039860,-0.154437,0.415199,0.000000,0.000000,0,1
1789807053.044191,5,18.056377,20.329854,-3.044550,19.128000,20.452000,17.878000,20.452000,0.081526,0.834801,0.798607,3.039860,-0.154437,0.415199,0.000000,0.000000,0,1
1789807053.144195,5,18.056377,20.329854,-3.044550,19.128000,20.452000,17.878000,20.452000,0.081526,0.834801,0.798607,3.039860,-0.154437,0.415199,0.000000,0.000000,0,1
1789807053.244425,5,18.056377,20.329854,-3.044550,19.128000,20.452000,17.878000,20.452000,0.081526,0.834801,0.798607,3.039860,-0.154437,0.415199,0.000000,0.000000,0,1
1789807053.344216,5,18.056377,20.329854,-3.044550,19.128000,20.452000,17.878000,20.452000,0.081526,0.834801,0.798607,3.039860,-0.154437,0.415199,0.000000,0.000000,0,1
1789807053.444271,5,18.056377,20.329854,-3.044550,19.128000,20.452000,17.878000,20.452000,0.081526,0.834801,0.798607,3.039860,-0.154437,0.415199,0.000000,0.000000,0,1
1789807053.544264,5,18.056377,20.329854,-3.044550,19.128000,20.452000,17.878000,20.452000,0.081526,0.834801,0.798607,3.039860,-0.154437,0.415199,0.000000,0.000000,0,1
1789807053.644242,5,18.056377,20.329854,-3.044550,19.128000,20.452000,17.878000,20.452000,0.081526,0.834801,0.798607,3.039860,-0.154437,0.415199,0.000000,0.000000,0,1
1789807053.744250,5,18.056377,20.329854,-3.044550,19.128000,20.452000,17.878000,20.452000,0.081526,0.834801,0.798607,3.039860,-0.154437,0.415199,0.000000,0.000000,0,1
1789807053.844674,5,18.056377,20.329854,-3.044550,19.128000,20.452000,17.878000,20.452000,0.081526,0.834801,0.798607,3.039860,-0.154437,0.415199,0.000000,0.000000,0,1
1789807053.944265,5,18.056377,20.329854,-3.044550,19.128000,20.452000,17.878000,20.452000,0.081526,0.834801,0.798607,3.039860,-0.154437,0.415199,0.000000,0.000000,0,1
1789807054.044270,5,18.056377,20.329854,-3.044550,19.128000,20.452000,17.878000,20.452000,0.081526,0.834801,0.798607,3.039860,-0.154437,0.415199,0.000000,0.000000,0,1
1789807054.144326,5,18.056377,20.329854,-3.044550,19.128000,20.452000,17.878000,20.452000,0.081526,0.834801,0.798607,3.039860,-0.154437,0.415199,0.000000,0.000000,0,1
1789807054.244315,5,18.056377,20.329854,-3.044550,19.128000,20.452000,17.878000,20.452000,0.081526,0.834801,0.798607,3.039860,-0.154437,0.415199,0.000000,0.000000,0,1
1789807054.344540,5,18.056377,20.329854,-3.044550,19.128000,20.452000,17.878000,20.452000,0.081526,0.834801,0.798607,3.039860,-0.154437,0.415199,0.000000,0.000000,0,1
1789807054.444310,5,18.056377,20.329854,-3.044550,19.128000,20.452000,17.878000,20.452000,0.081526,0.834801,0.798607,3.039860,-0.154437,0.415199,0.000000,0.000000,0,1
1789807054.544321,5,18.056377,20.329854,-3.044550,19.128000,20.452000,17.878000,20.452000,0.081526,0.834801,0.798607,3.039860,-0.154437,0.415199,0.000000,0.000000,0,1
1789807054.644313,5,18.056377,20.329854,-3.044550,19.128000,20.452000,17.878000,20.452000,0.081526,0.834801,0.798607,3.039860,-0.154437,0.415199,0.000000,0.000000,0,1
1789807054.744337,5,18.056377,20.329854,-3.044550,19.128000,20.452000,17.878000,20.452000,0.081526,0.834801,0.798607,3.039860,-0.154437,0.415199,0.000000,0.000000,0,1
1789807054.844328,5,18.056377,20.329854,-3.044550,19.128000,20.452000,17.878000,20.452000,0.081526,0.834801,0.798607,3.039860,-0.154437,0.415199,0.000000,0.000000,0,1
1789807054.944345,5,18.056377,20.329854,-3.044550,19.128000,20.452000,17.878000,20.452000,0.081526,0.834801,0.798607,3.039860,-0.154437,0.415199,0.000000,0.000000,0,1
1789807055.044363,5,18.056377,20.329854,-3.044550,19.128000,20.452000,17.878000,20.452000,0.081526,0.834801,0.798607,3.039860,-0.154437,0.415199,0.000000,0.000000,0,1
1789807055.144326,5,18.056377,20.329854,-3.044550,19.128000,20.452000,17.878000,20.452000,0.081526,0.834801,0.798607,3.039860,-0.154437,0.415199,0.000000,0.000000,0,1
1789807055.244360,5,18.056377,20.329854,-3.044550,19.128000,20.452000,17.878000,20.452000,0.081526,0.834801,0.798607,3.039860,-0.154437,0.415199,0.000000,0.000000,0,1
1789807055.344324,5,18.056377,20.329854,-3.044550,19.128000,20.452000,17.878000,20.452000,0.081526,0.834801,0.798607,3.039860,-0.154437,0.415199,0.000000,0.000000,0,1
1789807055.444359,5,18.056377,20.329854,-3.044550,19.128000,20.452000,17.878000,20.452000,0.081526,0.834801,0.798607,3.039860,-0.154437,0.415199,0.000000,0.000000,0,1
1789807055.544377,5,18.056377,20.329854,-3.044550,19.128000,20.452000,17.878000,20.452000,0.081526,0.834801,0.798607,3.039860,-0.154437,0.415199,0.000000,0.000000,0,1
1789807055.644383,5,18.056377,20.329854,-3.044550,19.128000,20.452000,17.878000,20.452000,0.081526,0.834801,0.798607,3.039860,-0.154437,0.415199,0.000000,0.000000,0,1
1789807055.745967,5,18.056377,20.329854,-3.044550,19.128000,20.452000,17.878000,20.452000,0.081526,0.834801,0.798607,3.039860,-0.154437,0.415199,0.000000,0.000000,0,1
1789807055.844417,5,18.056377,20.329854,-3.044550,19.128000,20.452000,17.878000,20.452000,0.081526,0.834801,0.798607,3.039860,-0.154437,0.415199,0.000000,0.000000,0,1
1789807055.944442,5,18.056377,20.329854,-3.044550,19.128000,20.452000,17.878000,20.452000,0.081526,0.834801,0.798607,3.039860,-0.154437,0.415199,0.000000,0.000000,0,1
1789807056.044401,5,18.056377,20.329854,-3.044550,19.128000,20.452000,17.878000,20.452000,0.081526,0.834801,0.798607,3.039860,-0.154437,0.415199,0.000000,0.000000,0,1
1789807056.144419,5,18.056377,20.329854,-3.044550,19.128000,20.452000,17.878000,20.452000,0.081526,0.834801,0.798607,3.039860,-0.154437,0.415199,0.000000,0.000000,0,1
1789807056.244419,5,18.056377,20.329854,-3.044550,19.128000,20.452000,17.878000,20.452000,0.081526,0.834801,0.798607,3.039860,-0.154437,0.415199,0.000000,0.000000,0,1
1789807056.344517,5,18.056377,20.329854,-3.044550,19.128000,20.452000,17.878000,20.452000,0.081526,0.834801,0.798607,3.039860,-0.154437,0.415199,0.000000,0.000000,0,1
1789807056.444425,5,18.056377,20.329854,-3.044550,19.128000,20.452000,17.878000,20.452000,0.081526,0.834801,0.798607,3.039860,-0.154437,0.415199,0.000000,0.000000,0,1
1789807056.544428,5,18.056377,20.329854,-3.044550,19.128000,20.452000,17.878000,20.452000,0.081526,0.834801,0.798607,3.039860,-0.154437,0.415199,0.000000,0.000000,0,1
1789807056.644540,5,18.056377,20.329854,-3.044550,19.128000,20.452000,17.878000,20.452000,0.081526,0.834801,0.798607,3.039860,-0.154437,0.415199,0.000000,0.000000,0,1
1789807056.744492,5,18.056377,20.329854,-3.044550,19.128000,20.452000,17.878000,20.452000,0.081526,0.834801,0.798607,3.039860,-0.154437,0.415199,0.000000,0.000000,0,1
1789807056.844476,5,18.056377,20.329854,-3.044550,19.128000,20.452000,17.878000,20.452000,0.081526,0.834801,0.798607,3.039860,-0.154437,0.415199,0.000000,0.000000,0,1
1789807056.944455,5,18.056377,20.329854,-3.044550,19.128000,20.452000,17.878000,20.452000,0.081526,0.834801,0.798607,3.039860,-0.154437,0.415199,0.000000,0.000000,0,1
1789807057.044476,5,18.056377,20.329854,-3.044550,19.128000,20.452000,17.878000,20.452000,0.081526,0.834801,0.798607,3.039860,-0.154437,0.415199,0.000000,0.000000,0,1
1789807057.144477,5,18.056377,20.329854,-3.044550,19.128000,20.452000,17.878000,20.452000,0.081526,0.834801,0.798607,3.039860,-0.154437,0.415199,0.000000,0.000000,0,1
1789807057.244513,5,18.056377,20.329854,-3.044550,19.128000,20.452000,17.878000,20.452000,0.081526,0.834801,0.798607,3.039860,-0.154437,0.415199,0.000000,0.000000,0,1
1789807057.344536,5,18.056377,20.329854,-3.044550,19.128000,20.452000,17.878000,20.452000,0.081526,0.834801,0.798607,3.039860,-0.154437,0.415199,0.000000,0.000000,0,1
1789807057.444741,5,18.056377,20.329854,-3.044550,19.128000,20.452000,17.878000,20.452000,0.081526,0.834801,0.798607,3.039860,-0.154437,0.415199,0.000000,0.000000,0,1
1789807057.544519,5,18.056377,20.329854,-3.044550,19.128000,20.452000,17.878000,20.452000,0.081526,0.834801,0.798607,3.039860,-0.154437,0.415199,0.000000,0.000000,0,1
1789807057.644609,5,18.056377,20.329854,-3.044550,19.128000,20.452000,17.878000,20.452000,0.081526,0.834801,0.798607,3.039860,-0.154437,0.415199,0.000000,0.000000,0,1
1789807057.744576,5,18.056377,20.329854,-3.044550,19.128000,20.452000,17.878000,20.452000,0.081526,0.834801,0.798607,3.039860,-0.154437,0.415199,0.000000,0.000000,0,1
1789807057.845150,5,18.056377,20.329854,-3.044550,19.128000,20.452000,17.878000,20.452000,0.081526,0.834801,0.798607,3.039860,-0.154437,0.415199,0.000000,0.000000,0,1
1789807057.944799,5,18.056377,20.329854,-3.044550,19.128000,20.452000,17.878000,20.452000,0.081526,0.834801,0.798607,3.039860,-0.154437,0.415199,0.000000,0.000000,0,1
1789807058.044604,5,18.056377,20.329854,-3.044550,19.128000,20.452000,17.878000,20.452000,0.081526,0.834801,0.798607,3.039860,-0.154437,0.415199,0.000000,0.000000,0,1
1789807058.144549,5,18.056377,20.329854,-3.044550,19.128000,20.452000,17.878000,20.452000,0.081526,0.834801,0.798607,3.039860,-0.154437,0.415199,0.000000,0.000000,0,1
1789807058.244816,5,18.056377,20.329854,-3.044550,19.128000,20.452000,17.878000,20.452000,0.081526,0.834801,0.798607,3.039860,-0.154437,0.415199,0.000000,0.000000,0,1
1789807058.348463,5,18.056377,20.329854,-3.044550,19.128000,20.452000,17.878000,20.452000,0.081526,0.834801,0.798607,3.039860,-0.154437,0.415199,0.000000,0.000000,0,1
1789807058.444750,5,18.056377,20.329854,-3.044550,19.128000,20.452000,17.878000,20.452000,0.081526,0.834801,0.798607,3.039860,-0.154437,0.415199,0.000000,0.000000,0,1
1789807058.544590,5,18.056377,20.329854,-3.044550,19.128000,20.452000,17.878000,20.452000,0.081526,0.834801,0.798607,3.039860,-0.154437,0.415199,0.000000,0.000000,0,1
1789807058.644701,5,18.056377,20.329854,-3.044550,19.128000,20.452000,17.878000,20.452000,0.081526,0.834801,0.798607,3.039860,-0.154437,0.415199,0.000000,0.000000,0,1
1789807058.744591,5,18.056377,20.329854,-3.044550,19.128000,20.452000,17.878000,20.452000,0.081526,0.834801,0.798607,3.039860,-0.154437,0.415199,0.000000,0.000000,0,1
1789807058.844601,5,18.056377,20.329854,-3.044550,19.128000,20.452000,17.878000,20.452000,0.081526,0.834801,0.798607,3.039860,-0.154437,0.415199,0.000000,0.000000,0,1
1789807058.944598,5,18.056377,20.329854,-3.044550,19.128000,20.452000,17.878000,20.452000,0.081526,0.834801,0.798607,3.039860,-0.154437,0.415199,0.000000,0.000000,0,1
1789807059.044621,5,18.056377,20.329854,-3.044550,19.128000,20.452000,17.878000,20.452000,0.081526,0.834801,0.798607,3.039860,-0.154437,0.415199,0.000000,0.000000,0,1
1789807059.144638,5,18.056377,20.329854,-3.044550,19.128000,20.452000,17.878000,20.452000,0.081526,0.834801,0.798607,3.039860,-0.154437,0.415199,0.000000,0.000000,0,1
1789807059.245538,5,18.056377,20.329854,-3.044550,19.128000,20.452000,17.878000,20.452000,0.081526,0.834801,0.798607,3.039860,-0.154437,0.415199,0.000000,0.000000,0,1
1789807059.344642,5,18.056377,20.329854,-3.044550,19.128000,20.452000,17.878000,20.452000,0.081526,0.834801,0.798607,3.039860,-0.154437,0.415199,0.000000,0.000000,0,1
1789807059.444844,5,18.056377,20.329854,-3.044550,19.128000,20.452000,17.878000,20.452000,0.081526,0.834801,0.798607,3.039860,-0.154437,0.415199,0.000000,0.000000,0,1
1789807059.544639,5,18.056377,20.329854,-3.044550,19.128000,20.452000,17.878000,20.452000,0.081526,0.834801,0.798607,3.039860,-0.154437,0.415199,0.000000,0.000000,0,1
1789807059.644640,5,18.056377,20.329854,-3.044550,19.128000,20.452000,17.878000,20.452000,0.081526,0.834801,0.798607,3.039860,-0.154437,0.415199,0.000000,0.000000,0,1
1789807059.744664,5,18.056377,20.329854,-3.044550,19.128000,20.452000,17.878000,20.452000,0.081526,0.834801,0.798607,3.039860,-0.154437,0.415199,0.000000,0.000000,0,1
1789807059.844726,5,18.056377,20.329854,-3.044550,19.128000,20.452000,17.878000,20.452000,0.081526,0.834801,0.798607,3.039860,-0.154437,0.415199,0.000000,0.000000,0,1
1789807059.944664,5,18.056377,20.329854,-3.044550,19.128000,20.452000,17.878000,20.452000,0.081526,0.834801,0.798607,3.039860,-0.154437,0.415199,0.000000,0.000000,0,1
1789807060.044760,5,18.056377,20.329854,-3.044550,19.128000,20.452000,17.878000,20.452000,0.081526,0.834801,0.798607,3.039860,-0.154437,0.415199,0.000000,0.000000,0,1
1789807060.146362,5,18.056377,20.329854,-3.044550,19.128000,20.452000,17.878000,20.452000,0.081526,0.834801,0.798607,3.039860,-0.154437,0.415199,0.000000,0.000000,0,1
1789807060.244710,5,18.056377,20.329854,-3.044550,19.128000,20.452000,17.878000,20.452000,0.081526,0.834801,0.798607,3.039860,-0.154437,0.415199,0.000000,0.000000,0,1
1789807060.344796,5,18.056377,20.329854,-3.044550,19.128000,20.452000,17.878000,20.452000,0.081526,0.834801,0.798607,3.039860,-0.154437,0.415199,0.000000,0.000000,0,1
1789807060.444722,5,18.056377,20.329854,-3.044550,19.128000,20.452000,17.878000,20.452000,0.081526,0.834801,0.798607,3.039860,-0.154437,0.415199,0.000000,0.000000,0,1
1789807060.544731,5,18.056377,20.329854,-3.044550,19.128000,20.452000,17.878000,20.452000,0.081526,0.834801,0.798607,3.039860,-0.154437,0.415199,0.000000,0.000000,0,1
1789807060.644716,5,18.056377,20.329854,-3.044550,19.128000,20.452000,17.878000,20.452000,0.081526,0.834801,0.798607,3.039860,-0.154437,0.415199,0.000000,0.000000,0,1
1789807060.745284,5,18.056377,20.329854,-3.044550,19.128000,20.452000,17.878000,20.452000,0.081526,0.834801,0.798607,3.039860,-0.154437,0.415199,0.000000,0.000000,0,1
1789807060.844850,5,18.056377,20.329854,-3.044550,19.128000,20.452000,17.878000,20.452000,0.081526,0.834801,0.798607,3.039860,-0.154437,0.415199,0.000000,0.000000,0,1
1789807060.944744,5,18.056377,20.329854,-3.044550,19.128000,20.452000,17.878000,20.452000,0.081526,0.834801,0.798607,3.039860,-0.154437,0.415199,0.000000,0.000000,0,1
1789807061.044761,5,18.056377,20.329854,-3.044550,19.128000,20.452000,17.878000,20.452000,0.081526,0.834801,0.798607,3.039860,-0.154437,0.415199,0.000000,0.000000,0,1
1789807061.144837,5,18.056377,20.329854,-3.044550,19.128000,20.452000,17.878000,20.452000,0.081526,0.834801,0.798607,3.039860,-0.154437,0.415199,0.000000,0.000000,0,1
1789807061.244789,5,18.056377,20.329854,-3.044550,19.128000,20.452000,17.878000,20.452000,0.081526,0.834801,0.798607,3.039860,-0.154437,0.415199,0.000000,0.000000,0,1
1789807061.344797,5,18.056377,20.329854,-3.044550,19.128000,20.452000,17.878000,20.452000,0.081526,0.834801,0.798607,3.039860,-0.154437,0.415199,0.000000,0.000000,0,1
1789807061.444788,5,18.056377,20.329854,-3.044550,19.128000,20.452000,17.878000,20.452000,0.081526,0.834801,0.798607,3.039860,-0.154437,0.415199,0.000000,0.000000,0,1
1789807061.544943,5,18.056377,20.329854,-3.044550,19.128000,20.452000,17.878000,20.452000,0.081526,0.834801,0.798607,3.039860,-0.154437,0.415199,0.000000,0.000000,0,1
1789807061.644826,5,18.056377,20.329854,-3.044550,19.128000,20.452000,17.878000,20.452000,0.081526,0.834801,0.798607,3.039860,-0.154437,0.415199,0.000000,0.000000,0,1
1789807061.745633,5,18.056377,20.329854,-3.044550,19.128000,20.452000,17.878000,20.452000,0.081526,0.834801,0.798607,3.039860,-0.154437,0.415199,0.000000,0.000000,0,1
1789807061.844891,5,18.056377,20.329854,-3.044550,19.128000,20.452000,17.878000,20.452000,0.081526,0.834801,0.798607,3.039860,-0.154437,0.415199,0.000000,0.000000,0,1
1789807061.944857,5,18.056377,20.329854,-3.044550,19.128000,20.452000,17.878000,20.452000,0.081526,0.834801,0.798607,3.039860,-0.154437,0.415199,0.000000,0.000000,0,1
1789807062.044817,5,18.056377,20.329854,-3.044550,19.128000,20.452000,17.878000,20.452000,0.081526,0.834801,0.798607,3.039860,-0.154437,0.415199,0.000000,0.000000,0,1
1789807062.144835,5,18.056377,20.329854,-3.044550,19.128000,20.452000,17.878000,20.452000,0.081526,0.834801,0.798607,3.039860,-0.154437,0.415199,0.000000,0.000000,0,1
1789807062.244888,5,18.056377,20.329854,-3.044550,19.128000,20.452000,17.878000,20.452000,0.081526,0.834801,0.798607,3.039860,-0.154437,0.415199,0.000000,0.000000,0,1
1789807062.344887,5,18.056377,20.329854,-3.044550,19.128000,20.452000,17.878000,20.452000,0.081526,0.834801,0.798607,3.039860,-0.154437,0.415199,0.000000,0.000000,0,1
1789807062.444858,5,18.056377,20.329854,-3.044550,19.128000,20.452000,17.878000,20.452000,0.081526,0.834801,0.798607,3.039860,-0.154437,0.415199,0.000000,0.000000,0,1
1789807062.544883,5,18.056377,20.329854,-3.044550,19.128000,20.452000,17.878000,20.452000,0.081526,0.834801,0.798607,3.039860,-0.154437,0.415199,0.000000,0.000000,0,1
1789807062.644864,5,18.056377,20.329854,-3.044550,19.128000,20.452000,17.878000,20.452000,0.081526,0.834801,0.798607,3.039860,-0.154437,0.415199,0.000000,0.000000,0,1
1789807062.744888,5,18.056377,20.329854,-3.044550,19.128000,20.452000,17.878000,20.452000,0.081526,0.834801,0.798607,3.039860,-0.154437,0.415199,0.000000,0.000000,0,1
1789807062.844883,5,18.056377,20.329854,-3.044550,19.128000,20.452000,17.878000,20.452000,0.081526,0.834801,0.798607,3.039860,-0.154437,0.415199,0.000000,0.000000,0,1
1789807062.944917,5,18.056377,20.329854,-3.044550,19.128000,20.452000,17.878000,20.452000,0.081526,0.834801,0.798607,3.039860,-0.154437,0.415199,0.000000,0.000000,0,1
1789807063.044931,5,18.056377,20.329854,-3.044550,19.128000,20.452000,17.878000,20.452000,0.081526,0.834801,0.798607,3.039860,-0.154437,0.415199,0.000000,0.000000,0,1
1789807063.144913,5,18.056377,20.329854,-3.044550,19.128000,20.452000,17.878000,20.452000,0.081526,0.834801,0.798607,3.039860,-0.154437,0.415199,0.000000,0.000000,0,1
1789807063.244926,5,18.056377,20.329854,-3.044550,19.128000,20.452000,17.878000,20.452000,0.081526,0.834801,0.798607,3.039860,-0.154437,0.415199,0.000000,0.000000,0,1
1789807063.344945,5,18.056377,20.329854,-3.044550,19.128000,20.452000,17.878000,20.452000,0.081526,0.834801,0.798607,3.039860,-0.154437,0.415199,0.000000,0.000000,0,1
1789807063.444913,5,18.056377,20.329854,-3.044550,19.128000,20.452000,17.878000,20.452000,0.081526,0.834801,0.798607,3.039860,-0.154437,0.415199,0.000000,0.000000,0,1
1789807063.544925,5,18.056377,20.329854,-3.044550,19.128000,20.452000,17.878000,20.452000,0.081526,0.834801,0.798607,3.039860,-0.154437,0.415199,0.000000,0.000000,0,1
1789807063.644964,5,18.056377,20.329854,-3.044550,19.128000,20.452000,17.878000,20.452000,0.081526,0.834801,0.798607,3.039860,-0.154437,0.415199,0.000000,0.000000,0,1
1789807063.744926,5,18.056377,20.329854,-3.044550,19.128000,20.452000,17.878000,20.452000,0.081526,0.834801,0.798607,3.039860,-0.154437,0.415199,0.000000,0.000000,0,1
1789807063.844956,5,18.056377,20.329854,-3.044550,19.128000,20.452000,17.878000,20.452000,0.081526,0.834801,0.798607,3.039860,-0.154437,0.415199,0.000000,0.000000,0,1
1789807063.944971,5,18.056377,20.329854,-3.044550,19.128000,20.452000,17.878000,20.452000,0.081526,0.834801,0.798607,3.039860,-0.154437,0.415199,0.000000,0.000000,0,1
1789807064.044984,5,18.056377,20.329854,-3.044550,19.128000,20.452000,17.878000,20.452000,0.081526,0.834801,0.798607,3.039860,-0.154437,0.415199,0.000000,0.000000,0,1
1789807064.146337,5,18.056377,20.329854,-3.044550,19.128000,20.452000,17.878000,20.452000,0.081526,0.834801,0.798607,3.039860,-0.154437,0.415199,0.000000,0.000000,0,1
1789807064.244982,5,18.056377,20.329854,-3.044550,19.128000,20.452000,17.878000,20.452000,0.081526,0.834801,0.798607,3.039860,-0.154437,0.415199,0.000000,0.000000,0,1
1789807064.344994,5,18.056377,20.329854,-3.044550,19.128000,20.452000,17.878000,20.452000,0.081526,0.834801,0.798607,3.039860,-0.154437,0.415199,0.000000,0.000000,0,1
1789807064.445279,5,18.056377,20.329854,-3.044550,19.128000,20.452000,17.878000,20.452000,0.081526,0.834801,0.798607,3.039860,-0.154437,0.415199,0.000000,0.000000,0,1
1789807064.545015,5,18.056377,20.329854,-3.044550,19.128000,20.452000,17.878000,20.452000,0.081526,0.834801,0.798607,3.039860,-0.154437,0.415199,0.000000,0.000000,0,1
1789807064.645205,5,18.056377,20.329854,-3.044550,19.128000,20.452000,17.878000,20.452000,0.081526,0.834801,0.798607,3.039860,-0.154437,0.415199,0.000000,0.000000,0,1
1789807064.745154,5,18.056377,20.329854,-3.044550,19.128000,20.452000,17.878000,20.452000,0.081526,0.834801,0.798607,3.039860,-0.154437,0.415199,0.000000,0.000000,0,1
1789807064.845099,5,18.056377,20.329854,-3.044550,19.128000,20.452000,17.878000,20.452000,0.081526,0.834801,0.798607,3.039860,-0.154437,0.415199,0.000000,0.000000,0,1
1789807064.945018,5,18.056377,20.329854,-3.044550,19.128000,20.452000,17.878000,20.452000,0.081526,0.834801,0.798607,3.039860,-0.154437,0.415199,0.000000,0.000000,0,1
1789807065.045018,5,18.056377,20.329854,-3.044550,19.128000,20.452000,17.878000,20.452000,0.081526,0.834801,0.798607,3.039860,-0.154437,0.415199,0.000000,0.000000,0,1
1789807065.145068,5,18.056377,20.329854,-3.044550,19.128000,20.452000,17.878000,20.452000,0.081526,0.834801,0.798607,3.039860,-0.154437,0.415199,0.000000,0.000000,0,1
1789807065.245137,5,18.056377,20.329854,-3.044550,19.128000,20.452000,17.878000,20.452000,0.081526,0.834801,0.798607,3.039860,-0.154437,0.415199,0.000000,0.000000,0,1
1789807065.345353,5,18.056377,20.329854,-3.044550,19.128000,20.452000,17.878000,20.452000,0.081526,0.834801,0.798607,3.039860,-0.154437,0.415199,0.000000,0.000000,0,1
1789807065.445060,5,18.056377,20.329854,-3.044550,19.128000,20.452000,17.878000,20.452000,0.081526,0.834801,0.798607,3.039860,-0.154437,0.415199,0.000000,0.000000,0,1
1789807065.545079,5,18.056377,20.329854,-3.044550,19.128000,20.452000,17.878000,20.452000,0.081526,0.834801,0.798607,3.039860,-0.154437,0.415199,0.000000,0.000000,0,1
1789807065.645064,5,18.056377,20.329854,-3.044550,19.128000,20.452000,17.878000,20.452000,0.081526,0.834801,0.798607,3.039860,-0.154437,0.415199,0.000000,0.000000,0,1
1789807065.745152,5,18.056377,20.329854,-3.044550,19.128000,20.452000,17.878000,20.452000,0.081526,0.834801,0.798607,3.039860,-0.154437,0.415199,0.000000,0.000000,0,1
1789807065.845086,5,18.056377,20.329854,-3.044550,19.128000,20.452000,17.878000,20.452000,0.081526,0.834801,0.798607,3.039860,-0.154437,0.415199,0.000000,0.000000,0,1
1789807065.945126,5,18.056377,20.329854,-3.044550,19.128000,20.452000,17.878000,20.452000,0.081526,0.834801,0.798607,3.039860,-0.154437,0.415199,0.000000,0.000000,0,1
1789807066.045094,5,18.056377,20.329854,-3.044550,19.128000,20.452000,17.878000,20.452000,0.081526,0.834801,0.798607,3.039860,-0.154437,0.415199,0.000000,0.000000,0,1
1789807066.145104,5,18.056377,20.329854,-3.044550,19.128000,20.452000,17.878000,20.452000,0.081526,0.834801,0.798607,3.039860,-0.154437,0.415199,0.000000,0.000000,0,1
1789807066.245110,5,18.056377,20.329854,-3.044550,19.128000,20.452000,17.878000,20.452000,0.081526,0.834801,0.798607,3.039860,-0.154437,0.415199,0.000000,0.000000,0,1
1789807066.345130,5,18.056377,20.329854,-3.044550,19.128000,20.452000,17.878000,20.452000,0.081526,0.834801,0.798607,3.039860,-0.154437,0.415199,0.000000,0.000000,0,1
1789807066.445164,5,18.056377,20.329854,-3.044550,19.128000,20.452000,17.878000,20.452000,0.081526,0.834801,0.798607,3.039860,-0.154437,0.415199,0.000000,0.000000,0,1
1789807066.545148,5,18.056377,20.329854,-3.044550,19.128000,20.452000,17.878000,20.452000,0.081526,0.834801,0.798607,3.039860,-0.154437,0.415199,0.000000,0.000000,0,1
1789807066.645747,5,18.056377,20.329854,-3.044550,19.128000,20.452000,17.878000,20.452000,0.081526,0.834801,0.798607,3.039860,-0.154437,0.415199,0.000000,0.000000,0,1
1789807066.745173,5,18.056377,20.329854,-3.044550,19.128000,20.452000,17.878000,20.452000,0.081526,0.834801,0.798607,3.039860,-0.154437,0.415199,0.000000,0.000000,0,1
1789807066.845175,5,18.056377,20.329854,-3.044550,19.128000,20.452000,17.878000,20.452000,0.081526,0.834801,0.798607,3.039860,-0.154437,0.415199,0.000000,0.000000,0,1
1789807066.945193,5,18.056377,20.329854,-3.044550,19.128000,20.452000,17.878000,20.452000,0.081526,0.834801,0.798607,3.039860,-0.154437,0.415199,0.000000,0.000000,0,1
1789807067.045202,5,18.056377,20.329854,-3.044550,19.128000,20.452000,17.878000,20.452000,0.081526,0.834801,0.798607,3.039860,-0.154437,0.415199,0.000000,0.000000,0,1
1789807067.145200,5,18.056377,20.329854,-3.044550,19.128000,20.452000,17.878000,20.452000,0.081526,0.834801,0.798607,3.039860,-0.154437,0.415199,0.000000,0.000000,0,1
1789807067.245231,5,18.056377,20.329854,-3.044550,19.128000,20.452000,17.878000,20.452000,0.081526,0.834801,0.798607,3.039860,-0.154437,0.415199,0.000000,0.000000,0,1
1789807067.345222,5,18.056377,20.329854,-3.044550,19.128000,20.452000,17.878000,20.452000,0.081526,0.834801,0.798607,3.039860,-0.154437,0.415199,0.000000,0.000000,0,1
1789807067.445203,5,18.056377,20.329854,-3.044550,19.128000,20.452000,17.878000,20.452000,0.081526,0.834801,0.798607,3.039860,-0.154437,0.415199,0.000000,0.000000,0,1
1789807067.545244,5,18.056377,20.329854,-3.044550,19.128000,20.452000,17.878000,20.452000,0.081526,0.834801,0.798607,3.039860,-0.154437,0.415199,0.000000,0.000000,0,1
1789807067.645235,5,18.056377,20.329854,-3.044550,19.128000,20.452000,17.878000,20.452000,0.081526,0.834801,0.798607,3.039860,-0.154437,0.415199,0.000000,0.000000,0,1
1789807067.745212,5,18.056377,20.329854,-3.044550,19.128000,20.452000,17.878000,20.452000,0.081526,0.834801,0.798607,3.039860,-0.154437,0.415199,0.000000,0.000000,0,1
1789807067.845269,5,18.056377,20.329854,-3.044550,19.128000,20.452000,17.878000,20.452000,0.081526,0.834801,0.798607,3.039860,-0.154437,0.415199,0.000000,0.000000,0,1
1789807067.945267,5,18.056377,20.329854,-3.044550,19.128000,20.452000,17.878000,20.452000,0.081526,0.834801,0.798607,3.039860,-0.154437,0.415199,0.000000,0.000000,0,1
1789807068.046090,5,18.056377,20.329854,-3.044550,19.128000,20.452000,17.878000,20.452000,0.081526,0.834801,0.798607,3.039860,-0.154437,0.415199,0.000000,0.000000,0,1
1789807068.145272,5,18.056377,20.329854,-3.044550,19.128000,20.452000,17.878000,20.452000,0.081526,0.834801,0.798607,3.039860,-0.154437,0.415199,0.000000,0.000000,0,1
1789807068.245315,5,18.056377,20.329854,-3.044550,19.128000,20.452000,17.878000,20.452000,0.081526,0.834801,0.798607,3.039860,-0.154437,0.415199,0.000000,0.000000,0,1
1789807068.345249,5,18.056377,20.329854,-3.044550,19.128000,20.452000,17.878000,20.452000,0.081526,0.834801,0.798607,3.039860,-0.154437,0.415199,0.000000,0.000000,0,1
1789807068.445266,5,18.056377,20.329854,-3.044550,19.128000,20.452000,17.878000,20.452000,0.081526,0.834801,0.798607,3.039860,-0.154437,0.415199,0.000000,0.000000,0,1
1789807068.545263,5,18.056377,20.329854,-3.044550,19.128000,20.452000,17.878000,20.452000,0.081526,0.834801,0.798607,3.039860,-0.154437,0.415199,0.000000,0.000000,0,1
1789807068.645288,5,18.056377,20.329854,-3.044550,19.128000,20.452000,17.878000,20.452000,0.081526,0.834801,0.798607,3.039860,-0.154437,0.415199,0.000000,0.000000,0,1
1789807068.745309,5,18.056377,20.329854,-3.044550,19.128000,20.452000,17.878000,20.452000,0.081526,0.834801,0.798607,3.039860,-0.154437,0.415199,0.000000,0.000000,0,1
1789807068.845294,5,18.056377,20.329854,-3.044550,19.128000,20.452000,17.878000,20.452000,0.081526,0.834801,0.798607,3.039860,-0.154437,0.415199,0.000000,0.000000,0,1
1789807068.945343,5,18.056377,20.329854,-3.044550,19.128000,20.452000,17.878000,20.452000,0.081526,0.834801,0.798607,3.039860,-0.154437,0.415199,0.000000,0.000000,0,1
1789807069.045396,5,18.056377,20.329854,-3.044550,19.128000,20.452000,17.878000,20.452000,0.081526,0.834801,0.798607,3.039860,-0.154437,0.415199,0.000000,0.000000,0,1
1789807069.145427,5,18.056377,20.329854,-3.044550,19.128000,20.452000,17.878000,20.452000,0.081526,0.834801,0.798607,3.039860,-0.154437,0.415199,0.000000,0.000000,0,1
1789807069.245311,5,18.056377,20.329854,-3.044550,19.128000,20.452000,17.878000,20.452000,0.081526,0.834801,0.798607,3.039860,-0.154437,0.415199,0.000000,0.000000,0,1
1789807069.345444,5,18.056377,20.329854,-3.044550,19.128000,20.452000,17.878000,20.452000,0.081526,0.834801,0.798607,3.039860,-0.154437,0.415199,0.000000,0.000000,0,1
1789807069.445323,5,18.056377,20.329854,-3.044550,19.128000,20.452000,17.878000,20.452000,0.081526,0.834801,0.798607,3.039860,-0.154437,0.415199,0.000000,0.000000,0,1
1789807069.545604,5,18.056377,20.329854,-3.044550,19.128000,20.452000,17.878000,20.452000,0.081526,0.834801,0.798607,3.039860,-0.154437,0.415199,0.000000,0.000000,0,1
1789807069.645455,5,18.056377,20.329854,-3.044550,19.128000,20.452000,17.878000,20.452000,0.081526,0.834801,0.798607,3.039860,-0.154437,0.415199,0.000000,0.000000,0,1
1789807069.745476,5,18.056377,20.329854,-3.044550,19.128000,20.452000,17.878000,20.452000,0.081526,0.834801,0.798607,3.039860,-0.154437,0.415199,0.000000,0.000000,0,1
1789807069.845363,5,18.056377,20.329854,-3.044550,19.128000,20.452000,17.878000,20.452000,0.081526,0.834801,0.798607,3.039860,-0.154437,0.415199,0.000000,0.000000,0,1
1789807069.945348,5,18.056377,20.329854,-3.044550,19.128000,20.452000,17.878000,20.452000,0.081526,0.834801,0.798607,3.039860,-0.154437,0.415199,0.000000,0.000000,0,1
1789807070.045398,5,18.056377,20.329854,-3.044550,19.128000,20.452000,17.878000,20.452000,0.081526,0.834801,0.798607,3.039860,-0.154437,0.415199,0.000000,0.000000,0,1
1789807070.145403,5,18.056377,20.329854,-3.044550,19.128000,20.452000,17.878000,20.452000,0.081526,0.834801,0.798607,3.039860,-0.154437,0.415199,0.000000,0.000000,0,1
1789807070.245390,5,18.056377,20.329854,-3.044550,19.128000,20.452000,17.878000,20.452000,0.081526,0.834801,0.798607,3.039860,-0.154437,0.415199,0.000000,0.000000,0,1
1789807070.345463,5,18.056377,20.329854,-3.044550,19.128000,20.452000,17.878000,20.452000,0.081526,0.834801,0.798607,3.039860,-0.154437,0.415199,0.000000,0.000000,0,1
1789807070.445421,5,18.056377,20.329854,-3.044550,19.128000,20.452000,17.878000,20.452000,0.081526,0.834801,0.798607,3.039860,-0.154437,0.415199,0.000000,0.000000,0,1
1789807070.545388,5,18.056377,20.329854,-3.044550,19.128000,20.452000,17.878000,20.452000,0.081526,0.834801,0.798607,3.039860,-0.154437,0.415199,0.000000,0.000000,0,1
1789807070.647007,5,18.056377,20.329854,-3.044550,19.128000,20.452000,17.878000,20.452000,0.081526,0.834801,0.798607,3.039860,-0.154437,0.415199,0.000000,0.000000,0,1
1789807070.745493,5,18.056377,20.329854,-3.044550,19.128000,20.452000,17.878000,20.452000,0.081526,0.834801,0.798607,3.039860,-0.154437,0.415199,0.000000,0.000000,0,1
1789807070.845833,5,18.056377,20.329854,-3.044550,19.128000,20.452000,17.878000,20.452000,0.081526,0.834801,0.798607,3.039860,-0.154437,0.415199,0.000000,0.000000,0,1
1789807070.945583,5,18.056377,20.329854,-3.044550,19.128000,20.452000,17.878000,20.452000,0.081526,0.834801,0.798607,3.039860,-0.154437,0.415199,0.000000,0.000000,0,1
1789807071.045605,5,18.056377,20.329854,-3.044550,19.128000,20.452000,17.878000,20.452000,0.081526,0.834801,0.798607,3.039860,-0.154437,0.415199,0.000000,0.000000,0,1
1789807071.145525,5,18.056377,20.329854,-3.044550,19.128000,20.452000,17.878000,20.452000,0.081526,0.834801,0.798607,3.039860,-0.154437,0.415199,0.000000,0.000000,0,1
1789807071.245552,5,18.056377,20.329854,-3.044550,19.128000,20.452000,17.878000,20.452000,0.081526,0.834801,0.798607,3.039860,-0.154437,0.415199,0.000000,0.000000,0,1
1789807071.345455,5,18.056377,20.329854,-3.044550,19.128000,20.452000,17.878000,20.452000,0.081526,0.834801,0.798607,3.039860,-0.154437,0.415199,0.000000,0.000000,0,1
1789807071.445587,5,18.056377,20.329854,-3.044550,19.128000,20.452000,17.878000,20.452000,0.081526,0.834801,0.798607,3.039860,-0.154437,0.415199,0.000000,0.000000,0,1
1789807071.545523,5,18.056377,20.329854,-3.044550,19.128000,20.452000,17.878000,20.452000,0.081526,0.834801,0.798607,3.039860,-0.154437,0.415199,0.000000,0.000000,0,1
1789807071.645562,5,18.056377,20.329854,-3.044550,19.128000,20.452000,17.878000,20.452000,0.081526,0.834801,0.798607,3.039860,-0.154437,0.415199,0.000000,0.000000,0,1
1789807071.745538,5,18.056377,20.329854,-3.044550,19.128000,20.452000,17.878000,20.452000,0.081526,0.834801,0.798607,3.039860,-0.154437,0.415199,0.000000,0.000000,0,1
1789807071.845591,5,18.056377,20.329854,-3.044550,19.128000,20.452000,17.878000,20.452000,0.081526,0.834801,0.798607,3.039860,-0.154437,0.415199,0.000000,0.000000,0,1
1789807071.945516,5,18.056377,20.329854,-3.044550,19.128000,20.452000,17.878000,20.452000,0.081526,0.834801,0.798607,3.039860,-0.154437,0.415199,0.000000,0.000000,0,1
1789807072.045626,5,18.056377,20.329854,-3.044550,19.128000,20.452000,17.878000,20.452000,0.081526,0.834801,0.798607,3.039860,-0.154437,0.415199,0.000000,0.000000,0,1
1789807072.145535,5,18.056377,20.329854,-3.044550,19.128000,20.452000,17.878000,20.452000,0.081526,0.834801,0.798607,3.039860,-0.154437,0.415199,0.000000,0.000000,0,1
1789807072.245528,5,18.056377,20.329854,-3.044550,19.128000,20.452000,17.878000,20.452000,0.081526,0.834801,0.798607,3.039860,-0.154437,0.415199,0.000000,0.000000,0,1
1789807072.345549,5,18.056377,20.329854,-3.044550,19.128000,20.452000,17.878000,20.452000,0.081526,0.834801,0.798607,3.039860,-0.154437,0.415199,0.000000,0.000000,0,1
1789807072.445528,5,18.056377,20.329854,-3.044550,19.128000,20.452000,17.878000,20.452000,0.081526,0.834801,0.798607,3.039860,-0.154437,0.415199,0.000000,0.000000,0,1
1789807072.545570,5,18.056377,20.329854,-3.044550,19.128000,20.452000,17.878000,20.452000,0.081526,0.834801,0.798607,3.039860,-0.154437,0.415199,0.000000,0.000000,0,1
1789807072.645549,5,18.056377,20.329854,-3.044550,19.128000,20.452000,17.878000,20.452000,0.081526,0.834801,0.798607,3.039860,-0.154437,0.415199,0.000000,0.000000,0,1
1789807072.745800,5,18.056377,20.329854,-3.044550,19.128000,20.452000,17.878000,20.452000,0.081526,0.834801,0.798607,3.039860,-0.154437,0.415199,0.000000,0.000000,0,1
1789807072.845595,5,18.056377,20.329854,-3.044550,19.128000,20.452000,17.878000,20.452000,0.081526,0.834801,0.798607,3.039860,-0.154437,0.415199,0.000000,0.000000,0,1
1789807072.945569,5,18.056377,20.329854,-3.044550,19.128000,20.452000,17.878000,20.452000,0.081526,0.834801,0.798607,3.039860,-0.154437,0.415199,0.000000,0.000000,0,1
1789807073.045595,5,18.056377,20.329854,-3.044550,19.128000,20.452000,17.878000,20.452000,0.081526,0.834801,0.798607,3.039860,-0.154437,0.415199,0.000000,0.000000,0,1
1789807073.145804,5,18.056377,20.329854,-3.044550,19.128000,20.452000,17.878000,20.452000,0.081526,0.834801,0.798607,3.039860,-0.154437,0.415199,0.000000,0.000000,0,1
1789807073.245599,5,18.056377,20.329854,-3.044550,19.128000,20.452000,17.878000,20.452000,0.081526,0.834801,0.798607,3.039860,-0.154437,0.415199,0.000000,0.000000,0,1
1789807073.345664,5,18.056377,20.329854,-3.044550,19.128000,20.452000,17.878000,20.452000,0.081526,0.834801,0.798607,3.039860,-0.154437,0.415199,0.000000,0.000000,0,1
1789807073.445777,5,18.056377,20.329854,-3.044550,19.128000,20.452000,17.878000,20.452000,0.081526,0.834801,0.798607,3.039860,-0.154437,0.415199,0.000000,0.000000,0,1
1789807073.545631,5,18.056377,20.329854,-3.044550,19.128000,20.452000,17.878000,20.452000,0.081526,0.834801,0.798607,3.039860,-0.154437,0.415199,0.000000,0.000000,0,1
1789807073.645665,5,18.056377,20.329854,-3.044550,19.128000,20.452000,17.878000,20.452000,0.081526,0.834801,0.798607,3.039860,-0.154437,0.415199,0.000000,0.000000,0,1
1789807073.745646,5,18.056377,20.329854,-3.044550,19.128000,20.452000,17.878000,20.452000,0.081526,0.834801,0.798607,3.039860,-0.154437,0.415199,0.000000,0.000000,0,1
1789807073.845644,5,18.056377,20.329854,-3.044550,19.128000,20.452000,17.878000,20.452000,0.081526,0.834801,0.798607,3.039860,-0.154437,0.415199,0.000000,0.000000,0,1
1789807073.945653,5,18.056377,20.329854,-3.044550,19.128000,20.452000,17.878000,20.452000,0.081526,0.834801,0.798607,3.039860,-0.154437,0.415199,0.000000,0.000000,0,1
1789807074.045611,5,18.056377,20.329854,-3.044550,19.128000,20.452000,17.878000,20.452000,0.081526,0.834801,0.798607,3.039860,-0.154437,0.415199,0.000000,0.000000,0,1
1789807074.145728,5,18.056377,20.329854,-3.044550,19.128000,20.452000,17.878000,20.452000,0.081526,0.834801,0.798607,3.039860,-0.154437,0.415199,0.000000,0.000000,0,1
1789807074.245752,5,18.056377,20.329854,-3.044550,19.128000,20.452000,17.878000,20.452000,0.081526,0.834801,0.798607,3.039860,-0.154437,0.415199,0.000000,0.000000,0,1
1789807074.345707,5,18.056377,20.329854,-3.044550,19.128000,20.452000,17.878000,20.452000,0.081526,0.834801,0.798607,3.039860,-0.154437,0.415199,0.000000,0.000000,0,1
1789807074.445716,5,18.056377,20.329854,-3.044550,19.128000,20.452000,17.878000,20.452000,0.081526,0.834801,0.798607,3.039860,-0.154437,0.415199,0.000000,0.000000,0,1
1789807074.547937,5,18.056377,20.329854,-3.044550,19.128000,20.452000,17.878000,20.452000,0.081526,0.834801,0.798607,3.039860,-0.154437,0.415199,0.000000,0.000000,0,1
1789807074.645723,5,18.056377,20.329854,-3.044550,19.128000,20.452000,17.878000,20.452000,0.081526,0.834801,0.798607,3.039860,-0.154437,0.415199,0.000000,0.000000,0,1
1789807074.745840,5,18.056377,20.329854,-3.044550,19.128000,20.452000,17.878000,20.452000,0.081526,0.834801,0.798607,3.039860,-0.154437,0.415199,0.000000,0.000000,0,1
1789807074.845754,5,18.056377,20.329854,-3.044550,19.128000,20.452000,17.878000,20.452000,0.081526,0.834801,0.798607,3.039860,-0.154437,0.415199,0.000000,0.000000,0,1
1789807074.945714,5,18.056377,20.329854,-3.044550,19.128000,20.452000,17.878000,20.452000,0.081526,0.834801,0.798607,3.039860,-0.154437,0.415199,0.000000,0.000000,0,1
1789807075.045705,5,18.056377,20.329854,-3.044550,19.128000,20.452000,17.878000,20.452000,0.081526,0.834801,0.798607,3.039860,-0.154437,0.415199,0.000000,0.000000,0,1
1789807075.145732,5,18.056377,20.329854,-3.044550,19.128000,20.452000,17.878000,20.452000,0.081526,0.834801,0.798607,3.039860,-0.154437,0.415199,0.000000,0.000000,0,1
1789807075.245826,5,18.056377,20.329854,-3.044550,19.128000,20.452000,17.878000,20.452000,0.081526,0.834801,0.798607,3.039860,-0.154437,0.415199,0.000000,0.000000,0,1
1789807075.345743,5,18.056377,20.329854,-3.044550,19.128000,20.452000,17.878000,20.452000,0.081526,0.834801,0.798607,3.039860,-0.154437,0.415199,0.000000,0.000000,0,1
1789807075.445756,5,18.056377,20.329854,-3.044550,19.128000,20.452000,17.878000,20.452000,0.081526,0.834801,0.798607,3.039860,-0.154437,0.415199,0.000000,0.000000,0,1
1789807075.545779,5,18.056377,20.329854,-3.044550,19.128000,20.452000,17.878000,20.452000,0.081526,0.834801,0.798607,3.039860,-0.154437,0.415199,0.000000,0.000000,0,1
1789807075.646781,5,18.056377,20.329854,-3.044550,19.128000,20.452000,17.878000,20.452000,0.081526,0.834801,0.798607,3.039860,-0.154437,0.415199,0.000000,0.000000,0,1
1789807075.745766,5,18.056377,20.329854,-3.044550,19.128000,20.452000,17.878000,20.452000,0.081526,0.834801,0.798607,3.039860,-0.154437,0.415199,0.000000,0.000000,0,1
1789807075.845814,5,18.056377,20.329854,-3.044550,19.128000,20.452000,17.878000,20.452000,0.081526,0.834801,0.798607,3.039860,-0.154437,0.415199,0.000000,0.000000,0,1
1789807075.945780,5,18.056377,20.329854,-3.044550,19.128000,20.452000,17.878000,20.452000,0.081526,0.834801,0.798607,3.039860,-0.154437,0.415199,0.000000,0.000000,0,1
1789807076.045782,5,18.056377,20.329854,-3.044550,19.128000,20.452000,17.878000,20.452000,0.081526,0.834801,0.798607,3.039860,-0.154437,0.415199,0.000000,0.000000,0,1
1789807076.145864,5,18.056377,20.329854,-3.044550,19.128000,20.452000,17.878000,20.452000,0.081526,0.834801,0.798607,3.039860,-0.154437,0.415199,0.000000,0.000000,0,1
1789807076.246204,5,18.056377,20.329854,-3.044550,19.128000,20.452000,17.878000,20.452000,0.081526,0.834801,0.798607,3.039860,-0.154437,0.415199,0.000000,0.000000,0,1
1789807076.345800,5,18.056377,20.329854,-3.044550,19.128000,20.452000,17.878000,20.452000,0.081526,0.834801,0.798607,3.039860,-0.154437,0.415199,0.000000,0.000000,0,1
1789807076.445974,5,18.056377,20.329854,-3.044550,19.128000,20.452000,17.878000,20.452000,0.081526,0.834801,0.798607,3.039860,-0.154437,0.415199,0.000000,0.000000,0,1
1789807076.545799,5,18.056377,20.329854,-3.044550,19.128000,20.452000,17.878000,20.452000,0.081526,0.834801,0.798607,3.039860,-0.154437,0.415199,0.000000,0.000000,0,1
1789807076.645895,5,18.056377,20.329854,-3.044550,19.128000,20.452000,17.878000,20.452000,0.081526,0.834801,0.798607,3.039860,-0.154437,0.415199,0.000000,0.000000,0,1
1789807076.745819,5,18.056377,20.329854,-3.044550,19.128000,20.452000,17.878000,20.452000,0.081526,0.834801,0.798607,3.039860,-0.154437,0.415199,0.000000,0.000000,0,1
1789807076.845845,5,18.056377,20.329854,-3.044550,19.128000,20.452000,17.878000,20.452000,0.081526,0.834801,0.798607,3.039860,-0.154437,0.415199,0.000000,0.000000,0,1
1789807076.945835,5,18.056377,20.329854,-3.044550,19.128000,20.452000,17.878000,20.452000,0.081526,0.834801,0.798607,3.039860,-0.154437,0.415199,0.000000,0.000000,0,1
1789807077.045915,5,18.056377,20.329854,-3.044550,19.128000,20.452000,17.878000,20.452000,0.081526,0.834801,0.798607,3.039860,-0.154437,0.415199,0.000000,0.000000,0,1
1789807077.145870,5,18.056377,20.329854,-3.044550,19.128000,20.452000,17.878000,20.452000,0.081526,0.834801,0.798607,3.039860,-0.154437,0.415199,0.000000,0.000000,0,1
1789807077.245902,5,18.056377,20.329854,-3.044550,19.128000,20.452000,17.878000,20.452000,0.081526,0.834801,0.798607,3.039860,-0.154437,0.415199,0.000000,0.000000,0,1
1789807077.346486,5,18.056377,20.329854,-3.044550,19.128000,20.452000,17.878000,20.452000,0.081526,0.834801,0.798607,3.039860,-0.154437,0.415199,0.000000,0.000000,0,1
1789807077.446189,5,18.056377,20.329854,-3.044550,19.128000,20.452000,17.878000,20.452000,0.081526,0.834801,0.798607,3.039860,-0.154437,0.415199,0.000000,0.000000,0,1
1789807077.547334,5,18.056377,20.329854,-3.044550,19.128000,20.452000,17.878000,20.452000,0.081526,0.834801,0.798607,3.039860,-0.154437,0.415199,0.000000,0.000000,0,1
1789807077.645912,5,18.056377,20.329854,-3.044550,19.128000,20.452000,17.878000,20.452000,0.081526,0.834801,0.798607,3.039860,-0.154437,0.415199,0.000000,0.000000,0,1
1789807077.745904,5,18.056377,20.329854,-3.044550,19.128000,20.452000,17.878000,20.452000,0.081526,0.834801,0.798607,3.039860,-0.154437,0.415199,0.000000,0.000000,0,1
1789807077.846135,5,18.056377,20.329854,-3.044550,19.128000,20.452000,17.878000,20.452000,0.081526,0.834801,0.798607,3.039860,-0.154437,0.415199,0.000000,0.000000,0,1
1789807077.945951,5,18.056377,20.329854,-3.044550,19.128000,20.452000,17.878000,20.452000,0.081526,0.834801,0.798607,3.039860,-0.154437,0.415199,0.000000,0.000000,0,1
1789807078.045932,5,18.056377,20.329854,-3.044550,19.128000,20.452000,17.878000,20.452000,0.081526,0.834801,0.798607,3.039860,-0.154437,0.415199,0.000000,0.000000,0,1
1789807078.145948,5,18.056377,20.329854,-3.044550,19.128000,20.452000,17.878000,20.452000,0.081526,0.834801,0.798607,3.039860,-0.154437,0.415199,0.000000,0.000000,0,1
1789807078.245932,5,18.056377,20.329854,-3.044550,19.128000,20.452000,17.878000,20.452000,0.081526,0.834801,0.798607,3.039860,-0.154437,0.415199,0.000000,0.000000,0,1
1789807078.346124,5,18.056377,20.329854,-3.044550,19.128000,20.452000,17.878000,20.452000,0.081526,0.834801,0.798607,3.039860,-0.154437,0.415199,0.000000,0.000000,0,1
1789807078.447590,5,18.056377,20.329854,-3.044550,19.128000,20.452000,17.878000,20.452000,0.081526,0.834801,0.798607,3.039860,-0.154437,0.415199,0.000000,0.000000,0,1
1789807078.545950,5,18.056377,20.329854,-3.044550,19.128000,20.452000,17.878000,20.452000,0.081526,0.834801,0.798607,3.039860,-0.154437,0.415199,0.000000,0.000000,0,1
1789807078.646184,5,18.056377,20.329854,-3.044550,19.128000,20.452000,17.878000,20.452000,0.081526,0.834801,0.798607,3.039860,-0.154437,0.415199,0.000000,0.000000,0,1
1789807078.746139,5,18.056377,20.329854,-3.044550,19.128000,20.452000,17.878000,20.452000,0.081526,0.834801,0.798607,3.039860,-0.154437,0.415199,0.000000,0.000000,0,1
1789807078.846133,5,18.056377,20.329854,-3.044550,19.128000,20.452000,17.878000,20.452000,0.081526,0.834801,0.798607,3.039860,-0.154437,0.415199,0.000000,0.000000,0,1
1789807078.946053,5,18.056377,20.329854,-3.044550,19.128000,20.452000,17.878000,20.452000,0.081526,0.834801,0.798607,3.039860,-0.154437,0.415199,0.000000,0.000000,0,1
1789807079.046344,5,18.056377,20.329854,-3.044550,19.128000,20.452000,17.878000,20.452000,0.081526,0.834801,0.798607,3.039860,-0.154437,0.415199,0.000000,0.000000,0,1
1789807079.148628,5,18.056377,20.329854,-3.044550,19.128000,20.452000,17.878000,20.452000,0.081526,0.834801,0.798607,3.039860,-0.154437,0.415199,0.000000,0.000000,0,1
1789807079.247291,5,18.056377,20.329854,-3.044550,19.128000,20.452000,17.878000,20.452000,0.081526,0.834801,0.798607,3.039860,-0.154437,0.415199,0.000000,0.000000,0,1
1789807079.346076,5,18.056377,20.329854,-3.044550,19.128000,20.452000,17.878000,20.452000,0.081526,0.834801,0.798607,3.039860,-0.154437,0.415199,0.000000,0.000000,0,1
1789807079.446175,5,18.056377,20.329854,-3.044550,19.128000,20.452000,17.878000,20.452000,0.081526,0.834801,0.798607,3.039860,-0.154437,0.415199,0.000000,0.000000,0,1
1789807079.546193,5,18.056377,20.329854,-3.044550,19.128000,20.452000,17.878000,20.452000,0.081526,0.834801,0.798607,3.039860,-0.154437,0.415199,0.000000,0.000000,0,1
1789807079.646586,5,18.056377,20.329854,-3.044550,19.128000,20.452000,17.878000,20.452000,0.081526,0.834801,0.798607,3.039860,-0.154437,0.415199,0.000000,0.000000,0,1
1789807079.746102,5,18.056377,20.329854,-3.044550,19.128000,20.452000,17.878000,20.452000,0.081526,0.834801,0.798607,3.039860,-0.154437,0.415199,0.000000,0.000000,0,1
1789807079.846560,5,18.056377,20.329854,-3.044550,19.128000,20.452000,17.878000,20.452000,0.081526,0.834801,0.798607,3.039860,-0.154437,0.415199,0.000000,0.000000,0,1
1789807079.946116,5,18.056377,20.329854,-3.044550,19.128000,20.452000,17.878000,20.452000,0.081526,0.834801,0.798607,3.039860,-0.154437,0.415199,0.000000,0.000000,0,1
1789807080.046131,5,18.056377,20.329854,-3.044550,19.128000,20.452000,17.878000,20.452000,0.081526,0.834801,0.798607,3.039860,-0.154437,0.415199,0.000000,0.000000,0,1
1789807080.146128,5,18.056377,20.329854,-3.044550,19.128000,20.452000,17.878000,20.452000,0.081526,0.834801,0.798607,3.039860,-0.154437,0.415199,0.000000,0.000000,0,1
1789807080.246717,5,18.056377,20.329854,-3.044550,19.128000,20.452000,17.878000,20.452000,0.081526,0.834801,0.798607,3.039860,-0.154437,0.415199,0.000000,0.000000,0,1
1789807080.346207,5,18.056377,20.329854,-3.044550,19.128000,20.452000,17.878000,20.452000,0.081526,0.834801,0.798607,3.039860,-0.154437,0.415199,0.000000,0.000000,0,1
1789807080.447116,5,18.056377,20.329854,-3.044550,19.128000,20.452000,17.878000,20.452000,0.081526,0.834801,0.798607,3.039860,-0.154437,0.415199,0.000000,0.000000,0,1
1789807080.546151,5,18.056377,20.329854,-3.044550,19.128000,20.452000,17.878000,20.452000,0.081526,0.834801,0.798607,3.039860,-0.154437,0.415199,0.000000,0.000000,0,1
1789807080.646351,5,18.056377,20.329854,-3.044550,19.128000,20.452000,17.878000,20.452000,0.081526,0.834801,0.798607,3.039860,-0.154437,0.415199,0.000000,0.000000,0,1
1789807080.746266,5,18.056377,20.329854,-3.044550,19.128000,20.452000,17.878000,20.452000,0.081526,0.834801,0.798607,3.039860,-0.154437,0.415199,0.000000,0.000000,0,1
1789807080.846209,5,18.056377,20.329854,-3.044550,19.128000,20.452000,17.878000,20.452000,0.081526,0.834801,0.798607,3.039860,-0.154437,0.415199,0.000000,0.000000,0,1
1789807080.946280,5,18.056377,20.329854,-3.044550,19.128000,20.452000,17.878000,20.452000,0.081526,0.834801,0.798607,3.039860,-0.154437,0.415199,0.000000,0.000000,0,1
1789807081.046298,5,18.056377,20.329854,-3.044550,19.128000,20.452000,17.878000,20.452000,0.081526,0.834801,0.798607,3.039860,-0.154437,0.415199,0.000000,0.000000,0,1
1789807081.146195,5,18.056377,20.329854,-3.044550,19.128000,20.452000,17.878000,20.452000,0.081526,0.834801,0.798607,3.039860,-0.154437,0.415199,0.000000,0.000000,0,1
1789807081.246608,5,18.056377,20.329854,-3.044550,19.128000,20.452000,17.878000,20.452000,0.081526,0.834801,0.798607,3.039860,-0.154437,0.415199,0.000000,0.000000,0,1
1789807081.346197,5,18.056377,20.329854,-3.044550,19.128000,20.452000,17.878000,20.452000,0.081526,0.834801,0.798607,3.039860,-0.154437,0.415199,0.000000,0.000000,0,1
1789807081.446246,5,18.056377,20.329854,-3.044550,19.128000,20.452000,17.878000,20.452000,0.081526,0.834801,0.798607,3.039860,-0.154437,0.415199,0.000000,0.000000,0,1
1789807081.546210,5,18.056377,20.329854,-3.044550,19.128000,20.452000,17.878000,20.452000,0.081526,0.834801,0.798607,3.039860,-0.154437,0.415199,0.000000,0.000000,0,1
1789807081.646444,5,18.056377,20.329854,-3.044550,19.128000,20.452000,17.878000,20.452000,0.081526,0.834801,0.798607,3.039860,-0.154437,0.415199,0.000000,0.000000,0,1
1789807081.746345,5,18.056377,20.329854,-3.044550,19.128000,20.452000,17.878000,20.452000,0.081526,0.834801,0.798607,3.039860,-0.154437,0.415199,0.000000,0.000000,0,1
1789807081.846186,5,18.056377,20.329854,-3.044550,19.128000,20.452000,17.878000,20.452000,0.081526,0.834801,0.798607,3.039860,-0.154437,0.415199,0.000000,0.000000,0,1
1789807081.946167,5,18.056377,20.329854,-3.044550,19.128000,20.452000,17.878000,20.452000,0.081526,0.834801,0.798607,3.039860,-0.154437,0.415199,0.000000,0.000000,0,1
1789807082.046258,5,18.056377,20.329854,-3.044550,19.128000,20.452000,17.878000,20.452000,0.081526,0.834801,0.798607,3.039860,-0.154437,0.415199,0.000000,0.000000,0,1
1789807082.146216,5,18.056377,20.329854,-3.044550,19.128000,20.452000,17.878000,20.452000,0.081526,0.834801,0.798607,3.039860,-0.154437,0.415199,0.000000,0.000000,0,1
1789807082.246203,5,18.056377,20.329854,-3.044550,19.128000,20.452000,17.878000,20.452000,0.081526,0.834801,0.798607,3.039860,-0.154437,0.415199,0.000000,0.000000,0,1
1789807082.346233,5,18.056377,20.329854,-3.044550,19.128000,20.452000,17.878000,20.452000,0.081526,0.834801,0.798607,3.039860,-0.154437,0.415199,0.000000,0.000000,0,1
1789807082.446252,5,18.056377,20.329854,-3.044550,19.128000,20.452000,17.878000,20.452000,0.081526,0.834801,0.798607,3.039860,-0.154437,0.415199,0.000000,0.000000,0,1
1789807082.546269,5,18.056377,20.329854,-3.044550,19.128000,20.452000,17.878000,20.452000,0.081526,0.834801,0.798607,3.039860,-0.154437,0.415199,0.000000,0.000000,0,1
1789807082.646243,5,18.056377,20.329854,-3.044550,19.128000,20.452000,17.878000,20.452000,0.081526,0.834801,0.798607,3.039860,-0.154437,0.415199,0.000000,0.000000,0,1
1789807082.746305,5,18.056377,20.329854,-3.044550,19.128000,20.452000,17.878000,20.452000,0.081526,0.834801,0.798607,3.039860,-0.154437,0.415199,0.000000,0.000000,0,1
1789807082.846641,5,18.056377,20.329854,-3.044550,19.128000,20.452000,17.878000,20.452000,0.081526,0.834801,0.798607,3.039860,-0.154437,0.415199,0.000000,0.000000,0,1
1789807082.946327,5,18.056377,20.329854,-3.044550,19.128000,20.452000,17.878000,20.452000,0.081526,0.834801,0.798607,3.039860,-0.154437,0.415199,0.000000,0.000000,0,1
1789807083.046713,5,18.056377,20.329854,-3.044550,19.128000,20.452000,17.878000,20.452000,0.081526,0.834801,0.798607,3.039860,-0.154437,0.415199,0.000000,0.000000,0,1
1789807083.146357,5,18.056377,20.329854,-3.044550,19.128000,20.452000,17.878000,20.452000,0.081526,0.834801,0.798607,3.039860,-0.154437,0.415199,0.000000,0.000000,0,1
1789807083.246298,5,18.056377,20.329854,-3.044550,19.128000,20.452000,17.878000,20.452000,0.081526,0.834801,0.798607,3.039860,-0.154437,0.415199,0.000000,0.000000,0,1
1789807083.346336,5,18.056377,20.329854,-3.044550,19.128000,20.452000,17.878000,20.452000,0.081526,0.834801,0.798607,3.039860,-0.154437,0.415199,0.000000,0.000000,0,1
1789807083.446287,5,18.056377,20.329854,-3.044550,19.128000,20.452000,17.878000,20.452000,0.081526,0.834801,0.798607,3.039860,-0.154437,0.415199,0.000000,0.000000,0,1
1789807083.546335,5,18.056377,20.329854,-3.044550,19.128000,20.452000,17.878000,20.452000,0.081526,0.834801,0.798607,3.039860,-0.154437,0.415199,0.000000,0.000000,0,1
1789807083.646325,5,18.056377,20.329854,-3.044550,19.128000,20.452000,17.878000,20.452000,0.081526,0.834801,0.798607,3.039860,-0.154437,0.415199,0.000000,0.000000,0,1
1789807083.746706,5,18.056377,20.329854,-3.044550,19.128000,20.452000,17.878000,20.452000,0.081526,0.834801,0.798607,3.039860,-0.154437,0.415199,0.000000,0.000000,0,1
1789807083.846661,5,18.056377,20.329854,-3.044550,19.128000,20.452000,17.878000,20.452000,0.081526,0.834801,0.798607,3.039860,-0.154437,0.415199,0.000000,0.000000,0,1
1789807083.956766,5,18.056377,20.329854,-3.044550,19.128000,20.452000,17.878000,20.452000,0.081526,0.834801,0.798607,3.039860,-0.154437,0.415199,0.000000,0.000000,0,1
1789807084.046303,5,18.056377,20.329854,-3.044550,19.128000,20.452000,17.878000,20.452000,0.081526,0.834801,0.798607,3.039860,-0.154437,0.415199,0.000000,0.000000,0,1
1789807084.146438,5,18.056377,20.329854,-3.044550,19.128000,20.452000,17.878000,20.452000,0.081526,0.834801,0.798607,3.039860,-0.154437,0.415199,0.000000,0.000000,0,1
1789807084.248607,5,18.056377,20.329854,-3.044550,19.128000,20.452000,17.878000,20.452000,0.081526,0.834801,0.798607,3.039860,-0.154437,0.415199,0.000000,0.000000,0,1
1789807084.346364,5,18.056377,20.329854,-3.044550,19.128000,20.452000,17.878000,20.452000,0.081526,0.834801,0.798607,3.039860,-0.154437,0.415199,0.000000,0.000000,0,1
1789807084.446399,5,18.056377,20.329854,-3.044550,19.128000,20.452000,17.878000,20.452000,0.081526,0.834801,0.798607,3.039860,-0.154437,0.415199,0.000000,0.000000,0,1
1789807084.553203,5,18.056377,20.329854,-3.044550,19.128000,20.452000,17.878000,20.452000,0.081526,0.834801,0.798607,3.039860,-0.154437,0.415199,0.000000,0.000000,0,1
1789807084.646384,5,18.056377,20.329854,-3.044550,19.128000,20.452000,17.878000,20.452000,0.081526,0.834801,0.798607,3.039860,-0.154437,0.415199,0.000000,0.000000,0,1
1789807084.746377,5,18.056377,20.329854,-3.044550,19.128000,20.452000,17.878000,20.452000,0.081526,0.834801,0.798607,3.039860,-0.154437,0.415199,0.000000,0.000000,0,1
1789807084.847133,5,18.056377,20.329854,-3.044550,19.128000,20.452000,17.878000,20.452000,0.081526,0.834801,0.798607,3.039860,-0.154437,0.415199,0.000000,0.000000,0,1
1789807084.946419,5,18.056377,20.329854,-3.044550,19.128000,20.452000,17.878000,20.452000,0.081526,0.834801,0.798607,3.039860,-0.154437,0.415199,0.000000,0.000000,0,1
1789807085.046419,5,18.056377,20.329854,-3.044550,19.128000,20.452000,17.878000,20.452000,0.081526,0.834801,0.798607,3.039860,-0.154437,0.415199,0.000000,0.000000,0,1
1789807085.146427,5,18.056377,20.329854,-3.044550,19.128000,20.452000,17.878000,20.452000,0.081526,0.834801,0.798607,3.039860,-0.154437,0.415199,0.000000,0.000000,0,1
1789807085.246423,5,18.056377,20.329854,-3.044550,19.128000,20.452000,17.878000,20.452000,0.081526,0.834801,0.798607,3.039860,-0.154437,0.415199,0.000000,0.000000,0,1
1789807085.346442,5,18.056377,20.329854,-3.044550,19.128000,20.452000,17.878000,20.452000,0.081526,0.834801,0.798607,3.039860,-0.154437,0.415199,0.000000,0.000000,0,1
1789807085.446439,5,18.056377,20.329854,-3.044550,19.128000,20.452000,17.878000,20.452000,0.081526,0.834801,0.798607,3.039860,-0.154437,0.415199,0.000000,0.000000,0,1
1789807085.546443,5,18.056377,20.329854,-3.044550,19.128000,20.452000,17.878000,20.452000,0.081526,0.834801,0.798607,3.039860,-0.154437,0.415199,0.000000,0.000000,0,1
1789807085.646485,5,18.056377,20.329854,-3.044550,19.128000,20.452000,17.878000,20.452000,0.081526,0.834801,0.798607,3.039860,-0.154437,0.415199,0.000000,0.000000,0,1
1789807085.746460,5,18.056377,20.329854,-3.044550,19.128000,20.452000,17.878000,20.452000,0.081526,0.834801,0.798607,3.039860,-0.154437,0.415199,0.000000,0.000000,0,1
1789807085.846471,5,18.056377,20.329854,-3.044550,19.128000,20.452000,17.878000,20.452000,0.081526,0.834801,0.798607,3.039860,-0.154437,0.415199,0.000000,0.000000,0,1
1789807085.946465,5,18.056377,20.329854,-3.044550,19.128000,20.452000,17.878000,20.452000,0.081526,0.834801,0.798607,3.039860,-0.154437,0.415199,0.000000,0.000000,0,1
1789807086.046492,5,18.056377,20.329854,-3.044550,19.128000,20.452000,17.878000,20.452000,0.081526,0.834801,0.798607,3.039860,-0.154437,0.415199,0.000000,0.000000,0,1
1789807086.146496,5,18.056377,20.329854,-3.044550,19.128000,20.452000,17.878000,20.452000,0.081526,0.834801,0.798607,3.039860,-0.154437,0.415199,0.000000,0.000000,0,1
1789807086.246826,5,18.056377,20.329854,-3.044550,19.128000,20.452000,17.878000,20.452000,0.081526,0.834801,0.798607,3.039860,-0.154437,0.415199,0.000000,0.000000,0,1
1789807086.346471,5,18.056377,20.329854,-3.044550,19.128000,20.452000,17.878000,20.452000,0.081526,0.834801,0.798607,3.039860,-0.154437,0.415199,0.000000,0.000000,0,1
1789807086.446669,5,18.056377,20.329854,-3.044550,19.128000,20.452000,17.878000,20.452000,0.081526,0.834801,0.798607,3.039860,-0.154437,0.415199,0.000000,0.000000,0,1
1789807086.546564,5,18.056377,20.329854,-3.044550,19.128000,20.452000,17.878000,20.452000,0.081526,0.834801,0.798607,3.039860,-0.154437,0.415199,0.000000,0.000000,0,1
1789807086.646518,5,18.056377,20.329854,-3.044550,19.128000,20.452000,17.878000,20.452000,0.081526,0.834801,0.798607,3.039860,-0.154437,0.415199,0.000000,0.000000,0,1
1789807086.746559,5,18.056377,20.329854,-3.044550,19.128000,20.452000,17.878000,20.452000,0.081526,0.834801,0.798607,3.039860,-0.154437,0.415199,0.000000,0.000000,0,1
1789807086.846536,5,18.056377,20.329854,-3.044550,19.128000,20.452000,17.878000,20.452000,0.081526,0.834801,0.798607,3.039860,-0.154437,0.415199,0.000000,0.000000,0,1
1789807086.946606,5,18.056377,20.329854,-3.044550,19.128000,20.452000,17.878000,20.452000,0.081526,0.834801,0.798607,3.039860,-0.154437,0.415199,0.000000,0.000000,0,1
1789807087.046584,5,18.056377,20.329854,-3.044550,19.128000,20.452000,17.878000,20.452000,0.081526,0.834801,0.798607,3.039860,-0.154437,0.415199,0.000000,0.000000,0,1
1789807087.146549,5,18.056377,20.329854,-3.044550,19.128000,20.452000,17.878000,20.452000,0.081526,0.834801,0.798607,3.039860,-0.154437,0.415199,0.000000,0.000000,0,1
1789807087.246563,5,18.056377,20.329854,-3.044550,19.128000,20.452000,17.878000,20.452000,0.081526,0.834801,0.798607,3.039860,-0.154437,0.415199,0.000000,0.000000,0,1
1789807087.346589,5,18.056377,20.329854,-3.044550,19.128000,20.452000,17.878000,20.452000,0.081526,0.834801,0.798607,3.039860,-0.154437,0.415199,0.000000,0.000000,0,1
1789807087.446607,5,18.056377,20.329854,-3.044550,19.128000,20.452000,17.878000,20.452000,0.081526,0.834801,0.798607,3.039860,-0.154437,0.415199,0.000000,0.000000,0,1
1789807087.547331,5,18.056377,20.329854,-3.044550,19.128000,20.452000,17.878000,20.452000,0.081526,0.834801,0.798607,3.039860,-0.154437,0.415199,0.000000,0.000000,0,1
1789807087.646653,5,18.056377,20.329854,-3.044550,19.128000,20.452000,17.878000,20.452000,0.081526,0.834801,0.798607,3.039860,-0.154437,0.415199,0.000000,0.000000,0,1
1789807087.746574,5,18.056377,20.329854,-3.044550,19.128000,20.452000,17.878000,20.452000,0.081526,0.834801,0.798607,3.039860,-0.154437,0.415199,0.000000,0.000000,0,1
1789807087.846667,5,18.056377,20.329854,-3.044550,19.128000,20.452000,17.878000,20.452000,0.081526,0.834801,0.798607,3.039860,-0.154437,0.415199,0.000000,0.000000,0,1
1789807087.946592,5,18.056377,20.329854,-3.044550,19.128000,20.452000,17.878000,20.452000,0.081526,0.834801,0.798607,3.039860,-0.154437,0.415199,0.000000,0.000000,0,1
1789807088.046649,5,18.056377,20.329854,-3.044550,19.128000,20.452000,17.878000,20.452000,0.081526,0.834801,0.798607,3.039860,-0.154437,0.415199,0.000000,0.000000,0,1
1789807088.146623,5,18.056377,20.329854,-3.044550,19.128000,20.452000,17.878000,20.452000,0.081526,0.834801,0.798607,3.039860,-0.154437,0.415199,0.000000,0.000000,0,1
1789807088.246675,5,18.056377,20.329854,-3.044550,19.128000,20.452000,17.878000,20.452000,0.081526,0.834801,0.798607,3.039860,-0.154437,0.415199,0.000000,0.000000,0,1
1789807088.346637,5,18.056377,20.329854,-3.044550,19.128000,20.452000,17.878000,20.452000,0.081526,0.834801,0.798607,3.039860,-0.154437,0.415199,0.000000,0.000000,0,1
1789807088.446808,5,18.056377,20.329854,-3.044550,19.128000,20.452000,17.878000,20.452000,0.081526,0.834801,0.798607,3.039860,-0.154437,0.415199,0.000000,0.000000,0,1
1789807088.546620,5,18.056377,20.329854,-3.044550,19.128000,20.452000,17.878000,20.452000,0.081526,0.834801,0.798607,3.039860,-0.154437,0.415199,0.000000,0.000000,0,1
1789807088.646677,5,18.056377,20.329854,-3.044550,19.128000,20.452000,17.878000,20.452000,0.081526,0.834801,0.798607,3.039860,-0.154437,0.415199,0.000000,0.000000,0,1
1789807088.746647,5,18.056377,20.329854,-3.044550,19.128000,20.452000,17.878000,20.452000,0.081526,0.834801,0.798607,3.039860,-0.154437,0.415199,0.000000,0.000000,0,1
1789807088.846771,5,18.056377,20.329854,-3.044550,19.128000,20.452000,17.878000,20.452000,0.081526,0.834801,0.798607,3.039860,-0.154437,0.415199,0.000000,0.000000,0,1
1789807088.947358,5,18.056377,20.329854,-3.044550,19.128000,20.452000,17.878000,20.452000,0.081526,0.834801,0.798607,3.039860,-0.154437,0.415199,0.000000,0.000000,0,1
1789807089.046672,5,18.056377,20.329854,-3.044550,19.128000,20.452000,17.878000,20.452000,0.081526,0.834801,0.798607,3.039860,-0.154437,0.415199,0.000000,0.000000,0,1
1789807089.146740,5,18.056377,20.329854,-3.044550,19.128000,20.452000,17.878000,20.452000,0.081526,0.834801,0.798607,3.039860,-0.154437,0.415199,0.000000,0.000000,0,1
1789807089.246749,5,18.056377,20.329854,-3.044550,19.128000,20.452000,17.878000,20.452000,0.081526,0.834801,0.798607,3.039860,-0.154437,0.415199,0.000000,0.000000,0,1
1789807089.346686,5,18.056377,20.329854,-3.044550,19.128000,20.452000,17.878000,20.452000,0.081526,0.834801,0.798607,3.039860,-0.154437,0.415199,0.000000,0.000000,0,1
1789807089.446701,5,18.056377,20.329854,-3.044550,19.128000,20.452000,17.878000,20.452000,0.081526,0.834801,0.798607,3.039860,-0.154437,0.415199,0.000000,0.000000,0,1
1789807089.546753,5,18.056377,20.329854,-3.044550,19.128000,20.452000,17.878000,20.452000,0.081526,0.834801,0.798607,3.039860,-0.154437,0.415199,0.000000,0.000000,0,1
1789807089.646729,5,18.056377,20.329854,-3.044550,19.128000,20.452000,17.878000,20.452000,0.081526,0.834801,0.798607,3.039860,-0.154437,0.415199,0.000000,0.000000,0,1
1789807089.746730,5,18.056377,20.329854,-3.044550,19.128000,20.452000,17.878000,20.452000,0.081526,0.834801,0.798607,3.039860,-0.154437,0.415199,0.000000,0.000000,0,1
1789807089.846743,5,18.056377,20.329854,-3.044550,19.128000,20.452000,17.878000,20.452000,0.081526,0.834801,0.798607,3.039860,-0.154437,0.415199,0.000000,0.000000,0,1
1789807089.946753,5,18.056377,20.329854,-3.044550,19.128000,20.452000,17.878000,20.452000,0.081526,0.834801,0.798607,3.039860,-0.154437,0.415199,0.000000,0.000000,0,1
1789807090.046785,5,18.056377,20.329854,-3.044550,19.128000,20.452000,17.878000,20.452000,0.081526,0.834801,0.798607,3.039860,-0.154437,0.415199,0.000000,0.000000,0,1
1789807090.149051,5,18.056377,20.329854,-3.044550,19.128000,20.452000,17.878000,20.452000,0.081526,0.834801,0.798607,3.039860,-0.154437,0.415199,0.000000,0.000000,0,1
1789807090.246799,5,18.056377,20.329854,-3.044550,19.128000,20.452000,17.878000,20.452000,0.081526,0.834801,0.798607,3.039860,-0.154437,0.415199,0.000000,0.000000,0,1
1789807090.346811,5,18.056377,20.329854,-3.044550,19.128000,20.452000,17.878000,20.452000,0.081526,0.834801,0.798607,3.039860,-0.154437,0.415199,0.000000,0.000000,0,1
1789807090.446769,5,18.056377,20.329854,-3.044550,19.128000,20.452000,17.878000,20.452000,0.081526,0.834801,0.798607,3.039860,-0.154437,0.415199,0.000000,0.000000,0,1
1789807090.546799,5,18.056377,20.329854,-3.044550,19.128000,20.452000,17.878000,20.452000,0.081526,0.834801,0.798607,3.039860,-0.154437,0.415199,0.000000,0.000000,0,1
1789807090.646783,5,18.056377,20.329854,-3.044550,19.128000,20.452000,17.878000,20.452000,0.081526,0.834801,0.798607,3.039860,-0.154437,0.415199,0.000000,0.000000,0,1
1789807090.748057,5,18.056377,20.329854,-3.044550,19.128000,20.452000,17.878000,20.452000,0.081526,0.834801,0.798607,3.039860,-0.154437,0.415199,0.000000,0.000000,0,1
1789807090.846823,5,18.056377,20.329854,-3.044550,19.128000,20.452000,17.878000,20.452000,0.081526,0.834801,0.798607,3.039860,-0.154437,0.415199,0.000000,0.000000,0,1
1789807090.946799,5,18.056377,20.329854,-3.044550,19.128000,20.452000,17.878000,20.452000,0.081526,0.834801,0.798607,3.039860,-0.154437,0.415199,0.000000,0.000000,0,1
1789807091.046784,5,18.056377,20.329854,-3.044550,19.128000,20.452000,17.878000,20.452000,0.081526,0.834801,0.798607,3.039860,-0.154437,0.415199,0.000000,0.000000,0,1
1789807091.146826,5,18.056377,20.329854,-3.044550,19.128000,20.452000,17.878000,20.452000,0.081526,0.834801,0.798607,3.039860,-0.154437,0.415199,0.000000,0.000000,0,1
1789807091.246823,5,18.056377,20.329854,-3.044550,19.128000,20.452000,17.878000,20.452000,0.081526,0.834801,0.798607,3.039860,-0.154437,0.415199,0.000000,0.000000,0,1
1789807091.351362,5,18.056377,20.329854,-3.044550,19.128000,20.452000,17.878000,20.452000,0.081526,0.834801,0.798607,3.039860,-0.154437,0.415199,0.000000,0.000000,0,1
1789807091.446803,5,18.056377,20.329854,-3.044550,19.128000,20.452000,17.878000,20.452000,0.081526,0.834801,0.798607,3.039860,-0.154437,0.415199,0.000000,0.000000,0,1
1789807091.546855,5,18.056377,20.329854,-3.044550,19.128000,20.452000,17.878000,20.452000,0.081526,0.834801,0.798607,3.039860,-0.154437,0.415199,0.000000,0.000000,0,1
1789807091.646862,5,18.056377,20.329854,-3.044550,19.128000,20.452000,17.878000,20.452000,0.081526,0.834801,0.798607,3.039860,-0.154437,0.415199,0.000000,0.000000,0,1
1789807091.746864,5,18.056377,20.329854,-3.044550,19.128000,20.452000,17.878000,20.452000,0.081526,0.834801,0.798607,3.039860,-0.154437,0.415199,0.000000,0.000000,0,1
1789807091.846917,5,18.056377,20.329854,-3.044550,19.128000,20.452000,17.878000,20.452000,0.081526,0.834801,0.798607,3.039860,-0.154437,0.415199,0.000000,0.000000,0,1
1789807091.946877,5,18.056377,20.329854,-3.044550,19.128000,20.452000,17.878000,20.452000,0.081526,0.834801,0.798607,3.039860,-0.154437,0.415199,0.000000,0.000000,0,1
1789807092.046884,5,18.056377,20.329854,-3.044550,19.128000,20.452000,17.878000,20.452000,0.081526,0.834801,0.798607,3.039860,-0.154437,0.415199,0.000000,0.000000,0,1
1789807092.146922,5,18.056377,20.329854,-3.044550,19.128000,20.452000,17.878000,20.452000,0.081526,0.834801,0.798607,3.039860,-0.154437,0.415199,0.000000,0.000000,0,1
1789807092.246957,5,18.056377,20.329854,-3.044550,19.128000,20.452000,17.878000,20.452000,0.081526,0.834801,0.798607,3.039860,-0.154437,0.415199,0.000000,0.000000,0,1
1789807092.348215,5,18.056377,20.329854,-3.044550,19.128000,20.452000,17.878000,20.452000,0.081526,0.834801,0.798607,3.039860,-0.154437,0.415199,0.000000,0.000000,0,1
1789807092.446936,5,18.056377,20.329854,-3.044550,19.128000,20.452000,17.878000,20.452000,0.081526,0.834801,0.798607,3.039860,-0.154437,0.415199,0.000000,0.000000,0,1
1789807092.546955,5,18.056377,20.329854,-3.044550,19.128000,20.452000,17.878000,20.452000,0.081526,0.834801,0.798607,3.039860,-0.154437,0.415199,0.000000,0.000000,0,1
1789807092.646940,5,18.056377,20.329854,-3.044550,19.128000,20.452000,17.878000,20.452000,0.081526,0.834801,0.798607,3.039860,-0.154437,0.415199,0.000000,0.000000,0,1
1789807092.747411,5,18.056377,20.329854,-3.044550,19.128000,20.452000,17.878000,20.452000,0.081526,0.834801,0.798607,3.039860,-0.154437,0.415199,0.000000,0.000000,0,1
1789807092.846947,5,18.056377,20.329854,-3.044550,19.128000,20.452000,17.878000,20.452000,0.081526,0.834801,0.798607,3.039860,-0.154437,0.415199,0.000000,0.000000,0,1
1789807092.947000,5,18.056377,20.329854,-3.044550,19.128000,20.452000,17.878000,20.452000,0.081526,0.834801,0.798607,3.039860,-0.154437,0.415199,0.000000,0.000000,0,1
1789807093.046961,5,18.056377,20.329854,-3.044550,19.128000,20.452000,17.878000,20.452000,0.081526,0.834801,0.798607,3.039860,-0.154437,0.415199,0.000000,0.000000,0,1
1789807093.147248,5,18.056377,20.329854,-3.044550,19.128000,20.452000,17.878000,20.452000,0.081526,0.834801,0.798607,3.039860,-0.154437,0.415199,0.000000,0.000000,0,1
1789807093.247029,5,18.056377,20.329854,-3.044550,19.128000,20.452000,17.878000,20.452000,0.081526,0.834801,0.798607,3.039860,-0.154437,0.415199,0.000000,0.000000,0,1
1789807093.346967,5,18.056377,20.329854,-3.044550,19.128000,20.452000,17.878000,20.452000,0.081526,0.834801,0.798607,3.039860,-0.154437,0.415199,0.000000,0.000000,0,1
1789807093.448162,5,18.056377,20.329854,-3.044550,19.128000,20.452000,17.878000,20.452000,0.081526,0.834801,0.798607,3.039860,-0.154437,0.415199,0.000000,0.000000,0,1
1789807093.547024,5,18.056377,20.329854,-3.044550,19.128000,20.452000,17.878000,20.452000,0.081526,0.834801,0.798607,3.039860,-0.154437,0.415199,0.000000,0.000000,0,1
1789807093.647002,5,18.056377,20.329854,-3.044550,19.128000,20.452000,17.878000,20.452000,0.081526,0.834801,0.798607,3.039860,-0.154437,0.415199,0.000000,0.000000,0,1
1789807093.747002,5,18.056377,20.329854,-3.044550,19.128000,20.452000,17.878000,20.452000,0.081526,0.834801,0.798607,3.039860,-0.154437,0.415199,0.000000,0.000000,0,1
1789807093.847084,5,18.056377,20.329854,-3.044550,19.128000,20.452000,17.878000,20.452000,0.081526,0.834801,0.798607,3.039860,-0.154437,0.415199,0.000000,0.000000,0,1
1789807093.947188,5,18.056377,20.329854,-3.044550,19.128000,20.452000,17.878000,20.452000,0.081526,0.834801,0.798607,3.039860,-0.154437,0.415199,0.000000,0.000000,0,1
1789807094.047101,5,18.056377,20.329854,-3.044550,19.128000,20.452000,17.878000,20.452000,0.081526,0.834801,0.798607,3.039860,-0.154437,0.415199,0.000000,0.000000,0,1
1789807094.147088,5,18.056377,20.329854,-3.044550,19.128000,20.452000,17.878000,20.452000,0.081526,0.834801,0.798607,3.039860,-0.154437,0.415199,0.000000,0.000000,0,1
1789807094.247063,5,18.056377,20.329854,-3.044550,19.128000,20.452000,17.878000,20.452000,0.081526,0.834801,0.798607,3.039860,-0.154437,0.415199,0.000000,0.000000,0,1
1789807094.347047,5,18.056377,20.329854,-3.044550,19.128000,20.452000,17.878000,20.452000,0.081526,0.834801,0.798607,3.039860,-0.154437,0.415199,0.000000,0.000000,0,1
1789807094.447111,5,18.056377,20.329854,-3.044550,19.128000,20.452000,17.878000,20.452000,0.081526,0.834801,0.798607,3.039860,-0.154437,0.415199,0.000000,0.000000,0,1
1789807094.547051,5,18.056377,20.329854,-3.044550,19.128000,20.452000,17.878000,20.452000,0.081526,0.834801,0.798607,3.039860,-0.154437,0.415199,0.000000,0.000000,0,1
1789807094.647110,5,18.056377,20.329854,-3.044550,19.128000,20.452000,17.878000,20.452000,0.081526,0.834801,0.798607,3.039860,-0.154437,0.415199,0.000000,0.000000,0,1
1789807094.747127,5,18.056377,20.329854,-3.044550,19.128000,20.452000,17.878000,20.452000,0.081526,0.834801,0.798607,3.039860,-0.154437,0.415199,0.000000,0.000000,0,1
1789807094.847863,5,18.056377,20.329854,-3.044550,19.128000,20.452000,17.878000,20.452000,0.081526,0.834801,0.798607,3.039860,-0.154437,0.415199,0.000000,0.000000,0,1
1789807094.947628,5,18.056377,20.329854,-3.044550,19.128000,20.452000,17.878000,20.452000,0.081526,0.834801,0.798607,3.039860,-0.154437,0.415199,0.000000,0.000000,0,1
1789807095.047075,5,18.056377,20.329854,-3.044550,19.128000,20.452000,17.878000,20.452000,0.081526,0.834801,0.798607,3.039860,-0.154437,0.415199,0.000000,0.000000,0,1
1789807095.147104,5,18.056377,20.329854,-3.044550,19.128000,20.452000,17.878000,20.452000,0.081526,0.834801,0.798607,3.039860,-0.154437,0.415199,0.000000,0.000000,0,1
1789807095.247102,5,18.056377,20.329854,-3.044550,19.128000,20.452000,17.878000,20.452000,0.081526,0.834801,0.798607,3.039860,-0.154437,0.415199,0.000000,0.000000,0,1
1789807095.351207,5,18.056377,20.329854,-3.044550,19.128000,20.452000,17.878000,20.452000,0.081526,0.834801,0.798607,3.039860,-0.154437,0.415199,0.000000,0.000000,0,1
1789807095.448350,5,18.056377,20.329854,-3.044550,19.128000,20.452000,17.878000,20.452000,0.081526,0.834801,0.798607,3.039860,-0.154437,0.415199,0.000000,0.000000,0,1
1789807095.547159,5,18.056377,20.329854,-3.044550,19.128000,20.452000,17.878000,20.452000,0.081526,0.834801,0.798607,3.039860,-0.154437,0.415199,0.000000,0.000000,0,1
1789807095.647150,5,18.056377,20.329854,-3.044550,19.128000,20.452000,17.878000,20.452000,0.081526,0.834801,0.798607,3.039860,-0.154437,0.415199,0.000000,0.000000,0,1
1789807095.747293,5,18.056377,20.329854,-3.044550,19.128000,20.452000,17.878000,20.452000,0.081526,0.834801,0.798607,3.039860,-0.154437,0.415199,0.000000,0.000000,0,1
1789807095.847976,5,18.056377,20.329854,-3.044550,19.128000,20.452000,17.878000,20.452000,0.081526,0.834801,0.798607,3.039860,-0.154437,0.415199,0.000000,0.000000,0,1
1789807095.948063,5,18.056377,20.329854,-3.044550,19.128000,20.452000,17.878000,20.452000,0.081526,0.834801,0.798607,3.039860,-0.154437,0.415199,0.000000,0.000000,0,1
1789807096.047168,5,18.056377,20.329854,-3.044550,19.128000,20.452000,17.878000,20.452000,0.081526,0.834801,0.798607,3.039860,-0.154437,0.415199,0.000000,0.000000,0,1
1789807096.147164,5,18.056377,20.329854,-3.044550,19.128000,20.452000,17.878000,20.452000,0.081526,0.834801,0.798607,3.039860,-0.154437,0.415199,0.000000,0.000000,0,1
1789807096.247189,5,18.056377,20.329854,-3.044550,19.128000,20.452000,17.878000,20.452000,0.081526,0.834801,0.798607,3.039860,-0.154437,0.415199,0.000000,0.000000,0,1
1789807096.347152,5,18.056377,20.329854,-3.044550,19.128000,20.452000,17.878000,20.452000,0.081526,0.834801,0.798607,3.039860,-0.154437,0.415199,0.000000,0.000000,0,1
1789807096.447649,5,18.056377,20.329854,-3.044550,19.128000,20.452000,17.878000,20.452000,0.081526,0.834801,0.798607,3.039860,-0.154437,0.415199,0.000000,0.000000,0,1
1789807096.547177,5,18.056377,20.329854,-3.044550,19.128000,20.452000,17.878000,20.452000,0.081526,0.834801,0.798607,3.039860,-0.154437,0.415199,0.000000,0.000000,0,1
1789807096.648111,5,18.056377,20.329854,-3.044550,19.128000,20.452000,17.878000,20.452000,0.081526,0.834801,0.798607,3.039860,-0.154437,0.415199,0.000000,0.000000,0,1
1789807096.747186,5,18.056377,20.329854,-3.044550,19.128000,20.452000,17.878000,20.452000,0.081526,0.834801,0.798607,3.039860,-0.154437,0.415199,0.000000,0.000000,0,1
1789807096.847328,5,18.056377,20.329854,-3.044550,19.128000,20.452000,17.878000,20.452000,0.081526,0.834801,0.798607,3.039860,-0.154437,0.415199,0.000000,0.000000,0,1
1789807096.947237,5,18.056377,20.329854,-3.044550,19.128000,20.452000,17.878000,20.452000,0.081526,0.834801,0.798607,3.039860,-0.154437,0.415199,0.000000,0.000000,0,1
1789807097.047373,5,18.056377,20.329854,-3.044550,19.128000,20.452000,17.878000,20.452000,0.081526,0.834801,0.798607,3.039860,-0.154437,0.415199,0.000000,0.000000,0,1
1789807097.147174,5,18.056377,20.329854,-3.044550,19.128000,20.452000,17.878000,20.452000,0.081526,0.834801,0.798607,3.039860,-0.154437,0.415199,0.000000,0.000000,0,1
1789807097.247394,5,18.056377,20.329854,-3.044550,19.128000,20.452000,17.878000,20.452000,0.081526,0.834801,0.798607,3.039860,-0.154437,0.415199,0.000000,0.000000,0,1
1789807097.347228,5,18.056377,20.329854,-3.044550,19.128000,20.452000,17.878000,20.452000,0.081526,0.834801,0.798607,3.039860,-0.154437,0.415199,0.000000,0.000000,0,1
1789807097.447365,5,18.056377,20.329854,-3.044550,19.128000,20.452000,17.878000,20.452000,0.081526,0.834801,0.798607,3.039860,-0.154437,0.415199,0.000000,0.000000,0,1
1789807097.547223,5,18.056377,20.329854,-3.044550,19.128000,20.452000,17.878000,20.452000,0.081526,0.834801,0.798607,3.039860,-0.154437,0.415199,0.000000,0.000000,0,1
1789807097.647716,5,18.056377,20.329854,-3.044550,19.128000,20.452000,17.878000,20.452000,0.081526,0.834801,0.798607,3.039860,-0.154437,0.415199,0.000000,0.000000,0,1
1789807097.747151,5,18.056377,20.329854,-3.044550,19.128000,20.452000,17.878000,20.452000,0.081526,0.834801,0.798607,3.039860,-0.154437,0.415199,0.000000,0.000000,0,1
1789807097.847214,5,18.056377,20.329854,-3.044550,19.128000,20.452000,17.878000,20.452000,0.081526,0.834801,0.798607,3.039860,-0.154437,0.415199,0.000000,0.000000,0,1
1789807097.947269,5,18.056377,20.329854,-3.044550,19.128000,20.452000,17.878000,20.452000,0.081526,0.834801,0.798607,3.039860,-0.154437,0.415199,0.000000,0.000000,0,1
1789807098.050407,5,18.056377,20.329854,-3.044550,19.128000,20.452000,17.878000,20.452000,0.081526,0.834801,0.798607,3.039860,-0.154437,0.415199,0.000000,0.000000,0,1
1789807098.147297,5,18.056377,20.329854,-3.044550,19.128000,20.452000,17.878000,20.452000,0.081526,0.834801,0.798607,3.039860,-0.154437,0.415199,0.000000,0.000000,0,1
1789807098.250746,5,18.056377,20.329854,-3.044550,19.128000,20.452000,17.878000,20.452000,0.081526,0.834801,0.798607,3.039860,-0.154437,0.415199,0.000000,0.000000,0,1
1789807098.347297,5,18.056377,20.329854,-3.044550,19.128000,20.452000,17.878000,20.452000,0.081526,0.834801,0.798607,3.039860,-0.154437,0.415199,0.000000,0.000000,0,1
1789807098.447306,5,18.056377,20.329854,-3.044550,19.128000,20.452000,17.878000,20.452000,0.081526,0.834801,0.798607,3.039860,-0.154437,0.415199,0.000000,0.000000,0,1
1789807098.547901,5,18.056377,20.329854,-3.044550,19.128000,20.452000,17.878000,20.452000,0.081526,0.834801,0.798607,3.039860,-0.154437,0.415199,0.000000,0.000000,0,1
1789807098.647349,5,18.056377,20.329854,-3.044550,19.128000,20.452000,17.878000,20.452000,0.081526,0.834801,0.798607,3.039860,-0.154437,0.415199,0.000000,0.000000,0,1
1789807098.747405,5,18.056377,20.329854,-3.044550,19.128000,20.452000,17.878000,20.452000,0.081526,0.834801,0.798607,3.039860,-0.154437,0.415199,0.000000,0.000000,0,1
1789807098.850241,5,18.056377,20.329854,-3.044550,19.128000,20.452000,17.878000,20.452000,0.081526,0.834801,0.798607,3.039860,-0.154437,0.415199,0.000000,0.000000,0,1
1789807098.947357,5,18.056377,20.329854,-3.044550,19.128000,20.452000,17.878000,20.452000,0.081526,0.834801,0.798607,3.039860,-0.154437,0.415199,0.000000,0.000000,0,1
1789807099.050229,5,18.056377,20.329854,-3.044550,19.128000,20.452000,17.878000,20.452000,0.081526,0.834801,0.798607,3.039860,-0.154437,0.415199,0.000000,0.000000,0,1
1789807099.147362,5,18.056377,20.329854,-3.044550,19.128000,20.452000,17.878000,20.452000,0.081526,0.834801,0.798607,3.039860,-0.154437,0.415199,0.000000,0.000000,0,1
1789807099.247592,5,18.056377,20.329854,-3.044550,19.128000,20.452000,17.878000,20.452000,0.081526,0.834801,0.798607,3.039860,-0.154437,0.415199,0.000000,0.000000,0,1
1789807099.351587,5,18.056377,20.329854,-3.044550,19.128000,20.452000,17.878000,20.452000,0.081526,0.834801,0.798607,3.039860,-0.154437,0.415199,0.000000,0.000000,0,1
1789807099.447370,5,18.056377,20.329854,-3.044550,19.128000,20.452000,17.878000,20.452000,0.081526,0.834801,0.798607,3.039860,-0.154437,0.415199,0.000000,0.000000,0,1
1789807099.547525,5,18.056377,20.329854,-3.044550,19.128000,20.452000,17.878000,20.452000,0.081526,0.834801,0.798607,3.039860,-0.154437,0.415199,0.000000,0.000000,0,1
1789807099.647457,5,18.056377,20.329854,-3.044550,19.128000,20.452000,17.878000,20.452000,0.081526,0.834801,0.798607,3.039860,-0.154437,0.415199,0.000000,0.000000,0,1
1789807099.747395,5,18.056377,20.329854,-3.044550,19.128000,20.452000,17.878000,20.452000,0.081526,0.834801,0.798607,3.039860,-0.154437,0.415199,0.000000,0.000000,0,1
1789807099.850461,5,18.056377,20.329854,-3.044550,19.128000,20.452000,17.878000,20.452000,0.081526,0.834801,0.798607,3.039860,-0.154437,0.415199,0.000000,0.000000,0,1
1789807099.947423,5,18.056377,20.329854,-3.044550,19.128000,20.452000,17.878000,20.452000,0.081526,0.834801,0.798607,3.039860,-0.154437,0.415199,0.000000,0.000000,0,1
1789807100.047437,5,18.056377,20.329854,-3.044550,19.128000,20.452000,17.878000,20.452000,0.081526,0.834801,0.798607,3.039860,-0.154437,0.415199,0.000000,0.000000,0,1
1789807100.147523,5,18.056377,20.329854,-3.044550,19.128000,20.452000,17.878000,20.452000,0.081526,0.834801,0.798607,3.039860,-0.154437,0.415199,0.000000,0.000000,0,1
1789807100.247367,5,18.056377,20.329854,-3.044550,19.128000,20.452000,17.878000,20.452000,0.081526,0.834801,0.798607,3.039860,-0.154437,0.415199,0.000000,0.000000,0,1
1789807100.347564,5,18.056377,20.329854,-3.044550,19.128000,20.452000,17.878000,20.452000,0.081526,0.834801,0.798607,3.039860,-0.154437,0.415199,0.000000,0.000000,0,1
1789807100.447484,5,18.056377,20.329854,-3.044550,19.128000,20.452000,17.878000,20.452000,0.081526,0.834801,0.798607,3.039860,-0.154437,0.415199,0.000000,0.000000,0,1
1789807100.547441,5,18.056377,20.329854,-3.044550,19.128000,20.452000,17.878000,20.452000,0.081526,0.834801,0.798607,3.039860,-0.154437,0.415199,0.000000,0.000000,0,1
1789807100.647792,5,18.056377,20.329854,-3.044550,19.128000,20.452000,17.878000,20.452000,0.081526,0.834801,0.798607,3.039860,-0.154437,0.415199,0.000000,0.000000,0,1
1789807100.747463,5,18.056377,20.329854,-3.044550,19.128000,20.452000,17.878000,20.452000,0.081526,0.834801,0.798607,3.039860,-0.154437,0.415199,0.000000,0.000000,0,1
1789807100.847783,5,18.056377,20.329854,-3.044550,19.128000,20.452000,17.878000,20.452000,0.081526,0.834801,0.798607,3.039860,-0.154437,0.415199,0.000000,0.000000,0,1
1789807100.948104,5,18.056377,20.329854,-3.044550,19.128000,20.452000,17.878000,20.452000,0.081526,0.834801,0.798607,3.039860,-0.154437,0.415199,0.000000,0.000000,0,1
1789807101.051774,5,18.056377,20.329854,-3.044550,19.128000,20.452000,17.878000,20.452000,0.081526,0.834801,0.798607,3.039860,-0.154437,0.415199,0.000000,0.000000,0,1
1789807101.147699,5,18.056377,20.329854,-3.044550,19.128000,20.452000,17.878000,20.452000,0.081526,0.834801,0.798607,3.039860,-0.154437,0.415199,0.000000,0.000000,0,1
1789807101.247710,5,18.056377,20.329854,-3.044550,19.128000,20.452000,17.878000,20.452000,0.081526,0.834801,0.798607,3.039860,-0.154437,0.415199,0.000000,0.000000,0,1
1789807101.347532,5,18.056377,20.329854,-3.044550,19.128000,20.452000,17.878000,20.452000,0.081526,0.834801,0.798607,3.039860,-0.154437,0.415199,0.000000,0.000000,0,1
1789807101.447524,5,18.056377,20.329854,-3.044550,19.128000,20.452000,17.878000,20.452000,0.081526,0.834801,0.798607,3.039860,-0.154437,0.415199,0.000000,0.000000,0,1
1789807101.547523,5,18.056377,20.329854,-3.044550,19.128000,20.452000,17.878000,20.452000,0.081526,0.834801,0.798607,3.039860,-0.154437,0.415199,0.000000,0.000000,0,1
1789807101.647583,5,18.056377,20.329854,-3.044550,19.128000,20.452000,17.878000,20.452000,0.081526,0.834801,0.798607,3.039860,-0.154437,0.415199,0.000000,0.000000,0,1
1789807101.747929,5,18.056377,20.329854,-3.044550,19.128000,20.452000,17.878000,20.452000,0.081526,0.834801,0.798607,3.039860,-0.154437,0.415199,0.000000,0.000000,0,1
1789807101.847910,5,18.056377,20.329854,-3.044550,19.128000,20.452000,17.878000,20.452000,0.081526,0.834801,0.798607,3.039860,-0.154437,0.415199,0.000000,0.000000,0,1
1789807101.947819,5,18.056377,20.329854,-3.044550,19.128000,20.452000,17.878000,20.452000,0.081526,0.834801,0.798607,3.039860,-0.154437,0.415199,0.000000,0.000000,0,1
1789807102.047541,5,18.056377,20.329854,-3.044550,19.128000,20.452000,17.878000,20.452000,0.081526,0.834801,0.798607,3.039860,-0.154437,0.415199,0.000000,0.000000,0,1
1789807102.151883,5,18.056377,20.329854,-3.044550,19.128000,20.452000,17.878000,20.452000,0.081526,0.834801,0.798607,3.039860,-0.154437,0.415199,0.000000,0.000000,0,1
1789807102.247533,5,18.056377,20.329854,-3.044550,19.128000,20.452000,17.878000,20.452000,0.081526,0.834801,0.798607,3.039860,-0.154437,0.415199,0.000000,0.000000,0,1
1789807102.348729,5,18.056377,20.329854,-3.044550,19.128000,20.452000,17.878000,20.452000,0.081526,0.834801,0.798607,3.039860,-0.154437,0.415199,0.000000,0.000000,0,1
1789807102.447601,5,18.056377,20.329854,-3.044550,19.128000,20.452000,17.878000,20.452000,0.081526,0.834801,0.798607,3.039860,-0.154437,0.415199,0.000000,0.000000,0,1
1789807102.547556,5,18.056377,20.329854,-3.044550,19.128000,20.452000,17.878000,20.452000,0.081526,0.834801,0.798607,3.039860,-0.154437,0.415199,0.000000,0.000000,0,1
1789807102.647647,5,18.056377,20.329854,-3.044550,19.128000,20.452000,17.878000,20.452000,0.081526,0.834801,0.798607,3.039860,-0.154437,0.415199,0.000000,0.000000,0,1
1789807102.750190,5,18.056377,20.329854,-3.044550,19.128000,20.452000,17.878000,20.452000,0.081526,0.834801,0.798607,3.039860,-0.154437,0.415199,0.000000,0.000000,0,1
1789807102.847767,5,18.056377,20.329854,-3.044550,19.128000,20.452000,17.878000,20.452000,0.081526,0.834801,0.798607,3.039860,-0.154437,0.415199,0.000000,0.000000,0,1
1789807102.947732,5,18.056377,20.329854,-3.044550,19.128000,20.452000,17.878000,20.452000,0.081526,0.834801,0.798607,3.039860,-0.154437,0.415199,0.000000,0.000000,0,1
1789807103.047647,5,18.056377,20.329854,-3.044550,19.128000,20.452000,17.878000,20.452000,0.081526,0.834801,0.798607,3.039860,-0.154437,0.415199,0.000000,0.000000,0,1
1789807103.147659,5,18.056377,20.329854,-3.044550,19.128000,20.452000,17.878000,20.452000,0.081526,0.834801,0.798607,3.039860,-0.154437,0.415199,0.000000,0.000000,0,1
1789807103.247981,5,18.056377,20.329854,-3.044550,19.128000,20.452000,17.878000,20.452000,0.081526,0.834801,0.798607,3.039860,-0.154437,0.415199,0.000000,0.000000,0,1
1789807103.347643,5,18.056377,20.329854,-3.044550,19.128000,20.452000,17.878000,20.452000,0.081526,0.834801,0.798607,3.039860,-0.154437,0.415199,0.000000,0.000000,0,1
1789807103.447693,5,18.056377,20.329854,-3.044550,19.128000,20.452000,17.878000,20.452000,0.081526,0.834801,0.798607,3.039860,-0.154437,0.415199,0.000000,0.000000,0,1
1789807103.547736,5,18.056377,20.329854,-3.044550,19.128000,20.452000,17.878000,20.452000,0.081526,0.834801,0.798607,3.039860,-0.154437,0.415199,0.000000,0.000000,0,1
1789807103.647662,5,18.056377,20.329854,-3.044550,19.128000,20.452000,17.878000,20.452000,0.081526,0.834801,0.798607,3.039860,-0.154437,0.415199,0.000000,0.000000,0,1
1789807103.747673,5,18.056377,20.329854,-3.044550,19.128000,20.452000,17.878000,20.452000,0.081526,0.834801,0.798607,3.039860,-0.154437,0.415199,0.000000,0.000000,0,1
1789807103.851035,5,18.056377,20.329854,-3.044550,19.128000,20.452000,17.878000,20.452000,0.081526,0.834801,0.798607,3.039860,-0.154437,0.415199,0.000000,0.000000,0,1
1789807103.947718,5,18.056377,20.329854,-3.044550,19.128000,20.452000,17.878000,20.452000,0.081526,0.834801,0.798607,3.039860,-0.154437,0.415199,0.000000,0.000000,0,1
1789807104.047660,5,18.056377,20.329854,-3.044550,19.128000,20.452000,17.878000,20.452000,0.081526,0.834801,0.798607,3.039860,-0.154437,0.415199,0.000000,0.000000,0,1
1789807104.147701,5,18.056377,20.329854,-3.044550,19.128000,20.452000,17.878000,20.452000,0.081526,0.834801,0.798607,3.039860,-0.154437,0.415199,0.000000,0.000000,0,1
1789807104.247731,5,18.056377,20.329854,-3.044550,19.128000,20.452000,17.878000,20.452000,0.081526,0.834801,0.798607,3.039860,-0.154437,0.415199,0.000000,0.000000,0,1
1789807104.348601,5,18.056377,20.329854,-3.044550,19.128000,20.452000,17.878000,20.452000,0.081526,0.834801,0.798607,3.039860,-0.154437,0.415199,0.000000,0.000000,0,1
1789807104.447758,5,18.056377,20.329854,-3.044550,19.128000,20.452000,17.878000,20.452000,0.081526,0.834801,0.798607,3.039860,-0.154437,0.415199,0.000000,0.000000,0,1
1789807104.547713,5,18.056377,20.329854,-3.044550,19.128000,20.452000,17.878000,20.452000,0.081526,0.834801,0.798607,3.039860,-0.154437,0.415199,0.000000,0.000000,0,1
1789807104.647770,5,18.056377,20.329854,-3.044550,19.128000,20.452000,17.878000,20.452000,0.081526,0.834801,0.798607,3.039860,-0.154437,0.415199,0.000000,0.000000,0,1
1789807104.747820,5,18.056377,20.329854,-3.044550,19.128000,20.452000,17.878000,20.452000,0.081526,0.834801,0.798607,3.039860,-0.154437,0.415199,0.000000,0.000000,0,1
1789807104.847825,5,18.056377,20.329854,-3.044550,19.128000,20.452000,17.878000,20.452000,0.081526,0.834801,0.798607,3.039860,-0.154437,0.415199,0.000000,0.000000,0,1
1789807104.948204,5,18.056377,20.329854,-3.044550,19.128000,20.452000,17.878000,20.452000,0.081526,0.834801,0.798607,3.039860,-0.154437,0.415199,0.000000,0.000000,0,1
1789807105.047987,5,18.056377,20.329854,-3.044550,19.128000,20.452000,17.878000,20.452000,0.081526,0.834801,0.798607,3.039860,-0.154437,0.415199,0.000000,0.000000,0,1
1789807105.147768,5,18.056377,20.329854,-3.044550,19.128000,20.452000,17.878000,20.452000,0.081526,0.834801,0.798607,3.039860,-0.154437,0.415199,0.000000,0.000000,0,1
1789807105.247784,5,18.056377,20.329854,-3.044550,19.128000,20.452000,17.878000,20.452000,0.081526,0.834801,0.798607,3.039860,-0.154437,0.415199,0.000000,0.000000,0,1
1789807105.347763,5,18.056377,20.329854,-3.044550,19.128000,20.452000,17.878000,20.452000,0.081526,0.834801,0.798607,3.039860,-0.154437,0.415199,0.000000,0.000000,0,1
1789807105.447803,5,18.056377,20.329854,-3.044550,19.128000,20.452000,17.878000,20.452000,0.081526,0.834801,0.798607,3.039860,-0.154437,0.415199,0.000000,0.000000,0,1
1789807105.547801,5,18.056377,20.329854,-3.044550,19.128000,20.452000,17.878000,20.452000,0.081526,0.834801,0.798607,3.039860,-0.154437,0.415199,0.000000,0.000000,0,1
1789807105.647773,5,18.056377,20.329854,-3.044550,19.128000,20.452000,17.878000,20.452000,0.081526,0.834801,0.798607,3.039860,-0.154437,0.415199,0.000000,0.000000,0,1
1789807105.747791,5,18.056377,20.329854,-3.044550,19.128000,20.452000,17.878000,20.452000,0.081526,0.834801,0.798607,3.039860,-0.154437,0.415199,0.000000,0.000000,0,1
1789807105.847835,5,18.056377,20.329854,-3.044550,19.128000,20.452000,17.878000,20.452000,0.081526,0.834801,0.798607,3.039860,-0.154437,0.415199,0.000000,0.000000,0,1
1789807105.947891,5,18.056377,20.329854,-3.044550,19.128000,20.452000,17.878000,20.452000,0.081526,0.834801,0.798607,3.039860,-0.154437,0.415199,0.000000,0.000000,0,1
1789807106.047821,5,18.056377,20.329854,-3.044550,19.128000,20.452000,17.878000,20.452000,0.081526,0.834801,0.798607,3.039860,-0.154437,0.415199,0.000000,0.000000,0,1
1789807106.147940,5,18.056377,20.329854,-3.044550,19.128000,20.452000,17.878000,20.452000,0.081526,0.834801,0.798607,3.039860,-0.154437,0.415199,0.000000,0.000000,0,1
1789807106.247862,5,18.056377,20.329854,-3.044550,19.128000,20.452000,17.878000,20.452000,0.081526,0.834801,0.798607,3.039860,-0.154437,0.415199,0.000000,0.000000,0,1
1789807106.347843,5,18.056377,20.329854,-3.044550,19.128000,20.452000,17.878000,20.452000,0.081526,0.834801,0.798607,3.039860,-0.154437,0.415199,0.000000,0.000000,0,1
1789807106.447912,5,18.056377,20.329854,-3.044550,19.128000,20.452000,17.878000,20.452000,0.081526,0.834801,0.798607,3.039860,-0.154437,0.415199,0.000000,0.000000,0,1
1789807106.547890,5,18.056377,20.329854,-3.044550,19.128000,20.452000,17.878000,20.452000,0.081526,0.834801,0.798607,3.039860,-0.154437,0.415199,0.000000,0.000000,0,1
1789807106.647903,5,18.056377,20.329854,-3.044550,19.128000,20.452000,17.878000,20.452000,0.081526,0.834801,0.798607,3.039860,-0.154437,0.415199,0.000000,0.000000,0,1
1789807106.747914,5,18.056377,20.329854,-3.044550,19.128000,20.452000,17.878000,20.452000,0.081526,0.834801,0.798607,3.039860,-0.154437,0.415199,0.000000,0.000000,0,1
1789807106.848844,5,18.056377,20.329854,-3.044550,19.128000,20.452000,17.878000,20.452000,0.081526,0.834801,0.798607,3.039860,-0.154437,0.415199,0.000000,0.000000,0,1
1789807106.947903,5,18.056377,20.329854,-3.044550,19.128000,20.452000,17.878000,20.452000,0.081526,0.834801,0.798607,3.039860,-0.154437,0.415199,0.000000,0.000000,0,1
1789807107.047845,5,18.056377,20.329854,-3.044550,19.128000,20.452000,17.878000,20.452000,0.081526,0.834801,0.798607,3.039860,-0.154437,0.415199,0.000000,0.000000,0,1
1789807107.147905,5,18.056377,20.329854,-3.044550,19.128000,20.452000,17.878000,20.452000,0.081526,0.834801,0.798607,3.039860,-0.154437,0.415199,0.000000,0.000000,0,1
1789807107.248460,5,18.056377,20.329854,-3.044550,19.128000,20.452000,17.878000,20.452000,0.081526,0.834801,0.798607,3.039860,-0.154437,0.415199,0.000000,0.000000,0,1
1789807107.348227,5,18.056377,20.329854,-3.044550,19.128000,20.452000,17.878000,20.452000,0.081526,0.834801,0.798607,3.039860,-0.154437,0.415199,0.000000,0.000000,0,1
1789807107.447943,5,18.056377,20.329854,-3.044550,19.128000,20.452000,17.878000,20.452000,0.081526,0.834801,0.798607,3.039860,-0.154437,0.415199,0.000000,0.000000,0,1
1789807107.547934,5,18.056377,20.329854,-3.044550,19.128000,20.452000,17.878000,20.452000,0.081526,0.834801,0.798607,3.039860,-0.154437,0.415199,0.000000,0.000000,0,1
1789807107.647927,5,18.056377,20.329854,-3.044550,19.128000,20.452000,17.878000,20.452000,0.081526,0.834801,0.798607,3.039860,-0.154437,0.415199,0.000000,0.000000,0,1
1789807107.748093,5,18.056377,20.329854,-3.044550,19.128000,20.452000,17.878000,20.452000,0.081526,0.834801,0.798607,3.039860,-0.154437,0.415199,0.000000,0.000000,0,1
1789807107.848200,5,18.056377,20.329854,-3.044550,19.128000,20.452000,17.878000,20.452000,0.081526,0.834801,0.798607,3.039860,-0.154437,0.415199,0.000000,0.000000,0,1
1789807107.949201,5,18.056377,20.329854,-3.044550,19.128000,20.452000,17.878000,20.452000,0.081526,0.834801,0.798607,3.039860,-0.154437,0.415199,0.000000,0.000000,0,1
1789807108.048001,5,18.056377,20.329854,-3.044550,19.128000,20.452000,17.878000,20.452000,0.081526,0.834801,0.798607,3.039860,-0.154437,0.415199,0.000000,0.000000,0,1
1789807108.147982,5,18.056377,20.329854,-3.044550,19.128000,20.452000,17.878000,20.452000,0.081526,0.834801,0.798607,3.039860,-0.154437,0.415199,0.000000,0.000000,0,1
1789807108.248052,5,18.056377,20.329854,-3.044550,19.128000,20.452000,17.878000,20.452000,0.081526,0.834801,0.798607,3.039860,-0.154437,0.415199,0.000000,0.000000,0,1
1789807108.348008,5,18.056377,20.329854,-3.044550,19.128000,20.452000,17.878000,20.452000,0.081526,0.834801,0.798607,3.039860,-0.154437,0.415199,0.000000,0.000000,0,1
1789807108.447998,5,18.056377,20.329854,-3.044550,19.128000,20.452000,17.878000,20.452000,0.081526,0.834801,0.798607,3.039860,-0.154437,0.415199,0.000000,0.000000,0,1
1789807108.548002,5,18.056377,20.329854,-3.044550,19.128000,20.452000,17.878000,20.452000,0.081526,0.834801,0.798607,3.039860,-0.154437,0.415199,0.000000,0.000000,0,1
1789807108.648032,5,18.056377,20.329854,-3.044550,19.128000,20.452000,17.878000,20.452000,0.081526,0.834801,0.798607,3.039860,-0.154437,0.415199,0.000000,0.000000,0,1
1789807108.747998,5,18.056377,20.329854,-3.044550,19.128000,20.452000,17.878000,20.452000,0.081526,0.834801,0.798607,3.039860,-0.154437,0.415199,0.000000,0.000000,0,1
1789807108.848061,5,18.056377,20.329854,-3.044550,19.128000,20.452000,17.878000,20.452000,0.081526,0.834801,0.798607,3.039860,-0.154437,0.415199,0.000000,0.000000,0,1
1789807108.948039,5,18.056377,20.329854,-3.044550,19.128000,20.452000,17.878000,20.452000,0.081526,0.834801,0.798607,3.039860,-0.154437,0.415199,0.000000,0.000000,0,1
1789807109.048034,5,18.056377,20.329854,-3.044550,19.128000,20.452000,17.878000,20.452000,0.081526,0.834801,0.798607,3.039860,-0.154437,0.415199,0.000000,0.000000,0,1
1789807109.148038,5,18.056377,20.329854,-3.044550,19.128000,20.452000,17.878000,20.452000,0.081526,0.834801,0.798607,3.039860,-0.154437,0.415199,0.000000,0.000000,0,1
1789807109.248192,5,18.056377,20.329854,-3.044550,19.128000,20.452000,17.878000,20.452000,0.081526,0.834801,0.798607,3.039860,-0.154437,0.415199,0.000000,0.000000,0,1
1789807109.348049,5,18.056377,20.329854,-3.044550,19.128000,20.452000,17.878000,20.452000,0.081526,0.834801,0.798607,3.039860,-0.154437,0.415199,0.000000,0.000000,0,1
1789807109.448079,5,18.056377,20.329854,-3.044550,19.128000,20.452000,17.878000,20.452000,0.081526,0.834801,0.798607,3.039860,-0.154437,0.415199,0.000000,0.000000,0,1
1789807109.548094,5,18.056377,20.329854,-3.044550,19.128000,20.452000,17.878000,20.452000,0.081526,0.834801,0.798607,3.039860,-0.154437,0.415199,0.000000,0.000000,0,1
1789807109.648062,5,18.056377,20.329854,-3.044550,19.128000,20.452000,17.878000,20.452000,0.081526,0.834801,0.798607,3.039860,-0.154437,0.415199,0.000000,0.000000,0,1
1789807109.748097,5,18.056377,20.329854,-3.044550,19.128000,20.452000,17.878000,20.452000,0.081526,0.834801,0.798607,3.039860,-0.154437,0.415199,0.000000,0.000000,0,1
1789807109.848094,5,18.056377,20.329854,-3.044550,19.128000,20.452000,17.878000,20.452000,0.081526,0.834801,0.798607,3.039860,-0.154437,0.415199,0.000000,0.000000,0,1
1789807109.948117,5,18.056377,20.329854,-3.044550,19.128000,20.452000,17.878000,20.452000,0.081526,0.834801,0.798607,3.039860,-0.154437,0.415199,0.000000,0.000000,0,1
1789807110.048120,5,18.056377,20.329854,-3.044550,19.128000,20.452000,17.878000,20.452000,0.081526,0.834801,0.798607,3.039860,-0.154437,0.415199,0.000000,0.000000,0,1
1789807110.148115,5,18.056377,20.329854,-3.044550,19.128000,20.452000,17.878000,20.452000,0.081526,0.834801,0.798607,3.039860,-0.154437,0.415199,0.000000,0.000000,0,1
1789807110.248147,5,18.056377,20.329854,-3.044550,19.128000,20.452000,17.878000,20.452000,0.081526,0.834801,0.798607,3.039860,-0.154437,0.415199,0.000000,0.000000,0,1
1789807110.348144,5,18.056377,20.329854,-3.044550,19.128000,20.452000,17.878000,20.452000,0.081526,0.834801,0.798607,3.039860,-0.154437,0.415199,0.000000,0.000000,0,1
1789807110.448159,5,18.056377,20.329854,-3.044550,19.128000,20.452000,17.878000,20.452000,0.081526,0.834801,0.798607,3.039860,-0.154437,0.415199,0.000000,0.000000,0,1
1789807110.548177,5,18.056377,20.329854,-3.044550,19.128000,20.452000,17.878000,20.452000,0.081526,0.834801,0.798607,3.039860,-0.154437,0.415199,0.000000,0.000000,0,1
1789807110.648152,5,18.056377,20.329854,-3.044550,19.128000,20.452000,17.878000,20.452000,0.081526,0.834801,0.798607,3.039860,-0.154437,0.415199,0.000000,0.000000,0,1
1789807110.748185,5,18.056377,20.329854,-3.044550,19.128000,20.452000,17.878000,20.452000,0.081526,0.834801,0.798607,3.039860,-0.154437,0.415199,0.000000,0.000000,0,1
1789807110.848174,5,18.056377,20.329854,-3.044550,19.128000,20.452000,17.878000,20.452000,0.081526,0.834801,0.798607,3.039860,-0.154437,0.415199,0.000000,0.000000,0,1
1789807110.948184,5,18.056377,20.329854,-3.044550,19.128000,20.452000,17.878000,20.452000,0.081526,0.834801,0.798607,3.039860,-0.154437,0.415199,0.000000,0.000000,0,1
1789807111.048373,5,18.056377,20.329854,-3.044550,19.128000,20.452000,17.878000,20.452000,0.081526,0.834801,0.798607,3.039860,-0.154437,0.415199,0.000000,0.000000,0,1
1789807111.148197,5,18.056377,20.329854,-3.044550,19.128000,20.452000,17.878000,20.452000,0.081526,0.834801,0.798607,3.039860,-0.154437,0.415199,0.000000,0.000000,0,1
1789807111.248204,5,18.056377,20.329854,-3.044550,19.128000,20.452000,17.878000,20.452000,0.081526,0.834801,0.798607,3.039860,-0.154437,0.415199,0.000000,0.000000,0,1
1789807111.348233,5,18.056377,20.329854,-3.044550,19.128000,20.452000,17.878000,20.452000,0.081526,0.834801,0.798607,3.039860,-0.154437,0.415199,0.000000,0.000000,0,1
1789807111.448503,5,18.056377,20.329854,-3.044550,19.128000,20.452000,17.878000,20.452000,0.081526,0.834801,0.798607,3.039860,-0.154437,0.415199,0.000000,0.000000,0,1
1789807111.548198,5,18.056377,20.329854,-3.044550,19.128000,20.452000,17.878000,20.452000,0.081526,0.834801,0.798607,3.039860,-0.154437,0.415199,0.000000,0.000000,0,1
1789807111.648772,5,18.056377,20.329854,-3.044550,19.128000,20.452000,17.878000,20.452000,0.081526,0.834801,0.798607,3.039860,-0.154437,0.415199,0.000000,0.000000,0,1
1789807111.748237,5,18.056377,20.329854,-3.044550,19.128000,20.452000,17.878000,20.452000,0.081526,0.834801,0.798607,3.039860,-0.154437,0.415199,0.000000,0.000000,0,1
1789807111.848772,5,18.056377,20.329854,-3.044550,19.128000,20.452000,17.878000,20.452000,0.081526,0.834801,0.798607,3.039860,-0.154437,0.415199,0.000000,0.000000,0,1
1789807111.948250,5,18.056377,20.329854,-3.044550,19.128000,20.452000,17.878000,20.452000,0.081526,0.834801,0.798607,3.039860,-0.154437,0.415199,0.000000,0.000000,0,1
1789807112.050091,5,18.056377,20.329854,-3.044550,19.128000,20.452000,17.878000,20.452000,0.081526,0.834801,0.798607,3.039860,-0.154437,0.415199,0.000000,0.000000,0,1
1789807112.148234,5,18.056377,20.329854,-3.044550,19.128000,20.452000,17.878000,20.452000,0.081526,0.834801,0.798607,3.039860,-0.154437,0.415199,0.000000,0.000000,0,1
1789807112.248373,5,18.056377,20.329854,-3.044550,19.128000,20.452000,17.878000,20.452000,0.081526,0.834801,0.798607,3.039860,-0.154437,0.415199,0.000000,0.000000,0,1
1789807112.348279,5,18.056377,20.329854,-3.044550,19.128000,20.452000,17.878000,20.452000,0.081526,0.834801,0.798607,3.039860,-0.154437,0.415199,0.000000,0.000000,0,1
1789807112.449555,5,18.056377,20.329854,-3.044550,19.128000,20.452000,17.878000,20.452000,0.081526,0.834801,0.798607,3.039860,-0.154437,0.415199,0.000000,0.000000,0,1
1789807112.548320,5,18.056377,20.329854,-3.044550,19.128000,20.452000,17.878000,20.452000,0.081526,0.834801,0.798607,3.039860,-0.154437,0.415199,0.000000,0.000000,0,1
1789807112.648273,5,18.056377,20.329854,-3.044550,19.128000,20.452000,17.878000,20.452000,0.081526,0.834801,0.798607,3.039860,-0.154437,0.415199,0.000000,0.000000,0,1
1789807112.748282,5,18.056377,20.329854,-3.044550,19.128000,20.452000,17.878000,20.452000,0.081526,0.834801,0.798607,3.039860,-0.154437,0.415199,0.000000,0.000000,0,1
1789807112.848307,5,18.056377,20.329854,-3.044550,19.128000,20.452000,17.878000,20.452000,0.081526,0.834801,0.798607,3.039860,-0.154437,0.415199,0.000000,0.000000,0,1
1789807112.948288,5,18.056377,20.329854,-3.044550,19.128000,20.452000,17.878000,20.452000,0.081526,0.834801,0.798607,3.039860,-0.154437,0.415199,0.000000,0.000000,0,1
1789807113.048288,5,18.056377,20.329854,-3.044550,19.128000,20.452000,17.878000,20.452000,0.081526,0.834801,0.798607,3.039860,-0.154437,0.415199,0.000000,0.000000,0,1
1789807113.148324,5,18.056377,20.329854,-3.044550,19.128000,20.452000,17.878000,20.452000,0.081526,0.834801,0.798607,3.039860,-0.154437,0.415199,0.000000,0.000000,0,1
1789807113.248375,5,18.056377,20.329854,-3.044550,19.128000,20.452000,17.878000,20.452000,0.081526,0.834801,0.798607,3.039860,-0.154437,0.415199,0.000000,0.000000,0,1
1789807113.348312,5,18.056377,20.329854,-3.044550,19.128000,20.452000,17.878000,20.452000,0.081526,0.834801,0.798607,3.039860,-0.154437,0.415199,0.000000,0.000000,0,1
1789807113.448362,5,18.056377,20.329854,-3.044550,19.128000,20.452000,17.878000,20.452000,0.081526,0.834801,0.798607,3.039860,-0.154437,0.415199,0.000000,0.000000,0,1
1789807113.548313,5,18.056377,20.329854,-3.044550,19.128000,20.452000,17.878000,20.452000,0.081526,0.834801,0.798607,3.039860,-0.154437,0.415199,0.000000,0.000000,0,1
1789807113.648359,5,18.056377,20.329854,-3.044550,19.128000,20.452000,17.878000,20.452000,0.081526,0.834801,0.798607,3.039860,-0.154437,0.415199,0.000000,0.000000,0,1
1789807113.748364,5,18.056377,20.329854,-3.044550,19.128000,20.452000,17.878000,20.452000,0.081526,0.834801,0.798607,3.039860,-0.154437,0.415199,0.000000,0.000000,0,1
1789807113.848374,5,18.056377,20.329854,-3.044550,19.128000,20.452000,17.878000,20.452000,0.081526,0.834801,0.798607,3.039860,-0.154437,0.415199,0.000000,0.000000,0,1
1789807113.948388,5,18.056377,20.329854,-3.044550,19.128000,20.452000,17.878000,20.452000,0.081526,0.834801,0.798607,3.039860,-0.154437,0.415199,0.000000,0.000000,0,1
1789807114.048394,5,18.056377,20.329854,-3.044550,19.128000,20.452000,17.878000,20.452000,0.081526,0.834801,0.798607,3.039860,-0.154437,0.415199,0.000000,0.000000,0,1
1789807114.148375,5,18.056377,20.329854,-3.044550,19.128000,20.452000,17.878000,20.452000,0.081526,0.834801,0.798607,3.039860,-0.154437,0.415199,0.000000,0.000000,0,1
1789807114.248387,5,18.056377,20.329854,-3.044550,19.128000,20.452000,17.878000,20.452000,0.081526,0.834801,0.798607,3.039860,-0.154437,0.415199,0.000000,0.000000,0,1
1789807114.348373,5,18.056377,20.329854,-3.044550,19.128000,20.452000,17.878000,20.452000,0.081526,0.834801,0.798607,3.039860,-0.154437,0.415199,0.000000,0.000000,0,1
1789807114.448377,5,18.056377,20.329854,-3.044550,19.128000,20.452000,17.878000,20.452000,0.081526,0.834801,0.798607,3.039860,-0.154437,0.415199,0.000000,0.000000,0,1
1789807114.548391,5,18.056377,20.329854,-3.044550,19.128000,20.452000,17.878000,20.452000,0.081526,0.834801,0.798607,3.039860,-0.154437,0.415199,0.000000,0.000000,0,1
1789807114.648410,5,18.056377,20.329854,-3.044550,19.128000,20.452000,17.878000,20.452000,0.081526,0.834801,0.798607,3.039860,-0.154437,0.415199,0.000000,0.000000,0,1
1789807114.748418,5,18.056377,20.329854,-3.044550,19.128000,20.452000,17.878000,20.452000,0.081526,0.834801,0.798607,3.039860,-0.154437,0.415199,0.000000,0.000000,0,1
1789807114.848418,5,18.056377,20.329854,-3.044550,19.128000,20.452000,17.878000,20.452000,0.081526,0.834801,0.798607,3.039860,-0.154437,0.415199,0.000000,0.000000,0,1
1789807114.948426,5,18.056377,20.329854,-3.044550,19.128000,20.452000,17.878000,20.452000,0.081526,0.834801,0.798607,3.039860,-0.154437,0.415199,0.000000,0.000000,0,1
1789807115.048411,5,18.056377,20.329854,-3.044550,19.128000,20.452000,17.878000,20.452000,0.081526,0.834801,0.798607,3.039860,-0.154437,0.415199,0.000000,0.000000,0,1
1789807115.148433,5,18.056377,20.329854,-3.044550,19.128000,20.452000,17.878000,20.452000,0.081526,0.834801,0.798607,3.039860,-0.154437,0.415199,0.000000,0.000000,0,1
1789807115.248451,5,18.056377,20.329854,-3.044550,19.128000,20.452000,17.878000,20.452000,0.081526,0.834801,0.798607,3.039860,-0.154437,0.415199,0.000000,0.000000,0,1
1789807115.348500,5,18.056377,20.329854,-3.044550,19.128000,20.452000,17.878000,20.452000,0.081526,0.834801,0.798607,3.039860,-0.154437,0.415199,0.000000,0.000000,0,1
1789807115.448449,5,18.056377,20.329854,-3.044550,19.128000,20.452000,17.878000,20.452000,0.081526,0.834801,0.798607,3.039860,-0.154437,0.415199,0.000000,0.000000,0,1
1789807115.548477,5,18.056377,20.329854,-3.044550,19.128000,20.452000,17.878000,20.452000,0.081526,0.834801,0.798607,3.039860,-0.154437,0.415199,0.000000,0.000000,0,1
1789807115.648557,5,18.056377,20.329854,-3.044550,19.128000,20.452000,17.878000,20.452000,0.081526,0.834801,0.798607,3.039860,-0.154437,0.415199,0.000000,0.000000,0,1
1789807115.748509,5,18.056377,20.329854,-3.044550,19.128000,20.452000,17.878000,20.452000,0.081526,0.834801,0.798607,3.039860,-0.154437,0.415199,0.000000,0.000000,0,1
1789807115.848529,5,18.056377,20.329854,-3.044550,19.128000,20.452000,17.878000,20.452000,0.081526,0.834801,0.798607,3.039860,-0.154437,0.415199,0.000000,0.000000,0,1
1789807115.948530,5,18.056377,20.329854,-3.044550,19.128000,20.452000,17.878000,20.452000,0.081526,0.834801,0.798607,3.039860,-0.154437,0.415199,0.000000,0.000000,0,1
1789807116.048519,5,18.056377,20.329854,-3.044550,19.128000,20.452000,17.878000,20.452000,0.081526,0.834801,0.798607,3.039860,-0.154437,0.415199,0.000000,0.000000,0,1
1789807116.148499,5,18.056377,20.329854,-3.044550,19.128000,20.452000,17.878000,20.452000,0.081526,0.834801,0.798607,3.039860,-0.154437,0.415199,0.000000,0.000000,0,1
1789807116.248528,5,18.056377,20.329854,-3.044550,19.128000,20.452000,17.878000,20.452000,0.081526,0.834801,0.798607,3.039860,-0.154437,0.415199,0.000000,0.000000,0,1
1789807116.348543,5,18.056377,20.329854,-3.044550,19.128000,20.452000,17.878000,20.452000,0.081526,0.834801,0.798607,3.039860,-0.154437,0.415199,0.000000,0.000000,0,1
1789807116.448535,5,18.056377,20.329854,-3.044550,19.128000,20.452000,17.878000,20.452000,0.081526,0.834801,0.798607,3.039860,-0.154437,0.415199,0.000000,0.000000,0,1
1789807116.548552,5,18.056377,20.329854,-3.044550,19.128000,20.452000,17.878000,20.452000,0.081526,0.834801,0.798607,3.039860,-0.154437,0.415199,0.000000,0.000000,0,1
1789807116.648542,5,18.056377,20.329854,-3.044550,19.128000,20.452000,17.878000,20.452000,0.081526,0.834801,0.798607,3.039860,-0.154437,0.415199,0.000000,0.000000,0,1
1789807116.748565,5,18.056377,20.329854,-3.044550,19.128000,20.452000,17.878000,20.452000,0.081526,0.834801,0.798607,3.039860,-0.154437,0.415199,0.000000,0.000000,0,1
1789807116.848574,5,18.056377,20.329854,-3.044550,19.128000,20.452000,17.878000,20.452000,0.081526,0.834801,0.798607,3.039860,-0.154437,0.415199,0.000000,0.000000,0,1
1789807116.948597,5,18.056377,20.329854,-3.044550,19.128000,20.452000,17.878000,20.452000,0.081526,0.834801,0.798607,3.039860,-0.154437,0.415199,0.000000,0.000000,0,1
1789807117.048580,5,18.056377,20.329854,-3.044550,19.128000,20.452000,17.878000,20.452000,0.081526,0.834801,0.798607,3.039860,-0.154437,0.415199,0.000000,0.000000,0,1
1789807117.148606,5,18.056377,20.329854,-3.044550,19.128000,20.452000,17.878000,20.452000,0.081526,0.834801,0.798607,3.039860,-0.154437,0.415199,0.000000,0.000000,0,1
1789807117.248739,5,18.056377,20.329854,-3.044550,19.128000,20.452000,17.878000,20.452000,0.081526,0.834801,0.798607,3.039860,-0.154437,0.415199,0.000000,0.000000,0,1
1789807117.348598,5,18.056377,20.329854,-3.044550,19.128000,20.452000,17.878000,20.452000,0.081526,0.834801,0.798607,3.039860,-0.154437,0.415199,0.000000,0.000000,0,1
1789807117.448627,5,18.056377,20.329854,-3.044550,19.128000,20.452000,17.878000,20.452000,0.081526,0.834801,0.798607,3.039860,-0.154437,0.415199,0.000000,0.000000,0,1
1789807117.548662,5,18.056377,20.329854,-3.044550,19.128000,20.452000,17.878000,20.452000,0.081526,0.834801,0.798607,3.039860,-0.154437,0.415199,0.000000,0.000000,0,1
1789807117.648614,5,18.056377,20.329854,-3.044550,19.128000,20.452000,17.878000,20.452000,0.081526,0.834801,0.798607,3.039860,-0.154437,0.415199,0.000000,0.000000,0,1
1789807117.748611,5,18.056377,20.329854,-3.044550,19.128000,20.452000,17.878000,20.452000,0.081526,0.834801,0.798607,3.039860,-0.154437,0.415199,0.000000,0.000000,0,1
1789807117.848635,5,18.056377,20.329854,-3.044550,19.128000,20.452000,17.878000,20.452000,0.081526,0.834801,0.798607,3.039860,-0.154437,0.415199,0.000000,0.000000,0,1
1789807117.948652,5,18.056377,20.329854,-3.044550,19.128000,20.452000,17.878000,20.452000,0.081526,0.834801,0.798607,3.039860,-0.154437,0.415199,0.000000,0.000000,0,1
1789807118.048640,5,18.056377,20.329854,-3.044550,19.128000,20.452000,17.878000,20.452000,0.081526,0.834801,0.798607,3.039860,-0.154437,0.415199,0.000000,0.000000,0,1
1789807118.148677,5,18.056377,20.329854,-3.044550,19.128000,20.452000,17.878000,20.452000,0.081526,0.834801,0.798607,3.039860,-0.154437,0.415199,0.000000,0.000000,0,1
1789807118.248712,5,18.056377,20.329854,-3.044550,19.128000,20.452000,17.878000,20.452000,0.081526,0.834801,0.798607,3.039860,-0.154437,0.415199,0.000000,0.000000,0,1
1789807118.348694,5,18.056377,20.329854,-3.044550,19.128000,20.452000,17.878000,20.452000,0.081526,0.834801,0.798607,3.039860,-0.154437,0.415199,0.000000,0.000000,0,1
1789807118.448678,5,18.056377,20.329854,-3.044550,19.128000,20.452000,17.878000,20.452000,0.081526,0.834801,0.798607,3.039860,-0.154437,0.415199,0.000000,0.000000,0,1
1789807118.548666,5,18.056377,20.329854,-3.044550,19.128000,20.452000,17.878000,20.452000,0.081526,0.834801,0.798607,3.039860,-0.154437,0.415199,0.000000,0.000000,0,1
1789807118.648677,5,18.056377,20.329854,-3.044550,19.128000,20.452000,17.878000,20.452000,0.081526,0.834801,0.798607,3.039860,-0.154437,0.415199,0.000000,0.000000,0,1
1789807118.748709,5,18.056377,20.329854,-3.044550,19.128000,20.452000,17.878000,20.452000,0.081526,0.834801,0.798607,3.039860,-0.154437,0.415199,0.000000,0.000000,0,1
1789807118.848699,5,18.056377,20.329854,-3.044550,19.128000,20.452000,17.878000,20.452000,0.081526,0.834801,0.798607,3.039860,-0.154437,0.415199,0.000000,0.000000,0,1
1789807118.948695,5,18.056377,20.329854,-3.044550,19.128000,20.452000,17.878000,20.452000,0.081526,0.834801,0.798607,3.039860,-0.154437,0.415199,0.000000,0.000000,0,1
1789807119.048701,5,18.056377,20.329854,-3.044550,19.128000,20.452000,17.878000,20.452000,0.081526,0.834801,0.798607,3.039860,-0.154437,0.415199,0.000000,0.000000,0,1
1789807119.148720,5,18.056377,20.329854,-3.044550,19.128000,20.452000,17.878000,20.452000,0.081526,0.834801,0.798607,3.039860,-0.154437,0.415199,0.000000,0.000000,0,1
1789807119.248728,5,18.056377,20.329854,-3.044550,19.128000,20.452000,17.878000,20.452000,0.081526,0.834801,0.798607,3.039860,-0.154437,0.415199,0.000000,0.000000,0,1
1789807119.348729,5,18.056377,20.329854,-3.044550,19.128000,20.452000,17.878000,20.452000,0.081526,0.834801,0.798607,3.039860,-0.154437,0.415199,0.000000,0.000000,0,1
1789807119.448714,5,18.056377,20.329854,-3.044550,19.128000,20.452000,17.878000,20.452000,0.081526,0.834801,0.798607,3.039860,-0.154437,0.415199,0.000000,0.000000,0,1
1789807119.548739,5,18.056377,20.329854,-3.044550,19.128000,20.452000,17.878000,20.452000,0.081526,0.834801,0.798607,3.039860,-0.154437,0.415199,0.000000,0.000000,0,1
1789807119.648749,5,18.056377,20.329854,-3.044550,19.128000,20.452000,17.878000,20.452000,0.081526,0.834801,0.798607,3.039860,-0.154437,0.415199,0.000000,0.000000,0,1
1789807119.748766,5,18.056377,20.329854,-3.044550,19.128000,20.452000,17.878000,20.452000,0.081526,0.834801,0.798607,3.039860,-0.154437,0.415199,0.000000,0.000000,0,1
1789807119.848757,5,18.056377,20.329854,-3.044550,19.128000,20.452000,17.878000,20.452000,0.081526,0.834801,0.798607,3.039860,-0.154437,0.415199,0.000000,0.000000,0,1
1789807119.948760,5,18.056377,20.329854,-3.044550,19.128000,20.452000,17.878000,20.452000,0.081526,0.834801,0.798607,3.039860,-0.154437,0.415199,0.000000,0.000000,0,1
1789807120.048779,5,18.056377,20.329854,-3.044550,19.128000,20.452000,17.878000,20.452000,0.081526,0.834801,0.798607,3.039860,-0.154437,0.415199,0.000000,0.000000,0,1
1789807120.148772,5,18.056377,20.329854,-3.044550,19.128000,20.452000,17.878000,20.452000,0.081526,0.834801,0.798607,3.039860,-0.154437,0.415199,0.000000,0.000000,0,1
1789807120.248795,5,18.056377,20.329854,-3.044550,19.128000,20.452000,17.878000,20.452000,0.081526,0.834801,0.798607,3.039860,-0.154437,0.415199,0.000000,0.000000,0,1
1789807120.348851,5,18.056377,20.329854,-3.044550,19.128000,20.452000,17.878000,20.452000,0.081526,0.834801,0.798607,3.039860,-0.154437,0.415199,0.000000,0.000000,0,1
1789807120.448819,5,18.056377,20.329854,-3.044550,19.128000,20.452000,17.878000,20.452000,0.081526,0.834801,0.798607,3.039860,-0.154437,0.415199,0.000000,0.000000,0,1
1789807120.548859,5,18.056377,20.329854,-3.044550,19.128000,20.452000,17.878000,20.452000,0.081526,0.834801,0.798607,3.039860,-0.154437,0.415199,0.000000,0.000000,0,1
1789807120.648808,5,18.056377,20.329854,-3.044550,19.128000,20.452000,17.878000,20.452000,0.081526,0.834801,0.798607,3.039860,-0.154437,0.415199,0.000000,0.000000,0,1
1789807120.748863,5,18.056377,20.329854,-3.044550,19.128000,20.452000,17.878000,20.452000,0.081526,0.834801,0.798607,3.039860,-0.154437,0.415199,0.000000,0.000000,0,1
1789807120.848831,5,18.056377,20.329854,-3.044550,19.128000,20.452000,17.878000,20.452000,0.081526,0.834801,0.798607,3.039860,-0.154437,0.415199,0.000000,0.000000,0,1
1789807120.948842,5,18.056377,20.329854,-3.044550,19.128000,20.452000,17.878000,20.452000,0.081526,0.834801,0.798607,3.039860,-0.154437,0.415199,0.000000,0.000000,0,1
1789807121.048831,5,18.056377,20.329854,-3.044550,19.128000,20.452000,17.878000,20.452000,0.081526,0.834801,0.798607,3.039860,-0.154437,0.415199,0.000000,0.000000,0,1
1789807121.148870,5,18.056377,20.329854,-3.044550,19.128000,20.452000,17.878000,20.452000,0.081526,0.834801,0.798607,3.039860,-0.154437,0.415199,0.000000,0.000000,0,1
1789807121.248863,5,18.056377,20.329854,-3.044550,19.128000,20.452000,17.878000,20.452000,0.081526,0.834801,0.798607,3.039860,-0.154437,0.415199,0.000000,0.000000,0,1
1789807121.348858,5,18.056377,20.329854,-3.044550,19.128000,20.452000,17.878000,20.452000,0.081526,0.834801,0.798607,3.039860,-0.154437,0.415199,0.000000,0.000000,0,1
1789807121.448869,5,18.056377,20.329854,-3.044550,19.128000,20.452000,17.878000,20.452000,0.081526,0.834801,0.798607,3.039860,-0.154437,0.415199,0.000000,0.000000,0,1
1789807121.548910,5,18.056377,20.329854,-3.044550,19.128000,20.452000,17.878000,20.452000,0.081526,0.834801,0.798607,3.039860,-0.154437,0.415199,0.000000,0.000000,0,1
1789807121.648929,5,18.056377,20.329854,-3.044550,19.128000,20.452000,17.878000,20.452000,0.081526,0.834801,0.798607,3.039860,-0.154437,0.415199,0.000000,0.000000,0,1
1789807121.748937,5,18.056377,20.329854,-3.044550,19.128000,20.452000,17.878000,20.452000,0.081526,0.834801,0.798607,3.039860,-0.154437,0.415199,0.000000,0.000000,0,1
1789807121.848917,5,18.056377,20.329854,-3.044550,19.128000,20.452000,17.878000,20.452000,0.081526,0.834801,0.798607,3.039860,-0.154437,0.415199,0.000000,0.000000,0,1
1789807121.948929,5,18.056377,20.329854,-3.044550,19.128000,20.452000,17.878000,20.452000,0.081526,0.834801,0.798607,3.039860,-0.154437,0.415199,0.000000,0.000000,0,1
1789807122.048948,5,18.056377,20.329854,-3.044550,19.128000,20.452000,17.878000,20.452000,0.081526,0.834801,0.798607,3.039860,-0.154437,0.415199,0.000000,0.000000,0,1
1789807122.148945,5,18.056377,20.329854,-3.044550,19.128000,20.452000,17.878000,20.452000,0.081526,0.834801,0.798607,3.039860,-0.154437,0.415199,0.000000,0.000000,0,1
1789807122.248942,5,18.056377,20.329854,-3.044550,19.128000,20.452000,17.878000,20.452000,0.081526,0.834801,0.798607,3.039860,-0.154437,0.415199,0.000000,0.000000,0,1
1789807122.348928,5,18.056377,20.329854,-3.044550,19.128000,20.452000,17.878000,20.452000,0.081526,0.834801,0.798607,3.039860,-0.154437,0.415199,0.000000,0.000000,0,1
1789807122.448940,5,18.056377,20.329854,-3.044550,19.128000,20.452000,17.878000,20.452000,0.081526,0.834801,0.798607,3.039860,-0.154437,0.415199,0.000000,0.000000,0,1
1789807122.548950,5,18.056377,20.329854,-3.044550,19.128000,20.452000,17.878000,20.452000,0.081526,0.834801,0.798607,3.039860,-0.154437,0.415199,0.000000,0.000000,0,1
1789807122.648971,5,18.056377,20.329854,-3.044550,19.128000,20.452000,17.878000,20.452000,0.081526,0.834801,0.798607,3.039860,-0.154437,0.415199,0.000000,0.000000,0,1
1789807122.749042,5,18.056377,20.329854,-3.044550,19.128000,20.452000,17.878000,20.452000,0.081526,0.834801,0.798607,3.039860,-0.154437,0.415199,0.000000,0.000000,0,1
1789807122.849049,5,18.056377,20.329854,-3.044550,19.128000,20.452000,17.878000,20.452000,0.081526,0.834801,0.798607,3.039860,-0.154437,0.415199,0.000000,0.000000,0,1
1789807122.949186,5,18.056377,20.329854,-3.044550,19.128000,20.452000,17.878000,20.452000,0.081526,0.834801,0.798607,3.039860,-0.154437,0.415199,0.000000,0.000000,0,1
1789807123.049148,5,18.056377,20.329854,-3.044550,19.128000,20.452000,17.878000,20.452000,0.081526,0.834801,0.798607,3.039860,-0.154437,0.415199,0.000000,0.000000,0,1
1789807123.149024,5,18.056377,20.329854,-3.044550,19.128000,20.452000,17.878000,20.452000,0.081526,0.834801,0.798607,3.039860,-0.154437,0.415199,0.000000,0.000000,0,1
1789807123.249062,5,18.056377,20.329854,-3.044550,19.128000,20.452000,17.878000,20.452000,0.081526,0.834801,0.798607,3.039860,-0.154437,0.415199,0.000000,0.000000,0,1
1789807123.349115,5,18.056377,20.329854,-3.044550,19.128000,20.452000,17.878000,20.452000,0.081526,0.834801,0.798607,3.039860,-0.154437,0.415199,0.000000,0.000000,0,1
1789807123.449047,5,18.056377,20.329854,-3.044550,19.128000,20.452000,17.878000,20.452000,0.081526,0.834801,0.798607,3.039860,-0.154437,0.415199,0.000000,0.000000,0,1
1789807123.548979,5,18.056377,20.329854,-3.044550,19.128000,20.452000,17.878000,20.452000,0.081526,0.834801,0.798607,3.039860,-0.154437,0.415199,0.000000,0.000000,0,1
1789807123.649184,5,18.056377,20.329854,-3.044550,19.128000,20.452000,17.878000,20.452000,0.081526,0.834801,0.798607,3.039860,-0.154437,0.415199,0.000000,0.000000,0,1
1789807123.749027,5,18.056377,20.329854,-3.044550,19.128000,20.452000,17.878000,20.452000,0.081526,0.834801,0.798607,3.039860,-0.154437,0.415199,0.000000,0.000000,0,1
1789807123.849033,5,18.056377,20.329854,-3.044550,19.128000,20.452000,17.878000,20.452000,0.081526,0.834801,0.798607,3.039860,-0.154437,0.415199,0.000000,0.000000,0,1
1789807123.950665,5,18.056377,20.329854,-3.044550,19.128000,20.452000,17.878000,20.452000,0.081526,0.834801,0.798607,3.039860,-0.154437,0.415199,0.000000,0.000000,0,1
1789807124.053145,5,18.056377,20.329854,-3.044550,19.128000,20.452000,17.878000,20.452000,0.081526,0.834801,0.798607,3.039860,-0.154437,0.415199,0.000000,0.000000,0,1
1789807124.149065,5,18.056377,20.329854,-3.044550,19.128000,20.452000,17.878000,20.452000,0.081526,0.834801,0.798607,3.039860,-0.154437,0.415199,0.000000,0.000000,0,1
1789807124.249125,5,18.056377,20.329854,-3.044550,19.128000,20.452000,17.878000,20.452000,0.081526,0.834801,0.798607,3.039860,-0.154437,0.415199,0.000000,0.000000,0,1
1789807124.349113,5,18.056377,20.329854,-3.044550,19.128000,20.452000,17.878000,20.452000,0.081526,0.834801,0.798607,3.039860,-0.154437,0.415199,0.000000,0.000000,0,1
1789807124.449180,5,18.056377,20.329854,-3.044550,19.128000,20.452000,17.878000,20.452000,0.081526,0.834801,0.798607,3.039860,-0.154437,0.415199,0.000000,0.000000,0,1
1789807124.549125,5,18.056377,20.329854,-3.044550,19.128000,20.452000,17.878000,20.452000,0.081526,0.834801,0.798607,3.039860,-0.154437,0.415199,0.000000,0.000000,0,1
1789807124.649137,5,18.056377,20.329854,-3.044550,19.128000,20.452000,17.878000,20.452000,0.081526,0.834801,0.798607,3.039860,-0.154437,0.415199,0.000000,0.000000,0,1
1789807124.749105,5,18.056377,20.329854,-3.044550,19.128000,20.452000,17.878000,20.452000,0.081526,0.834801,0.798607,3.039860,-0.154437,0.415199,0.000000,0.000000,0,1
1789807124.849106,5,18.056377,20.329854,-3.044550,19.128000,20.452000,17.878000,20.452000,0.081526,0.834801,0.798607,3.039860,-0.154437,0.415199,0.000000,0.000000,0,1
1789807124.949170,5,18.056377,20.329854,-3.044550,19.128000,20.452000,17.878000,20.452000,0.081526,0.834801,0.798607,3.039860,-0.154437,0.415199,0.000000,0.000000,0,1
1789807125.049153,5,18.056377,20.329854,-3.044550,19.128000,20.452000,17.878000,20.452000,0.081526,0.834801,0.798607,3.039860,-0.154437,0.415199,0.000000,0.000000,0,1
1789807125.149140,5,18.056377,20.329854,-3.044550,19.128000,20.452000,17.878000,20.452000,0.081526,0.834801,0.798607,3.039860,-0.154437,0.415199,0.000000,0.000000,0,1
1789807125.249161,5,18.056377,20.329854,-3.044550,19.128000,20.452000,17.878000,20.452000,0.081526,0.834801,0.798607,3.039860,-0.154437,0.415199,0.000000,0.000000,0,1
1789807125.349129,5,18.056377,20.329854,-3.044550,19.128000,20.452000,17.878000,20.452000,0.081526,0.834801,0.798607,3.039860,-0.154437,0.415199,0.000000,0.000000,0,1
1789807125.449187,5,18.056377,20.329854,-3.044550,19.128000,20.452000,17.878000,20.452000,0.081526,0.834801,0.798607,3.039860,-0.154437,0.415199,0.000000,0.000000,0,1
1789807125.549147,5,18.056377,20.329854,-3.044550,19.128000,20.452000,17.878000,20.452000,0.081526,0.834801,0.798607,3.039860,-0.154437,0.415199,0.000000,0.000000,0,1
1789807125.649151,5,18.056377,20.329854,-3.044550,19.128000,20.452000,17.878000,20.452000,0.081526,0.834801,0.798607,3.039860,-0.154437,0.415199,0.000000,0.000000,0,1
1789807125.749179,5,18.056377,20.329854,-3.044550,19.128000,20.452000,17.878000,20.452000,0.081526,0.834801,0.798607,3.039860,-0.154437,0.415199,0.000000,0.000000,0,1
1789807125.849227,5,18.056377,20.329854,-3.044550,19.128000,20.452000,17.878000,20.452000,0.081526,0.834801,0.798607,3.039860,-0.154437,0.415199,0.000000,0.000000,0,1
1789807125.950308,5,18.056377,20.329854,-3.044550,19.128000,20.452000,17.878000,20.452000,0.081526,0.834801,0.798607,3.039860,-0.154437,0.415199,0.000000,0.000000,0,1
1789807126.049206,5,18.056377,20.329854,-3.044550,19.128000,20.452000,17.878000,20.452000,0.081526,0.834801,0.798607,3.039860,-0.154437,0.415199,0.000000,0.000000,0,1
1789807126.149180,5,18.056377,20.329854,-3.044550,19.128000,20.452000,17.878000,20.452000,0.081526,0.834801,0.798607,3.039860,-0.154437,0.415199,0.000000,0.000000,0,1
1789807126.249180,5,18.056377,20.329854,-3.044550,19.128000,20.452000,17.878000,20.452000,0.081526,0.834801,0.798607,3.039860,-0.154437,0.415199,0.000000,0.000000,0,1
1789807126.349228,5,18.056377,20.329854,-3.044550,19.128000,20.452000,17.878000,20.452000,0.081526,0.834801,0.798607,3.039860,-0.154437,0.415199,0.000000,0.000000,0,1
1789807126.449224,5,18.056377,20.329854,-3.044550,19.128000,20.452000,17.878000,20.452000,0.081526,0.834801,0.798607,3.039860,-0.154437,0.415199,0.000000,0.000000,0,1
1789807126.549215,5,18.056377,20.329854,-3.044550,19.128000,20.452000,17.878000,20.452000,0.081526,0.834801,0.798607,3.039860,-0.154437,0.415199,0.000000,0.000000,0,1
