time_s,segment,amcl_x,amcl_y,amcl_yaw,start_x,start_y,goal_x,goal_y,cross_track,long_track,lookahead,target_heading,heading_error,remaining_distance,linear_cmd,angular_cmd,safety_stop,finished
1789801673.342592,0,17.663849,19.932106,0.055465,0.000000,0.000000,0.000000,0.000000,0.000000,0.000000,0.000000,0.000000,0.000000,0.000000,0.000000,0.000000,1,0
1789801673.442215,0,17.716822,20.024462,0.040653,0.000000,0.000000,0.000000,0.000000,0.000000,0.000000,0.000000,0.000000,0.000000,0.000000,0.000000,0.000000,1,0
1789801673.542338,0,17.716822,20.024462,0.040653,0.000000,0.000000,0.000000,0.000000,0.000000,0.000000,0.000000,0.000000,0.000000,0.000000,0.000000,0.000000,1,0
1789801673.641844,0,17.716822,20.024462,0.040653,0.000000,0.000000,0.000000,0.000000,0.000000,0.000000,0.000000,0.000000,0.000000,0.000000,0.000000,0.000000,1,0
1789801673.741874,0,17.716822,20.024462,0.040653,0.000000,0.000000,0.000000,0.000000,0.000000,0.000000,0.000000,0.000000,0.000000,0.000000,0.000000,0.000000,1,0
1789801673.842054,0,17.716822,20.024462,0.040653,0.000000,0.000000,0.000000,0.000000,0.000000,0.000000,0.000000,0.000000,0.000000,0.000000,0.000000,0.000000,1,0
1789801673.941971,0,17.716822,20.024462,0.040653,0.000000,0.000000,0.000000,0.000000,0.000000,0.000000,0.000000,0.000000,0.000000,0.000000,0.000000,0.000000,1,0
1789801674.042073,0,17.716822,20.024462,0.040653,0.000000,0.000000,0.000000,0.000000,0.000000,0.000000,0.000000,0.000000,0.000000,0.000000,0.000000,0.000000,1,0
1789801674.142095,0,17.716822,20.024462,0.040653,0.000000,0.000000,0.000000,0.000000,0.000000,0.000000,0.000000,0.000000,0.000000,0.000000,0.000000,0.000000,1,0
1789801674.242138,0,17.716822,20.024462,0.040653,0.000000,0.000000,0.000000,0.000000,0.000000,0.000000,0.000000,0.000000,0.000000,0.000000,0.000000,0.000000,1,0
1789801674.342164,0,17.716822,20.024462,0.040653,0.000000,0.000000,0.000000,0.000000,0.000000,0.000000,0.000000,0.000000,0.000000,0.000000,0.000000,0.000000,1,0
1789801674.442397,0,17.716822,20.024462,0.040653,0.000000,0.000000,0.000000,0.000000,0.000000,0.000000,0.000000,0.000000,0.000000,0.000000,0.000000,0.000000,1,0
1789801674.542191,0,17.716822,20.024462,0.040653,0.000000,0.000000,0.000000,0.000000,0.000000,0.000000,0.000000,0.000000,0.000000,0.000000,0.000000,0.000000,1,0
1789801674.642205,0,17.716822,20.024462,0.040653,0.000000,0.000000,0.000000,0.000000,0.000000,0.000000,0.000000,0.000000,0.000000,0.000000,0.000000,0.000000,1,0
1789801674.742223,0,17.716822,20.024462,0.040653,0.000000,0.000000,0.000000,0.000000,0.000000,0.000000,0.000000,0.000000,0.000000,0.000000,0.000000,0.000000,1,0
1789801674.842256,0,17.716822,20.024462,0.040653,0.000000,0.000000,0.000000,0.000000,0.000000,0.000000,0.000000,0.000000,0.000000,0.000000,0.000000,0.000000,1,0
1789801674.942386,0,17.716822,20.024462,0.040653,0.000000,0.000000,0.000000,0.000000,0.000000,0.000000,0.000000,0.000000,0.000000,0.000000,0.000000,0.000000,1,0
1789801675.042318,0,17.716822,20.024462,0.040653,0.000000,0.000000,0.000000,0.000000,0.000000,0.000000,0.000000,0.000000,0.000000,0.000000,0.000000,0.000000,1,0
1789801675.142349,0,17.716822,20.024462,0.040653,0.000000,0.000000,0.000000,0.000000,0.000000,0.000000,0.000000,0.000000,0.000000,0.000000,0.000000,0.000000,1,0
1789801675.242397,0,17.716822,20.024462,0.040653,0.000000,0.000000,0.000000,0.000000,0.000000,0.000000,0.000000,0.000000,0.000000,0.000000,0.000000,0.000000,1,0
1789801675.342423,0,17.716822,20.024462,0.040653,0.000000,0.000000,0.000000,0.000000,0.000000,0.000000,0.000000,0.000000,0.000000,0.000000,0.000000,0.000000,1,0
1789801675.442577,0,17.716822,20.024462,0.040653,0.000000,0.000000,0.000000,0.000000,0.000000,0.000000,0.000000,0.000000,0.000000,0.000000,0.000000,0.000000,1,0
1789801675.542509,0,17.716822,20.024462,0.040653,0.000000,0.000000,0.000000,0.000000,0.000000,0.000000,0.000000,0.000000,0.000000,0.000000,0.000000,0.000000,1,0
1789801675.642549,0,17.716822,20.024462,0.040653,0.000000,0.000000,0.000000,0.000000,0.000000,0.000000,0.000000,0.000000,0.000000,0.000000,0.000000,0.000000,1,0
1789801675.742553,0,17.716822,20.024462,0.040653,0.000000,0.000000,0.000000,0.000000,0.000000,0.000000,0.000000,0.000000,0.000000,0.000000,0.000000,0.000000,1,0
1789801675.842581,0,17.716822,20.024462,0.040653,0.000000,0.000000,0.000000,0.000000,0.000000,0.000000,0.000000,0.000000,0.000000,0.000000,0.000000,0.000000,1,0
1789801675.942679,0,17.716822,20.024462,0.040653,0.000000,0.000000,0.000000,0.000000,0.000000,0.000000,0.000000,0.000000,0.000000,0.000000,0.000000,0.000000,1,0
1789801676.042669,0,17.716822,20.024462,0.040653,0.000000,0.000000,0.000000,0.000000,0.000000,0.000000,0.000000,0.000000,0.000000,0.000000,0.000000,0.000000,1,0
1789801676.142675,0,17.716822,20.024462,0.040653,0.000000,0.000000,0.000000,0.000000,0.000000,0.000000,0.000000,0.000000,0.000000,0.000000,0.000000,0.000000,1,0
1789801676.242722,0,17.716822,20.024462,0.040653,0.000000,0.000000,0.000000,0.000000,0.000000,0.000000,0.000000,0.000000,0.000000,0.000000,0.000000,0.000000,1,0
1789801676.342791,0,17.716822,20.024462,0.040653,0.000000,0.000000,0.000000,0.000000,0.000000,0.000000,0.000000,0.000000,0.000000,0.000000,0.000000,0.000000,1,0
1789801676.442783,0,17.716822,20.024462,0.040653,0.000000,0.000000,0.000000,0.000000,0.000000,0.000000,0.000000,0.000000,0.000000,0.000000,0.000000,0.000000,1,0
1789801676.542847,0,17.716822,20.024462,0.040653,0.000000,0.000000,0.000000,0.000000,0.000000,0.000000,0.000000,0.000000,0.000000,0.000000,0.000000,0.000000,1,0
1789801676.642848,0,17.716822,20.024462,0.040653,0.000000,0.000000,0.000000,0.000000,0.000000,0.000000,0.000000,0.000000,0.000000,0.000000,0.000000,0.000000,1,0
1789801676.742902,0,17.716822,20.024462,0.040653,0.000000,0.000000,0.000000,0.000000,0.000000,0.000000,0.000000,0.000000,0.000000,0.000000,0.000000,0.000000,1,0
1789801676.842932,0,17.716822,20.024462,0.040653,0.000000,0.000000,0.000000,0.000000,0.000000,0.000000,0.000000,0.000000,0.000000,0.000000,0.000000,0.000000,1,0
1789801676.942963,0,17.716822,20.024462,0.040653,0.000000,0.000000,0.000000,0.000000,0.000000,0.000000,0.000000,0.000000,0.000000,0.000000,0.000000,0.000000,1,0
1789801677.042978,0,17.716822,20.024462,0.040653,0.000000,0.000000,0.000000,0.000000,0.000000,0.000000,0.000000,0.000000,0.000000,0.000000,0.000000,0.000000,1,0
1789801677.143019,0,17.716822,20.024462,0.040653,0.000000,0.000000,0.000000,0.000000,0.000000,0.000000,0.000000,0.000000,0.000000,0.000000,0.000000,0.000000,1,0
1789801677.242993,0,17.716822,20.024462,0.040653,0.000000,0.000000,0.000000,0.000000,0.000000,0.000000,0.000000,0.000000,0.000000,0.000000,0.000000,0.000000,1,0
1789801677.343199,0,17.716822,20.024462,0.040653,0.000000,0.000000,0.000000,0.000000,0.000000,0.000000,0.000000,0.000000,0.000000,0.000000,0.000000,0.000000,1,0
1789801677.443122,0,17.716822,20.024462,0.040653,0.000000,0.000000,0.000000,0.000000,0.000000,0.000000,0.000000,0.000000,0.000000,0.000000,0.000000,0.000000,1,0
1789801677.543149,0,17.850142,20.418240,0.007474,0.000000,0.000000,0.000000,0.000000,0.000000,0.000000,0.000000,0.000000,0.000000,0.000000,0.000000,0.000000,1,0
1789801677.643831,0,17.848041,20.457386,-0.013017,0.000000,0.000000,0.000000,0.000000,0.000000,0.000000,0.000000,0.000000,0.000000,0.000000,0.000000,0.000000,1,0
1789801677.743221,0,17.848041,20.457386,-0.013017,0.000000,0.000000,0.000000,0.000000,0.000000,0.000000,0.000000,0.000000,0.000000,0.000000,0.000000,0.000000,1,0
1789801677.843283,0,17.848041,20.457386,-0.013017,0.000000,0.000000,0.000000,0.000000,0.000000,0.000000,0.000000,0.000000,0.000000,0.000000,0.000000,0.000000,1,0
1789801677.943299,0,17.848041,20.457386,-0.013017,0.000000,0.000000,0.000000,0.000000,0.000000,0.000000,0.000000,0.000000,0.000000,0.000000,0.000000,0.000000,1,0
1789801678.043820,0,17.848041,20.457386,-0.013017,0.000000,0.000000,0.000000,0.000000,0.000000,0.000000,0.000000,0.000000,0.000000,0.000000,0.000000,0.000000,1,0
1789801678.143349,0,17.848041,20.457386,-0.013017,0.000000,0.000000,0.000000,0.000000,0.000000,0.000000,0.000000,0.000000,0.000000,0.000000,0.000000,0.000000,1,0
1789801678.243381,0,17.848041,20.457386,-0.013017,0.000000,0.000000,0.000000,0.000000,0.000000,0.000000,0.000000,0.000000,0.000000,0.000000,0.000000,0.000000,1,0
1789801678.343412,0,17.848041,20.457386,-0.013017,0.000000,0.000000,0.000000,0.000000,0.000000,0.000000,0.000000,0.000000,0.000000,0.000000,0.000000,0.000000,1,0
1789801678.443462,0,17.848041,20.457386,-0.013017,0.000000,0.000000,0.000000,0.000000,0.000000,0.000000,0.000000,0.000000,0.000000,0.000000,0.000000,0.000000,1,0
1789801678.543513,0,17.848041,20.457386,-0.013017,0.000000,0.000000,0.000000,0.000000,0.000000,0.000000,0.000000,0.000000,0.000000,0.000000,0.000000,0.000000,1,0
1789801678.644669,0,17.848041,20.457386,-0.013017,0.000000,0.000000,0.000000,0.000000,0.000000,0.000000,0.000000,0.000000,0.000000,0.000000,0.000000,0.000000,1,0
1789801678.743517,0,17.848041,20.457386,-0.013017,0.000000,0.000000,0.000000,0.000000,0.000000,0.000000,0.000000,0.000000,0.000000,0.000000,0.000000,0.000000,1,0
1789801678.843589,0,17.848041,20.457386,-0.013017,0.000000,0.000000,0.000000,0.000000,0.000000,0.000000,0.000000,0.000000,0.000000,0.000000,0.000000,0.000000,1,0
1789801678.943618,0,17.848041,20.457386,-0.013017,0.000000,0.000000,0.000000,0.000000,0.000000,0.000000,0.000000,0.000000,0.000000,0.000000,0.000000,0.000000,1,0
1789801679.043666,0,17.848041,20.457386,-0.013017,0.000000,0.000000,0.000000,0.000000,0.000000,0.000000,0.000000,0.000000,0.000000,0.000000,0.000000,0.000000,1,0
1789801679.143689,0,17.848041,20.457386,-0.013017,0.000000,0.000000,0.000000,0.000000,0.000000,0.000000,0.000000,0.000000,0.000000,0.000000,0.000000,0.000000,1,0
1789801679.243705,0,17.848041,20.457386,-0.013017,0.000000,0.000000,0.000000,0.000000,0.000000,0.000000,0.000000,0.000000,0.000000,0.000000,0.000000,0.000000,1,0
1789801679.343738,0,17.848041,20.457386,-0.013017,0.000000,0.000000,0.000000,0.000000,0.000000,0.000000,0.000000,0.000000,0.000000,0.000000,0.000000,0.000000,1,0
1789801679.443813,0,17.848041,20.457386,-0.013017,0.000000,0.000000,0.000000,0.000000,0.000000,0.000000,0.000000,0.000000,0.000000,0.000000,0.000000,0.000000,1,0
1789801679.543790,0,17.848041,20.457386,-0.013017,0.000000,0.000000,0.000000,0.000000,0.000000,0.000000,0.000000,0.000000,0.000000,0.000000,0.000000,0.000000,1,0
1789801679.643856,0,17.848041,20.457386,-0.013017,0.000000,0.000000,0.000000,0.000000,0.000000,0.000000,0.000000,0.000000,0.000000,0.000000,0.000000,0.000000,1,0
1789801679.743874,0,17.848041,20.457386,-0.013017,0.000000,0.000000,0.000000,0.000000,0.000000,0.000000,0.000000,0.000000,0.000000,0.000000,0.000000,0.000000,1,0
1789801679.843908,0,17.848041,20.457386,-0.013017,0.000000,0.000000,0.000000,0.000000,0.000000,0.000000,0.000000,0.000000,0.000000,0.000000,0.000000,0.000000,1,0
1789801679.943986,0,17.848041,20.457386,-0.013017,0.000000,0.000000,0.000000,0.000000,0.000000,0.000000,0.000000,0.000000,0.000000,0.000000,0.000000,0.000000,1,0
1789801680.043973,0,17.848041,20.457386,-0.013017,0.000000,0.000000,0.000000,0.000000,0.000000,0.000000,0.000000,0.000000,0.000000,0.000000,0.000000,0.000000,1,0
1789801680.144025,0,17.848041,20.457386,-0.013017,0.000000,0.000000,0.000000,0.000000,0.000000,0.000000,0.000000,0.000000,0.000000,0.000000,0.000000,0.000000,1,0
1789801680.244090,0,17.848041,20.457386,-0.013017,0.000000,0.000000,0.000000,0.000000,0.000000,0.000000,0.000000,0.000000,0.000000,0.000000,0.000000,0.000000,1,0
1789801680.344107,0,17.848041,20.457386,-0.013017,0.000000,0.000000,0.000000,0.000000,0.000000,0.000000,0.000000,0.000000,0.000000,0.000000,0.000000,0.000000,1,0
1789801680.444152,0,17.848041,20.457386,-0.013017,0.000000,0.000000,0.000000,0.000000,0.000000,0.000000,0.000000,0.000000,0.000000,0.000000,0.000000,0.000000,1,0
1789801680.544154,0,17.848041,20.457386,-0.013017,0.000000,0.000000,0.000000,0.000000,0.000000,0.000000,0.000000,0.000000,0.000000,0.000000,0.000000,0.000000,1,0
1789801680.644207,0,17.848041,20.457386,-0.013017,0.000000,0.000000,0.000000,0.000000,0.000000,0.000000,0.000000,0.000000,0.000000,0.000000,0.000000,0.000000,1,0
1789801680.744220,0,17.848041,20.457386,-0.013017,0.000000,0.000000,0.000000,0.000000,0.000000,0.000000,0.000000,0.000000,0.000000,0.000000,0.000000,0.000000,1,0
1789801680.844239,0,17.848041,20.457386,-0.013017,0.000000,0.000000,0.000000,0.000000,0.000000,0.000000,0.000000,0.000000,0.000000,0.000000,0.000000,0.000000,1,0
1789801680.944273,0,17.848041,20.457386,-0.013017,0.000000,0.000000,0.000000,0.000000,0.000000,0.000000,0.000000,0.000000,0.000000,0.000000,0.000000,0.000000,1,0
1789801681.044304,0,17.848041,20.457386,-0.013017,0.000000,0.000000,0.000000,0.000000,0.000000,0.000000,0.000000,0.000000,0.000000,0.000000,0.000000,0.000000,1,0
1789801681.144332,0,17.848041,20.457386,-0.013017,0.000000,0.000000,0.000000,0.000000,0.000000,0.000000,0.000000,0.000000,0.000000,0.000000,0.000000,0.000000,1,0
1789801681.244364,0,17.848041,20.457386,-0.013017,0.000000,0.000000,0.000000,0.000000,0.000000,0.000000,0.000000,0.000000,0.000000,0.000000,0.000000,0.000000,1,0
1789801681.344391,0,17.848041,20.457386,-0.013017,0.000000,0.000000,0.000000,0.000000,0.000000,0.000000,0.000000,0.000000,0.000000,0.000000,0.000000,0.000000,1,0
1789801681.444422,0,17.848041,20.457386,-0.013017,0.000000,0.000000,0.000000,0.000000,0.000000,0.000000,0.000000,0.000000,0.000000,0.000000,0.000000,0.000000,1,0
1789801681.544453,0,17.848041,20.457386,-0.013017,0.000000,0.000000,0.000000,0.000000,0.000000,0.000000,0.000000,0.000000,0.000000,0.000000,0.000000,0.000000,1,0
1789801681.644520,0,17.848041,20.457386,-0.013017,0.000000,0.000000,0.000000,0.000000,0.000000,0.000000,0.000000,0.000000,0.000000,0.000000,0.000000,0.000000,1,0
1789801681.744537,0,17.848041,20.457386,-0.013017,0.000000,0.000000,0.000000,0.000000,0.000000,0.000000,0.000000,0.000000,0.000000,0.000000,0.000000,0.000000,1,0
1789801681.844589,0,17.848041,20.457386,-0.013017,0.000000,0.000000,0.000000,0.000000,0.000000,0.000000,0.000000,0.000000,0.000000,0.000000,0.000000,0.000000,1,0
1789801681.944604,0,17.848041,20.457386,-0.013017,0.000000,0.000000,0.000000,0.000000,0.000000,0.000000,0.000000,0.000000,0.000000,0.000000,0.000000,0.000000,1,0
1789801682.044645,0,17.848041,20.457386,-0.013017,0.000000,0.000000,0.000000,0.000000,0.000000,0.000000,0.000000,0.000000,0.000000,0.000000,0.000000,0.000000,1,0
1789801682.144657,0,17.848041,20.457386,-0.013017,0.000000,0.000000,0.000000,0.000000,0.000000,0.000000,0.000000,0.000000,0.000000,0.000000,0.000000,0.000000,1,0
1789801682.244693,0,17.848041,20.457386,-0.013017,0.000000,0.000000,0.000000,0.000000,0.000000,0.000000,0.000000,0.000000,0.000000,0.000000,0.000000,0.000000,1,0
1789801682.344774,0,17.848041,20.457386,-0.013017,0.000000,0.000000,0.000000,0.000000,0.000000,0.000000,0.000000,0.000000,0.000000,0.000000,0.000000,0.000000,1,0
1789801682.444782,0,17.848041,20.457386,-0.013017,0.000000,0.000000,0.000000,0.000000,0.000000,0.000000,0.000000,0.000000,0.000000,0.000000,0.000000,0.000000,1,0
1789801682.546090,0,17.848041,20.457386,-0.013017,0.000000,0.000000,0.000000,0.000000,0.000000,0.000000,0.000000,0.000000,0.000000,0.000000,0.000000,0.000000,1,0
1789801682.644832,0,17.848041,20.457386,-0.013017,0.000000,0.000000,0.000000,0.000000,0.000000,0.000000,0.000000,0.000000,0.000000,0.000000,0.000000,0.000000,1,0
1789801682.744879,0,17.848041,20.457386,-0.013017,0.000000,0.000000,0.000000,0.000000,0.000000,0.000000,0.000000,0.000000,0.000000,0.000000,0.000000,0.000000,1,0
1789801682.844866,0,17.848041,20.457386,-0.013017,0.000000,0.000000,0.000000,0.000000,0.000000,0.000000,0.000000,0.000000,0.000000,0.000000,0.000000,0.000000,1,0
1789801682.944912,0,17.848041,20.457386,-0.013017,0.000000,0.000000,0.000000,0.000000,0.000000,0.000000,0.000000,0.000000,0.000000,0.000000,0.000000,0.000000,1,0
1789801683.044971,0,17.848041,20.457386,-0.013017,0.000000,0.000000,0.000000,0.000000,0.000000,0.000000,0.000000,0.000000,0.000000,0.000000,0.000000,0.000000,1,0
1789801683.144986,0,17.848041,20.457386,-0.013017,0.000000,0.000000,0.000000,0.000000,0.000000,0.000000,0.000000,0.000000,0.000000,0.000000,0.000000,0.000000,1,0
1789801683.245042,0,17.848041,20.457386,-0.013017,0.000000,0.000000,0.000000,0.000000,0.000000,0.000000,0.000000,0.000000,0.000000,0.000000,0.000000,0.000000,1,0
1789801683.345047,0,18.127842,20.735538,0.051394,0.000000,0.000000,0.000000,0.000000,0.000000,0.000000,0.000000,0.000000,0.000000,0.000000,0.000000,0.000000,1,0
1789801683.445076,0,18.074529,20.735095,0.035506,0.000000,0.000000,0.000000,0.000000,0.000000,0.000000,0.000000,0.000000,0.000000,0.000000,0.000000,0.000000,1,0
1789801683.545144,0,18.074529,20.735095,0.035506,0.000000,0.000000,0.000000,0.000000,0.000000,0.000000,0.000000,0.000000,0.000000,0.000000,0.000000,0.000000,1,0
1789801683.645158,0,18.074529,20.735095,0.035506,0.000000,0.000000,0.000000,0.000000,0.000000,0.000000,0.000000,0.000000,0.000000,0.000000,0.000000,0.000000,1,0
1789801683.745248,0,18.074529,20.735095,0.035506,0.000000,0.000000,0.000000,0.000000,0.000000,0.000000,0.000000,0.000000,0.000000,0.000000,0.000000,0.000000,1,0
1789801683.845281,0,18.074529,20.735095,0.035506,0.000000,0.000000,0.000000,0.000000,0.000000,0.000000,0.000000,0.000000,0.000000,0.000000,0.000000,0.000000,1,0
1789801683.945240,0,18.074529,20.735095,0.035506,0.000000,0.000000,0.000000,0.000000,0.000000,0.000000,0.000000,0.000000,0.000000,0.000000,0.000000,0.000000,1,0
1789801684.045367,0,18.074529,20.735095,0.035506,0.000000,0.000000,0.000000,0.000000,0.000000,0.000000,0.000000,0.000000,0.000000,0.000000,0.000000,0.000000,1,0
1789801684.145355,0,18.074529,20.735095,0.035506,0.000000,0.000000,0.000000,0.000000,0.000000,0.000000,0.000000,0.000000,0.000000,0.000000,0.000000,0.000000,1,0
1789801684.248410,0,18.074529,20.735095,0.035506,0.000000,0.000000,0.000000,0.000000,0.000000,0.000000,0.000000,0.000000,0.000000,0.000000,0.000000,0.000000,1,0
1789801684.345401,0,18.074529,20.735095,0.035506,0.000000,0.000000,0.000000,0.000000,0.000000,0.000000,0.000000,0.000000,0.000000,0.000000,0.000000,0.000000,1,0
1789801684.445371,0,18.074529,20.735095,0.035506,0.000000,0.000000,0.000000,0.000000,0.000000,0.000000,0.000000,0.000000,0.000000,0.000000,0.000000,0.000000,1,0
1789801684.545424,0,18.074529,20.735095,0.035506,0.000000,0.000000,0.000000,0.000000,0.000000,0.000000,0.000000,0.000000,0.000000,0.000000,0.000000,0.000000,1,0
1789801684.645469,0,18.074529,20.735095,0.035506,0.000000,0.000000,0.000000,0.000000,0.000000,0.000000,0.000000,0.000000,0.000000,0.000000,0.000000,0.000000,1,0
1789801684.745507,0,18.074529,20.735095,0.035506,0.000000,0.000000,0.000000,0.000000,0.000000,0.000000,0.000000,0.000000,0.000000,0.000000,0.000000,0.000000,1,0
1789801684.845543,0,18.074529,20.735095,0.035506,0.000000,0.000000,0.000000,0.000000,0.000000,0.000000,0.000000,0.000000,0.000000,0.000000,0.000000,0.000000,1,0
1789801684.945613,0,18.074529,20.735095,0.035506,0.000000,0.000000,0.000000,0.000000,0.000000,0.000000,0.000000,0.000000,0.000000,0.000000,0.000000,0.000000,1,0
1789801685.045630,0,18.074529,20.735095,0.035506,0.000000,0.000000,0.000000,0.000000,0.000000,0.000000,0.000000,0.000000,0.000000,0.000000,0.000000,0.000000,1,0
1789801685.145603,0,18.074529,20.735095,0.035506,0.000000,0.000000,0.000000,0.000000,0.000000,0.000000,0.000000,0.000000,0.000000,0.000000,0.000000,0.000000,1,0
1789801685.245671,0,18.074529,20.735095,0.035506,0.000000,0.000000,0.000000,0.000000,0.000000,0.000000,0.000000,0.000000,0.000000,0.000000,0.000000,0.000000,1,0
1789801685.345672,0,18.074529,20.735095,0.035506,0.000000,0.000000,0.000000,0.000000,0.000000,0.000000,0.000000,0.000000,0.000000,0.000000,0.000000,0.000000,1,0
1789801685.445702,0,18.074529,20.735095,0.035506,0.000000,0.000000,0.000000,0.000000,0.000000,0.000000,0.000000,0.000000,0.000000,0.000000,0.000000,0.000000,1,0
1789801685.545730,0,18.074529,20.735095,0.035506,0.000000,0.000000,0.000000,0.000000,0.000000,0.000000,0.000000,0.000000,0.000000,0.000000,0.000000,0.000000,1,0
1789801685.645763,0,18.074529,20.735095,0.035506,0.000000,0.000000,0.000000,0.000000,0.000000,0.000000,0.000000,0.000000,0.000000,0.000000,0.000000,0.000000,1,0
1789801685.745825,0,18.074529,20.735095,0.035506,0.000000,0.000000,0.000000,0.000000,0.000000,0.000000,0.000000,0.000000,0.000000,0.000000,0.000000,0.000000,1,0
1789801685.845822,0,18.074529,20.735095,0.035506,0.000000,0.000000,0.000000,0.000000,0.000000,0.000000,0.000000,0.000000,0.000000,0.000000,0.000000,0.000000,1,0
1789801685.945893,0,18.074529,20.735095,0.035506,0.000000,0.000000,0.000000,0.000000,0.000000,0.000000,0.000000,0.000000,0.000000,0.000000,0.000000,0.000000,1,0
1789801686.045922,0,18.074529,20.735095,0.035506,0.000000,0.000000,0.000000,0.000000,0.000000,0.000000,0.000000,0.000000,0.000000,0.000000,0.000000,0.000000,1,0
1789801686.145962,0,18.074529,20.735095,0.035506,0.000000,0.000000,0.000000,0.000000,0.000000,0.000000,0.000000,0.000000,0.000000,0.000000,0.000000,0.000000,1,0
1789801686.246059,0,18.074529,20.735095,0.035506,0.000000,0.000000,0.000000,0.000000,0.000000,0.000000,0.000000,0.000000,0.000000,0.000000,0.000000,0.000000,1,0
1789801686.346057,0,18.074529,20.735095,0.035506,0.000000,0.000000,0.000000,0.000000,0.000000,0.000000,0.000000,0.000000,0.000000,0.000000,0.000000,0.000000,1,0
1789801686.446084,0,18.074529,20.735095,0.035506,0.000000,0.000000,0.000000,0.000000,0.000000,0.000000,0.000000,0.000000,0.000000,0.000000,0.000000,0.000000,1,0
1789801686.546135,0,18.074529,20.735095,0.035506,0.000000,0.000000,0.000000,0.000000,0.000000,0.000000,0.000000,0.000000,0.000000,0.000000,0.000000,0.000000,1,0
1789801686.646249,0,18.074529,20.735095,0.035506,0.000000,0.000000,0.000000,0.000000,0.000000,0.000000,0.000000,0.000000,0.000000,0.000000,0.000000,0.000000,1,0
1789801686.746170,0,18.074529,20.735095,0.035506,0.000000,0.000000,0.000000,0.000000,0.000000,0.000000,0.000000,0.000000,0.000000,0.000000,0.000000,0.000000,1,0
1789801686.846213,0,18.074529,20.735095,0.035506,0.000000,0.000000,0.000000,0.000000,0.000000,0.000000,0.000000,0.000000,0.000000,0.000000,0.000000,0.000000,1,0
1789801686.946187,0,18.074529,20.735095,0.035506,0.000000,0.000000,0.000000,0.000000,0.000000,0.000000,0.000000,0.000000,0.000000,0.000000,0.000000,0.000000,1,0
1789801687.046280,0,18.074529,20.735095,0.035506,0.000000,0.000000,0.000000,0.000000,0.000000,0.000000,0.000000,0.000000,0.000000,0.000000,0.000000,0.000000,1,0
1789801687.146241,0,18.074529,20.735095,0.035506,0.000000,0.000000,0.000000,0.000000,0.000000,0.000000,0.000000,0.000000,0.000000,0.000000,0.000000,0.000000,1,0
1789801687.246294,0,18.074529,20.735095,0.035506,0.000000,0.000000,0.000000,0.000000,0.000000,0.000000,0.000000,0.000000,0.000000,0.000000,0.000000,0.000000,1,0
1789801687.346302,0,18.074529,20.735095,0.035506,0.000000,0.000000,0.000000,0.000000,0.000000,0.000000,0.000000,0.000000,0.000000,0.000000,0.000000,0.000000,1,0
1789801687.446370,0,18.074529,20.735095,0.035506,0.000000,0.000000,0.000000,0.000000,0.000000,0.000000,0.000000,0.000000,0.000000,0.000000,0.000000,0.000000,1,0
1789801687.546381,0,18.074529,20.735095,0.035506,0.000000,0.000000,0.000000,0.000000,0.000000,0.000000,0.000000,0.000000,0.000000,0.000000,0.000000,0.000000,1,0
1789801687.646389,0,18.074529,20.735095,0.035506,0.000000,0.000000,0.000000,0.000000,0.000000,0.000000,0.000000,0.000000,0.000000,0.000000,0.000000,0.000000,1,0
1789801687.746444,0,18.074529,20.735095,0.035506,0.000000,0.000000,0.000000,0.000000,0.000000,0.000000,0.000000,0.000000,0.000000,0.000000,0.000000,0.000000,1,0
1789801687.846483,0,18.074529,20.735095,0.035506,0.000000,0.000000,0.000000,0.000000,0.000000,0.000000,0.000000,0.000000,0.000000,0.000000,0.000000,0.000000,1,0
1789801687.946545,0,18.074529,20.735095,0.035506,0.000000,0.000000,0.000000,0.000000,0.000000,0.000000,0.000000,0.000000,0.000000,0.000000,0.000000,0.000000,1,0
1789801688.046532,0,18.074529,20.735095,0.035506,0.000000,0.000000,0.000000,0.000000,0.000000,0.000000,0.000000,0.000000,0.000000,0.000000,0.000000,0.000000,1,0
1789801688.146577,0,18.074529,20.735095,0.035506,0.000000,0.000000,0.000000,0.000000,0.000000,0.000000,0.000000,0.000000,0.000000,0.000000,0.000000,0.000000,1,0
1789801688.246578,0,18.074529,20.735095,0.035506,0.000000,0.000000,0.000000,0.000000,0.000000,0.000000,0.000000,0.000000,0.000000,0.000000,0.000000,0.000000,1,0
1789801688.346555,0,18.074529,20.735095,0.035506,0.000000,0.000000,0.000000,0.000000,0.000000,0.000000,0.000000,0.000000,0.000000,0.000000,0.000000,0.000000,1,0
1789801688.447078,0,18.074529,20.735095,0.035506,0.000000,0.000000,0.000000,0.000000,0.000000,0.000000,0.000000,0.000000,0.000000,0.000000,0.000000,0.000000,1,0
1789801688.546721,0,18.074529,20.735095,0.035506,0.000000,0.000000,0.000000,0.000000,0.000000,0.000000,0.000000,0.000000,0.000000,0.000000,0.000000,0.000000,1,0
1789801688.646755,0,18.074529,20.735095,0.035506,0.000000,0.000000,0.000000,0.000000,0.000000,0.000000,0.000000,0.000000,0.000000,0.000000,0.000000,0.000000,1,0
1789801688.746736,0,18.037891,20.937267,0.066453,0.000000,0.000000,0.000000,0.000000,0.000000,0.000000,0.000000,0.000000,0.000000,0.000000,0.000000,0.000000,1,0
1789801688.846842,0,18.001833,20.902935,0.052358,0.000000,0.000000,0.000000,0.000000,0.000000,0.000000,0.000000,0.000000,0.000000,0.000000,0.000000,0.000000,1,0
1789801688.946752,0,18.001833,20.902935,0.052358,0.000000,0.000000,0.000000,0.000000,0.000000,0.000000,0.000000,0.000000,0.000000,0.000000,0.000000,0.000000,1,0
1789801689.046823,0,18.001833,20.902935,0.052358,0.000000,0.000000,0.000000,0.000000,0.000000,0.000000,0.000000,0.000000,0.000000,0.000000,0.000000,0.000000,1,0
1789801689.146866,0,18.001833,20.902935,0.052358,0.000000,0.000000,0.000000,0.000000,0.000000,0.000000,0.000000,0.000000,0.000000,0.000000,0.000000,0.000000,1,0
1789801689.246878,0,18.001833,20.902935,0.052358,0.000000,0.000000,0.000000,0.000000,0.000000,0.000000,0.000000,0.000000,0.000000,0.000000,0.000000,0.000000,1,0
1789801689.346915,0,18.001833,20.902935,0.052358,0.000000,0.000000,0.000000,0.000000,0.000000,0.000000,0.000000,0.000000,0.000000,0.000000,0.000000,0.000000,1,0
1789801689.446904,0,18.001833,20.902935,0.052358,0.000000,0.000000,0.000000,0.000000,0.000000,0.000000,0.000000,0.000000,0.000000,0.000000,0.000000,0.000000,1,0
1789801689.547009,0,18.001833,20.902935,0.052358,0.000000,0.000000,0.000000,0.000000,0.000000,0.000000,0.000000,0.000000,0.000000,0.000000,0.000000,0.000000,1,0
1789801689.647631,0,18.001833,20.902935,0.052358,0.000000,0.000000,0.000000,0.000000,0.000000,0.000000,0.000000,0.000000,0.000000,0.000000,0.000000,0.000000,1,0
1789801689.747045,0,18.001833,20.902935,0.052358,0.000000,0.000000,0.000000,0.000000,0.000000,0.000000,0.000000,0.000000,0.000000,0.000000,0.000000,0.000000,1,0
1789801689.847622,0,18.001833,20.902935,0.052358,0.000000,0.000000,0.000000,0.000000,0.000000,0.000000,0.000000,0.000000,0.000000,0.000000,0.000000,0.000000,1,0
1789801689.947113,0,18.001833,20.902935,0.052358,0.000000,0.000000,0.000000,0.000000,0.000000,0.000000,0.000000,0.000000,0.000000,0.000000,0.000000,0.000000,1,0
1789801690.047134,0,18.001833,20.902935,0.052358,0.000000,0.000000,0.000000,0.000000,0.000000,0.000000,0.000000,0.000000,0.000000,0.000000,0.000000,0.000000,1,0
1789801690.147243,0,18.001833,20.902935,0.052358,0.000000,0.000000,0.000000,0.000000,0.000000,0.000000,0.000000,0.000000,0.000000,0.000000,0.000000,0.000000,1,0
1789801690.247283,0,18.001833,20.902935,0.052358,0.000000,0.000000,0.000000,0.000000,0.000000,0.000000,0.000000,0.000000,0.000000,0.000000,0.000000,0.000000,1,0
1789801690.348991,0,18.001833,20.902935,0.052358,0.000000,0.000000,0.000000,0.000000,0.000000,0.000000,0.000000,0.000000,0.000000,0.000000,0.000000,0.000000,1,0
1789801690.447256,0,18.001833,20.902935,0.052358,0.000000,0.000000,0.000000,0.000000,0.000000,0.000000,0.000000,0.000000,0.000000,0.000000,0.000000,0.000000,1,0
1789801690.547245,0,18.001833,20.902935,0.052358,0.000000,0.000000,0.000000,0.000000,0.000000,0.000000,0.000000,0.000000,0.000000,0.000000,0.000000,0.000000,1,0
1789801690.647334,0,18.001833,20.902935,0.052358,0.000000,0.000000,0.000000,0.000000,0.000000,0.000000,0.000000,0.000000,0.000000,0.000000,0.000000,0.000000,1,0
1789801690.747430,0,18.001833,20.902935,0.052358,0.000000,0.000000,0.000000,0.000000,0.000000,0.000000,0.000000,0.000000,0.000000,0.000000,0.000000,0.000000,1,0
1789801690.847634,0,18.001833,20.902935,0.052358,0.000000,0.000000,0.000000,0.000000,0.000000,0.000000,0.000000,0.000000,0.000000,0.000000,0.000000,0.000000,1,0
1789801690.947412,0,18.001833,20.902935,0.052358,0.000000,0.000000,0.000000,0.000000,0.000000,0.000000,0.000000,0.000000,0.000000,0.000000,0.000000,0.000000,1,0
1789801691.047653,0,18.001833,20.902935,0.052358,0.000000,0.000000,0.000000,0.000000,0.000000,0.000000,0.000000,0.000000,0.000000,0.000000,0.000000,0.000000,1,0
1789801691.147530,0,18.001833,20.902935,0.052358,0.000000,0.000000,0.000000,0.000000,0.000000,0.000000,0.000000,0.000000,0.000000,0.000000,0.000000,0.000000,1,0
1789801691.247860,0,18.001833,20.902935,0.052358,0.000000,0.000000,0.000000,0.000000,0.000000,0.000000,0.000000,0.000000,0.000000,0.000000,0.000000,0.000000,1,0
1789801691.347773,0,18.001833,20.902935,0.052358,0.000000,0.000000,0.000000,0.000000,0.000000,0.000000,0.000000,0.000000,0.000000,0.000000,0.000000,0.000000,1,0
1789801691.447573,0,18.001833,20.902935,0.052358,0.000000,0.000000,0.000000,0.000000,0.000000,0.000000,0.000000,0.000000,0.000000,0.000000,0.000000,0.000000,1,0
1789801691.547749,0,18.001833,20.902935,0.052358,0.000000,0.000000,0.000000,0.000000,0.000000,0.000000,0.000000,0.000000,0.000000,0.000000,0.000000,0.000000,1,0
1789801691.647690,0,18.001833,20.902935,0.052358,0.000000,0.000000,0.000000,0.000000,0.000000,0.000000,0.000000,0.000000,0.000000,0.000000,0.000000,0.000000,1,0
1789801691.747687,0,18.001833,20.902935,0.052358,0.000000,0.000000,0.000000,0.000000,0.000000,0.000000,0.000000,0.000000,0.000000,0.000000,0.000000,0.000000,1,0
1789801691.847744,0,18.001833,20.902935,0.052358,0.000000,0.000000,0.000000,0.000000,0.000000,0.000000,0.000000,0.000000,0.000000,0.000000,0.000000,0.000000,1,0
1789801691.947784,0,18.001833,20.902935,0.052358,0.000000,0.000000,0.000000,0.000000,0.000000,0.000000,0.000000,0.000000,0.000000,0.000000,0.000000,0.000000,1,0
1789801692.048019,0,18.001833,20.902935,0.052358,0.000000,0.000000,0.000000,0.000000,0.000000,0.000000,0.000000,0.000000,0.000000,0.000000,0.000000,0.000000,1,0
1789801692.147776,0,18.001833,20.902935,0.052358,0.000000,0.000000,0.000000,0.000000,0.000000,0.000000,0.000000,0.000000,0.000000,0.000000,0.000000,0.000000,1,0
1789801692.247840,0,18.001833,20.902935,0.052358,0.000000,0.000000,0.000000,0.000000,0.000000,0.000000,0.000000,0.000000,0.000000,0.000000,0.000000,0.000000,1,0
1789801692.348053,0,18.001833,20.902935,0.052358,0.000000,0.000000,0.000000,0.000000,0.000000,0.000000,0.000000,0.000000,0.000000,0.000000,0.000000,0.000000,1,0
1789801692.447917,0,18.001833,20.902935,0.052358,0.000000,0.000000,0.000000,0.000000,0.000000,0.000000,0.000000,0.000000,0.000000,0.000000,0.000000,0.000000,1,0
1789801692.547930,0,18.001833,20.902935,0.052358,0.000000,0.000000,0.000000,0.000000,0.000000,0.000000,0.000000,0.000000,0.000000,0.000000,0.000000,0.000000,1,0
1789801692.647980,0,18.001833,20.902935,0.052358,0.000000,0.000000,0.000000,0.000000,0.000000,0.000000,0.000000,0.000000,0.000000,0.000000,0.000000,0.000000,1,0
1789801692.748005,0,18.001833,20.902935,0.052358,0.000000,0.000000,0.000000,0.000000,0.000000,0.000000,0.000000,0.000000,0.000000,0.000000,0.000000,0.000000,1,0
1789801692.848345,0,18.133663,20.867115,0.057484,0.000000,0.000000,0.000000,0.000000,0.000000,0.000000,0.000000,0.000000,0.000000,0.000000,0.000000,0.000000,1,0
1789801692.948254,0,18.089071,20.834863,0.045375,0.000000,0.000000,0.000000,0.000000,0.000000,0.000000,0.000000,0.000000,0.000000,0.000000,0.000000,0.000000,1,0
1789801693.048072,0,18.089071,20.834863,0.045375,0.000000,0.000000,0.000000,0.000000,0.000000,0.000000,0.000000,0.000000,0.000000,0.000000,0.000000,0.000000,1,0
1789801693.148081,0,18.089071,20.834863,0.045375,0.000000,0.000000,0.000000,0.000000,0.000000,0.000000,0.000000,0.000000,0.000000,0.000000,0.000000,0.000000,1,0
1789801693.248103,0,18.089071,20.834863,0.045375,0.000000,0.000000,0.000000,0.000000,0.000000,0.000000,0.000000,0.000000,0.000000,0.000000,0.000000,0.000000,1,0
1789801693.348158,0,18.089071,20.834863,0.045375,0.000000,0.000000,0.000000,0.000000,0.000000,0.000000,0.000000,0.000000,0.000000,0.000000,0.000000,0.000000,1,0
1789801693.448167,0,18.089071,20.834863,0.045375,0.000000,0.000000,0.000000,0.000000,0.000000,0.000000,0.000000,0.000000,0.000000,0.000000,0.000000,0.000000,1,0
1789801693.548190,0,18.089071,20.834863,0.045375,0.000000,0.000000,0.000000,0.000000,0.000000,0.000000,0.000000,0.000000,0.000000,0.000000,0.000000,0.000000,1,0
1789801693.648213,0,18.089071,20.834863,0.045375,0.000000,0.000000,0.000000,0.000000,0.000000,0.000000,0.000000,0.000000,0.000000,0.000000,0.000000,0.000000,1,0
1789801693.748261,0,18.089071,20.834863,0.045375,0.000000,0.000000,0.000000,0.000000,0.000000,0.000000,0.000000,0.000000,0.000000,0.000000,0.000000,0.000000,1,0
1789801693.848309,0,18.089071,20.834863,0.045375,0.000000,0.000000,0.000000,0.000000,0.000000,0.000000,0.000000,0.000000,0.000000,0.000000,0.000000,0.000000,1,0
1789801693.948292,0,18.089071,20.834863,0.045375,0.000000,0.000000,0.000000,0.000000,0.000000,0.000000,0.000000,0.000000,0.000000,0.000000,0.000000,0.000000,1,0
1789801694.048338,0,18.089071,20.834863,0.045375,0.000000,0.000000,0.000000,0.000000,0.000000,0.000000,0.000000,0.000000,0.000000,0.000000,0.000000,0.000000,1,0
1789801694.148364,0,18.089071,20.834863,0.045375,0.000000,0.000000,0.000000,0.000000,0.000000,0.000000,0.000000,0.000000,0.000000,0.000000,0.000000,0.000000,1,0
1789801694.248435,0,18.089071,20.834863,0.045375,0.000000,0.000000,0.000000,0.000000,0.000000,0.000000,0.000000,0.000000,0.000000,0.000000,0.000000,0.000000,1,0
1789801694.348492,0,18.089071,20.834863,0.045375,0.000000,0.000000,0.000000,0.000000,0.000000,0.000000,0.000000,0.000000,0.000000,0.000000,0.000000,0.000000,1,0
1789801694.448523,0,18.089071,20.834863,0.045375,0.000000,0.000000,0.000000,0.000000,0.000000,0.000000,0.000000,0.000000,0.000000,0.000000,0.000000,0.000000,1,0
1789801694.548509,0,18.089071,20.834863,0.045375,0.000000,0.000000,0.000000,0.000000,0.000000,0.000000,0.000000,0.000000,0.000000,0.000000,0.000000,0.000000,1,0
1789801694.648505,0,18.089071,20.834863,0.045375,0.000000,0.000000,0.000000,0.000000,0.000000,0.000000,0.000000,0.000000,0.000000,0.000000,0.000000,0.000000,1,0
1789801694.748534,0,18.089071,20.834863,0.045375,0.000000,0.000000,0.000000,0.000000,0.000000,0.000000,0.000000,0.000000,0.000000,0.000000,0.000000,0.000000,1,0
1789801694.850327,0,18.089071,20.834863,0.045375,0.000000,0.000000,0.000000,0.000000,0.000000,0.000000,0.000000,0.000000,0.000000,0.000000,0.000000,0.000000,1,0
1789801694.948594,0,18.089071,20.834863,0.045375,0.000000,0.000000,0.000000,0.000000,0.000000,0.000000,0.000000,0.000000,0.000000,0.000000,0.000000,0.000000,1,0
1789801695.048628,0,18.089071,20.834863,0.045375,0.000000,0.000000,0.000000,0.000000,0.000000,0.000000,0.000000,0.000000,0.000000,0.000000,0.000000,0.000000,1,0
1789801695.148691,0,18.089071,20.834863,0.045375,0.000000,0.000000,0.000000,0.000000,0.000000,0.000000,0.000000,0.000000,0.000000,0.000000,0.000000,0.000000,1,0
1789801695.248717,0,18.089071,20.834863,0.045375,0.000000,0.000000,0.000000,0.000000,0.000000,0.000000,0.000000,0.000000,0.000000,0.000000,0.000000,0.000000,1,0
1789801695.348707,0,18.089071,20.834863,0.045375,0.000000,0.000000,0.000000,0.000000,0.000000,0.000000,0.000000,0.000000,0.000000,0.000000,0.000000,0.000000,1,0
1789801695.448756,0,18.089071,20.834863,0.045375,0.000000,0.000000,0.000000,0.000000,0.000000,0.000000,0.000000,0.000000,0.000000,0.000000,0.000000,0.000000,1,0
1789801695.548804,0,18.089071,20.834863,0.045375,0.000000,0.000000,0.000000,0.000000,0.000000,0.000000,0.000000,0.000000,0.000000,0.000000,0.000000,0.000000,1,0
1789801695.648800,0,18.089071,20.834863,0.045375,0.000000,0.000000,0.000000,0.000000,0.000000,0.000000,0.000000,0.000000,0.000000,0.000000,0.000000,0.000000,1,0
1789801695.748873,0,18.089071,20.834863,0.045375,0.000000,0.000000,0.000000,0.000000,0.000000,0.000000,0.000000,0.000000,0.000000,0.000000,0.000000,0.000000,1,0
1789801695.848845,0,18.089071,20.834863,0.045375,0.000000,0.000000,0.000000,0.000000,0.000000,0.000000,0.000000,0.000000,0.000000,0.000000,0.000000,0.000000,1,0
1789801695.948900,0,18.089071,20.834863,0.045375,0.000000,0.000000,0.000000,0.000000,0.000000,0.000000,0.000000,0.000000,0.000000,0.000000,0.000000,0.000000,1,0
1789801696.048931,0,18.089071,20.834863,0.045375,0.000000,0.000000,0.000000,0.000000,0.000000,0.000000,0.000000,0.000000,0.000000,0.000000,0.000000,0.000000,1,0
1789801696.148951,0,18.089071,20.834863,0.045375,0.000000,0.000000,0.000000,0.000000,0.000000,0.000000,0.000000,0.000000,0.000000,0.000000,0.000000,0.000000,1,0
1789801696.248971,0,18.089071,20.834863,0.045375,0.000000,0.000000,0.000000,0.000000,0.000000,0.000000,0.000000,0.000000,0.000000,0.000000,0.000000,0.000000,1,0
1789801696.348997,0,18.089071,20.834863,0.045375,0.000000,0.000000,0.000000,0.000000,0.000000,0.000000,0.000000,0.000000,0.000000,0.000000,0.000000,0.000000,1,0
1789801696.449044,0,18.089071,20.834863,0.045375,0.000000,0.000000,0.000000,0.000000,0.000000,0.000000,0.000000,0.000000,0.000000,0.000000,0.000000,0.000000,1,0
1789801696.549068,0,18.089071,20.834863,0.045375,0.000000,0.000000,0.000000,0.000000,0.000000,0.000000,0.000000,0.000000,0.000000,0.000000,0.000000,0.000000,1,0
1789801696.649111,0,18.089071,20.834863,0.045375,0.000000,0.000000,0.000000,0.000000,0.000000,0.000000,0.000000,0.000000,0.000000,0.000000,0.000000,0.000000,1,0
1789801696.749123,0,18.089071,20.834863,0.045375,0.000000,0.000000,0.000000,0.000000,0.000000,0.000000,0.000000,0.000000,0.000000,0.000000,0.000000,0.000000,1,0
1789801696.849213,0,18.089071,20.834863,0.045375,0.000000,0.000000,0.000000,0.000000,0.000000,0.000000,0.000000,0.000000,0.000000,0.000000,0.000000,0.000000,1,0
1789801696.949188,0,18.089071,20.834863,0.045375,0.000000,0.000000,0.000000,0.000000,0.000000,0.000000,0.000000,0.000000,0.000000,0.000000,0.000000,0.000000,1,0
1789801697.049233,0,18.089071,20.834863,0.045375,0.000000,0.000000,0.000000,0.000000,0.000000,0.000000,0.000000,0.000000,0.000000,0.000000,0.000000,0.000000,1,0
1789801697.149212,0,18.089071,20.834863,0.045375,0.000000,0.000000,0.000000,0.000000,0.000000,0.000000,0.000000,0.000000,0.000000,0.000000,0.000000,0.000000,1,0
1789801697.249281,0,18.089071,20.834863,0.045375,0.000000,0.000000,0.000000,0.000000,0.000000,0.000000,0.000000,0.000000,0.000000,0.000000,0.000000,0.000000,1,0
1789801697.349369,0,18.089071,20.834863,0.045375,0.000000,0.000000,0.000000,0.000000,0.000000,0.000000,0.000000,0.000000,0.000000,0.000000,0.000000,0.000000,1,0
1789801697.449349,0,18.089071,20.834863,0.045375,0.000000,0.000000,0.000000,0.000000,0.000000,0.000000,0.000000,0.000000,0.000000,0.000000,0.000000,0.000000,1,0
1789801697.549415,0,18.089071,20.834863,0.045375,0.000000,0.000000,0.000000,0.000000,0.000000,0.000000,0.000000,0.000000,0.000000,0.000000,0.000000,0.000000,1,0
1789801697.649426,0,18.089071,20.834863,0.045375,0.000000,0.000000,0.000000,0.000000,0.000000,0.000000,0.000000,0.000000,0.000000,0.000000,0.000000,0.000000,1,0
1789801697.749525,0,18.089071,20.834863,0.045375,0.000000,0.000000,0.000000,0.000000,0.000000,0.000000,0.000000,0.000000,0.000000,0.000000,0.000000,0.000000,1,0
1789801697.849471,0,18.089071,20.834863,0.045375,0.000000,0.000000,0.000000,0.000000,0.000000,0.000000,0.000000,0.000000,0.000000,0.000000,0.000000,0.000000,1,0
1789801697.949462,0,18.089071,20.834863,0.045375,0.000000,0.000000,0.000000,0.000000,0.000000,0.000000,0.000000,0.000000,0.000000,0.000000,0.000000,0.000000,1,0
1789801698.049514,0,18.089071,20.834863,0.045375,0.000000,0.000000,0.000000,0.000000,0.000000,0.000000,0.000000,0.000000,0.000000,0.000000,0.000000,0.000000,1,0
1789801698.149535,0,18.089071,20.834863,0.045375,0.000000,0.000000,0.000000,0.000000,0.000000,0.000000,0.000000,0.000000,0.000000,0.000000,0.000000,0.000000,1,0
1789801698.249559,0,18.036436,20.904373,0.034995,0.000000,0.000000,0.000000,0.000000,0.000000,0.000000,0.000000,0.000000,0.000000,0.000000,0.000000,0.000000,1,0
1789801698.349543,0,18.036436,20.904373,0.034995,0.000000,0.000000,0.000000,0.000000,0.000000,0.000000,0.000000,0.000000,0.000000,0.000000,0.000000,0.000000,1,0
1789801698.449696,0,18.001420,20.844885,0.033073,0.000000,0.000000,0.000000,0.000000,0.000000,0.000000,0.000000,0.000000,0.000000,0.000000,0.000000,0.000000,1,0
1789801698.549653,0,18.001420,20.844885,0.033073,0.000000,0.000000,0.000000,0.000000,0.000000,0.000000,0.000000,0.000000,0.000000,0.000000,0.000000,0.000000,1,0
1789801698.649646,0,18.001420,20.844885,0.033073,0.000000,0.000000,0.000000,0.000000,0.000000,0.000000,0.000000,0.000000,0.000000,0.000000,0.000000,0.000000,1,0
1789801698.749683,0,18.001420,20.844885,0.033073,0.000000,0.000000,0.000000,0.000000,0.000000,0.000000,0.000000,0.000000,0.000000,0.000000,0.000000,0.000000,1,0
1789801698.849674,0,18.001420,20.844885,0.033073,0.000000,0.000000,0.000000,0.000000,0.000000,0.000000,0.000000,0.000000,0.000000,0.000000,0.000000,0.000000,1,0
1789801698.949760,0,18.001420,20.844885,0.033073,0.000000,0.000000,0.000000,0.000000,0.000000,0.000000,0.000000,0.000000,0.000000,0.000000,0.000000,0.000000,1,0
1789801699.049839,0,18.001420,20.844885,0.033073,0.000000,0.000000,0.000000,0.000000,0.000000,0.000000,0.000000,0.000000,0.000000,0.000000,0.000000,0.000000,1,0
1789801699.149858,0,18.001420,20.844885,0.033073,0.000000,0.000000,0.000000,0.000000,0.000000,0.000000,0.000000,0.000000,0.000000,0.000000,0.000000,0.000000,1,0
1789801699.249852,0,18.001420,20.844885,0.033073,0.000000,0.000000,0.000000,0.000000,0.000000,0.000000,0.000000,0.000000,0.000000,0.000000,0.000000,0.000000,1,0
1789801699.349882,0,18.001420,20.844885,0.033073,0.000000,0.000000,0.000000,0.000000,0.000000,0.000000,0.000000,0.000000,0.000000,0.000000,0.000000,0.000000,1,0
1789801699.449904,0,18.001420,20.844885,0.033073,0.000000,0.000000,0.000000,0.000000,0.000000,0.000000,0.000000,0.000000,0.000000,0.000000,0.000000,0.000000,1,0
1789801699.549957,0,18.001420,20.844885,0.033073,0.000000,0.000000,0.000000,0.000000,0.000000,0.000000,0.000000,0.000000,0.000000,0.000000,0.000000,0.000000,1,0
1789801699.650050,0,18.001420,20.844885,0.033073,0.000000,0.000000,0.000000,0.000000,0.000000,0.000000,0.000000,0.000000,0.000000,0.000000,0.000000,0.000000,1,0
1789801699.750033,0,18.001420,20.844885,0.033073,0.000000,0.000000,0.000000,0.000000,0.000000,0.000000,0.000000,0.000000,0.000000,0.000000,0.000000,0.000000,1,0
1789801699.850114,0,18.001420,20.844885,0.033073,0.000000,0.000000,0.000000,0.000000,0.000000,0.000000,0.000000,0.000000,0.000000,0.000000,0.000000,0.000000,1,0
1789801699.950104,0,18.001420,20.844885,0.033073,0.000000,0.000000,0.000000,0.000000,0.000000,0.000000,0.000000,0.000000,0.000000,0.000000,0.000000,0.000000,1,0
1789801700.050117,0,18.001420,20.844885,0.033073,0.000000,0.000000,0.000000,0.000000,0.000000,0.000000,0.000000,0.000000,0.000000,0.000000,0.000000,0.000000,1,0
1789801700.150197,0,18.001420,20.844885,0.033073,0.000000,0.000000,0.000000,0.000000,0.000000,0.000000,0.000000,0.000000,0.000000,0.000000,0.000000,0.000000,1,0
1789801700.250241,0,18.001420,20.844885,0.033073,0.000000,0.000000,0.000000,0.000000,0.000000,0.000000,0.000000,0.000000,0.000000,0.000000,0.000000,0.000000,1,0
1789801700.350190,0,18.001420,20.844885,0.033073,0.000000,0.000000,0.000000,0.000000,0.000000,0.000000,0.000000,0.000000,0.000000,0.000000,0.000000,0.000000,1,0
1789801700.450262,0,18.001420,20.844885,0.033073,0.000000,0.000000,0.000000,0.000000,0.000000,0.000000,0.000000,0.000000,0.000000,0.000000,0.000000,0.000000,1,0
1789801700.550216,0,18.001420,20.844885,0.033073,0.000000,0.000000,0.000000,0.000000,0.000000,0.000000,0.000000,0.000000,0.000000,0.000000,0.000000,0.000000,1,0
1789801700.650259,0,18.001420,20.844885,0.033073,0.000000,0.000000,0.000000,0.000000,0.000000,0.000000,0.000000,0.000000,0.000000,0.000000,0.000000,0.000000,1,0
1789801700.750262,0,18.001420,20.844885,0.033073,0.000000,0.000000,0.000000,0.000000,0.000000,0.000000,0.000000,0.000000,0.000000,0.000000,0.000000,0.000000,1,0
1789801700.850313,0,18.001420,20.844885,0.033073,0.000000,0.000000,0.000000,0.000000,0.000000,0.000000,0.000000,0.000000,0.000000,0.000000,0.000000,0.000000,1,0
1789801700.950338,0,18.001420,20.844885,0.033073,0.000000,0.000000,0.000000,0.000000,0.000000,0.000000,0.000000,0.000000,0.000000,0.000000,0.000000,0.000000,1,0
1789801701.050388,0,18.001420,20.844885,0.033073,0.000000,0.000000,0.000000,0.000000,0.000000,0.000000,0.000000,0.000000,0.000000,0.000000,0.000000,0.000000,1,0
1789801701.150388,0,18.001420,20.844885,0.033073,0.000000,0.000000,0.000000,0.000000,0.000000,0.000000,0.000000,0.000000,0.000000,0.000000,0.000000,0.000000,1,0
1789801701.250422,0,18.001420,20.844885,0.033073,0.000000,0.000000,0.000000,0.000000,0.000000,0.000000,0.000000,0.000000,0.000000,0.000000,0.000000,0.000000,1,0
1789801701.350477,0,18.001420,20.844885,0.033073,0.000000,0.000000,0.000000,0.000000,0.000000,0.000000,0.000000,0.000000,0.000000,0.000000,0.000000,0.000000,1,0
1789801701.450480,0,18.001420,20.844885,0.033073,0.000000,0.000000,0.000000,0.000000,0.000000,0.000000,0.000000,0.000000,0.000000,0.000000,0.000000,0.000000,1,0
1789801701.550667,0,18.001420,20.844885,0.033073,0.000000,0.000000,0.000000,0.000000,0.000000,0.000000,0.000000,0.000000,0.000000,0.000000,0.000000,0.000000,1,0
1789801701.650570,0,18.001420,20.844885,0.033073,0.000000,0.000000,0.000000,0.000000,0.000000,0.000000,0.000000,0.000000,0.000000,0.000000,0.000000,0.000000,1,0
1789801701.750578,0,18.001420,20.844885,0.033073,0.000000,0.000000,0.000000,0.000000,0.000000,0.000000,0.000000,0.000000,0.000000,0.000000,0.000000,0.000000,1,0
1789801701.850575,0,18.001420,20.844885,0.033073,0.000000,0.000000,0.000000,0.000000,0.000000,0.000000,0.000000,0.000000,0.000000,0.000000,0.000000,0.000000,1,0
1789801701.950602,0,18.001420,20.844885,0.033073,0.000000,0.000000,0.000000,0.000000,0.000000,0.000000,0.000000,0.000000,0.000000,0.000000,0.000000,0.000000,1,0
1789801702.050661,0,18.001420,20.844885,0.033073,0.000000,0.000000,0.000000,0.000000,0.000000,0.000000,0.000000,0.000000,0.000000,0.000000,0.000000,0.000000,1,0
1789801702.150684,0,18.001420,20.844885,0.033073,0.000000,0.000000,0.000000,0.000000,0.000000,0.000000,0.000000,0.000000,0.000000,0.000000,0.000000,0.000000,1,0
1789801702.250740,0,18.001420,20.844885,0.033073,0.000000,0.000000,0.000000,0.000000,0.000000,0.000000,0.000000,0.000000,0.000000,0.000000,0.000000,0.000000,1,0
1789801702.350731,0,18.001420,20.844885,0.033073,0.000000,0.000000,0.000000,0.000000,0.000000,0.000000,0.000000,0.000000,0.000000,0.000000,0.000000,0.000000,1,0
1789801702.450750,0,18.001420,20.844885,0.033073,0.000000,0.000000,0.000000,0.000000,0.000000,0.000000,0.000000,0.000000,0.000000,0.000000,0.000000,0.000000,1,0
1789801702.550852,0,18.001420,20.844885,0.033073,0.000000,0.000000,0.000000,0.000000,0.000000,0.000000,0.000000,0.000000,0.000000,0.000000,0.000000,0.000000,1,0
1789801702.650814,0,18.001420,20.844885,0.033073,0.000000,0.000000,0.000000,0.000000,0.000000,0.000000,0.000000,0.000000,0.000000,0.000000,0.000000,0.000000,1,0
1789801702.751116,0,18.001420,20.844885,0.033073,0.000000,0.000000,0.000000,0.000000,0.000000,0.000000,0.000000,0.000000,0.000000,0.000000,0.000000,0.000000,1,0
1789801702.850863,0,18.001420,20.844885,0.033073,0.000000,0.000000,0.000000,0.000000,0.000000,0.000000,0.000000,0.000000,0.000000,0.000000,0.000000,0.000000,1,0
1789801702.950898,0,18.001420,20.844885,0.033073,0.000000,0.000000,0.000000,0.000000,0.000000,0.000000,0.000000,0.000000,0.000000,0.000000,0.000000,0.000000,1,0
1789801703.051095,0,18.001420,20.844885,0.033073,0.000000,0.000000,0.000000,0.000000,0.000000,0.000000,0.000000,0.000000,0.000000,0.000000,0.000000,0.000000,1,0
1789801703.150954,0,18.001420,20.844885,0.033073,0.000000,0.000000,0.000000,0.000000,0.000000,0.000000,0.000000,0.000000,0.000000,0.000000,0.000000,0.000000,1,0
1789801703.250979,0,18.001420,20.844885,0.033073,0.000000,0.000000,0.000000,0.000000,0.000000,0.000000,0.000000,0.000000,0.000000,0.000000,0.000000,0.000000,1,0
1789801703.350992,0,18.001420,20.844885,0.033073,0.000000,0.000000,0.000000,0.000000,0.000000,0.000000,0.000000,0.000000,0.000000,0.000000,0.000000,0.000000,1,0
1789801703.451046,0,18.001420,20.844885,0.033073,0.000000,0.000000,0.000000,0.000000,0.000000,0.000000,0.000000,0.000000,0.000000,0.000000,0.000000,0.000000,1,0
1789801703.551092,0,18.001420,20.844885,0.033073,0.000000,0.000000,0.000000,0.000000,0.000000,0.000000,0.000000,0.000000,0.000000,0.000000,0.000000,0.000000,1,0
1789801703.651084,0,18.001420,20.844885,0.033073,0.000000,0.000000,0.000000,0.000000,0.000000,0.000000,0.000000,0.000000,0.000000,0.000000,0.000000,0.000000,1,0
1789801703.751143,0,18.001420,20.844885,0.033073,0.000000,0.000000,0.000000,0.000000,0.000000,0.000000,0.000000,0.000000,0.000000,0.000000,0.000000,0.000000,1,0
1789801703.851161,0,18.001420,20.844885,0.033073,0.000000,0.000000,0.000000,0.000000,0.000000,0.000000,0.000000,0.000000,0.000000,0.000000,0.000000,0.000000,1,0
1789801703.951181,0,18.001420,20.844885,0.033073,0.000000,0.000000,0.000000,0.000000,0.000000,0.000000,0.000000,0.000000,0.000000,0.000000,0.000000,0.000000,1,0
1789801704.051225,0,18.001420,20.844885,0.033073,0.000000,0.000000,0.000000,0.000000,0.000000,0.000000,0.000000,0.000000,0.000000,0.000000,0.000000,0.000000,1,0
1789801704.151304,0,18.001420,20.844885,0.033073,0.000000,0.000000,0.000000,0.000000,0.000000,0.000000,0.000000,0.000000,0.000000,0.000000,0.000000,0.000000,1,0
1789801704.251292,0,18.001420,20.844885,0.033073,0.000000,0.000000,0.000000,0.000000,0.000000,0.000000,0.000000,0.000000,0.000000,0.000000,0.000000,0.000000,1,0
1789801704.351307,0,18.227980,20.764067,0.041301,0.000000,0.000000,0.000000,0.000000,0.000000,0.000000,0.000000,0.000000,0.000000,0.000000,0.000000,0.000000,1,0
1789801704.451293,0,18.227980,20.764067,0.041301,0.000000,0.000000,0.000000,0.000000,0.000000,0.000000,0.000000,0.000000,0.000000,0.000000,0.000000,0.000000,1,0
1789801704.551353,0,18.145568,20.743408,0.028306,0.000000,0.000000,0.000000,0.000000,0.000000,0.000000,0.000000,0.000000,0.000000,0.000000,0.000000,0.000000,1,0
1789801704.651356,0,18.145568,20.743408,0.028306,0.000000,0.000000,0.000000,0.000000,0.000000,0.000000,0.000000,0.000000,0.000000,0.000000,0.000000,0.000000,1,0
1789801704.751399,0,18.145568,20.743408,0.028306,0.000000,0.000000,0.000000,0.000000,0.000000,0.000000,0.000000,0.000000,0.000000,0.000000,0.000000,0.000000,1,0
1789801704.851431,0,18.145568,20.743408,0.028306,0.000000,0.000000,0.000000,0.000000,0.000000,0.000000,0.000000,0.000000,0.000000,0.000000,0.000000,0.000000,1,0
1789801704.951441,0,18.145568,20.743408,0.028306,0.000000,0.000000,0.000000,0.000000,0.000000,0.000000,0.000000,0.000000,0.000000,0.000000,0.000000,0.000000,1,0
1789801705.051515,0,18.145568,20.743408,0.028306,0.000000,0.000000,0.000000,0.000000,0.000000,0.000000,0.000000,0.000000,0.000000,0.000000,0.000000,0.000000,1,0
1789801705.151485,0,18.145568,20.743408,0.028306,0.000000,0.000000,0.000000,0.000000,0.000000,0.000000,0.000000,0.000000,0.000000,0.000000,0.000000,0.000000,1,0
1789801705.251536,0,18.145568,20.743408,0.028306,0.000000,0.000000,0.000000,0.000000,0.000000,0.000000,0.000000,0.000000,0.000000,0.000000,0.000000,0.000000,1,0
1789801705.351610,0,18.145568,20.743408,0.028306,0.000000,0.000000,0.000000,0.000000,0.000000,0.000000,0.000000,0.000000,0.000000,0.000000,0.000000,0.000000,1,0
1789801705.451641,0,18.145568,20.743408,0.028306,0.000000,0.000000,0.000000,0.000000,0.000000,0.000000,0.000000,0.000000,0.000000,0.000000,0.000000,0.000000,1,0
1789801705.551628,0,18.145568,20.743408,0.028306,0.000000,0.000000,0.000000,0.000000,0.000000,0.000000,0.000000,0.000000,0.000000,0.000000,0.000000,0.000000,1,0
1789801705.651640,0,18.145568,20.743408,0.028306,0.000000,0.000000,0.000000,0.000000,0.000000,0.000000,0.000000,0.000000,0.000000,0.000000,0.000000,0.000000,1,0
1789801705.751695,0,18.145568,20.743408,0.028306,0.000000,0.000000,0.000000,0.000000,0.000000,0.000000,0.000000,0.000000,0.000000,0.000000,0.000000,0.000000,1,0
1789801705.851694,0,18.145568,20.743408,0.028306,0.000000,0.000000,0.000000,0.000000,0.000000,0.000000,0.000000,0.000000,0.000000,0.000000,0.000000,0.000000,1,0
1789801705.951712,0,18.145568,20.743408,0.028306,0.000000,0.000000,0.000000,0.000000,0.000000,0.000000,0.000000,0.000000,0.000000,0.000000,0.000000,0.000000,1,0
1789801706.051739,0,18.145568,20.743408,0.028306,0.000000,0.000000,0.000000,0.000000,0.000000,0.000000,0.000000,0.000000,0.000000,0.000000,0.000000,0.000000,1,0
1789801706.151786,0,18.145568,20.743408,0.028306,0.000000,0.000000,0.000000,0.000000,0.000000,0.000000,0.000000,0.000000,0.000000,0.000000,0.000000,0.000000,1,0
1789801706.251850,0,18.145568,20.743408,0.028306,0.000000,0.000000,0.000000,0.000000,0.000000,0.000000,0.000000,0.000000,0.000000,0.000000,0.000000,0.000000,1,0
1789801706.351796,0,18.145568,20.743408,0.028306,0.000000,0.000000,0.000000,0.000000,0.000000,0.000000,0.000000,0.000000,0.000000,0.000000,0.000000,0.000000,1,0
1789801706.451874,0,18.145568,20.743408,0.028306,0.000000,0.000000,0.000000,0.000000,0.000000,0.000000,0.000000,0.000000,0.000000,0.000000,0.000000,0.000000,1,0
1789801706.551868,0,18.145568,20.743408,0.028306,0.000000,0.000000,0.000000,0.000000,0.000000,0.000000,0.000000,0.000000,0.000000,0.000000,0.000000,0.000000,1,0
1789801706.651889,0,18.145568,20.743408,0.028306,0.000000,0.000000,0.000000,0.000000,0.000000,0.000000,0.000000,0.000000,0.000000,0.000000,0.000000,0.000000,1,0
1789801706.751948,0,18.145568,20.743408,0.028306,0.000000,0.000000,0.000000,0.000000,0.000000,0.000000,0.000000,0.000000,0.000000,0.000000,0.000000,0.000000,1,0
1789801706.851975,0,18.145568,20.743408,0.028306,0.000000,0.000000,0.000000,0.000000,0.000000,0.000000,0.000000,0.000000,0.000000,0.000000,0.000000,0.000000,1,0
1789801706.951998,0,18.145568,20.743408,0.028306,0.000000,0.000000,0.000000,0.000000,0.000000,0.000000,0.000000,0.000000,0.000000,0.000000,0.000000,0.000000,1,0
1789801707.052037,0,18.145568,20.743408,0.028306,0.000000,0.000000,0.000000,0.000000,0.000000,0.000000,0.000000,0.000000,0.000000,0.000000,0.000000,0.000000,1,0
1789801707.152043,0,18.145568,20.743408,0.028306,0.000000,0.000000,0.000000,0.000000,0.000000,0.000000,0.000000,0.000000,0.000000,0.000000,0.000000,0.000000,1,0
1789801707.252182,0,18.145568,20.743408,0.028306,0.000000,0.000000,0.000000,0.000000,0.000000,0.000000,0.000000,0.000000,0.000000,0.000000,0.000000,0.000000,1,0
1789801707.352240,0,18.145568,20.743408,0.028306,0.000000,0.000000,0.000000,0.000000,0.000000,0.000000,0.000000,0.000000,0.000000,0.000000,0.000000,0.000000,1,0
1789801707.452112,0,18.145568,20.743408,0.028306,0.000000,0.000000,0.000000,0.000000,0.000000,0.000000,0.000000,0.000000,0.000000,0.000000,0.000000,0.000000,1,0
1789801707.552125,0,18.145568,20.743408,0.028306,0.000000,0.000000,0.000000,0.000000,0.000000,0.000000,0.000000,0.000000,0.000000,0.000000,0.000000,0.000000,1,0
1789801707.652156,0,18.145568,20.743408,0.028306,0.000000,0.000000,0.000000,0.000000,0.000000,0.000000,0.000000,0.000000,0.000000,0.000000,0.000000,0.000000,1,0
1789801707.752654,0,18.145568,20.743408,0.028306,0.000000,0.000000,0.000000,0.000000,0.000000,0.000000,0.000000,0.000000,0.000000,0.000000,0.000000,0.000000,1,0
1789801707.852238,0,18.145568,20.743408,0.028306,0.000000,0.000000,0.000000,0.000000,0.000000,0.000000,0.000000,0.000000,0.000000,0.000000,0.000000,0.000000,1,0
1789801707.952248,0,18.145568,20.743408,0.028306,0.000000,0.000000,0.000000,0.000000,0.000000,0.000000,0.000000,0.000000,0.000000,0.000000,0.000000,0.000000,1,0
1789801708.052282,0,18.145568,20.743408,0.028306,0.000000,0.000000,0.000000,0.000000,0.000000,0.000000,0.000000,0.000000,0.000000,0.000000,0.000000,0.000000,1,0
1789801708.152338,0,18.145568,20.743408,0.028306,0.000000,0.000000,0.000000,0.000000,0.000000,0.000000,0.000000,0.000000,0.000000,0.000000,0.000000,0.000000,1,0
1789801708.252357,0,18.145568,20.743408,0.028306,0.000000,0.000000,0.000000,0.000000,0.000000,0.000000,0.000000,0.000000,0.000000,0.000000,0.000000,0.000000,1,0
1789801708.352363,0,18.145568,20.743408,0.028306,0.000000,0.000000,0.000000,0.000000,0.000000,0.000000,0.000000,0.000000,0.000000,0.000000,0.000000,0.000000,1,0
1789801708.452439,0,18.145568,20.743408,0.028306,0.000000,0.000000,0.000000,0.000000,0.000000,0.000000,0.000000,0.000000,0.000000,0.000000,0.000000,0.000000,1,0
1789801708.552454,0,18.145568,20.743408,0.028306,0.000000,0.000000,0.000000,0.000000,0.000000,0.000000,0.000000,0.000000,0.000000,0.000000,0.000000,0.000000,1,0
1789801708.652455,0,18.145568,20.743408,0.028306,0.000000,0.000000,0.000000,0.000000,0.000000,0.000000,0.000000,0.000000,0.000000,0.000000,0.000000,0.000000,1,0
1789801708.752481,0,18.145568,20.743408,0.028306,0.000000,0.000000,0.000000,0.000000,0.000000,0.000000,0.000000,0.000000,0.000000,0.000000,0.000000,0.000000,1,0
1789801708.852570,0,18.145568,20.743408,0.028306,0.000000,0.000000,0.000000,0.000000,0.000000,0.000000,0.000000,0.000000,0.000000,0.000000,0.000000,0.000000,1,0
1789801708.952624,0,18.145568,20.743408,0.028306,0.000000,0.000000,0.000000,0.000000,0.000000,0.000000,0.000000,0.000000,0.000000,0.000000,0.000000,0.000000,1,0
1789801709.052540,0,18.145568,20.743408,0.028306,0.000000,0.000000,0.000000,0.000000,0.000000,0.000000,0.000000,0.000000,0.000000,0.000000,0.000000,0.000000,1,0
1789801709.152579,0,18.145568,20.743408,0.028306,0.000000,0.000000,0.000000,0.000000,0.000000,0.000000,0.000000,0.000000,0.000000,0.000000,0.000000,0.000000,1,0
1789801709.252601,0,18.145568,20.743408,0.028306,0.000000,0.000000,0.000000,0.000000,0.000000,0.000000,0.000000,0.000000,0.000000,0.000000,0.000000,0.000000,1,0
1789801709.352642,0,18.145568,20.743408,0.028306,0.000000,0.000000,0.000000,0.000000,0.000000,0.000000,0.000000,0.000000,0.000000,0.000000,0.000000,0.000000,1,0
1789801709.452608,0,18.145568,20.743408,0.028306,0.000000,0.000000,0.000000,0.000000,0.000000,0.000000,0.000000,0.000000,0.000000,0.000000,0.000000,0.000000,1,0
1789801709.552684,0,18.145568,20.743408,0.028306,0.000000,0.000000,0.000000,0.000000,0.000000,0.000000,0.000000,0.000000,0.000000,0.000000,0.000000,0.000000,1,0
1789801709.653365,0,18.145568,20.743408,0.028306,0.000000,0.000000,0.000000,0.000000,0.000000,0.000000,0.000000,0.000000,0.000000,0.000000,0.000000,0.000000,1,0
1789801709.752743,0,18.145568,20.743408,0.028306,0.000000,0.000000,0.000000,0.000000,0.000000,0.000000,0.000000,0.000000,0.000000,0.000000,0.000000,0.000000,1,0
1789801709.852760,0,18.145568,20.743408,0.028306,0.000000,0.000000,0.000000,0.000000,0.000000,0.000000,0.000000,0.000000,0.000000,0.000000,0.000000,0.000000,1,0
1789801709.952775,0,18.145568,20.743408,0.028306,0.000000,0.000000,0.000000,0.000000,0.000000,0.000000,0.000000,0.000000,0.000000,0.000000,0.000000,0.000000,1,0
1789801710.052834,0,18.145568,20.743408,0.028306,0.000000,0.000000,0.000000,0.000000,0.000000,0.000000,0.000000,0.000000,0.000000,0.000000,0.000000,0.000000,1,0
1789801710.152825,0,18.145568,20.743408,0.028306,0.000000,0.000000,0.000000,0.000000,0.000000,0.000000,0.000000,0.000000,0.000000,0.000000,0.000000,0.000000,1,0
1789801710.252867,0,18.145568,20.743408,0.028306,0.000000,0.000000,0.000000,0.000000,0.000000,0.000000,0.000000,0.000000,0.000000,0.000000,0.000000,0.000000,1,0
1789801710.352929,0,18.098097,20.701670,-0.015170,0.000000,0.000000,0.000000,0.000000,0.000000,0.000000,0.000000,0.000000,0.000000,0.000000,0.000000,0.000000,1,0
1789801710.452931,0,18.098097,20.701670,-0.015170,0.000000,0.000000,0.000000,0.000000,0.000000,0.000000,0.000000,0.000000,0.000000,0.000000,0.000000,0.000000,1,0
1789801710.553280,0,18.098097,20.701670,-0.015170,0.000000,0.000000,0.000000,0.000000,0.000000,0.000000,0.000000,0.000000,0.000000,0.000000,0.000000,0.000000,1,0
1789801710.652968,0,18.098097,20.701670,-0.015170,0.000000,0.000000,0.000000,0.000000,0.000000,0.000000,0.000000,0.000000,0.000000,0.000000,0.000000,0.000000,1,0
1789801710.752990,0,18.098097,20.701670,-0.015170,0.000000,0.000000,0.000000,0.000000,0.000000,0.000000,0.000000,0.000000,0.000000,0.000000,0.000000,0.000000,1,0
1789801710.853112,0,18.098097,20.701670,-0.015170,0.000000,0.000000,0.000000,0.000000,0.000000,0.000000,0.000000,0.000000,0.000000,0.000000,0.000000,0.000000,1,0
1789801710.953103,0,18.098097,20.701670,-0.015170,0.000000,0.000000,0.000000,0.000000,0.000000,0.000000,0.000000,0.000000,0.000000,0.000000,0.000000,0.000000,1,0
1789801711.053274,0,18.098097,20.701670,-0.015170,0.000000,0.000000,0.000000,0.000000,0.000000,0.000000,0.000000,0.000000,0.000000,0.000000,0.000000,0.000000,1,0
1789801711.153225,0,18.098097,20.701670,-0.015170,0.000000,0.000000,0.000000,0.000000,0.000000,0.000000,0.000000,0.000000,0.000000,0.000000,0.000000,0.000000,1,0
1789801711.253423,0,18.098097,20.701670,-0.015170,0.000000,0.000000,0.000000,0.000000,0.000000,0.000000,0.000000,0.000000,0.000000,0.000000,0.000000,0.000000,1,0
1789801711.353168,0,18.098097,20.701670,-0.015170,0.000000,0.000000,0.000000,0.000000,0.000000,0.000000,0.000000,0.000000,0.000000,0.000000,0.000000,0.000000,1,0
1789801711.453218,0,18.098097,20.701670,-0.015170,0.000000,0.000000,0.000000,0.000000,0.000000,0.000000,0.000000,0.000000,0.000000,0.000000,0.000000,0.000000,1,0
1789801711.553247,0,18.098097,20.701670,-0.015170,0.000000,0.000000,0.000000,0.000000,0.000000,0.000000,0.000000,0.000000,0.000000,0.000000,0.000000,0.000000,1,0
1789801711.653255,0,18.098097,20.701670,-0.015170,0.000000,0.000000,0.000000,0.000000,0.000000,0.000000,0.000000,0.000000,0.000000,0.000000,0.000000,0.000000,1,0
1789801711.753270,0,18.098097,20.701670,-0.015170,0.000000,0.000000,0.000000,0.000000,0.000000,0.000000,0.000000,0.000000,0.000000,0.000000,0.000000,0.000000,1,0
1789801711.853332,0,18.098097,20.701670,-0.015170,0.000000,0.000000,0.000000,0.000000,0.000000,0.000000,0.000000,0.000000,0.000000,0.000000,0.000000,0.000000,1,0
1789801711.953342,0,18.098097,20.701670,-0.015170,0.000000,0.000000,0.000000,0.000000,0.000000,0.000000,0.000000,0.000000,0.000000,0.000000,0.000000,0.000000,1,0
1789801712.053370,0,18.098097,20.701670,-0.015170,0.000000,0.000000,0.000000,0.000000,0.000000,0.000000,0.000000,0.000000,0.000000,0.000000,0.000000,0.000000,1,0
1789801712.153381,0,18.098097,20.701670,-0.015170,0.000000,0.000000,0.000000,0.000000,0.000000,0.000000,0.000000,0.000000,0.000000,0.000000,0.000000,0.000000,1,0
1789801712.253373,0,18.098097,20.701670,-0.015170,0.000000,0.000000,0.000000,0.000000,0.000000,0.000000,0.000000,0.000000,0.000000,0.000000,0.000000,0.000000,1,0
1789801712.353459,0,18.098097,20.701670,-0.015170,0.000000,0.000000,0.000000,0.000000,0.000000,0.000000,0.000000,0.000000,0.000000,0.000000,0.000000,0.000000,1,0
1789801712.453450,0,18.098097,20.701670,-0.015170,0.000000,0.000000,0.000000,0.000000,0.000000,0.000000,0.000000,0.000000,0.000000,0.000000,0.000000,0.000000,1,0
1789801712.553499,0,18.098097,20.701670,-0.015170,0.000000,0.000000,0.000000,0.000000,0.000000,0.000000,0.000000,0.000000,0.000000,0.000000,0.000000,0.000000,1,0
1789801712.653483,0,18.098097,20.701670,-0.015170,0.000000,0.000000,0.000000,0.000000,0.000000,0.000000,0.000000,0.000000,0.000000,0.000000,0.000000,0.000000,1,0
1789801712.753566,0,18.098097,20.701670,-0.015170,0.000000,0.000000,0.000000,0.000000,0.000000,0.000000,0.000000,0.000000,0.000000,0.000000,0.000000,0.000000,1,0
1789801712.853534,0,18.098097,20.701670,-0.015170,0.000000,0.000000,0.000000,0.000000,0.000000,0.000000,0.000000,0.000000,0.000000,0.000000,0.000000,0.000000,1,0
1789801712.953609,0,18.098097,20.701670,-0.015170,0.000000,0.000000,0.000000,0.000000,0.000000,0.000000,0.000000,0.000000,0.000000,0.000000,0.000000,0.000000,1,0
1789801713.053593,0,18.098097,20.701670,-0.015170,0.000000,0.000000,0.000000,0.000000,0.000000,0.000000,0.000000,0.000000,0.000000,0.000000,0.000000,0.000000,0,0
1789801713.153639,0,18.098097,20.701670,-0.015170,0.000000,0.000000,0.000000,0.000000,0.000000,0.000000,0.000000,0.000000,0.000000,0.000000,0.000000,0.000000,0,0
1789801713.253711,0,18.098097,20.701670,-0.015170,0.000000,0.000000,0.000000,0.000000,0.000000,0.000000,0.000000,0.000000,0.000000,0.000000,0.000000,0.000000,0,0
1789801713.353678,0,18.098097,20.701670,-0.015170,0.000000,0.000000,0.000000,0.000000,0.000000,0.000000,0.000000,0.000000,0.000000,0.000000,0.000000,0.000000,0,0
1789801713.453692,0,18.098097,20.701670,-0.015170,0.000000,0.000000,0.000000,0.000000,0.000000,0.000000,0.000000,0.000000,0.000000,0.000000,0.000000,0.000000,0,0
1789801713.553760,0,18.098097,20.701670,-0.015170,0.000000,0.000000,0.000000,0.000000,0.000000,0.000000,0.000000,0.000000,0.000000,0.000000,0.000000,0.000000,0,0
1789801713.653762,0,18.098097,20.701670,-0.015170,0.000000,0.000000,0.000000,0.000000,0.000000,0.000000,0.000000,0.000000,0.000000,0.000000,0.000000,0.000000,0,0
1789801713.753771,0,18.098097,20.701670,-0.015170,0.000000,0.000000,0.000000,0.000000,0.000000,0.000000,0.000000,0.000000,0.000000,0.000000,0.000000,0.000000,0,0
1789801713.853794,0,18.098097,20.701670,-0.015170,0.000000,0.000000,0.000000,0.000000,0.000000,0.000000,0.000000,0.000000,0.000000,0.000000,0.000000,0.000000,0,0
1789801713.953856,0,18.098097,20.701670,-0.015170,0.000000,0.000000,0.000000,0.000000,0.000000,0.000000,0.000000,0.000000,0.000000,0.000000,0.000000,0.000000,0,0
1789801714.053848,0,18.098097,20.701670,-0.015170,0.000000,0.000000,0.000000,0.000000,0.000000,0.000000,0.000000,0.000000,0.000000,0.000000,0.000000,0.000000,0,0
1789801714.153877,0,18.098097,20.701670,-0.015170,0.000000,0.000000,0.000000,0.000000,0.000000,0.000000,0.000000,0.000000,0.000000,0.000000,0.000000,0.000000,0,0
1789801714.253896,0,18.098097,20.701670,-0.015170,0.000000,0.000000,0.000000,0.000000,0.000000,0.000000,0.000000,0.000000,0.000000,0.000000,0.000000,0.000000,0,0
1789801714.353937,0,18.098097,20.701670,-0.015170,0.000000,0.000000,0.000000,0.000000,0.000000,0.000000,0.000000,0.000000,0.000000,0.000000,0.000000,0.000000,0,0
1789801714.454037,0,18.098097,20.701670,-0.015170,0.000000,0.000000,0.000000,0.000000,0.000000,0.000000,0.000000,0.000000,0.000000,0.000000,0.000000,0.000000,0,0
1789801714.554026,0,18.098097,20.701670,-0.015170,0.000000,0.000000,0.000000,0.000000,0.000000,0.000000,0.000000,0.000000,0.000000,0.000000,0.000000,0.000000,0,0
1789801714.654121,0,18.098097,20.701670,-0.015170,0.000000,0.000000,0.000000,0.000000,0.000000,0.000000,0.000000,0.000000,0.000000,0.000000,0.000000,0.000000,0,0
1789801714.754107,0,18.098097,20.701670,-0.015170,0.000000,0.000000,0.000000,0.000000,0.000000,0.000000,0.000000,0.000000,0.000000,0.000000,0.000000,0.000000,0,0
1789801714.854123,0,18.098097,20.701670,-0.015170,0.000000,0.000000,0.000000,0.000000,0.000000,0.000000,0.000000,0.000000,0.000000,0.000000,0.000000,0.000000,0,0
1789801714.954149,0,18.098097,20.701670,-0.015170,0.000000,0.000000,0.000000,0.000000,0.000000,0.000000,0.000000,0.000000,0.000000,0.000000,0.000000,0.000000,0,0
1789801715.054213,0,18.098097,20.701670,-0.015170,0.000000,0.000000,0.000000,0.000000,0.000000,0.000000,0.000000,0.000000,0.000000,0.000000,0.000000,0.000000,0,0
1789801715.154234,0,18.098097,20.701670,-0.015170,0.000000,0.000000,0.000000,0.000000,0.000000,0.000000,0.000000,0.000000,0.000000,0.000000,0.000000,0.000000,0,0
1789801715.254185,0,18.098097,20.701670,-0.015170,0.000000,0.000000,0.000000,0.000000,0.000000,0.000000,0.000000,0.000000,0.000000,0.000000,0.000000,0.000000,0,0
1789801715.354203,0,18.098097,20.701670,-0.015170,0.000000,0.000000,0.000000,0.000000,0.000000,0.000000,0.000000,0.000000,0.000000,0.000000,0.000000,0.000000,0,0
1789801715.454214,0,18.098097,20.701670,-0.015170,0.000000,0.000000,0.000000,0.000000,0.000000,0.000000,0.000000,0.000000,0.000000,0.000000,0.000000,0.000000,0,0
1789801715.554251,0,18.098097,20.701670,-0.015170,0.000000,0.000000,0.000000,0.000000,0.000000,0.000000,0.000000,0.000000,0.000000,0.000000,0.000000,0.000000,0,0
1789801715.654270,0,18.098097,20.701670,-0.015170,0.000000,0.000000,0.000000,0.000000,0.000000,0.000000,0.000000,0.000000,0.000000,0.000000,0.000000,0.000000,0,0
1789801715.754332,0,18.098097,20.701670,-0.015170,0.000000,0.000000,0.000000,0.000000,0.000000,0.000000,0.000000,0.000000,0.000000,0.000000,0.000000,0.000000,0,0
1789801715.854353,0,18.098097,20.701670,-0.015170,0.000000,0.000000,0.000000,0.000000,0.000000,0.000000,0.000000,0.000000,0.000000,0.000000,0.000000,0.000000,0,0
1789801715.954341,0,18.098097,20.701670,-0.015170,0.000000,0.000000,0.000000,0.000000,0.000000,0.000000,0.000000,0.000000,0.000000,0.000000,0.000000,0.000000,0,0
1789801716.054409,0,18.098097,20.701670,-0.015170,0.000000,0.000000,0.000000,0.000000,0.000000,0.000000,0.000000,0.000000,0.000000,0.000000,0.000000,0.000000,0,0
1789801716.154405,0,18.098097,20.701670,-0.015170,0.000000,0.000000,0.000000,0.000000,0.000000,0.000000,0.000000,0.000000,0.000000,0.000000,0.000000,0.000000,0,0
1789801716.254404,0,18.098097,20.701670,-0.015170,0.000000,0.000000,0.000000,0.000000,0.000000,0.000000,0.000000,0.000000,0.000000,0.000000,0.000000,0.000000,0,0
1789801716.354458,0,18.098097,20.701670,-0.015170,0.000000,0.000000,0.000000,0.000000,0.000000,0.000000,0.000000,0.000000,0.000000,0.000000,0.000000,0.000000,0,0
1789801716.454479,0,18.098097,20.701670,-0.015170,0.000000,0.000000,0.000000,0.000000,0.000000,0.000000,0.000000,0.000000,0.000000,0.000000,0.000000,0.000000,0,0
1789801716.554497,0,18.098097,20.701670,-0.015170,0.000000,0.000000,0.000000,0.000000,0.000000,0.000000,0.000000,0.000000,0.000000,0.000000,0.000000,0.000000,0,0
1789801716.654519,0,18.098097,20.701670,-0.015170,0.000000,0.000000,0.000000,0.000000,0.000000,0.000000,0.000000,0.000000,0.000000,0.000000,0.000000,0.000000,0,0
1789801716.754550,0,18.098097,20.701670,-0.015170,0.000000,0.000000,0.000000,0.000000,0.000000,0.000000,0.000000,0.000000,0.000000,0.000000,0.000000,0.000000,0,0
1789801716.854577,0,18.098097,20.701670,-0.015170,0.000000,0.000000,0.000000,0.000000,0.000000,0.000000,0.000000,0.000000,0.000000,0.000000,0.000000,0.000000,0,0
1789801716.954596,0,18.098097,20.701670,-0.015170,0.000000,0.000000,0.000000,0.000000,0.000000,0.000000,0.000000,0.000000,0.000000,0.000000,0.000000,0.000000,0,0
1789801717.054622,0,18.098097,20.701670,-0.015170,0.000000,0.000000,0.000000,0.000000,0.000000,0.000000,0.000000,0.000000,0.000000,0.000000,0.000000,0.000000,0,0
1789801717.154634,0,18.098097,20.701670,-0.015170,0.000000,0.000000,0.000000,0.000000,0.000000,0.000000,0.000000,0.000000,0.000000,0.000000,0.000000,0.000000,0,0
1789801717.254705,0,18.098097,20.701670,-0.015170,0.000000,0.000000,0.000000,0.000000,0.000000,0.000000,0.000000,0.000000,0.000000,0.000000,0.000000,0.000000,0,0
1789801717.354748,0,18.098097,20.701670,-0.015170,0.000000,0.000000,0.000000,0.000000,0.000000,0.000000,0.000000,0.000000,0.000000,0.000000,0.000000,0.000000,0,0
1789801717.454761,0,18.098097,20.701670,-0.015170,0.000000,0.000000,0.000000,0.000000,0.000000,0.000000,0.000000,0.000000,0.000000,0.000000,0.000000,0.000000,1,0
1789801717.554736,0,18.098097,20.701670,-0.015170,0.000000,0.000000,0.000000,0.000000,0.000000,0.000000,0.000000,0.000000,0.000000,0.000000,0.000000,0.000000,1,0
1789801717.654793,0,18.098097,20.701670,-0.015170,0.000000,0.000000,0.000000,0.000000,0.000000,0.000000,0.000000,0.000000,0.000000,0.000000,0.000000,0.000000,1,0
1789801717.754817,0,18.098097,20.701670,-0.015170,0.000000,0.000000,0.000000,0.000000,0.000000,0.000000,0.000000,0.000000,0.000000,0.000000,0.000000,0.000000,1,0
1789801717.854854,0,18.098097,20.701670,-0.015170,0.000000,0.000000,0.000000,0.000000,0.000000,0.000000,0.000000,0.000000,0.000000,0.000000,0.000000,0.000000,1,0
1789801717.954839,0,18.098097,20.701670,-0.015170,0.000000,0.000000,0.000000,0.000000,0.000000,0.000000,0.000000,0.000000,0.000000,0.000000,0.000000,0.000000,1,0
1789801718.054873,0,18.098097,20.701670,-0.015170,0.000000,0.000000,0.000000,0.000000,0.000000,0.000000,0.000000,0.000000,0.000000,0.000000,0.000000,0.000000,1,0
1789801718.154914,0,18.098097,20.701670,-0.015170,0.000000,0.000000,0.000000,0.000000,0.000000,0.000000,0.000000,0.000000,0.000000,0.000000,0.000000,0.000000,1,0
1789801718.254942,0,18.098097,20.701670,-0.015170,0.000000,0.000000,0.000000,0.000000,0.000000,0.000000,0.000000,0.000000,0.000000,0.000000,0.000000,0.000000,1,0
1789801718.354983,0,18.098097,20.701670,-0.015170,0.000000,0.000000,0.000000,0.000000,0.000000,0.000000,0.000000,0.000000,0.000000,0.000000,0.000000,0.000000,1,0
1789801718.454985,0,18.098097,20.701670,-0.015170,0.000000,0.000000,0.000000,0.000000,0.000000,0.000000,0.000000,0.000000,0.000000,0.000000,0.000000,0.000000,1,0
1789801718.555031,0,18.098097,20.701670,-0.015170,0.000000,0.000000,0.000000,0.000000,0.000000,0.000000,0.000000,0.000000,0.000000,0.000000,0.000000,0.000000,1,0
1789801718.655311,0,18.098097,20.701670,-0.015170,0.000000,0.000000,0.000000,0.000000,0.000000,0.000000,0.000000,0.000000,0.000000,0.000000,0.000000,0.000000,1,0
1789801718.755050,0,18.098097,20.701670,-0.015170,0.000000,0.000000,0.000000,0.000000,0.000000,0.000000,0.000000,0.000000,0.000000,0.000000,0.000000,0.000000,1,0
1789801718.855082,0,18.098097,20.701670,-0.015170,0.000000,0.000000,0.000000,0.000000,0.000000,0.000000,0.000000,0.000000,0.000000,0.000000,0.000000,0.000000,1,0
1789801718.955087,0,18.098097,20.701670,-0.015170,0.000000,0.000000,0.000000,0.000000,0.000000,0.000000,0.000000,0.000000,0.000000,0.000000,0.000000,0.000000,1,0
1789801719.055129,0,18.098097,20.701670,-0.015170,0.000000,0.000000,0.000000,0.000000,0.000000,0.000000,0.000000,0.000000,0.000000,0.000000,0.000000,0.000000,1,0
1789801719.155159,0,18.098097,20.701670,-0.015170,0.000000,0.000000,0.000000,0.000000,0.000000,0.000000,0.000000,0.000000,0.000000,0.000000,0.000000,0.000000,1,0
1789801719.255189,0,18.098097,20.701670,-0.015170,0.000000,0.000000,0.000000,0.000000,0.000000,0.000000,0.000000,0.000000,0.000000,0.000000,0.000000,0.000000,1,0
1789801719.355181,0,18.098097,20.701670,-0.015170,0.000000,0.000000,0.000000,0.000000,0.000000,0.000000,0.000000,0.000000,0.000000,0.000000,0.000000,0.000000,1,0
1789801719.455235,0,18.098097,20.701670,-0.015170,0.000000,0.000000,0.000000,0.000000,0.000000,0.000000,0.000000,0.000000,0.000000,0.000000,0.000000,0.000000,1,0
1789801719.555228,0,18.098097,20.701670,-0.015170,0.000000,0.000000,0.000000,0.000000,0.000000,0.000000,0.000000,0.000000,0.000000,0.000000,0.000000,0.000000,1,0
1789801719.655273,0,18.098097,20.701670,-0.015170,0.000000,0.000000,0.000000,0.000000,0.000000,0.000000,0.000000,0.000000,0.000000,0.000000,0.000000,0.000000,1,0
1789801719.755265,0,18.098097,20.701670,-0.015170,0.000000,0.000000,0.000000,0.000000,0.000000,0.000000,0.000000,0.000000,0.000000,0.000000,0.000000,0.000000,1,0
1789801719.855333,0,18.098097,20.701670,-0.015170,0.000000,0.000000,0.000000,0.000000,0.000000,0.000000,0.000000,0.000000,0.000000,0.000000,0.000000,0.000000,1,0
1789801719.955411,0,18.098097,20.701670,-0.015170,0.000000,0.000000,0.000000,0.000000,0.000000,0.000000,0.000000,0.000000,0.000000,0.000000,0.000000,0.000000,1,0
1789801720.055814,0,18.098097,20.701670,-0.015170,0.000000,0.000000,0.000000,0.000000,0.000000,0.000000,0.000000,0.000000,0.000000,0.000000,0.000000,0.000000,1,0
1789801720.155419,0,18.098097,20.701670,-0.015170,0.000000,0.000000,0.000000,0.000000,0.000000,0.000000,0.000000,0.000000,0.000000,0.000000,0.000000,0.000000,1,0
1789801720.255425,0,18.098097,20.701670,-0.015170,0.000000,0.000000,0.000000,0.000000,0.000000,0.000000,0.000000,0.000000,0.000000,0.000000,0.000000,0.000000,1,0
1789801720.355519,0,18.098097,20.701670,-0.015170,0.000000,0.000000,0.000000,0.000000,0.000000,0.000000,0.000000,0.000000,0.000000,0.000000,0.000000,0.000000,1,0
1789801720.455514,0,18.098097,20.701670,-0.015170,0.000000,0.000000,0.000000,0.000000,0.000000,0.000000,0.000000,0.000000,0.000000,0.000000,0.000000,0.000000,1,0
1789801720.555528,0,18.098097,20.701670,-0.015170,0.000000,0.000000,0.000000,0.000000,0.000000,0.000000,0.000000,0.000000,0.000000,0.000000,0.000000,0.000000,1,0
1789801720.655527,0,18.098097,20.701670,-0.015170,0.000000,0.000000,0.000000,0.000000,0.000000,0.000000,0.000000,0.000000,0.000000,0.000000,0.000000,0.000000,1,0
1789801720.755617,0,18.098097,20.701670,-0.015170,0.000000,0.000000,0.000000,0.000000,0.000000,0.000000,0.000000,0.000000,0.000000,0.000000,0.000000,0.000000,1,0
1789801720.855642,0,18.098097,20.701670,-0.015170,0.000000,0.000000,0.000000,0.000000,0.000000,0.000000,0.000000,0.000000,0.000000,0.000000,0.000000,0.000000,1,0
1789801720.955589,0,18.098097,20.701670,-0.015170,0.000000,0.000000,0.000000,0.000000,0.000000,0.000000,0.000000,0.000000,0.000000,0.000000,0.000000,0.000000,1,0
1789801721.055628,0,18.098097,20.701670,-0.015170,0.000000,0.000000,0.000000,0.000000,0.000000,0.000000,0.000000,0.000000,0.000000,0.000000,0.000000,0.000000,1,0
1789801721.155684,0,18.098097,20.701670,-0.015170,0.000000,0.000000,0.000000,0.000000,0.000000,0.000000,0.000000,0.000000,0.000000,0.000000,0.000000,0.000000,1,0
1789801721.255658,0,18.098097,20.701670,-0.015170,0.000000,0.000000,0.000000,0.000000,0.000000,0.000000,0.000000,0.000000,0.000000,0.000000,0.000000,0.000000,1,0
1789801721.355694,0,18.098097,20.701670,-0.015170,0.000000,0.000000,0.000000,0.000000,0.000000,0.000000,0.000000,0.000000,0.000000,0.000000,0.000000,0.000000,1,0
1789801721.455733,0,18.098097,20.701670,-0.015170,0.000000,0.000000,0.000000,0.000000,0.000000,0.000000,0.000000,0.000000,0.000000,0.000000,0.000000,0.000000,1,0
1789801721.555772,0,18.098097,20.701670,-0.015170,0.000000,0.000000,0.000000,0.000000,0.000000,0.000000,0.000000,0.000000,0.000000,0.000000,0.000000,0.000000,1,0
1789801721.655769,0,18.098097,20.701670,-0.015170,0.000000,0.000000,0.000000,0.000000,0.000000,0.000000,0.000000,0.000000,0.000000,0.000000,0.000000,0.000000,1,0
1789801721.755785,0,18.098097,20.701670,-0.015170,0.000000,0.000000,0.000000,0.000000,0.000000,0.000000,0.000000,0.000000,0.000000,0.000000,0.000000,0.000000,1,0
1789801721.855833,0,18.098097,20.701670,-0.015170,0.000000,0.000000,0.000000,0.000000,0.000000,0.000000,0.000000,0.000000,0.000000,0.000000,0.000000,0.000000,1,0
1789801721.955859,0,18.098097,20.701670,-0.015170,0.000000,0.000000,0.000000,0.000000,0.000000,0.000000,0.000000,0.000000,0.000000,0.000000,0.000000,0.000000,1,0
1789801722.055874,0,18.098097,20.701670,-0.015170,0.000000,0.000000,0.000000,0.000000,0.000000,0.000000,0.000000,0.000000,0.000000,0.000000,0.000000,0.000000,1,0
1789801722.155920,0,18.098097,20.701670,-0.015170,0.000000,0.000000,0.000000,0.000000,0.000000,0.000000,0.000000,0.000000,0.000000,0.000000,0.000000,0.000000,1,0
1789801722.255919,0,18.098097,20.701670,-0.015170,0.000000,0.000000,0.000000,0.000000,0.000000,0.000000,0.000000,0.000000,0.000000,0.000000,0.000000,0.000000,1,0
1789801722.355951,0,18.098097,20.701670,-0.015170,0.000000,0.000000,0.000000,0.000000,0.000000,0.000000,0.000000,0.000000,0.000000,0.000000,0.000000,0.000000,1,0
1789801722.455971,0,18.098097,20.701670,-0.015170,0.000000,0.000000,0.000000,0.000000,0.000000,0.000000,0.000000,0.000000,0.000000,0.000000,0.000000,0.000000,1,0
1789801722.555993,0,18.098097,20.701670,-0.015170,0.000000,0.000000,0.000000,0.000000,0.000000,0.000000,0.000000,0.000000,0.000000,0.000000,0.000000,0.000000,1,0
1789801722.655993,0,18.098097,20.701670,-0.015170,0.000000,0.000000,0.000000,0.000000,0.000000,0.000000,0.000000,0.000000,0.000000,0.000000,0.000000,0.000000,1,0
1789801722.756052,0,18.098097,20.701670,-0.015170,0.000000,0.000000,0.000000,0.000000,0.000000,0.000000,0.000000,0.000000,0.000000,0.000000,0.000000,0.000000,1,0
1789801722.856070,0,18.098097,20.701670,-0.015170,0.000000,0.000000,0.000000,0.000000,0.000000,0.000000,0.000000,0.000000,0.000000,0.000000,0.000000,0.000000,1,0
1789801722.956089,0,18.098097,20.701670,-0.015170,0.000000,0.000000,0.000000,0.000000,0.000000,0.000000,0.000000,0.000000,0.000000,0.000000,0.000000,0.000000,1,0
1789801723.056135,0,18.098097,20.701670,-0.015170,0.000000,0.000000,0.000000,0.000000,0.000000,0.000000,0.000000,0.000000,0.000000,0.000000,0.000000,0.000000,1,0
1789801723.156167,0,18.098097,20.701670,-0.015170,0.000000,0.000000,0.000000,0.000000,0.000000,0.000000,0.000000,0.000000,0.000000,0.000000,0.000000,0.000000,1,0
1789801723.256151,0,18.098097,20.701670,-0.015170,0.000000,0.000000,0.000000,0.000000,0.000000,0.000000,0.000000,0.000000,0.000000,0.000000,0.000000,0.000000,1,0
1789801723.356184,0,18.098097,20.701670,-0.015170,0.000000,0.000000,0.000000,0.000000,0.000000,0.000000,0.000000,0.000000,0.000000,0.000000,0.000000,0.000000,1,0
1789801723.456234,0,18.098097,20.701670,-0.015170,0.000000,0.000000,0.000000,0.000000,0.000000,0.000000,0.000000,0.000000,0.000000,0.000000,0.000000,0.000000,1,0
1789801723.556237,0,18.098097,20.701670,-0.015170,0.000000,0.000000,0.000000,0.000000,0.000000,0.000000,0.000000,0.000000,0.000000,0.000000,0.000000,0.000000,1,0
1789801723.656276,0,18.098097,20.701670,-0.015170,0.000000,0.000000,0.000000,0.000000,0.000000,0.000000,0.000000,0.000000,0.000000,0.000000,0.000000,0.000000,1,0
1789801723.756272,0,18.098097,20.701670,-0.015170,0.000000,0.000000,0.000000,0.000000,0.000000,0.000000,0.000000,0.000000,0.000000,0.000000,0.000000,0.000000,1,0
1789801723.856312,0,18.098097,20.701670,-0.015170,0.000000,0.000000,0.000000,0.000000,0.000000,0.000000,0.000000,0.000000,0.000000,0.000000,0.000000,0.000000,1,0
1789801723.956375,0,18.098097,20.701670,-0.015170,0.000000,0.000000,0.000000,0.000000,0.000000,0.000000,0.000000,0.000000,0.000000,0.000000,0.000000,0.000000,1,0
1789801724.056375,0,18.098097,20.701670,-0.015170,0.000000,0.000000,0.000000,0.000000,0.000000,0.000000,0.000000,0.000000,0.000000,0.000000,0.000000,0.000000,1,0
1789801724.156545,0,18.098097,20.701670,-0.015170,0.000000,0.000000,0.000000,0.000000,0.000000,0.000000,0.000000,0.000000,0.000000,0.000000,0.000000,0.000000,1,0
1789801724.256409,0,18.098097,20.701670,-0.015170,0.000000,0.000000,0.000000,0.000000,0.000000,0.000000,0.000000,0.000000,0.000000,0.000000,0.000000,0.000000,1,0
1789801724.356439,0,18.098097,20.701670,-0.015170,0.000000,0.000000,0.000000,0.000000,0.000000,0.000000,0.000000,0.000000,0.000000,0.000000,0.000000,0.000000,1,0
1789801724.456479,0,18.190722,20.666842,0.024652,0.000000,0.000000,0.000000,0.000000,0.000000,0.000000,0.000000,0.000000,0.000000,0.000000,0.000000,0.000000,1,0
1789801724.556466,0,18.114407,20.686412,0.011709,0.000000,0.000000,0.000000,0.000000,0.000000,0.000000,0.000000,0.000000,0.000000,0.000000,0.000000,0.000000,1,0
1789801724.656488,0,18.114407,20.686412,0.011709,0.000000,0.000000,0.000000,0.000000,0.000000,0.000000,0.000000,0.000000,0.000000,0.000000,0.000000,0.000000,1,0
1789801724.756504,0,18.114407,20.686412,0.011709,0.000000,0.000000,0.000000,0.000000,0.000000,0.000000,0.000000,0.000000,0.000000,0.000000,0.000000,0.000000,1,0
1789801724.856543,0,18.114407,20.686412,0.011709,0.000000,0.000000,0.000000,0.000000,0.000000,0.000000,0.000000,0.000000,0.000000,0.000000,0.000000,0.000000,1,0
1789801724.956574,0,18.114407,20.686412,0.011709,0.000000,0.000000,0.000000,0.000000,0.000000,0.000000,0.000000,0.000000,0.000000,0.000000,0.000000,0.000000,1,0
1789801725.056611,0,18.114407,20.686412,0.011709,0.000000,0.000000,0.000000,0.000000,0.000000,0.000000,0.000000,0.000000,0.000000,0.000000,0.000000,0.000000,1,0
1789801725.156650,0,18.114407,20.686412,0.011709,0.000000,0.000000,0.000000,0.000000,0.000000,0.000000,0.000000,0.000000,0.000000,0.000000,0.000000,0.000000,1,0
1789801725.256671,0,18.114407,20.686412,0.011709,0.000000,0.000000,0.000000,0.000000,0.000000,0.000000,0.000000,0.000000,0.000000,0.000000,0.000000,0.000000,1,0
1789801725.356708,0,18.114407,20.686412,0.011709,0.000000,0.000000,0.000000,0.000000,0.000000,0.000000,0.000000,0.000000,0.000000,0.000000,0.000000,0.000000,1,0
1789801725.456692,0,18.114407,20.686412,0.011709,0.000000,0.000000,0.000000,0.000000,0.000000,0.000000,0.000000,0.000000,0.000000,0.000000,0.000000,0.000000,1,0
1789801725.556759,0,18.114407,20.686412,0.011709,0.000000,0.000000,0.000000,0.000000,0.000000,0.000000,0.000000,0.000000,0.000000,0.000000,0.000000,0.000000,1,0
1789801725.656738,0,18.114407,20.686412,0.011709,0.000000,0.000000,0.000000,0.000000,0.000000,0.000000,0.000000,0.000000,0.000000,0.000000,0.000000,0.000000,1,0
1789801725.756776,0,18.114407,20.686412,0.011709,0.000000,0.000000,0.000000,0.000000,0.000000,0.000000,0.000000,0.000000,0.000000,0.000000,0.000000,0.000000,1,0
1789801725.856782,0,18.114407,20.686412,0.011709,0.000000,0.000000,0.000000,0.000000,0.000000,0.000000,0.000000,0.000000,0.000000,0.000000,0.000000,0.000000,1,0
1789801725.956826,0,18.114407,20.686412,0.011709,0.000000,0.000000,0.000000,0.000000,0.000000,0.000000,0.000000,0.000000,0.000000,0.000000,0.000000,0.000000,1,0
1789801726.056886,0,18.114407,20.686412,0.011709,0.000000,0.000000,0.000000,0.000000,0.000000,0.000000,0.000000,0.000000,0.000000,0.000000,0.000000,0.000000,1,0
1789801726.156845,0,18.114407,20.686412,0.011709,0.000000,0.000000,0.000000,0.000000,0.000000,0.000000,0.000000,0.000000,0.000000,0.000000,0.000000,0.000000,1,0
1789801726.256887,0,18.114407,20.686412,0.011709,0.000000,0.000000,0.000000,0.000000,0.000000,0.000000,0.000000,0.000000,0.000000,0.000000,0.000000,0.000000,1,0
1789801726.356952,0,18.114407,20.686412,0.011709,0.000000,0.000000,0.000000,0.000000,0.000000,0.000000,0.000000,0.000000,0.000000,0.000000,0.000000,0.000000,1,0
1789801726.456950,0,18.114407,20.686412,0.011709,0.000000,0.000000,0.000000,0.000000,0.000000,0.000000,0.000000,0.000000,0.000000,0.000000,0.000000,0.000000,1,0
1789801726.556978,0,18.114407,20.686412,0.011709,0.000000,0.000000,0.000000,0.000000,0.000000,0.000000,0.000000,0.000000,0.000000,0.000000,0.000000,0.000000,1,0
1789801726.657006,0,18.114407,20.686412,0.011709,0.000000,0.000000,0.000000,0.000000,0.000000,0.000000,0.000000,0.000000,0.000000,0.000000,0.000000,0.000000,1,0
1789801726.757024,0,18.114407,20.686412,0.011709,0.000000,0.000000,0.000000,0.000000,0.000000,0.000000,0.000000,0.000000,0.000000,0.000000,0.000000,0.000000,1,0
1789801726.857020,0,18.114407,20.686412,0.011709,0.000000,0.000000,0.000000,0.000000,0.000000,0.000000,0.000000,0.000000,0.000000,0.000000,0.000000,0.000000,1,0
1789801726.957048,0,18.114407,20.686412,0.011709,0.000000,0.000000,0.000000,0.000000,0.000000,0.000000,0.000000,0.000000,0.000000,0.000000,0.000000,0.000000,1,0
1789801727.057111,0,18.114407,20.686412,0.011709,0.000000,0.000000,0.000000,0.000000,0.000000,0.000000,0.000000,0.000000,0.000000,0.000000,0.000000,0.000000,1,0
1789801727.157088,0,18.114407,20.686412,0.011709,0.000000,0.000000,0.000000,0.000000,0.000000,0.000000,0.000000,0.000000,0.000000,0.000000,0.000000,0.000000,1,0
1789801727.257110,0,18.114407,20.686412,0.011709,0.000000,0.000000,0.000000,0.000000,0.000000,0.000000,0.000000,0.000000,0.000000,0.000000,0.000000,0.000000,1,0
1789801727.357179,0,18.114407,20.686412,0.011709,0.000000,0.000000,0.000000,0.000000,0.000000,0.000000,0.000000,0.000000,0.000000,0.000000,0.000000,0.000000,0,0
1789801727.457243,0,18.114407,20.686412,0.011709,0.000000,0.000000,0.000000,0.000000,0.000000,0.000000,0.000000,0.000000,0.000000,0.000000,0.000000,0.000000,0,0
1789801727.557201,0,18.114407,20.686412,0.011709,0.000000,0.000000,0.000000,0.000000,0.000000,0.000000,0.000000,0.000000,0.000000,0.000000,0.000000,0.000000,0,0
1789801727.657227,0,18.114407,20.686412,0.011709,0.000000,0.000000,0.000000,0.000000,0.000000,0.000000,0.000000,0.000000,0.000000,0.000000,0.000000,0.000000,0,0
1789801727.757220,0,18.114407,20.686412,0.011709,0.000000,0.000000,0.000000,0.000000,0.000000,0.000000,0.000000,0.000000,0.000000,0.000000,0.000000,0.000000,0,0
1789801727.857302,0,18.114407,20.686412,0.011709,0.000000,0.000000,0.000000,0.000000,0.000000,0.000000,0.000000,0.000000,0.000000,0.000000,0.000000,0.000000,0,0
1789801727.957320,0,18.114407,20.686412,0.011709,0.000000,0.000000,0.000000,0.000000,0.000000,0.000000,0.000000,0.000000,0.000000,0.000000,0.000000,0.000000,0,0
1789801728.057344,0,18.114407,20.686412,0.011709,0.000000,0.000000,0.000000,0.000000,0.000000,0.000000,0.000000,0.000000,0.000000,0.000000,0.000000,0.000000,0,0
1789801728.157323,0,18.114407,20.686412,0.011709,0.000000,0.000000,0.000000,0.000000,0.000000,0.000000,0.000000,0.000000,0.000000,0.000000,0.000000,0.000000,0,0
1789801728.257319,0,18.114407,20.686412,0.011709,0.000000,0.000000,0.000000,0.000000,0.000000,0.000000,0.000000,0.000000,0.000000,0.000000,0.000000,0.000000,0,0
1789801728.357398,0,18.114407,20.686412,0.011709,0.000000,0.000000,0.000000,0.000000,0.000000,0.000000,0.000000,0.000000,0.000000,0.000000,0.000000,0.000000,0,0
1789801728.457413,0,18.114407,20.686412,0.011709,0.000000,0.000000,0.000000,0.000000,0.000000,0.000000,0.000000,0.000000,0.000000,0.000000,0.000000,0.000000,0,0
1789801728.557437,0,18.114407,20.686412,0.011709,0.000000,0.000000,0.000000,0.000000,0.000000,0.000000,0.000000,0.000000,0.000000,0.000000,0.000000,0.000000,0,0
1789801728.657445,0,18.114407,20.686412,0.011709,0.000000,0.000000,0.000000,0.000000,0.000000,0.000000,0.000000,0.000000,0.000000,0.000000,0.000000,0.000000,0,0
1789801728.757463,0,18.114407,20.686412,0.011709,0.000000,0.000000,0.000000,0.000000,0.000000,0.000000,0.000000,0.000000,0.000000,0.000000,0.000000,0.000000,0,0
1789801728.857482,0,18.114407,20.686412,0.011709,0.000000,0.000000,0.000000,0.000000,0.000000,0.000000,0.000000,0.000000,0.000000,0.000000,0.000000,0.000000,0,0
1789801728.957569,0,18.114407,20.686412,0.011709,0.000000,0.000000,0.000000,0.000000,0.000000,0.000000,0.000000,0.000000,0.000000,0.000000,0.000000,0.000000,0,0
1789801729.057541,0,18.114407,20.686412,0.011709,0.000000,0.000000,0.000000,0.000000,0.000000,0.000000,0.000000,0.000000,0.000000,0.000000,0.000000,0.000000,0,0
1789801729.157555,0,18.114407,20.686412,0.011709,0.000000,0.000000,0.000000,0.000000,0.000000,0.000000,0.000000,0.000000,0.000000,0.000000,0.000000,0.000000,0,0
1789801729.257662,0,18.114407,20.686412,0.011709,0.000000,0.000000,0.000000,0.000000,0.000000,0.000000,0.000000,0.000000,0.000000,0.000000,0.000000,0.000000,0,0
1789801729.357625,0,18.114407,20.686412,0.011709,0.000000,0.000000,0.000000,0.000000,0.000000,0.000000,0.000000,0.000000,0.000000,0.000000,0.000000,0.000000,0,0
1789801729.458078,0,18.114407,20.686412,0.011709,0.000000,0.000000,0.000000,0.000000,0.000000,0.000000,0.000000,0.000000,0.000000,0.000000,0.000000,0.000000,0,0
1789801729.557656,0,18.114407,20.686412,0.011709,0.000000,0.000000,0.000000,0.000000,0.000000,0.000000,0.000000,0.000000,0.000000,0.000000,0.000000,0.000000,0,0
1789801729.657722,0,18.114407,20.686412,0.011709,0.000000,0.000000,0.000000,0.000000,0.000000,0.000000,0.000000,0.000000,0.000000,0.000000,0.000000,0.000000,0,0
1789801729.757686,0,18.114407,20.686412,0.011709,0.000000,0.000000,0.000000,0.000000,0.000000,0.000000,0.000000,0.000000,0.000000,0.000000,0.000000,0.000000,0,0
1789801729.857764,0,18.114407,20.686412,0.011709,0.000000,0.000000,0.000000,0.000000,0.000000,0.000000,0.000000,0.000000,0.000000,0.000000,0.000000,0.000000,0,0
1789801729.957737,0,18.114407,20.686412,0.011709,0.000000,0.000000,0.000000,0.000000,0.000000,0.000000,0.000000,0.000000,0.000000,0.000000,0.000000,0.000000,0,0
1789801730.057804,0,18.114407,20.686412,0.011709,0.000000,0.000000,0.000000,0.000000,0.000000,0.000000,0.000000,0.000000,0.000000,0.000000,0.000000,0.000000,0,0
1789801730.157864,0,18.114407,20.686412,0.011709,0.000000,0.000000,0.000000,0.000000,0.000000,0.000000,0.000000,0.000000,0.000000,0.000000,0.000000,0.000000,0,0
1789801730.257837,0,18.114407,20.686412,0.011709,0.000000,0.000000,0.000000,0.000000,0.000000,0.000000,0.000000,0.000000,0.000000,0.000000,0.000000,0.000000,0,0
1789801730.357910,0,18.114407,20.686412,0.011709,0.000000,0.000000,0.000000,0.000000,0.000000,0.000000,0.000000,0.000000,0.000000,0.000000,0.000000,0.000000,0,0
1789801730.457869,0,18.114407,20.686412,0.011709,0.000000,0.000000,0.000000,0.000000,0.000000,0.000000,0.000000,0.000000,0.000000,0.000000,0.000000,0.000000,0,0
1789801730.558277,0,18.114407,20.686412,0.011709,0.000000,0.000000,0.000000,0.000000,0.000000,0.000000,0.000000,0.000000,0.000000,0.000000,0.000000,0.000000,0,0
1789801730.657964,0,18.114407,20.686412,0.011709,0.000000,0.000000,0.000000,0.000000,0.000000,0.000000,0.000000,0.000000,0.000000,0.000000,0.000000,0.000000,1,0
1789801730.757964,0,18.114407,20.686412,0.011709,0.000000,0.000000,0.000000,0.000000,0.000000,0.000000,0.000000,0.000000,0.000000,0.000000,0.000000,0.000000,1,0
1789801730.857962,0,18.114407,20.686412,0.011709,0.000000,0.000000,0.000000,0.000000,0.000000,0.000000,0.000000,0.000000,0.000000,0.000000,0.000000,0.000000,1,0
1789801730.958073,0,18.114407,20.686412,0.011709,0.000000,0.000000,0.000000,0.000000,0.000000,0.000000,0.000000,0.000000,0.000000,0.000000,0.000000,0.000000,1,0
1789801731.058072,0,18.114407,20.686412,0.011709,0.000000,0.000000,0.000000,0.000000,0.000000,0.000000,0.000000,0.000000,0.000000,0.000000,0.000000,0.000000,1,0
1789801731.158083,0,18.114407,20.686412,0.011709,0.000000,0.000000,0.000000,0.000000,0.000000,0.000000,0.000000,0.000000,0.000000,0.000000,0.000000,0.000000,1,0
1789801731.258106,0,18.114407,20.686412,0.011709,0.000000,0.000000,0.000000,0.000000,0.000000,0.000000,0.000000,0.000000,0.000000,0.000000,0.000000,0.000000,1,0
1789801731.358121,0,18.114407,20.686412,0.011709,0.000000,0.000000,0.000000,0.000000,0.000000,0.000000,0.000000,0.000000,0.000000,0.000000,0.000000,0.000000,1,0
1789801731.458140,0,18.114407,20.686412,0.011709,0.000000,0.000000,0.000000,0.000000,0.000000,0.000000,0.000000,0.000000,0.000000,0.000000,0.000000,0.000000,1,0
1789801731.558174,0,18.114407,20.686412,0.011709,0.000000,0.000000,0.000000,0.000000,0.000000,0.000000,0.000000,0.000000,0.000000,0.000000,0.000000,0.000000,1,0
1789801731.658175,0,18.114407,20.686412,0.011709,0.000000,0.000000,0.000000,0.000000,0.000000,0.000000,0.000000,0.000000,0.000000,0.000000,0.000000,0.000000,1,0
1789801731.758205,0,18.114407,20.686412,0.011709,0.000000,0.000000,0.000000,0.000000,0.000000,0.000000,0.000000,0.000000,0.000000,0.000000,0.000000,0.000000,1,0
1789801731.858217,0,18.114407,20.686412,0.011709,0.000000,0.000000,0.000000,0.000000,0.000000,0.000000,0.000000,0.000000,0.000000,0.000000,0.000000,0.000000,1,0
1789801731.958267,0,18.114407,20.686412,0.011709,0.000000,0.000000,0.000000,0.000000,0.000000,0.000000,0.000000,0.000000,0.000000,0.000000,0.000000,0.000000,1,0
1789801732.058249,0,18.114407,20.686412,0.011709,0.000000,0.000000,0.000000,0.000000,0.000000,0.000000,0.000000,0.000000,0.000000,0.000000,0.000000,0.000000,1,0
1789801732.158255,0,18.114407,20.686412,0.011709,0.000000,0.000000,0.000000,0.000000,0.000000,0.000000,0.000000,0.000000,0.000000,0.000000,0.000000,0.000000,1,0
1789801732.258274,0,18.114407,20.686412,0.011709,0.000000,0.000000,0.000000,0.000000,0.000000,0.000000,0.000000,0.000000,0.000000,0.000000,0.000000,0.000000,1,0
1789801732.358289,0,18.114407,20.686412,0.011709,0.000000,0.000000,0.000000,0.000000,0.000000,0.000000,0.000000,0.000000,0.000000,0.000000,0.000000,0.000000,1,0
1789801732.458316,0,18.114407,20.686412,0.011709,0.000000,0.000000,0.000000,0.000000,0.000000,0.000000,0.000000,0.000000,0.000000,0.000000,0.000000,0.000000,1,0
1789801732.558351,0,18.114407,20.686412,0.011709,0.000000,0.000000,0.000000,0.000000,0.000000,0.000000,0.000000,0.000000,0.000000,0.000000,0.000000,0.000000,1,0
1789801732.658373,0,18.114407,20.686412,0.011709,0.000000,0.000000,0.000000,0.000000,0.000000,0.000000,0.000000,0.000000,0.000000,0.000000,0.000000,0.000000,1,0
1789801732.758413,0,18.114407,20.686412,0.011709,0.000000,0.000000,0.000000,0.000000,0.000000,0.000000,0.000000,0.000000,0.000000,0.000000,0.000000,0.000000,1,0
1789801732.858407,0,18.114407,20.686412,0.011709,0.000000,0.000000,0.000000,0.000000,0.000000,0.000000,0.000000,0.000000,0.000000,0.000000,0.000000,0.000000,1,0
1789801732.958444,0,18.114407,20.686412,0.011709,0.000000,0.000000,0.000000,0.000000,0.000000,0.000000,0.000000,0.000000,0.000000,0.000000,0.000000,0.000000,1,0
1789801733.058502,0,18.114407,20.686412,0.011709,0.000000,0.000000,0.000000,0.000000,0.000000,0.000000,0.000000,0.000000,0.000000,0.000000,0.000000,0.000000,1,0
1789801733.158502,0,18.114407,20.686412,0.011709,0.000000,0.000000,0.000000,0.000000,0.000000,0.000000,0.000000,0.000000,0.000000,0.000000,0.000000,0.000000,1,0
1789801733.258505,0,18.114407,20.686412,0.011709,0.000000,0.000000,0.000000,0.000000,0.000000,0.000000,0.000000,0.000000,0.000000,0.000000,0.000000,0.000000,1,0
1789801733.358533,0,18.114407,20.686412,0.011709,0.000000,0.000000,0.000000,0.000000,0.000000,0.000000,0.000000,0.000000,0.000000,0.000000,0.000000,0.000000,1,0
1789801733.458552,0,18.114407,20.686412,0.011709,0.000000,0.000000,0.000000,0.000000,0.000000,0.000000,0.000000,0.000000,0.000000,0.000000,0.000000,0.000000,1,0
1789801733.558574,0,18.114407,20.686412,0.011709,0.000000,0.000000,0.000000,0.000000,0.000000,0.000000,0.000000,0.000000,0.000000,0.000000,0.000000,0.000000,1,0
1789801733.658689,0,18.114407,20.686412,0.011709,0.000000,0.000000,0.000000,0.000000,0.000000,0.000000,0.000000,0.000000,0.000000,0.000000,0.000000,0.000000,1,0
1789801733.758602,0,18.114407,20.686412,0.011709,0.000000,0.000000,0.000000,0.000000,0.000000,0.000000,0.000000,0.000000,0.000000,0.000000,0.000000,0.000000,1,0
1789801733.858641,0,18.114407,20.686412,0.011709,0.000000,0.000000,0.000000,0.000000,0.000000,0.000000,0.000000,0.000000,0.000000,0.000000,0.000000,0.000000,1,0
1789801733.958706,0,18.114407,20.686412,0.011709,0.000000,0.000000,0.000000,0.000000,0.000000,0.000000,0.000000,0.000000,0.000000,0.000000,0.000000,0.000000,1,0
1789801734.058827,0,18.114407,20.686412,0.011709,0.000000,0.000000,0.000000,0.000000,0.000000,0.000000,0.000000,0.000000,0.000000,0.000000,0.000000,0.000000,1,0
1789801734.158718,0,18.114407,20.686412,0.011709,0.000000,0.000000,0.000000,0.000000,0.000000,0.000000,0.000000,0.000000,0.000000,0.000000,0.000000,0.000000,1,0
1789801734.258758,0,18.114407,20.686412,0.011709,0.000000,0.000000,0.000000,0.000000,0.000000,0.000000,0.000000,0.000000,0.000000,0.000000,0.000000,0.000000,1,0
1789801734.360678,0,18.114407,20.686412,0.011709,0.000000,0.000000,0.000000,0.000000,0.000000,0.000000,0.000000,0.000000,0.000000,0.000000,0.000000,0.000000,1,0
1789801734.458797,0,18.114407,20.686412,0.011709,0.000000,0.000000,0.000000,0.000000,0.000000,0.000000,0.000000,0.000000,0.000000,0.000000,0.000000,0.000000,1,0
1789801734.558858,0,18.114407,20.686412,0.011709,0.000000,0.000000,0.000000,0.000000,0.000000,0.000000,0.000000,0.000000,0.000000,0.000000,0.000000,0.000000,1,0
1789801734.658831,0,18.114407,20.686412,0.011709,0.000000,0.000000,0.000000,0.000000,0.000000,0.000000,0.000000,0.000000,0.000000,0.000000,0.000000,0.000000,1,0
1789801734.758827,0,18.114407,20.686412,0.011709,0.000000,0.000000,0.000000,0.000000,0.000000,0.000000,0.000000,0.000000,0.000000,0.000000,0.000000,0.000000,1,0
1789801734.858875,0,18.114407,20.686412,0.011709,0.000000,0.000000,0.000000,0.000000,0.000000,0.000000,0.000000,0.000000,0.000000,0.000000,0.000000,0.000000,1,0
1789801734.958905,0,18.114407,20.686412,0.011709,0.000000,0.000000,0.000000,0.000000,0.000000,0.000000,0.000000,0.000000,0.000000,0.000000,0.000000,0.000000,1,0
1789801735.058988,0,18.114407,20.686412,0.011709,0.000000,0.000000,0.000000,0.000000,0.000000,0.000000,0.000000,0.000000,0.000000,0.000000,0.000000,0.000000,1,0
1789801735.159029,0,18.114407,20.686412,0.011709,0.000000,0.000000,0.000000,0.000000,0.000000,0.000000,0.000000,0.000000,0.000000,0.000000,0.000000,0.000000,1,0
1789801735.258955,0,18.114407,20.686412,0.011709,0.000000,0.000000,0.000000,0.000000,0.000000,0.000000,0.000000,0.000000,0.000000,0.000000,0.000000,0.000000,1,0
1789801735.358967,0,18.114407,20.686412,0.011709,0.000000,0.000000,0.000000,0.000000,0.000000,0.000000,0.000000,0.000000,0.000000,0.000000,0.000000,0.000000,1,0
1789801735.459015,0,18.114407,20.686412,0.011709,0.000000,0.000000,0.000000,0.000000,0.000000,0.000000,0.000000,0.000000,0.000000,0.000000,0.000000,0.000000,1,0
1789801735.559484,0,18.114407,20.686412,0.011709,0.000000,0.000000,0.000000,0.000000,0.000000,0.000000,0.000000,0.000000,0.000000,0.000000,0.000000,0.000000,1,0
1789801735.659071,0,18.114407,20.686412,0.011709,0.000000,0.000000,0.000000,0.000000,0.000000,0.000000,0.000000,0.000000,0.000000,0.000000,0.000000,0.000000,1,0
1789801735.759054,0,18.114407,20.686412,0.011709,0.000000,0.000000,0.000000,0.000000,0.000000,0.000000,0.000000,0.000000,0.000000,0.000000,0.000000,0.000000,1,0
1789801735.859084,0,18.114407,20.686412,0.011709,0.000000,0.000000,0.000000,0.000000,0.000000,0.000000,0.000000,0.000000,0.000000,0.000000,0.000000,0.000000,1,0
1789801735.959106,0,18.114407,20.686412,0.011709,0.000000,0.000000,0.000000,0.000000,0.000000,0.000000,0.000000,0.000000,0.000000,0.000000,0.000000,0.000000,1,0
1789801736.059155,0,18.114407,20.686412,0.011709,0.000000,0.000000,0.000000,0.000000,0.000000,0.000000,0.000000,0.000000,0.000000,0.000000,0.000000,0.000000,1,0
1789801736.159182,0,18.114407,20.686412,0.011709,0.000000,0.000000,0.000000,0.000000,0.000000,0.000000,0.000000,0.000000,0.000000,0.000000,0.000000,0.000000,1,0
1789801736.259193,0,18.114407,20.686412,0.011709,0.000000,0.000000,0.000000,0.000000,0.000000,0.000000,0.000000,0.000000,0.000000,0.000000,0.000000,0.000000,1,0
1789801736.359215,0,18.114407,20.686412,0.011709,0.000000,0.000000,0.000000,0.000000,0.000000,0.000000,0.000000,0.000000,0.000000,0.000000,0.000000,0.000000,1,0
1789801736.459265,0,18.114407,20.686412,0.011709,0.000000,0.000000,0.000000,0.000000,0.000000,0.000000,0.000000,0.000000,0.000000,0.000000,0.000000,0.000000,1,0
1789801736.559287,0,18.114407,20.686412,0.011709,0.000000,0.000000,0.000000,0.000000,0.000000,0.000000,0.000000,0.000000,0.000000,0.000000,0.000000,0.000000,1,0
1789801736.659311,0,18.114407,20.686412,0.011709,0.000000,0.000000,0.000000,0.000000,0.000000,0.000000,0.000000,0.000000,0.000000,0.000000,0.000000,0.000000,1,0
1789801736.759282,0,18.114407,20.686412,0.011709,0.000000,0.000000,0.000000,0.000000,0.000000,0.000000,0.000000,0.000000,0.000000,0.000000,0.000000,0.000000,1,0
1789801736.859304,0,18.114407,20.686412,0.011709,0.000000,0.000000,0.000000,0.000000,0.000000,0.000000,0.000000,0.000000,0.000000,0.000000,0.000000,0.000000,1,0
1789801736.959343,0,18.114407,20.686412,0.011709,0.000000,0.000000,0.000000,0.000000,0.000000,0.000000,0.000000,0.000000,0.000000,0.000000,0.000000,0.000000,1,0
1789801737.059361,0,18.114407,20.686412,0.011709,0.000000,0.000000,0.000000,0.000000,0.000000,0.000000,0.000000,0.000000,0.000000,0.000000,0.000000,0.000000,1,0
1789801737.159366,0,18.114407,20.686412,0.011709,0.000000,0.000000,0.000000,0.000000,0.000000,0.000000,0.000000,0.000000,0.000000,0.000000,0.000000,0.000000,1,0
1789801737.259396,0,18.114407,20.686412,0.011709,0.000000,0.000000,0.000000,0.000000,0.000000,0.000000,0.000000,0.000000,0.000000,0.000000,0.000000,0.000000,1,0
1789801737.359431,0,18.114407,20.686412,0.011709,0.000000,0.000000,0.000000,0.000000,0.000000,0.000000,0.000000,0.000000,0.000000,0.000000,0.000000,0.000000,1,0
1789801737.459454,0,18.114407,20.686412,0.011709,0.000000,0.000000,0.000000,0.000000,0.000000,0.000000,0.000000,0.000000,0.000000,0.000000,0.000000,0.000000,1,0
1789801737.559491,0,18.114407,20.686412,0.011709,0.000000,0.000000,0.000000,0.000000,0.000000,0.000000,0.000000,0.000000,0.000000,0.000000,0.000000,0.000000,1,0
1789801737.659489,0,18.114407,20.686412,0.011709,0.000000,0.000000,0.000000,0.000000,0.000000,0.000000,0.000000,0.000000,0.000000,0.000000,0.000000,0.000000,1,0
1789801737.759495,0,18.114407,20.686412,0.011709,0.000000,0.000000,0.000000,0.000000,0.000000,0.000000,0.000000,0.000000,0.000000,0.000000,0.000000,0.000000,1,0
1789801737.859491,0,18.114407,20.686412,0.011709,0.000000,0.000000,0.000000,0.000000,0.000000,0.000000,0.000000,0.000000,0.000000,0.000000,0.000000,0.000000,1,0
1789801737.959580,0,18.114407,20.686412,0.011709,0.000000,0.000000,0.000000,0.000000,0.000000,0.000000,0.000000,0.000000,0.000000,0.000000,0.000000,0.000000,1,0
1789801738.059596,0,18.114407,20.686412,0.011709,0.000000,0.000000,0.000000,0.000000,0.000000,0.000000,0.000000,0.000000,0.000000,0.000000,0.000000,0.000000,1,0
1789801738.159603,0,18.114407,20.686412,0.011709,0.000000,0.000000,0.000000,0.000000,0.000000,0.000000,0.000000,0.000000,0.000000,0.000000,0.000000,0.000000,1,0
1789801738.259644,0,18.114407,20.686412,0.011709,0.000000,0.000000,0.000000,0.000000,0.000000,0.000000,0.000000,0.000000,0.000000,0.000000,0.000000,0.000000,1,0
1789801738.359668,0,18.114407,20.686412,0.011709,0.000000,0.000000,0.000000,0.000000,0.000000,0.000000,0.000000,0.000000,0.000000,0.000000,0.000000,0.000000,1,0
1789801738.459657,0,18.114407,20.686412,0.011709,0.000000,0.000000,0.000000,0.000000,0.000000,0.000000,0.000000,0.000000,0.000000,0.000000,0.000000,0.000000,1,0
1789801738.559695,0,18.114407,20.686412,0.011709,0.000000,0.000000,0.000000,0.000000,0.000000,0.000000,0.000000,0.000000,0.000000,0.000000,0.000000,0.000000,1,0
1789801738.659707,0,18.114407,20.686412,0.011709,0.000000,0.000000,0.000000,0.000000,0.000000,0.000000,0.000000,0.000000,0.000000,0.000000,0.000000,0.000000,1,0
1789801738.759722,0,18.114407,20.686412,0.011709,0.000000,0.000000,0.000000,0.000000,0.000000,0.000000,0.000000,0.000000,0.000000,0.000000,0.000000,0.000000,1,0
1789801738.859798,0,18.114407,20.686412,0.011709,0.000000,0.000000,0.000000,0.000000,0.000000,0.000000,0.000000,0.000000,0.000000,0.000000,0.000000,0.000000,1,0
1789801738.959775,0,18.114407,20.686412,0.011709,0.000000,0.000000,0.000000,0.000000,0.000000,0.000000,0.000000,0.000000,0.000000,0.000000,0.000000,0.000000,1,0
1789801739.059809,0,18.114407,20.686412,0.011709,0.000000,0.000000,0.000000,0.000000,0.000000,0.000000,0.000000,0.000000,0.000000,0.000000,0.000000,0.000000,1,0
1789801739.159818,0,18.114407,20.686412,0.011709,0.000000,0.000000,0.000000,0.000000,0.000000,0.000000,0.000000,0.000000,0.000000,0.000000,0.000000,0.000000,1,0
1789801739.259851,0,18.114407,20.686412,0.011709,0.000000,0.000000,0.000000,0.000000,0.000000,0.000000,0.000000,0.000000,0.000000,0.000000,0.000000,0.000000,1,0
1789801739.359863,0,18.114407,20.686412,0.011709,0.000000,0.000000,0.000000,0.000000,0.000000,0.000000,0.000000,0.000000,0.000000,0.000000,0.000000,0.000000,1,0
1789801739.459884,0,18.114407,20.686412,0.011709,0.000000,0.000000,0.000000,0.000000,0.000000,0.000000,0.000000,0.000000,0.000000,0.000000,0.000000,0.000000,1,0
1789801739.559954,0,18.114407,20.686412,0.011709,0.000000,0.000000,0.000000,0.000000,0.000000,0.000000,0.000000,0.000000,0.000000,0.000000,0.000000,0.000000,1,0
1789801739.659978,0,18.114407,20.686412,0.011709,0.000000,0.000000,0.000000,0.000000,0.000000,0.000000,0.000000,0.000000,0.000000,0.000000,0.000000,0.000000,1,0
1789801739.759973,0,18.114407,20.686412,0.011709,0.000000,0.000000,0.000000,0.000000,0.000000,0.000000,0.000000,0.000000,0.000000,0.000000,0.000000,0.000000,1,0
1789801739.859965,0,18.114407,20.686412,0.011709,0.000000,0.000000,0.000000,0.000000,0.000000,0.000000,0.000000,0.000000,0.000000,0.000000,0.000000,0.000000,1,0
1789801739.960035,0,18.114407,20.686412,0.011709,0.000000,0.000000,0.000000,0.000000,0.000000,0.000000,0.000000,0.000000,0.000000,0.000000,0.000000,0.000000,1,0
1789801740.060031,0,18.114407,20.686412,0.011709,0.000000,0.000000,0.000000,0.000000,0.000000,0.000000,0.000000,0.000000,0.000000,0.000000,0.000000,0.000000,1,0
1789801740.160030,0,18.114407,20.686412,0.011709,0.000000,0.000000,0.000000,0.000000,0.000000,0.000000,0.000000,0.000000,0.000000,0.000000,0.000000,0.000000,1,0
1789801740.260084,0,18.114407,20.686412,0.011709,0.000000,0.000000,0.000000,0.000000,0.000000,0.000000,0.000000,0.000000,0.000000,0.000000,0.000000,0.000000,1,0
1789801740.360221,0,18.124933,20.669750,0.037804,0.000000,0.000000,0.000000,0.000000,0.000000,0.000000,0.000000,0.000000,0.000000,0.000000,0.000000,0.000000,1,0
1789801740.460144,0,18.090915,20.663319,0.012132,0.000000,0.000000,0.000000,0.000000,0.000000,0.000000,0.000000,0.000000,0.000000,0.000000,0.000000,0.000000,1,0
1789801740.560132,0,18.090915,20.663319,0.012132,0.000000,0.000000,0.000000,0.000000,0.000000,0.000000,0.000000,0.000000,0.000000,0.000000,0.000000,0.000000,1,0
1789801740.660134,0,18.090915,20.663319,0.012132,0.000000,0.000000,0.000000,0.000000,0.000000,0.000000,0.000000,0.000000,0.000000,0.000000,0.000000,0.000000,1,0
1789801740.760155,0,18.090915,20.663319,0.012132,0.000000,0.000000,0.000000,0.000000,0.000000,0.000000,0.000000,0.000000,0.000000,0.000000,0.000000,0.000000,1,0
1789801740.860180,0,18.090915,20.663319,0.012132,0.000000,0.000000,0.000000,0.000000,0.000000,0.000000,0.000000,0.000000,0.000000,0.000000,0.000000,0.000000,1,0
1789801740.960220,0,18.090915,20.663319,0.012132,0.000000,0.000000,0.000000,0.000000,0.000000,0.000000,0.000000,0.000000,0.000000,0.000000,0.000000,0.000000,1,0
1789801741.060212,0,18.090915,20.663319,0.012132,0.000000,0.000000,0.000000,0.000000,0.000000,0.000000,0.000000,0.000000,0.000000,0.000000,0.000000,0.000000,1,0
1789801741.160311,0,18.090915,20.663319,0.012132,0.000000,0.000000,0.000000,0.000000,0.000000,0.000000,0.000000,0.000000,0.000000,0.000000,0.000000,0.000000,1,0
1789801741.260295,0,18.090915,20.663319,0.012132,0.000000,0.000000,0.000000,0.000000,0.000000,0.000000,0.000000,0.000000,0.000000,0.000000,0.000000,0.000000,1,0
1789801741.360340,0,18.090915,20.663319,0.012132,0.000000,0.000000,0.000000,0.000000,0.000000,0.000000,0.000000,0.000000,0.000000,0.000000,0.000000,0.000000,1,0
1789801741.460324,0,18.090915,20.663319,0.012132,0.000000,0.000000,0.000000,0.000000,0.000000,0.000000,0.000000,0.000000,0.000000,0.000000,0.000000,0.000000,1,0
1789801741.560347,0,18.090915,20.663319,0.012132,0.000000,0.000000,0.000000,0.000000,0.000000,0.000000,0.000000,0.000000,0.000000,0.000000,0.000000,0.000000,1,0
1789801741.660351,0,18.090915,20.663319,0.012132,0.000000,0.000000,0.000000,0.000000,0.000000,0.000000,0.000000,0.000000,0.000000,0.000000,0.000000,0.000000,1,0
1789801741.760411,0,18.090915,20.663319,0.012132,0.000000,0.000000,0.000000,0.000000,0.000000,0.000000,0.000000,0.000000,0.000000,0.000000,0.000000,0.000000,1,0
1789801741.860439,0,18.090915,20.663319,0.012132,0.000000,0.000000,0.000000,0.000000,0.000000,0.000000,0.000000,0.000000,0.000000,0.000000,0.000000,0.000000,1,0
1789801741.960440,0,18.090915,20.663319,0.012132,0.000000,0.000000,0.000000,0.000000,0.000000,0.000000,0.000000,0.000000,0.000000,0.000000,0.000000,0.000000,1,0
1789801742.060500,0,18.090915,20.663319,0.012132,0.000000,0.000000,0.000000,0.000000,0.000000,0.000000,0.000000,0.000000,0.000000,0.000000,0.000000,0.000000,1,0
1789801742.160466,0,18.090915,20.663319,0.012132,0.000000,0.000000,0.000000,0.000000,0.000000,0.000000,0.000000,0.000000,0.000000,0.000000,0.000000,0.000000,1,0
1789801742.260504,0,18.090915,20.663319,0.012132,0.000000,0.000000,0.000000,0.000000,0.000000,0.000000,0.000000,0.000000,0.000000,0.000000,0.000000,0.000000,1,0
1789801742.360523,0,18.090915,20.663319,0.012132,0.000000,0.000000,0.000000,0.000000,0.000000,0.000000,0.000000,0.000000,0.000000,0.000000,0.000000,0.000000,1,0
1789801742.460549,0,18.090915,20.663319,0.012132,0.000000,0.000000,0.000000,0.000000,0.000000,0.000000,0.000000,0.000000,0.000000,0.000000,0.000000,0.000000,1,0
1789801742.560585,0,18.090915,20.663319,0.012132,0.000000,0.000000,0.000000,0.000000,0.000000,0.000000,0.000000,0.000000,0.000000,0.000000,0.000000,0.000000,1,0
1789801742.660580,0,18.090915,20.663319,0.012132,0.000000,0.000000,0.000000,0.000000,0.000000,0.000000,0.000000,0.000000,0.000000,0.000000,0.000000,0.000000,1,0
1789801742.760626,0,18.090915,20.663319,0.012132,0.000000,0.000000,0.000000,0.000000,0.000000,0.000000,0.000000,0.000000,0.000000,0.000000,0.000000,0.000000,0,0
1789801742.860610,0,18.090915,20.663319,0.012132,0.000000,0.000000,0.000000,0.000000,0.000000,0.000000,0.000000,0.000000,0.000000,0.000000,0.000000,0.000000,0,0
1789801742.960650,0,18.090915,20.663319,0.012132,0.000000,0.000000,0.000000,0.000000,0.000000,0.000000,0.000000,0.000000,0.000000,0.000000,0.000000,0.000000,0,0
1789801743.060727,0,18.090915,20.663319,0.012132,0.000000,0.000000,0.000000,0.000000,0.000000,0.000000,0.000000,0.000000,0.000000,0.000000,0.000000,0.000000,0,0
1789801743.160694,0,18.090915,20.663319,0.012132,0.000000,0.000000,0.000000,0.000000,0.000000,0.000000,0.000000,0.000000,0.000000,0.000000,0.000000,0.000000,0,0
1789801743.260697,0,18.090915,20.663319,0.012132,0.000000,0.000000,0.000000,0.000000,0.000000,0.000000,0.000000,0.000000,0.000000,0.000000,0.000000,0.000000,0,0
1789801743.360747,0,18.090915,20.663319,0.012132,0.000000,0.000000,0.000000,0.000000,0.000000,0.000000,0.000000,0.000000,0.000000,0.000000,0.000000,0.000000,0,0
1789801743.460744,0,18.090915,20.663319,0.012132,0.000000,0.000000,0.000000,0.000000,0.000000,0.000000,0.000000,0.000000,0.000000,0.000000,0.000000,0.000000,0,0
1789801743.560790,0,18.090915,20.663319,0.012132,0.000000,0.000000,0.000000,0.000000,0.000000,0.000000,0.000000,0.000000,0.000000,0.000000,0.000000,0.000000,0,0
1789801743.660830,0,18.090915,20.663319,0.012132,0.000000,0.000000,0.000000,0.000000,0.000000,0.000000,0.000000,0.000000,0.000000,0.000000,0.000000,0.000000,0,0
1789801743.760843,0,18.090915,20.663319,0.012132,0.000000,0.000000,0.000000,0.000000,0.000000,0.000000,0.000000,0.000000,0.000000,0.000000,0.000000,0.000000,0,0
1789801743.860865,0,18.090915,20.663319,0.012132,0.000000,0.000000,0.000000,0.000000,0.000000,0.000000,0.000000,0.000000,0.000000,0.000000,0.000000,0.000000,0,0
1789801743.960915,0,18.090915,20.663319,0.012132,0.000000,0.000000,0.000000,0.000000,0.000000,0.000000,0.000000,0.000000,0.000000,0.000000,0.000000,0.000000,0,0
1789801744.060872,0,18.090915,20.663319,0.012132,0.000000,0.000000,0.000000,0.000000,0.000000,0.000000,0.000000,0.000000,0.000000,0.000000,0.000000,0.000000,0,0
1789801744.160911,0,18.090915,20.663319,0.012132,0.000000,0.000000,0.000000,0.000000,0.000000,0.000000,0.000000,0.000000,0.000000,0.000000,0.000000,0.000000,0,0
1789801744.260944,0,18.090915,20.663319,0.012132,0.000000,0.000000,0.000000,0.000000,0.000000,0.000000,0.000000,0.000000,0.000000,0.000000,0.000000,0.000000,0,0
1789801744.360963,0,18.090915,20.663319,0.012132,0.000000,0.000000,0.000000,0.000000,0.000000,0.000000,0.000000,0.000000,0.000000,0.000000,0.000000,0.000000,0,0
1789801744.460973,0,18.090915,20.663319,0.012132,0.000000,0.000000,0.000000,0.000000,0.000000,0.000000,0.000000,0.000000,0.000000,0.000000,0.000000,0.000000,0,0
1789801744.560986,0,18.090915,20.663319,0.012132,0.000000,0.000000,0.000000,0.000000,0.000000,0.000000,0.000000,0.000000,0.000000,0.000000,0.000000,0.000000,0,0
1789801744.661006,0,18.090915,20.663319,0.012132,0.000000,0.000000,0.000000,0.000000,0.000000,0.000000,0.000000,0.000000,0.000000,0.000000,0.000000,0.000000,0,0
1789801744.761012,0,18.090915,20.663319,0.012132,0.000000,0.000000,0.000000,0.000000,0.000000,0.000000,0.000000,0.000000,0.000000,0.000000,0.000000,0.000000,0,0
1789801744.861068,0,18.090915,20.663319,0.012132,0.000000,0.000000,0.000000,0.000000,0.000000,0.000000,0.000000,0.000000,0.000000,0.000000,0.000000,0.000000,0,0
1789801744.961056,0,18.090915,20.663319,0.012132,0.000000,0.000000,0.000000,0.000000,0.000000,0.000000,0.000000,0.000000,0.000000,0.000000,0.000000,0.000000,0,0
1789801745.061124,0,18.090915,20.663319,0.012132,0.000000,0.000000,0.000000,0.000000,0.000000,0.000000,0.000000,0.000000,0.000000,0.000000,0.000000,0.000000,0,0
1789801745.161218,0,18.090915,20.663319,0.012132,0.000000,0.000000,0.000000,0.000000,0.000000,0.000000,0.000000,0.000000,0.000000,0.000000,0.000000,0.000000,0,0
1789801745.261210,0,18.090915,20.663319,0.012132,0.000000,0.000000,0.000000,0.000000,0.000000,0.000000,0.000000,0.000000,0.000000,0.000000,0.000000,0.000000,0,0
1789801745.361181,0,18.090915,20.663319,0.012132,0.000000,0.000000,0.000000,0.000000,0.000000,0.000000,0.000000,0.000000,0.000000,0.000000,0.000000,0.000000,0,0
1789801745.461216,0,18.090915,20.663319,0.012132,0.000000,0.000000,0.000000,0.000000,0.000000,0.000000,0.000000,0.000000,0.000000,0.000000,0.000000,0.000000,0,0
1789801745.562468,0,18.090915,20.663319,0.012132,0.000000,0.000000,0.000000,0.000000,0.000000,0.000000,0.000000,0.000000,0.000000,0.000000,0.000000,0.000000,0,0
1789801745.661240,0,18.090915,20.663319,0.012132,0.000000,0.000000,0.000000,0.000000,0.000000,0.000000,0.000000,0.000000,0.000000,0.000000,0.000000,0.000000,0,0
1789801745.761230,0,18.090915,20.663319,0.012132,0.000000,0.000000,0.000000,0.000000,0.000000,0.000000,0.000000,0.000000,0.000000,0.000000,0.000000,0.000000,0,0
1789801745.861246,0,18.090915,20.663319,0.012132,0.000000,0.000000,0.000000,0.000000,0.000000,0.000000,0.000000,0.000000,0.000000,0.000000,0.000000,0.000000,0,0
1789801745.961305,0,18.090915,20.663319,0.012132,0.000000,0.000000,0.000000,0.000000,0.000000,0.000000,0.000000,0.000000,0.000000,0.000000,0.000000,0.000000,0,0
1789801746.061295,0,18.090915,20.663319,0.012132,0.000000,0.000000,0.000000,0.000000,0.000000,0.000000,0.000000,0.000000,0.000000,0.000000,0.000000,0.000000,0,0
1789801746.161319,0,18.090915,20.663319,0.012132,0.000000,0.000000,0.000000,0.000000,0.000000,0.000000,0.000000,0.000000,0.000000,0.000000,0.000000,0.000000,0,0
1789801746.261316,0,18.090915,20.663319,0.012132,0.000000,0.000000,0.000000,0.000000,0.000000,0.000000,0.000000,0.000000,0.000000,0.000000,0.000000,0.000000,0,0
1789801746.361375,0,18.090915,20.663319,0.012132,0.000000,0.000000,0.000000,0.000000,0.000000,0.000000,0.000000,0.000000,0.000000,0.000000,0.000000,0.000000,0,0
1789801746.461385,0,18.090915,20.663319,0.012132,0.000000,0.000000,0.000000,0.000000,0.000000,0.000000,0.000000,0.000000,0.000000,0.000000,0.000000,0.000000,0,0
1789801746.561431,0,18.090915,20.663319,0.012132,0.000000,0.000000,0.000000,0.000000,0.000000,0.000000,0.000000,0.000000,0.000000,0.000000,0.000000,0.000000,0,0
1789801746.661411,0,18.090915,20.663319,0.012132,0.000000,0.000000,0.000000,0.000000,0.000000,0.000000,0.000000,0.000000,0.000000,0.000000,0.000000,0.000000,0,0
1789801746.761451,0,18.090915,20.663319,0.012132,0.000000,0.000000,0.000000,0.000000,0.000000,0.000000,0.000000,0.000000,0.000000,0.000000,0.000000,0.000000,0,0
1789801746.861438,0,18.090915,20.663319,0.012132,0.000000,0.000000,0.000000,0.000000,0.000000,0.000000,0.000000,0.000000,0.000000,0.000000,0.000000,0.000000,0,0
1789801746.961490,0,18.090915,20.663319,0.012132,0.000000,0.000000,0.000000,0.000000,0.000000,0.000000,0.000000,0.000000,0.000000,0.000000,0.000000,0.000000,0,0
1789801747.061516,0,18.090915,20.663319,0.012132,0.000000,0.000000,0.000000,0.000000,0.000000,0.000000,0.000000,0.000000,0.000000,0.000000,0.000000,0.000000,0,0
1789801747.161543,0,18.090915,20.663319,0.012132,0.000000,0.000000,0.000000,0.000000,0.000000,0.000000,0.000000,0.000000,0.000000,0.000000,0.000000,0.000000,0,0
1789801747.261600,0,18.090915,20.663319,0.012132,0.000000,0.000000,0.000000,0.000000,0.000000,0.000000,0.000000,0.000000,0.000000,0.000000,0.000000,0.000000,0,0
1789801747.361684,0,18.090915,20.663319,0.012132,0.000000,0.000000,0.000000,0.000000,0.000000,0.000000,0.000000,0.000000,0.000000,0.000000,0.000000,0.000000,0,0
1789801747.461678,0,18.090915,20.663319,0.012132,0.000000,0.000000,0.000000,0.000000,0.000000,0.000000,0.000000,0.000000,0.000000,0.000000,0.000000,0.000000,0,0
1789801747.561568,0,18.090915,20.663319,0.012132,0.000000,0.000000,0.000000,0.000000,0.000000,0.000000,0.000000,0.000000,0.000000,0.000000,0.000000,0.000000,0,0
1789801747.661641,0,18.090915,20.663319,0.012132,0.000000,0.000000,0.000000,0.000000,0.000000,0.000000,0.000000,0.000000,0.000000,0.000000,0.000000,0.000000,0,0
1789801747.761660,0,18.090915,20.663319,0.012132,0.000000,0.000000,0.000000,0.000000,0.000000,0.000000,0.000000,0.000000,0.000000,0.000000,0.000000,0.000000,0,0
1789801747.861672,0,18.090915,20.663319,0.012132,0.000000,0.000000,0.000000,0.000000,0.000000,0.000000,0.000000,0.000000,0.000000,0.000000,0.000000,0.000000,0,0
1789801747.961695,0,18.090915,20.663319,0.012132,0.000000,0.000000,0.000000,0.000000,0.000000,0.000000,0.000000,0.000000,0.000000,0.000000,0.000000,0.000000,0,0
1789801748.061716,0,18.090915,20.663319,0.012132,0.000000,0.000000,0.000000,0.000000,0.000000,0.000000,0.000000,0.000000,0.000000,0.000000,0.000000,0.000000,0,0
1789801748.161742,0,18.090915,20.663319,0.012132,0.000000,0.000000,0.000000,0.000000,0.000000,0.000000,0.000000,0.000000,0.000000,0.000000,0.000000,0.000000,0,0
1789801748.261734,0,18.090915,20.663319,0.012132,0.000000,0.000000,0.000000,0.000000,0.000000,0.000000,0.000000,0.000000,0.000000,0.000000,0.000000,0.000000,0,0
1789801748.361798,0,18.090915,20.663319,0.012132,0.000000,0.000000,0.000000,0.000000,0.000000,0.000000,0.000000,0.000000,0.000000,0.000000,0.000000,0.000000,0,0
1789801748.461832,0,18.090915,20.663319,0.012132,0.000000,0.000000,0.000000,0.000000,0.000000,0.000000,0.000000,0.000000,0.000000,0.000000,0.000000,0.000000,0,0
1789801748.561852,0,18.090915,20.663319,0.012132,0.000000,0.000000,0.000000,0.000000,0.000000,0.000000,0.000000,0.000000,0.000000,0.000000,0.000000,0.000000,0,0
1789801748.661892,0,18.090915,20.663319,0.012132,0.000000,0.000000,0.000000,0.000000,0.000000,0.000000,0.000000,0.000000,0.000000,0.000000,0.000000,0.000000,0,0
1789801748.761898,0,18.090915,20.663319,0.012132,0.000000,0.000000,0.000000,0.000000,0.000000,0.000000,0.000000,0.000000,0.000000,0.000000,0.000000,0.000000,0,0
1789801748.861910,0,18.090915,20.663319,0.012132,0.000000,0.000000,0.000000,0.000000,0.000000,0.000000,0.000000,0.000000,0.000000,0.000000,0.000000,0.000000,0,0
1789801748.961909,0,18.090915,20.663319,0.012132,0.000000,0.000000,0.000000,0.000000,0.000000,0.000000,0.000000,0.000000,0.000000,0.000000,0.000000,0.000000,1,0
1789801749.061914,0,18.090915,20.663319,0.012132,0.000000,0.000000,0.000000,0.000000,0.000000,0.000000,0.000000,0.000000,0.000000,0.000000,0.000000,0.000000,1,0
1789801749.162081,0,18.090915,20.663319,0.012132,0.000000,0.000000,0.000000,0.000000,0.000000,0.000000,0.000000,0.000000,0.000000,0.000000,0.000000,0.000000,1,0
1789801749.261951,0,18.090915,20.663319,0.012132,0.000000,0.000000,0.000000,0.000000,0.000000,0.000000,0.000000,0.000000,0.000000,0.000000,0.000000,0.000000,1,0
1789801749.362026,0,18.090915,20.663319,0.012132,0.000000,0.000000,0.000000,0.000000,0.000000,0.000000,0.000000,0.000000,0.000000,0.000000,0.000000,0.000000,1,0
1789801749.462108,0,18.090915,20.663319,0.012132,0.000000,0.000000,0.000000,0.000000,0.000000,0.000000,0.000000,0.000000,0.000000,0.000000,0.000000,0.000000,1,0
1789801749.562074,0,18.090915,20.663319,0.012132,0.000000,0.000000,0.000000,0.000000,0.000000,0.000000,0.000000,0.000000,0.000000,0.000000,0.000000,0.000000,1,0
1789801749.662080,0,18.090915,20.663319,0.012132,0.000000,0.000000,0.000000,0.000000,0.000000,0.000000,0.000000,0.000000,0.000000,0.000000,0.000000,0.000000,1,0
1789801749.762119,0,18.090915,20.663319,0.012132,0.000000,0.000000,0.000000,0.000000,0.000000,0.000000,0.000000,0.000000,0.000000,0.000000,0.000000,0.000000,1,0
1789801749.862161,0,18.090915,20.663319,0.012132,0.000000,0.000000,0.000000,0.000000,0.000000,0.000000,0.000000,0.000000,0.000000,0.000000,0.000000,0.000000,1,0
1789801749.962164,0,18.090915,20.663319,0.012132,0.000000,0.000000,0.000000,0.000000,0.000000,0.000000,0.000000,0.000000,0.000000,0.000000,0.000000,0.000000,1,0
1789801750.062190,0,18.090915,20.663319,0.012132,0.000000,0.000000,0.000000,0.000000,0.000000,0.000000,0.000000,0.000000,0.000000,0.000000,0.000000,0.000000,1,0
1789801750.162225,0,18.090915,20.663319,0.012132,0.000000,0.000000,0.000000,0.000000,0.000000,0.000000,0.000000,0.000000,0.000000,0.000000,0.000000,0.000000,1,0
1789801750.262159,0,18.090915,20.663319,0.012132,0.000000,0.000000,0.000000,0.000000,0.000000,0.000000,0.000000,0.000000,0.000000,0.000000,0.000000,0.000000,1,0
1789801750.362190,0,18.090915,20.663319,0.012132,0.000000,0.000000,0.000000,0.000000,0.000000,0.000000,0.000000,0.000000,0.000000,0.000000,0.000000,0.000000,1,0
1789801750.462210,0,18.090915,20.663319,0.012132,0.000000,0.000000,0.000000,0.000000,0.000000,0.000000,0.000000,0.000000,0.000000,0.000000,0.000000,0.000000,1,0
1789801750.562246,0,18.090915,20.663319,0.012132,0.000000,0.000000,0.000000,0.000000,0.000000,0.000000,0.000000,0.000000,0.000000,0.000000,0.000000,0.000000,1,0
1789801750.662255,0,18.090915,20.663319,0.012132,0.000000,0.000000,0.000000,0.000000,0.000000,0.000000,0.000000,0.000000,0.000000,0.000000,0.000000,0.000000,1,0
1789801750.762251,0,18.090915,20.663319,0.012132,0.000000,0.000000,0.000000,0.000000,0.000000,0.000000,0.000000,0.000000,0.000000,0.000000,0.000000,0.000000,1,0
1789801750.862287,0,18.090915,20.663319,0.012132,0.000000,0.000000,0.000000,0.000000,0.000000,0.000000,0.000000,0.000000,0.000000,0.000000,0.000000,0.000000,1,0
1789801750.962327,0,18.090915,20.663319,0.012132,0.000000,0.000000,0.000000,0.000000,0.000000,0.000000,0.000000,0.000000,0.000000,0.000000,0.000000,0.000000,1,0
1789801751.062324,0,18.090915,20.663319,0.012132,0.000000,0.000000,0.000000,0.000000,0.000000,0.000000,0.000000,0.000000,0.000000,0.000000,0.000000,0.000000,1,0
1789801751.163390,0,18.090915,20.663319,0.012132,0.000000,0.000000,0.000000,0.000000,0.000000,0.000000,0.000000,0.000000,0.000000,0.000000,0.000000,0.000000,1,0
1789801751.262374,0,18.090915,20.663319,0.012132,0.000000,0.000000,0.000000,0.000000,0.000000,0.000000,0.000000,0.000000,0.000000,0.000000,0.000000,0.000000,1,0
1789801751.362380,0,18.090915,20.663319,0.012132,0.000000,0.000000,0.000000,0.000000,0.000000,0.000000,0.000000,0.000000,0.000000,0.000000,0.000000,0.000000,1,0
1789801751.462378,0,18.090915,20.663319,0.012132,0.000000,0.000000,0.000000,0.000000,0.000000,0.000000,0.000000,0.000000,0.000000,0.000000,0.000000,0.000000,1,0
1789801751.562434,0,18.090915,20.663319,0.012132,0.000000,0.000000,0.000000,0.000000,0.000000,0.000000,0.000000,0.000000,0.000000,0.000000,0.000000,0.000000,1,0
1789801751.662485,0,18.090915,20.663319,0.012132,0.000000,0.000000,0.000000,0.000000,0.000000,0.000000,0.000000,0.000000,0.000000,0.000000,0.000000,0.000000,1,0
1789801751.762628,0,18.090915,20.663319,0.012132,0.000000,0.000000,0.000000,0.000000,0.000000,0.000000,0.000000,0.000000,0.000000,0.000000,0.000000,0.000000,1,0
1789801751.862446,0,18.090915,20.663319,0.012132,0.000000,0.000000,0.000000,0.000000,0.000000,0.000000,0.000000,0.000000,0.000000,0.000000,0.000000,0.000000,1,0
1789801751.962529,0,18.090915,20.663319,0.012132,0.000000,0.000000,0.000000,0.000000,0.000000,0.000000,0.000000,0.000000,0.000000,0.000000,0.000000,0.000000,1,0
1789801752.062527,0,18.090915,20.663319,0.012132,0.000000,0.000000,0.000000,0.000000,0.000000,0.000000,0.000000,0.000000,0.000000,0.000000,0.000000,0.000000,1,0
1789801752.162596,0,18.090915,20.663319,0.012132,0.000000,0.000000,0.000000,0.000000,0.000000,0.000000,0.000000,0.000000,0.000000,0.000000,0.000000,0.000000,1,0
1789801752.262590,0,18.090915,20.663319,0.012132,0.000000,0.000000,0.000000,0.000000,0.000000,0.000000,0.000000,0.000000,0.000000,0.000000,0.000000,0.000000,1,0
1789801752.362597,0,18.090915,20.663319,0.012132,0.000000,0.000000,0.000000,0.000000,0.000000,0.000000,0.000000,0.000000,0.000000,0.000000,0.000000,0.000000,1,0
1789801752.462610,0,18.090915,20.663319,0.012132,0.000000,0.000000,0.000000,0.000000,0.000000,0.000000,0.000000,0.000000,0.000000,0.000000,0.000000,0.000000,1,0
1789801752.562670,0,18.090915,20.663319,0.012132,0.000000,0.000000,0.000000,0.000000,0.000000,0.000000,0.000000,0.000000,0.000000,0.000000,0.000000,0.000000,1,0
1789801752.662677,0,18.090915,20.663319,0.012132,0.000000,0.000000,0.000000,0.000000,0.000000,0.000000,0.000000,0.000000,0.000000,0.000000,0.000000,0.000000,1,0
1789801752.762665,0,18.090915,20.663319,0.012132,0.000000,0.000000,0.000000,0.000000,0.000000,0.000000,0.000000,0.000000,0.000000,0.000000,0.000000,0.000000,1,0
1789801752.862704,0,18.090915,20.663319,0.012132,0.000000,0.000000,0.000000,0.000000,0.000000,0.000000,0.000000,0.000000,0.000000,0.000000,0.000000,0.000000,1,0
1789801752.962731,0,18.090915,20.663319,0.012132,0.000000,0.000000,0.000000,0.000000,0.000000,0.000000,0.000000,0.000000,0.000000,0.000000,0.000000,0.000000,1,0
1789801753.062757,0,18.090915,20.663319,0.012132,0.000000,0.000000,0.000000,0.000000,0.000000,0.000000,0.000000,0.000000,0.000000,0.000000,0.000000,0.000000,1,0
1789801753.162757,0,18.090915,20.663319,0.012132,0.000000,0.000000,0.000000,0.000000,0.000000,0.000000,0.000000,0.000000,0.000000,0.000000,0.000000,0.000000,1,0
1789801753.262780,0,18.090915,20.663319,0.012132,0.000000,0.000000,0.000000,0.000000,0.000000,0.000000,0.000000,0.000000,0.000000,0.000000,0.000000,0.000000,1,0
1789801753.362807,0,18.090915,20.663319,0.012132,0.000000,0.000000,0.000000,0.000000,0.000000,0.000000,0.000000,0.000000,0.000000,0.000000,0.000000,0.000000,1,0
1789801753.462833,0,18.090915,20.663319,0.012132,0.000000,0.000000,0.000000,0.000000,0.000000,0.000000,0.000000,0.000000,0.000000,0.000000,0.000000,0.000000,1,0
1789801753.562845,0,18.090915,20.663319,0.012132,0.000000,0.000000,0.000000,0.000000,0.000000,0.000000,0.000000,0.000000,0.000000,0.000000,0.000000,0.000000,1,0
1789801753.662868,0,18.090915,20.663319,0.012132,0.000000,0.000000,0.000000,0.000000,0.000000,0.000000,0.000000,0.000000,0.000000,0.000000,0.000000,0.000000,1,0
1789801753.762847,0,18.090915,20.663319,0.012132,0.000000,0.000000,0.000000,0.000000,0.000000,0.000000,0.000000,0.000000,0.000000,0.000000,0.000000,0.000000,1,0
1789801753.862886,0,18.090915,20.663319,0.012132,0.000000,0.000000,0.000000,0.000000,0.000000,0.000000,0.000000,0.000000,0.000000,0.000000,0.000000,0.000000,1,0
1789801753.963050,0,18.090915,20.663319,0.012132,0.000000,0.000000,0.000000,0.000000,0.000000,0.000000,0.000000,0.000000,0.000000,0.000000,0.000000,0.000000,1,0
1789801754.062999,0,18.090915,20.663319,0.012132,0.000000,0.000000,0.000000,0.000000,0.000000,0.000000,0.000000,0.000000,0.000000,0.000000,0.000000,0.000000,1,0
1789801754.162939,0,18.090915,20.663319,0.012132,0.000000,0.000000,0.000000,0.000000,0.000000,0.000000,0.000000,0.000000,0.000000,0.000000,0.000000,0.000000,1,0
1789801754.262989,0,18.090915,20.663319,0.012132,0.000000,0.000000,0.000000,0.000000,0.000000,0.000000,0.000000,0.000000,0.000000,0.000000,0.000000,0.000000,1,0
1789801754.363014,0,18.090915,20.663319,0.012132,0.000000,0.000000,0.000000,0.000000,0.000000,0.000000,0.000000,0.000000,0.000000,0.000000,0.000000,0.000000,1,0
1789801754.463000,0,18.090915,20.663319,0.012132,0.000000,0.000000,0.000000,0.000000,0.000000,0.000000,0.000000,0.000000,0.000000,0.000000,0.000000,0.000000,1,0
1789801754.563023,0,18.090915,20.663319,0.012132,0.000000,0.000000,0.000000,0.000000,0.000000,0.000000,0.000000,0.000000,0.000000,0.000000,0.000000,0.000000,1,0
1789801754.663070,0,18.090915,20.663319,0.012132,0.000000,0.000000,0.000000,0.000000,0.000000,0.000000,0.000000,0.000000,0.000000,0.000000,0.000000,0.000000,1,0
1789801754.763058,0,18.090915,20.663319,0.012132,0.000000,0.000000,0.000000,0.000000,0.000000,0.000000,0.000000,0.000000,0.000000,0.000000,0.000000,0.000000,1,0
1789801754.863094,0,18.090915,20.663319,0.012132,0.000000,0.000000,0.000000,0.000000,0.000000,0.000000,0.000000,0.000000,0.000000,0.000000,0.000000,0.000000,1,0
1789801754.963135,0,18.090915,20.663319,0.012132,0.000000,0.000000,0.000000,0.000000,0.000000,0.000000,0.000000,0.000000,0.000000,0.000000,0.000000,0.000000,1,0
1789801755.063133,0,18.090915,20.663319,0.012132,0.000000,0.000000,0.000000,0.000000,0.000000,0.000000,0.000000,0.000000,0.000000,0.000000,0.000000,0.000000,1,0
1789801755.163159,0,18.090915,20.663319,0.012132,0.000000,0.000000,0.000000,0.000000,0.000000,0.000000,0.000000,0.000000,0.000000,0.000000,0.000000,0.000000,1,0
1789801755.263179,0,18.090915,20.663319,0.012132,0.000000,0.000000,0.000000,0.000000,0.000000,0.000000,0.000000,0.000000,0.000000,0.000000,0.000000,0.000000,1,0
1789801755.363215,0,18.090915,20.663319,0.012132,0.000000,0.000000,0.000000,0.000000,0.000000,0.000000,0.000000,0.000000,0.000000,0.000000,0.000000,0.000000,1,0
1789801755.463206,0,18.090915,20.663319,0.012132,0.000000,0.000000,0.000000,0.000000,0.000000,0.000000,0.000000,0.000000,0.000000,0.000000,0.000000,0.000000,1,0
1789801755.563275,0,18.090915,20.663319,0.012132,0.000000,0.000000,0.000000,0.000000,0.000000,0.000000,0.000000,0.000000,0.000000,0.000000,0.000000,0.000000,1,0
1789801755.663248,0,18.090915,20.663319,0.012132,0.000000,0.000000,0.000000,0.000000,0.000000,0.000000,0.000000,0.000000,0.000000,0.000000,0.000000,0.000000,1,0
1789801755.763295,0,18.090915,20.663319,0.012132,0.000000,0.000000,0.000000,0.000000,0.000000,0.000000,0.000000,0.000000,0.000000,0.000000,0.000000,0.000000,1,0
1789801755.863354,0,18.090915,20.663319,0.012132,0.000000,0.000000,0.000000,0.000000,0.000000,0.000000,0.000000,0.000000,0.000000,0.000000,0.000000,0.000000,1,0
1789801755.963262,0,18.090915,20.663319,0.012132,0.000000,0.000000,0.000000,0.000000,0.000000,0.000000,0.000000,0.000000,0.000000,0.000000,0.000000,0.000000,1,0
1789801756.063322,0,18.090915,20.663319,0.012132,0.000000,0.000000,0.000000,0.000000,0.000000,0.000000,0.000000,0.000000,0.000000,0.000000,0.000000,0.000000,1,0
1789801756.163342,0,18.090915,20.663319,0.012132,0.000000,0.000000,0.000000,0.000000,0.000000,0.000000,0.000000,0.000000,0.000000,0.000000,0.000000,0.000000,1,0
1789801756.263354,0,18.090915,20.663319,0.012132,0.000000,0.000000,0.000000,0.000000,0.000000,0.000000,0.000000,0.000000,0.000000,0.000000,0.000000,0.000000,1,0
1789801756.363375,0,18.090915,20.663319,0.012132,0.000000,0.000000,0.000000,0.000000,0.000000,0.000000,0.000000,0.000000,0.000000,0.000000,0.000000,0.000000,1,0
1789801756.463413,0,18.090915,20.663319,0.012132,0.000000,0.000000,0.000000,0.000000,0.000000,0.000000,0.000000,0.000000,0.000000,0.000000,0.000000,0.000000,1,0
1789801756.563484,0,18.090915,20.663319,0.012132,0.000000,0.000000,0.000000,0.000000,0.000000,0.000000,0.000000,0.000000,0.000000,0.000000,0.000000,0.000000,1,0
1789801756.663469,0,18.090915,20.663319,0.012132,0.000000,0.000000,0.000000,0.000000,0.000000,0.000000,0.000000,0.000000,0.000000,0.000000,0.000000,0.000000,1,0
1789801756.763464,0,18.090915,20.663319,0.012132,0.000000,0.000000,0.000000,0.000000,0.000000,0.000000,0.000000,0.000000,0.000000,0.000000,0.000000,0.000000,1,0
1789801756.863480,0,18.090915,20.663319,0.012132,0.000000,0.000000,0.000000,0.000000,0.000000,0.000000,0.000000,0.000000,0.000000,0.000000,0.000000,0.000000,1,0
1789801756.963532,0,18.090915,20.663319,0.012132,0.000000,0.000000,0.000000,0.000000,0.000000,0.000000,0.000000,0.000000,0.000000,0.000000,0.000000,0.000000,1,0
1789801757.063542,0,18.090915,20.663319,0.012132,0.000000,0.000000,0.000000,0.000000,0.000000,0.000000,0.000000,0.000000,0.000000,0.000000,0.000000,0.000000,1,0
1789801757.163522,0,18.090915,20.663319,0.012132,0.000000,0.000000,0.000000,0.000000,0.000000,0.000000,0.000000,0.000000,0.000000,0.000000,0.000000,0.000000,1,0
1789801757.263584,0,18.090915,20.663319,0.012132,0.000000,0.000000,0.000000,0.000000,0.000000,0.000000,0.000000,0.000000,0.000000,0.000000,0.000000,0.000000,1,0
1789801757.363579,0,18.090915,20.663319,0.012132,0.000000,0.000000,0.000000,0.000000,0.000000,0.000000,0.000000,0.000000,0.000000,0.000000,0.000000,0.000000,1,0
1789801757.463598,0,18.090915,20.663319,0.012132,0.000000,0.000000,0.000000,0.000000,0.000000,0.000000,0.000000,0.000000,0.000000,0.000000,0.000000,0.000000,1,0
1789801757.563591,0,18.090915,20.663319,0.012132,0.000000,0.000000,0.000000,0.000000,0.000000,0.000000,0.000000,0.000000,0.000000,0.000000,0.000000,0.000000,1,0
1789801757.663629,0,18.090915,20.663319,0.012132,0.000000,0.000000,0.000000,0.000000,0.000000,0.000000,0.000000,0.000000,0.000000,0.000000,0.000000,0.000000,1,0
1789801757.763665,0,18.090915,20.663319,0.012132,0.000000,0.000000,0.000000,0.000000,0.000000,0.000000,0.000000,0.000000,0.000000,0.000000,0.000000,0.000000,1,0
1789801757.863678,0,18.090915,20.663319,0.012132,0.000000,0.000000,0.000000,0.000000,0.000000,0.000000,0.000000,0.000000,0.000000,0.000000,0.000000,0.000000,1,0
1789801757.963704,0,18.090915,20.663319,0.012132,0.000000,0.000000,0.000000,0.000000,0.000000,0.000000,0.000000,0.000000,0.000000,0.000000,0.000000,0.000000,1,0
1789801758.063719,0,18.090915,20.663319,0.012132,0.000000,0.000000,0.000000,0.000000,0.000000,0.000000,0.000000,0.000000,0.000000,0.000000,0.000000,0.000000,1,0
1789801758.163781,0,18.090915,20.663319,0.012132,0.000000,0.000000,0.000000,0.000000,0.000000,0.000000,0.000000,0.000000,0.000000,0.000000,0.000000,0.000000,1,0
1789801758.263749,0,18.090915,20.663319,0.012132,0.000000,0.000000,0.000000,0.000000,0.000000,0.000000,0.000000,0.000000,0.000000,0.000000,0.000000,0.000000,1,0
1789801758.363787,0,18.090915,20.663319,0.012132,0.000000,0.000000,0.000000,0.000000,0.000000,0.000000,0.000000,0.000000,0.000000,0.000000,0.000000,0.000000,1,0
1789801758.463790,0,18.090915,20.663319,0.012132,0.000000,0.000000,0.000000,0.000000,0.000000,0.000000,0.000000,0.000000,0.000000,0.000000,0.000000,0.000000,1,0
1789801758.563820,0,18.090915,20.663319,0.012132,0.000000,0.000000,0.000000,0.000000,0.000000,0.000000,0.000000,0.000000,0.000000,0.000000,0.000000,0.000000,1,0
1789801758.663836,0,18.090915,20.663319,0.012132,0.000000,0.000000,0.000000,0.000000,0.000000,0.000000,0.000000,0.000000,0.000000,0.000000,0.000000,0.000000,1,0
1789801758.763870,0,18.090915,20.663319,0.012132,0.000000,0.000000,0.000000,0.000000,0.000000,0.000000,0.000000,0.000000,0.000000,0.000000,0.000000,0.000000,1,0
1789801758.863912,0,18.029325,20.674313,-0.020400,0.000000,0.000000,0.000000,0.000000,0.000000,0.000000,0.000000,0.000000,0.000000,0.000000,0.000000,0.000000,1,0
1789801758.963940,0,17.992901,20.656417,-0.028090,0.000000,0.000000,0.000000,0.000000,0.000000,0.000000,0.000000,0.000000,0.000000,0.000000,0.000000,0.000000,1,0
1789801759.063912,0,17.992901,20.656417,-0.028090,0.000000,0.000000,0.000000,0.000000,0.000000,0.000000,0.000000,0.000000,0.000000,0.000000,0.000000,0.000000,1,0
1789801759.163932,0,17.992901,20.656417,-0.028090,0.000000,0.000000,0.000000,0.000000,0.000000,0.000000,0.000000,0.000000,0.000000,0.000000,0.000000,0.000000,1,0
1789801759.263938,0,17.992901,20.656417,-0.028090,0.000000,0.000000,0.000000,0.000000,0.000000,0.000000,0.000000,0.000000,0.000000,0.000000,0.000000,0.000000,1,0
1789801759.363961,0,17.992901,20.656417,-0.028090,0.000000,0.000000,0.000000,0.000000,0.000000,0.000000,0.000000,0.000000,0.000000,0.000000,0.000000,0.000000,1,0
1789801759.463994,0,17.992901,20.656417,-0.028090,0.000000,0.000000,0.000000,0.000000,0.000000,0.000000,0.000000,0.000000,0.000000,0.000000,0.000000,0.000000,1,0
1789801759.564090,0,17.992901,20.656417,-0.028090,0.000000,0.000000,0.000000,0.000000,0.000000,0.000000,0.000000,0.000000,0.000000,0.000000,0.000000,0.000000,1,0
1789801759.664065,0,17.992901,20.656417,-0.028090,0.000000,0.000000,0.000000,0.000000,0.000000,0.000000,0.000000,0.000000,0.000000,0.000000,0.000000,0.000000,1,0
1789801759.764141,0,17.992901,20.656417,-0.028090,0.000000,0.000000,0.000000,0.000000,0.000000,0.000000,0.000000,0.000000,0.000000,0.000000,0.000000,0.000000,1,0
1789801759.864141,0,17.992901,20.656417,-0.028090,0.000000,0.000000,0.000000,0.000000,0.000000,0.000000,0.000000,0.000000,0.000000,0.000000,0.000000,0.000000,1,0
1789801759.964091,0,17.992901,20.656417,-0.028090,0.000000,0.000000,0.000000,0.000000,0.000000,0.000000,0.000000,0.000000,0.000000,0.000000,0.000000,0.000000,1,0
1789801760.064126,0,17.992901,20.656417,-0.028090,0.000000,0.000000,0.000000,0.000000,0.000000,0.000000,0.000000,0.000000,0.000000,0.000000,0.000000,0.000000,1,0
1789801760.164128,0,17.992901,20.656417,-0.028090,0.000000,0.000000,0.000000,0.000000,0.000000,0.000000,0.000000,0.000000,0.000000,0.000000,0.000000,0.000000,1,0
1789801760.264136,0,17.992901,20.656417,-0.028090,0.000000,0.000000,0.000000,0.000000,0.000000,0.000000,0.000000,0.000000,0.000000,0.000000,0.000000,0.000000,1,0
1789801760.364168,0,17.992901,20.656417,-0.028090,0.000000,0.000000,0.000000,0.000000,0.000000,0.000000,0.000000,0.000000,0.000000,0.000000,0.000000,0.000000,1,0
1789801760.464174,0,17.992901,20.656417,-0.028090,0.000000,0.000000,0.000000,0.000000,0.000000,0.000000,0.000000,0.000000,0.000000,0.000000,0.000000,0.000000,1,0
1789801760.564206,0,17.992901,20.656417,-0.028090,0.000000,0.000000,0.000000,0.000000,0.000000,0.000000,0.000000,0.000000,0.000000,0.000000,0.000000,0.000000,1,0
1789801760.664216,0,17.992901,20.656417,-0.028090,0.000000,0.000000,0.000000,0.000000,0.000000,0.000000,0.000000,0.000000,0.000000,0.000000,0.000000,0.000000,1,0
1789801760.764223,0,17.992901,20.656417,-0.028090,0.000000,0.000000,0.000000,0.000000,0.000000,0.000000,0.000000,0.000000,0.000000,0.000000,0.000000,0.000000,1,0
1789801760.864242,0,17.992901,20.656417,-0.028090,0.000000,0.000000,0.000000,0.000000,0.000000,0.000000,0.000000,0.000000,0.000000,0.000000,0.000000,0.000000,1,0
1789801760.964283,0,17.992901,20.656417,-0.028090,0.000000,0.000000,0.000000,0.000000,0.000000,0.000000,0.000000,0.000000,0.000000,0.000000,0.000000,0.000000,1,0
1789801761.064306,0,17.992901,20.656417,-0.028090,0.000000,0.000000,0.000000,0.000000,0.000000,0.000000,0.000000,0.000000,0.000000,0.000000,0.000000,0.000000,0,0
1789801761.164378,0,17.992901,20.656417,-0.028090,0.000000,0.000000,0.000000,0.000000,0.000000,0.000000,0.000000,0.000000,0.000000,0.000000,0.000000,0.000000,0,0
1789801761.264350,0,17.992901,20.656417,-0.028090,0.000000,0.000000,0.000000,0.000000,0.000000,0.000000,0.000000,0.000000,0.000000,0.000000,0.000000,0.000000,1,0
1789801761.364337,0,17.992901,20.656417,-0.028090,0.000000,0.000000,0.000000,0.000000,0.000000,0.000000,0.000000,0.000000,0.000000,0.000000,0.000000,0.000000,1,0
1789801761.464377,0,17.992901,20.656417,-0.028090,0.000000,0.000000,0.000000,0.000000,0.000000,0.000000,0.000000,0.000000,0.000000,0.000000,0.000000,0.000000,0,0
1789801761.564411,0,17.992901,20.656417,-0.028090,0.000000,0.000000,0.000000,0.000000,0.000000,0.000000,0.000000,0.000000,0.000000,0.000000,0.000000,0.000000,0,0
1789801761.664411,0,17.992901,20.656417,-0.028090,0.000000,0.000000,0.000000,0.000000,0.000000,0.000000,0.000000,0.000000,0.000000,0.000000,0.000000,0.000000,0,0
1789801761.764419,0,17.992901,20.656417,-0.028090,0.000000,0.000000,0.000000,0.000000,0.000000,0.000000,0.000000,0.000000,0.000000,0.000000,0.000000,0.000000,0,0
1789801761.864481,0,17.992901,20.656417,-0.028090,0.000000,0.000000,0.000000,0.000000,0.000000,0.000000,0.000000,0.000000,0.000000,0.000000,0.000000,0.000000,0,0
1789801761.964499,0,17.992901,20.656417,-0.028090,0.000000,0.000000,0.000000,0.000000,0.000000,0.000000,0.000000,0.000000,0.000000,0.000000,0.000000,0.000000,0,0
1789801762.064505,0,17.992901,20.656417,-0.028090,0.000000,0.000000,0.000000,0.000000,0.000000,0.000000,0.000000,0.000000,0.000000,0.000000,0.000000,0.000000,0,0
1789801762.164554,0,17.992901,20.656417,-0.028090,0.000000,0.000000,0.000000,0.000000,0.000000,0.000000,0.000000,0.000000,0.000000,0.000000,0.000000,0.000000,0,0
1789801762.264516,0,17.992901,20.656417,-0.028090,0.000000,0.000000,0.000000,0.000000,0.000000,0.000000,0.000000,0.000000,0.000000,0.000000,0.000000,0.000000,0,0
1789801762.364537,0,17.992901,20.656417,-0.028090,0.000000,0.000000,0.000000,0.000000,0.000000,0.000000,0.000000,0.000000,0.000000,0.000000,0.000000,0.000000,0,0
1789801762.464589,0,17.992901,20.656417,-0.028090,0.000000,0.000000,0.000000,0.000000,0.000000,0.000000,0.000000,0.000000,0.000000,0.000000,0.000000,0.000000,0,0
1789801762.564606,0,17.992901,20.656417,-0.028090,0.000000,0.000000,0.000000,0.000000,0.000000,0.000000,0.000000,0.000000,0.000000,0.000000,0.000000,0.000000,0,0
1789801762.664586,0,17.992901,20.656417,-0.028090,0.000000,0.000000,0.000000,0.000000,0.000000,0.000000,0.000000,0.000000,0.000000,0.000000,0.000000,0.000000,0,0
1789801762.764625,0,17.992901,20.656417,-0.028090,0.000000,0.000000,0.000000,0.000000,0.000000,0.000000,0.000000,0.000000,0.000000,0.000000,0.000000,0.000000,0,0
1789801762.864628,0,17.992901,20.656417,-0.028090,0.000000,0.000000,0.000000,0.000000,0.000000,0.000000,0.000000,0.000000,0.000000,0.000000,0.000000,0.000000,0,0
1789801762.964703,0,17.992901,20.656417,-0.028090,0.000000,0.000000,0.000000,0.000000,0.000000,0.000000,0.000000,0.000000,0.000000,0.000000,0.000000,0.000000,0,0
1789801763.064682,0,17.992901,20.656417,-0.028090,0.000000,0.000000,0.000000,0.000000,0.000000,0.000000,0.000000,0.000000,0.000000,0.000000,0.000000,0.000000,0,0
1789801763.164693,0,17.992901,20.656417,-0.028090,0.000000,0.000000,0.000000,0.000000,0.000000,0.000000,0.000000,0.000000,0.000000,0.000000,0.000000,0.000000,0,0
1789801763.264721,0,17.992901,20.656417,-0.028090,0.000000,0.000000,0.000000,0.000000,0.000000,0.000000,0.000000,0.000000,0.000000,0.000000,0.000000,0.000000,0,0
1789801763.364737,0,17.992901,20.656417,-0.028090,0.000000,0.000000,0.000000,0.000000,0.000000,0.000000,0.000000,0.000000,0.000000,0.000000,0.000000,0.000000,0,0
1789801763.464792,0,17.992901,20.656417,-0.028090,0.000000,0.000000,0.000000,0.000000,0.000000,0.000000,0.000000,0.000000,0.000000,0.000000,0.000000,0.000000,0,0
1789801763.564807,0,17.992901,20.656417,-0.028090,0.000000,0.000000,0.000000,0.000000,0.000000,0.000000,0.000000,0.000000,0.000000,0.000000,0.000000,0.000000,0,0
1789801763.664784,0,17.992901,20.656417,-0.028090,0.000000,0.000000,0.000000,0.000000,0.000000,0.000000,0.000000,0.000000,0.000000,0.000000,0.000000,0.000000,0,0
1789801763.764801,0,17.992901,20.656417,-0.028090,0.000000,0.000000,0.000000,0.000000,0.000000,0.000000,0.000000,0.000000,0.000000,0.000000,0.000000,0.000000,0,0
1789801763.864821,0,17.992901,20.656417,-0.028090,0.000000,0.000000,0.000000,0.000000,0.000000,0.000000,0.000000,0.000000,0.000000,0.000000,0.000000,0.000000,0,0
1789801763.964839,0,17.992901,20.656417,-0.028090,0.000000,0.000000,0.000000,0.000000,0.000000,0.000000,0.000000,0.000000,0.000000,0.000000,0.000000,0.000000,0,0
1789801764.064862,0,17.992901,20.656417,-0.028090,0.000000,0.000000,0.000000,0.000000,0.000000,0.000000,0.000000,0.000000,0.000000,0.000000,0.000000,0.000000,0,0
1789801764.164891,0,17.992901,20.656417,-0.028090,0.000000,0.000000,0.000000,0.000000,0.000000,0.000000,0.000000,0.000000,0.000000,0.000000,0.000000,0.000000,0,0
1789801764.264873,0,17.992901,20.656417,-0.028090,0.000000,0.000000,0.000000,0.000000,0.000000,0.000000,0.000000,0.000000,0.000000,0.000000,0.000000,0.000000,0,0
1789801764.364916,0,17.992901,20.656417,-0.028090,0.000000,0.000000,0.000000,0.000000,0.000000,0.000000,0.000000,0.000000,0.000000,0.000000,0.000000,0.000000,0,0
1789801764.464948,0,17.992901,20.656417,-0.028090,0.000000,0.000000,0.000000,0.000000,0.000000,0.000000,0.000000,0.000000,0.000000,0.000000,0.000000,0.000000,0,0
1789801764.564959,0,17.992901,20.656417,-0.028090,0.000000,0.000000,0.000000,0.000000,0.000000,0.000000,0.000000,0.000000,0.000000,0.000000,0.000000,0.000000,0,0
1789801764.664954,0,17.992901,20.656417,-0.028090,0.000000,0.000000,0.000000,0.000000,0.000000,0.000000,0.000000,0.000000,0.000000,0.000000,0.000000,0.000000,0,0
1789801764.764978,0,17.992901,20.656417,-0.028090,0.000000,0.000000,0.000000,0.000000,0.000000,0.000000,0.000000,0.000000,0.000000,0.000000,0.000000,0.000000,0,0
1789801764.865030,0,17.992901,20.656417,-0.028090,0.000000,0.000000,0.000000,0.000000,0.000000,0.000000,0.000000,0.000000,0.000000,0.000000,0.000000,0.000000,0,0
1789801764.965043,0,17.992901,20.656417,-0.028090,0.000000,0.000000,0.000000,0.000000,0.000000,0.000000,0.000000,0.000000,0.000000,0.000000,0.000000,0.000000,1,0
1789801765.065035,0,17.992901,20.656417,-0.028090,0.000000,0.000000,0.000000,0.000000,0.000000,0.000000,0.000000,0.000000,0.000000,0.000000,0.000000,0.000000,1,0
1789801765.165062,0,17.992901,20.656417,-0.028090,0.000000,0.000000,0.000000,0.000000,0.000000,0.000000,0.000000,0.000000,0.000000,0.000000,0.000000,0.000000,1,0
1789801765.265118,0,17.992901,20.656417,-0.028090,0.000000,0.000000,0.000000,0.000000,0.000000,0.000000,0.000000,0.000000,0.000000,0.000000,0.000000,0.000000,1,0
1789801765.365164,0,17.992901,20.656417,-0.028090,0.000000,0.000000,0.000000,0.000000,0.000000,0.000000,0.000000,0.000000,0.000000,0.000000,0.000000,0.000000,1,0
1789801765.465135,0,17.992901,20.656417,-0.028090,0.000000,0.000000,0.000000,0.000000,0.000000,0.000000,0.000000,0.000000,0.000000,0.000000,0.000000,0.000000,1,0
1789801765.565152,0,17.992901,20.656417,-0.028090,0.000000,0.000000,0.000000,0.000000,0.000000,0.000000,0.000000,0.000000,0.000000,0.000000,0.000000,0.000000,1,0
1789801765.665159,0,17.992901,20.656417,-0.028090,0.000000,0.000000,0.000000,0.000000,0.000000,0.000000,0.000000,0.000000,0.000000,0.000000,0.000000,0.000000,1,0
1789801765.765164,0,17.992901,20.656417,-0.028090,0.000000,0.000000,0.000000,0.000000,0.000000,0.000000,0.000000,0.000000,0.000000,0.000000,0.000000,0.000000,1,0
1789801765.865220,0,17.992901,20.656417,-0.028090,0.000000,0.000000,0.000000,0.000000,0.000000,0.000000,0.000000,0.000000,0.000000,0.000000,0.000000,0.000000,1,0
1789801765.965198,0,17.992901,20.656417,-0.028090,0.000000,0.000000,0.000000,0.000000,0.000000,0.000000,0.000000,0.000000,0.000000,0.000000,0.000000,0.000000,1,0
1789801766.065219,0,17.992901,20.656417,-0.028090,0.000000,0.000000,0.000000,0.000000,0.000000,0.000000,0.000000,0.000000,0.000000,0.000000,0.000000,0.000000,1,0
1789801766.165255,0,17.992901,20.656417,-0.028090,0.000000,0.000000,0.000000,0.000000,0.000000,0.000000,0.000000,0.000000,0.000000,0.000000,0.000000,0.000000,1,0
1789801766.265254,0,17.992901,20.656417,-0.028090,0.000000,0.000000,0.000000,0.000000,0.000000,0.000000,0.000000,0.000000,0.000000,0.000000,0.000000,0.000000,1,0
1789801766.365446,0,17.992901,20.656417,-0.028090,0.000000,0.000000,0.000000,0.000000,0.000000,0.000000,0.000000,0.000000,0.000000,0.000000,0.000000,0.000000,1,0
1789801766.465315,0,17.992901,20.656417,-0.028090,0.000000,0.000000,0.000000,0.000000,0.000000,0.000000,0.000000,0.000000,0.000000,0.000000,0.000000,0.000000,1,0
1789801766.565312,0,17.992901,20.656417,-0.028090,0.000000,0.000000,0.000000,0.000000,0.000000,0.000000,0.000000,0.000000,0.000000,0.000000,0.000000,0.000000,1,0
1789801766.665223,0,17.992901,20.656417,-0.028090,0.000000,0.000000,0.000000,0.000000,0.000000,0.000000,0.000000,0.000000,0.000000,0.000000,0.000000,0.000000,1,0
1789801766.765255,0,17.992901,20.656417,-0.028090,0.000000,0.000000,0.000000,0.000000,0.000000,0.000000,0.000000,0.000000,0.000000,0.000000,0.000000,0.000000,1,0
1789801766.865368,0,17.992901,20.656417,-0.028090,0.000000,0.000000,0.000000,0.000000,0.000000,0.000000,0.000000,0.000000,0.000000,0.000000,0.000000,0.000000,1,0
1789801766.965388,0,17.992901,20.656417,-0.028090,0.000000,0.000000,0.000000,0.000000,0.000000,0.000000,0.000000,0.000000,0.000000,0.000000,0.000000,0.000000,1,0
1789801767.065384,0,17.992901,20.656417,-0.028090,0.000000,0.000000,0.000000,0.000000,0.000000,0.000000,0.000000,0.000000,0.000000,0.000000,0.000000,0.000000,1,0
1789801767.166093,0,17.992901,20.656417,-0.028090,0.000000,0.000000,0.000000,0.000000,0.000000,0.000000,0.000000,0.000000,0.000000,0.000000,0.000000,0.000000,1,0
1789801767.265396,0,17.992901,20.656417,-0.028090,0.000000,0.000000,0.000000,0.000000,0.000000,0.000000,0.000000,0.000000,0.000000,0.000000,0.000000,0.000000,1,0
1789801767.365414,0,17.992901,20.656417,-0.028090,0.000000,0.000000,0.000000,0.000000,0.000000,0.000000,0.000000,0.000000,0.000000,0.000000,0.000000,0.000000,1,0
1789801767.466110,0,17.992901,20.656417,-0.028090,0.000000,0.000000,0.000000,0.000000,0.000000,0.000000,0.000000,0.000000,0.000000,0.000000,0.000000,0.000000,1,0
1789801767.565530,0,17.992901,20.656417,-0.028090,0.000000,0.000000,0.000000,0.000000,0.000000,0.000000,0.000000,0.000000,0.000000,0.000000,0.000000,0.000000,1,0
1789801767.665552,0,17.992901,20.656417,-0.028090,0.000000,0.000000,0.000000,0.000000,0.000000,0.000000,0.000000,0.000000,0.000000,0.000000,0.000000,0.000000,1,0
1789801767.765533,0,17.992901,20.656417,-0.028090,0.000000,0.000000,0.000000,0.000000,0.000000,0.000000,0.000000,0.000000,0.000000,0.000000,0.000000,0.000000,1,0
1789801767.865727,0,17.992901,20.656417,-0.028090,0.000000,0.000000,0.000000,0.000000,0.000000,0.000000,0.000000,0.000000,0.000000,0.000000,0.000000,0.000000,1,0
1789801767.965596,0,17.992901,20.656417,-0.028090,0.000000,0.000000,0.000000,0.000000,0.000000,0.000000,0.000000,0.000000,0.000000,0.000000,0.000000,0.000000,1,0
1789801768.065623,0,17.992901,20.656417,-0.028090,0.000000,0.000000,0.000000,0.000000,0.000000,0.000000,0.000000,0.000000,0.000000,0.000000,0.000000,0.000000,1,0
1789801768.165770,0,17.992901,20.656417,-0.028090,0.000000,0.000000,0.000000,0.000000,0.000000,0.000000,0.000000,0.000000,0.000000,0.000000,0.000000,0.000000,1,0
1789801768.265598,0,17.992901,20.656417,-0.028090,0.000000,0.000000,0.000000,0.000000,0.000000,0.000000,0.000000,0.000000,0.000000,0.000000,0.000000,0.000000,1,0
1789801768.365814,0,17.992901,20.656417,-0.028090,0.000000,0.000000,0.000000,0.000000,0.000000,0.000000,0.000000,0.000000,0.000000,0.000000,0.000000,0.000000,1,0
1789801768.465638,0,17.992901,20.656417,-0.028090,0.000000,0.000000,0.000000,0.000000,0.000000,0.000000,0.000000,0.000000,0.000000,0.000000,0.000000,0.000000,1,0
1789801768.566228,0,17.992901,20.656417,-0.028090,0.000000,0.000000,0.000000,0.000000,0.000000,0.000000,0.000000,0.000000,0.000000,0.000000,0.000000,0.000000,1,0
1789801768.665772,0,17.992901,20.656417,-0.028090,0.000000,0.000000,0.000000,0.000000,0.000000,0.000000,0.000000,0.000000,0.000000,0.000000,0.000000,0.000000,1,0
1789801768.765898,0,17.992901,20.656417,-0.028090,0.000000,0.000000,0.000000,0.000000,0.000000,0.000000,0.000000,0.000000,0.000000,0.000000,0.000000,0.000000,1,0
1789801768.865696,0,17.992901,20.656417,-0.028090,0.000000,0.000000,0.000000,0.000000,0.000000,0.000000,0.000000,0.000000,0.000000,0.000000,0.000000,0.000000,1,0
1789801768.965771,0,17.992901,20.656417,-0.028090,0.000000,0.000000,0.000000,0.000000,0.000000,0.000000,0.000000,0.000000,0.000000,0.000000,0.000000,0.000000,1,0
1789801769.065804,0,17.992901,20.656417,-0.028090,0.000000,0.000000,0.000000,0.000000,0.000000,0.000000,0.000000,0.000000,0.000000,0.000000,0.000000,0.000000,1,0
1789801769.165654,0,17.992901,20.656417,-0.028090,0.000000,0.000000,0.000000,0.000000,0.000000,0.000000,0.000000,0.000000,0.000000,0.000000,0.000000,0.000000,1,0
1789801769.265774,0,17.992901,20.656417,-0.028090,0.000000,0.000000,0.000000,0.000000,0.000000,0.000000,0.000000,0.000000,0.000000,0.000000,0.000000,0.000000,1,0
1789801769.365793,0,17.992901,20.656417,-0.028090,0.000000,0.000000,0.000000,0.000000,0.000000,0.000000,0.000000,0.000000,0.000000,0.000000,0.000000,0.000000,1,0
1789801769.465808,0,17.992901,20.656417,-0.028090,0.000000,0.000000,0.000000,0.000000,0.000000,0.000000,0.000000,0.000000,0.000000,0.000000,0.000000,0.000000,1,0
1789801769.565835,0,17.992901,20.656417,-0.028090,0.000000,0.000000,0.000000,0.000000,0.000000,0.000000,0.000000,0.000000,0.000000,0.000000,0.000000,0.000000,1,0
1789801769.665858,0,17.992901,20.656417,-0.028090,0.000000,0.000000,0.000000,0.000000,0.000000,0.000000,0.000000,0.000000,0.000000,0.000000,0.000000,0.000000,1,0
1789801769.770166,0,17.992901,20.656417,-0.028090,0.000000,0.000000,0.000000,0.000000,0.000000,0.000000,0.000000,0.000000,0.000000,0.000000,0.000000,0.000000,1,0
1789801769.866181,0,17.992901,20.656417,-0.028090,0.000000,0.000000,0.000000,0.000000,0.000000,0.000000,0.000000,0.000000,0.000000,0.000000,0.000000,0.000000,1,0
1789801769.966260,0,17.992901,20.656417,-0.028090,0.000000,0.000000,0.000000,0.000000,0.000000,0.000000,0.000000,0.000000,0.000000,0.000000,0.000000,0.000000,1,0
1789801770.065952,0,17.992901,20.656417,-0.028090,0.000000,0.000000,0.000000,0.000000,0.000000,0.000000,0.000000,0.000000,0.000000,0.000000,0.000000,0.000000,1,0
1789801770.166521,0,17.992901,20.656417,-0.028090,0.000000,0.000000,0.000000,0.000000,0.000000,0.000000,0.000000,0.000000,0.000000,0.000000,0.000000,0.000000,1,0
1789801770.266484,0,17.992901,20.656417,-0.028090,0.000000,0.000000,0.000000,0.000000,0.000000,0.000000,0.000000,0.000000,0.000000,0.000000,0.000000,0.000000,1,0
1789801770.366056,0,17.992901,20.656417,-0.028090,0.000000,0.000000,0.000000,0.000000,0.000000,0.000000,0.000000,0.000000,0.000000,0.000000,0.000000,0.000000,1,0
1789801770.466249,0,17.992901,20.656417,-0.028090,0.000000,0.000000,0.000000,0.000000,0.000000,0.000000,0.000000,0.000000,0.000000,0.000000,0.000000,0.000000,1,0
1789801770.566286,0,17.992901,20.656417,-0.028090,0.000000,0.000000,0.000000,0.000000,0.000000,0.000000,0.000000,0.000000,0.000000,0.000000,0.000000,0.000000,1,0
1789801770.666113,0,17.992901,20.656417,-0.028090,0.000000,0.000000,0.000000,0.000000,0.000000,0.000000,0.000000,0.000000,0.000000,0.000000,0.000000,0.000000,1,0
1789801770.766085,0,17.992901,20.656417,-0.028090,0.000000,0.000000,0.000000,0.000000,0.000000,0.000000,0.000000,0.000000,0.000000,0.000000,0.000000,0.000000,1,0
1789801770.866191,0,17.992901,20.656417,-0.028090,0.000000,0.000000,0.000000,0.000000,0.000000,0.000000,0.000000,0.000000,0.000000,0.000000,0.000000,0.000000,1,0
1789801770.966140,0,17.876976,20.711853,0.023489,0.000000,0.000000,0.000000,0.000000,0.000000,0.000000,0.000000,0.000000,0.000000,0.000000,0.000000,0.000000,1,0
1789801771.066383,0,17.901066,20.726974,0.019499,0.000000,0.000000,0.000000,0.000000,0.000000,0.000000,0.000000,0.000000,0.000000,0.000000,0.000000,0.000000,1,0
1789801771.166162,0,17.901066,20.726974,0.019499,0.000000,0.000000,0.000000,0.000000,0.000000,0.000000,0.000000,0.000000,0.000000,0.000000,0.000000,0.000000,1,0
1789801771.266126,0,17.901066,20.726974,0.019499,0.000000,0.000000,0.000000,0.000000,0.000000,0.000000,0.000000,0.000000,0.000000,0.000000,0.000000,0.000000,1,0
1789801771.366151,0,17.901066,20.726974,0.019499,0.000000,0.000000,0.000000,0.000000,0.000000,0.000000,0.000000,0.000000,0.000000,0.000000,0.000000,0.000000,1,0
1789801771.466168,0,17.901066,20.726974,0.019499,0.000000,0.000000,0.000000,0.000000,0.000000,0.000000,0.000000,0.000000,0.000000,0.000000,0.000000,0.000000,1,0
1789801771.566256,0,17.901066,20.726974,0.019499,0.000000,0.000000,0.000000,0.000000,0.000000,0.000000,0.000000,0.000000,0.000000,0.000000,0.000000,0.000000,1,0
1789801771.666280,0,17.901066,20.726974,0.019499,0.000000,0.000000,0.000000,0.000000,0.000000,0.000000,0.000000,0.000000,0.000000,0.000000,0.000000,0.000000,1,0
1789801771.766262,0,17.901066,20.726974,0.019499,0.000000,0.000000,0.000000,0.000000,0.000000,0.000000,0.000000,0.000000,0.000000,0.000000,0.000000,0.000000,1,0
1789801771.866504,0,17.901066,20.726974,0.019499,0.000000,0.000000,0.000000,0.000000,0.000000,0.000000,0.000000,0.000000,0.000000,0.000000,0.000000,0.000000,1,0
1789801771.966321,0,17.901066,20.726974,0.019499,0.000000,0.000000,0.000000,0.000000,0.000000,0.000000,0.000000,0.000000,0.000000,0.000000,0.000000,0.000000,1,0
1789801772.068251,0,17.901066,20.726974,0.019499,0.000000,0.000000,0.000000,0.000000,0.000000,0.000000,0.000000,0.000000,0.000000,0.000000,0.000000,0.000000,1,0
1789801772.167593,0,17.901066,20.726974,0.019499,0.000000,0.000000,0.000000,0.000000,0.000000,0.000000,0.000000,0.000000,0.000000,0.000000,0.000000,0.000000,1,0
1789801772.266463,0,17.901066,20.726974,0.019499,0.000000,0.000000,0.000000,0.000000,0.000000,0.000000,0.000000,0.000000,0.000000,0.000000,0.000000,0.000000,1,0
1789801772.366467,0,17.901066,20.726974,0.019499,0.000000,0.000000,0.000000,0.000000,0.000000,0.000000,0.000000,0.000000,0.000000,0.000000,0.000000,0.000000,1,0
1789801772.469136,0,17.901066,20.726974,0.019499,0.000000,0.000000,0.000000,0.000000,0.000000,0.000000,0.000000,0.000000,0.000000,0.000000,0.000000,0.000000,1,0
1789801772.566483,0,17.901066,20.726974,0.019499,0.000000,0.000000,0.000000,0.000000,0.000000,0.000000,0.000000,0.000000,0.000000,0.000000,0.000000,0.000000,1,0
1789801772.666396,0,17.901066,20.726974,0.019499,0.000000,0.000000,0.000000,0.000000,0.000000,0.000000,0.000000,0.000000,0.000000,0.000000,0.000000,0.000000,1,0
1789801772.768469,0,17.901066,20.726974,0.019499,0.000000,0.000000,0.000000,0.000000,0.000000,0.000000,0.000000,0.000000,0.000000,0.000000,0.000000,0.000000,1,0
1789801772.866539,0,17.901066,20.726974,0.019499,0.000000,0.000000,0.000000,0.000000,0.000000,0.000000,0.000000,0.000000,0.000000,0.000000,0.000000,0.000000,1,0
1789801772.966493,0,17.901066,20.726974,0.019499,0.000000,0.000000,0.000000,0.000000,0.000000,0.000000,0.000000,0.000000,0.000000,0.000000,0.000000,0.000000,1,0
1789801773.066645,0,17.901066,20.726974,0.019499,0.000000,0.000000,0.000000,0.000000,0.000000,0.000000,0.000000,0.000000,0.000000,0.000000,0.000000,0.000000,1,0
1789801773.166541,0,17.901066,20.726974,0.019499,0.000000,0.000000,0.000000,0.000000,0.000000,0.000000,0.000000,0.000000,0.000000,0.000000,0.000000,0.000000,1,0
1789801773.266523,0,17.901066,20.726974,0.019499,0.000000,0.000000,0.000000,0.000000,0.000000,0.000000,0.000000,0.000000,0.000000,0.000000,0.000000,0.000000,1,0
1789801773.367839,0,17.901066,20.726974,0.019499,0.000000,0.000000,0.000000,0.000000,0.000000,0.000000,0.000000,0.000000,0.000000,0.000000,0.000000,0.000000,1,0
1789801773.466539,0,17.901066,20.726974,0.019499,0.000000,0.000000,0.000000,0.000000,0.000000,0.000000,0.000000,0.000000,0.000000,0.000000,0.000000,0.000000,1,0
1789801773.566574,0,17.901066,20.726974,0.019499,0.000000,0.000000,0.000000,0.000000,0.000000,0.000000,0.000000,0.000000,0.000000,0.000000,0.000000,0.000000,1,0
1789801773.666567,0,17.901066,20.726974,0.019499,0.000000,0.000000,0.000000,0.000000,0.000000,0.000000,0.000000,0.000000,0.000000,0.000000,0.000000,0.000000,1,0
1789801773.766610,0,17.901066,20.726974,0.019499,0.000000,0.000000,0.000000,0.000000,0.000000,0.000000,0.000000,0.000000,0.000000,0.000000,0.000000,0.000000,1,0
1789801773.866614,0,17.901066,20.726974,0.019499,0.000000,0.000000,0.000000,0.000000,0.000000,0.000000,0.000000,0.000000,0.000000,0.000000,0.000000,0.000000,1,0
1789801773.966639,0,17.901066,20.726974,0.019499,0.000000,0.000000,0.000000,0.000000,0.000000,0.000000,0.000000,0.000000,0.000000,0.000000,0.000000,0.000000,1,0
1789801774.066649,0,17.901066,20.726974,0.019499,0.000000,0.000000,0.000000,0.000000,0.000000,0.000000,0.000000,0.000000,0.000000,0.000000,0.000000,0.000000,1,0
1789801774.166723,0,17.901066,20.726974,0.019499,0.000000,0.000000,0.000000,0.000000,0.000000,0.000000,0.000000,0.000000,0.000000,0.000000,0.000000,0.000000,1,0
1789801774.266678,0,17.901066,20.726974,0.019499,0.000000,0.000000,0.000000,0.000000,0.000000,0.000000,0.000000,0.000000,0.000000,0.000000,0.000000,0.000000,1,0
1789801774.366699,0,17.901066,20.726974,0.019499,0.000000,0.000000,0.000000,0.000000,0.000000,0.000000,0.000000,0.000000,0.000000,0.000000,0.000000,0.000000,1,0
1789801774.466930,0,17.901066,20.726974,0.019499,0.000000,0.000000,0.000000,0.000000,0.000000,0.000000,0.000000,0.000000,0.000000,0.000000,0.000000,0.000000,1,0
1789801774.566736,0,17.901066,20.726974,0.019499,0.000000,0.000000,0.000000,0.000000,0.000000,0.000000,0.000000,0.000000,0.000000,0.000000,0.000000,0.000000,1,0
1789801774.666793,0,17.901066,20.726974,0.019499,0.000000,0.000000,0.000000,0.000000,0.000000,0.000000,0.000000,0.000000,0.000000,0.000000,0.000000,0.000000,1,0
1789801774.766784,0,17.901066,20.726974,0.019499,0.000000,0.000000,0.000000,0.000000,0.000000,0.000000,0.000000,0.000000,0.000000,0.000000,0.000000,0.000000,1,0
1789801774.866803,0,17.901066,20.726974,0.019499,0.000000,0.000000,0.000000,0.000000,0.000000,0.000000,0.000000,0.000000,0.000000,0.000000,0.000000,0.000000,1,0
1789801774.966891,0,17.901066,20.726974,0.019499,0.000000,0.000000,0.000000,0.000000,0.000000,0.000000,0.000000,0.000000,0.000000,0.000000,0.000000,0.000000,1,0
1789801775.066851,0,17.901066,20.726974,0.019499,0.000000,0.000000,0.000000,0.000000,0.000000,0.000000,0.000000,0.000000,0.000000,0.000000,0.000000,0.000000,1,0
1789801775.167011,0,17.901066,20.726974,0.019499,0.000000,0.000000,0.000000,0.000000,0.000000,0.000000,0.000000,0.000000,0.000000,0.000000,0.000000,0.000000,1,0
1789801775.266949,0,17.901066,20.726974,0.019499,0.000000,0.000000,0.000000,0.000000,0.000000,0.000000,0.000000,0.000000,0.000000,0.000000,0.000000,0.000000,1,0
1789801775.366898,0,17.901066,20.726974,0.019499,0.000000,0.000000,0.000000,0.000000,0.000000,0.000000,0.000000,0.000000,0.000000,0.000000,0.000000,0.000000,1,0
1789801775.467049,0,17.901066,20.726974,0.019499,0.000000,0.000000,0.000000,0.000000,0.000000,0.000000,0.000000,0.000000,0.000000,0.000000,0.000000,0.000000,1,0
1789801775.566933,0,17.901066,20.726974,0.019499,0.000000,0.000000,0.000000,0.000000,0.000000,0.000000,0.000000,0.000000,0.000000,0.000000,0.000000,0.000000,1,0
1789801775.666950,0,17.901066,20.726974,0.019499,0.000000,0.000000,0.000000,0.000000,0.000000,0.000000,0.000000,0.000000,0.000000,0.000000,0.000000,0.000000,1,0
1789801775.766983,0,17.901066,20.726974,0.019499,0.000000,0.000000,0.000000,0.000000,0.000000,0.000000,0.000000,0.000000,0.000000,0.000000,0.000000,0.000000,1,0
1789801775.870411,0,17.901066,20.726974,0.019499,0.000000,0.000000,0.000000,0.000000,0.000000,0.000000,0.000000,0.000000,0.000000,0.000000,0.000000,0.000000,1,0
1789801775.967030,0,17.901066,20.726974,0.019499,0.000000,0.000000,0.000000,0.000000,0.000000,0.000000,0.000000,0.000000,0.000000,0.000000,0.000000,0.000000,1,0
1789801776.068150,0,17.901066,20.726974,0.019499,0.000000,0.000000,0.000000,0.000000,0.000000,0.000000,0.000000,0.000000,0.000000,0.000000,0.000000,0.000000,1,0
1789801776.167142,0,17.901066,20.726974,0.019499,0.000000,0.000000,0.000000,0.000000,0.000000,0.000000,0.000000,0.000000,0.000000,0.000000,0.000000,0.000000,1,0
1789801776.267050,0,17.901066,20.726974,0.019499,0.000000,0.000000,0.000000,0.000000,0.000000,0.000000,0.000000,0.000000,0.000000,0.000000,0.000000,0.000000,1,0
1789801776.367053,0,17.901066,20.726974,0.019499,0.000000,0.000000,0.000000,0.000000,0.000000,0.000000,0.000000,0.000000,0.000000,0.000000,0.000000,0.000000,1,0
1789801776.468227,0,17.901066,20.726974,0.019499,0.000000,0.000000,0.000000,0.000000,0.000000,0.000000,0.000000,0.000000,0.000000,0.000000,0.000000,0.000000,1,0
1789801776.567100,0,17.901066,20.726974,0.019499,0.000000,0.000000,0.000000,0.000000,0.000000,0.000000,0.000000,0.000000,0.000000,0.000000,0.000000,0.000000,1,0
1789801776.667157,0,17.901066,20.726974,0.019499,0.000000,0.000000,0.000000,0.000000,0.000000,0.000000,0.000000,0.000000,0.000000,0.000000,0.000000,0.000000,1,0
1789801776.767129,0,17.901066,20.726974,0.019499,0.000000,0.000000,0.000000,0.000000,0.000000,0.000000,0.000000,0.000000,0.000000,0.000000,0.000000,0.000000,1,0
1789801776.867300,0,17.901066,20.726974,0.019499,0.000000,0.000000,0.000000,0.000000,0.000000,0.000000,0.000000,0.000000,0.000000,0.000000,0.000000,0.000000,1,0
1789801776.967173,0,17.785429,20.731304,-0.010319,0.000000,0.000000,0.000000,0.000000,0.000000,0.000000,0.000000,0.000000,0.000000,0.000000,0.000000,0.000000,1,0
1789801777.067312,0,17.833074,20.716855,-0.019071,0.000000,0.000000,0.000000,0.000000,0.000000,0.000000,0.000000,0.000000,0.000000,0.000000,0.000000,0.000000,1,0
1789801777.167210,0,17.833074,20.716855,-0.019071,0.000000,0.000000,0.000000,0.000000,0.000000,0.000000,0.000000,0.000000,0.000000,0.000000,0.000000,0.000000,1,0
1789801777.267250,0,17.833074,20.716855,-0.019071,0.000000,0.000000,0.000000,0.000000,0.000000,0.000000,0.000000,0.000000,0.000000,0.000000,0.000000,0.000000,1,0
1789801777.367240,0,17.833074,20.716855,-0.019071,0.000000,0.000000,0.000000,0.000000,0.000000,0.000000,0.000000,0.000000,0.000000,0.000000,0.000000,0.000000,1,0
1789801777.467249,0,17.833074,20.716855,-0.019071,0.000000,0.000000,0.000000,0.000000,0.000000,0.000000,0.000000,0.000000,0.000000,0.000000,0.000000,0.000000,1,0
1789801777.567280,0,17.833074,20.716855,-0.019071,0.000000,0.000000,0.000000,0.000000,0.000000,0.000000,0.000000,0.000000,0.000000,0.000000,0.000000,0.000000,1,0
1789801777.667335,0,17.833074,20.716855,-0.019071,0.000000,0.000000,0.000000,0.000000,0.000000,0.000000,0.000000,0.000000,0.000000,0.000000,0.000000,0.000000,1,0
1789801777.767333,0,17.833074,20.716855,-0.019071,0.000000,0.000000,0.000000,0.000000,0.000000,0.000000,0.000000,0.000000,0.000000,0.000000,0.000000,0.000000,1,0
1789801777.867760,0,17.833074,20.716855,-0.019071,0.000000,0.000000,0.000000,0.000000,0.000000,0.000000,0.000000,0.000000,0.000000,0.000000,0.000000,0.000000,1,0
1789801777.967355,0,17.833074,20.716855,-0.019071,0.000000,0.000000,0.000000,0.000000,0.000000,0.000000,0.000000,0.000000,0.000000,0.000000,0.000000,0.000000,1,0
1789801778.068092,0,17.833074,20.716855,-0.019071,0.000000,0.000000,0.000000,0.000000,0.000000,0.000000,0.000000,0.000000,0.000000,0.000000,0.000000,0.000000,1,0
1789801778.167375,0,17.833074,20.716855,-0.019071,0.000000,0.000000,0.000000,0.000000,0.000000,0.000000,0.000000,0.000000,0.000000,0.000000,0.000000,0.000000,1,0
1789801778.267385,0,17.833074,20.716855,-0.019071,0.000000,0.000000,0.000000,0.000000,0.000000,0.000000,0.000000,0.000000,0.000000,0.000000,0.000000,0.000000,1,0
1789801778.367417,0,17.833074,20.716855,-0.019071,0.000000,0.000000,0.000000,0.000000,0.000000,0.000000,0.000000,0.000000,0.000000,0.000000,0.000000,0.000000,1,0
1789801778.468027,0,17.833074,20.716855,-0.019071,0.000000,0.000000,0.000000,0.000000,0.000000,0.000000,0.000000,0.000000,0.000000,0.000000,0.000000,0.000000,1,0
1789801778.568147,0,17.833074,20.716855,-0.019071,0.000000,0.000000,0.000000,0.000000,0.000000,0.000000,0.000000,0.000000,0.000000,0.000000,0.000000,0.000000,1,0
1789801778.668316,0,17.833074,20.716855,-0.019071,0.000000,0.000000,0.000000,0.000000,0.000000,0.000000,0.000000,0.000000,0.000000,0.000000,0.000000,0.000000,1,0
1789801778.768430,0,17.833074,20.716855,-0.019071,0.000000,0.000000,0.000000,0.000000,0.000000,0.000000,0.000000,0.000000,0.000000,0.000000,0.000000,0.000000,1,0
1789801778.867604,0,17.833074,20.716855,-0.019071,0.000000,0.000000,0.000000,0.000000,0.000000,0.000000,0.000000,0.000000,0.000000,0.000000,0.000000,0.000000,0,0
1789801778.969367,0,17.833074,20.716855,-0.019071,0.000000,0.000000,0.000000,0.000000,0.000000,0.000000,0.000000,0.000000,0.000000,0.000000,0.000000,0.000000,0,0
1789801779.067566,0,17.833074,20.716855,-0.019071,0.000000,0.000000,0.000000,0.000000,0.000000,0.000000,0.000000,0.000000,0.000000,0.000000,0.000000,0.000000,0,0
1789801779.167550,0,17.833074,20.716855,-0.019071,0.000000,0.000000,0.000000,0.000000,0.000000,0.000000,0.000000,0.000000,0.000000,0.000000,0.000000,0.000000,1,0
1789801779.267837,0,17.833074,20.716855,-0.019071,0.000000,0.000000,0.000000,0.000000,0.000000,0.000000,0.000000,0.000000,0.000000,0.000000,0.000000,0.000000,1,0
1789801779.369312,0,17.833074,20.716855,-0.019071,0.000000,0.000000,0.000000,0.000000,0.000000,0.000000,0.000000,0.000000,0.000000,0.000000,0.000000,0.000000,0,0
1789801779.467606,0,17.833074,20.716855,-0.019071,0.000000,0.000000,0.000000,0.000000,0.000000,0.000000,0.000000,0.000000,0.000000,0.000000,0.000000,0.000000,0,0
1789801779.567626,0,17.833074,20.716855,-0.019071,0.000000,0.000000,0.000000,0.000000,0.000000,0.000000,0.000000,0.000000,0.000000,0.000000,0.000000,0.000000,0,0
1789801779.668308,0,17.833074,20.716855,-0.019071,0.000000,0.000000,0.000000,0.000000,0.000000,0.000000,0.000000,0.000000,0.000000,0.000000,0.000000,0.000000,0,0
1789801779.769785,0,17.833074,20.716855,-0.019071,0.000000,0.000000,0.000000,0.000000,0.000000,0.000000,0.000000,0.000000,0.000000,0.000000,0.000000,0.000000,0,0
1789801779.867689,0,17.833074,20.716855,-0.019071,0.000000,0.000000,0.000000,0.000000,0.000000,0.000000,0.000000,0.000000,0.000000,0.000000,0.000000,0.000000,0,0
1789801779.967787,0,17.833074,20.716855,-0.019071,0.000000,0.000000,0.000000,0.000000,0.000000,0.000000,0.000000,0.000000,0.000000,0.000000,0.000000,0.000000,0,0
1789801780.067766,0,17.833074,20.716855,-0.019071,0.000000,0.000000,0.000000,0.000000,0.000000,0.000000,0.000000,0.000000,0.000000,0.000000,0.000000,0.000000,0,0
1789801780.168834,0,17.833074,20.716855,-0.019071,0.000000,0.000000,0.000000,0.000000,0.000000,0.000000,0.000000,0.000000,0.000000,0.000000,0.000000,0.000000,0,0
1789801780.267800,0,17.833074,20.716855,-0.019071,0.000000,0.000000,0.000000,0.000000,0.000000,0.000000,0.000000,0.000000,0.000000,0.000000,0.000000,0.000000,0,0
1789801780.367780,0,17.833074,20.716855,-0.019071,0.000000,0.000000,0.000000,0.000000,0.000000,0.000000,0.000000,0.000000,0.000000,0.000000,0.000000,0.000000,0,0
1789801780.467836,0,17.833074,20.716855,-0.019071,0.000000,0.000000,0.000000,0.000000,0.000000,0.000000,0.000000,0.000000,0.000000,0.000000,0.000000,0.000000,0,0
1789801780.567823,0,17.833074,20.716855,-0.019071,0.000000,0.000000,0.000000,0.000000,0.000000,0.000000,0.000000,0.000000,0.000000,0.000000,0.000000,0.000000,0,0
1789801780.667810,0,17.833074,20.716855,-0.019071,0.000000,0.000000,0.000000,0.000000,0.000000,0.000000,0.000000,0.000000,0.000000,0.000000,0.000000,0.000000,0,0
1789801780.768750,0,17.833074,20.716855,-0.019071,0.000000,0.000000,0.000000,0.000000,0.000000,0.000000,0.000000,0.000000,0.000000,0.000000,0.000000,0.000000,0,0
1789801780.868406,0,17.833074,20.716855,-0.019071,0.000000,0.000000,0.000000,0.000000,0.000000,0.000000,0.000000,0.000000,0.000000,0.000000,0.000000,0.000000,0,0
1789801780.967842,0,17.833074,20.716855,-0.019071,0.000000,0.000000,0.000000,0.000000,0.000000,0.000000,0.000000,0.000000,0.000000,0.000000,0.000000,0.000000,0,0
1789801781.067854,0,17.833074,20.716855,-0.019071,0.000000,0.000000,0.000000,0.000000,0.000000,0.000000,0.000000,0.000000,0.000000,0.000000,0.000000,0.000000,0,0
1789801781.167877,0,17.833074,20.716855,-0.019071,0.000000,0.000000,0.000000,0.000000,0.000000,0.000000,0.000000,0.000000,0.000000,0.000000,0.000000,0.000000,0,0
1789801781.267904,0,17.833074,20.716855,-0.019071,0.000000,0.000000,0.000000,0.000000,0.000000,0.000000,0.000000,0.000000,0.000000,0.000000,0.000000,0.000000,0,0
1789801781.367920,0,17.833074,20.716855,-0.019071,0.000000,0.000000,0.000000,0.000000,0.000000,0.000000,0.000000,0.000000,0.000000,0.000000,0.000000,0.000000,0,0
1789801781.467932,0,17.833074,20.716855,-0.019071,0.000000,0.000000,0.000000,0.000000,0.000000,0.000000,0.000000,0.000000,0.000000,0.000000,0.000000,0.000000,0,0
1789801781.568032,0,17.833074,20.716855,-0.019071,0.000000,0.000000,0.000000,0.000000,0.000000,0.000000,0.000000,0.000000,0.000000,0.000000,0.000000,0.000000,0,0
1789801781.667989,0,17.833074,20.716855,-0.019071,0.000000,0.000000,0.000000,0.000000,0.000000,0.000000,0.000000,0.000000,0.000000,0.000000,0.000000,0.000000,0,0
1789801781.767992,0,17.833074,20.716855,-0.019071,0.000000,0.000000,0.000000,0.000000,0.000000,0.000000,0.000000,0.000000,0.000000,0.000000,0.000000,0.000000,0,0
1789801781.869138,0,17.833074,20.716855,-0.019071,0.000000,0.000000,0.000000,0.000000,0.000000,0.000000,0.000000,0.000000,0.000000,0.000000,0.000000,0.000000,0,0
1789801781.968082,0,17.833074,20.716855,-0.019071,0.000000,0.000000,0.000000,0.000000,0.000000,0.000000,0.000000,0.000000,0.000000,0.000000,0.000000,0.000000,0,0
1789801782.068027,0,17.833074,20.716855,-0.019071,0.000000,0.000000,0.000000,0.000000,0.000000,0.000000,0.000000,0.000000,0.000000,0.000000,0.000000,0.000000,0,0
1789801782.168046,0,17.833074,20.716855,-0.019071,0.000000,0.000000,0.000000,0.000000,0.000000,0.000000,0.000000,0.000000,0.000000,0.000000,0.000000,0.000000,0,0
1789801782.268092,0,17.833074,20.716855,-0.019071,0.000000,0.000000,0.000000,0.000000,0.000000,0.000000,0.000000,0.000000,0.000000,0.000000,0.000000,0.000000,0,0
1789801782.368430,0,17.833074,20.716855,-0.019071,0.000000,0.000000,0.000000,0.000000,0.000000,0.000000,0.000000,0.000000,0.000000,0.000000,0.000000,0.000000,0,0
1789801782.468221,0,17.833074,20.716855,-0.019071,0.000000,0.000000,0.000000,0.000000,0.000000,0.000000,0.000000,0.000000,0.000000,0.000000,0.000000,0.000000,0,0
1789801782.568170,0,17.833074,20.716855,-0.019071,0.000000,0.000000,0.000000,0.000000,0.000000,0.000000,0.000000,0.000000,0.000000,0.000000,0.000000,0.000000,1,0
1789801782.668167,0,17.833074,20.716855,-0.019071,0.000000,0.000000,0.000000,0.000000,0.000000,0.000000,0.000000,0.000000,0.000000,0.000000,0.000000,0.000000,1,0
1789801782.768195,0,17.833074,20.716855,-0.019071,0.000000,0.000000,0.000000,0.000000,0.000000,0.000000,0.000000,0.000000,0.000000,0.000000,0.000000,0.000000,1,0
1789801782.868174,0,17.833074,20.716855,-0.019071,0.000000,0.000000,0.000000,0.000000,0.000000,0.000000,0.000000,0.000000,0.000000,0.000000,0.000000,0.000000,1,0
1789801782.968259,0,17.833074,20.716855,-0.019071,0.000000,0.000000,0.000000,0.000000,0.000000,0.000000,0.000000,0.000000,0.000000,0.000000,0.000000,0.000000,1,0
1789801783.068219,0,17.833074,20.716855,-0.019071,0.000000,0.000000,0.000000,0.000000,0.000000,0.000000,0.000000,0.000000,0.000000,0.000000,0.000000,0.000000,0,0
1789801783.168228,0,17.833074,20.716855,-0.019071,0.000000,0.000000,0.000000,0.000000,0.000000,0.000000,0.000000,0.000000,0.000000,0.000000,0.000000,0.000000,0,0
1789801783.268239,0,17.833074,20.716855,-0.019071,0.000000,0.000000,0.000000,0.000000,0.000000,0.000000,0.000000,0.000000,0.000000,0.000000,0.000000,0.000000,0,0
1789801783.368250,0,17.833074,20.716855,-0.019071,0.000000,0.000000,0.000000,0.000000,0.000000,0.000000,0.000000,0.000000,0.000000,0.000000,0.000000,0.000000,0,0
1789801783.468293,0,17.833074,20.716855,-0.019071,0.000000,0.000000,0.000000,0.000000,0.000000,0.000000,0.000000,0.000000,0.000000,0.000000,0.000000,0.000000,0,0
1789801783.568325,0,17.833074,20.716855,-0.019071,0.000000,0.000000,0.000000,0.000000,0.000000,0.000000,0.000000,0.000000,0.000000,0.000000,0.000000,0.000000,0,0
1789801783.668321,0,17.833074,20.716855,-0.019071,0.000000,0.000000,0.000000,0.000000,0.000000,0.000000,0.000000,0.000000,0.000000,0.000000,0.000000,0.000000,0,0
1789801783.768316,0,17.833074,20.716855,-0.019071,0.000000,0.000000,0.000000,0.000000,0.000000,0.000000,0.000000,0.000000,0.000000,0.000000,0.000000,0.000000,0,0
1789801783.868351,0,17.833074,20.716855,-0.019071,0.000000,0.000000,0.000000,0.000000,0.000000,0.000000,0.000000,0.000000,0.000000,0.000000,0.000000,0.000000,0,0
1789801783.968374,0,17.833074,20.716855,-0.019071,0.000000,0.000000,0.000000,0.000000,0.000000,0.000000,0.000000,0.000000,0.000000,0.000000,0.000000,0.000000,0,0
1789801784.068377,0,17.833074,20.716855,-0.019071,0.000000,0.000000,0.000000,0.000000,0.000000,0.000000,0.000000,0.000000,0.000000,0.000000,0.000000,0.000000,1,0
1789801784.168384,0,17.833074,20.716855,-0.019071,0.000000,0.000000,0.000000,0.000000,0.000000,0.000000,0.000000,0.000000,0.000000,0.000000,0.000000,0.000000,1,0
1789801784.268447,0,17.833074,20.716855,-0.019071,0.000000,0.000000,0.000000,0.000000,0.000000,0.000000,0.000000,0.000000,0.000000,0.000000,0.000000,0.000000,1,0
1789801784.368409,0,17.833074,20.716855,-0.019071,0.000000,0.000000,0.000000,0.000000,0.000000,0.000000,0.000000,0.000000,0.000000,0.000000,0.000000,0.000000,1,0
1789801784.468429,0,17.833074,20.716855,-0.019071,0.000000,0.000000,0.000000,0.000000,0.000000,0.000000,0.000000,0.000000,0.000000,0.000000,0.000000,0.000000,1,0
1789801784.568421,0,17.833074,20.716855,-0.019071,0.000000,0.000000,0.000000,0.000000,0.000000,0.000000,0.000000,0.000000,0.000000,0.000000,0.000000,0.000000,1,0
1789801784.668459,0,17.833074,20.716855,-0.019071,0.000000,0.000000,0.000000,0.000000,0.000000,0.000000,0.000000,0.000000,0.000000,0.000000,0.000000,0.000000,1,0
1789801784.768478,0,17.833074,20.716855,-0.019071,0.000000,0.000000,0.000000,0.000000,0.000000,0.000000,0.000000,0.000000,0.000000,0.000000,0.000000,0.000000,1,0
1789801784.868552,0,17.833074,20.716855,-0.019071,0.000000,0.000000,0.000000,0.000000,0.000000,0.000000,0.000000,0.000000,0.000000,0.000000,0.000000,0.000000,0,0
1789801784.968573,0,17.833074,20.716855,-0.019071,0.000000,0.000000,0.000000,0.000000,0.000000,0.000000,0.000000,0.000000,0.000000,0.000000,0.000000,0.000000,1,0
1789801785.068540,0,17.833074,20.716855,-0.019071,0.000000,0.000000,0.000000,0.000000,0.000000,0.000000,0.000000,0.000000,0.000000,0.000000,0.000000,0.000000,1,0
1789801785.168581,0,17.833074,20.716855,-0.019071,0.000000,0.000000,0.000000,0.000000,0.000000,0.000000,0.000000,0.000000,0.000000,0.000000,0.000000,0.000000,1,0
1789801785.268562,0,17.833074,20.716855,-0.019071,0.000000,0.000000,0.000000,0.000000,0.000000,0.000000,0.000000,0.000000,0.000000,0.000000,0.000000,0.000000,1,0
1789801785.369080,0,17.833074,20.716855,-0.019071,0.000000,0.000000,0.000000,0.000000,0.000000,0.000000,0.000000,0.000000,0.000000,0.000000,0.000000,0.000000,1,0
1789801785.468701,0,17.833074,20.716855,-0.019071,0.000000,0.000000,0.000000,0.000000,0.000000,0.000000,0.000000,0.000000,0.000000,0.000000,0.000000,0.000000,1,0
1789801785.568899,0,17.833074,20.716855,-0.019071,0.000000,0.000000,0.000000,0.000000,0.000000,0.000000,0.000000,0.000000,0.000000,0.000000,0.000000,0.000000,1,0
1789801785.668650,0,17.833074,20.716855,-0.019071,0.000000,0.000000,0.000000,0.000000,0.000000,0.000000,0.000000,0.000000,0.000000,0.000000,0.000000,0.000000,1,0
1789801785.768671,0,17.833074,20.716855,-0.019071,0.000000,0.000000,0.000000,0.000000,0.000000,0.000000,0.000000,0.000000,0.000000,0.000000,0.000000,0.000000,1,0
1789801785.868680,0,17.833074,20.716855,-0.019071,0.000000,0.000000,0.000000,0.000000,0.000000,0.000000,0.000000,0.000000,0.000000,0.000000,0.000000,0.000000,1,0
1789801785.968717,0,17.833074,20.716855,-0.019071,0.000000,0.000000,0.000000,0.000000,0.000000,0.000000,0.000000,0.000000,0.000000,0.000000,0.000000,0.000000,1,0
1789801786.068711,0,17.833074,20.716855,-0.019071,0.000000,0.000000,0.000000,0.000000,0.000000,0.000000,0.000000,0.000000,0.000000,0.000000,0.000000,0.000000,0,0
1789801786.169490,0,17.833074,20.716855,-0.019071,0.000000,0.000000,0.000000,0.000000,0.000000,0.000000,0.000000,0.000000,0.000000,0.000000,0.000000,0.000000,1,0
1789801786.268757,0,17.833074,20.716855,-0.019071,0.000000,0.000000,0.000000,0.000000,0.000000,0.000000,0.000000,0.000000,0.000000,0.000000,0.000000,0.000000,1,0
1789801786.368967,0,17.833074,20.716855,-0.019071,0.000000,0.000000,0.000000,0.000000,0.000000,0.000000,0.000000,0.000000,0.000000,0.000000,0.000000,0.000000,1,0
1789801786.468801,0,17.833074,20.716855,-0.019071,0.000000,0.000000,0.000000,0.000000,0.000000,0.000000,0.000000,0.000000,0.000000,0.000000,0.000000,0.000000,1,0
1789801786.569142,0,17.833074,20.716855,-0.019071,0.000000,0.000000,0.000000,0.000000,0.000000,0.000000,0.000000,0.000000,0.000000,0.000000,0.000000,0.000000,1,0
1789801786.669086,0,17.833074,20.716855,-0.019071,0.000000,0.000000,0.000000,0.000000,0.000000,0.000000,0.000000,0.000000,0.000000,0.000000,0.000000,0.000000,1,0
1789801786.768807,0,17.833074,20.716855,-0.019071,0.000000,0.000000,0.000000,0.000000,0.000000,0.000000,0.000000,0.000000,0.000000,0.000000,0.000000,0.000000,1,0
1789801786.869395,0,17.833074,20.716855,-0.019071,0.000000,0.000000,0.000000,0.000000,0.000000,0.000000,0.000000,0.000000,0.000000,0.000000,0.000000,0.000000,1,0
1789801786.968890,0,17.833074,20.716855,-0.019071,0.000000,0.000000,0.000000,0.000000,0.000000,0.000000,0.000000,0.000000,0.000000,0.000000,0.000000,0.000000,1,0
1789801787.069123,0,17.833074,20.716855,-0.019071,0.000000,0.000000,0.000000,0.000000,0.000000,0.000000,0.000000,0.000000,0.000000,0.000000,0.000000,0.000000,1,0
1789801787.169955,0,17.833074,20.716855,-0.019071,0.000000,0.000000,0.000000,0.000000,0.000000,0.000000,0.000000,0.000000,0.000000,0.000000,0.000000,0.000000,1,0
1789801787.268959,0,17.833074,20.716855,-0.019071,0.000000,0.000000,0.000000,0.000000,0.000000,0.000000,0.000000,0.000000,0.000000,0.000000,0.000000,0.000000,1,0
1789801787.368915,0,17.833074,20.716855,-0.019071,0.000000,0.000000,0.000000,0.000000,0.000000,0.000000,0.000000,0.000000,0.000000,0.000000,0.000000,0.000000,1,0
1789801787.468910,0,17.833074,20.716855,-0.019071,0.000000,0.000000,0.000000,0.000000,0.000000,0.000000,0.000000,0.000000,0.000000,0.000000,0.000000,0.000000,1,0
1789801787.568993,0,17.833074,20.716855,-0.019071,0.000000,0.000000,0.000000,0.000000,0.000000,0.000000,0.000000,0.000000,0.000000,0.000000,0.000000,0.000000,1,0
1789801787.668960,0,17.833074,20.716855,-0.019071,0.000000,0.000000,0.000000,0.000000,0.000000,0.000000,0.000000,0.000000,0.000000,0.000000,0.000000,0.000000,1,0
1789801787.769004,0,17.833074,20.716855,-0.019071,0.000000,0.000000,0.000000,0.000000,0.000000,0.000000,0.000000,0.000000,0.000000,0.000000,0.000000,0.000000,1,0
1789801787.868982,0,17.833074,20.716855,-0.019071,0.000000,0.000000,0.000000,0.000000,0.000000,0.000000,0.000000,0.000000,0.000000,0.000000,0.000000,0.000000,1,0
1789801787.969087,0,17.833074,20.716855,-0.019071,0.000000,0.000000,0.000000,0.000000,0.000000,0.000000,0.000000,0.000000,0.000000,0.000000,0.000000,0.000000,1,0
1789801788.069066,0,17.833074,20.716855,-0.019071,0.000000,0.000000,0.000000,0.000000,0.000000,0.000000,0.000000,0.000000,0.000000,0.000000,0.000000,0.000000,1,0
1789801788.169101,0,17.833074,20.716855,-0.019071,0.000000,0.000000,0.000000,0.000000,0.000000,0.000000,0.000000,0.000000,0.000000,0.000000,0.000000,0.000000,1,0
1789801788.269085,0,17.833074,20.716855,-0.019071,0.000000,0.000000,0.000000,0.000000,0.000000,0.000000,0.000000,0.000000,0.000000,0.000000,0.000000,0.000000,1,0
1789801788.369015,0,17.833074,20.716855,-0.019071,0.000000,0.000000,0.000000,0.000000,0.000000,0.000000,0.000000,0.000000,0.000000,0.000000,0.000000,0.000000,1,0
1789801788.469079,0,17.787760,20.705450,0.032568,0.000000,0.000000,0.000000,0.000000,0.000000,0.000000,0.000000,0.000000,0.000000,0.000000,0.000000,0.000000,1,0
1789801788.569105,0,17.787760,20.705450,0.032568,0.000000,0.000000,0.000000,0.000000,0.000000,0.000000,0.000000,0.000000,0.000000,0.000000,0.000000,0.000000,1,0
1789801788.669124,0,17.809197,20.672879,0.016141,0.000000,0.000000,0.000000,0.000000,0.000000,0.000000,0.000000,0.000000,0.000000,0.000000,0.000000,0.000000,1,0
1789801788.769160,0,17.809197,20.672879,0.016141,0.000000,0.000000,0.000000,0.000000,0.000000,0.000000,0.000000,0.000000,0.000000,0.000000,0.000000,0.000000,1,0
1789801788.869157,0,17.809197,20.672879,0.016141,0.000000,0.000000,0.000000,0.000000,0.000000,0.000000,0.000000,0.000000,0.000000,0.000000,0.000000,0.000000,1,0
1789801788.969207,0,17.809197,20.672879,0.016141,0.000000,0.000000,0.000000,0.000000,0.000000,0.000000,0.000000,0.000000,0.000000,0.000000,0.000000,0.000000,1,0
1789801789.069875,0,17.809197,20.672879,0.016141,0.000000,0.000000,0.000000,0.000000,0.000000,0.000000,0.000000,0.000000,0.000000,0.000000,0.000000,0.000000,1,0
1789801789.169193,0,17.809197,20.672879,0.016141,0.000000,0.000000,0.000000,0.000000,0.000000,0.000000,0.000000,0.000000,0.000000,0.000000,0.000000,0.000000,1,0
1789801789.269327,0,17.809197,20.672879,0.016141,0.000000,0.000000,0.000000,0.000000,0.000000,0.000000,0.000000,0.000000,0.000000,0.000000,0.000000,0.000000,1,0
1789801789.369216,0,17.809197,20.672879,0.016141,0.000000,0.000000,0.000000,0.000000,0.000000,0.000000,0.000000,0.000000,0.000000,0.000000,0.000000,0.000000,1,0
1789801789.469273,0,17.809197,20.672879,0.016141,0.000000,0.000000,0.000000,0.000000,0.000000,0.000000,0.000000,0.000000,0.000000,0.000000,0.000000,0.000000,1,0
1789801789.569410,0,17.809197,20.672879,0.016141,0.000000,0.000000,0.000000,0.000000,0.000000,0.000000,0.000000,0.000000,0.000000,0.000000,0.000000,0.000000,1,0
1789801789.669391,0,17.809197,20.672879,0.016141,0.000000,0.000000,0.000000,0.000000,0.000000,0.000000,0.000000,0.000000,0.000000,0.000000,0.000000,0.000000,1,0
1789801789.769304,0,17.809197,20.672879,0.016141,0.000000,0.000000,0.000000,0.000000,0.000000,0.000000,0.000000,0.000000,0.000000,0.000000,0.000000,0.000000,1,0
1789801789.869332,0,17.809197,20.672879,0.016141,0.000000,0.000000,0.000000,0.000000,0.000000,0.000000,0.000000,0.000000,0.000000,0.000000,0.000000,0.000000,1,0
1789801789.969428,0,17.809197,20.672879,0.016141,0.000000,0.000000,0.000000,0.000000,0.000000,0.000000,0.000000,0.000000,0.000000,0.000000,0.000000,0.000000,1,0
1789801790.069341,0,17.809197,20.672879,0.016141,0.000000,0.000000,0.000000,0.000000,0.000000,0.000000,0.000000,0.000000,0.000000,0.000000,0.000000,0.000000,1,0
1789801790.169363,0,17.809197,20.672879,0.016141,0.000000,0.000000,0.000000,0.000000,0.000000,0.000000,0.000000,0.000000,0.000000,0.000000,0.000000,0.000000,1,0
1789801790.269391,0,17.809197,20.672879,0.016141,0.000000,0.000000,0.000000,0.000000,0.000000,0.000000,0.000000,0.000000,0.000000,0.000000,0.000000,0.000000,1,0
1789801790.369394,0,17.809197,20.672879,0.016141,0.000000,0.000000,0.000000,0.000000,0.000000,0.000000,0.000000,0.000000,0.000000,0.000000,0.000000,0.000000,1,0
1789801790.469443,0,17.809197,20.672879,0.016141,0.000000,0.000000,0.000000,0.000000,0.000000,0.000000,0.000000,0.000000,0.000000,0.000000,0.000000,0.000000,1,0
1789801790.569485,0,17.809197,20.672879,0.016141,0.000000,0.000000,0.000000,0.000000,0.000000,0.000000,0.000000,0.000000,0.000000,0.000000,0.000000,0.000000,1,0
1789801790.669459,0,17.809197,20.672879,0.016141,0.000000,0.000000,0.000000,0.000000,0.000000,0.000000,0.000000,0.000000,0.000000,0.000000,0.000000,0.000000,1,0
1789801790.769476,0,17.809197,20.672879,0.016141,0.000000,0.000000,0.000000,0.000000,0.000000,0.000000,0.000000,0.000000,0.000000,0.000000,0.000000,0.000000,1,0
1789801790.869464,0,17.809197,20.672879,0.016141,0.000000,0.000000,0.000000,0.000000,0.000000,0.000000,0.000000,0.000000,0.000000,0.000000,0.000000,0.000000,1,0
1789801790.969515,0,17.809197,20.672879,0.016141,0.000000,0.000000,0.000000,0.000000,0.000000,0.000000,0.000000,0.000000,0.000000,0.000000,0.000000,0.000000,1,0
1789801791.069519,0,17.809197,20.672879,0.016141,0.000000,0.000000,0.000000,0.000000,0.000000,0.000000,0.000000,0.000000,0.000000,0.000000,0.000000,0.000000,1,0
1789801791.169517,0,17.809197,20.672879,0.016141,0.000000,0.000000,0.000000,0.000000,0.000000,0.000000,0.000000,0.000000,0.000000,0.000000,0.000000,0.000000,1,0
1789801791.269629,0,17.809197,20.672879,0.016141,0.000000,0.000000,0.000000,0.000000,0.000000,0.000000,0.000000,0.000000,0.000000,0.000000,0.000000,0.000000,1,0
1789801791.369540,0,17.809197,20.672879,0.016141,0.000000,0.000000,0.000000,0.000000,0.000000,0.000000,0.000000,0.000000,0.000000,0.000000,0.000000,0.000000,1,0
1789801791.469564,0,17.809197,20.672879,0.016141,0.000000,0.000000,0.000000,0.000000,0.000000,0.000000,0.000000,0.000000,0.000000,0.000000,0.000000,0.000000,1,0
1789801791.569589,0,17.809197,20.672879,0.016141,0.000000,0.000000,0.000000,0.000000,0.000000,0.000000,0.000000,0.000000,0.000000,0.000000,0.000000,0.000000,1,0
1789801791.669626,0,17.809197,20.672879,0.016141,0.000000,0.000000,0.000000,0.000000,0.000000,0.000000,0.000000,0.000000,0.000000,0.000000,0.000000,0.000000,1,0
1789801791.769650,0,17.809197,20.672879,0.016141,0.000000,0.000000,0.000000,0.000000,0.000000,0.000000,0.000000,0.000000,0.000000,0.000000,0.000000,0.000000,1,0
1789801791.869647,0,17.809197,20.672879,0.016141,0.000000,0.000000,0.000000,0.000000,0.000000,0.000000,0.000000,0.000000,0.000000,0.000000,0.000000,0.000000,1,0
1789801791.969679,0,17.809197,20.672879,0.016141,0.000000,0.000000,0.000000,0.000000,0.000000,0.000000,0.000000,0.000000,0.000000,0.000000,0.000000,0.000000,1,0
1789801792.069735,0,17.809197,20.672879,0.016141,0.000000,0.000000,0.000000,0.000000,0.000000,0.000000,0.000000,0.000000,0.000000,0.000000,0.000000,0.000000,1,0
1789801792.169669,0,17.809197,20.672879,0.016141,0.000000,0.000000,0.000000,0.000000,0.000000,0.000000,0.000000,0.000000,0.000000,0.000000,0.000000,0.000000,1,0
1789801792.269695,0,17.809197,20.672879,0.016141,0.000000,0.000000,0.000000,0.000000,0.000000,0.000000,0.000000,0.000000,0.000000,0.000000,0.000000,0.000000,1,0
1789801792.369747,0,17.809197,20.672879,0.016141,0.000000,0.000000,0.000000,0.000000,0.000000,0.000000,0.000000,0.000000,0.000000,0.000000,0.000000,0.000000,1,0
1789801792.469743,0,17.809197,20.672879,0.016141,0.000000,0.000000,0.000000,0.000000,0.000000,0.000000,0.000000,0.000000,0.000000,0.000000,0.000000,0.000000,1,0
1789801792.569770,0,17.809197,20.672879,0.016141,0.000000,0.000000,0.000000,0.000000,0.000000,0.000000,0.000000,0.000000,0.000000,0.000000,0.000000,0.000000,1,0
1789801792.669769,0,17.809197,20.672879,0.016141,0.000000,0.000000,0.000000,0.000000,0.000000,0.000000,0.000000,0.000000,0.000000,0.000000,0.000000,0.000000,1,0
1789801792.769830,0,17.809197,20.672879,0.016141,0.000000,0.000000,0.000000,0.000000,0.000000,0.000000,0.000000,0.000000,0.000000,0.000000,0.000000,0.000000,1,0
1789801792.869811,0,17.809197,20.672879,0.016141,0.000000,0.000000,0.000000,0.000000,0.000000,0.000000,0.000000,0.000000,0.000000,0.000000,0.000000,0.000000,1,0
1789801792.969816,0,17.809197,20.672879,0.016141,0.000000,0.000000,0.000000,0.000000,0.000000,0.000000,0.000000,0.000000,0.000000,0.000000,0.000000,0.000000,1,0
1789801793.069835,0,17.809197,20.672879,0.016141,0.000000,0.000000,0.000000,0.000000,0.000000,0.000000,0.000000,0.000000,0.000000,0.000000,0.000000,0.000000,1,0
1789801793.169816,0,17.809197,20.672879,0.016141,0.000000,0.000000,0.000000,0.000000,0.000000,0.000000,0.000000,0.000000,0.000000,0.000000,0.000000,0.000000,1,0
1789801793.269854,0,17.809197,20.672879,0.016141,0.000000,0.000000,0.000000,0.000000,0.000000,0.000000,0.000000,0.000000,0.000000,0.000000,0.000000,0.000000,1,0
1789801793.369855,0,17.809197,20.672879,0.016141,0.000000,0.000000,0.000000,0.000000,0.000000,0.000000,0.000000,0.000000,0.000000,0.000000,0.000000,0.000000,1,0
1789801793.469904,0,17.809197,20.672879,0.016141,0.000000,0.000000,0.000000,0.000000,0.000000,0.000000,0.000000,0.000000,0.000000,0.000000,0.000000,0.000000,1,0
1789801793.569916,0,17.809197,20.672879,0.016141,0.000000,0.000000,0.000000,0.000000,0.000000,0.000000,0.000000,0.000000,0.000000,0.000000,0.000000,0.000000,1,0
1789801793.669932,0,17.809197,20.672879,0.016141,0.000000,0.000000,0.000000,0.000000,0.000000,0.000000,0.000000,0.000000,0.000000,0.000000,0.000000,0.000000,1,0
1789801793.769973,0,17.809197,20.672879,0.016141,0.000000,0.000000,0.000000,0.000000,0.000000,0.000000,0.000000,0.000000,0.000000,0.000000,0.000000,0.000000,1,0
1789801793.869925,0,17.809197,20.672879,0.016141,0.000000,0.000000,0.000000,0.000000,0.000000,0.000000,0.000000,0.000000,0.000000,0.000000,0.000000,0.000000,1,0
1789801793.969950,0,17.809197,20.672879,0.016141,0.000000,0.000000,0.000000,0.000000,0.000000,0.000000,0.000000,0.000000,0.000000,0.000000,0.000000,0.000000,1,0
1789801794.070048,0,17.809197,20.672879,0.016141,0.000000,0.000000,0.000000,0.000000,0.000000,0.000000,0.000000,0.000000,0.000000,0.000000,0.000000,0.000000,1,0
1789801794.169964,0,17.809197,20.672879,0.016141,0.000000,0.000000,0.000000,0.000000,0.000000,0.000000,0.000000,0.000000,0.000000,0.000000,0.000000,0.000000,1,0
1789801794.270127,0,17.809197,20.672879,0.016141,0.000000,0.000000,0.000000,0.000000,0.000000,0.000000,0.000000,0.000000,0.000000,0.000000,0.000000,0.000000,1,0
1789801794.370073,0,17.809197,20.672879,0.016141,0.000000,0.000000,0.000000,0.000000,0.000000,0.000000,0.000000,0.000000,0.000000,0.000000,0.000000,0.000000,1,0
1789801794.470159,0,17.809197,20.672879,0.016141,0.000000,0.000000,0.000000,0.000000,0.000000,0.000000,0.000000,0.000000,0.000000,0.000000,0.000000,0.000000,1,0
1789801794.570126,0,17.809197,20.672879,0.016141,0.000000,0.000000,0.000000,0.000000,0.000000,0.000000,0.000000,0.000000,0.000000,0.000000,0.000000,0.000000,1,0
1789801794.670446,0,17.809197,20.672879,0.016141,0.000000,0.000000,0.000000,0.000000,0.000000,0.000000,0.000000,0.000000,0.000000,0.000000,0.000000,0.000000,1,0
1789801794.770349,0,17.809197,20.672879,0.016141,0.000000,0.000000,0.000000,0.000000,0.000000,0.000000,0.000000,0.000000,0.000000,0.000000,0.000000,0.000000,1,0
1789801794.870161,0,17.809197,20.672879,0.016141,0.000000,0.000000,0.000000,0.000000,0.000000,0.000000,0.000000,0.000000,0.000000,0.000000,0.000000,0.000000,1,0
1789801794.970215,0,17.809197,20.672879,0.016141,0.000000,0.000000,0.000000,0.000000,0.000000,0.000000,0.000000,0.000000,0.000000,0.000000,0.000000,0.000000,0,0
1789801795.070176,0,17.809197,20.672879,0.016141,0.000000,0.000000,0.000000,0.000000,0.000000,0.000000,0.000000,0.000000,0.000000,0.000000,0.000000,0.000000,1,0
1789801795.170186,0,17.809197,20.672879,0.016141,0.000000,0.000000,0.000000,0.000000,0.000000,0.000000,0.000000,0.000000,0.000000,0.000000,0.000000,0.000000,1,0
1789801795.270230,0,17.809197,20.672879,0.016141,0.000000,0.000000,0.000000,0.000000,0.000000,0.000000,0.000000,0.000000,0.000000,0.000000,0.000000,0.000000,1,0
1789801795.370230,0,17.809197,20.672879,0.016141,0.000000,0.000000,0.000000,0.000000,0.000000,0.000000,0.000000,0.000000,0.000000,0.000000,0.000000,0.000000,1,0
1789801795.470257,0,17.809197,20.672879,0.016141,0.000000,0.000000,0.000000,0.000000,0.000000,0.000000,0.000000,0.000000,0.000000,0.000000,0.000000,0.000000,1,0
1789801795.570225,0,17.945795,20.681549,0.006562,0.000000,0.000000,0.000000,0.000000,0.000000,0.000000,0.000000,0.000000,0.000000,0.000000,0.000000,0.000000,1,0
1789801795.670238,0,17.945795,20.681549,0.006562,0.000000,0.000000,0.000000,0.000000,0.000000,0.000000,0.000000,0.000000,0.000000,0.000000,0.000000,0.000000,1,0
1789801795.770226,0,17.945795,20.681549,0.006562,0.000000,0.000000,0.000000,0.000000,0.000000,0.000000,0.000000,0.000000,0.000000,0.000000,0.000000,0.000000,1,0
1789801795.870296,0,17.945795,20.681549,0.006562,0.000000,0.000000,0.000000,0.000000,0.000000,0.000000,0.000000,0.000000,0.000000,0.000000,0.000000,0.000000,1,0
1789801795.970270,0,17.945795,20.681549,0.006562,0.000000,0.000000,0.000000,0.000000,0.000000,0.000000,0.000000,0.000000,0.000000,0.000000,0.000000,0.000000,1,0
1789801796.070293,0,17.945795,20.681549,0.006562,0.000000,0.000000,0.000000,0.000000,0.000000,0.000000,0.000000,0.000000,0.000000,0.000000,0.000000,0.000000,1,0
1789801796.170449,0,17.945795,20.681549,0.006562,0.000000,0.000000,0.000000,0.000000,0.000000,0.000000,0.000000,0.000000,0.000000,0.000000,0.000000,0.000000,1,0
1789801796.270309,0,17.945795,20.681549,0.006562,0.000000,0.000000,0.000000,0.000000,0.000000,0.000000,0.000000,0.000000,0.000000,0.000000,0.000000,0.000000,1,0
1789801796.370336,0,17.945795,20.681549,0.006562,0.000000,0.000000,0.000000,0.000000,0.000000,0.000000,0.000000,0.000000,0.000000,0.000000,0.000000,0.000000,1,0
1789801796.470337,0,17.945795,20.681549,0.006562,0.000000,0.000000,0.000000,0.000000,0.000000,0.000000,0.000000,0.000000,0.000000,0.000000,0.000000,0.000000,1,0
1789801796.570375,0,17.945795,20.681549,0.006562,0.000000,0.000000,0.000000,0.000000,0.000000,0.000000,0.000000,0.000000,0.000000,0.000000,0.000000,0.000000,1,0
1789801796.670374,0,17.945795,20.681549,0.006562,0.000000,0.000000,0.000000,0.000000,0.000000,0.000000,0.000000,0.000000,0.000000,0.000000,0.000000,0.000000,1,0
1789801796.770410,0,17.945795,20.681549,0.006562,0.000000,0.000000,0.000000,0.000000,0.000000,0.000000,0.000000,0.000000,0.000000,0.000000,0.000000,0.000000,1,0
1789801796.870476,0,17.945795,20.681549,0.006562,0.000000,0.000000,0.000000,0.000000,0.000000,0.000000,0.000000,0.000000,0.000000,0.000000,0.000000,0.000000,1,0
1789801796.970418,0,17.945795,20.681549,0.006562,0.000000,0.000000,0.000000,0.000000,0.000000,0.000000,0.000000,0.000000,0.000000,0.000000,0.000000,0.000000,1,0
1789801797.070437,0,17.945795,20.681549,0.006562,0.000000,0.000000,0.000000,0.000000,0.000000,0.000000,0.000000,0.000000,0.000000,0.000000,0.000000,0.000000,1,0
1789801797.170442,0,17.945795,20.681549,0.006562,0.000000,0.000000,0.000000,0.000000,0.000000,0.000000,0.000000,0.000000,0.000000,0.000000,0.000000,0.000000,0,0
1789801797.270476,0,17.945795,20.681549,0.006562,0.000000,0.000000,0.000000,0.000000,0.000000,0.000000,0.000000,0.000000,0.000000,0.000000,0.000000,0.000000,1,0
1789801797.370567,0,17.945795,20.681549,0.006562,0.000000,0.000000,0.000000,0.000000,0.000000,0.000000,0.000000,0.000000,0.000000,0.000000,0.000000,0.000000,1,0
1789801797.470541,0,17.945795,20.681549,0.006562,0.000000,0.000000,0.000000,0.000000,0.000000,0.000000,0.000000,0.000000,0.000000,0.000000,0.000000,0.000000,1,0
1789801797.570534,0,17.945795,20.681549,0.006562,0.000000,0.000000,0.000000,0.000000,0.000000,0.000000,0.000000,0.000000,0.000000,0.000000,0.000000,0.000000,1,0
1789801797.670522,0,17.945795,20.681549,0.006562,0.000000,0.000000,0.000000,0.000000,0.000000,0.000000,0.000000,0.000000,0.000000,0.000000,0.000000,0.000000,1,0
1789801797.770552,0,17.945795,20.681549,0.006562,0.000000,0.000000,0.000000,0.000000,0.000000,0.000000,0.000000,0.000000,0.000000,0.000000,0.000000,0.000000,0,0
1789801797.870652,0,17.945795,20.681549,0.006562,0.000000,0.000000,0.000000,0.000000,0.000000,0.000000,0.000000,0.000000,0.000000,0.000000,0.000000,0.000000,0,0
1789801797.970590,0,17.945795,20.681549,0.006562,0.000000,0.000000,0.000000,0.000000,0.000000,0.000000,0.000000,0.000000,0.000000,0.000000,0.000000,0.000000,0,0
1789801798.070647,0,17.945795,20.681549,0.006562,0.000000,0.000000,0.000000,0.000000,0.000000,0.000000,0.000000,0.000000,0.000000,0.000000,0.000000,0.000000,1,0
1789801798.170617,0,17.945795,20.681549,0.006562,0.000000,0.000000,0.000000,0.000000,0.000000,0.000000,0.000000,0.000000,0.000000,0.000000,0.000000,0.000000,1,0
1789801798.270640,0,17.945795,20.681549,0.006562,0.000000,0.000000,0.000000,0.000000,0.000000,0.000000,0.000000,0.000000,0.000000,0.000000,0.000000,0.000000,0,0
1789801798.370648,0,17.945795,20.681549,0.006562,0.000000,0.000000,0.000000,0.000000,0.000000,0.000000,0.000000,0.000000,0.000000,0.000000,0.000000,0.000000,0,0
1789801798.470730,0,17.945795,20.681549,0.006562,0.000000,0.000000,0.000000,0.000000,0.000000,0.000000,0.000000,0.000000,0.000000,0.000000,0.000000,0.000000,0,0
1789801798.570798,0,17.945795,20.681549,0.006562,0.000000,0.000000,0.000000,0.000000,0.000000,0.000000,0.000000,0.000000,0.000000,0.000000,0.000000,0.000000,0,0
1789801798.670702,0,17.945795,20.681549,0.006562,0.000000,0.000000,0.000000,0.000000,0.000000,0.000000,0.000000,0.000000,0.000000,0.000000,0.000000,0.000000,0,0
1789801798.770740,0,17.945795,20.681549,0.006562,0.000000,0.000000,0.000000,0.000000,0.000000,0.000000,0.000000,0.000000,0.000000,0.000000,0.000000,0.000000,0,0
1789801798.870748,0,17.945795,20.681549,0.006562,0.000000,0.000000,0.000000,0.000000,0.000000,0.000000,0.000000,0.000000,0.000000,0.000000,0.000000,0.000000,0,0
1789801798.970727,0,17.945795,20.681549,0.006562,0.000000,0.000000,0.000000,0.000000,0.000000,0.000000,0.000000,0.000000,0.000000,0.000000,0.000000,0.000000,0,0
1789801799.070836,0,17.945795,20.681549,0.006562,0.000000,0.000000,0.000000,0.000000,0.000000,0.000000,0.000000,0.000000,0.000000,0.000000,0.000000,0.000000,0,0
1789801799.170825,0,17.945795,20.681549,0.006562,0.000000,0.000000,0.000000,0.000000,0.000000,0.000000,0.000000,0.000000,0.000000,0.000000,0.000000,0.000000,0,0
1789801799.270813,0,17.945795,20.681549,0.006562,0.000000,0.000000,0.000000,0.000000,0.000000,0.000000,0.000000,0.000000,0.000000,0.000000,0.000000,0.000000,0,0
1789801799.370850,0,17.945795,20.681549,0.006562,0.000000,0.000000,0.000000,0.000000,0.000000,0.000000,0.000000,0.000000,0.000000,0.000000,0.000000,0.000000,0,0
1789801799.471082,0,17.945795,20.681549,0.006562,0.000000,0.000000,0.000000,0.000000,0.000000,0.000000,0.000000,0.000000,0.000000,0.000000,0.000000,0.000000,0,0
1789801799.570825,0,17.945795,20.681549,0.006562,0.000000,0.000000,0.000000,0.000000,0.000000,0.000000,0.000000,0.000000,0.000000,0.000000,0.000000,0.000000,0,0
1789801799.671107,0,17.945795,20.681549,0.006562,0.000000,0.000000,0.000000,0.000000,0.000000,0.000000,0.000000,0.000000,0.000000,0.000000,0.000000,0.000000,0,0
1789801799.770904,0,17.945795,20.681549,0.006562,0.000000,0.000000,0.000000,0.000000,0.000000,0.000000,0.000000,0.000000,0.000000,0.000000,0.000000,0.000000,0,0
1789801799.870907,0,17.945795,20.681549,0.006562,0.000000,0.000000,0.000000,0.000000,0.000000,0.000000,0.000000,0.000000,0.000000,0.000000,0.000000,0.000000,0,0
1789801799.971148,0,17.945795,20.681549,0.006562,0.000000,0.000000,0.000000,0.000000,0.000000,0.000000,0.000000,0.000000,0.000000,0.000000,0.000000,0.000000,0,0
1789801800.071951,0,17.945795,20.681549,0.006562,0.000000,0.000000,0.000000,0.000000,0.000000,0.000000,0.000000,0.000000,0.000000,0.000000,0.000000,0.000000,0,0
1789801800.171033,0,17.945795,20.681549,0.006562,0.000000,0.000000,0.000000,0.000000,0.000000,0.000000,0.000000,0.000000,0.000000,0.000000,0.000000,0.000000,0,0
1789801800.270989,0,17.945795,20.681549,0.006562,0.000000,0.000000,0.000000,0.000000,0.000000,0.000000,0.000000,0.000000,0.000000,0.000000,0.000000,0.000000,0,0
1789801800.370919,0,17.945795,20.681549,0.006562,0.000000,0.000000,0.000000,0.000000,0.000000,0.000000,0.000000,0.000000,0.000000,0.000000,0.000000,0.000000,0,0
1789801800.470950,0,17.945795,20.681549,0.006562,0.000000,0.000000,0.000000,0.000000,0.000000,0.000000,0.000000,0.000000,0.000000,0.000000,0.000000,0.000000,0,0
1789801800.570988,0,17.945795,20.681549,0.006562,0.000000,0.000000,0.000000,0.000000,0.000000,0.000000,0.000000,0.000000,0.000000,0.000000,0.000000,0.000000,0,0
1789801800.671376,0,17.945795,20.681549,0.006562,0.000000,0.000000,0.000000,0.000000,0.000000,0.000000,0.000000,0.000000,0.000000,0.000000,0.000000,0.000000,0,0
1789801800.771039,0,17.945795,20.681549,0.006562,0.000000,0.000000,0.000000,0.000000,0.000000,0.000000,0.000000,0.000000,0.000000,0.000000,0.000000,0.000000,0,0
1789801800.871264,0,17.945795,20.681549,0.006562,0.000000,0.000000,0.000000,0.000000,0.000000,0.000000,0.000000,0.000000,0.000000,0.000000,0.000000,0.000000,0,0
1789801800.971056,0,17.945795,20.681549,0.006562,0.000000,0.000000,0.000000,0.000000,0.000000,0.000000,0.000000,0.000000,0.000000,0.000000,0.000000,0.000000,0,0
1789801801.071068,0,17.945795,20.681549,0.006562,0.000000,0.000000,0.000000,0.000000,0.000000,0.000000,0.000000,0.000000,0.000000,0.000000,0.000000,0.000000,0,0
1789801801.171068,0,17.945795,20.681549,0.006562,0.000000,0.000000,0.000000,0.000000,0.000000,0.000000,0.000000,0.000000,0.000000,0.000000,0.000000,0.000000,0,0
1789801801.271119,0,17.945795,20.681549,0.006562,0.000000,0.000000,0.000000,0.000000,0.000000,0.000000,0.000000,0.000000,0.000000,0.000000,0.000000,0.000000,0,0
1789801801.371129,0,17.945795,20.681549,0.006562,0.000000,0.000000,0.000000,0.000000,0.000000,0.000000,0.000000,0.000000,0.000000,0.000000,0.000000,0.000000,0,0
1789801801.471191,0,17.945795,20.681549,0.006562,0.000000,0.000000,0.000000,0.000000,0.000000,0.000000,0.000000,0.000000,0.000000,0.000000,0.000000,0.000000,0,0
1789801801.571191,0,17.945795,20.681549,0.006562,0.000000,0.000000,0.000000,0.000000,0.000000,0.000000,0.000000,0.000000,0.000000,0.000000,0.000000,0.000000,0,0
1789801801.671140,0,17.945795,20.681549,0.006562,0.000000,0.000000,0.000000,0.000000,0.000000,0.000000,0.000000,0.000000,0.000000,0.000000,0.000000,0.000000,0,0
1789801801.771250,0,17.945795,20.681549,0.006562,0.000000,0.000000,0.000000,0.000000,0.000000,0.000000,0.000000,0.000000,0.000000,0.000000,0.000000,0.000000,0,0
1789801801.872486,0,17.945795,20.681549,0.006562,0.000000,0.000000,0.000000,0.000000,0.000000,0.000000,0.000000,0.000000,0.000000,0.000000,0.000000,0.000000,0,0
1789801801.971346,0,17.945795,20.681549,0.006562,0.000000,0.000000,0.000000,0.000000,0.000000,0.000000,0.000000,0.000000,0.000000,0.000000,0.000000,0.000000,0,0
1789801802.071223,0,17.945795,20.681549,0.006562,0.000000,0.000000,0.000000,0.000000,0.000000,0.000000,0.000000,0.000000,0.000000,0.000000,0.000000,0.000000,0,0
1789801802.171510,0,17.945795,20.681549,0.006562,0.000000,0.000000,0.000000,0.000000,0.000000,0.000000,0.000000,0.000000,0.000000,0.000000,0.000000,0.000000,0,0
1789801802.271252,0,17.945795,20.681549,0.006562,0.000000,0.000000,0.000000,0.000000,0.000000,0.000000,0.000000,0.000000,0.000000,0.000000,0.000000,0.000000,0,0
1789801802.371291,0,17.945795,20.681549,0.006562,0.000000,0.000000,0.000000,0.000000,0.000000,0.000000,0.000000,0.000000,0.000000,0.000000,0.000000,0.000000,0,0
1789801802.471279,0,17.945795,20.681549,0.006562,0.000000,0.000000,0.000000,0.000000,0.000000,0.000000,0.000000,0.000000,0.000000,0.000000,0.000000,0.000000,0,0
1789801802.571251,0,17.945795,20.681549,0.006562,0.000000,0.000000,0.000000,0.000000,0.000000,0.000000,0.000000,0.000000,0.000000,0.000000,0.000000,0.000000,0,0
1789801802.671431,0,17.945795,20.681549,0.006562,0.000000,0.000000,0.000000,0.000000,0.000000,0.000000,0.000000,0.000000,0.000000,0.000000,0.000000,0.000000,0,0
1789801802.772453,0,17.945795,20.681549,0.006562,0.000000,0.000000,0.000000,0.000000,0.000000,0.000000,0.000000,0.000000,0.000000,0.000000,0.000000,0.000000,0,0
1789801802.871687,1,17.945795,20.681549,0.006562,17.945795,20.681549,17.878000,20.452000,0.000000,-0.000000,0.800000,-1.857972,-1.864533,0.239351,0.180000,-0.160000,0,0
1789801802.971467,1,17.945795,20.681549,0.006562,17.878000,20.452000,19.128000,20.452000,0.229549,0.067795,0.789136,-0.283075,-0.289636,1.182205,0.300000,-0.288000,0,0
1789801803.071408,1,17.945795,20.681549,0.006562,17.878000,20.452000,19.128000,20.452000,0.229549,0.067795,0.789136,-0.283075,-0.289636,1.182205,0.300000,-0.390400,0,0
1789801803.171543,1,17.945795,20.681549,0.006562,17.878000,20.452000,19.128000,20.452000,0.229549,0.067795,0.789136,-0.283075,-0.289636,1.182205,0.300000,-0.472320,0,0
1789801803.271451,1,17.945795,20.681549,0.006562,17.878000,20.452000,19.128000,20.452000,0.229549,0.067795,0.789136,-0.283075,-0.289636,1.182205,0.300000,-0.537856,0,0
1789801803.371497,1,17.945795,20.681549,0.006562,17.878000,20.452000,19.128000,20.452000,0.229549,0.067795,0.789136,-0.283075,-0.289636,1.182205,0.300000,-0.590285,0,0
1789801803.471432,1,17.945795,20.681549,0.006562,17.878000,20.452000,19.128000,20.452000,0.229549,0.067795,0.789136,-0.283075,-0.289636,1.182205,0.300000,-0.632228,0,0
1789801803.571500,1,17.945795,20.681549,0.006562,17.878000,20.452000,19.128000,20.452000,0.229549,0.067795,0.789136,-0.283075,-0.289636,1.182205,0.300000,-0.665782,0,0
1789801803.671453,1,17.945795,20.681549,0.006562,17.878000,20.452000,19.128000,20.452000,0.229549,0.067795,0.789136,-0.283075,-0.289636,1.182205,0.300000,-0.692626,0,0
1789801803.771482,1,17.945795,20.681549,0.006562,17.878000,20.452000,19.128000,20.452000,0.229549,0.067795,0.789136,-0.283075,-0.289636,1.182205,0.300000,-0.714101,0,0
1789801803.871459,1,17.945795,20.681549,0.006562,17.878000,20.452000,19.128000,20.452000,0.229549,0.067795,0.789136,-0.283075,-0.289636,1.182205,0.300000,-0.731281,0,0
1789801803.971473,1,17.945795,20.681549,0.006562,17.878000,20.452000,19.128000,20.452000,0.229549,0.067795,0.789136,-0.283075,-0.289636,1.182205,0.300000,-0.745024,0,0
1789801804.071506,1,17.945795,20.681549,0.006562,17.878000,20.452000,19.128000,20.452000,0.229549,0.067795,0.789136,-0.283075,-0.289636,1.182205,0.300000,-0.756020,0,0
1789801804.171507,1,17.945795,20.681549,0.006562,17.878000,20.452000,19.128000,20.452000,0.229549,0.067795,0.789136,-0.283075,-0.289636,1.182205,0.300000,-0.764816,0,0
1789801804.271525,1,17.945795,20.681549,0.006562,17.878000,20.452000,19.128000,20.452000,0.229549,0.067795,0.789136,-0.283075,-0.289636,1.182205,0.300000,-0.771853,0,0
1789801804.371556,1,17.945795,20.681549,0.006562,17.878000,20.452000,19.128000,20.452000,0.229549,0.067795,0.789136,-0.283075,-0.289636,1.182205,0.300000,-0.777482,0,0
1789801804.471580,1,17.945795,20.681549,0.006562,17.878000,20.452000,19.128000,20.452000,0.229549,0.067795,0.789136,-0.283075,-0.289636,1.182205,0.300000,-0.781986,0,0
1789801804.571732,1,17.945795,20.681549,0.006562,17.878000,20.452000,19.128000,20.452000,0.229549,0.067795,0.789136,-0.283075,-0.289636,1.182205,0.300000,-0.759692,0,0
1789801804.671582,1,17.945795,20.681549,0.006562,17.878000,20.452000,19.128000,20.452000,0.229549,0.067795,0.789136,-0.283075,-0.289636,1.182205,0.300000,-0.720828,0,0
1789801804.771724,1,18.088990,20.688411,-0.072496,17.878000,20.452000,19.128000,20.452000,0.236411,0.210990,0.788490,-0.291298,-0.218802,1.039010,0.311227,-0.646027,0,0
1789801804.871758,1,18.088990,20.688411,-0.072496,17.878000,20.452000,19.128000,20.452000,0.236411,0.210990,0.788490,-0.291298,-0.218802,1.039010,0.311227,-0.576689,0,0
1789801804.971635,1,18.088990,20.688411,-0.072496,17.878000,20.452000,19.128000,20.452000,0.236411,0.210990,0.788490,-0.291298,-0.218802,1.039010,0.311227,-0.513622,0,0
1789801805.071843,1,18.088990,20.688411,-0.072496,17.878000,20.452000,19.128000,20.452000,0.236411,0.210990,0.788490,-0.291298,-0.218802,1.039010,0.311227,-0.457090,0,0
1789801805.171668,1,18.088990,20.688411,-0.072496,17.878000,20.452000,19.128000,20.452000,0.236411,0.210990,0.788490,-0.291298,-0.218802,1.039010,0.311227,-0.407001,0,0
1789801805.271682,1,18.088990,20.688411,-0.072496,17.878000,20.452000,19.128000,20.452000,0.236411,0.210990,0.788490,-0.291298,-0.218802,1.039010,0.311227,-0.363041,0,0
1789801805.371698,1,18.190965,20.680123,-0.209691,17.878000,20.452000,19.128000,20.452000,0.228123,0.312965,0.789268,-0.281363,-0.071673,0.937035,0.449777,-0.268854,0,0
1789801805.471768,1,18.190965,20.680123,-0.209691,17.878000,20.452000,19.128000,20.452000,0.228123,0.312965,0.789268,-0.281363,-0.071673,0.937035,0.449777,-0.199254,0,0
1789801805.571862,1,18.190965,20.680123,-0.209691,17.878000,20.452000,19.128000,20.452000,0.228123,0.312965,0.789268,-0.281363,-0.071673,0.937035,0.449777,-0.148173,0,0
1789801805.671875,1,18.237353,20.635709,-0.380808,17.878000,20.452000,19.128000,20.452000,0.183709,0.359353,0.792996,-0.227649,0.153160,0.890647,0.378968,-0.025560,0,0
1789801805.771729,1,18.237353,20.635709,-0.380808,17.878000,20.452000,19.128000,20.452000,0.183709,0.359353,0.792996,-0.227649,0.153160,0.890647,0.378968,0.056997,0,0
1789801805.871746,1,18.278664,20.589468,-0.510770,17.878000,20.452000,19.128000,20.452000,0.137468,0.400664,0.796058,-0.171000,0.339770,0.849336,0.300000,0.181518,0,0
1789801805.971790,1,18.278664,20.589468,-0.510770,17.878000,20.452000,19.128000,20.452000,0.137468,0.400664,0.796058,-0.171000,0.339770,0.849336,0.300000,0.260747,0,0
1789801806.071813,1,18.327027,20.547164,-0.651615,17.878000,20.452000,19.128000,20.452000,0.095164,0.449027,0.798104,-0.118677,0.532938,0.800973,0.300000,0.368597,0,0
1789801806.171787,1,18.327027,20.547164,-0.651615,17.878000,20.452000,19.128000,20.452000,0.095164,0.449027,0.798104,-0.118677,0.532938,0.800973,0.300000,0.443631,0,0
1789801806.271802,1,18.327027,20.547164,-0.651615,17.878000,20.452000,19.128000,20.452000,0.095164,0.449027,0.798104,-0.118677,0.532938,0.800973,0.300000,0.484567,0,0
1789801806.371797,1,18.409873,20.472961,-0.823929,17.878000,20.452000,19.128000,20.452000,0.020961,0.531873,0.799908,-0.026199,0.797730,0.718127,0.180000,0.547653,0,0
1789801806.471863,1,18.409873,20.472961,-0.823929,17.878000,20.452000,19.128000,20.452000,0.020961,0.531873,0.799908,-0.026199,0.797730,0.718127,0.180000,0.598123,0,0
1789801806.571872,1,18.409873,20.472961,-0.823929,17.878000,20.452000,19.128000,20.452000,0.020961,0.531873,0.799908,-0.026199,0.797730,0.718127,0.000000,0.000000,1,0
1789801806.671980,1,18.409873,20.472961,-0.823929,17.878000,20.452000,19.128000,20.452000,0.020961,0.531873,0.799908,-0.026199,0.797730,0.718127,0.180000,0.659815,0,0
1789801806.771911,1,18.409873,20.472961,-0.823929,17.878000,20.452000,19.128000,20.452000,0.020961,0.531873,0.799908,-0.026199,0.797730,0.718127,0.180000,0.663020,0,0
1789801806.871902,1,18.502605,20.369847,-0.896138,17.878000,20.452000,19.128000,20.452000,-0.082153,0.624605,0.798586,0.102513,0.998651,0.625395,0.180000,0.690416,0,0
1789801806.971946,1,18.502605,20.369847,-0.896138,17.878000,20.452000,19.128000,20.452000,-0.082153,0.624605,0.798586,0.102513,0.998651,0.625395,0.180000,0.712333,0,0
1789801807.071936,1,18.502605,20.369847,-0.896138,17.878000,20.452000,19.128000,20.452000,-0.082153,0.624605,0.798586,0.102513,0.998651,0.625395,0.180000,0.729866,0,0
1789801807.171985,1,18.502605,20.369847,-0.896138,17.878000,20.452000,19.128000,20.452000,-0.082153,0.624605,0.798586,0.102513,0.998651,0.625395,0.180000,0.735252,0,0
1789801807.272057,1,18.502605,20.369847,-0.896138,17.878000,20.452000,19.128000,20.452000,-0.082153,0.624605,0.798586,0.102513,0.998651,0.625395,0.180000,0.729262,0,0
1789801807.372045,1,18.502605,20.369847,-0.896138,17.878000,20.452000,19.128000,20.452000,-0.082153,0.624605,0.798586,0.102513,0.998651,0.625395,0.180000,0.716230,0,0
1789801807.472040,1,18.610605,20.287469,-0.741516,17.878000,20.452000,19.128000,20.452000,-0.164531,0.732605,0.794369,0.204234,0.945750,0.517395,0.180000,0.679109,0,0
1789801807.571998,1,18.610605,20.287469,-0.741516,17.878000,20.452000,19.128000,20.452000,-0.164531,0.732605,0.794369,0.204234,0.945750,0.517395,0.180000,0.647102,0,0
1789801807.672025,1,18.610605,20.287469,-0.741516,17.878000,20.452000,19.128000,20.452000,-0.164531,0.732605,0.794369,0.204234,0.945750,0.517395,0.180000,0.619648,0,0
1789801807.772238,2,18.661032,20.263732,-0.588028,17.878000,20.452000,19.128000,20.452000,-0.188268,0.783032,0.792648,0.233196,0.821224,0.466968,0.180000,0.548895,0,0
1789801807.873092,2,18.661032,20.263732,-0.588028,19.128000,20.452000,19.128000,24.452000,0.466968,-0.188268,0.757531,1.018381,1.606409,4.188268,0.180000,0.599116,0,0
1789801807.972095,2,18.703630,20.226551,-0.439599,19.128000,20.452000,19.128000,24.452000,0.424370,-0.225449,0.764468,1.064032,1.503631,4.225449,0.180000,0.639293,0,0
1789801808.072158,2,18.703630,20.226551,-0.439599,19.128000,20.452000,19.128000,24.452000,0.424370,-0.225449,0.764468,1.064032,1.503631,4.225449,0.180000,0.671434,0,0
1789801808.172108,2,18.739296,20.209016,-0.236600,19.128000,20.452000,19.128000,24.452000,0.388704,-0.242984,0.769891,1.103251,1.339851,4.242984,0.180000,0.697147,0,0
1789801808.272111,2,18.739296,20.209016,-0.236600,19.128000,20.452000,19.128000,24.452000,0.388704,-0.242984,0.769891,1.103251,1.339851,4.242984,0.180000,0.717718,0,0
1789801808.372291,2,18.776821,20.192777,-0.056630,19.128000,20.452000,19.128000,24.452000,0.351179,-0.259223,0.775188,1.145430,1.202060,4.259223,0.180000,0.678569,0,0
1789801808.472152,2,18.776821,20.192777,-0.056630,19.128000,20.452000,19.128000,24.452000,0.351179,-0.259223,0.775188,1.145430,1.202060,4.259223,0.180000,0.650411,0,0
1789801808.572140,2,18.809834,20.174505,0.125556,19.128000,20.452000,19.128000,24.452000,0.318166,-0.277495,0.779478,1.183260,1.057704,4.277495,0.180000,0.575557,0,0
1789801808.672237,2,18.809834,20.174505,0.125556,19.128000,20.452000,19.128000,24.452000,0.318166,-0.277495,0.779478,1.183260,1.057704,4.277495,0.180000,0.525781,0,0
1789801808.772185,2,18.839688,20.169586,0.292060,19.128000,20.452000,19.128000,24.452000,0.288312,-0.282414,0.783042,1.218005,0.925945,4.282414,0.180000,0.443969,0,0
1789801808.872202,2,18.839688,20.169586,0.292060,19.128000,20.452000,19.128000,24.452000,0.288312,-0.282414,0.783042,1.218005,0.925945,4.282414,0.180000,0.392370,0,0
1789801808.972274,2,18.866427,20.161167,0.457541,19.128000,20.452000,19.128000,24.452000,0.261573,-0.290833,0.785970,1.249523,0.791982,4.290833,0.180000,0.311284,0,0
1789801809.073308,2,18.866427,20.161167,0.457541,19.128000,20.452000,19.128000,24.452000,0.261573,-0.290833,0.785970,1.249523,0.791982,4.290833,0.180000,0.262778,0,0
1789801809.172627,2,18.896322,20.163264,0.610656,19.128000,20.452000,19.128000,24.452000,0.231678,-0.288736,0.788937,1.285168,0.674512,4.288736,0.300000,0.192195,0,0
1789801809.272413,2,18.896322,20.163264,0.610656,19.128000,20.452000,19.128000,24.452000,0.231678,-0.288736,0.788937,1.285168,0.674512,4.288736,0.300000,0.152825,0,0
1789801809.372275,2,18.923752,20.183503,0.731413,19.128000,20.452000,19.128000,24.452000,0.204248,-0.268497,0.791366,1.318212,0.586799,4.268497,0.300000,0.101643,0,0
1789801809.472252,2,18.923752,20.183503,0.731413,19.128000,20.452000,19.128000,24.452000,0.204248,-0.268497,0.791366,1.318212,0.586799,4.268497,0.300000,0.076556,0,0
1789801809.572293,2,18.923752,20.183503,0.731413,19.128000,20.452000,19.128000,24.452000,0.204248,-0.268497,0.791366,1.318212,0.586799,4.268497,0.300000,0.069174,0,0
1789801809.672581,2,18.955598,20.210932,0.863549,19.128000,20.452000,19.128000,24.452000,0.172402,-0.241068,0.793823,1.356938,0.493389,4.241068,0.300000,0.037994,0,0
1789801809.772361,2,18.955598,20.210932,0.863549,19.128000,20.452000,19.128000,24.452000,0.172402,-0.241068,0.793823,1.356938,0.493389,4.241068,0.300000,0.026387,0,0
1789801809.872408,2,18.955598,20.210932,0.863549,19.128000,20.452000,19.128000,24.452000,0.172402,-0.241068,0.793823,1.356938,0.493389,4.241068,0.300000,0.027771,0,0
1789801809.972358,2,18.955598,20.210932,0.863549,19.128000,20.452000,19.128000,24.452000,0.172402,-0.241068,0.793823,1.356938,0.493389,4.241068,0.300000,0.037414,0,0
1789801810.072367,2,18.990623,20.267980,0.987511,19.128000,20.452000,19.128000,24.452000,0.137377,-0.184020,0.796063,1.399909,0.412399,4.184020,0.300000,0.021181,0,0
1789801810.173484,2,18.990623,20.267980,0.987511,19.128000,20.452000,19.128000,24.452000,0.137377,-0.184020,0.796063,1.399909,0.412399,4.184020,0.300000,0.018192,0,0
1789801810.272413,2,18.990623,20.267980,0.987511,19.128000,20.452000,19.128000,24.452000,0.137377,-0.184020,0.796063,1.399909,0.412399,4.184020,0.300000,0.023800,0,0
1789801810.372422,2,18.990623,20.267980,0.987511,19.128000,20.452000,19.128000,24.452000,0.137377,-0.184020,0.796063,1.399909,0.412399,4.184020,0.300000,0.034685,0,0
1789801810.472432,2,19.041872,20.349293,1.089247,19.128000,20.452000,19.128000,24.452000,0.086128,-0.102707,0.798446,1.463342,0.374096,4.102707,0.300000,0.033959,0,0
1789801810.572469,2,19.041872,20.349293,1.089247,19.128000,20.452000,19.128000,24.452000,0.086128,-0.102707,0.798446,1.463342,0.374096,4.102707,0.300000,0.039618,0,0
1789801810.672398,2,19.041872,20.349293,1.089247,19.128000,20.452000,19.128000,24.452000,0.086128,-0.102707,0.798446,1.463342,0.374096,4.102707,0.300000,0.049137,0,0
1789801810.772455,2,19.041872,20.349293,1.089247,19.128000,20.452000,19.128000,24.452000,0.086128,-0.102707,0.798446,1.463342,0.374096,4.102707,0.300000,0.060746,0,0
1789801810.872486,2,19.041872,20.349293,1.089247,19.128000,20.452000,19.128000,24.452000,0.086128,-0.102707,0.798446,1.463342,0.374096,4.102707,0.300000,0.073228,0,0
1789801810.972500,2,19.102001,20.469404,1.137249,19.128000,20.452000,19.128000,24.452000,0.025999,0.017404,0.799858,1.538303,0.401054,3.982596,0.300000,0.096011,0,0
1789801811.072568,2,19.102001,20.469404,1.137249,19.128000,20.452000,19.128000,24.452000,0.025999,0.017404,0.799858,1.538303,0.401054,3.982596,0.300000,0.114773,0,0
1789801811.172524,2,19.102001,20.469404,1.137249,19.128000,20.452000,19.128000,24.452000,0.025999,0.017404,0.799858,1.538303,0.401054,3.982596,0.300000,0.130211,0,0
1789801811.272524,2,19.102001,20.469404,1.137249,19.128000,20.452000,19.128000,24.452000,0.025999,0.017404,0.799858,1.538303,0.401054,3.982596,0.300000,0.142904,0,0
1789801811.372592,2,19.102001,20.469404,1.137249,19.128000,20.452000,19.128000,24.452000,0.025999,0.017404,0.799858,1.538303,0.401054,3.982596,0.300000,0.153332,0,0
1789801811.472592,2,19.169638,20.614283,1.153990,19.128000,20.452000,19.128000,24.452000,-0.041638,0.162283,0.799636,1.622820,0.468830,3.837717,0.300000,0.187650,0,0
1789801811.572646,2,19.169638,20.614283,1.153990,19.128000,20.452000,19.128000,24.452000,-0.041638,0.162283,0.799636,1.622820,0.468830,3.837717,0.300000,0.211485,0,0
1789801811.672592,2,19.169638,20.614283,1.153990,19.128000,20.452000,19.128000,24.452000,-0.041638,0.162283,0.799636,1.622820,0.468830,3.837717,0.300000,0.227656,0,0
1789801811.772618,2,19.169638,20.614283,1.153990,19.128000,20.452000,19.128000,24.452000,-0.041638,0.162283,0.799636,1.622820,0.468830,3.837717,0.300000,0.238276,0,0
1789801811.872666,2,19.221759,20.734748,1.175885,19.128000,20.452000,19.128000,24.452000,-0.093759,0.282748,0.798160,1.687729,0.511845,3.717252,0.300000,0.261257,0,0
1789801811.972646,2,19.221759,20.734748,1.175885,19.128000,20.452000,19.128000,24.452000,-0.093759,0.282748,0.798160,1.687729,0.511845,3.717252,0.300000,0.275752,0,0
1789801812.072659,2,19.221759,20.734748,1.175885,19.128000,20.452000,19.128000,24.452000,-0.093759,0.282748,0.798160,1.687729,0.511845,3.717252,0.300000,0.284236,0,0
1789801812.172781,2,19.221759,20.734748,1.175885,19.128000,20.452000,19.128000,24.452000,-0.093759,0.282748,0.798160,1.687729,0.511845,3.717252,0.300000,0.288533,0,0
1789801812.272676,2,19.265090,20.858025,1.241557,19.128000,20.452000,19.128000,24.452000,-0.137090,0.406025,0.796079,1.741330,0.499773,3.593975,0.300000,0.285387,0,0
1789801812.372713,2,19.265090,20.858025,1.241557,19.128000,20.452000,19.128000,24.452000,-0.137090,0.406025,0.796079,1.741330,0.499773,3.593975,0.300000,0.281954,0,0
1789801812.472732,2,19.265090,20.858025,1.241557,19.128000,20.452000,19.128000,24.452000,-0.137090,0.406025,0.796079,1.741330,0.499773,3.593975,0.300000,0.278475,0,0
1789801812.572887,2,19.265090,20.858025,1.241557,19.128000,20.452000,19.128000,24.452000,-0.137090,0.406025,0.796079,1.741330,0.499773,3.593975,0.300000,0.275104,0,0
1789801812.673282,2,19.301645,20.988134,1.345817,19.128000,20.452000,19.128000,24.452000,-0.173645,0.536134,0.793734,1.786173,0.440356,3.463866,0.300000,0.249429,0,0
1789801812.772808,2,19.301645,20.988134,1.345817,19.128000,20.452000,19.128000,24.452000,-0.173645,0.536134,0.793734,1.786173,0.440356,3.463866,0.300000,0.231827,0,0
1789801812.872800,2,19.301645,20.988134,1.345817,19.128000,20.452000,19.128000,24.452000,-0.173645,0.536134,0.793734,1.786173,0.440356,3.463866,0.300000,0.220096,0,0
1789801812.972776,2,19.301645,20.988134,1.345817,19.128000,20.452000,19.128000,24.452000,-0.173645,0.536134,0.793734,1.786173,0.440356,3.463866,0.300000,0.212591,0,0
1789801813.072785,2,19.324463,21.126822,1.462712,19.128000,20.452000,19.128000,24.452000,-0.196463,0.674822,0.792003,1.813946,0.351235,3.325178,0.300000,0.174230,0,0
1789801813.172816,2,19.324463,21.126822,1.462712,19.128000,20.452000,19.128000,24.452000,-0.196463,0.674822,0.792003,1.813946,0.351235,3.325178,0.300000,0.149734,0,0
1789801813.272823,2,19.324463,21.126822,1.462712,19.128000,20.452000,19.128000,24.452000,-0.196463,0.674822,0.792003,1.813946,0.351235,3.325178,0.300000,0.135092,0,0
1789801813.372845,2,19.324463,21.126822,1.462712,19.128000,20.452000,19.128000,24.452000,-0.196463,0.674822,0.792003,1.813946,0.351235,3.325178,0.300000,0.127342,0,0
1789801813.472821,2,19.325563,21.255486,1.571783,19.128000,20.452000,19.128000,24.452000,-0.197563,0.803486,0.791914,1.815280,0.243498,3.196514,0.300000,0.083372,0,0
1789801813.572902,2,19.325563,21.255486,1.571783,19.128000,20.452000,19.128000,24.452000,-0.197563,0.803486,0.791914,1.815280,0.243498,3.196514,0.300000,0.056766,0,0
1789801813.672894,2,19.325563,21.255486,1.571783,19.128000,20.452000,19.128000,24.452000,-0.197563,0.803486,0.791914,1.815280,0.243498,3.196514,0.300000,0.042338,0,0
1789801813.772913,2,19.325563,21.255486,1.571783,19.128000,20.452000,19.128000,24.452000,-0.197563,0.803486,0.791914,1.815280,0.243498,3.196514,0.300000,0.036280,0,0
1789801813.872912,2,19.320705,21.387528,1.633641,19.128000,20.452000,19.128000,24.452000,-0.192705,0.935528,0.792302,1.809385,0.175744,3.064472,0.354142,0.010074,0,0
1789801813.972918,2,19.320705,21.387528,1.633641,19.128000,20.452000,19.128000,24.452000,-0.192705,0.935528,0.792302,1.809385,0.175744,3.064472,0.354142,-0.003586,0,0
1789801814.072965,2,19.320705,21.387528,1.633641,19.128000,20.452000,19.128000,24.452000,-0.192705,0.935528,0.792302,1.809385,0.175744,3.064472,0.354142,-0.008670,0,0
1789801814.172949,2,19.320705,21.387528,1.633641,19.128000,20.452000,19.128000,24.452000,-0.192705,0.935528,0.792302,1.809385,0.175744,3.064472,0.354142,-0.008062,0,0
1789801814.272962,2,19.310847,21.523818,1.651938,19.128000,20.452000,19.128000,24.452000,-0.182847,1.071818,0.793061,1.797395,0.145456,2.928182,0.387827,-0.015344,0,0
1789801814.372973,2,19.310847,21.523818,1.651938,19.128000,20.452000,19.128000,24.452000,-0.182847,1.071818,0.793061,1.797395,0.145456,2.928182,0.387827,-0.016481,0,0
1789801814.473035,2,19.310847,21.523818,1.651938,19.128000,20.452000,19.128000,24.452000,-0.182847,1.071818,0.793061,1.797395,0.145456,2.928182,0.387827,-0.013641,0,0
1789801814.572989,2,19.310847,21.523818,1.651938,19.128000,20.452000,19.128000,24.452000,-0.182847,1.071818,0.793061,1.797395,0.145456,2.928182,0.387827,-0.008368,0,0
1789801814.673372,2,19.297407,21.673134,1.651280,19.128000,20.452000,19.128000,24.452000,-0.169407,1.221134,0.794033,1.780995,0.129715,2.778866,0.406581,-0.007715,0,0
1789801814.773041,2,19.297407,21.673134,1.651280,19.128000,20.452000,19.128000,24.452000,-0.169407,1.221134,0.794033,1.780995,0.129715,2.778866,0.406581,-0.004394,0,0
1789801814.873065,2,19.297407,21.673134,1.651280,19.128000,20.452000,19.128000,24.452000,-0.169407,1.221134,0.794033,1.780995,0.129715,2.778866,0.406581,0.000501,0,0
1789801814.973148,2,19.286828,21.785888,1.648640,19.128000,20.452000,19.128000,24.452000,-0.158828,1.333888,0.794749,1.768045,0.119405,2.666112,0.419354,0.002294,0,0
1789801815.073139,2,19.286828,21.785888,1.648640,19.128000,20.452000,19.128000,24.452000,-0.158828,1.333888,0.794749,1.768045,0.119405,2.666112,0.419354,0.005737,0,0
1789801815.173130,2,19.286828,21.785888,1.648640,19.128000,20.452000,19.128000,24.452000,-0.158828,1.333888,0.794749,1.768045,0.119405,2.666112,0.419354,0.010100,0,0
1789801815.273150,2,19.278038,21.921265,1.638247,19.128000,20.452000,19.128000,24.452000,-0.150038,1.469265,0.795310,1.757259,0.119012,2.530735,0.419849,0.014727,0,0
1789801815.373127,2,19.278038,21.921265,1.638247,19.128000,20.452000,19.128000,24.452000,-0.150038,1.469265,0.795310,1.757259,0.119012,2.530735,0.419849,0.019479,0,0
1789801815.473205,2,19.278038,21.921265,1.638247,19.128000,20.452000,19.128000,24.452000,-0.150038,1.469265,0.795310,1.757259,0.119012,2.530735,0.419849,0.024121,0,0
1789801815.573145,2,19.269135,22.058776,1.633814,19.128000,20.452000,19.128000,24.452000,-0.141135,1.606776,0.795846,1.746311,0.112497,2.393224,0.428136,0.026031,0,0
1789801815.673161,2,19.269135,22.058776,1.633814,19.128000,20.452000,19.128000,24.452000,-0.141135,1.606776,0.795846,1.746311,0.112497,2.393224,0.428136,0.028462,0,0
1789801815.773183,2,19.269135,22.058776,1.633814,19.128000,20.452000,19.128000,24.452000,-0.141135,1.606776,0.795846,1.746311,0.112497,2.393224,0.428136,0.031129,0,0
1789801815.873288,2,19.255097,22.208602,1.633797,19.128000,20.452000,19.128000,24.452000,-0.127097,1.756602,0.796627,1.729007,0.095210,2.243398,0.336510,0.027275,0,0
1789801815.973345,2,19.255097,22.208602,1.633797,19.128000,20.452000,19.128000,24.452000,-0.127097,1.756602,0.796627,1.729007,0.095210,2.243398,0.336510,0.025622,0,0
1789801816.073247,2,19.255097,22.208602,1.633797,19.128000,20.452000,19.128000,24.452000,-0.127097,1.756602,0.796627,1.729007,0.095210,2.243398,0.336510,0.025443,0,0
1789801816.173224,2,19.243981,22.345597,1.633615,19.128000,20.452000,19.128000,24.452000,-0.115981,1.893597,0.797188,1.715270,0.081655,2.106403,0.315960,0.021063,0,0
1789801816.273245,2,19.243981,22.345597,1.633615,19.128000,20.452000,19.128000,24.452000,-0.115981,1.893597,0.797188,1.715270,0.081655,2.106403,0.315960,0.019051,0,0
1789801816.373243,2,19.243981,22.345597,1.633615,19.128000,20.452000,19.128000,24.452000,-0.115981,1.893597,0.797188,1.715270,0.081655,2.106403,0.315960,0.018634,0,0
1789801816.473289,2,19.234295,22.495261,1.639591,19.128000,20.452000,19.128000,24.452000,-0.106295,2.043261,0.797637,1.703278,0.063686,1.956739,0.300000,0.012428,0,0
1789801816.573291,2,19.234295,22.495261,1.639591,19.128000,20.452000,19.128000,24.452000,-0.106295,2.043261,0.797637,1.703278,0.063686,1.956739,0.300000,0.009233,0,0
1789801816.673294,2,19.234295,22.495261,1.639591,19.128000,20.452000,19.128000,24.452000,-0.106295,2.043261,0.797637,1.703278,0.063686,1.956739,0.300000,0.008093,0,0
1789801816.773314,2,19.213135,22.632571,1.651614,19.128000,20.452000,19.128000,24.452000,-0.085135,2.180571,0.798482,1.677016,0.025402,1.819429,0.300000,-0.006233,0,0
1789801816.873348,2,19.213135,22.632571,1.651614,19.128000,20.452000,19.128000,24.452000,-0.085135,2.180571,0.798482,1.677016,0.025402,1.819429,0.300000,-0.014644,0,0
1789801816.973317,2,19.213135,22.632571,1.651614,19.128000,20.452000,19.128000,24.452000,-0.085135,2.180571,0.798482,1.677016,0.025402,1.819429,0.300000,-0.018933,0,0
1789801817.073378,2,19.199610,22.758084,1.660491,19.128000,20.452000,19.128000,24.452000,-0.071610,2.306084,0.798925,1.660190,-0.000300,1.693916,0.300000,-0.030176,0,0
1789801817.173354,2,19.199610,22.758084,1.660491,19.128000,20.452000,19.128000,24.452000,-0.071610,2.306084,0.798925,1.660190,-0.000300,1.693916,0.300000,-0.036170,0,0
1789801817.273377,2,19.199610,22.758084,1.660491,19.128000,20.452000,19.128000,24.452000,-0.071610,2.306084,0.798925,1.660190,-0.000300,1.693916,0.300000,-0.038565,0,0
1789801817.373442,2,19.199610,22.758084,1.660491,19.128000,20.452000,19.128000,24.452000,-0.071610,2.306084,0.798925,1.660190,-0.000300,1.693916,0.300000,-0.038562,0,0
1789801817.473413,2,19.185277,22.888941,1.661686,19.128000,20.452000,19.128000,24.452000,-0.057277,2.436941,0.799312,1.642332,-0.019353,1.563059,0.300000,-0.044264,0,0
1789801817.573447,2,19.185277,22.888941,1.661686,19.128000,20.452000,19.128000,24.452000,-0.057277,2.436941,0.799312,1.642332,-0.019353,1.563059,0.300000,-0.046530,0,0
1789801817.673485,2,19.185277,22.888941,1.661686,19.128000,20.452000,19.128000,24.452000,-0.057277,2.436941,0.799312,1.642332,-0.019353,1.563059,0.300000,-0.046507,0,0
1789801817.773452,2,19.185277,22.888941,1.661686,19.128000,20.452000,19.128000,24.452000,-0.057277,2.436941,0.799312,1.642332,-0.019353,1.563059,0.300000,-0.045018,0,0
1789801817.873462,2,19.172124,23.014760,1.654255,19.128000,20.452000,19.128000,24.452000,-0.044124,2.562760,0.799591,1.625923,-0.028332,1.437240,0.300000,-0.046063,0,0
1789801817.973468,2,19.172124,23.014760,1.654255,19.128000,20.452000,19.128000,24.452000,-0.044124,2.562760,0.799591,1.625923,-0.028332,1.437240,0.300000,-0.045456,0,0
1789801818.073510,2,19.172124,23.014760,1.654255,19.128000,20.452000,19.128000,24.452000,-0.044124,2.562760,0.799591,1.625923,-0.028332,1.437240,0.300000,-0.043816,0,0
1789801818.173490,2,19.172124,23.014760,1.654255,19.128000,20.452000,19.128000,24.452000,-0.044124,2.562760,0.799591,1.625923,-0.028332,1.437240,0.300000,-0.041581,0,0
1789801818.273548,2,19.163596,23.142046,1.635756,19.128000,20.452000,19.128000,24.452000,-0.035596,2.690046,0.799734,1.615277,-0.020479,1.309954,0.300000,-0.036070,0,0
1789801818.373531,2,19.163596,23.142046,1.635756,19.128000,20.452000,19.128000,24.452000,-0.035596,2.690046,0.799734,1.615277,-0.020479,1.309954,0.300000,-0.031510,0,0
1789801818.473543,2,19.163596,23.142046,1.635756,19.128000,20.452000,19.128000,24.452000,-0.035596,2.690046,0.799734,1.615277,-0.020479,1.309954,0.300000,-0.027741,0,0
1789801818.573565,2,19.163596,23.142046,1.635756,19.128000,20.452000,19.128000,24.452000,-0.035596,2.690046,0.799734,1.615277,-0.020479,1.309954,0.300000,-0.024629,0,0
1789801818.673583,2,19.156035,23.265640,1.615083,19.128000,20.452000,19.128000,24.452000,-0.028035,2.813640,0.799835,1.605833,-0.009250,1.186360,0.300000,-0.017795,0,0
1789801818.773829,2,19.156035,23.265640,1.615083,19.128000,20.452000,19.128000,24.452000,-0.028035,2.813640,0.799835,1.605833,-0.009250,1.186360,0.300000,-0.012895,0,0
1789801818.873684,2,19.156035,23.265640,1.615083,19.128000,20.452000,19.128000,24.452000,-0.028035,2.813640,0.799835,1.605833,-0.009250,1.186360,0.300000,-0.009428,0,0
1789801818.973595,2,19.156035,23.265640,1.615083,19.128000,20.452000,19.128000,24.452000,-0.028035,2.813640,0.799835,1.605833,-0.009250,1.186360,0.300000,-0.007017,0,0
1789801819.073703,2,19.147775,23.386773,1.599273,19.128000,20.452000,19.128000,24.452000,-0.019775,2.934773,0.799918,1.595513,-0.003760,1.065227,0.300000,-0.003293,0,0
1789801819.173602,2,19.147775,23.386773,1.599273,19.128000,20.452000,19.128000,24.452000,-0.019775,2.934773,0.799918,1.595513,-0.003760,1.065227,0.300000,-0.000854,0,0
1789801819.273738,2,19.147775,23.386773,1.599273,19.128000,20.452000,19.128000,24.452000,-0.019775,2.934773,0.799918,1.595513,-0.003760,1.065227,0.300000,0.000667,0,0
1789801819.374133,2,19.147775,23.386773,1.599273,19.128000,20.452000,19.128000,24.452000,-0.019775,2.934773,0.799918,1.595513,-0.003760,1.065227,0.300000,0.001538,0,0
1789801819.474226,2,19.136812,23.511985,1.593454,19.128000,20.452000,19.128000,24.452000,-0.008812,3.059985,0.799984,1.581812,-0.011642,0.940015,0.300000,-0.001031,0,0
1789801819.573754,2,19.136812,23.511985,1.593454,19.128000,20.452000,19.128000,24.452000,-0.008812,3.059985,0.799984,1.581812,-0.011642,0.940015,0.300000,-0.002867,0,0
1789801819.673696,2,19.136812,23.511985,1.593454,19.128000,20.452000,19.128000,24.452000,-0.008812,3.059985,0.799984,1.581812,-0.011642,0.940015,0.300000,-0.004160,0,0
1789801819.773761,2,19.136812,23.511985,1.593454,19.128000,20.452000,19.128000,24.452000,-0.008812,3.059985,0.799984,1.581812,-0.011642,0.940015,0.300000,-0.005054,0,0
1789801819.873737,2,19.129882,23.637190,1.600025,19.128000,20.452000,19.128000,24.452000,-0.001882,3.185190,0.799999,1.573149,-0.026876,0.814810,0.300000,-0.011447,0,0
1789801819.973785,2,19.129882,23.637190,1.600025,19.128000,20.452000,19.128000,24.452000,-0.001882,3.185190,0.799999,1.573149,-0.026876,0.814810,0.300000,-0.015618,0,0
1789801820.073800,2,19.129882,23.637190,1.600025,19.128000,20.452000,19.128000,24.452000,-0.001882,3.185190,0.799999,1.573149,-0.026876,0.814810,0.300000,-0.018200,0,0
1789801820.173785,2,19.129882,23.637190,1.600025,19.128000,20.452000,19.128000,24.452000,-0.001882,3.185190,0.799999,1.573149,-0.026876,0.814810,0.300000,-0.019662,0,0
1789801820.273782,2,19.117733,23.763971,1.603895,19.128000,20.452000,19.128000,24.452000,0.010267,3.311971,0.799978,1.557963,-0.045932,0.688029,0.300000,-0.027591,0,0
1789801820.373797,2,19.117733,23.763971,1.603895,19.128000,20.452000,19.128000,24.452000,0.010267,3.311971,0.799978,1.557963,-0.045932,0.688029,0.300000,-0.032480,0,0
1789801820.473798,2,19.117733,23.763971,1.603895,19.128000,20.452000,19.128000,24.452000,0.010267,3.311971,0.799978,1.557963,-0.045932,0.688029,0.300000,-0.035228,0,0
1789801820.574339,2,19.117733,23.763971,1.603895,19.128000,20.452000,19.128000,24.452000,0.010267,3.311971,0.799978,1.557963,-0.045932,0.688029,0.300000,-0.036497,0,0
1789801820.673842,2,19.105557,23.888498,1.608743,19.128000,20.452000,19.128000,24.452000,0.022443,3.436498,0.799894,1.542746,-0.065997,0.563502,0.300000,-0.044416,0,0
1789801820.773865,2,19.105557,23.888498,1.608743,19.128000,20.452000,19.128000,24.452000,0.022443,3.436498,0.799894,1.542746,-0.065997,0.563502,0.300000,-0.049028,0,0
1789801820.873837,2,19.105557,23.888498,1.608743,19.128000,20.452000,19.128000,24.452000,0.022443,3.436498,0.799894,1.542746,-0.065997,0.563502,0.300000,-0.051338,0,0
1789801820.973908,2,19.105557,23.888498,1.608743,19.128000,20.452000,19.128000,24.452000,0.022443,3.436498,0.799894,1.542746,-0.065997,0.563502,0.300000,-0.052083,0,0
1789801821.074114,3,19.102552,24.006157,1.594214,19.128000,20.452000,19.128000,24.452000,0.025448,3.554157,0.799864,1.538992,-0.055222,0.445843,0.300000,-0.047702,0,0
1789801821.173908,3,19.102552,24.006157,1.594214,19.128000,24.452000,19.128000,26.252000,0.025448,-0.445843,0.799864,1.538992,-0.055222,2.245843,0.600000,-0.044094,0,0
1789801821.273921,3,19.102552,24.006157,1.594214,19.128000,24.452000,19.128000,26.252000,0.025448,-0.445843,0.799864,1.538992,-0.055222,2.245843,0.600000,-0.041125,0,0
1789801821.373925,3,19.102552,24.006157,1.594214,19.128000,24.452000,19.128000,26.252000,0.025448,-0.445843,0.799864,1.538992,-0.055222,2.245843,0.600000,-0.038685,0,0
1789801821.473902,3,19.100711,24.129245,1.572841,19.128000,24.452000,19.128000,26.252000,0.027289,-0.322755,0.799844,1.536691,-0.036150,2.122755,0.600000,-0.029432,0,0
1789801821.573957,3,19.100711,24.129245,1.572841,19.128000,24.452000,19.128000,26.252000,0.027289,-0.322755,0.799844,1.536691,-0.036150,2.122755,0.600000,-0.023055,0,0
1789801821.673957,3,19.100711,24.129245,1.572841,19.128000,24.452000,19.128000,26.252000,0.027289,-0.322755,0.799844,1.536691,-0.036150,2.122755,0.600000,-0.018775,0,0
1789801821.773972,3,19.100711,24.129245,1.572841,19.128000,24.452000,19.128000,26.252000,0.027289,-0.322755,0.799844,1.536691,-0.036150,2.122755,0.600000,-0.016008,0,0
1789801821.874073,3,19.099748,24.252400,1.547039,19.128000,24.452000,19.128000,26.252000,0.028252,-0.199600,0.799832,1.535488,-0.011550,1.999600,0.600000,-0.004975,0,0
1789801821.974067,3,19.099748,24.252400,1.547039,19.128000,24.452000,19.128000,26.252000,0.028252,-0.199600,0.799832,1.535488,-0.011550,1.999600,0.600000,0.002054,0,0
1789801822.074079,3,19.099748,24.252400,1.547039,19.128000,24.452000,19.128000,26.252000,0.028252,-0.199600,0.799832,1.535488,-0.011550,1.999600,0.600000,0.006239,0,0
1789801822.174099,3,19.099748,24.252400,1.547039,19.128000,24.452000,19.128000,26.252000,0.028252,-0.199600,0.799832,1.535488,-0.011550,1.999600,0.600000,0.008437,0,0
1789801822.274109,3,19.101432,24.382851,1.518526,19.128000,24.452000,19.128000,26.252000,0.026568,-0.069149,0.799852,1.537592,0.019066,1.869149,0.600000,0.020910,0,0
1789801822.374120,3,19.101432,24.382851,1.518526,19.128000,24.452000,19.128000,26.252000,0.026568,-0.069149,0.799852,1.537592,0.019066,1.869149,0.600000,0.028437,0,0
1789801822.474114,3,19.101432,24.382851,1.518526,19.128000,24.452000,19.128000,26.252000,0.026568,-0.069149,0.799852,1.537592,0.019066,1.869149,0.600000,0.032498,0,0
1789801822.574131,3,19.106197,24.492908,1.500296,19.128000,24.452000,19.128000,26.252000,0.021803,0.040908,0.799900,1.543546,0.043250,1.759092,0.586364,0.043368,0,0
1789801822.674165,3,19.106197,24.492908,1.500296,19.128000,24.452000,19.128000,26.252000,0.021803,0.040908,0.799900,1.543546,0.043250,1.759092,0.586364,0.049454,0,0
1789801822.774191,3,19.106197,24.492908,1.500296,19.128000,24.452000,19.128000,26.252000,0.021803,0.040908,0.799900,1.543546,0.043250,1.759092,0.586364,0.052236,0,0
1789801822.874214,3,19.112872,24.624723,1.482797,19.128000,24.452000,19.128000,26.252000,0.015128,0.172723,0.799952,1.551887,0.069090,1.627277,0.542426,0.062609,0,0
1789801822.974201,3,19.112872,24.624723,1.482797,19.128000,24.452000,19.128000,26.252000,0.015128,0.172723,0.799952,1.551887,0.069090,1.627277,0.542426,0.068125,0,0
1789801823.074206,3,19.112872,24.624723,1.482797,19.128000,24.452000,19.128000,26.252000,0.015128,0.172723,0.799952,1.551887,0.069090,1.627277,0.542426,0.070312,0,0
1789801823.174211,3,19.125496,24.769247,1.464447,19.128000,24.452000,19.128000,26.252000,0.002504,0.317247,0.799999,1.567667,0.103219,1.482753,0.440219,0.083249,0,0
1789801823.274226,3,19.125496,24.769247,1.464447,19.128000,24.452000,19.128000,26.252000,0.002504,0.317247,0.799999,1.567667,0.103219,1.482753,0.440219,0.090263,0,0
1789801823.374242,3,19.132371,24.876078,1.457145,19.128000,24.452000,19.128000,26.252000,-0.004371,0.424078,0.799996,1.576260,0.119114,1.375922,0.419720,0.099245,0,0
1789801823.474251,3,19.132371,24.876078,1.457145,19.128000,24.452000,19.128000,26.252000,-0.004371,0.424078,0.799996,1.576260,0.119114,1.375922,0.419720,0.103406,0,0
1789801823.574239,3,19.146716,24.984210,1.459510,19.128000,24.452000,19.128000,26.252000,-0.018716,0.532210,0.799926,1.594189,0.134679,1.267790,0.400572,0.110229,0,0
1789801823.674342,3,19.146716,24.984210,1.459510,19.128000,24.452000,19.128000,26.252000,-0.018716,0.532210,0.799926,1.594189,0.134679,1.267790,0.400572,0.112880,0,0
1789801823.774272,3,19.155644,25.092085,1.464756,19.128000,24.452000,19.128000,26.252000,-0.027644,0.640085,0.799840,1.605345,0.140589,1.159915,0.393532,0.115002,0,0
1789801823.874247,3,19.155644,25.092085,1.464756,19.128000,24.452000,19.128000,26.252000,-0.027644,0.640085,0.799840,1.605345,0.140589,1.159915,0.393532,0.114572,0,0
1789801823.974262,3,19.162273,25.201188,1.472811,19.128000,24.452000,19.128000,26.252000,-0.034273,0.749188,0.799753,1.613625,0.140814,1.050812,0.393266,0.112611,0,0
1789801824.074284,3,19.162273,25.201188,1.472811,19.128000,24.452000,19.128000,26.252000,-0.034273,0.749188,0.799753,1.613625,0.140814,1.050812,0.393266,0.109668,0,0
1789801824.174301,3,19.170380,25.309395,1.476591,19.128000,24.452000,19.128000,26.252000,-0.042380,0.857395,0.799623,1.623747,0.147156,0.942605,0.385855,0.108624,0,0
1789801824.274311,3,19.170380,25.309395,1.476591,19.128000,24.452000,19.128000,26.252000,-0.042380,0.857395,0.799623,1.623747,0.147156,0.942605,0.385855,0.106553,0,0
1789801824.374392,3,19.175723,25.417835,1.479848,19.128000,24.452000,19.128000,26.252000,-0.047723,0.965835,0.799522,1.630415,0.150567,0.834165,0.381927,0.105205,0,0
1789801824.474339,3,19.175723,25.417835,1.479848,19.128000,24.452000,19.128000,26.252000,-0.047723,0.965835,0.799522,1.630415,0.150567,0.834165,0.381927,0.103145,0,0
1789801824.574344,3,19.175723,25.417835,1.479848,19.128000,24.452000,19.128000,26.252000,-0.047723,0.965835,0.799522,1.630415,0.150567,0.834165,0.381927,0.100712,0,0
1789801824.674390,3,19.182946,25.559468,1.502507,19.128000,24.452000,19.128000,26.252000,-0.054946,1.107468,0.799367,1.639425,0.136918,0.692532,0.397890,0.092952,0,0
1789801824.774421,3,19.182946,25.559468,1.502507,19.128000,24.452000,19.128000,26.252000,-0.054946,1.107468,0.799367,1.639425,0.136918,0.692532,0.397890,0.087007,0,0
1789801824.874420,3,19.182946,25.559468,1.502507,19.128000,24.452000,19.128000,26.252000,-0.054946,1.107468,0.799367,1.639425,0.136918,0.692532,0.397890,0.082459,0,0
1789801824.974435,3,19.187488,25.687341,1.534936,19.128000,24.452000,19.128000,26.252000,-0.059488,1.235341,0.799258,1.645089,0.110152,0.564659,0.400000,0.068819,0,0
1789801825.074433,3,19.187488,25.687341,1.534936,19.128000,24.452000,19.128000,26.252000,-0.059488,1.235341,0.799258,1.645089,0.110152,0.564659,0.400000,0.059540,0,0
1789801825.174422,3,19.187488,25.687341,1.534936,19.128000,24.452000,19.128000,26.252000,-0.059488,1.235341,0.799258,1.645089,0.110152,0.564659,0.400000,0.053422,0,0
1789801825.274592,4,19.185722,25.809536,1.573300,19.128000,24.452000,19.128000,26.252000,-0.057722,1.357536,0.799301,1.642887,0.069587,0.442464,0.300000,0.034161,0,0
1789801825.374437,4,19.185722,25.809536,1.573300,19.128000,26.252000,13.628000,26.252000,0.442464,-0.057722,0.761580,2.615274,1.041974,5.557722,0.180000,0.187329,0,0
1789801825.474494,4,19.185722,25.809536,1.573300,19.128000,26.252000,13.628000,26.252000,0.442464,-0.057722,0.761580,2.615274,1.041974,5.557722,0.180000,0.309863,0,0
1789801825.574517,4,19.182877,25.920174,1.602109,19.128000,26.252000,13.628000,26.252000,0.331826,-0.054877,0.777746,2.738325,1.136216,5.554877,0.180000,0.407890,0,0
1789801825.674521,4,19.182877,25.920174,1.602109,19.128000,26.252000,13.628000,26.252000,0.331826,-0.054877,0.777746,2.738325,1.136216,5.554877,0.180000,0.486312,0,0
1789801825.774516,4,19.182877,25.920174,1.602109,19.128000,26.252000,13.628000,26.252000,0.331826,-0.054877,0.777746,2.738325,1.136216,5.554877,0.180000,0.549050,0,0
1789801825.874532,4,19.176602,26.036738,1.622183,19.128000,26.252000,13.628000,26.252000,0.215262,-0.048602,0.790425,2.875704,1.253521,5.548602,0.180000,0.599240,0,0
1789801825.974550,4,19.176602,26.036738,1.622183,19.128000,26.252000,13.628000,26.252000,0.215262,-0.048602,0.790425,2.875704,1.253521,5.548602,0.180000,0.639392,0,0
1789801826.074572,4,19.176602,26.036738,1.622183,19.128000,26.252000,13.628000,26.252000,0.215262,-0.048602,0.790425,2.875704,1.253521,5.548602,0.180000,0.671513,0,0
1789801826.174576,4,19.167647,26.144641,1.645415,19.128000,26.252000,13.628000,26.252000,0.107359,-0.039647,0.797589,3.007793,1.362378,5.539647,0.180000,0.697211,0,0
1789801826.274608,4,19.167647,26.144641,1.645415,19.128000,26.252000,13.628000,26.252000,0.107359,-0.039647,0.797589,3.007793,1.362378,5.539647,0.180000,0.717769,0,0
1789801826.374582,4,19.167647,26.144641,1.645415,19.128000,26.252000,13.628000,26.252000,0.107359,-0.039647,0.797589,3.007793,1.362378,5.539647,0.180000,0.734215,0,0
1789801826.474622,4,19.167647,26.144641,1.645415,19.128000,26.252000,13.628000,26.252000,0.107359,-0.039647,0.797589,3.007793,1.362378,5.539647,0.180000,0.747372,0,0
1789801826.574637,4,19.150584,26.240209,1.769415,19.128000,26.252000,13.628000,26.252000,0.011791,-0.022584,0.799971,3.126855,1.357440,5.522584,0.180000,0.757898,0,0
1789801826.674655,4,19.150584,26.240209,1.769415,19.128000,26.252000,13.628000,26.252000,0.011791,-0.022584,0.799971,3.126855,1.357440,5.522584,0.180000,0.766318,0,0
1789801826.774701,4,19.150584,26.240209,1.769415,19.128000,26.252000,13.628000,26.252000,0.011791,-0.022584,0.799971,3.126855,1.357440,5.522584,0.180000,0.773054,0,0
1789801826.874635,4,19.133771,26.282146,1.925995,19.128000,26.252000,13.628000,26.252000,-0.030146,-0.005771,0.799809,-3.103919,1.253272,5.505771,0.180000,0.734388,0,0
1789801826.974689,4,19.133771,26.282146,1.925995,19.128000,26.252000,13.628000,26.252000,-0.030146,-0.005771,0.799809,-3.103919,1.253272,5.505771,0.180000,0.705332,0,0
1789801827.074735,4,19.120702,26.309500,2.072815,19.128000,26.252000,13.628000,26.252000,-0.057500,0.007298,0.799306,-3.069779,1.140591,5.492702,0.180000,0.640777,0,0
1789801827.174713,4,19.120702,26.309500,2.072815,19.128000,26.252000,13.628000,26.252000,-0.057500,0.007298,0.799306,-3.069779,1.140591,5.492702,0.180000,0.596643,0,0
1789801827.274815,4,19.096876,26.340402,2.246327,19.128000,26.252000,13.628000,26.252000,-0.088402,0.031124,0.798363,-3.031313,1.005545,5.468876,0.180000,0.516063,0,0
1789801827.374717,4,19.096876,26.340402,2.246327,19.128000,26.252000,13.628000,26.252000,-0.088402,0.031124,0.798363,-3.031313,1.005545,5.468876,0.180000,0.463960,0,0
1789801827.474722,4,19.065631,26.363863,2.418418,19.128000,26.252000,13.628000,26.252000,-0.111863,0.062369,0.797384,-3.002215,0.862552,5.437631,0.180000,0.377835,0,0
1789801827.574769,4,19.065631,26.363863,2.418418,19.128000,26.252000,13.628000,26.252000,-0.111863,0.062369,0.797384,-3.002215,0.862552,5.437631,0.180000,0.324852,0,0
1789801827.674772,4,19.031316,26.382484,2.579453,19.128000,26.252000,13.628000,26.252000,-0.130484,0.096684,0.796446,-2.979202,0.724530,5.403316,0.180000,0.242759,0,0
1789801827.774817,4,19.031316,26.382484,2.579453,19.128000,26.252000,13.628000,26.252000,-0.130484,0.096684,0.796446,-2.979202,0.724530,5.403316,0.180000,0.194999,0,0
1789801827.874808,4,18.988352,26.395158,2.747045,19.128000,26.252000,13.628000,26.252000,-0.143158,0.139648,0.795727,-2.963589,0.572552,5.360352,0.300000,0.113386,0,0
1789801827.974860,4,18.988352,26.395158,2.747045,19.128000,26.252000,13.628000,26.252000,-0.143158,0.139648,0.795727,-2.963589,0.572552,5.360352,0.300000,0.068069,0,0
1789801828.074818,4,18.948780,26.395705,2.883680,19.128000,26.252000,13.628000,26.252000,-0.143705,0.179220,0.795694,-2.962916,0.436589,5.320780,0.300000,-0.003890,0,0
1789801828.174839,4,18.948780,26.395705,2.883680,19.128000,26.252000,13.628000,26.252000,-0.143705,0.179220,0.795694,-2.962916,0.436589,5.320780,0.300000,-0.041056,0,0
1789801828.274868,4,18.948780,26.395705,2.883680,19.128000,26.252000,13.628000,26.252000,-0.143705,0.179220,0.795694,-2.962916,0.436589,5.320780,0.300000,-0.054469,0,0
1789801828.374862,4,18.904067,26.401136,3.013932,19.128000,26.252000,13.628000,26.252000,-0.149136,0.223933,0.795365,-2.956238,0.313015,5.276067,0.300000,-0.099104,0,0
1789801828.474872,4,18.904067,26.401136,3.013932,19.128000,26.252000,13.628000,26.252000,-0.149136,0.223933,0.795365,-2.956238,0.313015,5.276067,0.300000,-0.117446,0,0
1789801828.574891,4,18.904067,26.401136,3.013932,19.128000,26.252000,13.628000,26.252000,-0.149136,0.223933,0.795365,-2.956238,0.313015,5.276067,0.300000,-0.118226,0,0
1789801828.674936,4,18.904067,26.401136,3.013932,19.128000,26.252000,13.628000,26.252000,-0.149136,0.223933,0.795365,-2.956238,0.313015,5.276067,0.300000,-0.107737,0,0
1789801828.774918,4,18.845257,26.406240,3.135439,19.128000,26.252000,13.628000,26.252000,-0.154240,0.282743,0.795045,-2.949971,0.197775,5.217257,0.331492,-0.134252,0,0
1789801828.874933,4,18.845257,26.406240,3.135439,19.128000,26.252000,13.628000,26.252000,-0.154240,0.282743,0.795045,-2.949971,0.197775,5.217257,0.331492,-0.141897,0,0
1789801828.974935,4,18.845257,26.406240,3.135439,19.128000,26.252000,13.628000,26.252000,-0.154240,0.282743,0.795045,-2.949971,0.197775,5.217257,0.331492,-0.137158,0,0
1789801829.074947,4,18.845257,26.406240,3.135439,19.128000,26.252000,13.628000,26.252000,-0.154240,0.282743,0.795045,-2.949971,0.197775,5.217257,0.331492,-0.124683,0,0
1789801829.174948,4,18.845257,26.406240,3.135439,19.128000,26.252000,13.628000,26.252000,-0.154240,0.282743,0.795045,-2.949971,0.197775,5.217257,0.331492,-0.107756,0,0
1789801829.274954,4,18.743967,26.404274,-3.055967,19.128000,26.252000,13.628000,26.252000,-0.152274,0.384033,0.795170,-2.952384,0.103583,5.115967,0.439739,-0.124448,0,0
1789801829.374988,4,18.743967,26.404274,-3.055967,19.128000,26.252000,13.628000,26.252000,-0.152274,0.384033,0.795170,-2.952384,0.103583,5.115967,0.439739,-0.128081,0,0
1789801829.474990,4,18.743967,26.404274,-3.055967,19.128000,26.252000,13.628000,26.252000,-0.152274,0.384033,0.795170,-2.952384,0.103583,5.115967,0.439739,-0.123212,0,0
1789801829.574994,4,18.743967,26.404274,-3.055967,19.128000,26.252000,13.628000,26.252000,-0.152274,0.384033,0.795170,-2.952384,0.103583,5.115967,0.439739,-0.113095,0,0
1789801829.675028,4,18.743967,26.404274,-3.055967,19.128000,26.252000,13.628000,26.252000,-0.152274,0.384033,0.795170,-2.952384,0.103583,5.115967,0.439739,-0.100025,0,0
1789801829.775078,4,18.625976,26.394283,-3.041818,19.128000,26.252000,13.628000,26.252000,-0.142283,0.502024,0.795779,-2.964665,0.077153,4.997976,0.545234,-0.095626,0,0
1789801829.875042,4,18.625976,26.394283,-3.041818,19.128000,26.252000,13.628000,26.252000,-0.142283,0.502024,0.795779,-2.964665,0.077153,4.997976,0.545234,-0.087442,0,0
1789801829.975108,4,18.625976,26.394283,-3.041818,19.128000,26.252000,13.628000,26.252000,-0.142283,0.502024,0.795779,-2.964665,0.077153,4.997976,0.545234,-0.077164,0,0
1789801830.075798,4,18.625976,26.394283,-3.041818,19.128000,26.252000,13.628000,26.252000,-0.142283,0.502024,0.795779,-2.964665,0.077153,4.997976,0.545234,-0.065957,0,0
1789801830.175084,4,18.505059,26.388573,-3.055613,19.128000,26.252000,13.628000,26.252000,-0.136573,0.622941,0.796108,-2.971696,0.083917,4.877059,0.532043,-0.052019,0,0
1789801830.275288,4,18.505059,26.388573,-3.055613,19.128000,26.252000,13.628000,26.252000,-0.136573,0.622941,0.796108,-2.971696,0.083917,4.877059,0.532043,-0.039339,0,0
1789801830.375106,4,18.505059,26.388573,-3.055613,19.128000,26.252000,13.628000,26.252000,-0.136573,0.622941,0.796108,-2.971696,0.083917,4.877059,0.532043,-0.027973,0,0
1789801830.476366,4,18.395320,26.389240,-3.080351,19.128000,26.252000,13.628000,26.252000,-0.137240,0.732680,0.796071,-2.970873,0.109478,4.767320,0.432031,-0.008276,0,0
1789801830.575172,4,18.395320,26.389240,-3.080351,19.128000,26.252000,13.628000,26.252000,-0.137240,0.732680,0.796071,-2.970873,0.109478,4.767320,0.432031,0.006850,0,0
1789801830.675187,4,18.395320,26.389240,-3.080351,19.128000,26.252000,13.628000,26.252000,-0.137240,0.732680,0.796071,-2.970873,0.109478,4.767320,0.432031,0.018446,0,0
1789801830.775166,4,18.271437,26.388150,-3.102029,19.128000,26.252000,13.628000,26.252000,-0.136150,0.856563,0.796132,-2.972217,0.129813,4.643437,0.406462,0.035048,0,0
1789801830.875222,4,18.271437,26.388150,-3.102029,19.128000,26.252000,13.628000,26.252000,-0.136150,0.856563,0.796132,-2.972217,0.129813,4.643437,0.406462,0.046868,0,0
1789801830.975387,4,18.271437,26.388150,-3.102029,19.128000,26.252000,13.628000,26.252000,-0.136150,0.856563,0.796132,-2.972217,0.129813,4.643437,0.406462,0.055154,0,0
1789801831.075247,4,18.143424,26.390878,-3.122778,19.128000,26.252000,13.628000,26.252000,-0.138878,0.984576,0.795977,-2.968857,0.153921,4.515424,0.378103,0.070007,0,0
1789801831.175244,4,18.143424,26.390878,-3.122778,19.128000,26.252000,13.628000,26.252000,-0.138878,0.984576,0.795977,-2.968857,0.153921,4.515424,0.378103,0.079791,0,0
1789801831.275262,4,18.143424,26.390878,-3.122778,19.128000,26.252000,13.628000,26.252000,-0.138878,0.984576,0.795977,-2.968857,0.153921,4.515424,0.378103,0.085940,0,0
1789801831.375281,4,18.007011,26.391127,-3.132072,19.128000,26.252000,13.628000,26.252000,-0.139127,1.120989,0.795963,-2.968550,0.163522,4.379011,0.367368,0.093164,0,0
1789801831.475285,4,18.007011,26.391127,-3.132072,19.128000,26.252000,13.628000,26.252000,-0.139127,1.120989,0.795963,-2.968550,0.163522,4.379011,0.367368,0.097331,0,0
1789801831.575284,4,18.007011,26.391127,-3.132072,19.128000,26.252000,13.628000,26.252000,-0.139127,1.120989,0.795963,-2.968550,0.163522,4.379011,0.367368,0.099375,0,0
1789801831.675317,4,17.871856,26.392197,-3.138091,19.128000,26.252000,13.628000,26.252000,-0.140197,1.256144,0.795901,-2.967232,0.170859,4.243856,0.359370,0.102766,0,0
1789801831.775296,4,17.871856,26.392197,-3.138091,19.128000,26.252000,13.628000,26.252000,-0.140197,1.256144,0.795901,-2.967232,0.170859,4.243856,0.359370,0.104243,0,0
1789801831.875354,4,17.871856,26.392197,-3.138091,19.128000,26.252000,13.628000,26.252000,-0.140197,1.256144,0.795901,-2.967232,0.170859,4.243856,0.359370,0.104435,0,0
1789801831.975313,4,17.748871,26.388220,-3.118274,19.128000,26.252000,13.628000,26.252000,-0.136220,1.379129,0.796128,-2.972131,0.146142,4.120871,0.387030,0.094405,0,0
1789801832.075364,4,17.748871,26.388220,-3.118274,19.128000,26.252000,13.628000,26.252000,-0.136220,1.379129,0.796128,-2.972131,0.146142,4.120871,0.387030,0.087132,0,0
1789801832.175347,4,17.748871,26.388220,-3.118274,19.128000,26.252000,13.628000,26.252000,-0.136220,1.379129,0.796128,-2.972131,0.146142,4.120871,0.387030,0.081915,0,0
1789801832.275379,4,17.636168,26.379475,-3.087131,19.128000,26.252000,13.628000,26.252000,-0.127475,1.491832,0.796607,-2.982915,0.104216,4.008168,0.438904,0.062295,0,0
1789801832.375349,4,17.636168,26.379475,-3.087131,19.128000,26.252000,13.628000,26.252000,-0.127475,1.491832,0.796607,-2.982915,0.104216,4.008168,0.438904,0.049331,0,0
1789801832.475575,4,17.636168,26.379475,-3.087131,19.128000,26.252000,13.628000,26.252000,-0.127475,1.491832,0.796607,-2.982915,0.104216,4.008168,0.438904,0.041144,0,0
1789801832.575467,4,17.525040,26.369105,-3.052345,19.128000,26.252000,13.628000,26.252000,-0.117105,1.602960,0.797134,-2.995728,0.056617,3.897040,0.425132,0.018240,0,0
1789801832.675383,4,17.525040,26.369105,-3.052345,19.128000,26.252000,13.628000,26.252000,-0.117105,1.602960,0.797134,-2.995728,0.056617,3.897040,0.425132,0.003983,0,0
1789801832.775405,4,17.525040,26.369105,-3.052345,19.128000,26.252000,13.628000,26.252000,-0.117105,1.602960,0.797134,-2.995728,0.056617,3.897040,0.425132,-0.004168,0,0
1789801832.875451,4,17.410364,26.354652,-3.016126,19.128000,26.252000,13.628000,26.252000,-0.102652,1.717636,0.797795,-3.013627,0.002500,3.782364,0.412622,-0.028644,0,0
1789801832.975484,4,17.410364,26.354652,-3.016126,19.128000,26.252000,13.628000,26.252000,-0.102652,1.717636,0.797795,-3.013627,0.002500,3.782364,0.412622,-0.043113,0,0
1789801833.075479,4,17.410364,26.354652,-3.016126,19.128000,26.252000,13.628000,26.252000,-0.102652,1.717636,0.797795,-3.013627,0.002500,3.782364,0.412622,-0.050598,0,0
1789801833.175479,4,17.296107,26.338641,-2.990198,19.128000,26.252000,13.628000,26.252000,-0.086641,1.831893,0.798428,-3.033502,-0.043303,3.668107,0.400157,-0.070720,0,0
1789801833.275482,4,17.296107,26.338641,-2.990198,19.128000,26.252000,13.628000,26.252000,-0.086641,1.831893,0.798428,-3.033502,-0.043303,3.668107,0.400157,-0.081635,0,0
1789801833.375502,4,17.296107,26.338641,-2.990198,19.128000,26.252000,13.628000,26.252000,-0.086641,1.831893,0.798428,-3.033502,-0.043303,3.668107,0.400157,-0.086221,0,0
1789801833.475504,4,17.177402,26.316857,-2.974914,19.128000,26.252000,13.628000,26.252000,-0.064857,1.950598,0.799118,-3.060610,-0.085696,3.549402,0.387207,-0.102682,0,0
1789801833.575530,4,17.177402,26.316857,-2.974914,19.128000,26.252000,13.628000,26.252000,-0.064857,1.950598,0.799118,-3.060610,-0.085696,3.549402,0.387207,-0.110824,0,0
1789801833.675577,4,17.177402,26.316857,-2.974914,19.128000,26.252000,13.628000,26.252000,-0.064857,1.950598,0.799118,-3.060610,-0.085696,3.549402,0.387207,-0.113316,0,0
1789801833.775574,4,17.052869,26.296383,-2.994162,19.128000,26.252000,13.628000,26.252000,-0.044383,2.075131,0.799587,-3.086143,-0.091981,3.424869,0.373622,-0.114480,0,0
1789801833.875562,4,17.052869,26.296383,-2.994162,19.128000,26.252000,13.628000,26.252000,-0.044383,2.075131,0.799587,-3.086143,-0.091981,3.424869,0.373622,-0.112486,0,0
1789801833.975576,4,17.052869,26.296383,-2.994162,19.128000,26.252000,13.628000,26.252000,-0.044383,2.075131,0.799587,-3.086143,-0.091981,3.424869,0.373622,-0.108550,0,0
1789801834.075557,4,16.937330,26.277732,-3.021595,19.128000,26.252000,13.628000,26.252000,-0.025732,2.190670,0.799861,-3.109433,-0.087838,3.309330,0.361018,-0.101954,0,0
1789801834.175583,4,16.937330,26.277732,-3.021595,19.128000,26.252000,13.628000,26.252000,-0.025732,2.190670,0.799861,-3.109433,-0.087838,3.309330,0.361018,-0.095411,0,0
1789801834.275577,4,16.937330,26.277732,-3.021595,19.128000,26.252000,13.628000,26.252000,-0.025732,2.190670,0.799861,-3.109433,-0.087838,3.309330,0.361018,-0.089164,0,0
1789801834.375706,4,16.812475,26.262261,-3.061248,19.128000,26.252000,13.628000,26.252000,-0.010261,2.315525,0.799978,-3.128767,-0.067519,3.184475,0.347397,-0.075642,0,0
1789801834.475607,4,16.812475,26.262261,-3.061248,19.128000,26.252000,13.628000,26.252000,-0.010261,2.315525,0.799978,-3.128767,-0.067519,3.184475,0.347397,-0.065312,0,0
1789801834.575635,4,16.812475,26.262261,-3.061248,19.128000,26.252000,13.628000,26.252000,-0.010261,2.315525,0.799978,-3.128767,-0.067519,3.184475,0.347397,-0.057439,0,0
1789801834.675683,4,16.689873,26.257428,-3.111524,19.128000,26.252000,13.628000,26.252000,-0.005428,2.438127,0.799994,-3.134807,-0.023284,3.061873,0.334023,-0.034650,0,0
1789801834.775713,4,16.689873,26.257428,-3.111524,19.128000,26.252000,13.628000,26.252000,-0.005428,2.438127,0.799994,-3.134807,-0.023284,3.061873,0.334023,-0.019145,0,0
1789801834.875633,4,16.689873,26.257428,-3.111524,19.128000,26.252000,13.628000,26.252000,-0.005428,2.438127,0.799994,-3.134807,-0.023284,3.061873,0.334023,-0.008922,0,0
1789801834.975657,4,16.572570,26.252648,3.136303,19.128000,26.252000,13.628000,26.252000,-0.000648,2.555430,0.800000,-3.140783,0.006100,2.944570,0.321226,0.008675,0,0
1789801835.075741,4,16.572570,26.252648,3.136303,19.128000,26.252000,13.628000,26.252000,-0.000648,2.555430,0.800000,-3.140783,0.006100,2.944570,0.321226,0.019711,0,0
1789801835.175726,4,16.572570,26.252648,3.136303,19.128000,26.252000,13.628000,26.252000,-0.000648,2.555430,0.800000,-3.140783,0.006100,2.944570,0.321226,0.026108,0,0
1789801835.275694,4,16.460473,26.250349,3.114083,19.128000,26.252000,13.628000,26.252000,0.001651,2.667527,0.799999,3.139528,0.025445,2.832473,0.308997,0.036633,0,0
1789801835.375715,4,16.460473,26.250349,3.114083,19.128000,26.252000,13.628000,26.252000,0.001651,2.667527,0.799999,3.139528,0.025445,2.832473,0.308997,0.042412,0,0
1789801835.475720,4,16.460473,26.250349,3.114083,19.128000,26.252000,13.628000,26.252000,0.001651,2.667527,0.799999,3.139528,0.025445,2.832473,0.308997,0.044924,0,0
1789801835.575757,4,16.354525,26.247960,3.103954,19.128000,26.252000,13.628000,26.252000,0.004040,2.773475,0.799997,3.136542,0.032588,2.726525,0.300000,0.047956,0,0
1789801835.675749,4,16.354525,26.247960,3.103954,19.128000,26.252000,13.628000,26.252000,0.004040,2.773475,0.799997,3.136542,0.032588,2.726525,0.300000,0.048631,0,0
1789801835.775767,4,16.354525,26.247960,3.103954,19.128000,26.252000,13.628000,26.252000,0.004040,2.773475,0.799997,3.136542,0.032588,2.726525,0.300000,0.047769,0,0
1789801835.875770,4,16.250245,26.247881,3.098555,19.128000,26.252000,13.628000,26.252000,0.004119,2.877755,0.799996,3.136443,0.037888,2.622245,0.300000,0.047972,0,0
1789801835.975826,4,16.250245,26.247881,3.098555,19.128000,26.252000,13.628000,26.252000,0.004119,2.877755,0.799996,3.136443,0.037888,2.622245,0.300000,0.046941,0,0
1789801836.076210,4,16.250245,26.247881,3.098555,19.128000,26.252000,13.628000,26.252000,0.004119,2.877755,0.799996,3.136443,0.037888,2.622245,0.300000,0.045162,0,0
1789801836.175837,4,16.145794,26.245956,3.087726,19.128000,26.252000,13.628000,26.252000,0.006044,2.982206,0.799992,3.134037,0.046312,2.517794,0.300000,0.046183,0,0
1789801836.275837,4,16.145794,26.245956,3.087726,19.128000,26.252000,13.628000,26.252000,0.006044,2.982206,0.799992,3.134037,0.046312,2.517794,0.300000,0.045916,0,0
1789801836.375912,4,16.145794,26.245956,3.087726,19.128000,26.252000,13.628000,26.252000,0.006044,2.982206,0.799992,3.134037,0.046312,2.517794,0.300000,0.044835,0,0
1789801836.475894,4,16.040025,26.244197,3.081631,19.128000,26.252000,13.628000,26.252000,0.007803,3.087975,0.799987,3.131839,0.050208,2.412025,0.300000,0.044757,0,0
1789801836.575880,4,16.040025,26.244197,3.081631,19.128000,26.252000,13.628000,26.252000,0.007803,3.087975,0.799987,3.131839,0.050208,2.412025,0.300000,0.043920,0,0
1789801836.675866,4,16.040025,26.244197,3.081631,19.128000,26.252000,13.628000,26.252000,0.007803,3.087975,0.799987,3.131839,0.050208,2.412025,0.300000,0.042632,0,0
1789801836.775884,4,16.040025,26.244197,3.081631,19.128000,26.252000,13.628000,26.252000,0.007803,3.087975,0.799987,3.131839,0.050208,2.412025,0.300000,0.041107,0,0
1789801836.875946,4,15.909932,26.243778,3.116386,19.128000,26.252000,13.628000,26.252000,0.008222,3.218068,0.799986,3.131315,0.014929,2.281932,0.300000,0.026090,0,0
1789801836.975958,4,15.909932,26.243778,3.116386,19.128000,26.252000,13.628000,26.252000,0.008222,3.218068,0.799986,3.131315,0.014929,2.281932,0.300000,0.015734,0,0
1789801837.075950,4,15.909932,26.243778,3.116386,19.128000,26.252000,13.628000,26.252000,0.008222,3.218068,0.799986,3.131315,0.014929,2.281932,0.300000,0.008775,0,0
1789801837.175950,4,15.909932,26.243778,3.116386,19.128000,26.252000,13.628000,26.252000,0.008222,3.218068,0.799986,3.131315,0.014929,2.281932,0.300000,0.004269,0,0
1789801837.275951,4,15.784682,26.235549,-3.128258,19.128000,26.252000,13.628000,26.252000,0.016451,3.343318,0.799943,3.121030,-0.033897,2.156682,0.300000,-0.017040,0,0
1789801837.375955,4,15.784682,26.235549,-3.128258,19.128000,26.252000,13.628000,26.252000,0.016451,3.343318,0.799943,3.121030,-0.033897,2.156682,0.300000,-0.030674,0,0
1789801837.475975,4,15.784682,26.235549,-3.128258,19.128000,26.252000,13.628000,26.252000,0.016451,3.343318,0.799943,3.121030,-0.033897,2.156682,0.300000,-0.038851,0,0
1789801837.575993,4,15.784682,26.235549,-3.128258,19.128000,26.252000,13.628000,26.252000,0.016451,3.343318,0.799943,3.121030,-0.033897,2.156682,0.300000,-0.043208,0,0
1789801837.675995,4,15.658428,26.226350,-3.108406,19.128000,26.252000,13.628000,26.252000,0.025650,3.469572,0.799862,3.109536,-0.065243,2.030428,0.300000,-0.056859,0,0
1789801837.776017,4,15.658428,26.226350,-3.108406,19.128000,26.252000,13.628000,26.252000,0.025650,3.469572,0.799862,3.109536,-0.065243,2.030428,0.300000,-0.064625,0,0
1789801837.876040,4,15.658428,26.226350,-3.108406,19.128000,26.252000,13.628000,26.252000,0.025650,3.469572,0.799862,3.109536,-0.065243,2.030428,0.300000,-0.068316,0,0
1789801837.976052,4,15.658428,26.226350,-3.108406,19.128000,26.252000,13.628000,26.252000,0.025650,3.469572,0.799862,3.109536,-0.065243,2.030428,0.300000,-0.069250,0,0
1789801838.076069,4,15.537480,26.217833,-3.109740,19.128000,26.252000,13.628000,26.252000,0.034167,3.590520,0.799755,3.098896,-0.074549,1.909480,0.300000,-0.071918,0,0
1789801838.176061,4,15.537480,26.217833,-3.109740,19.128000,26.252000,13.628000,26.252000,0.034167,3.590520,0.799755,3.098896,-0.074549,1.909480,0.300000,-0.072240,0,0
1789801838.276084,4,15.537480,26.217833,-3.109740,19.128000,26.252000,13.628000,26.252000,0.034167,3.590520,0.799755,3.098896,-0.074549,1.909480,0.300000,-0.071047,0,0
1789801838.376110,4,15.537480,26.217833,-3.109740,19.128000,26.252000,13.628000,26.252000,0.034167,3.590520,0.799755,3.098896,-0.074549,1.909480,0.300000,-0.068933,0,0
1789801838.476147,4,15.415052,26.214265,-3.135358,19.128000,26.252000,13.628000,26.252000,0.037735,3.712948,0.799701,3.094441,-0.053386,1.787052,0.300000,-0.058273,0,0
1789801838.576130,4,15.415052,26.214265,-3.135358,19.128000,26.252000,13.628000,26.252000,0.037735,3.712948,0.799701,3.094441,-0.053386,1.787052,0.300000,-0.050187,0,0
1789801838.676131,4,15.415052,26.214265,-3.135358,19.128000,26.252000,13.628000,26.252000,0.037735,3.712948,0.799701,3.094441,-0.053386,1.787052,0.300000,-0.044072,0,0
1789801838.776145,4,15.415052,26.214265,-3.135358,19.128000,26.252000,13.628000,26.252000,0.037735,3.712948,0.799701,3.094441,-0.053386,1.787052,0.300000,-0.039464,0,0
1789801838.876160,4,15.299779,26.211105,3.117566,19.128000,26.252000,13.628000,26.252000,0.040895,3.828221,0.799649,3.090496,-0.027070,1.671779,0.300000,-0.026004,0,0
1789801838.976164,4,15.299779,26.211105,3.117566,19.128000,26.252000,13.628000,26.252000,0.040895,3.828221,0.799649,3.090496,-0.027070,1.671779,0.300000,-0.016892,0,0
1789801839.076138,4,15.299779,26.211105,3.117566,19.128000,26.252000,13.628000,26.252000,0.040895,3.828221,0.799649,3.090496,-0.027070,1.671779,0.300000,-0.010925,0,0
1789801839.176167,4,15.299779,26.211105,3.117566,19.128000,26.252000,13.628000,26.252000,0.040895,3.828221,0.799649,3.090496,-0.027070,1.671779,0.300000,-0.007211,0,0
1789801839.276202,4,15.174945,26.207754,3.092085,19.128000,26.252000,13.628000,26.252000,0.044246,3.953055,0.799589,3.086313,-0.005771,1.546945,0.300000,0.003005,0,0
1789801839.376259,4,15.174945,26.207754,3.092085,19.128000,26.252000,13.628000,26.252000,0.044246,3.953055,0.799589,3.086313,-0.005771,1.546945,0.300000,0.009308,0,0
1789801839.476230,4,15.174945,26.207754,3.092085,19.128000,26.252000,13.628000,26.252000,0.044246,3.953055,0.799589,3.086313,-0.005771,1.546945,0.300000,0.012853,0,0
1789801839.576237,4,15.174945,26.207754,3.092085,19.128000,26.252000,13.628000,26.252000,0.044246,3.953055,0.799589,3.086313,-0.005771,1.546945,0.300000,0.014493,0,0
1789801839.676238,4,15.055292,26.209669,3.084440,19.128000,26.252000,13.628000,26.252000,0.042331,4.072708,0.799624,3.088704,0.004264,1.427292,0.300000,0.018661,0,0
1789801839.776241,4,15.055292,26.209669,3.084440,19.128000,26.252000,13.628000,26.252000,0.042331,4.072708,0.799624,3.088704,0.004264,1.427292,0.300000,0.020667,0,0
1789801839.876231,4,15.055292,26.209669,3.084440,19.128000,26.252000,13.628000,26.252000,0.042331,4.072708,0.799624,3.088704,0.004264,1.427292,0.300000,0.021210,0,0
1789801839.976277,4,15.055292,26.209669,3.084440,19.128000,26.252000,13.628000,26.252000,0.042331,4.072708,0.799624,3.088704,0.004264,1.427292,0.300000,0.020794,0,0
1789801840.076293,4,14.929170,26.211315,3.083150,19.128000,26.252000,13.628000,26.252000,0.040685,4.198830,0.799653,3.090759,0.007608,1.301170,0.300000,0.021052,0,0
1789801840.176331,4,14.929170,26.211315,3.083150,19.128000,26.252000,13.628000,26.252000,0.040685,4.198830,0.799653,3.090759,0.007608,1.301170,0.300000,0.020527,0,0
1789801840.276320,4,14.929170,26.211315,3.083150,19.128000,26.252000,13.628000,26.252000,0.040685,4.198830,0.799653,3.090759,0.007608,1.301170,0.300000,0.019522,0,0
1789801840.376342,4,14.929170,26.211315,3.083150,19.128000,26.252000,13.628000,26.252000,0.040685,4.198830,0.799653,3.090759,0.007608,1.301170,0.300000,0.018250,0,0
1789801840.476341,4,14.803656,26.211473,3.088834,19.128000,26.252000,13.628000,26.252000,0.040527,4.324344,0.799655,3.090956,0.002121,1.175656,0.300000,0.014774,0,0
1789801840.576339,4,14.803656,26.211473,3.088834,19.128000,26.252000,13.628000,26.252000,0.040527,4.324344,0.799655,3.090956,0.002121,1.175656,0.300000,0.012000,0,0
1789801840.676378,4,14.803656,26.211473,3.088834,19.128000,26.252000,13.628000,26.252000,0.040527,4.324344,0.799655,3.090956,0.002121,1.175656,0.300000,0.009787,0,0
1789801840.776363,4,14.803656,26.211473,3.088834,19.128000,26.252000,13.628000,26.252000,0.040527,4.324344,0.799655,3.090956,0.002121,1.175656,0.300000,0.008022,0,0
1789801840.876425,4,14.678606,26.212798,3.096721,19.128000,26.252000,13.628000,26.252000,0.039202,4.449394,0.799677,3.092609,-0.004112,1.050606,0.300000,0.004246,0,0
1789801840.976399,4,14.678606,26.212798,3.096721,19.128000,26.252000,13.628000,26.252000,0.039202,4.449394,0.799677,3.092609,-0.004112,1.050606,0.300000,0.001577,0,0
1789801841.076481,4,14.678606,26.212798,3.096721,19.128000,26.252000,13.628000,26.252000,0.039202,4.449394,0.799677,3.092609,-0.004112,1.050606,0.300000,-0.000276,0,0
1789801841.176520,4,14.678606,26.212798,3.096721,19.128000,26.252000,13.628000,26.252000,0.039202,4.449394,0.799677,3.092609,-0.004112,1.050606,0.300000,-0.001534,0,0
1789801841.276431,4,14.555387,26.213521,3.109553,19.128000,26.252000,13.628000,26.252000,0.038479,4.572613,0.799689,3.093513,-0.016040,0.927387,0.300000,-0.006895,0,0
1789801841.376435,4,14.555387,26.213521,3.109553,19.128000,26.252000,13.628000,26.252000,0.038479,4.572613,0.799689,3.093513,-0.016040,0.927387,0.300000,-0.010371,0,0
1789801841.476443,4,14.555387,26.213521,3.109553,19.128000,26.252000,13.628000,26.252000,0.038479,4.572613,0.799689,3.093513,-0.016040,0.927387,0.300000,-0.012501,0,0
1789801841.576464,4,14.555387,26.213521,3.109553,19.128000,26.252000,13.628000,26.252000,0.038479,4.572613,0.799689,3.093513,-0.016040,0.927387,0.300000,-0.013686,0,0
1789801841.676484,4,14.438600,26.215147,3.113746,19.128000,26.252000,13.628000,26.252000,0.036853,4.689400,0.799715,3.095542,-0.018203,0.810600,0.300000,-0.015039,0,0
1789801841.776505,4,14.438600,26.215147,3.113746,19.128000,26.252000,13.628000,26.252000,0.036853,4.689400,0.799715,3.095542,-0.018203,0.810600,0.300000,-0.015668,0,0
1789801841.876554,4,14.438600,26.215147,3.113746,19.128000,26.252000,13.628000,26.252000,0.036853,4.689400,0.799715,3.095542,-0.018203,0.810600,0.300000,-0.015807,0,0
1789801841.976534,4,14.438600,26.215147,3.113746,19.128000,26.252000,13.628000,26.252000,0.036853,4.689400,0.799715,3.095542,-0.018203,0.810600,0.300000,-0.015629,0,0
1789801842.076614,4,14.313513,26.216175,3.105618,19.128000,26.252000,13.628000,26.252000,0.035825,4.814487,0.799731,3.096827,-0.008792,0.685513,0.300000,-0.011679,0,0
1789801842.176584,4,14.313513,26.216175,3.105618,19.128000,26.252000,13.628000,26.252000,0.035825,4.814487,0.799731,3.096827,-0.008792,0.685513,0.300000,-0.008859,0,0
1789801842.276496,4,14.313513,26.216175,3.105618,19.128000,26.252000,13.628000,26.252000,0.035825,4.814487,0.799731,3.096827,-0.008792,0.685513,0.300000,-0.006876,0,0
1789801842.376583,4,14.313513,26.216175,3.105618,19.128000,26.252000,13.628000,26.252000,0.035825,4.814487,0.799731,3.096827,-0.008792,0.685513,0.300000,-0.005508,0,0
1789801842.476591,4,14.186631,26.218499,3.095415,19.128000,26.252000,13.628000,26.252000,0.033501,4.941369,0.799764,3.099728,0.004314,0.558631,0.300000,0.000392,0,0
1789801842.576613,4,14.186631,26.218499,3.095415,19.128000,26.252000,13.628000,26.252000,0.033501,4.941369,0.799764,3.099728,0.004314,0.558631,0.300000,0.004239,0,0
1789801842.676608,4,14.186631,26.218499,3.095415,19.128000,26.252000,13.628000,26.252000,0.033501,4.941369,0.799764,3.099728,0.004314,0.558631,0.300000,0.006617,0,0
1789801842.776600,4,14.186631,26.218499,3.095415,19.128000,26.252000,13.628000,26.252000,0.033501,4.941369,0.799764,3.099728,0.004314,0.558631,0.300000,0.007961,0,0
1789801842.876865,5,14.061015,26.217172,3.099836,19.128000,26.252000,13.628000,26.252000,0.034828,5.066985,0.799745,3.098071,-0.001765,0.433015,0.000000,0.000000,0,1
1789801842.976951,5,14.061015,26.217172,3.099836,19.128000,26.252000,13.628000,26.252000,0.034828,5.066985,0.799745,3.098071,-0.001765,0.433015,0.000000,0.000000,0,1
1789801843.076631,5,14.061015,26.217172,3.099836,19.128000,26.252000,13.628000,26.252000,0.034828,5.066985,0.799745,3.098071,-0.001765,0.433015,0.000000,0.000000,0,1
1789801843.176655,5,14.061015,26.217172,3.099836,19.128000,26.252000,13.628000,26.252000,0.034828,5.066985,0.799745,3.098071,-0.001765,0.433015,0.000000,0.000000,0,1
1789801843.276713,5,13.939854,26.219200,3.102117,19.128000,26.252000,13.628000,26.252000,0.034828,5.066985,0.799745,3.098071,-0.001765,0.433015,0.000000,0.000000,0,1
1789801843.376687,5,13.939854,26.219200,3.102117,19.128000,26.252000,13.628000,26.252000,0.034828,5.066985,0.799745,3.098071,-0.001765,0.433015,0.000000,0.000000,0,1
1789801843.476728,5,13.939854,26.219200,3.102117,19.128000,26.252000,13.628000,26.252000,0.034828,5.066985,0.799745,3.098071,-0.001765,0.433015,0.000000,0.000000,0,1
1789801843.576696,5,13.939854,26.219200,3.102117,19.128000,26.252000,13.628000,26.252000,0.034828,5.066985,0.799745,3.098071,-0.001765,0.433015,0.000000,0.000000,0,1
1789801843.676714,5,13.827499,26.214871,3.103749,19.128000,26.252000,13.628000,26.252000,0.034828,5.066985,0.799745,3.098071,-0.001765,0.433015,0.000000,0.000000,0,1
1789801843.776711,5,13.827499,26.214871,3.103749,19.128000,26.252000,13.628000,26.252000,0.034828,5.066985,0.799745,3.098071,-0.001765,0.433015,0.000000,0.000000,0,1
1789801843.876711,5,13.827499,26.214871,3.103749,19.128000,26.252000,13.628000,26.252000,0.034828,5.066985,0.799745,3.098071,-0.001765,0.433015,0.000000,0.000000,0,1
1789801843.976761,5,13.827499,26.214871,3.103749,19.128000,26.252000,13.628000,26.252000,0.034828,5.066985,0.799745,3.098071,-0.001765,0.433015,0.000000,0.000000,0,1
1789801844.076770,5,13.827499,26.214871,3.103749,19.128000,26.252000,13.628000,26.252000,0.034828,5.066985,0.799745,3.098071,-0.001765,0.433015,0.000000,0.000000,0,1
1789801844.176808,5,13.827499,26.214871,3.103749,19.128000,26.252000,13.628000,26.252000,0.034828,5.066985,0.799745,3.098071,-0.001765,0.433015,0.000000,0.000000,0,1
1789801844.276821,5,13.827499,26.214871,3.103749,19.128000,26.252000,13.628000,26.252000,0.034828,5.066985,0.799745,3.098071,-0.001765,0.433015,0.000000,0.000000,0,1
1789801844.376842,5,13.827499,26.214871,3.103749,19.128000,26.252000,13.628000,26.252000,0.034828,5.066985,0.799745,3.098071,-0.001765,0.433015,0.000000,0.000000,0,1
1789801844.476804,5,13.827499,26.214871,3.103749,19.128000,26.252000,13.628000,26.252000,0.034828,5.066985,0.799745,3.098071,-0.001765,0.433015,0.000000,0.000000,0,1
1789801844.576761,5,13.827499,26.214871,3.103749,19.128000,26.252000,13.628000,26.252000,0.034828,5.066985,0.799745,3.098071,-0.001765,0.433015,0.000000,0.000000,0,1
1789801844.676842,5,13.827499,26.214871,3.103749,19.128000,26.252000,13.628000,26.252000,0.034828,5.066985,0.799745,3.098071,-0.001765,0.433015,0.000000,0.000000,0,1
1789801844.776899,5,13.827499,26.214871,3.103749,19.128000,26.252000,13.628000,26.252000,0.034828,5.066985,0.799745,3.098071,-0.001765,0.433015,0.000000,0.000000,0,1
1789801844.876890,5,13.827499,26.214871,3.103749,19.128000,26.252000,13.628000,26.252000,0.034828,5.066985,0.799745,3.098071,-0.001765,0.433015,0.000000,0.000000,0,1
1789801844.977136,5,13.827499,26.214871,3.103749,19.128000,26.252000,13.628000,26.252000,0.034828,5.066985,0.799745,3.098071,-0.001765,0.433015,0.000000,0.000000,0,1
1789801845.077130,5,13.827499,26.214871,3.103749,19.128000,26.252000,13.628000,26.252000,0.034828,5.066985,0.799745,3.098071,-0.001765,0.433015,0.000000,0.000000,0,1
1789801845.176886,5,13.827499,26.214871,3.103749,19.128000,26.252000,13.628000,26.252000,0.034828,5.066985,0.799745,3.098071,-0.001765,0.433015,0.000000,0.000000,0,1
1789801845.276977,5,13.827499,26.214871,3.103749,19.128000,26.252000,13.628000,26.252000,0.034828,5.066985,0.799745,3.098071,-0.001765,0.433015,0.000000,0.000000,0,1
1789801845.376885,5,13.827499,26.214871,3.103749,19.128000,26.252000,13.628000,26.252000,0.034828,5.066985,0.799745,3.098071,-0.001765,0.433015,0.000000,0.000000,0,1
1789801845.476913,5,13.827499,26.214871,3.103749,19.128000,26.252000,13.628000,26.252000,0.034828,5.066985,0.799745,3.098071,-0.001765,0.433015,0.000000,0.000000,0,1
1789801845.576951,5,13.827499,26.214871,3.103749,19.128000,26.252000,13.628000,26.252000,0.034828,5.066985,0.799745,3.098071,-0.001765,0.433015,0.000000,0.000000,0,1
1789801845.676949,5,13.827499,26.214871,3.103749,19.128000,26.252000,13.628000,26.252000,0.034828,5.066985,0.799745,3.098071,-0.001765,0.433015,0.000000,0.000000,0,1
1789801845.776992,5,13.827499,26.214871,3.103749,19.128000,26.252000,13.628000,26.252000,0.034828,5.066985,0.799745,3.098071,-0.001765,0.433015,0.000000,0.000000,0,1
1789801845.876976,5,13.827499,26.214871,3.103749,19.128000,26.252000,13.628000,26.252000,0.034828,5.066985,0.799745,3.098071,-0.001765,0.433015,0.000000,0.000000,0,1
1789801845.976971,5,13.827499,26.214871,3.103749,19.128000,26.252000,13.628000,26.252000,0.034828,5.066985,0.799745,3.098071,-0.001765,0.433015,0.000000,0.000000,0,1
1789801846.076995,5,13.827499,26.214871,3.103749,19.128000,26.252000,13.628000,26.252000,0.034828,5.066985,0.799745,3.098071,-0.001765,0.433015,0.000000,0.000000,0,1
1789801846.176988,5,13.827499,26.214871,3.103749,19.128000,26.252000,13.628000,26.252000,0.034828,5.066985,0.799745,3.098071,-0.001765,0.433015,0.000000,0.000000,0,1
1789801846.277004,5,13.827499,26.214871,3.103749,19.128000,26.252000,13.628000,26.252000,0.034828,5.066985,0.799745,3.098071,-0.001765,0.433015,0.000000,0.000000,0,1
1789801846.377193,5,13.827499,26.214871,3.103749,19.128000,26.252000,13.628000,26.252000,0.034828,5.066985,0.799745,3.098071,-0.001765,0.433015,0.000000,0.000000,0,1
1789801846.477080,5,13.827499,26.214871,3.103749,19.128000,26.252000,13.628000,26.252000,0.034828,5.066985,0.799745,3.098071,-0.001765,0.433015,0.000000,0.000000,0,1
1789801846.577084,5,13.827499,26.214871,3.103749,19.128000,26.252000,13.628000,26.252000,0.034828,5.066985,0.799745,3.098071,-0.001765,0.433015,0.000000,0.000000,0,1
1789801846.677068,5,13.827499,26.214871,3.103749,19.128000,26.252000,13.628000,26.252000,0.034828,5.066985,0.799745,3.098071,-0.001765,0.433015,0.000000,0.000000,0,1
1789801846.777079,5,13.827499,26.214871,3.103749,19.128000,26.252000,13.628000,26.252000,0.034828,5.066985,0.799745,3.098071,-0.001765,0.433015,0.000000,0.000000,0,1
1789801846.877097,5,13.827499,26.214871,3.103749,19.128000,26.252000,13.628000,26.252000,0.034828,5.066985,0.799745,3.098071,-0.001765,0.433015,0.000000,0.000000,0,1
1789801846.977093,5,13.827499,26.214871,3.103749,19.128000,26.252000,13.628000,26.252000,0.034828,5.066985,0.799745,3.098071,-0.001765,0.433015,0.000000,0.000000,0,1
1789801847.077173,5,13.827499,26.214871,3.103749,19.128000,26.252000,13.628000,26.252000,0.034828,5.066985,0.799745,3.098071,-0.001765,0.433015,0.000000,0.000000,0,1
1789801847.177167,5,13.827499,26.214871,3.103749,19.128000,26.252000,13.628000,26.252000,0.034828,5.066985,0.799745,3.098071,-0.001765,0.433015,0.000000,0.000000,0,1
1789801847.277131,5,13.827499,26.214871,3.103749,19.128000,26.252000,13.628000,26.252000,0.034828,5.066985,0.799745,3.098071,-0.001765,0.433015,0.000000,0.000000,0,1
1789801847.377180,5,13.827499,26.214871,3.103749,19.128000,26.252000,13.628000,26.252000,0.034828,5.066985,0.799745,3.098071,-0.001765,0.433015,0.000000,0.000000,0,1
1789801847.477196,5,13.827499,26.214871,3.103749,19.128000,26.252000,13.628000,26.252000,0.034828,5.066985,0.799745,3.098071,-0.001765,0.433015,0.000000,0.000000,0,1
1789801847.577193,5,13.827499,26.214871,3.103749,19.128000,26.252000,13.628000,26.252000,0.034828,5.066985,0.799745,3.098071,-0.001765,0.433015,0.000000,0.000000,0,1
1789801847.677176,5,13.827499,26.214871,3.103749,19.128000,26.252000,13.628000,26.252000,0.034828,5.066985,0.799745,3.098071,-0.001765,0.433015,0.000000,0.000000,0,1
1789801847.777194,5,13.827499,26.214871,3.103749,19.128000,26.252000,13.628000,26.252000,0.034828,5.066985,0.799745,3.098071,-0.001765,0.433015,0.000000,0.000000,0,1
1789801847.877199,5,13.827499,26.214871,3.103749,19.128000,26.252000,13.628000,26.252000,0.034828,5.066985,0.799745,3.098071,-0.001765,0.433015,0.000000,0.000000,0,1
1789801847.977155,5,13.827499,26.214871,3.103749,19.128000,26.252000,13.628000,26.252000,0.034828,5.066985,0.799745,3.098071,-0.001765,0.433015,0.000000,0.000000,0,1
1789801848.077233,5,13.827499,26.214871,3.103749,19.128000,26.252000,13.628000,26.252000,0.034828,5.066985,0.799745,3.098071,-0.001765,0.433015,0.000000,0.000000,0,1
1789801848.177264,5,13.827499,26.214871,3.103749,19.128000,26.252000,13.628000,26.252000,0.034828,5.066985,0.799745,3.098071,-0.001765,0.433015,0.000000,0.000000,0,1
1789801848.277254,5,13.827499,26.214871,3.103749,19.128000,26.252000,13.628000,26.252000,0.034828,5.066985,0.799745,3.098071,-0.001765,0.433015,0.000000,0.000000,0,1
1789801848.377272,5,13.827499,26.214871,3.103749,19.128000,26.252000,13.628000,26.252000,0.034828,5.066985,0.799745,3.098071,-0.001765,0.433015,0.000000,0.000000,0,1
1789801848.477293,5,13.827499,26.214871,3.103749,19.128000,26.252000,13.628000,26.252000,0.034828,5.066985,0.799745,3.098071,-0.001765,0.433015,0.000000,0.000000,0,1
1789801848.577266,5,13.827499,26.214871,3.103749,19.128000,26.252000,13.628000,26.252000,0.034828,5.066985,0.799745,3.098071,-0.001765,0.433015,0.000000,0.000000,0,1
1789801848.677284,5,13.827499,26.214871,3.103749,19.128000,26.252000,13.628000,26.252000,0.034828,5.066985,0.799745,3.098071,-0.001765,0.433015,0.000000,0.000000,0,1
1789801848.777310,5,13.827499,26.214871,3.103749,19.128000,26.252000,13.628000,26.252000,0.034828,5.066985,0.799745,3.098071,-0.001765,0.433015,0.000000,0.000000,0,1
1789801848.877272,5,13.827499,26.214871,3.103749,19.128000,26.252000,13.628000,26.252000,0.034828,5.066985,0.799745,3.098071,-0.001765,0.433015,0.000000,0.000000,0,1
1789801848.977429,5,13.827499,26.214871,3.103749,19.128000,26.252000,13.628000,26.252000,0.034828,5.066985,0.799745,3.098071,-0.001765,0.433015,0.000000,0.000000,0,1
1789801849.077343,5,13.827499,26.214871,3.103749,19.128000,26.252000,13.628000,26.252000,0.034828,5.066985,0.799745,3.098071,-0.001765,0.433015,0.000000,0.000000,0,1
1789801849.177358,5,13.827499,26.214871,3.103749,19.128000,26.252000,13.628000,26.252000,0.034828,5.066985,0.799745,3.098071,-0.001765,0.433015,0.000000,0.000000,0,1
1789801849.277355,5,13.827499,26.214871,3.103749,19.128000,26.252000,13.628000,26.252000,0.034828,5.066985,0.799745,3.098071,-0.001765,0.433015,0.000000,0.000000,0,1
1789801849.377370,5,13.827499,26.214871,3.103749,19.128000,26.252000,13.628000,26.252000,0.034828,5.066985,0.799745,3.098071,-0.001765,0.433015,0.000000,0.000000,0,1
1789801849.477390,5,13.827499,26.214871,3.103749,19.128000,26.252000,13.628000,26.252000,0.034828,5.066985,0.799745,3.098071,-0.001765,0.433015,0.000000,0.000000,0,1
1789801849.577431,5,13.827499,26.214871,3.103749,19.128000,26.252000,13.628000,26.252000,0.034828,5.066985,0.799745,3.098071,-0.001765,0.433015,0.000000,0.000000,0,1
1789801849.677428,5,13.827499,26.214871,3.103749,19.128000,26.252000,13.628000,26.252000,0.034828,5.066985,0.799745,3.098071,-0.001765,0.433015,0.000000,0.000000,0,1
1789801849.777449,5,13.827499,26.214871,3.103749,19.128000,26.252000,13.628000,26.252000,0.034828,5.066985,0.799745,3.098071,-0.001765,0.433015,0.000000,0.000000,0,1
1789801849.877426,5,13.827499,26.214871,3.103749,19.128000,26.252000,13.628000,26.252000,0.034828,5.066985,0.799745,3.098071,-0.001765,0.433015,0.000000,0.000000,0,1
1789801849.977450,5,13.827499,26.214871,3.103749,19.128000,26.252000,13.628000,26.252000,0.034828,5.066985,0.799745,3.098071,-0.001765,0.433015,0.000000,0.000000,0,1
1789801850.077415,5,13.827499,26.214871,3.103749,19.128000,26.252000,13.628000,26.252000,0.034828,5.066985,0.799745,3.098071,-0.001765,0.433015,0.000000,0.000000,0,1
1789801850.177498,5,13.827499,26.214871,3.103749,19.128000,26.252000,13.628000,26.252000,0.034828,5.066985,0.799745,3.098071,-0.001765,0.433015,0.000000,0.000000,0,1
1789801850.277463,5,13.827499,26.214871,3.103749,19.128000,26.252000,13.628000,26.252000,0.034828,5.066985,0.799745,3.098071,-0.001765,0.433015,0.000000,0.000000,0,1
1789801850.377504,5,13.827499,26.214871,3.103749,19.128000,26.252000,13.628000,26.252000,0.034828,5.066985,0.799745,3.098071,-0.001765,0.433015,0.000000,0.000000,0,1
1789801850.477547,5,13.827499,26.214871,3.103749,19.128000,26.252000,13.628000,26.252000,0.034828,5.066985,0.799745,3.098071,-0.001765,0.433015,0.000000,0.000000,0,1
1789801850.577503,5,13.827499,26.214871,3.103749,19.128000,26.252000,13.628000,26.252000,0.034828,5.066985,0.799745,3.098071,-0.001765,0.433015,0.000000,0.000000,0,1
1789801850.677551,5,13.827499,26.214871,3.103749,19.128000,26.252000,13.628000,26.252000,0.034828,5.066985,0.799745,3.098071,-0.001765,0.433015,0.000000,0.000000,0,1
1789801850.777539,5,13.827499,26.214871,3.103749,19.128000,26.252000,13.628000,26.252000,0.034828,5.066985,0.799745,3.098071,-0.001765,0.433015,0.000000,0.000000,0,1
1789801850.877548,5,13.827499,26.214871,3.103749,19.128000,26.252000,13.628000,26.252000,0.034828,5.066985,0.799745,3.098071,-0.001765,0.433015,0.000000,0.000000,0,1
1789801850.977561,5,13.827499,26.214871,3.103749,19.128000,26.252000,13.628000,26.252000,0.034828,5.066985,0.799745,3.098071,-0.001765,0.433015,0.000000,0.000000,0,1
1789801851.077560,5,13.827499,26.214871,3.103749,19.128000,26.252000,13.628000,26.252000,0.034828,5.066985,0.799745,3.098071,-0.001765,0.433015,0.000000,0.000000,0,1
1789801851.177573,5,13.827499,26.214871,3.103749,19.128000,26.252000,13.628000,26.252000,0.034828,5.066985,0.799745,3.098071,-0.001765,0.433015,0.000000,0.000000,0,1
1789801851.277609,5,13.827499,26.214871,3.103749,19.128000,26.252000,13.628000,26.252000,0.034828,5.066985,0.799745,3.098071,-0.001765,0.433015,0.000000,0.000000,0,1
1789801851.377636,5,13.827499,26.214871,3.103749,19.128000,26.252000,13.628000,26.252000,0.034828,5.066985,0.799745,3.098071,-0.001765,0.433015,0.000000,0.000000,0,1
1789801851.477649,5,13.827499,26.214871,3.103749,19.128000,26.252000,13.628000,26.252000,0.034828,5.066985,0.799745,3.098071,-0.001765,0.433015,0.000000,0.000000,0,1
1789801851.577672,5,13.827499,26.214871,3.103749,19.128000,26.252000,13.628000,26.252000,0.034828,5.066985,0.799745,3.098071,-0.001765,0.433015,0.000000,0.000000,0,1
1789801851.677652,5,13.827499,26.214871,3.103749,19.128000,26.252000,13.628000,26.252000,0.034828,5.066985,0.799745,3.098071,-0.001765,0.433015,0.000000,0.000000,0,1
1789801851.777652,5,13.827499,26.214871,3.103749,19.128000,26.252000,13.628000,26.252000,0.034828,5.066985,0.799745,3.098071,-0.001765,0.433015,0.000000,0.000000,0,1
1789801851.877683,5,13.827499,26.214871,3.103749,19.128000,26.252000,13.628000,26.252000,0.034828,5.066985,0.799745,3.098071,-0.001765,0.433015,0.000000,0.000000,0,1
1789801851.977666,5,13.827499,26.214871,3.103749,19.128000,26.252000,13.628000,26.252000,0.034828,5.066985,0.799745,3.098071,-0.001765,0.433015,0.000000,0.000000,0,1
1789801852.077717,5,13.827499,26.214871,3.103749,19.128000,26.252000,13.628000,26.252000,0.034828,5.066985,0.799745,3.098071,-0.001765,0.433015,0.000000,0.000000,0,1
1789801852.177654,5,13.827499,26.214871,3.103749,19.128000,26.252000,13.628000,26.252000,0.034828,5.066985,0.799745,3.098071,-0.001765,0.433015,0.000000,0.000000,0,1
1789801852.277746,5,13.827499,26.214871,3.103749,19.128000,26.252000,13.628000,26.252000,0.034828,5.066985,0.799745,3.098071,-0.001765,0.433015,0.000000,0.000000,0,1
1789801852.377749,5,13.827499,26.214871,3.103749,19.128000,26.252000,13.628000,26.252000,0.034828,5.066985,0.799745,3.098071,-0.001765,0.433015,0.000000,0.000000,0,1
1789801852.477719,5,13.827499,26.214871,3.103749,19.128000,26.252000,13.628000,26.252000,0.034828,5.066985,0.799745,3.098071,-0.001765,0.433015,0.000000,0.000000,0,1
1789801852.577728,5,13.827499,26.214871,3.103749,19.128000,26.252000,13.628000,26.252000,0.034828,5.066985,0.799745,3.098071,-0.001765,0.433015,0.000000,0.000000,0,1
1789801852.677738,5,13.827499,26.214871,3.103749,19.128000,26.252000,13.628000,26.252000,0.034828,5.066985,0.799745,3.098071,-0.001765,0.433015,0.000000,0.000000,0,1
1789801852.777767,5,13.827499,26.214871,3.103749,19.128000,26.252000,13.628000,26.252000,0.034828,5.066985,0.799745,3.098071,-0.001765,0.433015,0.000000,0.000000,0,1
1789801852.877823,5,13.827499,26.214871,3.103749,19.128000,26.252000,13.628000,26.252000,0.034828,5.066985,0.799745,3.098071,-0.001765,0.433015,0.000000,0.000000,0,1
1789801852.977800,5,13.827499,26.214871,3.103749,19.128000,26.252000,13.628000,26.252000,0.034828,5.066985,0.799745,3.098071,-0.001765,0.433015,0.000000,0.000000,0,1
1789801853.077821,5,13.827499,26.214871,3.103749,19.128000,26.252000,13.628000,26.252000,0.034828,5.066985,0.799745,3.098071,-0.001765,0.433015,0.000000,0.000000,0,1
1789801853.177797,5,13.827499,26.214871,3.103749,19.128000,26.252000,13.628000,26.252000,0.034828,5.066985,0.799745,3.098071,-0.001765,0.433015,0.000000,0.000000,0,1
1789801853.277801,5,13.827499,26.214871,3.103749,19.128000,26.252000,13.628000,26.252000,0.034828,5.066985,0.799745,3.098071,-0.001765,0.433015,0.000000,0.000000,0,1
1789801853.377831,5,13.827499,26.214871,3.103749,19.128000,26.252000,13.628000,26.252000,0.034828,5.066985,0.799745,3.098071,-0.001765,0.433015,0.000000,0.000000,0,1
1789801853.477815,5,13.827499,26.214871,3.103749,19.128000,26.252000,13.628000,26.252000,0.034828,5.066985,0.799745,3.098071,-0.001765,0.433015,0.000000,0.000000,0,1
1789801853.577867,5,13.827499,26.214871,3.103749,19.128000,26.252000,13.628000,26.252000,0.034828,5.066985,0.799745,3.098071,-0.001765,0.433015,0.000000,0.000000,0,1
1789801853.677861,5,13.827499,26.214871,3.103749,19.128000,26.252000,13.628000,26.252000,0.034828,5.066985,0.799745,3.098071,-0.001765,0.433015,0.000000,0.000000,0,1
1789801853.777933,5,13.827499,26.214871,3.103749,19.128000,26.252000,13.628000,26.252000,0.034828,5.066985,0.799745,3.098071,-0.001765,0.433015,0.000000,0.000000,0,1
1789801853.877881,5,13.827499,26.214871,3.103749,19.128000,26.252000,13.628000,26.252000,0.034828,5.066985,0.799745,3.098071,-0.001765,0.433015,0.000000,0.000000,0,1
1789801853.977902,5,13.827499,26.214871,3.103749,19.128000,26.252000,13.628000,26.252000,0.034828,5.066985,0.799745,3.098071,-0.001765,0.433015,0.000000,0.000000,0,1
1789801854.077906,5,13.827499,26.214871,3.103749,19.128000,26.252000,13.628000,26.252000,0.034828,5.066985,0.799745,3.098071,-0.001765,0.433015,0.000000,0.000000,0,1
1789801854.177903,5,13.827499,26.214871,3.103749,19.128000,26.252000,13.628000,26.252000,0.034828,5.066985,0.799745,3.098071,-0.001765,0.433015,0.000000,0.000000,0,1
1789801854.277912,5,13.827499,26.214871,3.103749,19.128000,26.252000,13.628000,26.252000,0.034828,5.066985,0.799745,3.098071,-0.001765,0.433015,0.000000,0.000000,0,1
1789801854.377951,5,13.827499,26.214871,3.103749,19.128000,26.252000,13.628000,26.252000,0.034828,5.066985,0.799745,3.098071,-0.001765,0.433015,0.000000,0.000000,0,1
1789801854.478043,5,13.827499,26.214871,3.103749,19.128000,26.252000,13.628000,26.252000,0.034828,5.066985,0.799745,3.098071,-0.001765,0.433015,0.000000,0.000000,0,1
1789801854.577968,5,13.827499,26.214871,3.103749,19.128000,26.252000,13.628000,26.252000,0.034828,5.066985,0.799745,3.098071,-0.001765,0.433015,0.000000,0.000000,0,1
1789801854.678044,5,13.827499,26.214871,3.103749,19.128000,26.252000,13.628000,26.252000,0.034828,5.066985,0.799745,3.098071,-0.001765,0.433015,0.000000,0.000000,0,1
1789801854.778039,5,13.827499,26.214871,3.103749,19.128000,26.252000,13.628000,26.252000,0.034828,5.066985,0.799745,3.098071,-0.001765,0.433015,0.000000,0.000000,0,1
1789801854.877945,5,13.827499,26.214871,3.103749,19.128000,26.252000,13.628000,26.252000,0.034828,5.066985,0.799745,3.098071,-0.001765,0.433015,0.000000,0.000000,0,1
1789801854.978074,5,13.827499,26.214871,3.103749,19.128000,26.252000,13.628000,26.252000,0.034828,5.066985,0.799745,3.098071,-0.001765,0.433015,0.000000,0.000000,0,1
1789801855.078097,5,13.827499,26.214871,3.103749,19.128000,26.252000,13.628000,26.252000,0.034828,5.066985,0.799745,3.098071,-0.001765,0.433015,0.000000,0.000000,0,1
1789801855.178035,5,13.827499,26.214871,3.103749,19.128000,26.252000,13.628000,26.252000,0.034828,5.066985,0.799745,3.098071,-0.001765,0.433015,0.000000,0.000000,0,1
1789801855.278167,5,13.827499,26.214871,3.103749,19.128000,26.252000,13.628000,26.252000,0.034828,5.066985,0.799745,3.098071,-0.001765,0.433015,0.000000,0.000000,0,1
1789801855.378124,5,13.827499,26.214871,3.103749,19.128000,26.252000,13.628000,26.252000,0.034828,5.066985,0.799745,3.098071,-0.001765,0.433015,0.000000,0.000000,0,1
1789801855.478167,5,13.827499,26.214871,3.103749,19.128000,26.252000,13.628000,26.252000,0.034828,5.066985,0.799745,3.098071,-0.001765,0.433015,0.000000,0.000000,0,1
1789801855.578148,5,13.827499,26.214871,3.103749,19.128000,26.252000,13.628000,26.252000,0.034828,5.066985,0.799745,3.098071,-0.001765,0.433015,0.000000,0.000000,0,1
1789801855.678102,5,13.827499,26.214871,3.103749,19.128000,26.252000,13.628000,26.252000,0.034828,5.066985,0.799745,3.098071,-0.001765,0.433015,0.000000,0.000000,0,1
1789801855.778106,5,13.827499,26.214871,3.103749,19.128000,26.252000,13.628000,26.252000,0.034828,5.066985,0.799745,3.098071,-0.001765,0.433015,0.000000,0.000000,0,1
1789801855.878176,5,13.827499,26.214871,3.103749,19.128000,26.252000,13.628000,26.252000,0.034828,5.066985,0.799745,3.098071,-0.001765,0.433015,0.000000,0.000000,0,1
1789801855.978196,5,13.827499,26.214871,3.103749,19.128000,26.252000,13.628000,26.252000,0.034828,5.066985,0.799745,3.098071,-0.001765,0.433015,0.000000,0.000000,0,1
1789801856.078176,5,13.827499,26.214871,3.103749,19.128000,26.252000,13.628000,26.252000,0.034828,5.066985,0.799745,3.098071,-0.001765,0.433015,0.000000,0.000000,0,1
1789801856.178250,5,13.827499,26.214871,3.103749,19.128000,26.252000,13.628000,26.252000,0.034828,5.066985,0.799745,3.098071,-0.001765,0.433015,0.000000,0.000000,0,1
1789801856.278166,5,13.827499,26.214871,3.103749,19.128000,26.252000,13.628000,26.252000,0.034828,5.066985,0.799745,3.098071,-0.001765,0.433015,0.000000,0.000000,0,1
1789801856.378179,5,13.827499,26.214871,3.103749,19.128000,26.252000,13.628000,26.252000,0.034828,5.066985,0.799745,3.098071,-0.001765,0.433015,0.000000,0.000000,0,1
1789801856.478164,5,13.827499,26.214871,3.103749,19.128000,26.252000,13.628000,26.252000,0.034828,5.066985,0.799745,3.098071,-0.001765,0.433015,0.000000,0.000000,0,1
1789801856.578169,5,13.827499,26.214871,3.103749,19.128000,26.252000,13.628000,26.252000,0.034828,5.066985,0.799745,3.098071,-0.001765,0.433015,0.000000,0.000000,0,1
1789801856.678200,5,13.827499,26.214871,3.103749,19.128000,26.252000,13.628000,26.252000,0.034828,5.066985,0.799745,3.098071,-0.001765,0.433015,0.000000,0.000000,0,1
1789801856.778211,5,13.827499,26.214871,3.103749,19.128000,26.252000,13.628000,26.252000,0.034828,5.066985,0.799745,3.098071,-0.001765,0.433015,0.000000,0.000000,0,1
1789801856.878250,5,13.827499,26.214871,3.103749,19.128000,26.252000,13.628000,26.252000,0.034828,5.066985,0.799745,3.098071,-0.001765,0.433015,0.000000,0.000000,0,1
1789801856.978246,5,13.827499,26.214871,3.103749,19.128000,26.252000,13.628000,26.252000,0.034828,5.066985,0.799745,3.098071,-0.001765,0.433015,0.000000,0.000000,0,1
1789801857.078252,5,13.827499,26.214871,3.103749,19.128000,26.252000,13.628000,26.252000,0.034828,5.066985,0.799745,3.098071,-0.001765,0.433015,0.000000,0.000000,0,1
1789801857.178329,5,13.827499,26.214871,3.103749,19.128000,26.252000,13.628000,26.252000,0.034828,5.066985,0.799745,3.098071,-0.001765,0.433015,0.000000,0.000000,0,1
1789801857.278266,5,13.827499,26.214871,3.103749,19.128000,26.252000,13.628000,26.252000,0.034828,5.066985,0.799745,3.098071,-0.001765,0.433015,0.000000,0.000000,0,1
1789801857.378260,5,13.827499,26.214871,3.103749,19.128000,26.252000,13.628000,26.252000,0.034828,5.066985,0.799745,3.098071,-0.001765,0.433015,0.000000,0.000000,0,1
1789801857.478275,5,13.827499,26.214871,3.103749,19.128000,26.252000,13.628000,26.252000,0.034828,5.066985,0.799745,3.098071,-0.001765,0.433015,0.000000,0.000000,0,1
1789801857.578303,5,13.827499,26.214871,3.103749,19.128000,26.252000,13.628000,26.252000,0.034828,5.066985,0.799745,3.098071,-0.001765,0.433015,0.000000,0.000000,0,1
1789801857.678319,5,13.827499,26.214871,3.103749,19.128000,26.252000,13.628000,26.252000,0.034828,5.066985,0.799745,3.098071,-0.001765,0.433015,0.000000,0.000000,0,1
1789801857.778380,5,13.827499,26.214871,3.103749,19.128000,26.252000,13.628000,26.252000,0.034828,5.066985,0.799745,3.098071,-0.001765,0.433015,0.000000,0.000000,0,1
1789801857.878366,5,13.827499,26.214871,3.103749,19.128000,26.252000,13.628000,26.252000,0.034828,5.066985,0.799745,3.098071,-0.001765,0.433015,0.000000,0.000000,0,1
1789801857.978338,5,13.827499,26.214871,3.103749,19.128000,26.252000,13.628000,26.252000,0.034828,5.066985,0.799745,3.098071,-0.001765,0.433015,0.000000,0.000000,0,1
1789801858.078362,5,13.827499,26.214871,3.103749,19.128000,26.252000,13.628000,26.252000,0.034828,5.066985,0.799745,3.098071,-0.001765,0.433015,0.000000,0.000000,0,1
1789801858.178386,5,13.827499,26.214871,3.103749,19.128000,26.252000,13.628000,26.252000,0.034828,5.066985,0.799745,3.098071,-0.001765,0.433015,0.000000,0.000000,0,1
1789801858.278387,5,13.827499,26.214871,3.103749,19.128000,26.252000,13.628000,26.252000,0.034828,5.066985,0.799745,3.098071,-0.001765,0.433015,0.000000,0.000000,0,1
1789801858.378436,5,13.827499,26.214871,3.103749,19.128000,26.252000,13.628000,26.252000,0.034828,5.066985,0.799745,3.098071,-0.001765,0.433015,0.000000,0.000000,0,1
1789801858.478468,5,13.827499,26.214871,3.103749,19.128000,26.252000,13.628000,26.252000,0.034828,5.066985,0.799745,3.098071,-0.001765,0.433015,0.000000,0.000000,0,1
1789801858.578910,5,13.827499,26.214871,3.103749,19.128000,26.252000,13.628000,26.252000,0.034828,5.066985,0.799745,3.098071,-0.001765,0.433015,0.000000,0.000000,0,1
1789801858.678440,5,13.827499,26.214871,3.103749,19.128000,26.252000,13.628000,26.252000,0.034828,5.066985,0.799745,3.098071,-0.001765,0.433015,0.000000,0.000000,0,1
1789801858.778418,5,13.827499,26.214871,3.103749,19.128000,26.252000,13.628000,26.252000,0.034828,5.066985,0.799745,3.098071,-0.001765,0.433015,0.000000,0.000000,0,1
1789801858.878416,5,13.827499,26.214871,3.103749,19.128000,26.252000,13.628000,26.252000,0.034828,5.066985,0.799745,3.098071,-0.001765,0.433015,0.000000,0.000000,0,1
1789801858.978436,5,13.827499,26.214871,3.103749,19.128000,26.252000,13.628000,26.252000,0.034828,5.066985,0.799745,3.098071,-0.001765,0.433015,0.000000,0.000000,0,1
1789801859.078470,5,13.827499,26.214871,3.103749,19.128000,26.252000,13.628000,26.252000,0.034828,5.066985,0.799745,3.098071,-0.001765,0.433015,0.000000,0.000000,0,1
1789801859.178516,5,13.827499,26.214871,3.103749,19.128000,26.252000,13.628000,26.252000,0.034828,5.066985,0.799745,3.098071,-0.001765,0.433015,0.000000,0.000000,0,1
1789801859.278486,5,13.827499,26.214871,3.103749,19.128000,26.252000,13.628000,26.252000,0.034828,5.066985,0.799745,3.098071,-0.001765,0.433015,0.000000,0.000000,0,1
1789801859.378544,5,13.827499,26.214871,3.103749,19.128000,26.252000,13.628000,26.252000,0.034828,5.066985,0.799745,3.098071,-0.001765,0.433015,0.000000,0.000000,0,1
1789801859.478565,5,13.827499,26.214871,3.103749,19.128000,26.252000,13.628000,26.252000,0.034828,5.066985,0.799745,3.098071,-0.001765,0.433015,0.000000,0.000000,0,1
1789801859.578533,5,13.827499,26.214871,3.103749,19.128000,26.252000,13.628000,26.252000,0.034828,5.066985,0.799745,3.098071,-0.001765,0.433015,0.000000,0.000000,0,1
1789801859.678550,5,13.827499,26.214871,3.103749,19.128000,26.252000,13.628000,26.252000,0.034828,5.066985,0.799745,3.098071,-0.001765,0.433015,0.000000,0.000000,0,1
1789801859.778555,5,13.827499,26.214871,3.103749,19.128000,26.252000,13.628000,26.252000,0.034828,5.066985,0.799745,3.098071,-0.001765,0.433015,0.000000,0.000000,0,1
1789801859.878576,5,13.827499,26.214871,3.103749,19.128000,26.252000,13.628000,26.252000,0.034828,5.066985,0.799745,3.098071,-0.001765,0.433015,0.000000,0.000000,0,1
1789801859.978560,5,13.827499,26.214871,3.103749,19.128000,26.252000,13.628000,26.252000,0.034828,5.066985,0.799745,3.098071,-0.001765,0.433015,0.000000,0.000000,0,1
1789801860.078610,5,13.827499,26.214871,3.103749,19.128000,26.252000,13.628000,26.252000,0.034828,5.066985,0.799745,3.098071,-0.001765,0.433015,0.000000,0.000000,0,1
1789801860.178599,5,13.827499,26.214871,3.103749,19.128000,26.252000,13.628000,26.252000,0.034828,5.066985,0.799745,3.098071,-0.001765,0.433015,0.000000,0.000000,0,1
1789801860.278580,5,13.827499,26.214871,3.103749,19.128000,26.252000,13.628000,26.252000,0.034828,5.066985,0.799745,3.098071,-0.001765,0.433015,0.000000,0.000000,0,1
1789801860.378610,5,13.827499,26.214871,3.103749,19.128000,26.252000,13.628000,26.252000,0.034828,5.066985,0.799745,3.098071,-0.001765,0.433015,0.000000,0.000000,0,1
1789801860.478592,5,13.827499,26.214871,3.103749,19.128000,26.252000,13.628000,26.252000,0.034828,5.066985,0.799745,3.098071,-0.001765,0.433015,0.000000,0.000000,0,1
1789801860.578637,5,13.827499,26.214871,3.103749,19.128000,26.252000,13.628000,26.252000,0.034828,5.066985,0.799745,3.098071,-0.001765,0.433015,0.000000,0.000000,0,1
1789801860.678674,5,13.827499,26.214871,3.103749,19.128000,26.252000,13.628000,26.252000,0.034828,5.066985,0.799745,3.098071,-0.001765,0.433015,0.000000,0.000000,0,1
1789801860.778670,5,13.827499,26.214871,3.103749,19.128000,26.252000,13.628000,26.252000,0.034828,5.066985,0.799745,3.098071,-0.001765,0.433015,0.000000,0.000000,0,1
1789801860.878679,5,13.827499,26.214871,3.103749,19.128000,26.252000,13.628000,26.252000,0.034828,5.066985,0.799745,3.098071,-0.001765,0.433015,0.000000,0.000000,0,1
1789801860.978690,5,13.827499,26.214871,3.103749,19.128000,26.252000,13.628000,26.252000,0.034828,5.066985,0.799745,3.098071,-0.001765,0.433015,0.000000,0.000000,0,1
1789801861.078700,5,13.827499,26.214871,3.103749,19.128000,26.252000,13.628000,26.252000,0.034828,5.066985,0.799745,3.098071,-0.001765,0.433015,0.000000,0.000000,0,1
1789801861.178675,5,13.827499,26.214871,3.103749,19.128000,26.252000,13.628000,26.252000,0.034828,5.066985,0.799745,3.098071,-0.001765,0.433015,0.000000,0.000000,0,1
1789801861.278697,5,13.827499,26.214871,3.103749,19.128000,26.252000,13.628000,26.252000,0.034828,5.066985,0.799745,3.098071,-0.001765,0.433015,0.000000,0.000000,0,1
1789801861.378706,5,13.827499,26.214871,3.103749,19.128000,26.252000,13.628000,26.252000,0.034828,5.066985,0.799745,3.098071,-0.001765,0.433015,0.000000,0.000000,0,1
1789801861.478700,5,13.827499,26.214871,3.103749,19.128000,26.252000,13.628000,26.252000,0.034828,5.066985,0.799745,3.098071,-0.001765,0.433015,0.000000,0.000000,0,1
1789801861.578778,5,13.827499,26.214871,3.103749,19.128000,26.252000,13.628000,26.252000,0.034828,5.066985,0.799745,3.098071,-0.001765,0.433015,0.000000,0.000000,0,1
1789801861.678763,5,13.827499,26.214871,3.103749,19.128000,26.252000,13.628000,26.252000,0.034828,5.066985,0.799745,3.098071,-0.001765,0.433015,0.000000,0.000000,0,1
1789801861.778767,5,13.827499,26.214871,3.103749,19.128000,26.252000,13.628000,26.252000,0.034828,5.066985,0.799745,3.098071,-0.001765,0.433015,0.000000,0.000000,0,1
1789801861.878767,5,13.827499,26.214871,3.103749,19.128000,26.252000,13.628000,26.252000,0.034828,5.066985,0.799745,3.098071,-0.001765,0.433015,0.000000,0.000000,0,1
1789801861.978787,5,13.827499,26.214871,3.103749,19.128000,26.252000,13.628000,26.252000,0.034828,5.066985,0.799745,3.098071,-0.001765,0.433015,0.000000,0.000000,0,1
1789801862.078783,5,13.827499,26.214871,3.103749,19.128000,26.252000,13.628000,26.252000,0.034828,5.066985,0.799745,3.098071,-0.001765,0.433015,0.000000,0.000000,0,1
1789801862.178774,5,13.827499,26.214871,3.103749,19.128000,26.252000,13.628000,26.252000,0.034828,5.066985,0.799745,3.098071,-0.001765,0.433015,0.000000,0.000000,0,1
1789801862.278788,5,13.827499,26.214871,3.103749,19.128000,26.252000,13.628000,26.252000,0.034828,5.066985,0.799745,3.098071,-0.001765,0.433015,0.000000,0.000000,0,1
1789801862.378775,5,13.827499,26.214871,3.103749,19.128000,26.252000,13.628000,26.252000,0.034828,5.066985,0.799745,3.098071,-0.001765,0.433015,0.000000,0.000000,0,1
1789801862.478831,5,13.827499,26.214871,3.103749,19.128000,26.252000,13.628000,26.252000,0.034828,5.066985,0.799745,3.098071,-0.001765,0.433015,0.000000,0.000000,0,1
1789801862.578835,5,13.827499,26.214871,3.103749,19.128000,26.252000,13.628000,26.252000,0.034828,5.066985,0.799745,3.098071,-0.001765,0.433015,0.000000,0.000000,0,1
1789801862.678844,5,13.827499,26.214871,3.103749,19.128000,26.252000,13.628000,26.252000,0.034828,5.066985,0.799745,3.098071,-0.001765,0.433015,0.000000,0.000000,0,1
1789801862.778919,5,13.827499,26.214871,3.103749,19.128000,26.252000,13.628000,26.252000,0.034828,5.066985,0.799745,3.098071,-0.001765,0.433015,0.000000,0.000000,0,1
1789801862.878858,5,13.827499,26.214871,3.103749,19.128000,26.252000,13.628000,26.252000,0.034828,5.066985,0.799745,3.098071,-0.001765,0.433015,0.000000,0.000000,0,1
1789801862.978865,5,13.827499,26.214871,3.103749,19.128000,26.252000,13.628000,26.252000,0.034828,5.066985,0.799745,3.098071,-0.001765,0.433015,0.000000,0.000000,0,1
1789801863.079909,5,13.827499,26.214871,3.103749,19.128000,26.252000,13.628000,26.252000,0.034828,5.066985,0.799745,3.098071,-0.001765,0.433015,0.000000,0.000000,0,1
1789801863.178911,5,13.827499,26.214871,3.103749,19.128000,26.252000,13.628000,26.252000,0.034828,5.066985,0.799745,3.098071,-0.001765,0.433015,0.000000,0.000000,0,1
1789801863.278914,5,13.827499,26.214871,3.103749,19.128000,26.252000,13.628000,26.252000,0.034828,5.066985,0.799745,3.098071,-0.001765,0.433015,0.000000,0.000000,0,1
1789801863.378933,5,13.827499,26.214871,3.103749,19.128000,26.252000,13.628000,26.252000,0.034828,5.066985,0.799745,3.098071,-0.001765,0.433015,0.000000,0.000000,0,1
1789801863.478947,5,13.827499,26.214871,3.103749,19.128000,26.252000,13.628000,26.252000,0.034828,5.066985,0.799745,3.098071,-0.001765,0.433015,0.000000,0.000000,0,1
1789801863.578948,5,13.827499,26.214871,3.103749,19.128000,26.252000,13.628000,26.252000,0.034828,5.066985,0.799745,3.098071,-0.001765,0.433015,0.000000,0.000000,0,1
1789801863.678937,5,13.827499,26.214871,3.103749,19.128000,26.252000,13.628000,26.252000,0.034828,5.066985,0.799745,3.098071,-0.001765,0.433015,0.000000,0.000000,0,1
1789801863.778957,5,13.827499,26.214871,3.103749,19.128000,26.252000,13.628000,26.252000,0.034828,5.066985,0.799745,3.098071,-0.001765,0.433015,0.000000,0.000000,0,1
1789801863.878974,5,13.827499,26.214871,3.103749,19.128000,26.252000,13.628000,26.252000,0.034828,5.066985,0.799745,3.098071,-0.001765,0.433015,0.000000,0.000000,0,1
1789801863.979087,5,13.827499,26.214871,3.103749,19.128000,26.252000,13.628000,26.252000,0.034828,5.066985,0.799745,3.098071,-0.001765,0.433015,0.000000,0.000000,0,1
1789801864.079056,5,13.827499,26.214871,3.103749,19.128000,26.252000,13.628000,26.252000,0.034828,5.066985,0.799745,3.098071,-0.001765,0.433015,0.000000,0.000000,0,1
1789801864.178999,5,13.827499,26.214871,3.103749,19.128000,26.252000,13.628000,26.252000,0.034828,5.066985,0.799745,3.098071,-0.001765,0.433015,0.000000,0.000000,0,1
1789801864.279012,5,13.827499,26.214871,3.103749,19.128000,26.252000,13.628000,26.252000,0.034828,5.066985,0.799745,3.098071,-0.001765,0.433015,0.000000,0.000000,0,1
1789801864.379037,5,13.827499,26.214871,3.103749,19.128000,26.252000,13.628000,26.252000,0.034828,5.066985,0.799745,3.098071,-0.001765,0.433015,0.000000,0.000000,0,1
1789801864.479039,5,13.827499,26.214871,3.103749,19.128000,26.252000,13.628000,26.252000,0.034828,5.066985,0.799745,3.098071,-0.001765,0.433015,0.000000,0.000000,0,1
1789801864.579045,5,13.827499,26.214871,3.103749,19.128000,26.252000,13.628000,26.252000,0.034828,5.066985,0.799745,3.098071,-0.001765,0.433015,0.000000,0.000000,0,1
1789801864.679059,5,13.827499,26.214871,3.103749,19.128000,26.252000,13.628000,26.252000,0.034828,5.066985,0.799745,3.098071,-0.001765,0.433015,0.000000,0.000000,0,1
1789801864.779091,5,13.827499,26.214871,3.103749,19.128000,26.252000,13.628000,26.252000,0.034828,5.066985,0.799745,3.098071,-0.001765,0.433015,0.000000,0.000000,0,1
1789801864.879088,5,13.827499,26.214871,3.103749,19.128000,26.252000,13.628000,26.252000,0.034828,5.066985,0.799745,3.098071,-0.001765,0.433015,0.000000,0.000000,0,1
1789801864.979258,5,13.827499,26.214871,3.103749,19.128000,26.252000,13.628000,26.252000,0.034828,5.066985,0.799745,3.098071,-0.001765,0.433015,0.000000,0.000000,0,1
1789801865.079280,5,13.827499,26.214871,3.103749,19.128000,26.252000,13.628000,26.252000,0.034828,5.066985,0.799745,3.098071,-0.001765,0.433015,0.000000,0.000000,0,1
1789801865.179056,5,13.827499,26.214871,3.103749,19.128000,26.252000,13.628000,26.252000,0.034828,5.066985,0.799745,3.098071,-0.001765,0.433015,0.000000,0.000000,0,1
1789801865.279032,5,13.827499,26.214871,3.103749,19.128000,26.252000,13.628000,26.252000,0.034828,5.066985,0.799745,3.098071,-0.001765,0.433015,0.000000,0.000000,0,1
1789801865.379093,5,13.827499,26.214871,3.103749,19.128000,26.252000,13.628000,26.252000,0.034828,5.066985,0.799745,3.098071,-0.001765,0.433015,0.000000,0.000000,0,1
1789801865.479165,5,13.827499,26.214871,3.103749,19.128000,26.252000,13.628000,26.252000,0.034828,5.066985,0.799745,3.098071,-0.001765,0.433015,0.000000,0.000000,0,1
1789801865.579123,5,13.827499,26.214871,3.103749,19.128000,26.252000,13.628000,26.252000,0.034828,5.066985,0.799745,3.098071,-0.001765,0.433015,0.000000,0.000000,0,1
1789801865.679086,5,13.827499,26.214871,3.103749,19.128000,26.252000,13.628000,26.252000,0.034828,5.066985,0.799745,3.098071,-0.001765,0.433015,0.000000,0.000000,0,1
1789801865.779199,5,13.827499,26.214871,3.103749,19.128000,26.252000,13.628000,26.252000,0.034828,5.066985,0.799745,3.098071,-0.001765,0.433015,0.000000,0.000000,0,1
1789801865.879317,5,13.827499,26.214871,3.103749,19.128000,26.252000,13.628000,26.252000,0.034828,5.066985,0.799745,3.098071,-0.001765,0.433015,0.000000,0.000000,0,1
1789801865.979210,5,13.827499,26.214871,3.103749,19.128000,26.252000,13.628000,26.252000,0.034828,5.066985,0.799745,3.098071,-0.001765,0.433015,0.000000,0.000000,0,1
1789801866.079327,5,13.827499,26.214871,3.103749,19.128000,26.252000,13.628000,26.252000,0.034828,5.066985,0.799745,3.098071,-0.001765,0.433015,0.000000,0.000000,0,1
1789801866.179215,5,13.827499,26.214871,3.103749,19.128000,26.252000,13.628000,26.252000,0.034828,5.066985,0.799745,3.098071,-0.001765,0.433015,0.000000,0.000000,0,1
1789801866.279437,5,13.827499,26.214871,3.103749,19.128000,26.252000,13.628000,26.252000,0.034828,5.066985,0.799745,3.098071,-0.001765,0.433015,0.000000,0.000000,0,1
1789801866.379462,5,13.827499,26.214871,3.103749,19.128000,26.252000,13.628000,26.252000,0.034828,5.066985,0.799745,3.098071,-0.001765,0.433015,0.000000,0.000000,0,1
1789801866.482205,5,13.827499,26.214871,3.103749,19.128000,26.252000,13.628000,26.252000,0.034828,5.066985,0.799745,3.098071,-0.001765,0.433015,0.000000,0.000000,0,1
1789801866.579262,5,13.827499,26.214871,3.103749,19.128000,26.252000,13.628000,26.252000,0.034828,5.066985,0.799745,3.098071,-0.001765,0.433015,0.000000,0.000000,0,1
1789801866.679184,5,13.827499,26.214871,3.103749,19.128000,26.252000,13.628000,26.252000,0.034828,5.066985,0.799745,3.098071,-0.001765,0.433015,0.000000,0.000000,0,1
1789801866.779181,5,13.827499,26.214871,3.103749,19.128000,26.252000,13.628000,26.252000,0.034828,5.066985,0.799745,3.098071,-0.001765,0.433015,0.000000,0.000000,0,1
1789801866.879519,5,13.827499,26.214871,3.103749,19.128000,26.252000,13.628000,26.252000,0.034828,5.066985,0.799745,3.098071,-0.001765,0.433015,0.000000,0.000000,0,1
1789801866.979243,5,13.827499,26.214871,3.103749,19.128000,26.252000,13.628000,26.252000,0.034828,5.066985,0.799745,3.098071,-0.001765,0.433015,0.000000,0.000000,0,1
1789801867.079278,5,13.827499,26.214871,3.103749,19.128000,26.252000,13.628000,26.252000,0.034828,5.066985,0.799745,3.098071,-0.001765,0.433015,0.000000,0.000000,0,1
1789801867.182295,5,13.827499,26.214871,3.103749,19.128000,26.252000,13.628000,26.252000,0.034828,5.066985,0.799745,3.098071,-0.001765,0.433015,0.000000,0.000000,0,1
1789801867.279425,5,13.827499,26.214871,3.103749,19.128000,26.252000,13.628000,26.252000,0.034828,5.066985,0.799745,3.098071,-0.001765,0.433015,0.000000,0.000000,0,1
1789801867.379396,5,13.827499,26.214871,3.103749,19.128000,26.252000,13.628000,26.252000,0.034828,5.066985,0.799745,3.098071,-0.001765,0.433015,0.000000,0.000000,0,1
1789801867.479371,5,13.827499,26.214871,3.103749,19.128000,26.252000,13.628000,26.252000,0.034828,5.066985,0.799745,3.098071,-0.001765,0.433015,0.000000,0.000000,0,1
1789801867.579291,5,13.827499,26.214871,3.103749,19.128000,26.252000,13.628000,26.252000,0.034828,5.066985,0.799745,3.098071,-0.001765,0.433015,0.000000,0.000000,0,1
1789801867.679322,5,13.827499,26.214871,3.103749,19.128000,26.252000,13.628000,26.252000,0.034828,5.066985,0.799745,3.098071,-0.001765,0.433015,0.000000,0.000000,0,1
1789801867.779343,5,13.827499,26.214871,3.103749,19.128000,26.252000,13.628000,26.252000,0.034828,5.066985,0.799745,3.098071,-0.001765,0.433015,0.000000,0.000000,0,1
1789801867.879376,5,13.827499,26.214871,3.103749,19.128000,26.252000,13.628000,26.252000,0.034828,5.066985,0.799745,3.098071,-0.001765,0.433015,0.000000,0.000000,0,1
1789801867.979385,5,13.827499,26.214871,3.103749,19.128000,26.252000,13.628000,26.252000,0.034828,5.066985,0.799745,3.098071,-0.001765,0.433015,0.000000,0.000000,0,1
1789801868.079440,5,13.827499,26.214871,3.103749,19.128000,26.252000,13.628000,26.252000,0.034828,5.066985,0.799745,3.098071,-0.001765,0.433015,0.000000,0.000000,0,1
1789801868.179559,5,13.827499,26.214871,3.103749,19.128000,26.252000,13.628000,26.252000,0.034828,5.066985,0.799745,3.098071,-0.001765,0.433015,0.000000,0.000000,0,1
1789801868.279815,5,13.827499,26.214871,3.103749,19.128000,26.252000,13.628000,26.252000,0.034828,5.066985,0.799745,3.098071,-0.001765,0.433015,0.000000,0.000000,0,1
1789801868.379441,5,13.827499,26.214871,3.103749,19.128000,26.252000,13.628000,26.252000,0.034828,5.066985,0.799745,3.098071,-0.001765,0.433015,0.000000,0.000000,0,1
1789801868.479428,5,13.827499,26.214871,3.103749,19.128000,26.252000,13.628000,26.252000,0.034828,5.066985,0.799745,3.098071,-0.001765,0.433015,0.000000,0.000000,0,1
1789801868.579413,5,13.827499,26.214871,3.103749,19.128000,26.252000,13.628000,26.252000,0.034828,5.066985,0.799745,3.098071,-0.001765,0.433015,0.000000,0.000000,0,1
1789801868.679491,5,13.827499,26.214871,3.103749,19.128000,26.252000,13.628000,26.252000,0.034828,5.066985,0.799745,3.098071,-0.001765,0.433015,0.000000,0.000000,0,1
1789801868.779456,5,13.827499,26.214871,3.103749,19.128000,26.252000,13.628000,26.252000,0.034828,5.066985,0.799745,3.098071,-0.001765,0.433015,0.000000,0.000000,0,1
1789801868.879488,5,13.827499,26.214871,3.103749,19.128000,26.252000,13.628000,26.252000,0.034828,5.066985,0.799745,3.098071,-0.001765,0.433015,0.000000,0.000000,0,1
1789801868.979520,5,13.827499,26.214871,3.103749,19.128000,26.252000,13.628000,26.252000,0.034828,5.066985,0.799745,3.098071,-0.001765,0.433015,0.000000,0.000000,0,1
1789801869.079559,5,13.827499,26.214871,3.103749,19.128000,26.252000,13.628000,26.252000,0.034828,5.066985,0.799745,3.098071,-0.001765,0.433015,0.000000,0.000000,0,1
1789801869.179490,5,13.827499,26.214871,3.103749,19.128000,26.252000,13.628000,26.252000,0.034828,5.066985,0.799745,3.098071,-0.001765,0.433015,0.000000,0.000000,0,1
1789801869.279483,5,13.827499,26.214871,3.103749,19.128000,26.252000,13.628000,26.252000,0.034828,5.066985,0.799745,3.098071,-0.001765,0.433015,0.000000,0.000000,0,1
1789801869.379484,5,13.827499,26.214871,3.103749,19.128000,26.252000,13.628000,26.252000,0.034828,5.066985,0.799745,3.098071,-0.001765,0.433015,0.000000,0.000000,0,1
1789801869.479574,5,13.827499,26.214871,3.103749,19.128000,26.252000,13.628000,26.252000,0.034828,5.066985,0.799745,3.098071,-0.001765,0.433015,0.000000,0.000000,0,1
1789801869.579604,5,13.827499,26.214871,3.103749,19.128000,26.252000,13.628000,26.252000,0.034828,5.066985,0.799745,3.098071,-0.001765,0.433015,0.000000,0.000000,0,1
1789801869.679623,5,13.827499,26.214871,3.103749,19.128000,26.252000,13.628000,26.252000,0.034828,5.066985,0.799745,3.098071,-0.001765,0.433015,0.000000,0.000000,0,1
1789801869.779553,5,13.827499,26.214871,3.103749,19.128000,26.252000,13.628000,26.252000,0.034828,5.066985,0.799745,3.098071,-0.001765,0.433015,0.000000,0.000000,0,1
1789801869.879595,5,13.827499,26.214871,3.103749,19.128000,26.252000,13.628000,26.252000,0.034828,5.066985,0.799745,3.098071,-0.001765,0.433015,0.000000,0.000000,0,1
1789801869.979590,5,13.827499,26.214871,3.103749,19.128000,26.252000,13.628000,26.252000,0.034828,5.066985,0.799745,3.098071,-0.001765,0.433015,0.000000,0.000000,0,1
1789801870.079623,5,13.827499,26.214871,3.103749,19.128000,26.252000,13.628000,26.252000,0.034828,5.066985,0.799745,3.098071,-0.001765,0.433015,0.000000,0.000000,0,1
1789801870.179584,5,13.827499,26.214871,3.103749,19.128000,26.252000,13.628000,26.252000,0.034828,5.066985,0.799745,3.098071,-0.001765,0.433015,0.000000,0.000000,0,1
1789801870.279590,5,13.827499,26.214871,3.103749,19.128000,26.252000,13.628000,26.252000,0.034828,5.066985,0.799745,3.098071,-0.001765,0.433015,0.000000,0.000000,0,1
1789801870.379639,5,13.827499,26.214871,3.103749,19.128000,26.252000,13.628000,26.252000,0.034828,5.066985,0.799745,3.098071,-0.001765,0.433015,0.000000,0.000000,0,1
1789801870.479727,5,13.827499,26.214871,3.103749,19.128000,26.252000,13.628000,26.252000,0.034828,5.066985,0.799745,3.098071,-0.001765,0.433015,0.000000,0.000000,0,1
1789801870.579689,5,13.827499,26.214871,3.103749,19.128000,26.252000,13.628000,26.252000,0.034828,5.066985,0.799745,3.098071,-0.001765,0.433015,0.000000,0.000000,0,1
1789801870.679720,5,13.827499,26.214871,3.103749,19.128000,26.252000,13.628000,26.252000,0.034828,5.066985,0.799745,3.098071,-0.001765,0.433015,0.000000,0.000000,0,1
1789801870.779658,5,13.827499,26.214871,3.103749,19.128000,26.252000,13.628000,26.252000,0.034828,5.066985,0.799745,3.098071,-0.001765,0.433015,0.000000,0.000000,0,1
1789801870.879680,5,13.827499,26.214871,3.103749,19.128000,26.252000,13.628000,26.252000,0.034828,5.066985,0.799745,3.098071,-0.001765,0.433015,0.000000,0.000000,0,1
1789801870.979674,5,13.827499,26.214871,3.103749,19.128000,26.252000,13.628000,26.252000,0.034828,5.066985,0.799745,3.098071,-0.001765,0.433015,0.000000,0.000000,0,1
1789801871.079746,5,13.827499,26.214871,3.103749,19.128000,26.252000,13.628000,26.252000,0.034828,5.066985,0.799745,3.098071,-0.001765,0.433015,0.000000,0.000000,0,1
1789801871.179809,5,13.827499,26.214871,3.103749,19.128000,26.252000,13.628000,26.252000,0.034828,5.066985,0.799745,3.098071,-0.001765,0.433015,0.000000,0.000000,0,1
1789801871.279745,5,13.827499,26.214871,3.103749,19.128000,26.252000,13.628000,26.252000,0.034828,5.066985,0.799745,3.098071,-0.001765,0.433015,0.000000,0.000000,0,1
1789801871.379771,5,13.827499,26.214871,3.103749,19.128000,26.252000,13.628000,26.252000,0.034828,5.066985,0.799745,3.098071,-0.001765,0.433015,0.000000,0.000000,0,1
1789801871.479789,5,13.827499,26.214871,3.103749,19.128000,26.252000,13.628000,26.252000,0.034828,5.066985,0.799745,3.098071,-0.001765,0.433015,0.000000,0.000000,0,1
1789801871.579747,5,13.827499,26.214871,3.103749,19.128000,26.252000,13.628000,26.252000,0.034828,5.066985,0.799745,3.098071,-0.001765,0.433015,0.000000,0.000000,0,1
1789801871.679741,5,13.827499,26.214871,3.103749,19.128000,26.252000,13.628000,26.252000,0.034828,5.066985,0.799745,3.098071,-0.001765,0.433015,0.000000,0.000000,0,1
1789801871.779748,5,13.827499,26.214871,3.103749,19.128000,26.252000,13.628000,26.252000,0.034828,5.066985,0.799745,3.098071,-0.001765,0.433015,0.000000,0.000000,0,1
1789801871.879817,5,13.827499,26.214871,3.103749,19.128000,26.252000,13.628000,26.252000,0.034828,5.066985,0.799745,3.098071,-0.001765,0.433015,0.000000,0.000000,0,1
1789801871.979832,5,13.827499,26.214871,3.103749,19.128000,26.252000,13.628000,26.252000,0.034828,5.066985,0.799745,3.098071,-0.001765,0.433015,0.000000,0.000000,0,1
1789801872.079796,5,13.827499,26.214871,3.103749,19.128000,26.252000,13.628000,26.252000,0.034828,5.066985,0.799745,3.098071,-0.001765,0.433015,0.000000,0.000000,0,1
1789801872.180032,5,13.827499,26.214871,3.103749,19.128000,26.252000,13.628000,26.252000,0.034828,5.066985,0.799745,3.098071,-0.001765,0.433015,0.000000,0.000000,0,1
1789801872.279845,5,13.827499,26.214871,3.103749,19.128000,26.252000,13.628000,26.252000,0.034828,5.066985,0.799745,3.098071,-0.001765,0.433015,0.000000,0.000000,0,1
1789801872.379844,5,13.827499,26.214871,3.103749,19.128000,26.252000,13.628000,26.252000,0.034828,5.066985,0.799745,3.098071,-0.001765,0.433015,0.000000,0.000000,0,1
1789801872.479870,5,13.827499,26.214871,3.103749,19.128000,26.252000,13.628000,26.252000,0.034828,5.066985,0.799745,3.098071,-0.001765,0.433015,0.000000,0.000000,0,1
1789801872.579895,5,13.827499,26.214871,3.103749,19.128000,26.252000,13.628000,26.252000,0.034828,5.066985,0.799745,3.098071,-0.001765,0.433015,0.000000,0.000000,0,1
1789801872.679887,5,13.827499,26.214871,3.103749,19.128000,26.252000,13.628000,26.252000,0.034828,5.066985,0.799745,3.098071,-0.001765,0.433015,0.000000,0.000000,0,1
1789801872.779951,5,13.827499,26.214871,3.103749,19.128000,26.252000,13.628000,26.252000,0.034828,5.066985,0.799745,3.098071,-0.001765,0.433015,0.000000,0.000000,0,1
1789801872.879956,5,13.827499,26.214871,3.103749,19.128000,26.252000,13.628000,26.252000,0.034828,5.066985,0.799745,3.098071,-0.001765,0.433015,0.000000,0.000000,0,1
1789801872.979930,5,13.827499,26.214871,3.103749,19.128000,26.252000,13.628000,26.252000,0.034828,5.066985,0.799745,3.098071,-0.001765,0.433015,0.000000,0.000000,0,1
1789801873.079876,5,13.827499,26.214871,3.103749,19.128000,26.252000,13.628000,26.252000,0.034828,5.066985,0.799745,3.098071,-0.001765,0.433015,0.000000,0.000000,0,1
1789801873.179877,5,13.827499,26.214871,3.103749,19.128000,26.252000,13.628000,26.252000,0.034828,5.066985,0.799745,3.098071,-0.001765,0.433015,0.000000,0.000000,0,1
1789801873.279954,5,13.827499,26.214871,3.103749,19.128000,26.252000,13.628000,26.252000,0.034828,5.066985,0.799745,3.098071,-0.001765,0.433015,0.000000,0.000000,0,1
1789801873.379969,5,13.827499,26.214871,3.103749,19.128000,26.252000,13.628000,26.252000,0.034828,5.066985,0.799745,3.098071,-0.001765,0.433015,0.000000,0.000000,0,1
1789801873.479975,5,13.827499,26.214871,3.103749,19.128000,26.252000,13.628000,26.252000,0.034828,5.066985,0.799745,3.098071,-0.001765,0.433015,0.000000,0.000000,0,1
1789801873.579981,5,13.827499,26.214871,3.103749,19.128000,26.252000,13.628000,26.252000,0.034828,5.066985,0.799745,3.098071,-0.001765,0.433015,0.000000,0.000000,0,1
1789801873.679984,5,13.827499,26.214871,3.103749,19.128000,26.252000,13.628000,26.252000,0.034828,5.066985,0.799745,3.098071,-0.001765,0.433015,0.000000,0.000000,0,1
1789801873.779972,5,13.827499,26.214871,3.103749,19.128000,26.252000,13.628000,26.252000,0.034828,5.066985,0.799745,3.098071,-0.001765,0.433015,0.000000,0.000000,0,1
1789801873.880002,5,13.827499,26.214871,3.103749,19.128000,26.252000,13.628000,26.252000,0.034828,5.066985,0.799745,3.098071,-0.001765,0.433015,0.000000,0.000000,0,1
1789801873.980015,5,13.827499,26.214871,3.103749,19.128000,26.252000,13.628000,26.252000,0.034828,5.066985,0.799745,3.098071,-0.001765,0.433015,0.000000,0.000000,0,1
1789801874.080677,5,13.827499,26.214871,3.103749,19.128000,26.252000,13.628000,26.252000,0.034828,5.066985,0.799745,3.098071,-0.001765,0.433015,0.000000,0.000000,0,1
1789801874.180050,5,13.827499,26.214871,3.103749,19.128000,26.252000,13.628000,26.252000,0.034828,5.066985,0.799745,3.098071,-0.001765,0.433015,0.000000,0.000000,0,1
1789801874.280059,5,13.827499,26.214871,3.103749,19.128000,26.252000,13.628000,26.252000,0.034828,5.066985,0.799745,3.098071,-0.001765,0.433015,0.000000,0.000000,0,1
1789801874.380043,1,13.827499,26.214871,3.103749,13.827499,26.214871,13.628000,26.252000,-0.000000,0.000000,0.800000,2.957588,-0.146161,0.202925,0.387008,-0.014675,0,0
1789801874.480109,1,13.827499,26.214871,3.103749,13.628000,26.252000,13.728000,24.702000,0.196695,0.049896,0.791984,-1.749801,1.429635,1.503327,0.180000,0.148260,0,0
1789801874.580129,1,13.827499,26.214871,3.103749,13.628000,26.252000,13.728000,24.702000,0.196695,0.049896,0.791984,-1.749801,1.429635,1.503327,0.180000,0.278608,0,0
1789801874.680095,1,13.827499,26.214871,3.103749,13.628000,26.252000,13.728000,24.702000,0.196695,0.049896,0.791984,-1.749801,1.429635,1.503327,0.180000,0.382886,0,0
1789801874.780102,1,13.827499,26.214871,3.103749,13.628000,26.252000,13.728000,24.702000,0.196695,0.049896,0.791984,-1.749801,1.429635,1.503327,0.180000,0.466309,0,0
1789801874.880112,1,13.827499,26.214871,3.103749,13.628000,26.252000,13.728000,24.702000,0.196695,0.049896,0.791984,-1.749801,1.429635,1.503327,0.180000,0.533047,0,0
1789801874.980177,1,13.827499,26.214871,3.103749,13.628000,26.252000,13.728000,24.702000,0.196695,0.049896,0.791984,-1.749801,1.429635,1.503327,0.180000,0.586438,0,0
1789801875.080135,1,13.827499,26.214871,3.103749,13.628000,26.252000,13.728000,24.702000,0.196695,0.049896,0.791984,-1.749801,1.429635,1.503327,0.180000,0.629150,0,0
1789801875.180238,1,13.827499,26.214871,3.103749,13.628000,26.252000,13.728000,24.702000,0.196695,0.049896,0.791984,-1.749801,1.429635,1.503327,0.180000,0.663320,0,0
1789801875.280173,1,13.827499,26.214871,3.103749,13.628000,26.252000,13.728000,24.702000,0.196695,0.049896,0.791984,-1.749801,1.429635,1.503327,0.180000,0.690656,0,0
1789801875.380156,1,13.827499,26.214871,3.103749,13.628000,26.252000,13.728000,24.702000,0.196695,0.049896,0.791984,-1.749801,1.429635,1.503327,0.180000,0.712525,0,0
1789801875.480165,1,13.827499,26.214871,3.103749,13.628000,26.252000,13.728000,24.702000,0.196695,0.049896,0.791984,-1.749801,1.429635,1.503327,0.180000,0.730020,0,0
1789801875.580206,1,13.827499,26.214871,3.103749,13.628000,26.252000,13.728000,24.702000,0.196695,0.049896,0.791984,-1.749801,1.429635,1.503327,0.180000,0.744016,0,0
1789801875.680208,1,13.827499,26.214871,3.103749,13.628000,26.252000,13.728000,24.702000,0.196695,0.049896,0.791984,-1.749801,1.429635,1.503327,0.180000,0.755213,0,0
1789801875.780266,1,13.827499,26.214871,3.103749,13.628000,26.252000,13.728000,24.702000,0.196695,0.049896,0.791984,-1.749801,1.429635,1.503327,0.180000,0.764170,0,0
1789801875.880234,1,13.827499,26.214871,3.103749,13.628000,26.252000,13.728000,24.702000,0.196695,0.049896,0.791984,-1.749801,1.429635,1.503327,0.180000,0.771336,0,0
1789801875.980252,1,13.827499,26.214871,3.103749,13.628000,26.252000,13.728000,24.702000,0.196695,0.049896,0.791984,-1.749801,1.429635,1.503327,0.180000,0.775544,0,0
1789801876.080399,1,13.827499,26.214871,3.103749,13.628000,26.252000,13.728000,24.702000,0.196695,0.049896,0.791984,-1.749801,1.429635,1.503327,0.180000,0.775808,0,0
1789801876.180320,1,13.827499,26.214871,3.103749,13.628000,26.252000,13.728000,24.702000,0.196695,0.049896,0.791984,-1.749801,1.429635,1.503327,0.180000,0.773537,0,0
1789801876.280258,1,13.827499,26.214871,3.103749,13.628000,26.252000,13.728000,24.702000,0.196695,0.049896,0.791984,-1.749801,1.429635,1.503327,0.180000,0.769735,0,0
1789801876.380278,1,13.724463,26.207872,-3.037920,13.628000,26.252000,13.728000,24.702000,0.093421,0.050247,0.798173,-1.622883,1.415036,1.502975,0.180000,0.759559,0,0
1789801876.480279,1,13.724463,26.207872,-3.037920,13.628000,26.252000,13.728000,24.702000,0.093421,0.050247,0.798173,-1.622883,1.415036,1.502975,0.180000,0.750964,0,0
1789801876.580302,1,13.724463,26.207872,-3.037920,13.628000,26.252000,13.728000,24.702000,0.093421,0.050247,0.798173,-1.622883,1.415036,1.502975,0.180000,0.743726,0,0
1789801876.680286,1,13.694968,26.192262,-2.906564,13.628000,26.252000,13.728000,24.702000,0.062983,0.063926,0.799168,-1.585018,1.321546,1.489296,0.180000,0.702116,0,0
1789801876.780362,1,13.694968,26.192262,-2.906564,13.628000,26.252000,13.728000,24.702000,0.062983,0.063926,0.799168,-1.585018,1.321546,1.489296,0.180000,0.673831,0,0
1789801876.880299,1,13.675652,26.172728,-2.772595,13.628000,26.252000,13.728000,24.702000,0.042449,0.082176,0.799622,-1.559406,1.213189,1.471047,0.180000,0.614017,0,0
1789801876.980344,1,13.675652,26.172728,-2.772595,13.628000,26.252000,13.728000,24.702000,0.042449,0.082176,0.799622,-1.559406,1.213189,1.471047,0.180000,0.575439,0,0
1789801877.080348,1,13.652643,26.150978,-2.612742,13.628000,26.252000,13.728000,24.702000,0.018088,0.102399,0.799931,-1.528977,1.083765,1.450823,0.180000,0.502819,0,0
1789801877.180418,1,13.652643,26.150978,-2.612742,13.628000,26.252000,13.728000,24.702000,0.018088,0.102399,0.799931,-1.528977,1.083765,1.450823,0.180000,0.457905,0,0
1789801877.280340,1,13.626532,26.123247,-2.461137,13.628000,26.252000,13.728000,24.702000,-0.009755,0.128391,0.799980,-1.494176,0.966961,1.424831,0.180000,0.388110,0,0
1789801877.380392,1,13.626532,26.123247,-2.461137,13.628000,26.252000,13.728000,24.702000,-0.009755,0.128391,0.799980,-1.494176,0.966961,1.424831,0.180000,0.347257,0,0
1789801877.480389,1,13.598456,26.095895,-2.320911,13.628000,26.252000,13.728000,24.702000,-0.039533,0.153879,0.799672,-1.456973,0.863938,1.399343,0.180000,0.287409,0,0
1789801877.580398,1,13.598456,26.095895,-2.320911,13.628000,26.252000,13.728000,24.702000,-0.039533,0.153879,0.799672,-1.456973,0.863938,1.399343,0.180000,0.254890,0,0
1789801877.680506,1,13.570739,26.063007,-2.194093,13.628000,26.252000,13.728000,24.702000,-0.069310,0.184914,0.798993,-1.419840,0.774254,1.368308,0.180000,0.207109,0,0
1789801877.780413,1,13.570739,26.063007,-2.194093,13.628000,26.252000,13.728000,24.702000,-0.069310,0.184914,0.798993,-1.419840,0.774254,1.368308,0.180000,0.183730,0,0
1789801877.880421,1,13.570739,26.063007,-2.194093,13.628000,26.252000,13.728000,24.702000,-0.069310,0.184914,0.798993,-1.419840,0.774254,1.368308,0.180000,0.176904,0,0
1789801877.980504,1,13.538843,26.006128,-2.039279,13.628000,26.252000,13.728000,24.702000,-0.104802,0.239622,0.797702,-1.375738,0.663541,1.313600,0.300000,0.138894,0,0
1789801878.080434,1,13.538843,26.006128,-2.039279,13.628000,26.252000,13.728000,24.702000,-0.104802,0.239622,0.797702,-1.375738,0.663541,1.313600,0.300000,0.122283,0,0
1789801878.180463,1,13.538843,26.006128,-2.039279,13.628000,26.252000,13.728000,24.702000,-0.104802,0.239622,0.797702,-1.375738,0.663541,1.313600,0.300000,0.120031,0,0
1789801878.280480,1,13.538843,26.006128,-2.039279,13.628000,26.252000,13.728000,24.702000,-0.104802,0.239622,0.797702,-1.375738,0.663541,1.313600,0.300000,0.127060,0,0
1789801878.380557,1,13.510829,25.935679,-1.906640,13.628000,26.252000,13.728000,24.702000,-0.137294,0.308121,0.796068,-1.335585,0.571055,1.245101,0.300000,0.104621,0,0
1789801878.480507,1,13.510829,25.935679,-1.906640,13.628000,26.252000,13.728000,24.702000,-0.137294,0.308121,0.796068,-1.335585,0.571055,1.245101,0.300000,0.097497,0,0
1789801878.580472,1,13.510829,25.935679,-1.906640,13.628000,26.252000,13.728000,24.702000,-0.137294,0.308121,0.796068,-1.335585,0.571055,1.245101,0.300000,0.100458,0,0
1789801878.680493,1,13.510829,25.935679,-1.906640,13.628000,26.252000,13.728000,24.702000,-0.137294,0.308121,0.796068,-1.335585,0.571055,1.245101,0.300000,0.109757,0,0
1789801878.780513,1,13.510829,25.935679,-1.906640,13.628000,26.252000,13.728000,24.702000,-0.137294,0.308121,0.796068,-1.335585,0.571055,1.245101,0.300000,0.122738,0,0
1789801878.880544,1,13.488028,25.837068,-1.789799,13.628000,26.252000,13.728000,24.702000,-0.166396,0.405059,0.794242,-1.299853,0.489946,1.148163,0.300000,0.106742,0,0
1789801878.980526,1,13.488028,25.837068,-1.789799,13.628000,26.252000,13.728000,24.702000,-0.166396,0.405059,0.794242,-1.299853,0.489946,1.148163,0.300000,0.102034,0,0
1789801879.080572,1,13.488028,25.837068,-1.789799,13.628000,26.252000,13.728000,24.702000,-0.166396,0.405059,0.794242,-1.299853,0.489946,1.148163,0.300000,0.104739,0,0
1789801879.180622,1,13.488028,25.837068,-1.789799,13.628000,26.252000,13.728000,24.702000,-0.166396,0.405059,0.794242,-1.299853,0.489946,1.148163,0.300000,0.112079,0,0
1789801879.280541,1,13.488028,25.837068,-1.789799,13.628000,26.252000,13.728000,24.702000,-0.166396,0.405059,0.794242,-1.299853,0.489946,1.148163,0.300000,0.122092,0,0
1789801879.380549,1,13.488028,25.837068,-1.789799,13.628000,26.252000,13.728000,24.702000,-0.166396,0.405059,0.794242,-1.299853,0.489946,1.148163,0.300000,0.133416,0,0
1789801879.480559,1,13.469147,25.690906,-1.651688,13.628000,26.252000,13.728000,24.702000,-0.194648,0.549703,0.792148,-1.265422,0.386266,1.003520,0.300000,0.105735,0,0
1789801879.580596,1,13.469147,25.690906,-1.651688,13.628000,26.252000,13.728000,24.702000,-0.194648,0.549703,0.792148,-1.265422,0.386266,1.003520,0.300000,0.091516,0,0
1789801879.680612,1,13.469147,25.690906,-1.651688,13.628000,26.252000,13.728000,24.702000,-0.194648,0.549703,0.792148,-1.265422,0.386266,1.003520,0.300000,0.086480,0,0
1789801879.780650,1,13.469147,25.690906,-1.651688,13.628000,26.252000,13.728000,24.702000,-0.194648,0.549703,0.792148,-1.265422,0.386266,1.003520,0.300000,0.087523,0,0
1789801879.880612,1,13.458696,25.568720,-1.580437,13.628000,26.252000,13.728000,24.702000,-0.212944,0.670962,0.790627,-1.243277,0.337160,0.882260,0.300000,0.073750,0,0
1789801879.980668,1,13.458696,25.568720,-1.580437,13.628000,26.252000,13.728000,24.702000,-0.212944,0.670962,0.790627,-1.243277,0.337160,0.882260,0.300000,0.068729,0,0
1789801880.080617,1,13.458696,25.568720,-1.580437,13.628000,26.252000,13.728000,24.702000,-0.212944,0.670962,0.790627,-1.243277,0.337160,0.882260,0.300000,0.069510,0,0
1789801880.180650,1,13.458696,25.568720,-1.580437,13.628000,26.252000,13.728000,24.702000,-0.212944,0.670962,0.790627,-1.243277,0.337160,0.882260,0.300000,0.073972,0,0
1789801880.280644,1,13.456101,25.436913,-1.537093,13.628000,26.252000,13.728000,24.702000,-0.224019,0.802328,0.789644,-1.229936,0.307157,0.750894,0.300000,0.069211,0,0
1789801880.380656,1,13.456101,25.436913,-1.537093,13.628000,26.252000,13.728000,24.702000,-0.224019,0.802328,0.789644,-1.229936,0.307157,0.750894,0.300000,0.069539,0,0
1789801880.480723,1,13.456101,25.436913,-1.537093,13.628000,26.252000,13.728000,24.702000,-0.224019,0.802328,0.789644,-1.229936,0.307157,0.750894,0.300000,0.073110,0,0
1789801880.580675,1,13.456101,25.436913,-1.537093,13.628000,26.252000,13.728000,24.702000,-0.224019,0.802328,0.789644,-1.229936,0.307157,0.750894,0.300000,0.078614,0,0
1789801880.681039,1,13.454949,25.309335,-1.510434,13.628000,26.252000,13.728000,24.702000,-0.233383,0.929568,0.788777,-1.218697,0.291738,0.623655,0.300000,0.079289,0,0
1789801880.780795,1,13.454949,25.309335,-1.510434,13.628000,26.252000,13.728000,24.702000,-0.233383,0.929568,0.788777,-1.218697,0.291738,0.623655,0.300000,0.082384,0,0
1789801880.880797,1,13.454949,25.309335,-1.510434,13.628000,26.252000,13.728000,24.702000,-0.233383,0.929568,0.788777,-1.218697,0.291738,0.623655,0.300000,0.086904,0,0
1789801880.980749,1,13.454949,25.309335,-1.510434,13.628000,26.252000,13.728000,24.702000,-0.233383,0.929568,0.788777,-1.218697,0.291738,0.623655,0.300000,0.092156,0,0
1789801881.080879,2,13.460483,25.180930,-1.485221,13.628000,26.252000,13.728000,24.702000,-0.236127,1.058063,0.788517,-1.215410,0.269811,0.495160,0.300000,0.089333,0,0
1789801881.180744,2,13.460483,25.180930,-1.485221,13.728000,24.702000,19.128000,24.452000,0.466046,-0.289380,0.757686,-0.597705,0.887516,5.695164,0.180000,0.231467,0,0
1789801881.280767,2,13.460483,25.180930,-1.485221,13.728000,24.702000,19.128000,24.452000,0.466046,-0.289380,0.757686,-0.597705,0.887516,5.695164,0.180000,0.345173,0,0
1789801881.380766,2,13.460483,25.180930,-1.485221,13.728000,24.702000,19.128000,24.452000,0.466046,-0.289380,0.757686,-0.597705,0.887516,5.695164,0.180000,0.436139,0,0
1789801881.480758,2,13.477100,25.055437,-1.449747,13.728000,24.702000,19.128000,24.452000,0.341455,-0.266977,0.776488,-0.460555,0.989192,5.672761,0.180000,0.508911,0,0
1789801881.580878,2,13.477100,25.055437,-1.449747,13.728000,24.702000,19.128000,24.452000,0.341455,-0.266977,0.776488,-0.460555,0.989192,5.672761,0.180000,0.567129,0,0
1789801881.680840,2,13.477100,25.055437,-1.449747,13.728000,24.702000,19.128000,24.452000,0.341455,-0.266977,0.776488,-0.460555,0.989192,5.672761,0.180000,0.613703,0,0
1789801881.780816,2,13.477100,25.055437,-1.449747,13.728000,24.702000,19.128000,24.452000,0.341455,-0.266977,0.776488,-0.460555,0.989192,5.672761,0.180000,0.647412,0,0
1789801881.880821,2,13.499959,24.934141,-1.394804,13.728000,24.702000,19.128000,24.452000,0.221347,-0.238533,0.789886,-0.319482,1.075322,5.644317,0.180000,0.677930,0,0
1789801881.980840,2,13.499959,24.934141,-1.394804,13.728000,24.702000,19.128000,24.452000,0.221347,-0.238533,0.789886,-0.319482,1.075322,5.644317,0.180000,0.702344,0,0
1789801882.080904,2,13.499959,24.934141,-1.394804,13.728000,24.702000,19.128000,24.452000,0.221347,-0.238533,0.789886,-0.319482,1.075322,5.644317,0.180000,0.714295,0,0
1789801882.180920,2,13.517547,24.872176,-1.275000,13.728000,24.702000,19.128000,24.452000,0.160261,-0.218098,0.794655,-0.245268,1.029732,5.623882,0.180000,0.697557,0,0
1789801882.280887,2,13.517547,24.872176,-1.275000,13.728000,24.702000,19.128000,24.452000,0.160261,-0.218098,0.794655,-0.245268,1.029732,5.623882,0.180000,0.679537,0,0
1789801882.380902,2,13.531693,24.841288,-1.150540,13.728000,24.702000,19.128000,24.452000,0.130060,-0.202538,0.796469,-0.208131,0.942409,5.608322,0.180000,0.628239,0,0
1789801882.480889,2,13.531693,24.841288,-1.150540,13.728000,24.702000,19.128000,24.452000,0.130060,-0.202538,0.796469,-0.208131,0.942409,5.608322,0.180000,0.589127,0,0
1789801882.580909,2,13.546660,24.810144,-1.002460,13.728000,24.702000,19.128000,24.452000,0.099642,-0.186147,0.797922,-0.170497,0.831963,5.591931,0.180000,0.517415,0,0
1789801882.680921,2,13.546660,24.810144,-1.002460,13.728000,24.702000,19.128000,24.452000,0.099642,-0.186147,0.797922,-0.170497,0.831963,5.591931,0.180000,0.467462,0,0
1789801882.780913,2,13.574807,24.780572,-0.842372,13.728000,24.702000,19.128000,24.452000,0.071403,-0.156662,0.798931,-0.135400,0.706972,5.562446,0.180000,0.385939,0,0
1789801882.880955,2,13.574807,24.780572,-0.842372,13.728000,24.702000,19.128000,24.452000,0.071403,-0.156662,0.798931,-0.135400,0.706972,5.562446,0.180000,0.332466,0,0
1789801882.980934,2,13.604150,24.756569,-0.690321,13.728000,24.702000,19.128000,24.452000,0.048783,-0.126241,0.799501,-0.107204,0.583116,5.532025,0.300000,0.252015,0,0
1789801883.080973,2,13.604150,24.756569,-0.690321,13.728000,24.702000,19.128000,24.452000,0.048783,-0.126241,0.799501,-0.107204,0.583116,5.532025,0.300000,0.202108,0,0
1789801883.180960,2,13.635534,24.739203,-0.560740,13.728000,24.702000,19.128000,24.452000,0.032887,-0.094088,0.799773,-0.087361,0.473379,5.499872,0.300000,0.132043,0,0
1789801883.280942,2,13.635534,24.739203,-0.560740,13.728000,24.702000,19.128000,24.452000,0.032887,-0.094088,0.799773,-0.087361,0.473379,5.499872,0.300000,0.091387,0,0
1789801883.380964,2,13.635534,24.739203,-0.560740,13.728000,24.702000,19.128000,24.452000,0.032887,-0.094088,0.799773,-0.087361,0.473379,5.499872,0.300000,0.071179,0,0
1789801883.480994,2,13.674975,24.716067,-0.421044,13.728000,24.702000,19.128000,24.452000,0.011600,-0.053619,0.799972,-0.060763,0.360282,5.459403,0.300000,0.021902,0,0
1789801883.580998,2,13.674975,24.716067,-0.421044,13.728000,24.702000,19.128000,24.452000,0.011600,-0.053619,0.799972,-0.060763,0.360282,5.459403,0.300000,-0.003305,0,0
1789801883.681014,2,13.674975,24.716067,-0.421044,13.728000,24.702000,19.128000,24.452000,0.011600,-0.053619,0.799972,-0.060763,0.360282,5.459403,0.300000,-0.012101,0,0
1789801883.780988,2,13.720419,24.697040,-0.310717,13.728000,24.702000,19.128000,24.452000,-0.005305,-0.007344,0.799994,-0.039632,0.271085,5.413128,0.300000,-0.043935,0,0
1789801883.881030,2,13.720419,24.697040,-0.310717,13.728000,24.702000,19.128000,24.452000,-0.005305,-0.007344,0.799994,-0.039632,0.271085,5.413128,0.300000,-0.057131,0,0
1789801883.981139,2,13.720419,24.697040,-0.310717,13.728000,24.702000,19.128000,24.452000,-0.005305,-0.007344,0.799994,-0.039632,0.271085,5.413128,0.300000,-0.057869,0,0
1789801884.081036,2,13.777624,24.677846,-0.202836,13.728000,24.702000,19.128000,24.452000,-0.021833,0.050688,0.799900,-0.018975,0.183861,5.355096,0.345623,-0.083759,0,0
1789801884.181056,2,13.777624,24.677846,-0.202836,13.728000,24.702000,19.128000,24.452000,-0.021833,0.050688,0.799900,-0.018975,0.183861,5.355096,0.345623,-0.093302,0,0
1789801884.281041,2,13.777624,24.677846,-0.202836,13.728000,24.702000,19.128000,24.452000,-0.021833,0.050688,0.799900,-0.018975,0.183861,5.355096,0.345623,-0.092000,0,0
1789801884.381050,2,13.777624,24.677846,-0.202836,13.728000,24.702000,19.128000,24.452000,-0.021833,0.050688,0.799900,-0.018975,0.183861,5.355096,0.345623,-0.083809,0,0
1789801884.481106,2,13.870698,24.660208,-0.101230,13.728000,24.702000,19.128000,24.452000,-0.035148,0.144478,0.799741,-0.002342,0.098888,5.261306,0.583964,-0.103818,0,0
1789801884.581116,2,13.870698,24.660208,-0.101230,13.728000,24.702000,19.128000,24.452000,-0.035148,0.144478,0.799741,-0.002342,0.098888,5.261306,0.583964,-0.110494,0,0
1789801884.681203,2,13.870698,24.660208,-0.101230,13.728000,24.702000,19.128000,24.452000,-0.035148,0.144478,0.799741,-0.002342,0.098888,5.261306,0.583964,-0.108368,0,0
1789801884.781146,2,13.870698,24.660208,-0.101230,13.728000,24.702000,19.128000,24.452000,-0.035148,0.144478,0.799741,-0.002342,0.098888,5.261306,0.583964,-0.100696,0,0
1789801884.881196,2,13.870698,24.660208,-0.101230,13.728000,24.702000,19.128000,24.452000,-0.035148,0.144478,0.799741,-0.002342,0.098888,5.261306,0.583964,-0.089780,0,0
1789801884.981171,2,13.998246,24.644272,-0.073010,13.728000,24.702000,19.128000,24.452000,-0.045168,0.272627,0.799572,0.010167,0.083177,5.133157,0.569741,-0.083193,0,0
1789801885.081161,2,13.998246,24.644272,-0.073010,13.728000,24.702000,19.128000,24.452000,-0.045168,0.272627,0.799572,0.010167,0.083177,5.133157,0.569741,-0.073987,0,0
1789801885.181142,2,13.998246,24.644272,-0.073010,13.728000,24.702000,19.128000,24.452000,-0.045168,0.272627,0.799572,0.010167,0.083177,5.133157,0.569741,-0.063471,0,0
1789801885.281189,2,13.998246,24.644272,-0.073010,13.728000,24.702000,19.128000,24.452000,-0.045168,0.272627,0.799572,0.010167,0.083177,5.133157,0.569741,-0.052539,0,0
1789801885.381404,2,14.110432,24.631183,-0.079910,13.728000,24.702000,19.128000,24.452000,-0.053055,0.385298,0.799409,0.020008,0.099918,5.020486,0.557235,-0.035425,0,0
1789801885.481174,2,14.110432,24.631183,-0.079910,13.728000,24.702000,19.128000,24.452000,-0.053055,0.385298,0.799409,0.020008,0.099918,5.020486,0.557235,-0.021057,0,0
1789801885.581216,2,14.110432,24.631183,-0.079910,13.728000,24.702000,19.128000,24.452000,-0.053055,0.385298,0.799409,0.020008,0.099918,5.020486,0.557235,-0.009021,0,0
1789801885.681205,2,14.110432,24.631183,-0.079910,13.728000,24.702000,19.128000,24.452000,-0.053055,0.385298,0.799409,0.020008,0.099918,5.020486,0.557235,0.001042,0,0
1789801885.781221,2,14.251346,24.606013,-0.122660,13.728000,24.702000,19.128000,24.452000,-0.071681,0.527225,0.798923,0.043219,0.165879,4.878559,0.364780,0.034500,0,0
1789801885.881235,2,14.251346,24.606013,-0.122660,13.728000,24.702000,19.128000,24.452000,-0.071681,0.527225,0.798923,0.043219,0.165879,4.878559,0.364780,0.057852,0,0
1789801885.981225,2,14.251346,24.606013,-0.122660,13.728000,24.702000,19.128000,24.452000,-0.071681,0.527225,0.798923,0.043219,0.165879,4.878559,0.364780,0.073800,0,0
1789801886.081234,2,14.372754,24.581360,-0.160326,13.728000,24.702000,19.128000,24.452000,-0.090693,0.649643,0.798278,0.066863,0.227188,4.756141,0.303495,0.107668,0,0
1789801886.181278,2,14.372754,24.581360,-0.160326,13.728000,24.702000,19.128000,24.452000,-0.090693,0.649643,0.798278,0.066863,0.227188,4.756141,0.303495,0.129581,0,0
1789801886.281240,2,14.372754,24.581360,-0.160326,13.728000,24.702000,19.128000,24.452000,-0.090693,0.649643,0.798278,0.066863,0.227188,4.756141,0.303495,0.142966,0,0
1789801886.381292,2,14.491132,24.546600,-0.191904,13.728000,24.702000,19.128000,24.452000,-0.119941,0.769502,0.796994,0.103108,0.295011,4.636281,0.300000,0.176119,0,0
1789801886.481232,2,14.491132,24.546600,-0.191904,13.728000,24.702000,19.128000,24.452000,-0.119941,0.769502,0.796994,0.103108,0.295011,4.636281,0.300000,0.196192,0,0
1789801886.581278,2,14.491132,24.546600,-0.191904,13.728000,24.702000,19.128000,24.452000,-0.119941,0.769502,0.796994,0.103108,0.295011,4.636281,0.300000,0.207092,0,0
1789801886.681301,2,14.631749,24.507109,-0.216579,13.728000,24.702000,19.128000,24.452000,-0.152887,0.911795,0.795131,0.143697,0.360277,4.493989,0.300000,0.236478,0,0
1789801886.781322,2,14.631749,24.507109,-0.216579,13.728000,24.702000,19.128000,24.452000,-0.152887,0.911795,0.795131,0.143697,0.360277,4.493989,0.300000,0.253032,0,0
1789801886.881302,2,14.631749,24.507109,-0.216579,13.728000,24.702000,19.128000,24.452000,-0.152887,0.911795,0.795131,0.143697,0.360277,4.493989,0.300000,0.260711,0,0
1789801886.981357,2,14.772868,24.470349,-0.237911,13.728000,24.702000,19.128000,24.452000,-0.183082,1.054463,0.793043,0.180622,0.418533,4.351321,0.300000,0.284534,0,0
1789801887.081384,2,14.772868,24.470349,-0.237911,13.728000,24.702000,19.128000,24.452000,-0.183082,1.054463,0.793043,0.180622,0.418533,4.351321,0.300000,0.296770,0,0
1789801887.181365,2,14.772868,24.470349,-0.237911,13.728000,24.702000,19.128000,24.452000,-0.183082,1.054463,0.793043,0.180622,0.418533,4.351321,0.300000,0.301101,0,0
1789801887.281329,2,14.772868,24.470349,-0.237911,13.728000,24.702000,19.128000,24.452000,-0.183082,1.054463,0.793043,0.180622,0.418533,4.351321,0.300000,0.300200,0,0
1789801887.381357,2,14.912475,24.439038,-0.189563,13.728000,24.702000,19.128000,24.452000,-0.207902,1.195369,0.791059,0.210740,0.400303,4.210415,0.300000,0.289060,0,0
1789801887.481396,2,14.912475,24.439038,-0.189563,13.728000,24.702000,19.128000,24.452000,-0.207902,1.195369,0.791059,0.210740,0.400303,4.210415,0.300000,0.278375,0,0
1789801887.581383,2,14.912475,24.439038,-0.189563,13.728000,24.702000,19.128000,24.452000,-0.207902,1.195369,0.791059,0.210740,0.400303,4.210415,0.300000,0.268407,0,0
1789801887.681424,2,14.912475,24.439038,-0.189563,13.728000,24.702000,19.128000,24.452000,-0.207902,1.195369,0.791059,0.210740,0.400303,4.210415,0.300000,0.259298,0,0
1789801887.781433,2,15.027254,24.435593,-0.044725,13.728000,24.702000,19.128000,24.452000,-0.206035,1.310184,0.791217,0.208482,0.253208,4.095600,0.300000,0.195217,0,0
1789801887.881483,2,15.027254,24.435593,-0.044725,13.728000,24.702000,19.128000,24.452000,-0.206035,1.310184,0.791217,0.208482,0.253208,4.095600,0.300000,0.151461,0,0
1789801887.981400,2,15.027254,24.435593,-0.044725,13.728000,24.702000,19.128000,24.452000,-0.206035,1.310184,0.791217,0.208482,0.253208,4.095600,0.300000,0.122463,0,0
1789801888.081464,2,15.027254,24.435593,-0.044725,13.728000,24.702000,19.128000,24.452000,-0.206035,1.310184,0.791217,0.208482,0.253208,4.095600,0.300000,0.104069,0,0
1789801888.181509,2,15.147950,24.442514,0.092663,13.728000,24.702000,19.128000,24.452000,-0.193540,1.430431,0.792236,0.193340,0.100676,3.975353,0.443590,0.035251,0,0
1789801888.281508,2,15.147950,24.442514,0.092663,13.728000,24.702000,19.128000,24.452000,-0.193540,1.430431,0.792236,0.193340,0.100676,3.975353,0.443590,-0.008190,0,0
1789801888.381491,2,15.147950,24.442514,0.092663,13.728000,24.702000,19.128000,24.452000,-0.193540,1.430431,0.792236,0.193340,0.100676,3.975353,0.443590,-0.033650,0,0
1789801888.481480,2,15.147950,24.442514,0.092663,13.728000,24.702000,19.128000,24.452000,-0.193540,1.430431,0.792236,0.193340,0.100676,3.975353,0.443590,-0.046586,0,0
1789801888.581438,2,15.265077,24.460314,0.173837,13.728000,24.702000,19.128000,24.452000,-0.170343,1.546609,0.793968,0.165079,-0.008758,3.859175,0.428338,-0.092582,0,0
1789801888.681484,2,15.265077,24.460314,0.173837,13.728000,24.702000,19.128000,24.452000,-0.170343,1.546609,0.793968,0.165079,-0.008758,3.859175,0.428338,-0.118492,0,0
1789801888.781524,2,15.265077,24.460314,0.173837,13.728000,24.702000,19.128000,24.452000,-0.170343,1.546609,0.793968,0.165079,-0.008758,3.859175,0.428338,-0.130510,0,0
1789801888.881508,2,15.265077,24.460314,0.173837,13.728000,24.702000,19.128000,24.452000,-0.170343,1.546609,0.793968,0.165079,-0.008758,3.859175,0.428338,-0.133156,0,0
1789801888.981534,2,15.378128,24.476829,0.213660,13.728000,24.702000,19.128000,24.452000,-0.148617,1.658776,0.795397,0.138453,-0.075208,3.747008,0.415889,-0.154943,0,0
1789801889.081550,2,15.378128,24.476829,0.213660,13.728000,24.702000,19.128000,24.452000,-0.148617,1.658776,0.795397,0.138453,-0.075208,3.747008,0.415889,-0.164193,0,0
1789801889.181521,2,15.378128,24.476829,0.213660,13.728000,24.702000,19.128000,24.452000,-0.148617,1.658776,0.795397,0.138453,-0.075208,3.747008,0.415889,-0.165049,0,0
1789801889.281569,2,15.378128,24.476829,0.213660,13.728000,24.702000,19.128000,24.452000,-0.148617,1.658776,0.795397,0.138453,-0.075208,3.747008,0.415889,-0.160500,0,0
1789801889.381538,2,15.499068,24.502994,0.246351,13.728000,24.702000,19.128000,24.452000,-0.116887,1.778376,0.797145,0.099332,-0.147020,3.627408,0.386013,-0.179966,0,0
1789801889.481559,2,15.499068,24.502994,0.246351,13.728000,24.702000,19.128000,24.452000,-0.116887,1.778376,0.797145,0.099332,-0.147020,3.627408,0.386013,-0.188167,0,0
1789801889.581542,2,15.499068,24.502994,0.246351,13.728000,24.702000,19.128000,24.452000,-0.116887,1.778376,0.797145,0.099332,-0.147020,3.627408,0.386013,-0.188829,0,0
1789801889.681617,2,15.499068,24.502994,0.246351,13.728000,24.702000,19.128000,24.452000,-0.116887,1.778376,0.797145,0.099332,-0.147020,3.627408,0.386013,-0.184640,0,0
1789801889.781597,2,15.630099,24.534360,0.269065,13.728000,24.702000,19.128000,24.452000,-0.079495,1.907817,0.798676,0.052943,-0.216122,3.497967,0.313740,-0.203771,0,0
1789801889.881612,2,15.630099,24.534360,0.269065,13.728000,24.702000,19.128000,24.452000,-0.079495,1.907817,0.798676,0.052943,-0.216122,3.497967,0.313740,-0.212187,0,0
1789801889.981590,2,15.630099,24.534360,0.269065,13.728000,24.702000,19.128000,24.452000,-0.079495,1.907817,0.798676,0.052943,-0.216122,3.497967,0.313740,-0.213408,0,0
1789801890.081633,2,15.741285,24.558258,0.243482,13.728000,24.702000,19.128000,24.452000,-0.050480,2.017778,0.799465,0.016795,-0.226686,3.388006,0.303952,-0.213989,0,0
1789801890.181639,2,15.741285,24.558258,0.243482,13.728000,24.702000,19.128000,24.452000,-0.050480,2.017778,0.799465,0.016795,-0.226686,3.388006,0.303952,-0.210336,0,0
1789801890.281648,2,15.741285,24.558258,0.243482,13.728000,24.702000,19.128000,24.452000,-0.050480,2.017778,0.799465,0.016795,-0.226686,3.388006,0.303952,-0.204118,0,0
1789801890.381627,2,15.857218,24.575872,0.175914,13.728000,24.702000,19.128000,24.452000,-0.027524,2.132773,0.799841,-0.011865,-0.187779,3.273011,0.341583,-0.181721,0,0
1789801890.481695,2,15.857218,24.575872,0.175914,13.728000,24.702000,19.128000,24.452000,-0.027524,2.132773,0.799841,-0.011865,-0.187779,3.273011,0.341583,-0.163874,0,0
1789801890.581681,2,15.857218,24.575872,0.175914,13.728000,24.702000,19.128000,24.452000,-0.027524,2.132773,0.799841,-0.011865,-0.187779,3.273011,0.341583,-0.149652,0,0
1789801890.681690,2,15.967697,24.589964,0.100034,13.728000,24.702000,19.128000,24.452000,-0.008337,2.242482,0.799985,-0.035842,-0.135876,3.163302,0.399135,-0.118598,0,0
1789801890.781672,2,15.967697,24.589964,0.100034,13.728000,24.702000,19.128000,24.452000,-0.008337,2.242482,0.799985,-0.035842,-0.135876,3.163302,0.399135,-0.096696,0,0
1789801890.881732,2,15.967697,24.589964,0.100034,13.728000,24.702000,19.128000,24.452000,-0.008337,2.242482,0.799985,-0.035842,-0.135876,3.163302,0.399135,-0.081529,0,0
1789801890.981724,2,15.967697,24.589964,0.100034,13.728000,24.702000,19.128000,24.452000,-0.008337,2.242482,0.799985,-0.035842,-0.135876,3.163302,0.399135,-0.071279,0,0
1789801891.081724,2,16.104723,24.596513,0.001444,13.728000,24.702000,19.128000,24.452000,0.004542,2.379059,0.799996,-0.051941,-0.053385,3.026725,0.335943,-0.033237,0,0
1789801891.181746,2,16.104723,24.596513,0.001444,13.728000,24.702000,19.128000,24.452000,0.004542,2.379059,0.799996,-0.051941,-0.053385,3.026725,0.335943,-0.008628,0,0
1789801891.281729,2,16.104723,24.596513,0.001444,13.728000,24.702000,19.128000,24.452000,0.004542,2.379059,0.799996,-0.051941,-0.053385,3.026725,0.335943,0.006399,0,0
1789801891.381741,2,16.104723,24.596513,0.001444,13.728000,24.702000,19.128000,24.452000,0.004542,2.379059,0.799996,-0.051941,-0.053385,3.026725,0.335943,0.014693,0,0
1789801891.481756,2,16.253505,24.590177,-0.069501,13.728000,24.702000,19.128000,24.452000,0.005093,2.527975,0.799995,-0.052630,0.016871,2.877809,0.319414,0.045040,0,0
1789801891.581751,2,16.253505,24.590177,-0.069501,13.728000,24.702000,19.128000,24.452000,0.005093,2.527975,0.799995,-0.052630,0.016871,2.877809,0.319414,0.062998,0,0
1789801891.681787,2,16.253505,24.590177,-0.069501,13.728000,24.702000,19.128000,24.452000,0.005093,2.527975,0.799995,-0.052630,0.016871,2.877809,0.319414,0.072309,0,0
1789801891.781842,2,16.253505,24.590177,-0.069501,13.728000,24.702000,19.128000,24.452000,0.005093,2.527975,0.799995,-0.052630,0.016871,2.877809,0.319414,0.075713,0,0
1789801891.881797,2,16.401028,24.582116,-0.077458,13.728000,24.702000,19.128000,24.452000,0.003863,2.675712,0.799997,-0.051092,0.026365,2.730072,0.303017,0.078809,0,0
1789801891.981789,2,16.401028,24.582116,-0.077458,13.728000,24.702000,19.128000,24.452000,0.003863,2.675712,0.799997,-0.051092,0.026365,2.730072,0.303017,0.078165,0,0
1789801892.081804,2,16.401028,24.582116,-0.077458,13.728000,24.702000,19.128000,24.452000,0.003863,2.675712,0.799997,-0.051092,0.026365,2.730072,0.303017,0.075154,0,0
1789801892.181812,2,16.401028,24.582116,-0.077458,13.728000,24.702000,19.128000,24.452000,0.003863,2.675712,0.799997,-0.051092,0.026365,2.730072,0.303017,0.070748,0,0
1789801892.281916,2,16.534243,24.580549,-0.049191,13.728000,24.702000,19.128000,24.452000,0.008458,2.808857,0.799985,-0.056836,-0.007645,2.596927,0.300000,0.052710,0,0
1789801892.381835,2,16.534243,24.580549,-0.049191,13.728000,24.702000,19.128000,24.452000,0.008458,2.808857,0.799985,-0.056836,-0.007645,2.596927,0.300000,0.038904,0,0
1789801892.481868,2,16.534243,24.580549,-0.049191,13.728000,24.702000,19.128000,24.452000,0.008458,2.808857,0.799985,-0.056836,-0.007645,2.596927,0.300000,0.028359,0,0
1789801892.581869,2,16.534243,24.580549,-0.049191,13.728000,24.702000,19.128000,24.452000,0.008458,2.808857,0.799985,-0.056836,-0.007645,2.596927,0.300000,0.020323,0,0
1789801892.681888,2,16.665822,24.580937,-0.004427,13.728000,24.702000,19.128000,24.452000,0.014931,2.940277,0.799953,-0.064926,-0.060499,2.465507,0.300000,-0.005871,0,0
1789801892.781873,2,16.665822,24.580937,-0.004427,13.728000,24.702000,19.128000,24.452000,0.014931,2.940277,0.799953,-0.064926,-0.060499,2.465507,0.300000,-0.023610,0,0
1789801892.881887,2,16.665822,24.580937,-0.004427,13.728000,24.702000,19.128000,24.452000,0.014931,2.940277,0.799953,-0.064926,-0.060499,2.465507,0.300000,-0.035228,0,0
1789801892.981876,2,16.665822,24.580937,-0.004427,13.728000,24.702000,19.128000,24.452000,0.014931,2.940277,0.799953,-0.064926,-0.060499,2.465507,0.300000,-0.042465,0,0
1789801893.081912,2,16.784100,24.588541,0.020445,13.728000,24.702000,19.128000,24.452000,0.027997,3.058077,0.799835,-0.081253,-0.101698,2.347707,0.442233,-0.062261,0,0
1789801893.181914,2,16.784100,24.588541,0.020445,13.728000,24.702000,19.128000,24.452000,0.027997,3.058077,0.799835,-0.081253,-0.101698,2.347707,0.442233,-0.074474,0,0
1789801893.281928,2,16.784100,24.588541,0.020445,13.728000,24.702000,19.128000,24.452000,0.027997,3.058077,0.799835,-0.081253,-0.101698,2.347707,0.442233,-0.081345,0,0
1789801893.381917,2,16.784100,24.588541,0.020445,13.728000,24.702000,19.128000,24.452000,0.027997,3.058077,0.799835,-0.081253,-0.101698,2.347707,0.442233,-0.084523,0,0
1789801893.481960,2,16.908050,24.593609,0.003551,13.728000,24.702000,19.128000,24.452000,0.038792,3.181660,0.799684,-0.094735,-0.098286,2.224124,0.300000,-0.083914,0,0
1789801893.582039,2,16.908050,24.593609,0.003551,13.728000,24.702000,19.128000,24.452000,0.038792,3.181660,0.799684,-0.094735,-0.098286,2.224124,0.300000,-0.082133,0,0
1789801893.681950,2,16.908050,24.593609,0.003551,13.728000,24.702000,19.128000,24.452000,0.038792,3.181660,0.799684,-0.094735,-0.098286,2.224124,0.300000,-0.079673,0,0
1789801893.781962,2,16.908050,24.593609,0.003551,13.728000,24.702000,19.128000,24.452000,0.038792,3.181660,0.799684,-0.094735,-0.098286,2.224124,0.300000,-0.076878,0,0
1789801893.881963,2,17.034532,24.589907,-0.022491,13.728000,24.702000,19.128000,24.452000,0.040943,3.308178,0.799648,-0.097420,-0.074929,2.097606,0.000000,0.000000,1,0
1789801893.982062,2,17.034532,24.589907,-0.022491,13.728000,24.702000,19.128000,24.452000,0.040943,3.308178,0.799648,-0.097420,-0.074929,2.097606,0.000000,0.000000,1,0
1789801894.082067,2,17.034532,24.589907,-0.022491,13.728000,24.702000,19.128000,24.452000,0.040943,3.308178,0.799648,-0.097420,-0.074929,2.097606,0.000000,0.000000,1,0
1789801894.182115,2,17.034532,24.589907,-0.022491,13.728000,24.702000,19.128000,24.452000,0.040943,3.308178,0.799648,-0.097420,-0.074929,2.097606,0.000000,0.000000,1,0
1789801894.282130,2,17.171247,24.589080,-0.048706,13.728000,24.702000,19.128000,24.452000,0.046440,3.444785,0.799547,-0.104281,-0.055575,1.960999,0.000000,0.000000,1,0
1789801894.382102,2,17.171247,24.589080,-0.048706,13.728000,24.702000,19.128000,24.452000,0.046440,3.444785,0.799547,-0.104281,-0.055575,1.960999,0.000000,0.000000,1,0
1789801894.482081,2,17.171247,24.589080,-0.048706,13.728000,24.702000,19.128000,24.452000,0.046440,3.444785,0.799547,-0.104281,-0.055575,1.960999,0.000000,0.000000,1,0
1789801894.582075,2,17.171247,24.589080,-0.048706,13.728000,24.702000,19.128000,24.452000,0.046440,3.444785,0.799547,-0.104281,-0.055575,1.960999,0.000000,0.000000,1,0
1789801894.682101,2,17.305795,24.590384,-0.097911,13.728000,24.702000,19.128000,24.452000,0.053965,3.579129,0.799389,-0.113669,-0.015758,1.826655,0.300000,-0.004163,0,0
1789801894.782144,2,17.305795,24.590384,-0.097911,13.728000,24.702000,19.128000,24.452000,0.053965,3.579129,0.799389,-0.113669,-0.015758,1.826655,0.300000,0.006303,0,0
1789801894.882122,2,17.305795,24.590384,-0.097911,13.728000,24.702000,19.128000,24.452000,0.053965,3.579129,0.799389,-0.113669,-0.015758,1.826655,0.300000,0.012434,0,0
1789801894.982140,2,17.305795,24.590384,-0.097911,13.728000,24.702000,19.128000,24.452000,0.053965,3.579129,0.799389,-0.113669,-0.015758,1.826655,0.300000,0.015545,0,0
1789801895.082177,2,17.305795,24.590384,-0.097911,13.728000,24.702000,19.128000,24.452000,0.053965,3.579129,0.799389,-0.113669,-0.015758,1.826655,0.300000,0.016599,0,0
1789801895.182099,2,17.305795,24.590384,-0.097911,13.728000,24.702000,19.128000,24.452000,0.053965,3.579129,0.799389,-0.113669,-0.015758,1.826655,0.300000,0.016295,0,0
1789801895.282149,2,17.305795,24.590384,-0.097911,13.728000,24.702000,19.128000,24.452000,0.053965,3.579129,0.799389,-0.113669,-0.015758,1.826655,0.300000,0.015133,0,0
1789801895.382207,2,17.305795,24.590384,-0.097911,13.728000,24.702000,19.128000,24.452000,0.053965,3.579129,0.799389,-0.113669,-0.015758,1.826655,0.300000,0.013469,0,0
1789801895.482164,2,17.305795,24.590384,-0.097911,13.728000,24.702000,19.128000,24.452000,0.053965,3.579129,0.799389,-0.113669,-0.015758,1.826655,0.300000,0.011550,0,0
1789801895.582177,2,17.305795,24.590384,-0.097911,13.728000,24.702000,19.128000,24.452000,0.053965,3.579129,0.799389,-0.113669,-0.015758,1.826655,0.300000,0.009545,0,0
1789801895.682142,2,17.305795,24.590384,-0.097911,13.728000,24.702000,19.128000,24.452000,0.053965,3.579129,0.799389,-0.113669,-0.015758,1.826655,0.300000,0.007565,0,0
1789801895.782165,2,17.305795,24.590384,-0.097911,13.728000,24.702000,19.128000,24.452000,0.053965,3.579129,0.799389,-0.113669,-0.015758,1.826655,0.300000,0.005680,0,0
1789801895.882163,2,17.305795,24.590384,-0.097911,13.728000,24.702000,19.128000,24.452000,0.053965,3.579129,0.799389,-0.113669,-0.015758,1.826655,0.300000,0.003931,0,0
1789801895.982176,2,17.305795,24.590384,-0.097911,13.728000,24.702000,19.128000,24.452000,0.053965,3.579129,0.799389,-0.113669,-0.015758,1.826655,0.300000,0.002339,0,0
1789801896.082164,2,17.305795,24.590384,-0.097911,13.728000,24.702000,19.128000,24.452000,0.053965,3.579129,0.799389,-0.113669,-0.015758,1.826655,0.300000,0.000912,0,0
1789801896.182241,2,17.305795,24.590384,-0.097911,13.728000,24.702000,19.128000,24.452000,0.053965,3.579129,0.799389,-0.113669,-0.015758,1.826655,0.300000,-0.000354,0,0
1789801896.282181,2,17.305795,24.590384,-0.097911,13.728000,24.702000,19.128000,24.452000,0.053965,3.579129,0.799389,-0.113669,-0.015758,1.826655,0.300000,-0.001464,0,0
1789801896.382200,2,17.305795,24.590384,-0.097911,13.728000,24.702000,19.128000,24.452000,0.053965,3.579129,0.799389,-0.113669,-0.015758,1.826655,0.300000,-0.002432,0,0
1789801896.482209,2,17.421967,24.583736,-0.106679,13.728000,24.702000,19.128000,24.452000,0.052697,3.695484,0.799417,-0.112087,-0.005408,1.710300,0.300000,0.000664,0,0
1789801896.582240,2,17.421967,24.583736,-0.106679,13.728000,24.702000,19.128000,24.452000,0.052697,3.695484,0.799417,-0.112087,-0.005408,1.710300,0.300000,0.002510,0,0
1789801896.682251,2,17.421967,24.583736,-0.106679,13.728000,24.702000,19.128000,24.452000,0.052697,3.695484,0.799417,-0.112087,-0.005408,1.710300,0.300000,0.003483,0,0
1789801896.782246,2,17.421967,24.583736,-0.106679,13.728000,24.702000,19.128000,24.452000,0.052697,3.695484,0.799417,-0.112087,-0.005408,1.710300,0.300000,0.003858,0,0
1789801896.882303,2,17.421967,24.583736,-0.106679,13.728000,24.702000,19.128000,24.452000,0.052697,3.695484,0.799417,-0.112087,-0.005408,1.710300,0.300000,0.003836,0,0
1789801896.982287,2,17.421967,24.583736,-0.106679,13.728000,24.702000,19.128000,24.452000,0.052697,3.695484,0.799417,-0.112087,-0.005408,1.710300,0.300000,0.003560,0,0
1789801897.082266,2,17.421967,24.583736,-0.106679,13.728000,24.702000,19.128000,24.452000,0.052697,3.695484,0.799417,-0.112087,-0.005408,1.710300,0.300000,0.003133,0,0
1789801897.182291,2,17.542246,24.582113,-0.085375,13.728000,24.702000,19.128000,24.452000,0.056638,3.815709,0.799327,-0.117002,-0.031627,1.590075,0.300000,-0.007335,0,0
1789801897.282288,2,17.542246,24.582113,-0.085375,13.728000,24.702000,19.128000,24.452000,0.056638,3.815709,0.799327,-0.117002,-0.031627,1.590075,0.300000,-0.014374,0,0
1789801897.382299,2,17.542246,24.582113,-0.085375,13.728000,24.702000,19.128000,24.452000,0.056638,3.815709,0.799327,-0.117002,-0.031627,1.590075,0.300000,-0.018937,0,0
1789801897.482337,2,17.542246,24.582113,-0.085375,13.728000,24.702000,19.128000,24.452000,0.056638,3.815709,0.799327,-0.117002,-0.031627,1.590075,0.300000,-0.021732,0,0
1789801897.582360,2,17.542246,24.582113,-0.085375,13.728000,24.702000,19.128000,24.452000,0.056638,3.815709,0.799327,-0.117002,-0.031627,1.590075,0.300000,-0.023284,0,0
1789801897.682341,2,17.691194,24.575964,-0.079082,13.728000,24.702000,19.128000,24.452000,0.057384,3.964782,0.799309,-0.117932,-0.038850,1.441002,0.300000,-0.026723,0,0
1789801897.782344,2,17.691194,24.575964,-0.079082,13.728000,24.702000,19.128000,24.452000,0.057384,3.964782,0.799309,-0.117932,-0.038850,1.441002,0.300000,-0.028632,0,0
1789801897.882351,2,17.691194,24.575964,-0.079082,13.728000,24.702000,19.128000,24.452000,0.057384,3.964782,0.799309,-0.117932,-0.038850,1.441002,0.300000,-0.029486,0,0
1789801897.982338,2,17.691194,24.575964,-0.079082,13.728000,24.702000,19.128000,24.452000,0.057384,3.964782,0.799309,-0.117932,-0.038850,1.441002,0.300000,-0.029630,0,0
1789801898.082360,2,17.815128,24.570850,-0.076918,13.728000,24.702000,19.128000,24.452000,0.058007,4.088820,0.799294,-0.118709,-0.041790,1.316963,0.300000,-0.030431,0,0
1789801898.182396,2,17.815128,24.570850,-0.076918,13.728000,24.702000,19.128000,24.452000,0.058007,4.088820,0.799294,-0.118709,-0.041790,1.316963,0.300000,-0.030562,0,0
1789801898.282441,2,17.815128,24.570850,-0.076918,13.728000,24.702000,19.128000,24.452000,0.058007,4.088820,0.799294,-0.118709,-0.041790,1.316963,0.300000,-0.030259,0,0
1789801898.382425,2,17.815128,24.570850,-0.076918,13.728000,24.702000,19.128000,24.452000,0.058007,4.088820,0.799294,-0.118709,-0.041790,1.316963,0.300000,-0.029691,0,0
1789801898.482405,2,17.935696,24.566610,-0.087388,13.728000,24.702000,19.128000,24.452000,0.059347,4.209455,0.799261,-0.120379,-0.032991,1.196329,0.300000,-0.025632,0,0
1789801898.582458,2,17.935696,24.566610,-0.087388,13.728000,24.702000,19.128000,24.452000,0.059347,4.209455,0.799261,-0.120379,-0.032991,1.196329,0.300000,-0.022668,0,0
1789801898.682424,2,17.935696,24.566610,-0.087388,13.728000,24.702000,19.128000,24.452000,0.059347,4.209455,0.799261,-0.120379,-0.032991,1.196329,0.300000,-0.020525,0,0
1789801898.782438,2,17.935696,24.566610,-0.087388,13.728000,24.702000,19.128000,24.452000,0.059347,4.209455,0.799261,-0.120379,-0.032991,1.196329,0.300000,-0.018992,0,0
1789801898.882459,2,18.059002,24.560765,-0.106825,13.728000,24.702000,19.128000,24.452000,0.059211,4.332899,0.799265,-0.120209,-0.013385,1.072885,0.300000,-0.010463,0,0
1789801898.982462,2,18.059002,24.560765,-0.106825,13.728000,24.702000,19.128000,24.452000,0.059211,4.332899,0.799265,-0.120209,-0.013385,1.072885,0.300000,-0.004853,0,0
1789801899.082478,2,18.059002,24.560765,-0.106825,13.728000,24.702000,19.128000,24.452000,0.059211,4.332899,0.799265,-0.120209,-0.013385,1.072885,0.300000,-0.001336,0,0
1789801899.182466,2,18.059002,24.560765,-0.106825,13.728000,24.702000,19.128000,24.452000,0.059211,4.332899,0.799265,-0.120209,-0.013385,1.072885,0.300000,0.000700,0,0
1789801899.282461,2,18.181422,24.552794,-0.117943,13.728000,24.702000,19.128000,24.452000,0.056910,4.455558,0.799321,-0.117341,0.000603,0.950226,0.300000,0.007023,0,0
1789801899.382522,2,18.181422,24.552794,-0.117943,13.728000,24.702000,19.128000,24.452000,0.056910,4.455558,0.799321,-0.117341,0.000603,0.950226,0.300000,0.010801,0,0
1789801899.482502,2,18.181422,24.552794,-0.117943,13.728000,24.702000,19.128000,24.452000,0.056910,4.455558,0.799321,-0.117341,0.000603,0.950226,0.300000,0.012799,0,0
1789801899.582497,2,18.181422,24.552794,-0.117943,13.728000,24.702000,19.128000,24.452000,0.056910,4.455558,0.799321,-0.117341,0.000603,0.950226,0.300000,0.013577,0,0
1789801899.682483,2,18.303587,24.543113,-0.120764,13.728000,24.702000,19.128000,24.452000,0.052889,4.578040,0.799413,-0.112327,0.008436,0.827744,0.300000,0.016522,0,0
1789801899.782524,2,18.303587,24.543113,-0.120764,13.728000,24.702000,19.128000,24.452000,0.052889,4.578040,0.799413,-0.112327,0.008436,0.827744,0.300000,0.017914,0,0
1789801899.882570,2,18.303587,24.543113,-0.120764,13.728000,24.702000,19.128000,24.452000,0.052889,4.578040,0.799413,-0.112327,0.008436,0.827744,0.300000,0.018258,0,0
1789801899.982579,2,18.303587,24.543113,-0.120764,13.728000,24.702000,19.128000,24.452000,0.052889,4.578040,0.799413,-0.112327,0.008436,0.827744,0.300000,0.017916,0,0
1789801900.082584,2,18.424369,24.532029,-0.118749,13.728000,24.702000,19.128000,24.452000,0.047403,4.699204,0.799528,-0.105482,0.013266,0.706580,0.300000,0.018985,0,0
1789801900.182600,2,18.424369,24.532029,-0.118749,13.728000,24.702000,19.128000,24.452000,0.047403,4.699204,0.799528,-0.105482,0.013266,0.706580,0.300000,0.019174,0,0
1789801900.282550,2,18.424369,24.532029,-0.118749,13.728000,24.702000,19.128000,24.452000,0.047403,4.699204,0.799528,-0.105482,0.013266,0.706580,0.300000,0.018794,0,0
1789801900.382584,2,18.424369,24.532029,-0.118749,13.728000,24.702000,19.128000,24.452000,0.047403,4.699204,0.799528,-0.105482,0.013266,0.706580,0.300000,0.018065,0,0
1789801900.482579,2,18.540804,24.525651,-0.105237,13.728000,24.702000,19.128000,24.452000,0.046416,4.815810,0.799548,-0.104251,0.000986,0.589974,0.300000,0.012474,0,0
1789801900.582593,2,18.540804,24.525651,-0.105237,13.728000,24.702000,19.128000,24.452000,0.046416,4.815810,0.799548,-0.104251,0.000986,0.589974,0.300000,0.008416,0,0
1789801900.682625,2,18.540804,24.525651,-0.105237,13.728000,24.702000,19.128000,24.452000,0.046416,4.815810,0.799548,-0.104251,0.000986,0.589974,0.300000,0.005502,0,0
1789801900.782621,2,18.540804,24.525651,-0.105237,13.728000,24.702000,19.128000,24.452000,0.046416,4.815810,0.799548,-0.104251,0.000986,0.589974,0.300000,0.003437,0,0
1789801900.882823,3,18.658228,24.517873,-0.093994,13.728000,24.702000,19.128000,24.452000,0.044077,4.933468,0.799592,-0.101332,-0.007338,0.472316,0.300000,-0.001164,0,0
1789801900.982637,3,18.658228,24.517873,-0.093994,19.128000,24.452000,19.128000,20.452000,-0.469772,-0.065873,0.757058,-1.015423,-0.921429,4.065873,0.180000,-0.160931,0,0
1789801901.082638,3,18.658228,24.517873,-0.093994,19.128000,24.452000,19.128000,20.452000,-0.469772,-0.065873,0.757058,-1.015423,-0.921429,4.065873,0.180000,-0.288745,0,0
1789801901.182666,3,18.658228,24.517873,-0.093994,19.128000,24.452000,19.128000,20.452000,-0.469772,-0.065873,0.757058,-1.015423,-0.921429,4.065873,0.180000,-0.390996,0,0
1789801901.282648,3,18.782659,24.507588,-0.087676,19.128000,24.452000,19.128000,20.452000,-0.345341,-0.055588,0.775972,-1.152073,-1.064397,4.055588,0.180000,-0.472797,0,0
1789801901.382705,3,18.782659,24.507588,-0.087676,19.128000,24.452000,19.128000,20.452000,-0.345341,-0.055588,0.775972,-1.152073,-1.064397,4.055588,0.180000,-0.538238,0,0
1789801901.482638,3,18.782659,24.507588,-0.087676,19.128000,24.452000,19.128000,20.452000,-0.345341,-0.055588,0.775972,-1.152073,-1.064397,4.055588,0.180000,-0.590590,0,0
1789801901.582742,3,18.782659,24.507588,-0.087676,19.128000,24.452000,19.128000,20.452000,-0.345341,-0.055588,0.775972,-1.152073,-1.064397,4.055588,0.180000,-0.632472,0,0
1789801901.682722,3,18.901851,24.497261,-0.101808,19.128000,24.452000,19.128000,20.452000,-0.226149,-0.045261,0.789450,-1.291804,-1.189996,4.045261,0.180000,-0.665978,0,0
1789801901.782696,3,18.901851,24.497261,-0.101808,19.128000,24.452000,19.128000,20.452000,-0.226149,-0.045261,0.789450,-1.291804,-1.189996,4.045261,0.180000,-0.692782,0,0
1789801901.882707,3,18.901851,24.497261,-0.101808,19.128000,24.452000,19.128000,20.452000,-0.226149,-0.045261,0.789450,-1.291804,-1.189996,4.045261,0.180000,-0.714226,0,0
1789801901.982747,3,18.901851,24.497261,-0.101808,19.128000,24.452000,19.128000,20.452000,-0.226149,-0.045261,0.789450,-1.291804,-1.189996,4.045261,0.180000,-0.731381,0,0
1789801902.082705,3,19.003534,24.474392,-0.222376,19.128000,24.452000,19.128000,20.452000,-0.124466,-0.022392,0.796764,-1.415835,-1.193459,4.022392,0.180000,-0.745104,0,0
1789801902.182747,3,19.003534,24.474392,-0.222376,19.128000,24.452000,19.128000,20.452000,-0.124466,-0.022392,0.796764,-1.415835,-1.193459,4.022392,0.180000,-0.750871,0,0
1789801902.282729,3,19.044109,24.457328,-0.368035,19.128000,24.452000,19.128000,20.452000,-0.083891,-0.005328,0.798526,-1.466123,-1.098088,4.005328,0.180000,-0.712156,0,0
1789801902.382766,3,19.044109,24.457328,-0.368035,19.128000,24.452000,19.128000,20.452000,-0.083891,-0.005328,0.798526,-1.466123,-1.098088,4.005328,0.180000,-0.680855,0,0
1789801902.482795,3,19.070003,24.439809,-0.532113,19.128000,24.452000,19.128000,20.452000,-0.057997,0.012191,0.799294,-1.498363,-0.966250,3.987809,0.180000,-0.605467,0,0
1789801902.582758,3,19.070003,24.439809,-0.532113,19.128000,24.452000,19.128000,20.452000,-0.057997,0.012191,0.799294,-1.498363,-0.966250,3.987809,0.180000,-0.552325,0,0
1789801902.682764,3,19.100384,24.420131,-0.708865,19.128000,24.452000,19.128000,20.452000,-0.027616,0.031869,0.799840,-1.536284,-0.827418,3.968131,0.180000,-0.462793,0,0
1789801902.782798,3,19.100384,24.420131,-0.708865,19.128000,24.452000,19.128000,20.452000,-0.027616,0.031869,0.799840,-1.536284,-0.827418,3.968131,0.180000,-0.403530,0,0
1789801902.882789,3,19.128870,24.397691,-0.889820,19.128000,24.452000,19.128000,20.452000,0.000870,0.054309,0.800000,-1.571884,-0.682064,3.945691,0.300000,-0.310775,0,0
1789801902.982820,3,19.128870,24.397691,-0.889820,19.128000,24.452000,19.128000,20.452000,0.000870,0.054309,0.800000,-1.571884,-0.682064,3.945691,0.300000,-0.252622,0,0
1789801903.082847,3,19.152491,24.366112,-1.051464,19.128000,24.452000,19.128000,20.452000,0.024491,0.085888,0.799874,-1.601406,-0.549942,3.914112,0.300000,-0.168741,0,0
1789801903.182852,3,19.152491,24.366112,-1.051464,19.128000,24.452000,19.128000,20.452000,0.024491,0.085888,0.799874,-1.601406,-0.549942,3.914112,0.300000,-0.119306,0,0
1789801903.282838,3,19.168167,24.335930,-1.203562,19.128000,24.452000,19.128000,20.452000,0.040167,0.116070,0.799661,-1.620984,-0.417422,3.883930,0.300000,-0.043536,0,0
1789801903.382852,3,19.168167,24.335930,-1.203562,19.128000,24.452000,19.128000,20.452000,0.040167,0.116070,0.799661,-1.620984,-0.417422,3.883930,0.300000,-0.001651,0,0
1789801903.482866,3,19.177874,24.299567,-1.339905,19.128000,24.452000,19.128000,20.452000,0.049874,0.152433,0.799478,-1.633099,-0.293194,3.847567,0.300000,0.064078,0,0
1789801903.582904,3,19.177874,24.299567,-1.339905,19.128000,24.452000,19.128000,20.452000,0.049874,0.152433,0.799478,-1.633099,-0.293194,3.847567,0.300000,0.097717,0,0
1789801903.682860,3,19.184868,24.258041,-1.457380,19.128000,24.452000,19.128000,20.452000,0.056868,0.193959,0.799322,-1.641822,-0.184442,3.806041,0.345021,0.150814,0,0
1789801903.782874,3,19.184868,24.258041,-1.457380,19.128000,24.452000,19.128000,20.452000,0.056868,0.193959,0.799322,-1.641822,-0.184442,3.806041,0.345021,0.175074,0,0
1789801903.882896,3,19.188357,24.220564,-1.556982,19.128000,24.452000,19.128000,20.452000,0.060357,0.231436,0.799236,-1.646172,-0.089191,3.768564,0.565285,0.216100,0,0
1789801903.982912,3,19.188357,24.220564,-1.556982,19.128000,24.452000,19.128000,20.452000,0.060357,0.231436,0.799236,-1.646172,-0.089191,3.768564,0.565285,0.231929,0,0
1789801904.082899,3,19.188357,24.220564,-1.556982,19.128000,24.452000,19.128000,20.452000,0.060357,0.231436,0.799236,-1.646172,-0.089191,3.768564,0.565285,0.230999,0,0
1789801904.182920,3,19.186938,24.156748,-1.648426,19.128000,24.452000,19.128000,20.452000,0.058938,0.295252,0.799271,-1.644403,0.004023,3.704748,0.555712,0.254794,0,0
1789801904.282933,3,19.186938,24.156748,-1.648426,19.128000,24.452000,19.128000,20.452000,0.058938,0.295252,0.799271,-1.644403,0.004023,3.704748,0.555712,0.259912,0,0
1789801904.382917,3,19.186938,24.156748,-1.648426,19.128000,24.452000,19.128000,20.452000,0.058938,0.295252,0.799271,-1.644403,0.004023,3.704748,0.555712,0.252871,0,0
1789801904.482921,3,19.186938,24.156748,-1.648426,19.128000,24.452000,19.128000,20.452000,0.058938,0.295252,0.799271,-1.644403,0.004023,3.704748,0.555712,0.238331,0,0
1789801904.582918,3,19.186938,24.156748,-1.648426,19.128000,24.452000,19.128000,20.452000,0.058938,0.295252,0.799271,-1.644403,0.004023,3.704748,0.555712,0.219572,0,0
1789801904.682945,3,19.173238,24.041991,-1.758435,19.128000,24.452000,19.128000,20.452000,0.045238,0.410009,0.799571,-1.627313,0.131121,3.589991,0.404870,0.247143,0,0
1789801904.783012,3,19.173238,24.041991,-1.758435,19.128000,24.452000,19.128000,20.452000,0.045238,0.410009,0.799571,-1.627313,0.131121,3.589991,0.404870,0.257525,0,0
1789801904.883003,3,19.173238,24.041991,-1.758435,19.128000,24.452000,19.128000,20.452000,0.045238,0.410009,0.799571,-1.627313,0.131121,3.589991,0.404870,0.256491,0,0
1789801904.982985,3,19.173238,24.041991,-1.758435,19.128000,24.452000,19.128000,20.452000,0.045238,0.410009,0.799571,-1.627313,0.131121,3.589991,0.404870,0.248192,0,0
1789801905.082989,3,19.173238,24.041991,-1.758435,19.128000,24.452000,19.128000,20.452000,0.045238,0.410009,0.799571,-1.627313,0.131121,3.589991,0.404870,0.235575,0,0
1789801905.183074,3,19.140788,23.896500,-1.858670,19.128000,24.452000,19.128000,20.452000,0.012788,0.555500,0.799966,-1.586781,0.271889,3.444500,0.300000,0.274154,0,0
1789801905.283014,3,19.140788,23.896500,-1.858670,19.128000,24.452000,19.128000,20.452000,0.012788,0.555500,0.799966,-1.586781,0.271889,3.444500,0.300000,0.293316,0,0
1789801905.383008,3,19.140788,23.896500,-1.858670,19.128000,24.452000,19.128000,20.452000,0.012788,0.555500,0.799966,-1.586781,0.271889,3.444500,0.300000,0.299284,0,0
1789801905.483108,3,19.140788,23.896500,-1.858670,19.128000,24.452000,19.128000,20.452000,0.012788,0.555500,0.799966,-1.586781,0.271889,3.444500,0.300000,0.296571,0,0
1789801905.583027,3,19.100239,23.756130,-1.903489,19.128000,24.452000,19.128000,20.452000,-0.027761,0.695870,0.799838,-1.536102,0.367386,3.304130,0.300000,0.324717,0,0
1789801905.683042,3,19.100239,23.756130,-1.903489,19.128000,24.452000,19.128000,20.452000,-0.027761,0.695870,0.799838,-1.536102,0.367386,3.304130,0.300000,0.337090,0,0
1789801905.783091,3,19.100239,23.756130,-1.903489,19.128000,24.452000,19.128000,20.452000,-0.027761,0.695870,0.799838,-1.536102,0.367386,3.304130,0.300000,0.338873,0,0
1789801905.883055,3,19.100239,23.756130,-1.903489,19.128000,24.452000,19.128000,20.452000,-0.027761,0.695870,0.799838,-1.536102,0.367386,3.304130,0.300000,0.333807,0,0
1789801905.983131,3,19.065823,23.621498,-1.848314,19.128000,24.452000,19.128000,20.452000,-0.062177,0.830502,0.799189,-1.493153,0.355161,3.169498,0.300000,0.319917,0,0
1789801906.083059,3,19.065823,23.621498,-1.848314,19.128000,24.452000,19.128000,20.452000,-0.062177,0.830502,0.799189,-1.493153,0.355161,3.169498,0.300000,0.305334,0,0
1789801906.183065,3,19.065823,23.621498,-1.848314,19.128000,24.452000,19.128000,20.452000,-0.062177,0.830502,0.799189,-1.493153,0.355161,3.169498,0.300000,0.290890,0,0
1789801906.283137,3,19.065823,23.621498,-1.848314,19.128000,24.452000,19.128000,20.452000,-0.062177,0.830502,0.799189,-1.493153,0.355161,3.169498,0.300000,0.277114,0,0
1789801906.383157,3,19.039490,23.482054,-1.774451,19.128000,24.452000,19.128000,20.452000,-0.088510,0.969946,0.798359,-1.460383,0.314068,3.030054,0.300000,0.248704,0,0
1789801906.483138,3,19.039490,23.482054,-1.774451,19.128000,24.452000,19.128000,20.452000,-0.088510,0.969946,0.798359,-1.460383,0.314068,3.030054,0.300000,0.226855,0,0
1789801906.583196,3,19.039490,23.482054,-1.774451,19.128000,24.452000,19.128000,20.452000,-0.088510,0.969946,0.798359,-1.460383,0.314068,3.030054,0.300000,0.210079,0,0
1789801906.683172,3,19.039490,23.482054,-1.774451,19.128000,24.452000,19.128000,20.452000,-0.088510,0.969946,0.798359,-1.460383,0.314068,3.030054,0.300000,0.197220,0,0
1789801906.783166,3,19.040405,23.346824,-1.609833,19.128000,24.452000,19.128000,20.452000,-0.087595,1.105176,0.798393,-1.461519,0.148313,2.894824,0.384518,0.124395,0,0
1789801906.883180,3,19.040405,23.346824,-1.609833,19.128000,24.452000,19.128000,20.452000,-0.087595,1.105176,0.798393,-1.461519,0.148313,2.894824,0.384518,0.075777,0,0
1789801906.983171,3,19.040405,23.346824,-1.609833,19.128000,24.452000,19.128000,20.452000,-0.087595,1.105176,0.798393,-1.461519,0.148313,2.894824,0.384518,0.044597,0,0
1789801907.083166,3,19.040405,23.346824,-1.609833,19.128000,24.452000,19.128000,20.452000,-0.087595,1.105176,0.798393,-1.461519,0.148313,2.894824,0.384518,0.025824,0,0
1789801907.183197,3,19.070864,23.216879,-1.443362,19.128000,24.452000,19.128000,20.452000,-0.057136,1.235121,0.799315,-1.499437,-0.056075,2.764879,0.414732,-0.061904,0,0
1789801907.283239,3,19.070864,23.216879,-1.443362,19.128000,24.452000,19.128000,20.452000,-0.057136,1.235121,0.799315,-1.499437,-0.056075,2.764879,0.414732,-0.116695,0,0
1789801907.383190,3,19.070864,23.216879,-1.443362,19.128000,24.452000,19.128000,20.452000,-0.057136,1.235121,0.799315,-1.499437,-0.056075,2.764879,0.414732,-0.148215,0,0
1789801907.483240,3,19.070864,23.216879,-1.443362,19.128000,24.452000,19.128000,20.452000,-0.057136,1.235121,0.799315,-1.499437,-0.056075,2.764879,0.414732,-0.163581,0,0
1789801907.584248,3,19.113623,23.090987,-1.311154,19.128000,24.452000,19.128000,20.452000,-0.014377,1.361013,0.799957,-1.552826,-0.241672,2.638987,0.300000,-0.237998,0,0
1789801907.683212,3,19.113623,23.090987,-1.311154,19.128000,24.452000,19.128000,20.452000,-0.014377,1.361013,0.799957,-1.552826,-0.241672,2.638987,0.300000,-0.280939,0,0
1789801907.783233,3,19.113623,23.090987,-1.311154,19.128000,24.452000,19.128000,20.452000,-0.014377,1.361013,0.799957,-1.552826,-0.241672,2.638987,0.300000,-0.302017,0,0
1789801907.883262,3,19.113623,23.090987,-1.311154,19.128000,24.452000,19.128000,20.452000,-0.014377,1.361013,0.799957,-1.552826,-0.241672,2.638987,0.300000,-0.308260,0,0
1789801907.983227,3,19.158758,22.966274,-1.265218,19.128000,24.452000,19.128000,20.452000,0.030758,1.485726,0.799801,-1.609234,-0.344016,2.514274,0.300000,-0.343660,0,0
1789801908.083225,3,19.158758,22.966274,-1.265218,19.128000,24.452000,19.128000,20.452000,0.030758,1.485726,0.799801,-1.609234,-0.344016,2.514274,0.300000,-0.359450,0,0
1789801908.183286,3,19.158758,22.966274,-1.265218,19.128000,24.452000,19.128000,20.452000,0.030758,1.485726,0.799801,-1.609234,-0.344016,2.514274,0.300000,-0.362058,0,0
1789801908.283280,3,19.182213,22.866561,-1.315767,19.128000,24.452000,19.128000,20.452000,0.054213,1.585439,0.799383,-1.638511,-0.322744,2.414561,0.300000,-0.348044,0,0
1789801908.383277,3,19.182213,22.866561,-1.315767,19.128000,24.452000,19.128000,20.452000,0.054213,1.585439,0.799383,-1.638511,-0.322744,2.414561,0.300000,-0.331608,0,0
1789801908.483311,3,19.182213,22.866561,-1.315767,19.128000,24.452000,19.128000,20.452000,0.054213,1.585439,0.799383,-1.638511,-0.322744,2.414561,0.300000,-0.314279,0,0
1789801908.583317,3,19.182213,22.866561,-1.315767,19.128000,24.452000,19.128000,20.452000,0.054213,1.585439,0.799383,-1.638511,-0.322744,2.414561,0.300000,-0.297073,0,0
1789801908.683332,3,19.202643,22.745186,-1.464423,19.128000,24.452000,19.128000,20.452000,0.074643,1.706814,0.798832,-1.663966,-0.199543,2.293186,0.329738,-0.233825,0,0
1789801908.783327,3,19.202643,22.745186,-1.464423,19.128000,24.452000,19.128000,20.452000,0.074643,1.706814,0.798832,-1.663966,-0.199543,2.293186,0.329738,-0.187984,0,0
1789801908.883325,3,19.202643,22.745186,-1.464423,19.128000,24.452000,19.128000,20.452000,0.074643,1.706814,0.798832,-1.663966,-0.199543,2.293186,0.329738,-0.155118,0,0
1789801908.983364,3,19.201281,22.662778,-1.602225,19.128000,24.452000,19.128000,20.452000,0.073281,1.789222,0.798874,-1.662270,-0.060045,2.210778,0.331617,-0.078875,0,0
1789801909.083355,3,19.201281,22.662778,-1.602225,19.128000,24.452000,19.128000,20.452000,0.073281,1.789222,0.798874,-1.662270,-0.060045,2.210778,0.331617,-0.028125,0,0
1789801909.183371,3,19.201281,22.662778,-1.602225,19.128000,24.452000,19.128000,20.452000,0.073281,1.789222,0.798874,-1.662270,-0.060045,2.210778,0.331617,0.004278,0,0
1789801909.283365,3,19.201281,22.662778,-1.602225,19.128000,24.452000,19.128000,20.452000,0.073281,1.789222,0.798874,-1.662270,-0.060045,2.210778,0.331617,0.023645,0,0
1789801909.383356,3,19.192185,22.548097,-1.722089,19.128000,24.452000,19.128000,20.452000,0.064185,1.903903,0.799136,-1.650942,0.071147,2.096097,0.314415,0.083745,0,0
1789801909.483370,3,19.192185,22.548097,-1.722089,19.128000,24.452000,19.128000,20.452000,0.064185,1.903903,0.799136,-1.650942,0.071147,2.096097,0.314415,0.120282,0,0
1789801909.583395,3,19.192185,22.548097,-1.722089,19.128000,24.452000,19.128000,20.452000,0.064185,1.903903,0.799136,-1.650942,0.071147,2.096097,0.314415,0.140277,0,0
1789801909.683399,3,19.192185,22.548097,-1.722089,19.128000,24.452000,19.128000,20.452000,0.064185,1.903903,0.799136,-1.650942,0.071147,2.096097,0.314415,0.148886,0,0
1789801909.783404,3,19.180251,22.422224,-1.761041,19.128000,24.452000,19.128000,20.452000,0.052251,2.029776,0.799427,-1.636064,0.124977,1.970224,0.412402,0.170315,0,0
1789801909.883412,3,19.180251,22.422224,-1.761041,19.128000,24.452000,19.128000,20.452000,0.052251,2.029776,0.799427,-1.636064,0.124977,1.970224,0.412402,0.179717,0,0
1789801909.983519,3,19.180251,22.422224,-1.761041,19.128000,24.452000,19.128000,20.452000,0.052251,2.029776,0.799427,-1.636064,0.124977,1.970224,0.412402,0.181045,0,0
1789801910.083431,3,19.180251,22.422224,-1.761041,19.128000,24.452000,19.128000,20.452000,0.052251,2.029776,0.799427,-1.636064,0.124977,1.970224,0.412402,0.177152,0,0
1789801910.183428,3,19.167419,22.284954,-1.723093,19.128000,24.452000,19.128000,20.452000,0.039419,2.167046,0.799674,-1.620050,0.103043,1.832954,0.440452,0.161739,0,0
1789801910.283445,3,19.167419,22.284954,-1.723093,19.128000,24.452000,19.128000,20.452000,0.039419,2.167046,0.799674,-1.620050,0.103043,1.832954,0.440452,0.147466,0,0
1789801910.383460,3,19.167419,22.284954,-1.723093,19.128000,24.452000,19.128000,20.452000,0.039419,2.167046,0.799674,-1.620050,0.103043,1.832954,0.440452,0.134494,0,0
1789801910.483484,3,19.167419,22.284954,-1.723093,19.128000,24.452000,19.128000,20.452000,0.039419,2.167046,0.799674,-1.620050,0.103043,1.832954,0.440452,0.122873,0,0
1789801910.583468,3,19.164012,22.159538,-1.643714,19.128000,24.452000,19.128000,20.452000,0.036012,2.292462,0.799728,-1.615797,0.027918,1.707538,0.300000,0.084030,0,0
1789801910.683464,3,19.164012,22.159538,-1.643714,19.128000,24.452000,19.128000,20.452000,0.036012,2.292462,0.799728,-1.615797,0.027918,1.707538,0.300000,0.056369,0,0
1789801910.783513,3,19.164012,22.159538,-1.643714,19.128000,24.452000,19.128000,20.452000,0.036012,2.292462,0.799728,-1.615797,0.027918,1.707538,0.300000,0.036969,0,0
1789801910.883480,3,19.164012,22.159538,-1.643714,19.128000,24.452000,19.128000,20.452000,0.036012,2.292462,0.799728,-1.615797,0.027918,1.707538,0.300000,0.023632,0,0
1789801910.983521,3,19.169436,22.021156,-1.571298,19.128000,24.452000,19.128000,20.452000,0.041436,2.430844,0.799640,-1.622569,-0.051271,1.569156,0.300000,-0.015377,0,0
1789801911.083522,3,19.169436,22.021156,-1.571298,19.128000,24.452000,19.128000,20.452000,0.041436,2.430844,0.799640,-1.622569,-0.051271,1.569156,0.300000,-0.040752,0,0
1789801911.183518,3,19.169436,22.021156,-1.571298,19.128000,24.452000,19.128000,20.452000,0.041436,2.430844,0.799640,-1.622569,-0.051271,1.569156,0.300000,-0.056388,0,0
1789801911.283562,3,19.180140,21.906767,-1.508830,19.128000,24.452000,19.128000,20.452000,0.052140,2.545233,0.799430,-1.635925,-0.127095,1.454767,0.409790,-0.093975,0,0
1789801911.383523,3,19.180140,21.906767,-1.508830,19.128000,24.452000,19.128000,20.452000,0.052140,2.545233,0.799430,-1.635925,-0.127095,1.454767,0.409790,-0.116813,0,0
1789801911.483544,3,19.180140,21.906767,-1.508830,19.128000,24.452000,19.128000,20.452000,0.052140,2.545233,0.799430,-1.635925,-0.127095,1.454767,0.409790,-0.129298,0,0
1789801911.583579,3,19.190961,21.795793,-1.488208,19.128000,24.452000,19.128000,20.452000,0.062961,2.656207,0.799169,-1.649417,-0.161208,1.343793,0.369927,-0.147619,0,0
1789801911.683585,3,19.190961,21.795793,-1.488208,19.128000,24.452000,19.128000,20.452000,0.062961,2.656207,0.799169,-1.649417,-0.161208,1.343793,0.369927,-0.156663,0,0
1789801911.783573,3,19.190961,21.795793,-1.488208,19.128000,24.452000,19.128000,20.452000,0.062961,2.656207,0.799169,-1.649417,-0.161208,1.343793,0.369927,-0.159409,0,0
1789801911.883642,3,19.190961,21.795793,-1.488208,19.128000,24.452000,19.128000,20.452000,0.062961,2.656207,0.799169,-1.649417,-0.161208,1.343793,0.369927,-0.158014,0,0
1789801911.983610,3,19.194209,21.669678,-1.520195,19.128000,24.452000,19.128000,20.452000,0.066209,2.782322,0.799081,-1.653464,-0.133269,1.217678,0.402270,-0.143408,0,0
1789801912.083621,3,19.194209,21.669678,-1.520195,19.128000,24.452000,19.128000,20.452000,0.066209,2.782322,0.799081,-1.653464,-0.133269,1.217678,0.402270,-0.130989,0,0
1789801912.183641,3,19.194209,21.669678,-1.520195,19.128000,24.452000,19.128000,20.452000,0.066209,2.782322,0.799081,-1.653464,-0.133269,1.217678,0.402270,-0.120466,0,0
1789801912.283640,3,19.194209,21.669678,-1.520195,19.128000,24.452000,19.128000,20.452000,0.066209,2.782322,0.799081,-1.653464,-0.133269,1.217678,0.402270,-0.111579,0,0
1789801912.383651,3,19.195067,21.540843,-1.579315,19.128000,24.452000,19.128000,20.452000,0.067067,2.911157,0.799057,-1.654532,-0.075217,1.088843,0.300000,-0.082030,0,0
1789801912.483583,3,19.195067,21.540843,-1.579315,19.128000,24.452000,19.128000,20.452000,0.067067,2.911157,0.799057,-1.654532,-0.075217,1.088843,0.300000,-0.061343,0,0
1789801912.583639,3,19.195067,21.540843,-1.579315,19.128000,24.452000,19.128000,20.452000,0.067067,2.911157,0.799057,-1.654532,-0.075217,1.088843,0.300000,-0.047153,0,0
1789801912.683646,3,19.195067,21.540843,-1.579315,19.128000,24.452000,19.128000,20.452000,0.067067,2.911157,0.799057,-1.654532,-0.075217,1.088843,0.300000,-0.037690,0,0
1789801912.783652,3,19.184560,21.390157,-1.651200,19.128000,24.452000,19.128000,20.452000,0.056560,3.061843,0.799329,-1.641439,0.009761,0.938157,0.300000,0.000658,0,0
1789801912.883646,3,19.184560,21.390157,-1.651200,19.128000,24.452000,19.128000,20.452000,0.056560,3.061843,0.799329,-1.641439,0.009761,0.938157,0.300000,0.025370,0,0
1789801912.983710,3,19.184560,21.390157,-1.651200,19.128000,24.452000,19.128000,20.452000,0.056560,3.061843,0.799329,-1.641439,0.009761,0.938157,0.300000,0.040366,0,0
1789801913.083704,3,19.184560,21.390157,-1.651200,19.128000,24.452000,19.128000,20.452000,0.056560,3.061843,0.799329,-1.641439,0.009761,0.938157,0.300000,0.048544,0,0
1789801913.183724,3,19.171703,21.234513,-1.703866,19.128000,24.452000,19.128000,20.452000,0.043703,3.217487,0.799599,-1.625398,0.078468,0.782513,0.300000,0.078142,0,0
1789801913.283741,3,19.171703,21.234513,-1.703866,19.128000,24.452000,19.128000,20.452000,0.043703,3.217487,0.799599,-1.625398,0.078468,0.782513,0.300000,0.095529,0,0
1789801913.383752,3,19.171703,21.234513,-1.703866,19.128000,24.452000,19.128000,20.452000,0.043703,3.217487,0.799599,-1.625398,0.078468,0.782513,0.300000,0.104404,0,0
1789801913.483738,3,19.171703,21.234513,-1.703866,19.128000,24.452000,19.128000,20.452000,0.043703,3.217487,0.799599,-1.625398,0.078468,0.782513,0.300000,0.107478,0,0
1789801913.583739,3,19.149167,21.086310,-1.760531,19.128000,24.452000,19.128000,20.452000,0.021167,3.365690,0.799906,-1.597252,0.163278,0.634310,0.367636,0.138944,0,0
1789801913.683749,3,19.149167,21.086310,-1.760531,19.128000,24.452000,19.128000,20.452000,0.021167,3.365690,0.799906,-1.597252,0.163278,0.634310,0.367636,0.156790,0,0
1789801913.783720,3,19.149167,21.086310,-1.760531,19.128000,24.452000,19.128000,20.452000,0.021167,3.365690,0.799906,-1.597252,0.163278,0.634310,0.367636,0.165205,0,0
1789801913.883743,3,19.149167,21.086310,-1.760531,19.128000,24.452000,19.128000,20.452000,0.021167,3.365690,0.799906,-1.597252,0.163278,0.634310,0.367636,0.167248,0,0
1789801913.983738,3,19.149167,21.086310,-1.760531,19.128000,24.452000,19.128000,20.452000,0.021167,3.365690,0.799906,-1.597252,0.163278,0.634310,0.367636,0.165132,0,0
1789801914.083935,4,19.129292,20.927711,-1.750700,19.128000,24.452000,19.128000,20.452000,0.001292,3.524289,0.800000,-1.572412,0.178288,0.475711,0.351449,0.166140,0,0
1789801914.183777,4,19.129292,20.927711,-1.750700,19.128000,20.452000,17.878000,20.452000,-0.475711,-0.001292,0.756050,-2.579975,-0.829274,1.251292,0.180000,-0.027088,0,0
1789801914.283796,4,19.129292,20.927711,-1.750700,19.128000,20.452000,17.878000,20.452000,-0.475711,-0.001292,0.756050,-2.579975,-0.829274,1.251292,0.180000,-0.181671,0,0
1789801914.383787,4,19.129292,20.927711,-1.750700,19.128000,20.452000,17.878000,20.452000,-0.475711,-0.001292,0.756050,-2.579975,-0.829274,1.251292,0.180000,-0.305336,0,0
1789801914.484130,4,19.129292,20.927711,-1.750700,19.128000,20.452000,17.878000,20.452000,-0.475711,-0.001292,0.756050,-2.579975,-0.829274,1.251292,0.180000,-0.404269,0,0
1789801914.583843,4,19.119131,20.771685,-1.658215,19.128000,20.452000,17.878000,20.452000,-0.319685,0.008869,0.779288,-2.752301,-1.094085,1.241131,0.180000,-0.483415,0,0
1789801914.683801,4,19.119131,20.771685,-1.658215,19.128000,20.452000,17.878000,20.452000,-0.319685,0.008869,0.779288,-2.752301,-1.094085,1.241131,0.180000,-0.546732,0,0
1789801914.784462,4,19.119131,20.771685,-1.658215,19.128000,20.452000,17.878000,20.452000,-0.319685,0.008869,0.779288,-2.752301,-1.094085,1.241131,0.180000,-0.597386,0,0
1789801914.883826,4,19.119131,20.771685,-1.658215,19.128000,20.452000,17.878000,20.452000,-0.319685,0.008869,0.779288,-2.752301,-1.094085,1.241131,0.180000,-0.637909,0,0
1789801914.983855,4,19.119797,20.643564,-1.598905,19.128000,20.452000,17.878000,20.452000,-0.191564,0.008203,0.792392,-2.904390,-1.305485,1.241797,0.180000,-0.670327,0,0
1789801915.083871,4,19.119797,20.643564,-1.598905,19.128000,20.452000,17.878000,20.452000,-0.191564,0.008203,0.792392,-2.904390,-1.305485,1.241797,0.180000,-0.696262,0,0
1789801915.183853,4,19.119797,20.643564,-1.598905,19.128000,20.452000,17.878000,20.452000,-0.191564,0.008203,0.792392,-2.904390,-1.305485,1.241797,0.180000,-0.717009,0,0
1789801915.283881,4,19.119797,20.643564,-1.598905,19.128000,20.452000,17.878000,20.452000,-0.191564,0.008203,0.792392,-2.904390,-1.305485,1.241797,0.180000,-0.733607,0,0
1789801915.383904,4,19.119797,20.643564,-1.598905,19.128000,20.452000,17.878000,20.452000,-0.191564,0.008203,0.792392,-2.904390,-1.305485,1.241797,0.180000,-0.746886,0,0
1789801915.483895,4,19.109828,20.522492,-1.747475,19.128000,20.452000,17.878000,20.452000,-0.070492,0.018172,0.798958,-3.053591,-1.306116,1.231828,0.180000,-0.757509,0,0
1789801915.583875,4,19.109828,20.522492,-1.747475,19.128000,20.452000,17.878000,20.452000,-0.070492,0.018172,0.798958,-3.053591,-1.306116,1.231828,0.180000,-0.766007,0,0
1789801915.683889,4,19.100891,20.483068,-1.893158,19.128000,20.452000,17.878000,20.452000,-0.031068,0.027109,0.799797,-3.102767,-1.209608,1.222891,0.180000,-0.735127,0,0
1789801915.784023,4,19.100891,20.483068,-1.893158,19.128000,20.452000,17.878000,20.452000,-0.031068,0.027109,0.799797,-3.102767,-1.209608,1.222891,0.180000,-0.710151,0,0
1789801915.883999,4,19.089409,20.450435,-2.057773,19.128000,20.452000,17.878000,20.452000,0.001565,0.038591,0.799999,3.139637,-1.085775,1.211409,0.180000,-0.642914,0,0
1789801915.984046,4,19.089409,20.450435,-2.057773,19.128000,20.452000,17.878000,20.452000,0.001565,0.038591,0.799999,3.139637,-1.085775,1.211409,0.180000,-0.595882,0,0
1789801916.083960,4,19.068550,20.424993,-2.227427,19.128000,20.452000,17.878000,20.452000,0.027007,0.059450,0.799847,3.107840,-0.947918,1.190550,0.180000,-0.511266,0,0
1789801916.183983,4,19.068550,20.424993,-2.227427,19.128000,20.452000,17.878000,20.452000,0.027007,0.059450,0.799847,3.107840,-0.947918,1.190550,0.180000,-0.455620,0,0
1789801916.283973,4,19.045679,20.398495,-2.390199,19.128000,20.452000,17.878000,20.452000,0.053505,0.082321,0.799399,3.074761,-0.818225,1.167679,0.180000,-0.371453,0,0
1789801916.383900,4,19.045679,20.398495,-2.390199,19.128000,20.452000,17.878000,20.452000,0.053505,0.082321,0.799399,3.074761,-0.818225,1.167679,0.180000,-0.319092,0,0
1789801916.483962,4,19.019587,20.378702,-2.532922,19.128000,20.452000,17.878000,20.452000,0.073298,0.108413,0.798874,3.050097,-0.700166,1.141587,0.180000,-0.244338,0,0
1789801916.584044,4,19.019587,20.378702,-2.532922,19.128000,20.452000,17.878000,20.452000,0.073298,0.108413,0.798874,3.050097,-0.700166,1.141587,0.180000,-0.200726,0,0
1789801916.683969,4,18.994413,20.363219,-2.645327,19.128000,20.452000,17.878000,20.452000,0.088781,0.133587,0.798349,3.030842,-0.607016,1.116413,0.300000,-0.143383,0,0
1789801916.783969,4,18.994413,20.363219,-2.645327,19.128000,20.452000,17.878000,20.452000,0.088781,0.133587,0.798349,3.030842,-0.607016,1.116413,0.300000,-0.113089,0,0
1789801916.884047,4,18.972870,20.347990,-2.741964,19.128000,20.452000,17.878000,20.452000,0.104010,0.155130,0.797737,3.011942,-0.529279,1.094870,0.300000,-0.071783,0,0
1789801916.984016,4,18.972870,20.347990,-2.741964,19.128000,20.452000,17.878000,20.452000,0.104010,0.155130,0.797737,3.011942,-0.529279,1.094870,0.300000,-0.053061,0,0
1789801917.084108,4,18.972870,20.347990,-2.741964,19.128000,20.452000,17.878000,20.452000,0.104010,0.155130,0.797737,3.011942,-0.529279,1.094870,0.300000,-0.049542,0,0
1789801917.184050,4,18.927974,20.333251,-2.867443,19.128000,20.452000,17.878000,20.452000,0.118749,0.200026,0.797053,2.993696,-0.422046,1.049974,0.300000,-0.015128,0,0
1789801917.284107,4,18.927974,20.333251,-2.867443,19.128000,20.452000,17.878000,20.452000,0.118749,0.200026,0.797053,2.993696,-0.422046,1.049974,0.300000,-0.000939,0,0
1789801917.384109,4,18.927974,20.333251,-2.867443,19.128000,20.452000,17.878000,20.452000,0.118749,0.200026,0.797053,2.993696,-0.422046,1.049974,0.300000,-0.000261,0,0
1789801917.484111,4,18.872154,20.321115,-2.976540,19.128000,20.452000,17.878000,20.452000,0.130885,0.255846,0.796424,2.978708,-0.327937,0.994154,0.300000,0.027503,0,0
1789801917.584083,4,18.872154,20.321115,-2.976540,19.128000,20.452000,17.878000,20.452000,0.130885,0.255846,0.796424,2.978708,-0.327937,0.994154,0.300000,0.037614,0,0
1789801917.684111,4,18.872154,20.321115,-2.976540,19.128000,20.452000,17.878000,20.452000,0.130885,0.255846,0.796424,2.978708,-0.327937,0.994154,0.300000,0.036021,0,0
1789801917.784139,4,18.872154,20.321115,-2.976540,19.128000,20.452000,17.878000,20.452000,0.130885,0.255846,0.796424,2.978708,-0.327937,0.994154,0.300000,0.027002,0,0
1789801917.884075,4,18.786550,20.310581,-3.080487,19.128000,20.452000,17.878000,20.452000,0.141419,0.341450,0.795829,2.965729,-0.236970,0.908550,0.300000,0.048174,0,0
1789801917.984128,4,18.786550,20.310581,-3.080487,19.128000,20.452000,17.878000,20.452000,0.141419,0.341450,0.795829,2.965729,-0.236970,0.908550,0.300000,0.055059,0,0
1789801918.084183,4,18.786550,20.310581,-3.080487,19.128000,20.452000,17.878000,20.452000,0.141419,0.341450,0.795829,2.965729,-0.236970,0.908550,0.300000,0.052523,0,0
1789801918.184109,4,18.786550,20.310581,-3.080487,19.128000,20.452000,17.878000,20.452000,0.141419,0.341450,0.795829,2.965729,-0.236970,0.908550,0.300000,0.044059,0,0
1789801918.284209,4,18.786550,20.310581,-3.080487,19.128000,20.452000,17.878000,20.452000,0.141419,0.341450,0.795829,2.965729,-0.236970,0.908550,0.300000,0.032141,0,0
1789801918.384174,4,18.665093,20.303913,-3.131328,19.128000,20.452000,17.878000,20.452000,0.148087,0.462907,0.795430,2.957528,-0.194329,0.787093,0.334937,0.034691,0,0
1789801918.484238,4,18.665093,20.303913,-3.131328,19.128000,20.452000,17.878000,20.452000,0.148087,0.462907,0.795430,2.957528,-0.194329,0.787093,0.334937,0.031049,0,0
1789801918.584176,4,18.665093,20.303913,-3.131328,19.128000,20.452000,17.878000,20.452000,0.148087,0.462907,0.795430,2.957528,-0.194329,0.787093,0.334937,0.023590,0,0
1789801918.684162,4,18.665093,20.303913,-3.131328,19.128000,20.452000,17.878000,20.452000,0.148087,0.462907,0.795430,2.957528,-0.194329,0.787093,0.334937,0.013986,0,0
1789801918.784211,4,18.550433,20.298299,-3.117984,19.128000,20.452000,17.878000,20.452000,0.153701,0.577567,0.795080,2.950633,-0.214569,0.672433,0.315205,-0.004294,0,0
1789801918.884177,4,18.550433,20.298299,-3.117984,19.128000,20.452000,17.878000,20.452000,0.153701,0.577567,0.795080,2.950633,-0.214569,0.672433,0.315205,-0.020113,0,0
1789801918.984209,4,18.550433,20.298299,-3.117984,19.128000,20.452000,17.878000,20.452000,0.153701,0.577567,0.795080,2.950633,-0.214569,0.672433,0.315205,-0.033724,0,0
1789801919.084299,4,18.550433,20.298299,-3.117984,19.128000,20.452000,17.878000,20.452000,0.153701,0.577567,0.795080,2.950633,-0.214569,0.672433,0.315205,-0.045378,0,0
1789801919.184197,4,18.430489,20.291762,-3.077317,19.128000,20.452000,17.878000,20.452000,0.160238,0.697511,0.794656,2.942617,-0.263251,0.552489,0.300000,-0.073822,0,0
1789801919.284304,4,18.430489,20.291762,-3.077317,19.128000,20.452000,17.878000,20.452000,0.160238,0.697511,0.794656,2.942617,-0.263251,0.552489,0.300000,-0.094339,0,0
1789801919.384238,4,18.430489,20.291762,-3.077317,19.128000,20.452000,17.878000,20.452000,0.160238,0.697511,0.794656,2.942617,-0.263251,0.552489,0.300000,-0.108961,0,0
1789801919.484244,4,18.430489,20.291762,-3.077317,19.128000,20.452000,17.878000,20.452000,0.160238,0.697511,0.794656,2.942617,-0.263251,0.552489,0.300000,-0.119225,0,0
1789801919.584436,5,18.301467,20.278857,-3.058012,19.128000,20.452000,17.878000,20.452000,0.173143,0.826533,0.793770,2.926829,-0.298345,0.423467,0.000000,0.000000,0,1
1789801919.684271,5,18.301467,20.278857,-3.058012,19.128000,20.452000,17.878000,20.452000,0.173143,0.826533,0.793770,2.926829,-0.298345,0.423467,0.000000,0.000000,0,1
1789801919.784264,5,18.301467,20.278857,-3.058012,19.128000,20.452000,17.878000,20.452000,0.173143,0.826533,0.793770,2.926829,-0.298345,0.423467,0.000000,0.000000,0,1
1789801919.884248,5,18.301467,20.278857,-3.058012,19.128000,20.452000,17.878000,20.452000,0.173143,0.826533,0.793770,2.926829,-0.298345,0.423467,0.000000,0.000000,0,1
1789801919.984272,5,18.170773,20.271348,-3.077677,19.128000,20.452000,17.878000,20.452000,0.173143,0.826533,0.793770,2.926829,-0.298345,0.423467,0.000000,0.000000,0,1
1789801920.084275,5,18.170773,20.271348,-3.077677,19.128000,20.452000,17.878000,20.452000,0.173143,0.826533,0.793770,2.926829,-0.298345,0.423467,0.000000,0.000000,0,1
1789801920.184249,5,18.170773,20.271348,-3.077677,19.128000,20.452000,17.878000,20.452000,0.173143,0.826533,0.793770,2.926829,-0.298345,0.423467,0.000000,0.000000,0,1
1789801920.284263,5,18.170773,20.271348,-3.077677,19.128000,20.452000,17.878000,20.452000,0.173143,0.826533,0.793770,2.926829,-0.298345,0.423467,0.000000,0.000000,0,1
1789801920.384327,5,18.050053,20.265932,-3.116366,19.128000,20.452000,17.878000,20.452000,0.173143,0.826533,0.793770,2.926829,-0.298345,0.423467,0.000000,0.000000,0,1
1789801920.484268,5,18.050053,20.265932,-3.116366,19.128000,20.452000,17.878000,20.452000,0.173143,0.826533,0.793770,2.926829,-0.298345,0.423467,0.000000,0.000000,0,1
1789801920.584280,5,18.050053,20.265932,-3.116366,19.128000,20.452000,17.878000,20.452000,0.173143,0.826533,0.793770,2.926829,-0.298345,0.423467,0.000000,0.000000,0,1
1789801920.684392,5,18.050053,20.265932,-3.116366,19.128000,20.452000,17.878000,20.452000,0.173143,0.826533,0.793770,2.926829,-0.298345,0.423467,0.000000,0.000000,0,1
1789801920.784311,5,17.936065,20.266644,3.109589,19.128000,20.452000,17.878000,20.452000,0.173143,0.826533,0.793770,2.926829,-0.298345,0.423467,0.000000,0.000000,0,1
1789801920.884350,5,17.936065,20.266644,3.109589,19.128000,20.452000,17.878000,20.452000,0.173143,0.826533,0.793770,2.926829,-0.298345,0.423467,0.000000,0.000000,0,1
1789801920.984323,5,17.936065,20.266644,3.109589,19.128000,20.452000,17.878000,20.452000,0.173143,0.826533,0.793770,2.926829,-0.298345,0.423467,0.000000,0.000000,0,1
1789801921.084333,5,17.936065,20.266644,3.109589,19.128000,20.452000,17.878000,20.452000,0.173143,0.826533,0.793770,2.926829,-0.298345,0.423467,0.000000,0.000000,0,1
1789801921.184371,5,17.936065,20.266644,3.109589,19.128000,20.452000,17.878000,20.452000,0.173143,0.826533,0.793770,2.926829,-0.298345,0.423467,0.000000,0.000000,0,1
1789801921.284354,5,17.936065,20.266644,3.109589,19.128000,20.452000,17.878000,20.452000,0.173143,0.826533,0.793770,2.926829,-0.298345,0.423467,0.000000,0.000000,0,1
1789801921.384348,5,17.936065,20.266644,3.109589,19.128000,20.452000,17.878000,20.452000,0.173143,0.826533,0.793770,2.926829,-0.298345,0.423467,0.000000,0.000000,0,1
1789801921.484347,5,17.936065,20.266644,3.109589,19.128000,20.452000,17.878000,20.452000,0.173143,0.826533,0.793770,2.926829,-0.298345,0.423467,0.000000,0.000000,0,1
1789801921.584357,5,17.936065,20.266644,3.109589,19.128000,20.452000,17.878000,20.452000,0.173143,0.826533,0.793770,2.926829,-0.298345,0.423467,0.000000,0.000000,0,1
1789801921.684402,5,17.936065,20.266644,3.109589,19.128000,20.452000,17.878000,20.452000,0.173143,0.826533,0.793770,2.926829,-0.298345,0.423467,0.000000,0.000000,0,1
1789801921.784602,5,17.936065,20.266644,3.109589,19.128000,20.452000,17.878000,20.452000,0.173143,0.826533,0.793770,2.926829,-0.298345,0.423467,0.000000,0.000000,0,1
1789801921.884511,5,17.936065,20.266644,3.109589,19.128000,20.452000,17.878000,20.452000,0.173143,0.826533,0.793770,2.926829,-0.298345,0.423467,0.000000,0.000000,0,1
1789801921.984420,5,17.936065,20.266644,3.109589,19.128000,20.452000,17.878000,20.452000,0.173143,0.826533,0.793770,2.926829,-0.298345,0.423467,0.000000,0.000000,0,1
1789801922.084412,5,17.936065,20.266644,3.109589,19.128000,20.452000,17.878000,20.452000,0.173143,0.826533,0.793770,2.926829,-0.298345,0.423467,0.000000,0.000000,0,1
1789801922.184420,5,17.936065,20.266644,3.109589,19.128000,20.452000,17.878000,20.452000,0.173143,0.826533,0.793770,2.926829,-0.298345,0.423467,0.000000,0.000000,0,1
1789801922.284428,5,17.936065,20.266644,3.109589,19.128000,20.452000,17.878000,20.452000,0.173143,0.826533,0.793770,2.926829,-0.298345,0.423467,0.000000,0.000000,0,1
1789801922.384429,5,17.936065,20.266644,3.109589,19.128000,20.452000,17.878000,20.452000,0.173143,0.826533,0.793770,2.926829,-0.298345,0.423467,0.000000,0.000000,0,1
1789801922.484458,5,17.936065,20.266644,3.109589,19.128000,20.452000,17.878000,20.452000,0.173143,0.826533,0.793770,2.926829,-0.298345,0.423467,0.000000,0.000000,0,1
1789801922.584454,5,17.936065,20.266644,3.109589,19.128000,20.452000,17.878000,20.452000,0.173143,0.826533,0.793770,2.926829,-0.298345,0.423467,0.000000,0.000000,0,1
1789801922.684477,5,17.936065,20.266644,3.109589,19.128000,20.452000,17.878000,20.452000,0.173143,0.826533,0.793770,2.926829,-0.298345,0.423467,0.000000,0.000000,0,1
1789801922.784460,5,17.936065,20.266644,3.109589,19.128000,20.452000,17.878000,20.452000,0.173143,0.826533,0.793770,2.926829,-0.298345,0.423467,0.000000,0.000000,0,1
1789801922.884466,5,17.936065,20.266644,3.109589,19.128000,20.452000,17.878000,20.452000,0.173143,0.826533,0.793770,2.926829,-0.298345,0.423467,0.000000,0.000000,0,1
1789801922.984478,5,17.936065,20.266644,3.109589,19.128000,20.452000,17.878000,20.452000,0.173143,0.826533,0.793770,2.926829,-0.298345,0.423467,0.000000,0.000000,0,1
1789801923.084501,5,17.936065,20.266644,3.109589,19.128000,20.452000,17.878000,20.452000,0.173143,0.826533,0.793770,2.926829,-0.298345,0.423467,0.000000,0.000000,0,1
1789801923.184508,5,17.936065,20.266644,3.109589,19.128000,20.452000,17.878000,20.452000,0.173143,0.826533,0.793770,2.926829,-0.298345,0.423467,0.000000,0.000000,0,1
1789801923.284539,5,17.936065,20.266644,3.109589,19.128000,20.452000,17.878000,20.452000,0.173143,0.826533,0.793770,2.926829,-0.298345,0.423467,0.000000,0.000000,0,1
1789801923.384543,5,17.936065,20.266644,3.109589,19.128000,20.452000,17.878000,20.452000,0.173143,0.826533,0.793770,2.926829,-0.298345,0.423467,0.000000,0.000000,0,1
1789801923.484509,5,17.936065,20.266644,3.109589,19.128000,20.452000,17.878000,20.452000,0.173143,0.826533,0.793770,2.926829,-0.298345,0.423467,0.000000,0.000000,0,1
1789801923.584740,5,17.936065,20.266644,3.109589,19.128000,20.452000,17.878000,20.452000,0.173143,0.826533,0.793770,2.926829,-0.298345,0.423467,0.000000,0.000000,0,1
1789801923.684529,5,17.936065,20.266644,3.109589,19.128000,20.452000,17.878000,20.452000,0.173143,0.826533,0.793770,2.926829,-0.298345,0.423467,0.000000,0.000000,0,1
1789801923.784642,5,17.936065,20.266644,3.109589,19.128000,20.452000,17.878000,20.452000,0.173143,0.826533,0.793770,2.926829,-0.298345,0.423467,0.000000,0.000000,0,1
1789801923.884586,5,17.936065,20.266644,3.109589,19.128000,20.452000,17.878000,20.452000,0.173143,0.826533,0.793770,2.926829,-0.298345,0.423467,0.000000,0.000000,0,1
1789801923.984565,5,17.936065,20.266644,3.109589,19.128000,20.452000,17.878000,20.452000,0.173143,0.826533,0.793770,2.926829,-0.298345,0.423467,0.000000,0.000000,0,1
1789801924.084577,5,17.936065,20.266644,3.109589,19.128000,20.452000,17.878000,20.452000,0.173143,0.826533,0.793770,2.926829,-0.298345,0.423467,0.000000,0.000000,0,1
1789801924.184589,5,17.936065,20.266644,3.109589,19.128000,20.452000,17.878000,20.452000,0.173143,0.826533,0.793770,2.926829,-0.298345,0.423467,0.000000,0.000000,0,1
1789801924.284813,5,17.936065,20.266644,3.109589,19.128000,20.452000,17.878000,20.452000,0.173143,0.826533,0.793770,2.926829,-0.298345,0.423467,0.000000,0.000000,0,1
1789801924.384567,5,17.936065,20.266644,3.109589,19.128000,20.452000,17.878000,20.452000,0.173143,0.826533,0.793770,2.926829,-0.298345,0.423467,0.000000,0.000000,0,1
1789801924.484610,5,17.936065,20.266644,3.109589,19.128000,20.452000,17.878000,20.452000,0.173143,0.826533,0.793770,2.926829,-0.298345,0.423467,0.000000,0.000000,0,1
1789801924.584610,5,17.936065,20.266644,3.109589,19.128000,20.452000,17.878000,20.452000,0.173143,0.826533,0.793770,2.926829,-0.298345,0.423467,0.000000,0.000000,0,1
1789801924.684613,5,17.936065,20.266644,3.109589,19.128000,20.452000,17.878000,20.452000,0.173143,0.826533,0.793770,2.926829,-0.298345,0.423467,0.000000,0.000000,0,1
1789801924.784597,5,17.936065,20.266644,3.109589,19.128000,20.452000,17.878000,20.452000,0.173143,0.826533,0.793770,2.926829,-0.298345,0.423467,0.000000,0.000000,0,1
1789801924.884603,5,17.936065,20.266644,3.109589,19.128000,20.452000,17.878000,20.452000,0.173143,0.826533,0.793770,2.926829,-0.298345,0.423467,0.000000,0.000000,0,1
1789801924.984996,5,17.936065,20.266644,3.109589,19.128000,20.452000,17.878000,20.452000,0.173143,0.826533,0.793770,2.926829,-0.298345,0.423467,0.000000,0.000000,0,1
1789801925.084655,5,17.936065,20.266644,3.109589,19.128000,20.452000,17.878000,20.452000,0.173143,0.826533,0.793770,2.926829,-0.298345,0.423467,0.000000,0.000000,0,1
1789801925.184689,5,17.936065,20.266644,3.109589,19.128000,20.452000,17.878000,20.452000,0.173143,0.826533,0.793770,2.926829,-0.298345,0.423467,0.000000,0.000000,0,1
1789801925.285044,5,17.936065,20.266644,3.109589,19.128000,20.452000,17.878000,20.452000,0.173143,0.826533,0.793770,2.926829,-0.298345,0.423467,0.000000,0.000000,0,1
1789801925.384656,5,17.936065,20.266644,3.109589,19.128000,20.452000,17.878000,20.452000,0.173143,0.826533,0.793770,2.926829,-0.298345,0.423467,0.000000,0.000000,0,1
1789801925.484684,5,17.936065,20.266644,3.109589,19.128000,20.452000,17.878000,20.452000,0.173143,0.826533,0.793770,2.926829,-0.298345,0.423467,0.000000,0.000000,0,1
1789801925.584720,5,17.936065,20.266644,3.109589,19.128000,20.452000,17.878000,20.452000,0.173143,0.826533,0.793770,2.926829,-0.298345,0.423467,0.000000,0.000000,0,1
1789801925.684750,5,17.936065,20.266644,3.109589,19.128000,20.452000,17.878000,20.452000,0.173143,0.826533,0.793770,2.926829,-0.298345,0.423467,0.000000,0.000000,0,1
1789801925.785070,5,17.936065,20.266644,3.109589,19.128000,20.452000,17.878000,20.452000,0.173143,0.826533,0.793770,2.926829,-0.298345,0.423467,0.000000,0.000000,0,1
1789801925.884747,5,17.936065,20.266644,3.109589,19.128000,20.452000,17.878000,20.452000,0.173143,0.826533,0.793770,2.926829,-0.298345,0.423467,0.000000,0.000000,0,1
1789801925.984759,5,17.936065,20.266644,3.109589,19.128000,20.452000,17.878000,20.452000,0.173143,0.826533,0.793770,2.926829,-0.298345,0.423467,0.000000,0.000000,0,1
1789801926.084753,5,17.936065,20.266644,3.109589,19.128000,20.452000,17.878000,20.452000,0.173143,0.826533,0.793770,2.926829,-0.298345,0.423467,0.000000,0.000000,0,1
1789801926.184754,5,17.936065,20.266644,3.109589,19.128000,20.452000,17.878000,20.452000,0.173143,0.826533,0.793770,2.926829,-0.298345,0.423467,0.000000,0.000000,0,1
1789801926.284742,5,17.936065,20.266644,3.109589,19.128000,20.452000,17.878000,20.452000,0.173143,0.826533,0.793770,2.926829,-0.298345,0.423467,0.000000,0.000000,0,1
1789801926.384839,5,17.936065,20.266644,3.109589,19.128000,20.452000,17.878000,20.452000,0.173143,0.826533,0.793770,2.926829,-0.298345,0.423467,0.000000,0.000000,0,1
1789801926.484756,5,17.936065,20.266644,3.109589,19.128000,20.452000,17.878000,20.452000,0.173143,0.826533,0.793770,2.926829,-0.298345,0.423467,0.000000,0.000000,0,1
1789801926.584733,5,17.936065,20.266644,3.109589,19.128000,20.452000,17.878000,20.452000,0.173143,0.826533,0.793770,2.926829,-0.298345,0.423467,0.000000,0.000000,0,1
1789801926.684837,5,17.936065,20.266644,3.109589,19.128000,20.452000,17.878000,20.452000,0.173143,0.826533,0.793770,2.926829,-0.298345,0.423467,0.000000,0.000000,0,1
1789801926.784844,5,17.936065,20.266644,3.109589,19.128000,20.452000,17.878000,20.452000,0.173143,0.826533,0.793770,2.926829,-0.298345,0.423467,0.000000,0.000000,0,1
1789801926.884813,5,17.936065,20.266644,3.109589,19.128000,20.452000,17.878000,20.452000,0.173143,0.826533,0.793770,2.926829,-0.298345,0.423467,0.000000,0.000000,0,1
1789801926.984838,5,17.936065,20.266644,3.109589,19.128000,20.452000,17.878000,20.452000,0.173143,0.826533,0.793770,2.926829,-0.298345,0.423467,0.000000,0.000000,0,1
1789801927.084824,5,17.936065,20.266644,3.109589,19.128000,20.452000,17.878000,20.452000,0.173143,0.826533,0.793770,2.926829,-0.298345,0.423467,0.000000,0.000000,0,1
1789801927.184820,5,17.936065,20.266644,3.109589,19.128000,20.452000,17.878000,20.452000,0.173143,0.826533,0.793770,2.926829,-0.298345,0.423467,0.000000,0.000000,0,1
1789801927.284821,5,17.936065,20.266644,3.109589,19.128000,20.452000,17.878000,20.452000,0.173143,0.826533,0.793770,2.926829,-0.298345,0.423467,0.000000,0.000000,0,1
1789801927.385135,5,17.936065,20.266644,3.109589,19.128000,20.452000,17.878000,20.452000,0.173143,0.826533,0.793770,2.926829,-0.298345,0.423467,0.000000,0.000000,0,1
1789801927.484875,5,17.936065,20.266644,3.109589,19.128000,20.452000,17.878000,20.452000,0.173143,0.826533,0.793770,2.926829,-0.298345,0.423467,0.000000,0.000000,0,1
1789801927.584853,5,17.936065,20.266644,3.109589,19.128000,20.452000,17.878000,20.452000,0.173143,0.826533,0.793770,2.926829,-0.298345,0.423467,0.000000,0.000000,0,1
1789801927.684858,5,17.936065,20.266644,3.109589,19.128000,20.452000,17.878000,20.452000,0.173143,0.826533,0.793770,2.926829,-0.298345,0.423467,0.000000,0.000000,0,1
1789801927.784931,5,17.936065,20.266644,3.109589,19.128000,20.452000,17.878000,20.452000,0.173143,0.826533,0.793770,2.926829,-0.298345,0.423467,0.000000,0.000000,0,1
1789801927.884913,5,17.936065,20.266644,3.109589,19.128000,20.452000,17.878000,20.452000,0.173143,0.826533,0.793770,2.926829,-0.298345,0.423467,0.000000,0.000000,0,1
1789801927.984889,5,17.936065,20.266644,3.109589,19.128000,20.452000,17.878000,20.452000,0.173143,0.826533,0.793770,2.926829,-0.298345,0.423467,0.000000,0.000000,0,1
1789801928.084912,5,17.936065,20.266644,3.109589,19.128000,20.452000,17.878000,20.452000,0.173143,0.826533,0.793770,2.926829,-0.298345,0.423467,0.000000,0.000000,0,1
1789801928.184879,5,17.936065,20.266644,3.109589,19.128000,20.452000,17.878000,20.452000,0.173143,0.826533,0.793770,2.926829,-0.298345,0.423467,0.000000,0.000000,0,1
1789801928.285032,5,17.936065,20.266644,3.109589,19.128000,20.452000,17.878000,20.452000,0.173143,0.826533,0.793770,2.926829,-0.298345,0.423467,0.000000,0.000000,0,1
1789801928.384978,5,17.936065,20.266644,3.109589,19.128000,20.452000,17.878000,20.452000,0.173143,0.826533,0.793770,2.926829,-0.298345,0.423467,0.000000,0.000000,0,1
1789801928.484912,5,17.936065,20.266644,3.109589,19.128000,20.452000,17.878000,20.452000,0.173143,0.826533,0.793770,2.926829,-0.298345,0.423467,0.000000,0.000000,0,1
1789801928.584919,5,17.936065,20.266644,3.109589,19.128000,20.452000,17.878000,20.452000,0.173143,0.826533,0.793770,2.926829,-0.298345,0.423467,0.000000,0.000000,0,1
1789801928.684948,5,17.936065,20.266644,3.109589,19.128000,20.452000,17.878000,20.452000,0.173143,0.826533,0.793770,2.926829,-0.298345,0.423467,0.000000,0.000000,0,1
1789801928.784950,5,17.936065,20.266644,3.109589,19.128000,20.452000,17.878000,20.452000,0.173143,0.826533,0.793770,2.926829,-0.298345,0.423467,0.000000,0.000000,0,1
1789801928.884948,5,17.936065,20.266644,3.109589,19.128000,20.452000,17.878000,20.452000,0.173143,0.826533,0.793770,2.926829,-0.298345,0.423467,0.000000,0.000000,0,1
1789801928.984997,5,17.936065,20.266644,3.109589,19.128000,20.452000,17.878000,20.452000,0.173143,0.826533,0.793770,2.926829,-0.298345,0.423467,0.000000,0.000000,0,1
1789801929.084992,5,17.936065,20.266644,3.109589,19.128000,20.452000,17.878000,20.452000,0.173143,0.826533,0.793770,2.926829,-0.298345,0.423467,0.000000,0.000000,0,1
1789801929.185010,5,17.936065,20.266644,3.109589,19.128000,20.452000,17.878000,20.452000,0.173143,0.826533,0.793770,2.926829,-0.298345,0.423467,0.000000,0.000000,0,1
1789801929.284984,5,17.936065,20.266644,3.109589,19.128000,20.452000,17.878000,20.452000,0.173143,0.826533,0.793770,2.926829,-0.298345,0.423467,0.000000,0.000000,0,1
1789801929.385000,5,17.936065,20.266644,3.109589,19.128000,20.452000,17.878000,20.452000,0.173143,0.826533,0.793770,2.926829,-0.298345,0.423467,0.000000,0.000000,0,1
1789801929.485021,5,17.936065,20.266644,3.109589,19.128000,20.452000,17.878000,20.452000,0.173143,0.826533,0.793770,2.926829,-0.298345,0.423467,0.000000,0.000000,0,1
1789801929.585051,5,17.936065,20.266644,3.109589,19.128000,20.452000,17.878000,20.452000,0.173143,0.826533,0.793770,2.926829,-0.298345,0.423467,0.000000,0.000000,0,1
1789801929.685208,5,17.936065,20.266644,3.109589,19.128000,20.452000,17.878000,20.452000,0.173143,0.826533,0.793770,2.926829,-0.298345,0.423467,0.000000,0.000000,0,1
1789801929.785036,5,17.936065,20.266644,3.109589,19.128000,20.452000,17.878000,20.452000,0.173143,0.826533,0.793770,2.926829,-0.298345,0.423467,0.000000,0.000000,0,1
1789801929.886250,5,17.936065,20.266644,3.109589,19.128000,20.452000,17.878000,20.452000,0.173143,0.826533,0.793770,2.926829,-0.298345,0.423467,0.000000,0.000000,0,1
1789801929.985048,5,17.936065,20.266644,3.109589,19.128000,20.452000,17.878000,20.452000,0.173143,0.826533,0.793770,2.926829,-0.298345,0.423467,0.000000,0.000000,0,1
1789801930.085076,5,17.936065,20.266644,3.109589,19.128000,20.452000,17.878000,20.452000,0.173143,0.826533,0.793770,2.926829,-0.298345,0.423467,0.000000,0.000000,0,1
1789801930.185350,5,17.936065,20.266644,3.109589,19.128000,20.452000,17.878000,20.452000,0.173143,0.826533,0.793770,2.926829,-0.298345,0.423467,0.000000,0.000000,0,1
1789801930.285079,5,17.936065,20.266644,3.109589,19.128000,20.452000,17.878000,20.452000,0.173143,0.826533,0.793770,2.926829,-0.298345,0.423467,0.000000,0.000000,0,1
1789801930.385136,5,17.936065,20.266644,3.109589,19.128000,20.452000,17.878000,20.452000,0.173143,0.826533,0.793770,2.926829,-0.298345,0.423467,0.000000,0.000000,0,1
1789801930.485092,5,17.936065,20.266644,3.109589,19.128000,20.452000,17.878000,20.452000,0.173143,0.826533,0.793770,2.926829,-0.298345,0.423467,0.000000,0.000000,0,1
1789801930.585112,5,17.936065,20.266644,3.109589,19.128000,20.452000,17.878000,20.452000,0.173143,0.826533,0.793770,2.926829,-0.298345,0.423467,0.000000,0.000000,0,1
1789801930.685143,5,17.936065,20.266644,3.109589,19.128000,20.452000,17.878000,20.452000,0.173143,0.826533,0.793770,2.926829,-0.298345,0.423467,0.000000,0.000000,0,1
1789801930.785115,5,17.936065,20.266644,3.109589,19.128000,20.452000,17.878000,20.452000,0.173143,0.826533,0.793770,2.926829,-0.298345,0.423467,0.000000,0.000000,0,1
1789801930.885111,5,17.936065,20.266644,3.109589,19.128000,20.452000,17.878000,20.452000,0.173143,0.826533,0.793770,2.926829,-0.298345,0.423467,0.000000,0.000000,0,1
1789801930.985129,5,17.936065,20.266644,3.109589,19.128000,20.452000,17.878000,20.452000,0.173143,0.826533,0.793770,2.926829,-0.298345,0.423467,0.000000,0.000000,0,1
1789801931.085166,5,17.936065,20.266644,3.109589,19.128000,20.452000,17.878000,20.452000,0.173143,0.826533,0.793770,2.926829,-0.298345,0.423467,0.000000,0.000000,0,1
1789801931.185140,5,17.936065,20.266644,3.109589,19.128000,20.452000,17.878000,20.452000,0.173143,0.826533,0.793770,2.926829,-0.298345,0.423467,0.000000,0.000000,0,1
1789801931.285157,5,17.936065,20.266644,3.109589,19.128000,20.452000,17.878000,20.452000,0.173143,0.826533,0.793770,2.926829,-0.298345,0.423467,0.000000,0.000000,0,1
1789801931.385169,5,17.936065,20.266644,3.109589,19.128000,20.452000,17.878000,20.452000,0.173143,0.826533,0.793770,2.926829,-0.298345,0.423467,0.000000,0.000000,0,1
1789801931.485164,5,17.936065,20.266644,3.109589,19.128000,20.452000,17.878000,20.452000,0.173143,0.826533,0.793770,2.926829,-0.298345,0.423467,0.000000,0.000000,0,1
1789801931.585182,5,17.936065,20.266644,3.109589,19.128000,20.452000,17.878000,20.452000,0.173143,0.826533,0.793770,2.926829,-0.298345,0.423467,0.000000,0.000000,0,1
1789801931.685222,5,17.936065,20.266644,3.109589,19.128000,20.452000,17.878000,20.452000,0.173143,0.826533,0.793770,2.926829,-0.298345,0.423467,0.000000,0.000000,0,1
1789801931.785191,5,17.936065,20.266644,3.109589,19.128000,20.452000,17.878000,20.452000,0.173143,0.826533,0.793770,2.926829,-0.298345,0.423467,0.000000,0.000000,0,1
1789801931.885213,5,17.936065,20.266644,3.109589,19.128000,20.452000,17.878000,20.452000,0.173143,0.826533,0.793770,2.926829,-0.298345,0.423467,0.000000,0.000000,0,1
1789801931.985206,5,17.936065,20.266644,3.109589,19.128000,20.452000,17.878000,20.452000,0.173143,0.826533,0.793770,2.926829,-0.298345,0.423467,0.000000,0.000000,0,1
1789801932.085263,5,17.936065,20.266644,3.109589,19.128000,20.452000,17.878000,20.452000,0.173143,0.826533,0.793770,2.926829,-0.298345,0.423467,0.000000,0.000000,0,1
1789801932.185257,5,17.936065,20.266644,3.109589,19.128000,20.452000,17.878000,20.452000,0.173143,0.826533,0.793770,2.926829,-0.298345,0.423467,0.000000,0.000000,0,1
1789801932.285247,5,17.936065,20.266644,3.109589,19.128000,20.452000,17.878000,20.452000,0.173143,0.826533,0.793770,2.926829,-0.298345,0.423467,0.000000,0.000000,0,1
1789801932.385247,5,17.936065,20.266644,3.109589,19.128000,20.452000,17.878000,20.452000,0.173143,0.826533,0.793770,2.926829,-0.298345,0.423467,0.000000,0.000000,0,1
1789801932.485254,5,17.936065,20.266644,3.109589,19.128000,20.452000,17.878000,20.452000,0.173143,0.826533,0.793770,2.926829,-0.298345,0.423467,0.000000,0.000000,0,1
1789801932.585256,5,17.936065,20.266644,3.109589,19.128000,20.452000,17.878000,20.452000,0.173143,0.826533,0.793770,2.926829,-0.298345,0.423467,0.000000,0.000000,0,1
1789801932.685260,5,17.936065,20.266644,3.109589,19.128000,20.452000,17.878000,20.452000,0.173143,0.826533,0.793770,2.926829,-0.298345,0.423467,0.000000,0.000000,0,1
1789801932.785262,5,17.936065,20.266644,3.109589,19.128000,20.452000,17.878000,20.452000,0.173143,0.826533,0.793770,2.926829,-0.298345,0.423467,0.000000,0.000000,0,1
1789801932.885277,5,17.936065,20.266644,3.109589,19.128000,20.452000,17.878000,20.452000,0.173143,0.826533,0.793770,2.926829,-0.298345,0.423467,0.000000,0.000000,0,1
1789801932.985305,5,17.936065,20.266644,3.109589,19.128000,20.452000,17.878000,20.452000,0.173143,0.826533,0.793770,2.926829,-0.298345,0.423467,0.000000,0.000000,0,1
1789801933.085333,5,17.936065,20.266644,3.109589,19.128000,20.452000,17.878000,20.452000,0.173143,0.826533,0.793770,2.926829,-0.298345,0.423467,0.000000,0.000000,0,1
1789801933.185321,5,17.936065,20.266644,3.109589,19.128000,20.452000,17.878000,20.452000,0.173143,0.826533,0.793770,2.926829,-0.298345,0.423467,0.000000,0.000000,0,1
1789801933.285311,5,17.936065,20.266644,3.109589,19.128000,20.452000,17.878000,20.452000,0.173143,0.826533,0.793770,2.926829,-0.298345,0.423467,0.000000,0.000000,0,1
1789801933.385261,5,17.936065,20.266644,3.109589,19.128000,20.452000,17.878000,20.452000,0.173143,0.826533,0.793770,2.926829,-0.298345,0.423467,0.000000,0.000000,0,1
1789801933.485349,5,17.936065,20.266644,3.109589,19.128000,20.452000,17.878000,20.452000,0.173143,0.826533,0.793770,2.926829,-0.298345,0.423467,0.000000,0.000000,0,1
1789801933.585320,5,17.936065,20.266644,3.109589,19.128000,20.452000,17.878000,20.452000,0.173143,0.826533,0.793770,2.926829,-0.298345,0.423467,0.000000,0.000000,0,1
1789801933.685339,5,17.936065,20.266644,3.109589,19.128000,20.452000,17.878000,20.452000,0.173143,0.826533,0.793770,2.926829,-0.298345,0.423467,0.000000,0.000000,0,1
1789801933.785345,5,17.936065,20.266644,3.109589,19.128000,20.452000,17.878000,20.452000,0.173143,0.826533,0.793770,2.926829,-0.298345,0.423467,0.000000,0.000000,0,1
1789801933.885366,5,17.936065,20.266644,3.109589,19.128000,20.452000,17.878000,20.452000,0.173143,0.826533,0.793770,2.926829,-0.298345,0.423467,0.000000,0.000000,0,1
1789801933.985352,5,17.936065,20.266644,3.109589,19.128000,20.452000,17.878000,20.452000,0.173143,0.826533,0.793770,2.926829,-0.298345,0.423467,0.000000,0.000000,0,1
1789801934.085369,5,17.936065,20.266644,3.109589,19.128000,20.452000,17.878000,20.452000,0.173143,0.826533,0.793770,2.926829,-0.298345,0.423467,0.000000,0.000000,0,1
1789801934.185412,5,17.936065,20.266644,3.109589,19.128000,20.452000,17.878000,20.452000,0.173143,0.826533,0.793770,2.926829,-0.298345,0.423467,0.000000,0.000000,0,1
1789801934.285383,5,17.936065,20.266644,3.109589,19.128000,20.452000,17.878000,20.452000,0.173143,0.826533,0.793770,2.926829,-0.298345,0.423467,0.000000,0.000000,0,1
1789801934.385362,5,17.936065,20.266644,3.109589,19.128000,20.452000,17.878000,20.452000,0.173143,0.826533,0.793770,2.926829,-0.298345,0.423467,0.000000,0.000000,0,1
1789801934.485429,5,17.936065,20.266644,3.109589,19.128000,20.452000,17.878000,20.452000,0.173143,0.826533,0.793770,2.926829,-0.298345,0.423467,0.000000,0.000000,0,1
1789801934.585413,5,17.936065,20.266644,3.109589,19.128000,20.452000,17.878000,20.452000,0.173143,0.826533,0.793770,2.926829,-0.298345,0.423467,0.000000,0.000000,0,1
1789801934.685426,5,17.936065,20.266644,3.109589,19.128000,20.452000,17.878000,20.452000,0.173143,0.826533,0.793770,2.926829,-0.298345,0.423467,0.000000,0.000000,0,1
1789801934.785491,5,17.936065,20.266644,3.109589,19.128000,20.452000,17.878000,20.452000,0.173143,0.826533,0.793770,2.926829,-0.298345,0.423467,0.000000,0.000000,0,1
1789801934.885434,5,17.936065,20.266644,3.109589,19.128000,20.452000,17.878000,20.452000,0.173143,0.826533,0.793770,2.926829,-0.298345,0.423467,0.000000,0.000000,0,1
1789801934.985473,5,17.936065,20.266644,3.109589,19.128000,20.452000,17.878000,20.452000,0.173143,0.826533,0.793770,2.926829,-0.298345,0.423467,0.000000,0.000000,0,1
1789801935.085470,5,17.936065,20.266644,3.109589,19.128000,20.452000,17.878000,20.452000,0.173143,0.826533,0.793770,2.926829,-0.298345,0.423467,0.000000,0.000000,0,1
1789801935.185547,5,17.936065,20.266644,3.109589,19.128000,20.452000,17.878000,20.452000,0.173143,0.826533,0.793770,2.926829,-0.298345,0.423467,0.000000,0.000000,0,1
1789801935.285490,5,17.936065,20.266644,3.109589,19.128000,20.452000,17.878000,20.452000,0.173143,0.826533,0.793770,2.926829,-0.298345,0.423467,0.000000,0.000000,0,1
1789801935.385469,5,17.936065,20.266644,3.109589,19.128000,20.452000,17.878000,20.452000,0.173143,0.826533,0.793770,2.926829,-0.298345,0.423467,0.000000,0.000000,0,1
1789801935.485479,5,17.936065,20.266644,3.109589,19.128000,20.452000,17.878000,20.452000,0.173143,0.826533,0.793770,2.926829,-0.298345,0.423467,0.000000,0.000000,0,1
1789801935.585471,5,17.936065,20.266644,3.109589,19.128000,20.452000,17.878000,20.452000,0.173143,0.826533,0.793770,2.926829,-0.298345,0.423467,0.000000,0.000000,0,1
1789801935.685537,5,17.936065,20.266644,3.109589,19.128000,20.452000,17.878000,20.452000,0.173143,0.826533,0.793770,2.926829,-0.298345,0.423467,0.000000,0.000000,0,1
1789801935.785511,5,17.936065,20.266644,3.109589,19.128000,20.452000,17.878000,20.452000,0.173143,0.826533,0.793770,2.926829,-0.298345,0.423467,0.000000,0.000000,0,1
1789801935.885514,5,17.936065,20.266644,3.109589,19.128000,20.452000,17.878000,20.452000,0.173143,0.826533,0.793770,2.926829,-0.298345,0.423467,0.000000,0.000000,0,1
1789801935.985524,5,17.936065,20.266644,3.109589,19.128000,20.452000,17.878000,20.452000,0.173143,0.826533,0.793770,2.926829,-0.298345,0.423467,0.000000,0.000000,0,1
1789801936.085592,5,17.936065,20.266644,3.109589,19.128000,20.452000,17.878000,20.452000,0.173143,0.826533,0.793770,2.926829,-0.298345,0.423467,0.000000,0.000000,0,1
1789801936.185523,5,17.936065,20.266644,3.109589,19.128000,20.452000,17.878000,20.452000,0.173143,0.826533,0.793770,2.926829,-0.298345,0.423467,0.000000,0.000000,0,1
1789801936.285527,5,17.936065,20.266644,3.109589,19.128000,20.452000,17.878000,20.452000,0.173143,0.826533,0.793770,2.926829,-0.298345,0.423467,0.000000,0.000000,0,1
1789801936.385548,5,17.936065,20.266644,3.109589,19.128000,20.452000,17.878000,20.452000,0.173143,0.826533,0.793770,2.926829,-0.298345,0.423467,0.000000,0.000000,0,1
1789801936.485563,5,17.936065,20.266644,3.109589,19.128000,20.452000,17.878000,20.452000,0.173143,0.826533,0.793770,2.926829,-0.298345,0.423467,0.000000,0.000000,0,1
1789801936.585571,5,17.936065,20.266644,3.109589,19.128000,20.452000,17.878000,20.452000,0.173143,0.826533,0.793770,2.926829,-0.298345,0.423467,0.000000,0.000000,0,1
1789801936.685659,5,17.936065,20.266644,3.109589,19.128000,20.452000,17.878000,20.452000,0.173143,0.826533,0.793770,2.926829,-0.298345,0.423467,0.000000,0.000000,0,1
1789801936.785611,5,17.936065,20.266644,3.109589,19.128000,20.452000,17.878000,20.452000,0.173143,0.826533,0.793770,2.926829,-0.298345,0.423467,0.000000,0.000000,0,1
1789801936.885580,5,17.936065,20.266644,3.109589,19.128000,20.452000,17.878000,20.452000,0.173143,0.826533,0.793770,2.926829,-0.298345,0.423467,0.000000,0.000000,0,1
1789801936.985608,5,17.936065,20.266644,3.109589,19.128000,20.452000,17.878000,20.452000,0.173143,0.826533,0.793770,2.926829,-0.298345,0.423467,0.000000,0.000000,0,1
1789801937.085598,5,17.936065,20.266644,3.109589,19.128000,20.452000,17.878000,20.452000,0.173143,0.826533,0.793770,2.926829,-0.298345,0.423467,0.000000,0.000000,0,1
1789801937.185604,5,17.936065,20.266644,3.109589,19.128000,20.452000,17.878000,20.452000,0.173143,0.826533,0.793770,2.926829,-0.298345,0.423467,0.000000,0.000000,0,1
1789801937.285568,5,17.936065,20.266644,3.109589,19.128000,20.452000,17.878000,20.452000,0.173143,0.826533,0.793770,2.926829,-0.298345,0.423467,0.000000,0.000000,0,1
1789801937.385633,5,17.936065,20.266644,3.109589,19.128000,20.452000,17.878000,20.452000,0.173143,0.826533,0.793770,2.926829,-0.298345,0.423467,0.000000,0.000000,0,1
1789801937.485645,5,17.936065,20.266644,3.109589,19.128000,20.452000,17.878000,20.452000,0.173143,0.826533,0.793770,2.926829,-0.298345,0.423467,0.000000,0.000000,0,1
1789801937.585719,5,17.936065,20.266644,3.109589,19.128000,20.452000,17.878000,20.452000,0.173143,0.826533,0.793770,2.926829,-0.298345,0.423467,0.000000,0.000000,0,1
1789801937.685650,5,17.936065,20.266644,3.109589,19.128000,20.452000,17.878000,20.452000,0.173143,0.826533,0.793770,2.926829,-0.298345,0.423467,0.000000,0.000000,0,1
1789801937.785681,5,17.936065,20.266644,3.109589,19.128000,20.452000,17.878000,20.452000,0.173143,0.826533,0.793770,2.926829,-0.298345,0.423467,0.000000,0.000000,0,1
1789801937.885659,5,17.936065,20.266644,3.109589,19.128000,20.452000,17.878000,20.452000,0.173143,0.826533,0.793770,2.926829,-0.298345,0.423467,0.000000,0.000000,0,1
1789801937.985681,5,17.936065,20.266644,3.109589,19.128000,20.452000,17.878000,20.452000,0.173143,0.826533,0.793770,2.926829,-0.298345,0.423467,0.000000,0.000000,0,1
1789801938.085697,5,17.936065,20.266644,3.109589,19.128000,20.452000,17.878000,20.452000,0.173143,0.826533,0.793770,2.926829,-0.298345,0.423467,0.000000,0.000000,0,1
1789801938.185768,5,17.936065,20.266644,3.109589,19.128000,20.452000,17.878000,20.452000,0.173143,0.826533,0.793770,2.926829,-0.298345,0.423467,0.000000,0.000000,0,1
1789801938.285740,5,17.936065,20.266644,3.109589,19.128000,20.452000,17.878000,20.452000,0.173143,0.826533,0.793770,2.926829,-0.298345,0.423467,0.000000,0.000000,0,1
1789801938.385713,5,17.936065,20.266644,3.109589,19.128000,20.452000,17.878000,20.452000,0.173143,0.826533,0.793770,2.926829,-0.298345,0.423467,0.000000,0.000000,0,1
1789801938.485722,5,17.936065,20.266644,3.109589,19.128000,20.452000,17.878000,20.452000,0.173143,0.826533,0.793770,2.926829,-0.298345,0.423467,0.000000,0.000000,0,1
1789801938.585701,5,17.936065,20.266644,3.109589,19.128000,20.452000,17.878000,20.452000,0.173143,0.826533,0.793770,2.926829,-0.298345,0.423467,0.000000,0.000000,0,1
1789801938.685743,5,17.936065,20.266644,3.109589,19.128000,20.452000,17.878000,20.452000,0.173143,0.826533,0.793770,2.926829,-0.298345,0.423467,0.000000,0.000000,0,1
1789801938.785752,5,17.936065,20.266644,3.109589,19.128000,20.452000,17.878000,20.452000,0.173143,0.826533,0.793770,2.926829,-0.298345,0.423467,0.000000,0.000000,0,1
1789801938.885800,5,17.936065,20.266644,3.109589,19.128000,20.452000,17.878000,20.452000,0.173143,0.826533,0.793770,2.926829,-0.298345,0.423467,0.000000,0.000000,0,1
1789801938.985771,5,17.936065,20.266644,3.109589,19.128000,20.452000,17.878000,20.452000,0.173143,0.826533,0.793770,2.926829,-0.298345,0.423467,0.000000,0.000000,0,1
1789801939.085731,5,17.936065,20.266644,3.109589,19.128000,20.452000,17.878000,20.452000,0.173143,0.826533,0.793770,2.926829,-0.298345,0.423467,0.000000,0.000000,0,1
1789801939.185772,5,17.936065,20.266644,3.109589,19.128000,20.452000,17.878000,20.452000,0.173143,0.826533,0.793770,2.926829,-0.298345,0.423467,0.000000,0.000000,0,1
1789801939.285809,5,17.936065,20.266644,3.109589,19.128000,20.452000,17.878000,20.452000,0.173143,0.826533,0.793770,2.926829,-0.298345,0.423467,0.000000,0.000000,0,1
1789801939.385824,5,17.936065,20.266644,3.109589,19.128000,20.452000,17.878000,20.452000,0.173143,0.826533,0.793770,2.926829,-0.298345,0.423467,0.000000,0.000000,0,1
1789801939.485803,5,17.936065,20.266644,3.109589,19.128000,20.452000,17.878000,20.452000,0.173143,0.826533,0.793770,2.926829,-0.298345,0.423467,0.000000,0.000000,0,1
1789801939.585786,5,17.936065,20.266644,3.109589,19.128000,20.452000,17.878000,20.452000,0.173143,0.826533,0.793770,2.926829,-0.298345,0.423467,0.000000,0.000000,0,1
1789801939.685794,5,17.936065,20.266644,3.109589,19.128000,20.452000,17.878000,20.452000,0.173143,0.826533,0.793770,2.926829,-0.298345,0.423467,0.000000,0.000000,0,1
1789801939.785804,5,17.936065,20.266644,3.109589,19.128000,20.452000,17.878000,20.452000,0.173143,0.826533,0.793770,2.926829,-0.298345,0.423467,0.000000,0.000000,0,1
1789801939.885819,5,17.936065,20.266644,3.109589,19.128000,20.452000,17.878000,20.452000,0.173143,0.826533,0.793770,2.926829,-0.298345,0.423467,0.000000,0.000000,0,1
1789801939.985815,5,17.936065,20.266644,3.109589,19.128000,20.452000,17.878000,20.452000,0.173143,0.826533,0.793770,2.926829,-0.298345,0.423467,0.000000,0.000000,0,1
1789801940.085827,5,17.936065,20.266644,3.109589,19.128000,20.452000,17.878000,20.452000,0.173143,0.826533,0.793770,2.926829,-0.298345,0.423467,0.000000,0.000000,0,1
1789801940.185898,5,17.936065,20.266644,3.109589,19.128000,20.452000,17.878000,20.452000,0.173143,0.826533,0.793770,2.926829,-0.298345,0.423467,0.000000,0.000000,0,1
1789801940.285873,5,17.936065,20.266644,3.109589,19.128000,20.452000,17.878000,20.452000,0.173143,0.826533,0.793770,2.926829,-0.298345,0.423467,0.000000,0.000000,0,1
1789801940.385871,5,17.936065,20.266644,3.109589,19.128000,20.452000,17.878000,20.452000,0.173143,0.826533,0.793770,2.926829,-0.298345,0.423467,0.000000,0.000000,0,1
1789801940.485890,5,17.936065,20.266644,3.109589,19.128000,20.452000,17.878000,20.452000,0.173143,0.826533,0.793770,2.926829,-0.298345,0.423467,0.000000,0.000000,0,1
1789801940.585873,5,17.936065,20.266644,3.109589,19.128000,20.452000,17.878000,20.452000,0.173143,0.826533,0.793770,2.926829,-0.298345,0.423467,0.000000,0.000000,0,1
1789801940.685934,5,17.936065,20.266644,3.109589,19.128000,20.452000,17.878000,20.452000,0.173143,0.826533,0.793770,2.926829,-0.298345,0.423467,0.000000,0.000000,0,1
1789801940.785904,5,17.936065,20.266644,3.109589,19.128000,20.452000,17.878000,20.452000,0.173143,0.826533,0.793770,2.926829,-0.298345,0.423467,0.000000,0.000000,0,1
1789801940.885921,5,17.936065,20.266644,3.109589,19.128000,20.452000,17.878000,20.452000,0.173143,0.826533,0.793770,2.926829,-0.298345,0.423467,0.000000,0.000000,0,1
1789801940.985901,5,17.936065,20.266644,3.109589,19.128000,20.452000,17.878000,20.452000,0.173143,0.826533,0.793770,2.926829,-0.298345,0.423467,0.000000,0.000000,0,1
1789801941.085930,5,17.936065,20.266644,3.109589,19.128000,20.452000,17.878000,20.452000,0.173143,0.826533,0.793770,2.926829,-0.298345,0.423467,0.000000,0.000000,0,1
1789801941.185903,5,17.936065,20.266644,3.109589,19.128000,20.452000,17.878000,20.452000,0.173143,0.826533,0.793770,2.926829,-0.298345,0.423467,0.000000,0.000000,0,1
1789801941.285939,5,17.936065,20.266644,3.109589,19.128000,20.452000,17.878000,20.452000,0.173143,0.826533,0.793770,2.926829,-0.298345,0.423467,0.000000,0.000000,0,1
1789801941.385980,5,17.936065,20.266644,3.109589,19.128000,20.452000,17.878000,20.452000,0.173143,0.826533,0.793770,2.926829,-0.298345,0.423467,0.000000,0.000000,0,1
1789801941.485964,5,17.936065,20.266644,3.109589,19.128000,20.452000,17.878000,20.452000,0.173143,0.826533,0.793770,2.926829,-0.298345,0.423467,0.000000,0.000000,0,1
1789801941.585942,5,17.936065,20.266644,3.109589,19.128000,20.452000,17.878000,20.452000,0.173143,0.826533,0.793770,2.926829,-0.298345,0.423467,0.000000,0.000000,0,1
1789801941.686136,5,17.936065,20.266644,3.109589,19.128000,20.452000,17.878000,20.452000,0.173143,0.826533,0.793770,2.926829,-0.298345,0.423467,0.000000,0.000000,0,1
1789801941.786101,5,17.936065,20.266644,3.109589,19.128000,20.452000,17.878000,20.452000,0.173143,0.826533,0.793770,2.926829,-0.298345,0.423467,0.000000,0.000000,0,1
1789801941.886013,5,17.936065,20.266644,3.109589,19.128000,20.452000,17.878000,20.452000,0.173143,0.826533,0.793770,2.926829,-0.298345,0.423467,0.000000,0.000000,0,1
1789801941.985931,5,17.936065,20.266644,3.109589,19.128000,20.452000,17.878000,20.452000,0.173143,0.826533,0.793770,2.926829,-0.298345,0.423467,0.000000,0.000000,0,1
1789801942.086036,5,17.936065,20.266644,3.109589,19.128000,20.452000,17.878000,20.452000,0.173143,0.826533,0.793770,2.926829,-0.298345,0.423467,0.000000,0.000000,0,1
1789801942.186049,5,17.936065,20.266644,3.109589,19.128000,20.452000,17.878000,20.452000,0.173143,0.826533,0.793770,2.926829,-0.298345,0.423467,0.000000,0.000000,0,1
1789801942.285968,5,17.936065,20.266644,3.109589,19.128000,20.452000,17.878000,20.452000,0.173143,0.826533,0.793770,2.926829,-0.298345,0.423467,0.000000,0.000000,0,1
1789801942.386069,5,17.936065,20.266644,3.109589,19.128000,20.452000,17.878000,20.452000,0.173143,0.826533,0.793770,2.926829,-0.298345,0.423467,0.000000,0.000000,0,1
1789801942.486055,5,17.936065,20.266644,3.109589,19.128000,20.452000,17.878000,20.452000,0.173143,0.826533,0.793770,2.926829,-0.298345,0.423467,0.000000,0.000000,0,1
1789801942.586095,5,17.936065,20.266644,3.109589,19.128000,20.452000,17.878000,20.452000,0.173143,0.826533,0.793770,2.926829,-0.298345,0.423467,0.000000,0.000000,0,1
1789801942.686089,5,17.936065,20.266644,3.109589,19.128000,20.452000,17.878000,20.452000,0.173143,0.826533,0.793770,2.926829,-0.298345,0.423467,0.000000,0.000000,0,1
1789801942.786084,5,17.936065,20.266644,3.109589,19.128000,20.452000,17.878000,20.452000,0.173143,0.826533,0.793770,2.926829,-0.298345,0.423467,0.000000,0.000000,0,1
1789801942.886096,5,17.936065,20.266644,3.109589,19.128000,20.452000,17.878000,20.452000,0.173143,0.826533,0.793770,2.926829,-0.298345,0.423467,0.000000,0.000000,0,1
1789801942.986110,5,17.936065,20.266644,3.109589,19.128000,20.452000,17.878000,20.452000,0.173143,0.826533,0.793770,2.926829,-0.298345,0.423467,0.000000,0.000000,0,1
1789801943.086093,5,17.936065,20.266644,3.109589,19.128000,20.452000,17.878000,20.452000,0.173143,0.826533,0.793770,2.926829,-0.298345,0.423467,0.000000,0.000000,0,1
1789801943.186137,5,17.936065,20.266644,3.109589,19.128000,20.452000,17.878000,20.452000,0.173143,0.826533,0.793770,2.926829,-0.298345,0.423467,0.000000,0.000000,0,1
1789801943.286103,5,17.936065,20.266644,3.109589,19.128000,20.452000,17.878000,20.452000,0.173143,0.826533,0.793770,2.926829,-0.298345,0.423467,0.000000,0.000000,0,1
1789801943.386139,5,17.936065,20.266644,3.109589,19.128000,20.452000,17.878000,20.452000,0.173143,0.826533,0.793770,2.926829,-0.298345,0.423467,0.000000,0.000000,0,1
1789801943.486130,5,17.936065,20.266644,3.109589,19.128000,20.452000,17.878000,20.452000,0.173143,0.826533,0.793770,2.926829,-0.298345,0.423467,0.000000,0.000000,0,1
1789801943.586139,5,17.936065,20.266644,3.109589,19.128000,20.452000,17.878000,20.452000,0.173143,0.826533,0.793770,2.926829,-0.298345,0.423467,0.000000,0.000000,0,1
1789801943.686127,5,17.936065,20.266644,3.109589,19.128000,20.452000,17.878000,20.452000,0.173143,0.826533,0.793770,2.926829,-0.298345,0.423467,0.000000,0.000000,0,1
1789801943.786148,5,17.936065,20.266644,3.109589,19.128000,20.452000,17.878000,20.452000,0.173143,0.826533,0.793770,2.926829,-0.298345,0.423467,0.000000,0.000000,0,1
1789801943.886130,5,17.936065,20.266644,3.109589,19.128000,20.452000,17.878000,20.452000,0.173143,0.826533,0.793770,2.926829,-0.298345,0.423467,0.000000,0.000000,0,1
1789801943.986217,5,17.936065,20.266644,3.109589,19.128000,20.452000,17.878000,20.452000,0.173143,0.826533,0.793770,2.926829,-0.298345,0.423467,0.000000,0.000000,0,1
1789801944.086180,5,17.936065,20.266644,3.109589,19.128000,20.452000,17.878000,20.452000,0.173143,0.826533,0.793770,2.926829,-0.298345,0.423467,0.000000,0.000000,0,1
1789801944.186154,5,17.936065,20.266644,3.109589,19.128000,20.452000,17.878000,20.452000,0.173143,0.826533,0.793770,2.926829,-0.298345,0.423467,0.000000,0.000000,0,1
1789801944.286174,5,17.936065,20.266644,3.109589,19.128000,20.452000,17.878000,20.452000,0.173143,0.826533,0.793770,2.926829,-0.298345,0.423467,0.000000,0.000000,0,1
1789801944.386199,5,17.936065,20.266644,3.109589,19.128000,20.452000,17.878000,20.452000,0.173143,0.826533,0.793770,2.926829,-0.298345,0.423467,0.000000,0.000000,0,1
1789801944.486166,5,17.936065,20.266644,3.109589,19.128000,20.452000,17.878000,20.452000,0.173143,0.826533,0.793770,2.926829,-0.298345,0.423467,0.000000,0.000000,0,1
1789801944.586209,5,17.936065,20.266644,3.109589,19.128000,20.452000,17.878000,20.452000,0.173143,0.826533,0.793770,2.926829,-0.298345,0.423467,0.000000,0.000000,0,1
1789801944.686209,5,17.936065,20.266644,3.109589,19.128000,20.452000,17.878000,20.452000,0.173143,0.826533,0.793770,2.926829,-0.298345,0.423467,0.000000,0.000000,0,1
1789801944.787206,5,17.936065,20.266644,3.109589,19.128000,20.452000,17.878000,20.452000,0.173143,0.826533,0.793770,2.926829,-0.298345,0.423467,0.000000,0.000000,0,1
1789801944.886188,5,17.936065,20.266644,3.109589,19.128000,20.452000,17.878000,20.452000,0.173143,0.826533,0.793770,2.926829,-0.298345,0.423467,0.000000,0.000000,0,1
1789801944.986217,5,17.936065,20.266644,3.109589,19.128000,20.452000,17.878000,20.452000,0.173143,0.826533,0.793770,2.926829,-0.298345,0.423467,0.000000,0.000000,0,1
1789801945.086215,5,17.936065,20.266644,3.109589,19.128000,20.452000,17.878000,20.452000,0.173143,0.826533,0.793770,2.926829,-0.298345,0.423467,0.000000,0.000000,0,1
1789801945.186235,5,17.936065,20.266644,3.109589,19.128000,20.452000,17.878000,20.452000,0.173143,0.826533,0.793770,2.926829,-0.298345,0.423467,0.000000,0.000000,0,1
1789801945.286519,5,17.936065,20.266644,3.109589,19.128000,20.452000,17.878000,20.452000,0.173143,0.826533,0.793770,2.926829,-0.298345,0.423467,0.000000,0.000000,0,1
1789801945.386408,5,17.936065,20.266644,3.109589,19.128000,20.452000,17.878000,20.452000,0.173143,0.826533,0.793770,2.926829,-0.298345,0.423467,0.000000,0.000000,0,1
1789801945.486254,5,17.936065,20.266644,3.109589,19.128000,20.452000,17.878000,20.452000,0.173143,0.826533,0.793770,2.926829,-0.298345,0.423467,0.000000,0.000000,0,1
1789801945.586327,5,17.936065,20.266644,3.109589,19.128000,20.452000,17.878000,20.452000,0.173143,0.826533,0.793770,2.926829,-0.298345,0.423467,0.000000,0.000000,0,1
1789801945.686254,5,17.936065,20.266644,3.109589,19.128000,20.452000,17.878000,20.452000,0.173143,0.826533,0.793770,2.926829,-0.298345,0.423467,0.000000,0.000000,0,1
1789801945.786334,5,17.936065,20.266644,3.109589,19.128000,20.452000,17.878000,20.452000,0.173143,0.826533,0.793770,2.926829,-0.298345,0.423467,0.000000,0.000000,0,1
1789801945.886297,5,17.936065,20.266644,3.109589,19.128000,20.452000,17.878000,20.452000,0.173143,0.826533,0.793770,2.926829,-0.298345,0.423467,0.000000,0.000000,0,1
1789801945.986251,5,17.936065,20.266644,3.109589,19.128000,20.452000,17.878000,20.452000,0.173143,0.826533,0.793770,2.926829,-0.298345,0.423467,0.000000,0.000000,0,1
1789801946.086272,5,17.936065,20.266644,3.109589,19.128000,20.452000,17.878000,20.452000,0.173143,0.826533,0.793770,2.926829,-0.298345,0.423467,0.000000,0.000000,0,1
1789801946.186318,5,17.936065,20.266644,3.109589,19.128000,20.452000,17.878000,20.452000,0.173143,0.826533,0.793770,2.926829,-0.298345,0.423467,0.000000,0.000000,0,1
1789801946.286326,5,17.936065,20.266644,3.109589,19.128000,20.452000,17.878000,20.452000,0.173143,0.826533,0.793770,2.926829,-0.298345,0.423467,0.000000,0.000000,0,1
1789801946.386284,5,17.936065,20.266644,3.109589,19.128000,20.452000,17.878000,20.452000,0.173143,0.826533,0.793770,2.926829,-0.298345,0.423467,0.000000,0.000000,0,1
1789801946.486314,5,17.936065,20.266644,3.109589,19.128000,20.452000,17.878000,20.452000,0.173143,0.826533,0.793770,2.926829,-0.298345,0.423467,0.000000,0.000000,0,1
1789801946.586334,5,17.936065,20.266644,3.109589,19.128000,20.452000,17.878000,20.452000,0.173143,0.826533,0.793770,2.926829,-0.298345,0.423467,0.000000,0.000000,0,1
1789801946.686346,5,17.936065,20.266644,3.109589,19.128000,20.452000,17.878000,20.452000,0.173143,0.826533,0.793770,2.926829,-0.298345,0.423467,0.000000,0.000000,0,1
1789801946.786344,5,17.936065,20.266644,3.109589,19.128000,20.452000,17.878000,20.452000,0.173143,0.826533,0.793770,2.926829,-0.298345,0.423467,0.000000,0.000000,0,1
1789801946.886319,5,17.936065,20.266644,3.109589,19.128000,20.452000,17.878000,20.452000,0.173143,0.826533,0.793770,2.926829,-0.298345,0.423467,0.000000,0.000000,0,1
1789801946.986375,5,17.936065,20.266644,3.109589,19.128000,20.452000,17.878000,20.452000,0.173143,0.826533,0.793770,2.926829,-0.298345,0.423467,0.000000,0.000000,0,1
1789801947.086501,5,17.936065,20.266644,3.109589,19.128000,20.452000,17.878000,20.452000,0.173143,0.826533,0.793770,2.926829,-0.298345,0.423467,0.000000,0.000000,0,1
1789801947.186371,5,17.936065,20.266644,3.109589,19.128000,20.452000,17.878000,20.452000,0.173143,0.826533,0.793770,2.926829,-0.298345,0.423467,0.000000,0.000000,0,1
1789801947.286407,5,17.936065,20.266644,3.109589,19.128000,20.452000,17.878000,20.452000,0.173143,0.826533,0.793770,2.926829,-0.298345,0.423467,0.000000,0.000000,0,1
1789801947.386409,5,17.936065,20.266644,3.109589,19.128000,20.452000,17.878000,20.452000,0.173143,0.826533,0.793770,2.926829,-0.298345,0.423467,0.000000,0.000000,0,1
1789801947.486398,5,17.936065,20.266644,3.109589,19.128000,20.452000,17.878000,20.452000,0.173143,0.826533,0.793770,2.926829,-0.298345,0.423467,0.000000,0.000000,0,1
1789801947.586377,5,17.936065,20.266644,3.109589,19.128000,20.452000,17.878000,20.452000,0.173143,0.826533,0.793770,2.926829,-0.298345,0.423467,0.000000,0.000000,0,1
1789801947.686413,5,17.936065,20.266644,3.109589,19.128000,20.452000,17.878000,20.452000,0.173143,0.826533,0.793770,2.926829,-0.298345,0.423467,0.000000,0.000000,0,1
1789801947.786402,5,17.936065,20.266644,3.109589,19.128000,20.452000,17.878000,20.452000,0.173143,0.826533,0.793770,2.926829,-0.298345,0.423467,0.000000,0.000000,0,1
1789801947.886420,5,17.936065,20.266644,3.109589,19.128000,20.452000,17.878000,20.452000,0.173143,0.826533,0.793770,2.926829,-0.298345,0.423467,0.000000,0.000000,0,1
1789801947.986487,5,17.936065,20.266644,3.109589,19.128000,20.452000,17.878000,20.452000,0.173143,0.826533,0.793770,2.926829,-0.298345,0.423467,0.000000,0.000000,0,1
1789801948.086446,5,17.936065,20.266644,3.109589,19.128000,20.452000,17.878000,20.452000,0.173143,0.826533,0.793770,2.926829,-0.298345,0.423467,0.000000,0.000000,0,1
1789801948.186438,5,17.936065,20.266644,3.109589,19.128000,20.452000,17.878000,20.452000,0.173143,0.826533,0.793770,2.926829,-0.298345,0.423467,0.000000,0.000000,0,1
1789801948.286540,5,17.936065,20.266644,3.109589,19.128000,20.452000,17.878000,20.452000,0.173143,0.826533,0.793770,2.926829,-0.298345,0.423467,0.000000,0.000000,0,1
1789801948.386443,5,17.936065,20.266644,3.109589,19.128000,20.452000,17.878000,20.452000,0.173143,0.826533,0.793770,2.926829,-0.298345,0.423467,0.000000,0.000000,0,1
1789801948.486456,5,17.936065,20.266644,3.109589,19.128000,20.452000,17.878000,20.452000,0.173143,0.826533,0.793770,2.926829,-0.298345,0.423467,0.000000,0.000000,0,1
1789801948.586489,5,17.936065,20.266644,3.109589,19.128000,20.452000,17.878000,20.452000,0.173143,0.826533,0.793770,2.926829,-0.298345,0.423467,0.000000,0.000000,0,1
1789801948.686501,5,17.936065,20.266644,3.109589,19.128000,20.452000,17.878000,20.452000,0.173143,0.826533,0.793770,2.926829,-0.298345,0.423467,0.000000,0.000000,0,1
1789801948.786505,5,17.936065,20.266644,3.109589,19.128000,20.452000,17.878000,20.452000,0.173143,0.826533,0.793770,2.926829,-0.298345,0.423467,0.000000,0.000000,0,1
1789801948.886486,5,17.936065,20.266644,3.109589,19.128000,20.452000,17.878000,20.452000,0.173143,0.826533,0.793770,2.926829,-0.298345,0.423467,0.000000,0.000000,0,1
1789801948.986488,5,17.936065,20.266644,3.109589,19.128000,20.452000,17.878000,20.452000,0.173143,0.826533,0.793770,2.926829,-0.298345,0.423467,0.000000,0.000000,0,1
1789801949.086542,5,17.936065,20.266644,3.109589,19.128000,20.452000,17.878000,20.452000,0.173143,0.826533,0.793770,2.926829,-0.298345,0.423467,0.000000,0.000000,0,1
1789801949.186501,5,17.936065,20.266644,3.109589,19.128000,20.452000,17.878000,20.452000,0.173143,0.826533,0.793770,2.926829,-0.298345,0.423467,0.000000,0.000000,0,1
1789801949.286495,5,17.936065,20.266644,3.109589,19.128000,20.452000,17.878000,20.452000,0.173143,0.826533,0.793770,2.926829,-0.298345,0.423467,0.000000,0.000000,0,1
1789801949.386518,5,17.936065,20.266644,3.109589,19.128000,20.452000,17.878000,20.452000,0.173143,0.826533,0.793770,2.926829,-0.298345,0.423467,0.000000,0.000000,0,1
1789801949.486527,5,17.936065,20.266644,3.109589,19.128000,20.452000,17.878000,20.452000,0.173143,0.826533,0.793770,2.926829,-0.298345,0.423467,0.000000,0.000000,0,1
1789801949.586585,5,17.936065,20.266644,3.109589,19.128000,20.452000,17.878000,20.452000,0.173143,0.826533,0.793770,2.926829,-0.298345,0.423467,0.000000,0.000000,0,1
1789801949.686581,5,17.936065,20.266644,3.109589,19.128000,20.452000,17.878000,20.452000,0.173143,0.826533,0.793770,2.926829,-0.298345,0.423467,0.000000,0.000000,0,1
1789801949.786569,5,17.936065,20.266644,3.109589,19.128000,20.452000,17.878000,20.452000,0.173143,0.826533,0.793770,2.926829,-0.298345,0.423467,0.000000,0.000000,0,1
1789801949.886586,5,17.936065,20.266644,3.109589,19.128000,20.452000,17.878000,20.452000,0.173143,0.826533,0.793770,2.926829,-0.298345,0.423467,0.000000,0.000000,0,1
1789801949.986607,5,17.936065,20.266644,3.109589,19.128000,20.452000,17.878000,20.452000,0.173143,0.826533,0.793770,2.926829,-0.298345,0.423467,0.000000,0.000000,0,1
1789801950.086574,5,17.936065,20.266644,3.109589,19.128000,20.452000,17.878000,20.452000,0.173143,0.826533,0.793770,2.926829,-0.298345,0.423467,0.000000,0.000000,0,1
1789801950.186593,5,17.936065,20.266644,3.109589,19.128000,20.452000,17.878000,20.452000,0.173143,0.826533,0.793770,2.926829,-0.298345,0.423467,0.000000,0.000000,0,1
1789801950.286582,5,17.936065,20.266644,3.109589,19.128000,20.452000,17.878000,20.452000,0.173143,0.826533,0.793770,2.926829,-0.298345,0.423467,0.000000,0.000000,0,1
1789801950.386673,5,17.936065,20.266644,3.109589,19.128000,20.452000,17.878000,20.452000,0.173143,0.826533,0.793770,2.926829,-0.298345,0.423467,0.000000,0.000000,0,1
1789801950.486753,5,17.936065,20.266644,3.109589,19.128000,20.452000,17.878000,20.452000,0.173143,0.826533,0.793770,2.926829,-0.298345,0.423467,0.000000,0.000000,0,1
1789801950.586625,5,17.936065,20.266644,3.109589,19.128000,20.452000,17.878000,20.452000,0.173143,0.826533,0.793770,2.926829,-0.298345,0.423467,0.000000,0.000000,0,1
1789801950.686660,5,17.936065,20.266644,3.109589,19.128000,20.452000,17.878000,20.452000,0.173143,0.826533,0.793770,2.926829,-0.298345,0.423467,0.000000,0.000000,0,1
1789801950.786575,5,17.936065,20.266644,3.109589,19.128000,20.452000,17.878000,20.452000,0.173143,0.826533,0.793770,2.926829,-0.298345,0.423467,0.000000,0.000000,0,1
1789801950.886623,5,17.936065,20.266644,3.109589,19.128000,20.452000,17.878000,20.452000,0.173143,0.826533,0.793770,2.926829,-0.298345,0.423467,0.000000,0.000000,0,1
1789801950.986624,5,17.936065,20.266644,3.109589,19.128000,20.452000,17.878000,20.452000,0.173143,0.826533,0.793770,2.926829,-0.298345,0.423467,0.000000,0.000000,0,1
1789801951.086648,5,17.936065,20.266644,3.109589,19.128000,20.452000,17.878000,20.452000,0.173143,0.826533,0.793770,2.926829,-0.298345,0.423467,0.000000,0.000000,0,1
1789801951.186675,5,17.936065,20.266644,3.109589,19.128000,20.452000,17.878000,20.452000,0.173143,0.826533,0.793770,2.926829,-0.298345,0.423467,0.000000,0.000000,0,1
1789801951.286657,5,17.936065,20.266644,3.109589,19.128000,20.452000,17.878000,20.452000,0.173143,0.826533,0.793770,2.926829,-0.298345,0.423467,0.000000,0.000000,0,1
1789801951.386663,5,17.936065,20.266644,3.109589,19.128000,20.452000,17.878000,20.452000,0.173143,0.826533,0.793770,2.926829,-0.298345,0.423467,0.000000,0.000000,0,1
1789801951.486677,5,17.936065,20.266644,3.109589,19.128000,20.452000,17.878000,20.452000,0.173143,0.826533,0.793770,2.926829,-0.298345,0.423467,0.000000,0.000000,0,1
1789801951.586720,5,17.936065,20.266644,3.109589,19.128000,20.452000,17.878000,20.452000,0.173143,0.826533,0.793770,2.926829,-0.298345,0.423467,0.000000,0.000000,0,1
1789801951.686672,5,17.936065,20.266644,3.109589,19.128000,20.452000,17.878000,20.452000,0.173143,0.826533,0.793770,2.926829,-0.298345,0.423467,0.000000,0.000000,0,1
1789801951.786699,5,17.936065,20.266644,3.109589,19.128000,20.452000,17.878000,20.452000,0.173143,0.826533,0.793770,2.926829,-0.298345,0.423467,0.000000,0.000000,0,1
1789801951.886692,5,17.936065,20.266644,3.109589,19.128000,20.452000,17.878000,20.452000,0.173143,0.826533,0.793770,2.926829,-0.298345,0.423467,0.000000,0.000000,0,1
1789801951.986706,5,17.936065,20.266644,3.109589,19.128000,20.452000,17.878000,20.452000,0.173143,0.826533,0.793770,2.926829,-0.298345,0.423467,0.000000,0.000000,0,1
1789801952.086721,5,17.936065,20.266644,3.109589,19.128000,20.452000,17.878000,20.452000,0.173143,0.826533,0.793770,2.926829,-0.298345,0.423467,0.000000,0.000000,0,1
1789801952.186728,5,17.936065,20.266644,3.109589,19.128000,20.452000,17.878000,20.452000,0.173143,0.826533,0.793770,2.926829,-0.298345,0.423467,0.000000,0.000000,0,1
1789801952.286772,5,17.936065,20.266644,3.109589,19.128000,20.452000,17.878000,20.452000,0.173143,0.826533,0.793770,2.926829,-0.298345,0.423467,0.000000,0.000000,0,1
1789801952.386774,5,17.936065,20.266644,3.109589,19.128000,20.452000,17.878000,20.452000,0.173143,0.826533,0.793770,2.926829,-0.298345,0.423467,0.000000,0.000000,0,1
1789801952.486762,5,17.936065,20.266644,3.109589,19.128000,20.452000,17.878000,20.452000,0.173143,0.826533,0.793770,2.926829,-0.298345,0.423467,0.000000,0.000000,0,1
1789801952.586771,5,17.936065,20.266644,3.109589,19.128000,20.452000,17.878000,20.452000,0.173143,0.826533,0.793770,2.926829,-0.298345,0.423467,0.000000,0.000000,0,1
1789801952.686774,5,17.936065,20.266644,3.109589,19.128000,20.452000,17.878000,20.452000,0.173143,0.826533,0.793770,2.926829,-0.298345,0.423467,0.000000,0.000000,0,1
1789801952.786789,5,17.936065,20.266644,3.109589,19.128000,20.452000,17.878000,20.452000,0.173143,0.826533,0.793770,2.926829,-0.298345,0.423467,0.000000,0.000000,0,1
1789801952.886778,5,17.936065,20.266644,3.109589,19.128000,20.452000,17.878000,20.452000,0.173143,0.826533,0.793770,2.926829,-0.298345,0.423467,0.000000,0.000000,0,1
1789801952.986771,5,17.936065,20.266644,3.109589,19.128000,20.452000,17.878000,20.452000,0.173143,0.826533,0.793770,2.926829,-0.298345,0.423467,0.000000,0.000000,0,1
1789801953.086807,5,17.936065,20.266644,3.109589,19.128000,20.452000,17.878000,20.452000,0.173143,0.826533,0.793770,2.926829,-0.298345,0.423467,0.000000,0.000000,0,1
1789801953.186837,5,17.936065,20.266644,3.109589,19.128000,20.452000,17.878000,20.452000,0.173143,0.826533,0.793770,2.926829,-0.298345,0.423467,0.000000,0.000000,0,1
1789801953.286819,5,17.936065,20.266644,3.109589,19.128000,20.452000,17.878000,20.452000,0.173143,0.826533,0.793770,2.926829,-0.298345,0.423467,0.000000,0.000000,0,1
1789801953.386825,5,17.936065,20.266644,3.109589,19.128000,20.452000,17.878000,20.452000,0.173143,0.826533,0.793770,2.926829,-0.298345,0.423467,0.000000,0.000000,0,1
1789801953.486842,5,17.936065,20.266644,3.109589,19.128000,20.452000,17.878000,20.452000,0.173143,0.826533,0.793770,2.926829,-0.298345,0.423467,0.000000,0.000000,0,1
1789801953.586837,5,17.936065,20.266644,3.109589,19.128000,20.452000,17.878000,20.452000,0.173143,0.826533,0.793770,2.926829,-0.298345,0.423467,0.000000,0.000000,0,1
1789801953.686852,5,17.936065,20.266644,3.109589,19.128000,20.452000,17.878000,20.452000,0.173143,0.826533,0.793770,2.926829,-0.298345,0.423467,0.000000,0.000000,0,1
1789801953.786843,5,17.936065,20.266644,3.109589,19.128000,20.452000,17.878000,20.452000,0.173143,0.826533,0.793770,2.926829,-0.298345,0.423467,0.000000,0.000000,0,1
1789801953.886847,5,17.936065,20.266644,3.109589,19.128000,20.452000,17.878000,20.452000,0.173143,0.826533,0.793770,2.926829,-0.298345,0.423467,0.000000,0.000000,0,1
1789801953.986894,5,17.936065,20.266644,3.109589,19.128000,20.452000,17.878000,20.452000,0.173143,0.826533,0.793770,2.926829,-0.298345,0.423467,0.000000,0.000000,0,1
1789801954.086881,5,17.936065,20.266644,3.109589,19.128000,20.452000,17.878000,20.452000,0.173143,0.826533,0.793770,2.926829,-0.298345,0.423467,0.000000,0.000000,0,1
1789801954.186898,5,17.936065,20.266644,3.109589,19.128000,20.452000,17.878000,20.452000,0.173143,0.826533,0.793770,2.926829,-0.298345,0.423467,0.000000,0.000000,0,1
1789801954.286899,5,17.936065,20.266644,3.109589,19.128000,20.452000,17.878000,20.452000,0.173143,0.826533,0.793770,2.926829,-0.298345,0.423467,0.000000,0.000000,0,1
1789801954.386896,5,17.936065,20.266644,3.109589,19.128000,20.452000,17.878000,20.452000,0.173143,0.826533,0.793770,2.926829,-0.298345,0.423467,0.000000,0.000000,0,1
1789801954.486929,5,17.936065,20.266644,3.109589,19.128000,20.452000,17.878000,20.452000,0.173143,0.826533,0.793770,2.926829,-0.298345,0.423467,0.000000,0.000000,0,1
1789801954.586906,5,17.936065,20.266644,3.109589,19.128000,20.452000,17.878000,20.452000,0.173143,0.826533,0.793770,2.926829,-0.298345,0.423467,0.000000,0.000000,0,1
1789801954.686900,5,17.936065,20.266644,3.109589,19.128000,20.452000,17.878000,20.452000,0.173143,0.826533,0.793770,2.926829,-0.298345,0.423467,0.000000,0.000000,0,1
1789801954.786933,5,17.936065,20.266644,3.109589,19.128000,20.452000,17.878000,20.452000,0.173143,0.826533,0.793770,2.926829,-0.298345,0.423467,0.000000,0.000000,0,1
1789801954.886919,5,17.936065,20.266644,3.109589,19.128000,20.452000,17.878000,20.452000,0.173143,0.826533,0.793770,2.926829,-0.298345,0.423467,0.000000,0.000000,0,1
1789801954.986951,5,17.936065,20.266644,3.109589,19.128000,20.452000,17.878000,20.452000,0.173143,0.826533,0.793770,2.926829,-0.298345,0.423467,0.000000,0.000000,0,1
1789801955.086998,5,17.936065,20.266644,3.109589,19.128000,20.452000,17.878000,20.452000,0.173143,0.826533,0.793770,2.926829,-0.298345,0.423467,0.000000,0.000000,0,1
1789801955.186951,5,17.936065,20.266644,3.109589,19.128000,20.452000,17.878000,20.452000,0.173143,0.826533,0.793770,2.926829,-0.298345,0.423467,0.000000,0.000000,0,1
1789801955.286947,5,17.936065,20.266644,3.109589,19.128000,20.452000,17.878000,20.452000,0.173143,0.826533,0.793770,2.926829,-0.298345,0.423467,0.000000,0.000000,0,1
1789801955.386996,5,17.936065,20.266644,3.109589,19.128000,20.452000,17.878000,20.452000,0.173143,0.826533,0.793770,2.926829,-0.298345,0.423467,0.000000,0.000000,0,1
1789801955.486970,5,17.936065,20.266644,3.109589,19.128000,20.452000,17.878000,20.452000,0.173143,0.826533,0.793770,2.926829,-0.298345,0.423467,0.000000,0.000000,0,1
1789801955.586991,5,17.936065,20.266644,3.109589,19.128000,20.452000,17.878000,20.452000,0.173143,0.826533,0.793770,2.926829,-0.298345,0.423467,0.000000,0.000000,0,1
1789801955.686960,5,17.936065,20.266644,3.109589,19.128000,20.452000,17.878000,20.452000,0.173143,0.826533,0.793770,2.926829,-0.298345,0.423467,0.000000,0.000000,0,1
1789801955.786964,5,17.936065,20.266644,3.109589,19.128000,20.452000,17.878000,20.452000,0.173143,0.826533,0.793770,2.926829,-0.298345,0.423467,0.000000,0.000000,0,1
1789801955.886991,5,17.936065,20.266644,3.109589,19.128000,20.452000,17.878000,20.452000,0.173143,0.826533,0.793770,2.926829,-0.298345,0.423467,0.000000,0.000000,0,1
1789801955.987009,5,17.936065,20.266644,3.109589,19.128000,20.452000,17.878000,20.452000,0.173143,0.826533,0.793770,2.926829,-0.298345,0.423467,0.000000,0.000000,0,1
1789801956.087039,5,17.936065,20.266644,3.109589,19.128000,20.452000,17.878000,20.452000,0.173143,0.826533,0.793770,2.926829,-0.298345,0.423467,0.000000,0.000000,0,1
1789801956.187036,5,17.936065,20.266644,3.109589,19.128000,20.452000,17.878000,20.452000,0.173143,0.826533,0.793770,2.926829,-0.298345,0.423467,0.000000,0.000000,0,1
1789801956.287086,5,17.936065,20.266644,3.109589,19.128000,20.452000,17.878000,20.452000,0.173143,0.826533,0.793770,2.926829,-0.298345,0.423467,0.000000,0.000000,0,1
1789801956.387034,5,17.936065,20.266644,3.109589,19.128000,20.452000,17.878000,20.452000,0.173143,0.826533,0.793770,2.926829,-0.298345,0.423467,0.000000,0.000000,0,1
1789801956.487081,5,17.936065,20.266644,3.109589,19.128000,20.452000,17.878000,20.452000,0.173143,0.826533,0.793770,2.926829,-0.298345,0.423467,0.000000,0.000000,0,1
1789801956.587099,5,17.936065,20.266644,3.109589,19.128000,20.452000,17.878000,20.452000,0.173143,0.826533,0.793770,2.926829,-0.298345,0.423467,0.000000,0.000000,0,1
1789801956.687122,5,17.936065,20.266644,3.109589,19.128000,20.452000,17.878000,20.452000,0.173143,0.826533,0.793770,2.926829,-0.298345,0.423467,0.000000,0.000000,0,1
1789801956.787112,5,17.936065,20.266644,3.109589,19.128000,20.452000,17.878000,20.452000,0.173143,0.826533,0.793770,2.926829,-0.298345,0.423467,0.000000,0.000000,0,1
1789801956.887061,5,17.936065,20.266644,3.109589,19.128000,20.452000,17.878000,20.452000,0.173143,0.826533,0.793770,2.926829,-0.298345,0.423467,0.000000,0.000000,0,1
1789801956.987068,5,17.936065,20.266644,3.109589,19.128000,20.452000,17.878000,20.452000,0.173143,0.826533,0.793770,2.926829,-0.298345,0.423467,0.000000,0.000000,0,1
1789801957.087094,5,17.936065,20.266644,3.109589,19.128000,20.452000,17.878000,20.452000,0.173143,0.826533,0.793770,2.926829,-0.298345,0.423467,0.000000,0.000000,0,1
1789801957.187099,5,17.936065,20.266644,3.109589,19.128000,20.452000,17.878000,20.452000,0.173143,0.826533,0.793770,2.926829,-0.298345,0.423467,0.000000,0.000000,0,1
1789801957.287164,5,17.936065,20.266644,3.109589,19.128000,20.452000,17.878000,20.452000,0.173143,0.826533,0.793770,2.926829,-0.298345,0.423467,0.000000,0.000000,0,1
1789801957.387117,5,17.936065,20.266644,3.109589,19.128000,20.452000,17.878000,20.452000,0.173143,0.826533,0.793770,2.926829,-0.298345,0.423467,0.000000,0.000000,0,1
1789801957.487201,5,17.936065,20.266644,3.109589,19.128000,20.452000,17.878000,20.452000,0.173143,0.826533,0.793770,2.926829,-0.298345,0.423467,0.000000,0.000000,0,1
1789801957.587490,5,17.936065,20.266644,3.109589,19.128000,20.452000,17.878000,20.452000,0.173143,0.826533,0.793770,2.926829,-0.298345,0.423467,0.000000,0.000000,0,1
1789801957.687159,5,17.936065,20.266644,3.109589,19.128000,20.452000,17.878000,20.452000,0.173143,0.826533,0.793770,2.926829,-0.298345,0.423467,0.000000,0.000000,0,1
1789801957.787888,5,17.936065,20.266644,3.109589,19.128000,20.452000,17.878000,20.452000,0.173143,0.826533,0.793770,2.926829,-0.298345,0.423467,0.000000,0.000000,0,1
1789801957.887188,5,17.936065,20.266644,3.109589,19.128000,20.452000,17.878000,20.452000,0.173143,0.826533,0.793770,2.926829,-0.298345,0.423467,0.000000,0.000000,0,1
1789801957.987208,5,17.936065,20.266644,3.109589,19.128000,20.452000,17.878000,20.452000,0.173143,0.826533,0.793770,2.926829,-0.298345,0.423467,0.000000,0.000000,0,1
1789801958.087157,5,17.936065,20.266644,3.109589,19.128000,20.452000,17.878000,20.452000,0.173143,0.826533,0.793770,2.926829,-0.298345,0.423467,0.000000,0.000000,0,1
1789801958.187171,5,17.936065,20.266644,3.109589,19.128000,20.452000,17.878000,20.452000,0.173143,0.826533,0.793770,2.926829,-0.298345,0.423467,0.000000,0.000000,0,1
1789801958.287182,5,17.936065,20.266644,3.109589,19.128000,20.452000,17.878000,20.452000,0.173143,0.826533,0.793770,2.926829,-0.298345,0.423467,0.000000,0.000000,0,1
1789801958.387171,5,17.936065,20.266644,3.109589,19.128000,20.452000,17.878000,20.452000,0.173143,0.826533,0.793770,2.926829,-0.298345,0.423467,0.000000,0.000000,0,1
1789801958.487177,5,17.936065,20.266644,3.109589,19.128000,20.452000,17.878000,20.452000,0.173143,0.826533,0.793770,2.926829,-0.298345,0.423467,0.000000,0.000000,0,1
1789801958.587218,5,17.936065,20.266644,3.109589,19.128000,20.452000,17.878000,20.452000,0.173143,0.826533,0.793770,2.926829,-0.298345,0.423467,0.000000,0.000000,0,1
1789801958.687215,5,17.936065,20.266644,3.109589,19.128000,20.452000,17.878000,20.452000,0.173143,0.826533,0.793770,2.926829,-0.298345,0.423467,0.000000,0.000000,0,1
1789801958.787222,5,17.936065,20.266644,3.109589,19.128000,20.452000,17.878000,20.452000,0.173143,0.826533,0.793770,2.926829,-0.298345,0.423467,0.000000,0.000000,0,1
1789801958.887213,5,17.936065,20.266644,3.109589,19.128000,20.452000,17.878000,20.452000,0.173143,0.826533,0.793770,2.926829,-0.298345,0.423467,0.000000,0.000000,0,1
1789801958.987221,5,17.936065,20.266644,3.109589,19.128000,20.452000,17.878000,20.452000,0.173143,0.826533,0.793770,2.926829,-0.298345,0.423467,0.000000,0.000000,0,1
1789801959.087260,5,17.936065,20.266644,3.109589,19.128000,20.452000,17.878000,20.452000,0.173143,0.826533,0.793770,2.926829,-0.298345,0.423467,0.000000,0.000000,0,1
1789801959.187239,5,17.936065,20.266644,3.109589,19.128000,20.452000,17.878000,20.452000,0.173143,0.826533,0.793770,2.926829,-0.298345,0.423467,0.000000,0.000000,0,1
1789801959.287228,5,17.936065,20.266644,3.109589,19.128000,20.452000,17.878000,20.452000,0.173143,0.826533,0.793770,2.926829,-0.298345,0.423467,0.000000,0.000000,0,1
1789801959.387232,5,17.936065,20.266644,3.109589,19.128000,20.452000,17.878000,20.452000,0.173143,0.826533,0.793770,2.926829,-0.298345,0.423467,0.000000,0.000000,0,1
1789801959.487250,5,17.936065,20.266644,3.109589,19.128000,20.452000,17.878000,20.452000,0.173143,0.826533,0.793770,2.926829,-0.298345,0.423467,0.000000,0.000000,0,1
1789801959.587251,5,17.936065,20.266644,3.109589,19.128000,20.452000,17.878000,20.452000,0.173143,0.826533,0.793770,2.926829,-0.298345,0.423467,0.000000,0.000000,0,1
1789801959.687289,5,17.936065,20.266644,3.109589,19.128000,20.452000,17.878000,20.452000,0.173143,0.826533,0.793770,2.926829,-0.298345,0.423467,0.000000,0.000000,0,1
1789801959.787276,5,17.936065,20.266644,3.109589,19.128000,20.452000,17.878000,20.452000,0.173143,0.826533,0.793770,2.926829,-0.298345,0.423467,0.000000,0.000000,0,1
1789801959.887277,5,17.936065,20.266644,3.109589,19.128000,20.452000,17.878000,20.452000,0.173143,0.826533,0.793770,2.926829,-0.298345,0.423467,0.000000,0.000000,0,1
1789801959.987262,5,17.936065,20.266644,3.109589,19.128000,20.452000,17.878000,20.452000,0.173143,0.826533,0.793770,2.926829,-0.298345,0.423467,0.000000,0.000000,0,1
1789801960.087309,5,17.936065,20.266644,3.109589,19.128000,20.452000,17.878000,20.452000,0.173143,0.826533,0.793770,2.926829,-0.298345,0.423467,0.000000,0.000000,0,1
1789801960.187369,5,17.936065,20.266644,3.109589,19.128000,20.452000,17.878000,20.452000,0.173143,0.826533,0.793770,2.926829,-0.298345,0.423467,0.000000,0.000000,0,1
1789801960.287312,5,17.936065,20.266644,3.109589,19.128000,20.452000,17.878000,20.452000,0.173143,0.826533,0.793770,2.926829,-0.298345,0.423467,0.000000,0.000000,0,1
1789801960.387314,5,17.936065,20.266644,3.109589,19.128000,20.452000,17.878000,20.452000,0.173143,0.826533,0.793770,2.926829,-0.298345,0.423467,0.000000,0.000000,0,1
1789801960.487314,5,17.936065,20.266644,3.109589,19.128000,20.452000,17.878000,20.452000,0.173143,0.826533,0.793770,2.926829,-0.298345,0.423467,0.000000,0.000000,0,1
1789801960.587346,5,17.936065,20.266644,3.109589,19.128000,20.452000,17.878000,20.452000,0.173143,0.826533,0.793770,2.926829,-0.298345,0.423467,0.000000,0.000000,0,1
1789801960.687343,5,17.936065,20.266644,3.109589,19.128000,20.452000,17.878000,20.452000,0.173143,0.826533,0.793770,2.926829,-0.298345,0.423467,0.000000,0.000000,0,1
1789801960.787365,5,17.936065,20.266644,3.109589,19.128000,20.452000,17.878000,20.452000,0.173143,0.826533,0.793770,2.926829,-0.298345,0.423467,0.000000,0.000000,0,1
1789801960.887362,5,17.936065,20.266644,3.109589,19.128000,20.452000,17.878000,20.452000,0.173143,0.826533,0.793770,2.926829,-0.298345,0.423467,0.000000,0.000000,0,1
1789801960.987367,5,17.936065,20.266644,3.109589,19.128000,20.452000,17.878000,20.452000,0.173143,0.826533,0.793770,2.926829,-0.298345,0.423467,0.000000,0.000000,0,1
1789801961.087353,5,17.936065,20.266644,3.109589,19.128000,20.452000,17.878000,20.452000,0.173143,0.826533,0.793770,2.926829,-0.298345,0.423467,0.000000,0.000000,0,1
1789801961.187388,5,17.936065,20.266644,3.109589,19.128000,20.452000,17.878000,20.452000,0.173143,0.826533,0.793770,2.926829,-0.298345,0.423467,0.000000,0.000000,0,1
1789801961.287401,5,17.936065,20.266644,3.109589,19.128000,20.452000,17.878000,20.452000,0.173143,0.826533,0.793770,2.926829,-0.298345,0.423467,0.000000,0.000000,0,1
1789801961.387432,5,17.936065,20.266644,3.109589,19.128000,20.452000,17.878000,20.452000,0.173143,0.826533,0.793770,2.926829,-0.298345,0.423467,0.000000,0.000000,0,1
1789801961.487382,5,17.936065,20.266644,3.109589,19.128000,20.452000,17.878000,20.452000,0.173143,0.826533,0.793770,2.926829,-0.298345,0.423467,0.000000,0.000000,0,1
1789801961.587469,5,17.936065,20.266644,3.109589,19.128000,20.452000,17.878000,20.452000,0.173143,0.826533,0.793770,2.926829,-0.298345,0.423467,0.000000,0.000000,0,1
1789801961.687398,5,17.936065,20.266644,3.109589,19.128000,20.452000,17.878000,20.452000,0.173143,0.826533,0.793770,2.926829,-0.298345,0.423467,0.000000,0.000000,0,1
1789801961.787416,5,17.936065,20.266644,3.109589,19.128000,20.452000,17.878000,20.452000,0.173143,0.826533,0.793770,2.926829,-0.298345,0.423467,0.000000,0.000000,0,1
1789801961.887420,5,17.936065,20.266644,3.109589,19.128000,20.452000,17.878000,20.452000,0.173143,0.826533,0.793770,2.926829,-0.298345,0.423467,0.000000,0.000000,0,1
1789801961.987431,5,17.936065,20.266644,3.109589,19.128000,20.452000,17.878000,20.452000,0.173143,0.826533,0.793770,2.926829,-0.298345,0.423467,0.000000,0.000000,0,1
1789801962.087453,5,17.936065,20.266644,3.109589,19.128000,20.452000,17.878000,20.452000,0.173143,0.826533,0.793770,2.926829,-0.298345,0.423467,0.000000,0.000000,0,1
1789801962.187454,5,17.936065,20.266644,3.109589,19.128000,20.452000,17.878000,20.452000,0.173143,0.826533,0.793770,2.926829,-0.298345,0.423467,0.000000,0.000000,0,1
1789801962.287440,5,17.936065,20.266644,3.109589,19.128000,20.452000,17.878000,20.452000,0.173143,0.826533,0.793770,2.926829,-0.298345,0.423467,0.000000,0.000000,0,1
1789801962.387493,5,17.936065,20.266644,3.109589,19.128000,20.452000,17.878000,20.452000,0.173143,0.826533,0.793770,2.926829,-0.298345,0.423467,0.000000,0.000000,0,1
1789801962.487459,5,17.936065,20.266644,3.109589,19.128000,20.452000,17.878000,20.452000,0.173143,0.826533,0.793770,2.926829,-0.298345,0.423467,0.000000,0.000000,0,1
1789801962.587470,5,17.936065,20.266644,3.109589,19.128000,20.452000,17.878000,20.452000,0.173143,0.826533,0.793770,2.926829,-0.298345,0.423467,0.000000,0.000000,0,1
1789801962.687500,5,17.936065,20.266644,3.109589,19.128000,20.452000,17.878000,20.452000,0.173143,0.826533,0.793770,2.926829,-0.298345,0.423467,0.000000,0.000000,0,1
1789801962.787480,5,17.936065,20.266644,3.109589,19.128000,20.452000,17.878000,20.452000,0.173143,0.826533,0.793770,2.926829,-0.298345,0.423467,0.000000,0.000000,0,1
1789801962.887493,5,17.936065,20.266644,3.109589,19.128000,20.452000,17.878000,20.452000,0.173143,0.826533,0.793770,2.926829,-0.298345,0.423467,0.000000,0.000000,0,1
1789801962.987548,5,17.936065,20.266644,3.109589,19.128000,20.452000,17.878000,20.452000,0.173143,0.826533,0.793770,2.926829,-0.298345,0.423467,0.000000,0.000000,0,1
1789801963.087510,5,17.936065,20.266644,3.109589,19.128000,20.452000,17.878000,20.452000,0.173143,0.826533,0.793770,2.926829,-0.298345,0.423467,0.000000,0.000000,0,1
1789801963.187510,5,17.936065,20.266644,3.109589,19.128000,20.452000,17.878000,20.452000,0.173143,0.826533,0.793770,2.926829,-0.298345,0.423467,0.000000,0.000000,0,1
1789801963.287523,5,17.936065,20.266644,3.109589,19.128000,20.452000,17.878000,20.452000,0.173143,0.826533,0.793770,2.926829,-0.298345,0.423467,0.000000,0.000000,0,1
1789801963.387527,5,17.936065,20.266644,3.109589,19.128000,20.452000,17.878000,20.452000,0.173143,0.826533,0.793770,2.926829,-0.298345,0.423467,0.000000,0.000000,0,1
1789801963.487541,5,17.936065,20.266644,3.109589,19.128000,20.452000,17.878000,20.452000,0.173143,0.826533,0.793770,2.926829,-0.298345,0.423467,0.000000,0.000000,0,1
1789801963.587533,5,17.936065,20.266644,3.109589,19.128000,20.452000,17.878000,20.452000,0.173143,0.826533,0.793770,2.926829,-0.298345,0.423467,0.000000,0.000000,0,1
1789801963.687569,5,17.936065,20.266644,3.109589,19.128000,20.452000,17.878000,20.452000,0.173143,0.826533,0.793770,2.926829,-0.298345,0.423467,0.000000,0.000000,0,1
1789801963.787593,5,17.936065,20.266644,3.109589,19.128000,20.452000,17.878000,20.452000,0.173143,0.826533,0.793770,2.926829,-0.298345,0.423467,0.000000,0.000000,0,1
1789801963.887560,5,17.936065,20.266644,3.109589,19.128000,20.452000,17.878000,20.452000,0.173143,0.826533,0.793770,2.926829,-0.298345,0.423467,0.000000,0.000000,0,1
1789801963.987602,5,17.936065,20.266644,3.109589,19.128000,20.452000,17.878000,20.452000,0.173143,0.826533,0.793770,2.926829,-0.298345,0.423467,0.000000,0.000000,0,1
1789801964.087592,5,17.936065,20.266644,3.109589,19.128000,20.452000,17.878000,20.452000,0.173143,0.826533,0.793770,2.926829,-0.298345,0.423467,0.000000,0.000000,0,1
1789801964.187586,5,17.936065,20.266644,3.109589,19.128000,20.452000,17.878000,20.452000,0.173143,0.826533,0.793770,2.926829,-0.298345,0.423467,0.000000,0.000000,0,1
1789801964.287622,5,17.936065,20.266644,3.109589,19.128000,20.452000,17.878000,20.452000,0.173143,0.826533,0.793770,2.926829,-0.298345,0.423467,0.000000,0.000000,0,1
1789801964.387611,5,17.936065,20.266644,3.109589,19.128000,20.452000,17.878000,20.452000,0.173143,0.826533,0.793770,2.926829,-0.298345,0.423467,0.000000,0.000000,0,1
1789801964.487617,5,17.936065,20.266644,3.109589,19.128000,20.452000,17.878000,20.452000,0.173143,0.826533,0.793770,2.926829,-0.298345,0.423467,0.000000,0.000000,0,1
1789801964.587622,5,17.936065,20.266644,3.109589,19.128000,20.452000,17.878000,20.452000,0.173143,0.826533,0.793770,2.926829,-0.298345,0.423467,0.000000,0.000000,0,1
1789801964.687670,5,17.936065,20.266644,3.109589,19.128000,20.452000,17.878000,20.452000,0.173143,0.826533,0.793770,2.926829,-0.298345,0.423467,0.000000,0.000000,0,1
1789801964.787665,5,17.936065,20.266644,3.109589,19.128000,20.452000,17.878000,20.452000,0.173143,0.826533,0.793770,2.926829,-0.298345,0.423467,0.000000,0.000000,0,1
1789801964.887643,5,17.936065,20.266644,3.109589,19.128000,20.452000,17.878000,20.452000,0.173143,0.826533,0.793770,2.926829,-0.298345,0.423467,0.000000,0.000000,0,1
1789801964.987718,5,17.936065,20.266644,3.109589,19.128000,20.452000,17.878000,20.452000,0.173143,0.826533,0.793770,2.926829,-0.298345,0.423467,0.000000,0.000000,0,1
1789801965.087713,5,17.936065,20.266644,3.109589,19.128000,20.452000,17.878000,20.452000,0.173143,0.826533,0.793770,2.926829,-0.298345,0.423467,0.000000,0.000000,0,1
1789801965.187672,5,17.936065,20.266644,3.109589,19.128000,20.452000,17.878000,20.452000,0.173143,0.826533,0.793770,2.926829,-0.298345,0.423467,0.000000,0.000000,0,1
1789801965.287982,5,17.936065,20.266644,3.109589,19.128000,20.452000,17.878000,20.452000,0.173143,0.826533,0.793770,2.926829,-0.298345,0.423467,0.000000,0.000000,0,1
1789801965.387678,5,17.936065,20.266644,3.109589,19.128000,20.452000,17.878000,20.452000,0.173143,0.826533,0.793770,2.926829,-0.298345,0.423467,0.000000,0.000000,0,1
1789801965.487695,5,17.936065,20.266644,3.109589,19.128000,20.452000,17.878000,20.452000,0.173143,0.826533,0.793770,2.926829,-0.298345,0.423467,0.000000,0.000000,0,1
1789801965.587687,5,17.936065,20.266644,3.109589,19.128000,20.452000,17.878000,20.452000,0.173143,0.826533,0.793770,2.926829,-0.298345,0.423467,0.000000,0.000000,0,1
1789801965.687740,5,17.936065,20.266644,3.109589,19.128000,20.452000,17.878000,20.452000,0.173143,0.826533,0.793770,2.926829,-0.298345,0.423467,0.000000,0.000000,0,1
1789801965.787749,5,17.936065,20.266644,3.109589,19.128000,20.452000,17.878000,20.452000,0.173143,0.826533,0.793770,2.926829,-0.298345,0.423467,0.000000,0.000000,0,1
1789801965.887729,5,17.936065,20.266644,3.109589,19.128000,20.452000,17.878000,20.452000,0.173143,0.826533,0.793770,2.926829,-0.298345,0.423467,0.000000,0.000000,0,1
1789801965.987724,5,17.936065,20.266644,3.109589,19.128000,20.452000,17.878000,20.452000,0.173143,0.826533,0.793770,2.926829,-0.298345,0.423467,0.000000,0.000000,0,1
1789801966.087761,5,17.936065,20.266644,3.109589,19.128000,20.452000,17.878000,20.452000,0.173143,0.826533,0.793770,2.926829,-0.298345,0.423467,0.000000,0.000000,0,1
1789801966.187801,5,17.936065,20.266644,3.109589,19.128000,20.452000,17.878000,20.452000,0.173143,0.826533,0.793770,2.926829,-0.298345,0.423467,0.000000,0.000000,0,1
1789801966.287794,5,17.936065,20.266644,3.109589,19.128000,20.452000,17.878000,20.452000,0.173143,0.826533,0.793770,2.926829,-0.298345,0.423467,0.000000,0.000000,0,1
1789801966.389056,5,17.936065,20.266644,3.109589,19.128000,20.452000,17.878000,20.452000,0.173143,0.826533,0.793770,2.926829,-0.298345,0.423467,0.000000,0.000000,0,1
1789801966.488107,5,17.936065,20.266644,3.109589,19.128000,20.452000,17.878000,20.452000,0.173143,0.826533,0.793770,2.926829,-0.298345,0.423467,0.000000,0.000000,0,1
1789801966.587764,5,17.936065,20.266644,3.109589,19.128000,20.452000,17.878000,20.452000,0.173143,0.826533,0.793770,2.926829,-0.298345,0.423467,0.000000,0.000000,0,1
1789801966.687829,5,17.936065,20.266644,3.109589,19.128000,20.452000,17.878000,20.452000,0.173143,0.826533,0.793770,2.926829,-0.298345,0.423467,0.000000,0.000000,0,1
1789801966.787803,5,17.936065,20.266644,3.109589,19.128000,20.452000,17.878000,20.452000,0.173143,0.826533,0.793770,2.926829,-0.298345,0.423467,0.000000,0.000000,0,1
1789801966.887769,5,17.936065,20.266644,3.109589,19.128000,20.452000,17.878000,20.452000,0.173143,0.826533,0.793770,2.926829,-0.298345,0.423467,0.000000,0.000000,0,1
1789801966.987795,5,17.936065,20.266644,3.109589,19.128000,20.452000,17.878000,20.452000,0.173143,0.826533,0.793770,2.926829,-0.298345,0.423467,0.000000,0.000000,0,1
1789801967.087852,5,17.936065,20.266644,3.109589,19.128000,20.452000,17.878000,20.452000,0.173143,0.826533,0.793770,2.926829,-0.298345,0.423467,0.000000,0.000000,0,1
1789801967.187880,5,17.936065,20.266644,3.109589,19.128000,20.452000,17.878000,20.452000,0.173143,0.826533,0.793770,2.926829,-0.298345,0.423467,0.000000,0.000000,0,1
1789801967.287796,5,17.936065,20.266644,3.109589,19.128000,20.452000,17.878000,20.452000,0.173143,0.826533,0.793770,2.926829,-0.298345,0.423467,0.000000,0.000000,0,1
1789801967.387854,5,17.936065,20.266644,3.109589,19.128000,20.452000,17.878000,20.452000,0.173143,0.826533,0.793770,2.926829,-0.298345,0.423467,0.000000,0.000000,0,1
1789801967.487872,5,17.936065,20.266644,3.109589,19.128000,20.452000,17.878000,20.452000,0.173143,0.826533,0.793770,2.926829,-0.298345,0.423467,0.000000,0.000000,0,1
1789801967.587837,5,17.936065,20.266644,3.109589,19.128000,20.452000,17.878000,20.452000,0.173143,0.826533,0.793770,2.926829,-0.298345,0.423467,0.000000,0.000000,0,1
1789801967.687830,5,17.936065,20.266644,3.109589,19.128000,20.452000,17.878000,20.452000,0.173143,0.826533,0.793770,2.926829,-0.298345,0.423467,0.000000,0.000000,0,1
1789801967.787853,5,17.936065,20.266644,3.109589,19.128000,20.452000,17.878000,20.452000,0.173143,0.826533,0.793770,2.926829,-0.298345,0.423467,0.000000,0.000000,0,1
1789801967.887861,5,17.936065,20.266644,3.109589,19.128000,20.452000,17.878000,20.452000,0.173143,0.826533,0.793770,2.926829,-0.298345,0.423467,0.000000,0.000000,0,1
1789801967.987853,5,17.936065,20.266644,3.109589,19.128000,20.452000,17.878000,20.452000,0.173143,0.826533,0.793770,2.926829,-0.298345,0.423467,0.000000,0.000000,0,1
1789801968.087915,5,17.936065,20.266644,3.109589,19.128000,20.452000,17.878000,20.452000,0.173143,0.826533,0.793770,2.926829,-0.298345,0.423467,0.000000,0.000000,0,1
1789801968.187845,5,17.936065,20.266644,3.109589,19.128000,20.452000,17.878000,20.452000,0.173143,0.826533,0.793770,2.926829,-0.298345,0.423467,0.000000,0.000000,0,1
1789801968.287889,5,17.936065,20.266644,3.109589,19.128000,20.452000,17.878000,20.452000,0.173143,0.826533,0.793770,2.926829,-0.298345,0.423467,0.000000,0.000000,0,1
1789801968.387893,5,17.936065,20.266644,3.109589,19.128000,20.452000,17.878000,20.452000,0.173143,0.826533,0.793770,2.926829,-0.298345,0.423467,0.000000,0.000000,0,1
1789801968.487941,5,17.936065,20.266644,3.109589,19.128000,20.452000,17.878000,20.452000,0.173143,0.826533,0.793770,2.926829,-0.298345,0.423467,0.000000,0.000000,0,1
1789801968.587903,5,17.936065,20.266644,3.109589,19.128000,20.452000,17.878000,20.452000,0.173143,0.826533,0.793770,2.926829,-0.298345,0.423467,0.000000,0.000000,0,1
1789801968.687902,5,17.936065,20.266644,3.109589,19.128000,20.452000,17.878000,20.452000,0.173143,0.826533,0.793770,2.926829,-0.298345,0.423467,0.000000,0.000000,0,1
1789801968.787902,5,17.936065,20.266644,3.109589,19.128000,20.452000,17.878000,20.452000,0.173143,0.826533,0.793770,2.926829,-0.298345,0.423467,0.000000,0.000000,0,1
1789801968.887950,5,17.936065,20.266644,3.109589,19.128000,20.452000,17.878000,20.452000,0.173143,0.826533,0.793770,2.926829,-0.298345,0.423467,0.000000,0.000000,0,1
1789801968.987935,5,17.936065,20.266644,3.109589,19.128000,20.452000,17.878000,20.452000,0.173143,0.826533,0.793770,2.926829,-0.298345,0.423467,0.000000,0.000000,0,1
1789801969.088024,5,17.936065,20.266644,3.109589,19.128000,20.452000,17.878000,20.452000,0.173143,0.826533,0.793770,2.926829,-0.298345,0.423467,0.000000,0.000000,0,1
1789801969.188014,5,17.936065,20.266644,3.109589,19.128000,20.452000,17.878000,20.452000,0.173143,0.826533,0.793770,2.926829,-0.298345,0.423467,0.000000,0.000000,0,1
1789801969.288390,5,17.936065,20.266644,3.109589,19.128000,20.452000,17.878000,20.452000,0.173143,0.826533,0.793770,2.926829,-0.298345,0.423467,0.000000,0.000000,0,1
1789801969.387940,5,17.936065,20.266644,3.109589,19.128000,20.452000,17.878000,20.452000,0.173143,0.826533,0.793770,2.926829,-0.298345,0.423467,0.000000,0.000000,0,1
1789801969.488991,5,17.936065,20.266644,3.109589,19.128000,20.452000,17.878000,20.452000,0.173143,0.826533,0.793770,2.926829,-0.298345,0.423467,0.000000,0.000000,0,1
1789801969.588020,5,17.936065,20.266644,3.109589,19.128000,20.452000,17.878000,20.452000,0.173143,0.826533,0.793770,2.926829,-0.298345,0.423467,0.000000,0.000000,0,1
1789801969.687994,5,17.936065,20.266644,3.109589,19.128000,20.452000,17.878000,20.452000,0.173143,0.826533,0.793770,2.926829,-0.298345,0.423467,0.000000,0.000000,0,1
1789801969.787986,5,17.936065,20.266644,3.109589,19.128000,20.452000,17.878000,20.452000,0.173143,0.826533,0.793770,2.926829,-0.298345,0.423467,0.000000,0.000000,0,1
1789801969.887975,5,17.936065,20.266644,3.109589,19.128000,20.452000,17.878000,20.452000,0.173143,0.826533,0.793770,2.926829,-0.298345,0.423467,0.000000,0.000000,0,1
1789801969.988020,5,17.936065,20.266644,3.109589,19.128000,20.452000,17.878000,20.452000,0.173143,0.826533,0.793770,2.926829,-0.298345,0.423467,0.000000,0.000000,0,1
1789801970.088002,5,17.936065,20.266644,3.109589,19.128000,20.452000,17.878000,20.452000,0.173143,0.826533,0.793770,2.926829,-0.298345,0.423467,0.000000,0.000000,0,1
1789801970.188042,5,17.936065,20.266644,3.109589,19.128000,20.452000,17.878000,20.452000,0.173143,0.826533,0.793770,2.926829,-0.298345,0.423467,0.000000,0.000000,0,1
1789801970.288004,5,17.936065,20.266644,3.109589,19.128000,20.452000,17.878000,20.452000,0.173143,0.826533,0.793770,2.926829,-0.298345,0.423467,0.000000,0.000000,0,1
1789801970.389663,5,17.936065,20.266644,3.109589,19.128000,20.452000,17.878000,20.452000,0.173143,0.826533,0.793770,2.926829,-0.298345,0.423467,0.000000,0.000000,0,1
1789801970.502246,5,17.936065,20.266644,3.109589,19.128000,20.452000,17.878000,20.452000,0.173143,0.826533,0.793770,2.926829,-0.298345,0.423467,0.000000,0.000000,0,1
1789801970.588049,5,17.936065,20.266644,3.109589,19.128000,20.452000,17.878000,20.452000,0.173143,0.826533,0.793770,2.926829,-0.298345,0.423467,0.000000,0.000000,0,1
1789801970.688282,5,17.936065,20.266644,3.109589,19.128000,20.452000,17.878000,20.452000,0.173143,0.826533,0.793770,2.926829,-0.298345,0.423467,0.000000,0.000000,0,1
1789801970.788068,5,17.936065,20.266644,3.109589,19.128000,20.452000,17.878000,20.452000,0.173143,0.826533,0.793770,2.926829,-0.298345,0.423467,0.000000,0.000000,0,1
1789801970.888037,5,17.936065,20.266644,3.109589,19.128000,20.452000,17.878000,20.452000,0.173143,0.826533,0.793770,2.926829,-0.298345,0.423467,0.000000,0.000000,0,1
1789801970.988090,5,17.936065,20.266644,3.109589,19.128000,20.452000,17.878000,20.452000,0.173143,0.826533,0.793770,2.926829,-0.298345,0.423467,0.000000,0.000000,0,1
1789801971.088165,5,17.936065,20.266644,3.109589,19.128000,20.452000,17.878000,20.452000,0.173143,0.826533,0.793770,2.926829,-0.298345,0.423467,0.000000,0.000000,0,1
1789801971.188075,5,17.936065,20.266644,3.109589,19.128000,20.452000,17.878000,20.452000,0.173143,0.826533,0.793770,2.926829,-0.298345,0.423467,0.000000,0.000000,0,1
1789801971.288086,5,17.936065,20.266644,3.109589,19.128000,20.452000,17.878000,20.452000,0.173143,0.826533,0.793770,2.926829,-0.298345,0.423467,0.000000,0.000000,0,1
1789801971.388093,5,17.936065,20.266644,3.109589,19.128000,20.452000,17.878000,20.452000,0.173143,0.826533,0.793770,2.926829,-0.298345,0.423467,0.000000,0.000000,0,1
1789801971.494254,5,17.936065,20.266644,3.109589,19.128000,20.452000,17.878000,20.452000,0.173143,0.826533,0.793770,2.926829,-0.298345,0.423467,0.000000,0.000000,0,1
1789801971.588099,5,17.936065,20.266644,3.109589,19.128000,20.452000,17.878000,20.452000,0.173143,0.826533,0.793770,2.926829,-0.298345,0.423467,0.000000,0.000000,0,1
1789801971.688107,5,17.936065,20.266644,3.109589,19.128000,20.452000,17.878000,20.452000,0.173143,0.826533,0.793770,2.926829,-0.298345,0.423467,0.000000,0.000000,0,1
1789801971.788154,5,17.936065,20.266644,3.109589,19.128000,20.452000,17.878000,20.452000,0.173143,0.826533,0.793770,2.926829,-0.298345,0.423467,0.000000,0.000000,0,1
1789801971.888117,5,17.936065,20.266644,3.109589,19.128000,20.452000,17.878000,20.452000,0.173143,0.826533,0.793770,2.926829,-0.298345,0.423467,0.000000,0.000000,0,1
1789801971.988100,5,17.936065,20.266644,3.109589,19.128000,20.452000,17.878000,20.452000,0.173143,0.826533,0.793770,2.926829,-0.298345,0.423467,0.000000,0.000000,0,1
1789801972.088170,5,17.936065,20.266644,3.109589,19.128000,20.452000,17.878000,20.452000,0.173143,0.826533,0.793770,2.926829,-0.298345,0.423467,0.000000,0.000000,0,1
1789801972.188129,5,17.936065,20.266644,3.109589,19.128000,20.452000,17.878000,20.452000,0.173143,0.826533,0.793770,2.926829,-0.298345,0.423467,0.000000,0.000000,0,1
1789801972.288135,5,17.936065,20.266644,3.109589,19.128000,20.452000,17.878000,20.452000,0.173143,0.826533,0.793770,2.926829,-0.298345,0.423467,0.000000,0.000000,0,1
1789801972.388173,5,17.936065,20.266644,3.109589,19.128000,20.452000,17.878000,20.452000,0.173143,0.826533,0.793770,2.926829,-0.298345,0.423467,0.000000,0.000000,0,1
1789801972.488158,5,17.936065,20.266644,3.109589,19.128000,20.452000,17.878000,20.452000,0.173143,0.826533,0.793770,2.926829,-0.298345,0.423467,0.000000,0.000000,0,1
1789801972.588207,5,17.936065,20.266644,3.109589,19.128000,20.452000,17.878000,20.452000,0.173143,0.826533,0.793770,2.926829,-0.298345,0.423467,0.000000,0.000000,0,1
1789801972.688165,5,17.936065,20.266644,3.109589,19.128000,20.452000,17.878000,20.452000,0.173143,0.826533,0.793770,2.926829,-0.298345,0.423467,0.000000,0.000000,0,1
1789801972.788165,5,17.936065,20.266644,3.109589,19.128000,20.452000,17.878000,20.452000,0.173143,0.826533,0.793770,2.926829,-0.298345,0.423467,0.000000,0.000000,0,1
1789801972.888178,5,17.936065,20.266644,3.109589,19.128000,20.452000,17.878000,20.452000,0.173143,0.826533,0.793770,2.926829,-0.298345,0.423467,0.000000,0.000000,0,1
1789801972.988186,5,17.936065,20.266644,3.109589,19.128000,20.452000,17.878000,20.452000,0.173143,0.826533,0.793770,2.926829,-0.298345,0.423467,0.000000,0.000000,0,1
1789801973.088224,5,17.936065,20.266644,3.109589,19.128000,20.452000,17.878000,20.452000,0.173143,0.826533,0.793770,2.926829,-0.298345,0.423467,0.000000,0.000000,0,1
1789801973.188889,5,17.936065,20.266644,3.109589,19.128000,20.452000,17.878000,20.452000,0.173143,0.826533,0.793770,2.926829,-0.298345,0.423467,0.000000,0.000000,0,1
1789801973.288928,5,17.936065,20.266644,3.109589,19.128000,20.452000,17.878000,20.452000,0.173143,0.826533,0.793770,2.926829,-0.298345,0.423467,0.000000,0.000000,0,1
1789801973.388223,5,17.936065,20.266644,3.109589,19.128000,20.452000,17.878000,20.452000,0.173143,0.826533,0.793770,2.926829,-0.298345,0.423467,0.000000,0.000000,0,1
1789801973.488832,5,17.936065,20.266644,3.109589,19.128000,20.452000,17.878000,20.452000,0.173143,0.826533,0.793770,2.926829,-0.298345,0.423467,0.000000,0.000000,0,1
1789801973.588208,5,17.936065,20.266644,3.109589,19.128000,20.452000,17.878000,20.452000,0.173143,0.826533,0.793770,2.926829,-0.298345,0.423467,0.000000,0.000000,0,1
1789801973.688331,5,17.936065,20.266644,3.109589,19.128000,20.452000,17.878000,20.452000,0.173143,0.826533,0.793770,2.926829,-0.298345,0.423467,0.000000,0.000000,0,1
1789801973.788212,5,17.936065,20.266644,3.109589,19.128000,20.452000,17.878000,20.452000,0.173143,0.826533,0.793770,2.926829,-0.298345,0.423467,0.000000,0.000000,0,1
1789801973.888303,5,17.936065,20.266644,3.109589,19.128000,20.452000,17.878000,20.452000,0.173143,0.826533,0.793770,2.926829,-0.298345,0.423467,0.000000,0.000000,0,1
1789801973.994221,5,17.936065,20.266644,3.109589,19.128000,20.452000,17.878000,20.452000,0.173143,0.826533,0.793770,2.926829,-0.298345,0.423467,0.000000,0.000000,0,1
1789801974.088228,5,17.936065,20.266644,3.109589,19.128000,20.452000,17.878000,20.452000,0.173143,0.826533,0.793770,2.926829,-0.298345,0.423467,0.000000,0.000000,0,1
1789801974.188135,5,17.936065,20.266644,3.109589,19.128000,20.452000,17.878000,20.452000,0.173143,0.826533,0.793770,2.926829,-0.298345,0.423467,0.000000,0.000000,0,1
1789801974.288901,5,17.936065,20.266644,3.109589,19.128000,20.452000,17.878000,20.452000,0.173143,0.826533,0.793770,2.926829,-0.298345,0.423467,0.000000,0.000000,0,1
1789801974.388198,5,17.936065,20.266644,3.109589,19.128000,20.452000,17.878000,20.452000,0.173143,0.826533,0.793770,2.926829,-0.298345,0.423467,0.000000,0.000000,0,1
1789801974.488276,5,17.936065,20.266644,3.109589,19.128000,20.452000,17.878000,20.452000,0.173143,0.826533,0.793770,2.926829,-0.298345,0.423467,0.000000,0.000000,0,1
1789801974.593048,5,17.936065,20.266644,3.109589,19.128000,20.452000,17.878000,20.452000,0.173143,0.826533,0.793770,2.926829,-0.298345,0.423467,0.000000,0.000000,0,1
1789801974.688338,5,17.817069,20.273897,3.057500,19.128000,20.452000,17.878000,20.452000,0.173143,0.826533,0.793770,2.926829,-0.298345,0.423467,0.000000,0.000000,0,1
1789801974.791111,5,17.817069,20.273897,3.057500,19.128000,20.452000,17.878000,20.452000,0.173143,0.826533,0.793770,2.926829,-0.298345,0.423467,0.000000,0.000000,0,1
1789801974.888321,5,17.817069,20.273897,3.057500,19.128000,20.452000,17.878000,20.452000,0.173143,0.826533,0.793770,2.926829,-0.298345,0.423467,0.000000,0.000000,0,1
1789801974.988368,5,17.817069,20.273897,3.057500,19.128000,20.452000,17.878000,20.452000,0.173143,0.826533,0.793770,2.926829,-0.298345,0.423467,0.000000,0.000000,0,1
1789801975.088328,5,17.817069,20.273897,3.057500,19.128000,20.452000,17.878000,20.452000,0.173143,0.826533,0.793770,2.926829,-0.298345,0.423467,0.000000,0.000000,0,1
1789801975.188393,5,17.780171,20.276657,2.959752,19.128000,20.452000,17.878000,20.452000,0.173143,0.826533,0.793770,2.926829,-0.298345,0.423467,0.000000,0.000000,0,1
1789801975.288678,5,17.780171,20.276657,2.959752,19.128000,20.452000,17.878000,20.452000,0.173143,0.826533,0.793770,2.926829,-0.298345,0.423467,0.000000,0.000000,0,1
1789801975.388412,5,17.780171,20.276657,2.959752,19.128000,20.452000,17.878000,20.452000,0.173143,0.826533,0.793770,2.926829,-0.298345,0.423467,0.000000,0.000000,0,1
1789801975.488396,5,17.780171,20.276657,2.959752,19.128000,20.452000,17.878000,20.452000,0.173143,0.826533,0.793770,2.926829,-0.298345,0.423467,0.000000,0.000000,0,1
1789801975.590273,5,17.780171,20.276657,2.959752,19.128000,20.452000,17.878000,20.452000,0.173143,0.826533,0.793770,2.926829,-0.298345,0.423467,0.000000,0.000000,0,1
1789801975.688399,5,17.747074,20.276609,2.850458,19.128000,20.452000,17.878000,20.452000,0.173143,0.826533,0.793770,2.926829,-0.298345,0.423467,0.000000,0.000000,0,1
1789801975.788367,5,17.747074,20.276609,2.850458,19.128000,20.452000,17.878000,20.452000,0.173143,0.826533,0.793770,2.926829,-0.298345,0.423467,0.000000,0.000000,0,1
1789801975.889441,5,17.747074,20.276609,2.850458,19.128000,20.452000,17.878000,20.452000,0.173143,0.826533,0.793770,2.926829,-0.298345,0.423467,0.000000,0.000000,0,1
1789801975.988384,5,17.747074,20.276609,2.850458,19.128000,20.452000,17.878000,20.452000,0.173143,0.826533,0.793770,2.926829,-0.298345,0.423467,0.000000,0.000000,0,1
1789801976.088589,5,17.747074,20.276609,2.850458,19.128000,20.452000,17.878000,20.452000,0.173143,0.826533,0.793770,2.926829,-0.298345,0.423467,0.000000,0.000000,0,1
1789801976.188408,5,17.716818,20.293572,2.728699,19.128000,20.452000,17.878000,20.452000,0.173143,0.826533,0.793770,2.926829,-0.298345,0.423467,0.000000,0.000000,0,1
1789801976.288418,5,17.716818,20.293572,2.728699,19.128000,20.452000,17.878000,20.452000,0.173143,0.826533,0.793770,2.926829,-0.298345,0.423467,0.000000,0.000000,0,1
1789801976.393736,5,17.716818,20.293572,2.728699,19.128000,20.452000,17.878000,20.452000,0.173143,0.826533,0.793770,2.926829,-0.298345,0.423467,0.000000,0.000000,0,1
1789801976.488725,5,17.716818,20.293572,2.728699,19.128000,20.452000,17.878000,20.452000,0.173143,0.826533,0.793770,2.926829,-0.298345,0.423467,0.000000,0.000000,0,1
1789801976.588423,5,17.716818,20.293572,2.728699,19.128000,20.452000,17.878000,20.452000,0.173143,0.826533,0.793770,2.926829,-0.298345,0.423467,0.000000,0.000000,0,1
1789801976.694901,5,17.716818,20.293572,2.728699,19.128000,20.452000,17.878000,20.452000,0.173143,0.826533,0.793770,2.926829,-0.298345,0.423467,0.000000,0.000000,0,1
1789801976.790202,5,17.716818,20.293572,2.728699,19.128000,20.452000,17.878000,20.452000,0.173143,0.826533,0.793770,2.926829,-0.298345,0.423467,0.000000,0.000000,0,1
1789801976.890575,5,17.716818,20.293572,2.728699,19.128000,20.452000,17.878000,20.452000,0.173143,0.826533,0.793770,2.926829,-0.298345,0.423467,0.000000,0.000000,0,1
1789801976.988817,5,17.716818,20.293572,2.728699,19.128000,20.452000,17.878000,20.452000,0.173143,0.826533,0.793770,2.926829,-0.298345,0.423467,0.000000,0.000000,0,1
1789801977.089253,5,17.716818,20.293572,2.728699,19.128000,20.452000,17.878000,20.452000,0.173143,0.826533,0.793770,2.926829,-0.298345,0.423467,0.000000,0.000000,0,1
1789801977.189555,5,17.716818,20.293572,2.728699,19.128000,20.452000,17.878000,20.452000,0.173143,0.826533,0.793770,2.926829,-0.298345,0.423467,0.000000,0.000000,0,1
1789801977.288492,5,17.716818,20.293572,2.728699,19.128000,20.452000,17.878000,20.452000,0.173143,0.826533,0.793770,2.926829,-0.298345,0.423467,0.000000,0.000000,0,1
1789801977.393237,5,17.716818,20.293572,2.728699,19.128000,20.452000,17.878000,20.452000,0.173143,0.826533,0.793770,2.926829,-0.298345,0.423467,0.000000,0.000000,0,1
1789801977.488530,5,17.666681,20.317537,2.854983,19.128000,20.452000,17.878000,20.452000,0.173143,0.826533,0.793770,2.926829,-0.298345,0.423467,0.000000,0.000000,0,1
1789801977.588454,5,17.666681,20.317537,2.854983,19.128000,20.452000,17.878000,20.452000,0.173143,0.826533,0.793770,2.926829,-0.298345,0.423467,0.000000,0.000000,0,1
1789801977.689095,5,17.666681,20.317537,2.854983,19.128000,20.452000,17.878000,20.452000,0.173143,0.826533,0.793770,2.926829,-0.298345,0.423467,0.000000,0.000000,0,1
1789801977.789836,5,17.666681,20.317537,2.854983,19.128000,20.452000,17.878000,20.452000,0.173143,0.826533,0.793770,2.926829,-0.298345,0.423467,0.000000,0.000000,0,1
1789801977.888491,5,17.634828,20.332578,2.968850,19.128000,20.452000,17.878000,20.452000,0.173143,0.826533,0.793770,2.926829,-0.298345,0.423467,0.000000,0.000000,0,1
1789801977.988499,5,17.634828,20.332578,2.968850,19.128000,20.452000,17.878000,20.452000,0.173143,0.826533,0.793770,2.926829,-0.298345,0.423467,0.000000,0.000000,0,1
1789801978.088501,5,17.634828,20.332578,2.968850,19.128000,20.452000,17.878000,20.452000,0.173143,0.826533,0.793770,2.926829,-0.298345,0.423467,0.000000,0.000000,0,1
1789801978.188504,5,17.607146,20.333928,3.083591,19.128000,20.452000,17.878000,20.452000,0.173143,0.826533,0.793770,2.926829,-0.298345,0.423467,0.000000,0.000000,0,1
1789801978.288529,5,17.607146,20.333928,3.083591,19.128000,20.452000,17.878000,20.452000,0.173143,0.826533,0.793770,2.926829,-0.298345,0.423467,0.000000,0.000000,0,1
1789801978.390188,5,17.607146,20.333928,3.083591,19.128000,20.452000,17.878000,20.452000,0.173143,0.826533,0.793770,2.926829,-0.298345,0.423467,0.000000,0.000000,0,1
1789801978.488535,5,17.580768,20.332313,-3.073838,19.128000,20.452000,17.878000,20.452000,0.173143,0.826533,0.793770,2.926829,-0.298345,0.423467,0.000000,0.000000,0,1
1789801978.589375,5,17.580768,20.332313,-3.073838,19.128000,20.452000,17.878000,20.452000,0.173143,0.826533,0.793770,2.926829,-0.298345,0.423467,0.000000,0.000000,0,1
1789801978.690329,5,17.580768,20.332313,-3.073838,19.128000,20.452000,17.878000,20.452000,0.173143,0.826533,0.793770,2.926829,-0.298345,0.423467,0.000000,0.000000,0,1
1789801978.789239,5,17.552212,20.318547,-2.949623,19.128000,20.452000,17.878000,20.452000,0.173143,0.826533,0.793770,2.926829,-0.298345,0.423467,0.000000,0.000000,0,1
1789801978.888602,5,17.552212,20.318547,-2.949623,19.128000,20.452000,17.878000,20.452000,0.173143,0.826533,0.793770,2.926829,-0.298345,0.423467,0.000000,0.000000,0,1
1789801978.988634,5,17.552212,20.318547,-2.949623,19.128000,20.452000,17.878000,20.452000,0.173143,0.826533,0.793770,2.926829,-0.298345,0.423467,0.000000,0.000000,0,1
1789801979.089480,5,17.522683,20.303339,-2.834382,19.128000,20.452000,17.878000,20.452000,0.173143,0.826533,0.793770,2.926829,-0.298345,0.423467,0.000000,0.000000,0,1
1789801979.190206,5,17.522683,20.303339,-2.834382,19.128000,20.452000,17.878000,20.452000,0.173143,0.826533,0.793770,2.926829,-0.298345,0.423467,0.000000,0.000000,0,1
1789801979.290466,5,17.522683,20.303339,-2.834382,19.128000,20.452000,17.878000,20.452000,0.173143,0.826533,0.793770,2.926829,-0.298345,0.423467,0.000000,0.000000,0,1
1789801979.388544,5,17.498848,20.282905,-2.714788,19.128000,20.452000,17.878000,20.452000,0.173143,0.826533,0.793770,2.926829,-0.298345,0.423467,0.000000,0.000000,0,1
1789801979.488633,5,17.498848,20.282905,-2.714788,19.128000,20.452000,17.878000,20.452000,0.173143,0.826533,0.793770,2.926829,-0.298345,0.423467,0.000000,0.000000,0,1
1789801979.588667,5,17.498848,20.282905,-2.714788,19.128000,20.452000,17.878000,20.452000,0.173143,0.826533,0.793770,2.926829,-0.298345,0.423467,0.000000,0.000000,0,1
1789801979.688613,5,17.479040,20.262652,-2.597688,19.128000,20.452000,17.878000,20.452000,0.173143,0.826533,0.793770,2.926829,-0.298345,0.423467,0.000000,0.000000,0,1
1789801979.788665,5,17.479040,20.262652,-2.597688,19.128000,20.452000,17.878000,20.452000,0.173143,0.826533,0.793770,2.926829,-0.298345,0.423467,0.000000,0.000000,0,1
1789801979.888638,5,17.479040,20.262652,-2.597688,19.128000,20.452000,17.878000,20.452000,0.173143,0.826533,0.793770,2.926829,-0.298345,0.423467,0.000000,0.000000,0,1
1789801979.988928,5,17.449016,20.235810,-2.479964,19.128000,20.452000,17.878000,20.452000,0.173143,0.826533,0.793770,2.926829,-0.298345,0.423467,0.000000,0.000000,0,1
1789801980.088829,5,17.449016,20.235810,-2.479964,19.128000,20.452000,17.878000,20.452000,0.173143,0.826533,0.793770,2.926829,-0.298345,0.423467,0.000000,0.000000,0,1
1789801980.188656,5,17.435653,20.203226,-2.348326,19.128000,20.452000,17.878000,20.452000,0.173143,0.826533,0.793770,2.926829,-0.298345,0.423467,0.000000,0.000000,0,1
1789801980.288664,5,17.435653,20.203226,-2.348326,19.128000,20.452000,17.878000,20.452000,0.173143,0.826533,0.793770,2.926829,-0.298345,0.423467,0.000000,0.000000,0,1
1789801980.390798,5,17.430164,20.160757,-2.187249,19.128000,20.452000,17.878000,20.452000,0.173143,0.826533,0.793770,2.926829,-0.298345,0.423467,0.000000,0.000000,0,1
1789801980.490092,5,17.430164,20.160757,-2.187249,19.128000,20.452000,17.878000,20.452000,0.173143,0.826533,0.793770,2.926829,-0.298345,0.423467,0.000000,0.000000,0,1
1789801980.589536,5,17.430164,20.160757,-2.187249,19.128000,20.452000,17.878000,20.452000,0.173143,0.826533,0.793770,2.926829,-0.298345,0.423467,0.000000,0.000000,0,1
1789801980.688703,5,17.430164,20.160757,-2.187249,19.128000,20.452000,17.878000,20.452000,0.173143,0.826533,0.793770,2.926829,-0.298345,0.423467,0.000000,0.000000,0,1
1789801980.788741,5,17.430164,20.160757,-2.187249,19.128000,20.452000,17.878000,20.452000,0.173143,0.826533,0.793770,2.926829,-0.298345,0.423467,0.000000,0.000000,0,1
1789801980.891775,5,17.430164,20.160757,-2.187249,19.128000,20.452000,17.878000,20.452000,0.173143,0.826533,0.793770,2.926829,-0.298345,0.423467,0.000000,0.000000,0,1
1789801980.988743,5,17.417785,20.116940,-2.070252,19.128000,20.452000,17.878000,20.452000,0.173143,0.826533,0.793770,2.926829,-0.298345,0.423467,0.000000,0.000000,0,1
1789801981.088712,5,17.417785,20.116940,-2.070252,19.128000,20.452000,17.878000,20.452000,0.173143,0.826533,0.793770,2.926829,-0.298345,0.423467,0.000000,0.000000,0,1
1789801981.188720,5,17.417785,20.116940,-2.070252,19.128000,20.452000,17.878000,20.452000,0.173143,0.826533,0.793770,2.926829,-0.298345,0.423467,0.000000,0.000000,0,1
1789801981.288749,5,17.417785,20.116940,-2.070252,19.128000,20.452000,17.878000,20.452000,0.173143,0.826533,0.793770,2.926829,-0.298345,0.423467,0.000000,0.000000,0,1
1789801981.388750,5,17.417785,20.116940,-2.070252,19.128000,20.452000,17.878000,20.452000,0.173143,0.826533,0.793770,2.926829,-0.298345,0.423467,0.000000,0.000000,0,1
1789801981.488711,5,17.413751,20.093098,-1.956899,19.128000,20.452000,17.878000,20.452000,0.173143,0.826533,0.793770,2.926829,-0.298345,0.423467,0.000000,0.000000,0,1
1789801981.594465,5,17.413751,20.093098,-1.956899,19.128000,20.452000,17.878000,20.452000,0.173143,0.826533,0.793770,2.926829,-0.298345,0.423467,0.000000,0.000000,0,1
1789801981.688748,5,17.413751,20.093098,-1.956899,19.128000,20.452000,17.878000,20.452000,0.173143,0.826533,0.793770,2.926829,-0.298345,0.423467,0.000000,0.000000,0,1
1789801981.790106,5,17.410745,20.063768,-1.842663,19.128000,20.452000,17.878000,20.452000,0.173143,0.826533,0.793770,2.926829,-0.298345,0.423467,0.000000,0.000000,0,1
1789801981.888747,5,17.410745,20.063768,-1.842663,19.128000,20.452000,17.878000,20.452000,0.173143,0.826533,0.793770,2.926829,-0.298345,0.423467,0.000000,0.000000,0,1
1789801981.989657,5,17.410745,20.063768,-1.842663,19.128000,20.452000,17.878000,20.452000,0.173143,0.826533,0.793770,2.926829,-0.298345,0.423467,0.000000,0.000000,0,1
1789801982.088777,5,17.410745,20.063768,-1.842663,19.128000,20.452000,17.878000,20.452000,0.173143,0.826533,0.793770,2.926829,-0.298345,0.423467,0.000000,0.000000,0,1
1789801982.188822,5,17.411665,20.018665,-1.707532,19.128000,20.452000,17.878000,20.452000,0.173143,0.826533,0.793770,2.926829,-0.298345,0.423467,0.000000,0.000000,0,1
1789801982.288817,5,17.411665,20.018665,-1.707532,19.128000,20.452000,17.878000,20.452000,0.173143,0.826533,0.793770,2.926829,-0.298345,0.423467,0.000000,0.000000,0,1
1789801982.389162,5,17.411665,20.018665,-1.707532,19.128000,20.452000,17.878000,20.452000,0.173143,0.826533,0.793770,2.926829,-0.298345,0.423467,0.000000,0.000000,0,1
1789801982.488835,5,17.411665,20.018665,-1.707532,19.128000,20.452000,17.878000,20.452000,0.173143,0.826533,0.793770,2.926829,-0.298345,0.423467,0.000000,0.000000,0,1
1789801982.588841,5,17.411665,20.018665,-1.707532,19.128000,20.452000,17.878000,20.452000,0.173143,0.826533,0.793770,2.926829,-0.298345,0.423467,0.000000,0.000000,0,1
1789801982.688862,5,17.411665,20.018665,-1.707532,19.128000,20.452000,17.878000,20.452000,0.173143,0.826533,0.793770,2.926829,-0.298345,0.423467,0.000000,0.000000,0,1
1789801982.788898,5,17.414732,19.981348,-1.576341,19.128000,20.452000,17.878000,20.452000,0.173143,0.826533,0.793770,2.926829,-0.298345,0.423467,0.000000,0.000000,0,1
1789801982.888848,5,17.414732,19.981348,-1.576341,19.128000,20.452000,17.878000,20.452000,0.173143,0.826533,0.793770,2.926829,-0.298345,0.423467,0.000000,0.000000,0,1
1789801982.989117,5,17.414732,19.981348,-1.576341,19.128000,20.452000,17.878000,20.452000,0.173143,0.826533,0.793770,2.926829,-0.298345,0.423467,0.000000,0.000000,0,1
1789801983.088832,5,17.418613,19.943528,-1.446736,19.128000,20.452000,17.878000,20.452000,0.173143,0.826533,0.793770,2.926829,-0.298345,0.423467,0.000000,0.000000,0,1
1789801983.188835,5,17.418613,19.943528,-1.446736,19.128000,20.452000,17.878000,20.452000,0.173143,0.826533,0.793770,2.926829,-0.298345,0.423467,0.000000,0.000000,0,1
1789801983.290178,5,17.418613,19.943528,-1.446736,19.128000,20.452000,17.878000,20.452000,0.173143,0.826533,0.793770,2.926829,-0.298345,0.423467,0.000000,0.000000,0,1
1789801983.388882,5,17.432278,19.904267,-1.299936,19.128000,20.452000,17.878000,20.452000,0.173143,0.826533,0.793770,2.926829,-0.298345,0.423467,0.000000,0.000000,0,1
1789801983.488908,5,17.432278,19.904267,-1.299936,19.128000,20.452000,17.878000,20.452000,0.173143,0.826533,0.793770,2.926829,-0.298345,0.423467,0.000000,0.000000,0,1
1789801983.588920,5,17.432278,19.904267,-1.299936,19.128000,20.452000,17.878000,20.452000,0.173143,0.826533,0.793770,2.926829,-0.298345,0.423467,0.000000,0.000000,0,1
1789801983.690763,5,17.446448,19.868507,-1.166007,19.128000,20.452000,17.878000,20.452000,0.173143,0.826533,0.793770,2.926829,-0.298345,0.423467,0.000000,0.000000,0,1
1789801983.788899,5,17.446448,19.868507,-1.166007,19.128000,20.452000,17.878000,20.452000,0.173143,0.826533,0.793770,2.926829,-0.298345,0.423467,0.000000,0.000000,0,1
1789801983.888924,5,17.446448,19.868507,-1.166007,19.128000,20.452000,17.878000,20.452000,0.173143,0.826533,0.793770,2.926829,-0.298345,0.423467,0.000000,0.000000,0,1
1789801983.988863,5,17.446448,19.868507,-1.166007,19.128000,20.452000,17.878000,20.452000,0.173143,0.826533,0.793770,2.926829,-0.298345,0.423467,0.000000,0.000000,0,1
1789801984.088993,5,17.446448,19.868507,-1.166007,19.128000,20.452000,17.878000,20.452000,0.173143,0.826533,0.793770,2.926829,-0.298345,0.423467,0.000000,0.000000,0,1
1789801984.188954,5,17.446448,19.868507,-1.166007,19.128000,20.452000,17.878000,20.452000,0.173143,0.826533,0.793770,2.926829,-0.298345,0.423467,0.000000,0.000000,0,1
1789801984.288917,5,17.446448,19.868507,-1.166007,19.128000,20.452000,17.878000,20.452000,0.173143,0.826533,0.793770,2.926829,-0.298345,0.423467,0.000000,0.000000,0,1
1789801984.390623,5,17.446448,19.868507,-1.166007,19.128000,20.452000,17.878000,20.452000,0.173143,0.826533,0.793770,2.926829,-0.298345,0.423467,0.000000,0.000000,0,1
1789801984.488946,5,17.446448,19.868507,-1.166007,19.128000,20.452000,17.878000,20.452000,0.173143,0.826533,0.793770,2.926829,-0.298345,0.423467,0.000000,0.000000,0,1
1789801984.590153,5,17.446448,19.868507,-1.166007,19.128000,20.452000,17.878000,20.452000,0.173143,0.826533,0.793770,2.926829,-0.298345,0.423467,0.000000,0.000000,0,1
1789801984.689549,5,17.459640,19.854962,-1.258570,19.128000,20.452000,17.878000,20.452000,0.173143,0.826533,0.793770,2.926829,-0.298345,0.423467,0.000000,0.000000,0,1
1789801984.789221,5,17.459640,19.854962,-1.258570,19.128000,20.452000,17.878000,20.452000,0.173143,0.826533,0.793770,2.926829,-0.298345,0.423467,0.000000,0.000000,0,1
1789801984.888937,5,17.459640,19.854962,-1.258570,19.128000,20.452000,17.878000,20.452000,0.173143,0.826533,0.793770,2.926829,-0.298345,0.423467,0.000000,0.000000,0,1
1789801984.988978,5,17.459640,19.854962,-1.258570,19.128000,20.452000,17.878000,20.452000,0.173143,0.826533,0.793770,2.926829,-0.298345,0.423467,0.000000,0.000000,0,1
1789801985.090277,5,17.458524,19.885742,-1.368635,19.128000,20.452000,17.878000,20.452000,0.173143,0.826533,0.793770,2.926829,-0.298345,0.423467,0.000000,0.000000,0,1
1789801985.190488,5,17.458524,19.885742,-1.368635,19.128000,20.452000,17.878000,20.452000,0.173143,0.826533,0.793770,2.926829,-0.298345,0.423467,0.000000,0.000000,0,1
1789801985.289071,5,17.458524,19.885742,-1.368635,19.128000,20.452000,17.878000,20.452000,0.173143,0.826533,0.793770,2.926829,-0.298345,0.423467,0.000000,0.000000,0,1
1789801985.389026,5,17.458524,19.885742,-1.368635,19.128000,20.452000,17.878000,20.452000,0.173143,0.826533,0.793770,2.926829,-0.298345,0.423467,0.000000,0.000000,0,1
1789801985.489018,5,17.458524,19.885742,-1.368635,19.128000,20.452000,17.878000,20.452000,0.173143,0.826533,0.793770,2.926829,-0.298345,0.423467,0.000000,0.000000,0,1
1789801985.589009,5,17.458524,19.885742,-1.368635,19.128000,20.452000,17.878000,20.452000,0.173143,0.826533,0.793770,2.926829,-0.298345,0.423467,0.000000,0.000000,0,1
1789801985.689057,5,17.458524,19.885742,-1.368635,19.128000,20.452000,17.878000,20.452000,0.173143,0.826533,0.793770,2.926829,-0.298345,0.423467,0.000000,0.000000,0,1
1789801985.789066,5,17.458524,19.885742,-1.368635,19.128000,20.452000,17.878000,20.452000,0.173143,0.826533,0.793770,2.926829,-0.298345,0.423467,0.000000,0.000000,0,1
1789801985.889020,5,17.458524,19.885742,-1.368635,19.128000,20.452000,17.878000,20.452000,0.173143,0.826533,0.793770,2.926829,-0.298345,0.423467,0.000000,0.000000,0,1
1789801985.989023,5,17.458524,19.885742,-1.368635,19.128000,20.452000,17.878000,20.452000,0.173143,0.826533,0.793770,2.926829,-0.298345,0.423467,0.000000,0.000000,0,1
1789801986.089085,5,17.456494,19.919502,-1.474061,19.128000,20.452000,17.878000,20.452000,0.173143,0.826533,0.793770,2.926829,-0.298345,0.423467,0.000000,0.000000,0,1
1789801986.192402,5,17.456494,19.919502,-1.474061,19.128000,20.452000,17.878000,20.452000,0.173143,0.826533,0.793770,2.926829,-0.298345,0.423467,0.000000,0.000000,0,1
1789801986.290557,5,17.456494,19.919502,-1.474061,19.128000,20.452000,17.878000,20.452000,0.173143,0.826533,0.793770,2.926829,-0.298345,0.423467,0.000000,0.000000,0,1
1789801986.389055,5,17.456494,19.919502,-1.474061,19.128000,20.452000,17.878000,20.452000,0.173143,0.826533,0.793770,2.926829,-0.298345,0.423467,0.000000,0.000000,0,1
1789801986.489088,5,17.456494,19.919502,-1.474061,19.128000,20.452000,17.878000,20.452000,0.173143,0.826533,0.793770,2.926829,-0.298345,0.423467,0.000000,0.000000,0,1
1789801986.592246,5,17.456494,19.919502,-1.474061,19.128000,20.452000,17.878000,20.452000,0.173143,0.826533,0.793770,2.926829,-0.298345,0.423467,0.000000,0.000000,0,1
1789801986.689128,5,17.456494,19.919502,-1.474061,19.128000,20.452000,17.878000,20.452000,0.173143,0.826533,0.793770,2.926829,-0.298345,0.423467,0.000000,0.000000,0,1
1789801986.789099,5,17.456494,19.919502,-1.474061,19.128000,20.452000,17.878000,20.452000,0.173143,0.826533,0.793770,2.926829,-0.298345,0.423467,0.000000,0.000000,0,1
1789801986.892034,5,17.456182,20.067934,-1.537710,19.128000,20.452000,17.878000,20.452000,0.173143,0.826533,0.793770,2.926829,-0.298345,0.423467,0.000000,0.000000,0,1
1789801986.989152,5,17.456182,20.067934,-1.537710,19.128000,20.452000,17.878000,20.452000,0.173143,0.826533,0.793770,2.926829,-0.298345,0.423467,0.000000,0.000000,0,1
1789801987.089146,5,17.456182,20.067934,-1.537710,19.128000,20.452000,17.878000,20.452000,0.173143,0.826533,0.793770,2.926829,-0.298345,0.423467,0.000000,0.000000,0,1
1789801987.189738,5,17.456182,20.067934,-1.537710,19.128000,20.452000,17.878000,20.452000,0.173143,0.826533,0.793770,2.926829,-0.298345,0.423467,0.000000,0.000000,0,1
1789801987.291280,5,17.456182,20.067934,-1.537710,19.128000,20.452000,17.878000,20.452000,0.173143,0.826533,0.793770,2.926829,-0.298345,0.423467,0.000000,0.000000,0,1
1789801987.389176,5,17.456182,20.067934,-1.537710,19.128000,20.452000,17.878000,20.452000,0.173143,0.826533,0.793770,2.926829,-0.298345,0.423467,0.000000,0.000000,0,1
1789801987.489178,5,17.449602,20.219556,-1.550135,19.128000,20.452000,17.878000,20.452000,0.173143,0.826533,0.793770,2.926829,-0.298345,0.423467,0.000000,0.000000,0,1
1789801987.589240,5,17.449602,20.219556,-1.550135,19.128000,20.452000,17.878000,20.452000,0.173143,0.826533,0.793770,2.926829,-0.298345,0.423467,0.000000,0.000000,0,1
1789801987.689189,5,17.449602,20.219556,-1.550135,19.128000,20.452000,17.878000,20.452000,0.173143,0.826533,0.793770,2.926829,-0.298345,0.423467,0.000000,0.000000,0,1
1789801987.789185,5,17.456709,20.278560,-1.675893,19.128000,20.452000,17.878000,20.452000,0.173143,0.826533,0.793770,2.926829,-0.298345,0.423467,0.000000,0.000000,0,1
1789801987.889213,5,17.456709,20.278560,-1.675893,19.128000,20.452000,17.878000,20.452000,0.173143,0.826533,0.793770,2.926829,-0.298345,0.423467,0.000000,0.000000,0,1
1789801987.990177,5,17.456709,20.278560,-1.675893,19.128000,20.452000,17.878000,20.452000,0.173143,0.826533,0.793770,2.926829,-0.298345,0.423467,0.000000,0.000000,0,1
1789801988.090740,5,17.456709,20.278560,-1.675893,19.128000,20.452000,17.878000,20.452000,0.173143,0.826533,0.793770,2.926829,-0.298345,0.423467,0.000000,0.000000,0,1
1789801988.189229,5,17.462904,20.312133,-1.771532,19.128000,20.452000,17.878000,20.452000,0.173143,0.826533,0.793770,2.926829,-0.298345,0.423467,0.000000,0.000000,0,1
1789801988.291527,5,17.462904,20.312133,-1.771532,19.128000,20.452000,17.878000,20.452000,0.173143,0.826533,0.793770,2.926829,-0.298345,0.423467,0.000000,0.000000,1,1
1789801988.389235,5,17.462904,20.312133,-1.771532,19.128000,20.452000,17.878000,20.452000,0.173143,0.826533,0.793770,2.926829,-0.298345,0.423467,0.000000,0.000000,0,1
1789801988.489270,5,17.462904,20.312133,-1.771532,19.128000,20.452000,17.878000,20.452000,0.173143,0.826533,0.793770,2.926829,-0.298345,0.423467,0.000000,0.000000,0,1
1789801988.589460,5,17.462904,20.312133,-1.771532,19.128000,20.452000,17.878000,20.452000,0.173143,0.826533,0.793770,2.926829,-0.298345,0.423467,0.000000,0.000000,0,1
1789801988.689270,5,17.462904,20.312133,-1.771532,19.128000,20.452000,17.878000,20.452000,0.173143,0.826533,0.793770,2.926829,-0.298345,0.423467,0.000000,0.000000,0,1
1789801988.789212,5,17.462904,20.312133,-1.771532,19.128000,20.452000,17.878000,20.452000,0.173143,0.826533,0.793770,2.926829,-0.298345,0.423467,0.000000,0.000000,0,1
1789801988.889312,5,17.462904,20.312133,-1.771532,19.128000,20.452000,17.878000,20.452000,0.173143,0.826533,0.793770,2.926829,-0.298345,0.423467,0.000000,0.000000,0,1
1789801988.989259,5,17.462904,20.312133,-1.771532,19.128000,20.452000,17.878000,20.452000,0.173143,0.826533,0.793770,2.926829,-0.298345,0.423467,0.000000,0.000000,0,1
1789801989.089244,5,17.462904,20.312133,-1.771532,19.128000,20.452000,17.878000,20.452000,0.173143,0.826533,0.793770,2.926829,-0.298345,0.423467,0.000000,0.000000,0,1
1789801989.189557,5,17.462904,20.312133,-1.771532,19.128000,20.452000,17.878000,20.452000,0.173143,0.826533,0.793770,2.926829,-0.298345,0.423467,0.000000,0.000000,0,1
1789801989.289323,5,17.452162,20.302761,-1.590158,19.128000,20.452000,17.878000,20.452000,0.173143,0.826533,0.793770,2.926829,-0.298345,0.423467,0.000000,0.000000,0,1
1789801989.389262,5,17.452162,20.302761,-1.590158,19.128000,20.452000,17.878000,20.452000,0.173143,0.826533,0.793770,2.926829,-0.298345,0.423467,0.000000,0.000000,0,1
1789801989.489381,5,17.452162,20.302761,-1.590158,19.128000,20.452000,17.878000,20.452000,0.173143,0.826533,0.793770,2.926829,-0.298345,0.423467,0.000000,0.000000,0,1
1789801989.589292,5,17.452162,20.302761,-1.590158,19.128000,20.452000,17.878000,20.452000,0.173143,0.826533,0.793770,2.926829,-0.298345,0.423467,0.000000,0.000000,0,1
1789801989.689276,5,17.455367,20.272126,-1.480158,19.128000,20.452000,17.878000,20.452000,0.173143,0.826533,0.793770,2.926829,-0.298345,0.423467,0.000000,0.000000,0,1
1789801989.792523,5,17.455367,20.272126,-1.480158,19.128000,20.452000,17.878000,20.452000,0.173143,0.826533,0.793770,2.926829,-0.298345,0.423467,0.000000,0.000000,0,1
1789801989.889420,5,17.455367,20.272126,-1.480158,19.128000,20.452000,17.878000,20.452000,0.173143,0.826533,0.793770,2.926829,-0.298345,0.423467,0.000000,0.000000,0,1
1789801989.991153,5,17.455367,20.272126,-1.480158,19.128000,20.452000,17.878000,20.452000,0.173143,0.826533,0.793770,2.926829,-0.298345,0.423467,0.000000,0.000000,0,1
1789801990.089296,5,17.460810,20.232261,-1.332979,19.128000,20.452000,17.878000,20.452000,0.173143,0.826533,0.793770,2.926829,-0.298345,0.423467,0.000000,0.000000,0,1
1789801990.190988,5,17.460810,20.232261,-1.332979,19.128000,20.452000,17.878000,20.452000,0.173143,0.826533,0.793770,2.926829,-0.298345,0.423467,0.000000,0.000000,0,1
1789801990.289327,5,17.460810,20.232261,-1.332979,19.128000,20.452000,17.878000,20.452000,0.173143,0.826533,0.793770,2.926829,-0.298345,0.423467,0.000000,0.000000,0,1
1789801990.389357,5,17.460810,20.232261,-1.332979,19.128000,20.452000,17.878000,20.452000,0.173143,0.826533,0.793770,2.926829,-0.298345,0.423467,0.000000,0.000000,0,1
1789801990.489356,5,17.467754,20.196924,-1.213925,19.128000,20.452000,17.878000,20.452000,0.173143,0.826533,0.793770,2.926829,-0.298345,0.423467,0.000000,0.000000,0,1
1789801990.590780,5,17.467754,20.196924,-1.213925,19.128000,20.452000,17.878000,20.452000,0.173143,0.826533,0.793770,2.926829,-0.298345,0.423467,0.000000,0.000000,0,1
1789801990.689277,5,17.480826,20.158094,-1.087429,19.128000,20.452000,17.878000,20.452000,0.173143,0.826533,0.793770,2.926829,-0.298345,0.423467,0.000000,0.000000,0,1
1789801990.790495,5,17.480826,20.158094,-1.087429,19.128000,20.452000,17.878000,20.452000,0.173143,0.826533,0.793770,2.926829,-0.298345,0.423467,0.000000,0.000000,0,1
1789801990.889376,5,17.480826,20.158094,-1.087429,19.128000,20.452000,17.878000,20.452000,0.173143,0.826533,0.793770,2.926829,-0.298345,0.423467,0.000000,0.000000,0,1
1789801990.989434,5,17.499623,20.121811,-0.968520,19.128000,20.452000,17.878000,20.452000,0.173143,0.826533,0.793770,2.926829,-0.298345,0.423467,0.000000,0.000000,0,1
1789801991.089427,5,17.499623,20.121811,-0.968520,19.128000,20.452000,17.878000,20.452000,0.173143,0.826533,0.793770,2.926829,-0.298345,0.423467,0.000000,0.000000,0,1
1789801991.189357,5,17.499623,20.121811,-0.968520,19.128000,20.452000,17.878000,20.452000,0.173143,0.826533,0.793770,2.926829,-0.298345,0.423467,0.000000,0.000000,0,1
1789801991.289375,5,17.499623,20.121811,-0.968520,19.128000,20.452000,17.878000,20.452000,0.173143,0.826533,0.793770,2.926829,-0.298345,0.423467,0.000000,0.000000,0,1
1789801991.389381,5,17.499623,20.121811,-0.968520,19.128000,20.452000,17.878000,20.452000,0.173143,0.826533,0.793770,2.926829,-0.298345,0.423467,0.000000,0.000000,0,1
1789801991.489427,5,17.499623,20.121811,-0.968520,19.128000,20.452000,17.878000,20.452000,0.173143,0.826533,0.793770,2.926829,-0.298345,0.423467,0.000000,0.000000,0,1
1789801991.589424,5,17.499623,20.121811,-0.968520,19.128000,20.452000,17.878000,20.452000,0.173143,0.826533,0.793770,2.926829,-0.298345,0.423467,0.000000,0.000000,0,1
1789801991.691743,5,17.499623,20.121811,-0.968520,19.128000,20.452000,17.878000,20.452000,0.173143,0.826533,0.793770,2.926829,-0.298345,0.423467,0.000000,0.000000,0,1
1789801991.789816,5,17.499623,20.121811,-0.968520,19.128000,20.452000,17.878000,20.452000,0.173143,0.826533,0.793770,2.926829,-0.298345,0.423467,0.000000,0.000000,0,1
1789801991.889941,5,17.499623,20.121811,-0.968520,19.128000,20.452000,17.878000,20.452000,0.173143,0.826533,0.793770,2.926829,-0.298345,0.423467,0.000000,0.000000,0,1
1789801991.989452,5,17.499623,20.121811,-0.968520,19.128000,20.452000,17.878000,20.452000,0.173143,0.826533,0.793770,2.926829,-0.298345,0.423467,0.000000,0.000000,0,1
1789801992.089425,5,17.499623,20.121811,-0.968520,19.128000,20.452000,17.878000,20.452000,0.173143,0.826533,0.793770,2.926829,-0.298345,0.423467,0.000000,0.000000,0,1
1789801992.189440,5,17.499623,20.121811,-0.968520,19.128000,20.452000,17.878000,20.452000,0.173143,0.826533,0.793770,2.926829,-0.298345,0.423467,0.000000,0.000000,0,1
1789801992.289443,5,17.499623,20.121811,-0.968520,19.128000,20.452000,17.878000,20.452000,0.173143,0.826533,0.793770,2.926829,-0.298345,0.423467,0.000000,0.000000,0,1
1789801992.389511,5,17.499623,20.121811,-0.968520,19.128000,20.452000,17.878000,20.452000,0.173143,0.826533,0.793770,2.926829,-0.298345,0.423467,0.000000,0.000000,0,1
1789801992.489480,5,17.499623,20.121811,-0.968520,19.128000,20.452000,17.878000,20.452000,0.173143,0.826533,0.793770,2.926829,-0.298345,0.423467,0.000000,0.000000,0,1
1789801992.589587,5,17.499623,20.121811,-0.968520,19.128000,20.452000,17.878000,20.452000,0.173143,0.826533,0.793770,2.926829,-0.298345,0.423467,0.000000,0.000000,0,1
1789801992.689487,5,17.499623,20.121811,-0.968520,19.128000,20.452000,17.878000,20.452000,0.173143,0.826533,0.793770,2.926829,-0.298345,0.423467,0.000000,0.000000,0,1
1789801992.789489,5,17.499623,20.121811,-0.968520,19.128000,20.452000,17.878000,20.452000,0.173143,0.826533,0.793770,2.926829,-0.298345,0.423467,0.000000,0.000000,0,1
1789801992.889492,5,17.499623,20.121811,-0.968520,19.128000,20.452000,17.878000,20.452000,0.173143,0.826533,0.793770,2.926829,-0.298345,0.423467,0.000000,0.000000,0,1
1789801992.989513,5,17.499623,20.121811,-0.968520,19.128000,20.452000,17.878000,20.452000,0.173143,0.826533,0.793770,2.926829,-0.298345,0.423467,0.000000,0.000000,0,1
1789801993.089530,5,17.499623,20.121811,-0.968520,19.128000,20.452000,17.878000,20.452000,0.173143,0.826533,0.793770,2.926829,-0.298345,0.423467,0.000000,0.000000,0,1
1789801993.189523,5,17.499623,20.121811,-0.968520,19.128000,20.452000,17.878000,20.452000,0.173143,0.826533,0.793770,2.926829,-0.298345,0.423467,0.000000,0.000000,0,1
1789801993.289514,5,17.499623,20.121811,-0.968520,19.128000,20.452000,17.878000,20.452000,0.173143,0.826533,0.793770,2.926829,-0.298345,0.423467,0.000000,0.000000,0,1
1789801993.389496,5,17.499623,20.121811,-0.968520,19.128000,20.452000,17.878000,20.452000,0.173143,0.826533,0.793770,2.926829,-0.298345,0.423467,0.000000,0.000000,0,1
1789801993.489522,5,17.499623,20.121811,-0.968520,19.128000,20.452000,17.878000,20.452000,0.173143,0.826533,0.793770,2.926829,-0.298345,0.423467,0.000000,0.000000,0,1
1789801993.589579,5,17.499623,20.121811,-0.968520,19.128000,20.452000,17.878000,20.452000,0.173143,0.826533,0.793770,2.926829,-0.298345,0.423467,0.000000,0.000000,0,1
1789801993.689547,5,17.499623,20.121811,-0.968520,19.128000,20.452000,17.878000,20.452000,0.173143,0.826533,0.793770,2.926829,-0.298345,0.423467,0.000000,0.000000,0,1
1789801993.789536,5,17.499623,20.121811,-0.968520,19.128000,20.452000,17.878000,20.452000,0.173143,0.826533,0.793770,2.926829,-0.298345,0.423467,0.000000,0.000000,0,1
1789801993.889671,5,17.499623,20.121811,-0.968520,19.128000,20.452000,17.878000,20.452000,0.173143,0.826533,0.793770,2.926829,-0.298345,0.423467,0.000000,0.000000,0,1
1789801993.989590,5,17.499623,20.121811,-0.968520,19.128000,20.452000,17.878000,20.452000,0.173143,0.826533,0.793770,2.926829,-0.298345,0.423467,0.000000,0.000000,0,1
1789801994.091483,5,17.499623,20.121811,-0.968520,19.128000,20.452000,17.878000,20.452000,0.173143,0.826533,0.793770,2.926829,-0.298345,0.423467,0.000000,0.000000,0,1
1789801994.193435,5,17.499829,20.112227,-0.825371,19.128000,20.452000,17.878000,20.452000,0.173143,0.826533,0.793770,2.926829,-0.298345,0.423467,0.000000,0.000000,0,1
1789801994.289804,5,17.499829,20.112227,-0.825371,19.128000,20.452000,17.878000,20.452000,0.173143,0.826533,0.793770,2.926829,-0.298345,0.423467,0.000000,0.000000,0,1
1789801994.389588,5,17.499829,20.112227,-0.825371,19.128000,20.452000,17.878000,20.452000,0.173143,0.826533,0.793770,2.926829,-0.298345,0.423467,0.000000,0.000000,0,1
1789801994.489648,5,17.528018,20.066452,-0.696952,19.128000,20.452000,17.878000,20.452000,0.173143,0.826533,0.793770,2.926829,-0.298345,0.423467,0.000000,0.000000,0,1
1789801994.589599,5,17.528018,20.066452,-0.696952,19.128000,20.452000,17.878000,20.452000,0.173143,0.826533,0.793770,2.926829,-0.298345,0.423467,0.000000,0.000000,0,1
1789801994.689658,5,17.560080,20.028248,-0.562302,19.128000,20.452000,17.878000,20.452000,0.173143,0.826533,0.793770,2.926829,-0.298345,0.423467,0.000000,0.000000,0,1
1789801994.789647,5,17.560080,20.028248,-0.562302,19.128000,20.452000,17.878000,20.452000,0.173143,0.826533,0.793770,2.926829,-0.298345,0.423467,0.000000,0.000000,0,1
1789801994.889848,5,17.560080,20.028248,-0.562302,19.128000,20.452000,17.878000,20.452000,0.173143,0.826533,0.793770,2.926829,-0.298345,0.423467,0.000000,0.000000,0,1
1789801994.990556,5,17.589870,20.018994,-0.446917,19.128000,20.452000,17.878000,20.452000,0.173143,0.826533,0.793770,2.926829,-0.298345,0.423467,0.000000,0.000000,0,1
1789801995.089663,5,17.589870,20.018994,-0.446917,19.128000,20.452000,17.878000,20.452000,0.173143,0.826533,0.793770,2.926829,-0.298345,0.423467,0.000000,0.000000,0,1
1789801995.189629,5,17.589870,20.018994,-0.446917,19.128000,20.452000,17.878000,20.452000,0.173143,0.826533,0.793770,2.926829,-0.298345,0.423467,0.000000,0.000000,0,1
1789801995.289599,5,17.614791,20.028591,-0.356270,19.128000,20.452000,17.878000,20.452000,0.173143,0.826533,0.793770,2.926829,-0.298345,0.423467,0.000000,0.000000,0,1
1789801995.391742,5,17.614791,20.028591,-0.356270,19.128000,20.452000,17.878000,20.452000,0.173143,0.826533,0.793770,2.926829,-0.298345,0.423467,0.000000,0.000000,0,1
1789801995.489646,5,17.614791,20.028591,-0.356270,19.128000,20.452000,17.878000,20.452000,0.173143,0.826533,0.793770,2.926829,-0.298345,0.423467,0.000000,0.000000,0,1
1789801995.589922,5,17.614791,20.028591,-0.356270,19.128000,20.452000,17.878000,20.452000,0.173143,0.826533,0.793770,2.926829,-0.298345,0.423467,0.000000,0.000000,0,1
1789801995.689697,5,17.614791,20.028591,-0.356270,19.128000,20.452000,17.878000,20.452000,0.173143,0.826533,0.793770,2.926829,-0.298345,0.423467,0.000000,0.000000,0,1
1789801995.794525,5,17.614791,20.028591,-0.356270,19.128000,20.452000,17.878000,20.452000,0.173143,0.826533,0.793770,2.926829,-0.298345,0.423467,0.000000,0.000000,0,1
1789801995.890381,5,17.614791,20.028591,-0.356270,19.128000,20.452000,17.878000,20.452000,0.173143,0.826533,0.793770,2.926829,-0.298345,0.423467,0.000000,0.000000,0,1
1789801995.989718,5,17.614791,20.028591,-0.356270,19.128000,20.452000,17.878000,20.452000,0.173143,0.826533,0.793770,2.926829,-0.298345,0.423467,0.000000,0.000000,0,1
1789801996.089714,5,17.614791,20.028591,-0.356270,19.128000,20.452000,17.878000,20.452000,0.173143,0.826533,0.793770,2.926829,-0.298345,0.423467,0.000000,0.000000,0,1
1789801996.189707,5,17.614791,20.028591,-0.356270,19.128000,20.452000,17.878000,20.452000,0.173143,0.826533,0.793770,2.926829,-0.298345,0.423467,0.000000,0.000000,0,1
1789801996.289846,5,17.649489,20.039402,-0.253941,19.128000,20.452000,17.878000,20.452000,0.173143,0.826533,0.793770,2.926829,-0.298345,0.423467,0.000000,0.000000,0,1
1789801996.389714,5,17.649489,20.039402,-0.253941,19.128000,20.452000,17.878000,20.452000,0.173143,0.826533,0.793770,2.926829,-0.298345,0.423467,0.000000,0.000000,0,1
1789801996.491262,5,17.649489,20.039402,-0.253941,19.128000,20.452000,17.878000,20.452000,0.173143,0.826533,0.793770,2.926829,-0.298345,0.423467,0.000000,0.000000,0,1
1789801996.589687,5,17.649489,20.039402,-0.253941,19.128000,20.452000,17.878000,20.452000,0.173143,0.826533,0.793770,2.926829,-0.298345,0.423467,0.000000,0.000000,0,1
1789801996.693682,5,17.684130,20.034894,-0.123521,19.128000,20.452000,17.878000,20.452000,0.173143,0.826533,0.793770,2.926829,-0.298345,0.423467,0.000000,0.000000,0,1
1789801996.789768,5,17.684130,20.034894,-0.123521,19.128000,20.452000,17.878000,20.452000,0.173143,0.826533,0.793770,2.926829,-0.298345,0.423467,0.000000,0.000000,0,1
1789801996.889773,5,17.684130,20.034894,-0.123521,19.128000,20.452000,17.878000,20.452000,0.173143,0.826533,0.793770,2.926829,-0.298345,0.423467,0.000000,0.000000,0,1
1789801996.989745,5,17.707994,20.036039,-0.029261,19.128000,20.452000,17.878000,20.452000,0.173143,0.826533,0.793770,2.926829,-0.298345,0.423467,0.000000,0.000000,0,1
1789801997.089783,5,17.707994,20.036039,-0.029261,19.128000,20.452000,17.878000,20.452000,0.173143,0.826533,0.793770,2.926829,-0.298345,0.423467,0.000000,0.000000,0,1
1789801997.189962,5,17.707994,20.036039,-0.029261,19.128000,20.452000,17.878000,20.452000,0.173143,0.826533,0.793770,2.926829,-0.298345,0.423467,0.000000,0.000000,0,1
1789801997.289812,5,17.735832,20.044290,0.067327,19.128000,20.452000,17.878000,20.452000,0.173143,0.826533,0.793770,2.926829,-0.298345,0.423467,0.000000,0.000000,0,1
1789801997.389758,5,17.735832,20.044290,0.067327,19.128000,20.452000,17.878000,20.452000,0.173143,0.826533,0.793770,2.926829,-0.298345,0.423467,0.000000,0.000000,0,1
1789801997.489820,5,17.735832,20.044290,0.067327,19.128000,20.452000,17.878000,20.452000,0.173143,0.826533,0.793770,2.926829,-0.298345,0.423467,0.000000,0.000000,0,1
1789801997.590629,5,17.735832,20.044290,0.067327,19.128000,20.452000,17.878000,20.452000,0.173143,0.826533,0.793770,2.926829,-0.298345,0.423467,0.000000,0.000000,0,1
1789801997.689801,5,17.735832,20.044290,0.067327,19.128000,20.452000,17.878000,20.452000,0.173143,0.826533,0.793770,2.926829,-0.298345,0.423467,0.000000,0.000000,0,1
1789801997.789792,5,17.735832,20.044290,0.067327,19.128000,20.452000,17.878000,20.452000,0.173143,0.826533,0.793770,2.926829,-0.298345,0.423467,0.000000,0.000000,0,1
1789801997.889794,5,17.735832,20.044290,0.067327,19.128000,20.452000,17.878000,20.452000,0.173143,0.826533,0.793770,2.926829,-0.298345,0.423467,0.000000,0.000000,0,1
1789801997.989823,5,17.735832,20.044290,0.067327,19.128000,20.452000,17.878000,20.452000,0.173143,0.826533,0.793770,2.926829,-0.298345,0.423467,0.000000,0.000000,0,1
1789801998.089919,5,17.735832,20.044290,0.067327,19.128000,20.452000,17.878000,20.452000,0.173143,0.826533,0.793770,2.926829,-0.298345,0.423467,0.000000,0.000000,0,1
1789801998.189837,5,17.735832,20.044290,0.067327,19.128000,20.452000,17.878000,20.452000,0.173143,0.826533,0.793770,2.926829,-0.298345,0.423467,0.000000,0.000000,0,1
1789801998.289845,5,17.735832,20.044290,0.067327,19.128000,20.452000,17.878000,20.452000,0.173143,0.826533,0.793770,2.926829,-0.298345,0.423467,0.000000,0.000000,0,1
1789801998.389835,5,17.735832,20.044290,0.067327,19.128000,20.452000,17.878000,20.452000,0.173143,0.826533,0.793770,2.926829,-0.298345,0.423467,0.000000,0.000000,0,1
1789801998.489835,5,17.771165,20.050663,0.157575,19.128000,20.452000,17.878000,20.452000,0.173143,0.826533,0.793770,2.926829,-0.298345,0.423467,0.000000,0.000000,0,1
1789801998.589902,5,17.771165,20.050663,0.157575,19.128000,20.452000,17.878000,20.452000,0.173143,0.826533,0.793770,2.926829,-0.298345,0.423467,0.000000,0.000000,0,1
1789801998.689846,5,17.771165,20.050663,0.157575,19.128000,20.452000,17.878000,20.452000,0.173143,0.826533,0.793770,2.926829,-0.298345,0.423467,0.000000,0.000000,0,1
1789801998.792840,5,17.771165,20.050663,0.157575,19.128000,20.452000,17.878000,20.452000,0.173143,0.826533,0.793770,2.926829,-0.298345,0.423467,0.000000,0.000000,0,1
1789801998.889888,5,17.771165,20.050663,0.157575,19.128000,20.452000,17.878000,20.452000,0.173143,0.826533,0.793770,2.926829,-0.298345,0.423467,0.000000,0.000000,0,1
1789801998.991617,5,17.771165,20.050663,0.157575,19.128000,20.452000,17.878000,20.452000,0.173143,0.826533,0.793770,2.926829,-0.298345,0.423467,0.000000,0.000000,0,1
1789801999.089923,5,17.771165,20.050663,0.157575,19.128000,20.452000,17.878000,20.452000,0.173143,0.826533,0.793770,2.926829,-0.298345,0.423467,0.000000,0.000000,0,1
1789801999.189888,5,17.771165,20.050663,0.157575,19.128000,20.452000,17.878000,20.452000,0.173143,0.826533,0.793770,2.926829,-0.298345,0.423467,0.000000,0.000000,0,1
1789801999.289900,5,17.771165,20.050663,0.157575,19.128000,20.452000,17.878000,20.452000,0.173143,0.826533,0.793770,2.926829,-0.298345,0.423467,0.000000,0.000000,0,1
1789801999.389949,5,17.771165,20.050663,0.157575,19.128000,20.452000,17.878000,20.452000,0.173143,0.826533,0.793770,2.926829,-0.298345,0.423467,0.000000,0.000000,0,1
1789801999.491421,5,17.771165,20.050663,0.157575,19.128000,20.452000,17.878000,20.452000,0.173143,0.826533,0.793770,2.926829,-0.298345,0.423467,0.000000,0.000000,0,1
1789801999.589946,5,17.771165,20.050663,0.157575,19.128000,20.452000,17.878000,20.452000,0.173143,0.826533,0.793770,2.926829,-0.298345,0.423467,0.000000,0.000000,0,1
1789801999.691174,5,17.771165,20.050663,0.157575,19.128000,20.452000,17.878000,20.452000,0.173143,0.826533,0.793770,2.926829,-0.298345,0.423467,0.000000,0.000000,0,1
1789801999.789918,5,17.771165,20.050663,0.157575,19.128000,20.452000,17.878000,20.452000,0.173143,0.826533,0.793770,2.926829,-0.298345,0.423467,0.000000,0.000000,0,1
1789801999.889938,5,17.771165,20.050663,0.157575,19.128000,20.452000,17.878000,20.452000,0.173143,0.826533,0.793770,2.926829,-0.298345,0.423467,0.000000,0.000000,0,1
1789801999.989932,5,17.771165,20.050663,0.157575,19.128000,20.452000,17.878000,20.452000,0.173143,0.826533,0.793770,2.926829,-0.298345,0.423467,0.000000,0.000000,0,1
1789802000.089944,5,17.771165,20.050663,0.157575,19.128000,20.452000,17.878000,20.452000,0.173143,0.826533,0.793770,2.926829,-0.298345,0.423467,0.000000,0.000000,0,1
1789802000.194358,5,17.771165,20.050663,0.157575,19.128000,20.452000,17.878000,20.452000,0.173143,0.826533,0.793770,2.926829,-0.298345,0.423467,0.000000,0.000000,0,1
1789802000.289946,5,17.771165,20.050663,0.157575,19.128000,20.452000,17.878000,20.452000,0.173143,0.826533,0.793770,2.926829,-0.298345,0.423467,0.000000,0.000000,0,1
1789802000.390075,5,17.771165,20.050663,0.157575,19.128000,20.452000,17.878000,20.452000,0.173143,0.826533,0.793770,2.926829,-0.298345,0.423467,0.000000,0.000000,0,1
1789802000.489977,5,17.771165,20.050663,0.157575,19.128000,20.452000,17.878000,20.452000,0.173143,0.826533,0.793770,2.926829,-0.298345,0.423467,0.000000,0.000000,0,1
1789802000.590047,5,17.771165,20.050663,0.157575,19.128000,20.452000,17.878000,20.452000,0.173143,0.826533,0.793770,2.926829,-0.298345,0.423467,0.000000,0.000000,0,1
1789802000.691979,5,17.771165,20.050663,0.157575,19.128000,20.452000,17.878000,20.452000,0.173143,0.826533,0.793770,2.926829,-0.298345,0.423467,0.000000,0.000000,0,1
1789802000.789979,5,17.771165,20.050663,0.157575,19.128000,20.452000,17.878000,20.452000,0.173143,0.826533,0.793770,2.926829,-0.298345,0.423467,0.000000,0.000000,0,1
1789802000.890025,5,17.771165,20.050663,0.157575,19.128000,20.452000,17.878000,20.452000,0.173143,0.826533,0.793770,2.926829,-0.298345,0.423467,0.000000,0.000000,0,1
1789802000.990082,5,17.771165,20.050663,0.157575,19.128000,20.452000,17.878000,20.452000,0.173143,0.826533,0.793770,2.926829,-0.298345,0.423467,0.000000,0.000000,0,1
1789802001.090066,5,17.771165,20.050663,0.157575,19.128000,20.452000,17.878000,20.452000,0.173143,0.826533,0.793770,2.926829,-0.298345,0.423467,0.000000,0.000000,0,1
1789802001.191821,5,17.771165,20.050663,0.157575,19.128000,20.452000,17.878000,20.452000,0.173143,0.826533,0.793770,2.926829,-0.298345,0.423467,0.000000,0.000000,0,1
1789802001.290266,5,17.771165,20.050663,0.157575,19.128000,20.452000,17.878000,20.452000,0.173143,0.826533,0.793770,2.926829,-0.298345,0.423467,0.000000,0.000000,0,1
1789802001.390090,5,17.771165,20.050663,0.157575,19.128000,20.452000,17.878000,20.452000,0.173143,0.826533,0.793770,2.926829,-0.298345,0.423467,0.000000,0.000000,0,1
1789802001.490063,5,17.771165,20.050663,0.157575,19.128000,20.452000,17.878000,20.452000,0.173143,0.826533,0.793770,2.926829,-0.298345,0.423467,0.000000,0.000000,0,1
1789802001.590069,5,17.771165,20.050663,0.157575,19.128000,20.452000,17.878000,20.452000,0.173143,0.826533,0.793770,2.926829,-0.298345,0.423467,0.000000,0.000000,0,1
1789802001.691893,5,17.771165,20.050663,0.157575,19.128000,20.452000,17.878000,20.452000,0.173143,0.826533,0.793770,2.926829,-0.298345,0.423467,0.000000,0.000000,0,1
1789802001.790112,5,17.771165,20.050663,0.157575,19.128000,20.452000,17.878000,20.452000,0.173143,0.826533,0.793770,2.926829,-0.298345,0.423467,0.000000,0.000000,0,1
1789802001.891323,5,17.771165,20.050663,0.157575,19.128000,20.452000,17.878000,20.452000,0.173143,0.826533,0.793770,2.926829,-0.298345,0.423467,0.000000,0.000000,0,1
1789802001.990423,5,17.771165,20.050663,0.157575,19.128000,20.452000,17.878000,20.452000,0.173143,0.826533,0.793770,2.926829,-0.298345,0.423467,0.000000,0.000000,0,1
1789802002.090171,5,17.771165,20.050663,0.157575,19.128000,20.452000,17.878000,20.452000,0.173143,0.826533,0.793770,2.926829,-0.298345,0.423467,0.000000,0.000000,0,1
1789802002.190269,5,17.801650,20.057692,0.273048,19.128000,20.452000,17.878000,20.452000,0.173143,0.826533,0.793770,2.926829,-0.298345,0.423467,0.000000,0.000000,0,1
1789802002.290189,5,17.801650,20.057692,0.273048,19.128000,20.452000,17.878000,20.452000,0.173143,0.826533,0.793770,2.926829,-0.298345,0.423467,0.000000,0.000000,0,1
1789802002.390205,5,17.801650,20.057692,0.273048,19.128000,20.452000,17.878000,20.452000,0.173143,0.826533,0.793770,2.926829,-0.298345,0.423467,0.000000,0.000000,0,1
1789802002.490176,5,17.801650,20.057692,0.273048,19.128000,20.452000,17.878000,20.452000,0.173143,0.826533,0.793770,2.926829,-0.298345,0.423467,0.000000,0.000000,0,1
1789802002.590307,5,17.801650,20.057692,0.273048,19.128000,20.452000,17.878000,20.452000,0.173143,0.826533,0.793770,2.926829,-0.298345,0.423467,0.000000,0.000000,0,1
1789802002.690144,5,17.801650,20.057692,0.273048,19.128000,20.452000,17.878000,20.452000,0.173143,0.826533,0.793770,2.926829,-0.298345,0.423467,0.000000,0.000000,0,1
1789802002.790181,5,17.836574,20.076482,0.394431,19.128000,20.452000,17.878000,20.452000,0.173143,0.826533,0.793770,2.926829,-0.298345,0.423467,0.000000,0.000000,0,1
1789802002.890191,5,17.836574,20.076482,0.394431,19.128000,20.452000,17.878000,20.452000,0.173143,0.826533,0.793770,2.926829,-0.298345,0.423467,0.000000,0.000000,0,1
1789802002.990186,5,17.836574,20.076482,0.394431,19.128000,20.452000,17.878000,20.452000,0.173143,0.826533,0.793770,2.926829,-0.298345,0.423467,0.000000,0.000000,0,1
1789802003.090175,5,17.836574,20.076482,0.394431,19.128000,20.452000,17.878000,20.452000,0.173143,0.826533,0.793770,2.926829,-0.298345,0.423467,0.000000,0.000000,0,1
1789802003.190247,5,17.836574,20.076482,0.394431,19.128000,20.452000,17.878000,20.452000,0.173143,0.826533,0.793770,2.926829,-0.298345,0.423467,0.000000,0.000000,0,1
1789802003.290261,5,17.836574,20.076482,0.394431,19.128000,20.452000,17.878000,20.452000,0.173143,0.826533,0.793770,2.926829,-0.298345,0.423467,0.000000,0.000000,0,1
1789802003.390235,5,17.836574,20.076482,0.394431,19.128000,20.452000,17.878000,20.452000,0.173143,0.826533,0.793770,2.926829,-0.298345,0.423467,0.000000,0.000000,0,1
1789802003.490232,5,17.836574,20.076482,0.394431,19.128000,20.452000,17.878000,20.452000,0.173143,0.826533,0.793770,2.926829,-0.298345,0.423467,0.000000,0.000000,0,1
1789802003.591025,5,17.836574,20.076482,0.394431,19.128000,20.452000,17.878000,20.452000,0.173143,0.826533,0.793770,2.926829,-0.298345,0.423467,0.000000,0.000000,0,1
1789802003.690224,5,17.836574,20.076482,0.394431,19.128000,20.452000,17.878000,20.452000,0.173143,0.826533,0.793770,2.926829,-0.298345,0.423467,0.000000,0.000000,0,1
1789802003.790257,5,17.836574,20.076482,0.394431,19.128000,20.452000,17.878000,20.452000,0.173143,0.826533,0.793770,2.926829,-0.298345,0.423467,0.000000,0.000000,0,1
1789802003.890321,5,17.836574,20.076482,0.394431,19.128000,20.452000,17.878000,20.452000,0.173143,0.826533,0.793770,2.926829,-0.298345,0.423467,0.000000,0.000000,0,1
1789802003.990308,5,17.836574,20.076482,0.394431,19.128000,20.452000,17.878000,20.452000,0.173143,0.826533,0.793770,2.926829,-0.298345,0.423467,0.000000,0.000000,0,1
1789802004.090203,5,17.836574,20.076482,0.394431,19.128000,20.452000,17.878000,20.452000,0.173143,0.826533,0.793770,2.926829,-0.298345,0.423467,0.000000,0.000000,0,1
1789802004.190245,5,17.836574,20.076482,0.394431,19.128000,20.452000,17.878000,20.452000,0.173143,0.826533,0.793770,2.926829,-0.298345,0.423467,0.000000,0.000000,0,1
1789802004.290217,5,17.836574,20.076482,0.394431,19.128000,20.452000,17.878000,20.452000,0.173143,0.826533,0.793770,2.926829,-0.298345,0.423467,0.000000,0.000000,0,1
1789802004.390238,5,17.836574,20.076482,0.394431,19.128000,20.452000,17.878000,20.452000,0.173143,0.826533,0.793770,2.926829,-0.298345,0.423467,0.000000,0.000000,0,1
1789802004.490251,5,17.836574,20.076482,0.394431,19.128000,20.452000,17.878000,20.452000,0.173143,0.826533,0.793770,2.926829,-0.298345,0.423467,0.000000,0.000000,0,1
1789802004.590235,5,17.836574,20.076482,0.394431,19.128000,20.452000,17.878000,20.452000,0.173143,0.826533,0.793770,2.926829,-0.298345,0.423467,0.000000,0.000000,0,1
1789802004.690222,5,17.836574,20.076482,0.394431,19.128000,20.452000,17.878000,20.452000,0.173143,0.826533,0.793770,2.926829,-0.298345,0.423467,0.000000,0.000000,0,1
1789802004.793213,5,17.836574,20.076482,0.394431,19.128000,20.452000,17.878000,20.452000,0.173143,0.826533,0.793770,2.926829,-0.298345,0.423467,0.000000,0.000000,0,1
1789802004.890337,5,17.836574,20.076482,0.394431,19.128000,20.452000,17.878000,20.452000,0.173143,0.826533,0.793770,2.926829,-0.298345,0.423467,0.000000,0.000000,0,1
1789802004.990250,5,17.960343,20.126363,0.472380,19.128000,20.452000,17.878000,20.452000,0.173143,0.826533,0.793770,2.926829,-0.298345,0.423467,0.000000,0.000000,0,1
1789802005.090248,5,17.960343,20.126363,0.472380,19.128000,20.452000,17.878000,20.452000,0.173143,0.826533,0.793770,2.926829,-0.298345,0.423467,0.000000,0.000000,0,1
1789802005.190248,5,17.960343,20.126363,0.472380,19.128000,20.452000,17.878000,20.452000,0.173143,0.826533,0.793770,2.926829,-0.298345,0.423467,0.000000,0.000000,0,1
1789802005.290259,5,17.960343,20.126363,0.472380,19.128000,20.452000,17.878000,20.452000,0.173143,0.826533,0.793770,2.926829,-0.298345,0.423467,0.000000,0.000000,0,1
1789802005.390302,5,17.960343,20.126363,0.472380,19.128000,20.452000,17.878000,20.452000,0.173143,0.826533,0.793770,2.926829,-0.298345,0.423467,0.000000,0.000000,0,1
1789802005.490338,5,18.086368,20.198899,0.496127,19.128000,20.452000,17.878000,20.452000,0.173143,0.826533,0.793770,2.926829,-0.298345,0.423467,0.000000,0.000000,0,1
1789802005.590372,5,18.086368,20.198899,0.496127,19.128000,20.452000,17.878000,20.452000,0.173143,0.826533,0.793770,2.926829,-0.298345,0.423467,0.000000,0.000000,0,1
1789802005.690305,5,18.086368,20.198899,0.496127,19.128000,20.452000,17.878000,20.452000,0.173143,0.826533,0.793770,2.926829,-0.298345,0.423467,0.000000,0.000000,0,1
1789802005.790310,5,18.195333,20.247435,0.500101,19.128000,20.452000,17.878000,20.452000,0.173143,0.826533,0.793770,2.926829,-0.298345,0.423467,0.000000,0.000000,0,1
1789802005.890303,5,18.195333,20.247435,0.500101,19.128000,20.452000,17.878000,20.452000,0.173143,0.826533,0.793770,2.926829,-0.298345,0.423467,0.000000,0.000000,0,1
1789802005.990529,5,18.195333,20.247435,0.500101,19.128000,20.452000,17.878000,20.452000,0.173143,0.826533,0.793770,2.926829,-0.298345,0.423467,0.000000,0.000000,0,1
1789802006.090293,5,18.299633,20.312793,0.523221,19.128000,20.452000,17.878000,20.452000,0.173143,0.826533,0.793770,2.926829,-0.298345,0.423467,0.000000,0.000000,0,1
1789802006.190309,5,18.299633,20.312793,0.523221,19.128000,20.452000,17.878000,20.452000,0.173143,0.826533,0.793770,2.926829,-0.298345,0.423467,0.000000,0.000000,0,1
1789802006.290311,5,18.299633,20.312793,0.523221,19.128000,20.452000,17.878000,20.452000,0.173143,0.826533,0.793770,2.926829,-0.298345,0.423467,0.000000,0.000000,0,1
1789802006.392066,5,18.426253,20.381797,0.530489,19.128000,20.452000,17.878000,20.452000,0.173143,0.826533,0.793770,2.926829,-0.298345,0.423467,0.000000,0.000000,0,1
1789802006.490363,5,18.426253,20.381797,0.530489,19.128000,20.452000,17.878000,20.452000,0.173143,0.826533,0.793770,2.926829,-0.298345,0.423467,0.000000,0.000000,0,1
1789802006.590875,5,18.426253,20.381797,0.530489,19.128000,20.452000,17.878000,20.452000,0.173143,0.826533,0.793770,2.926829,-0.298345,0.423467,0.000000,0.000000,0,1
1789802006.690398,5,18.562130,20.456578,0.540326,19.128000,20.452000,17.878000,20.452000,0.173143,0.826533,0.793770,2.926829,-0.298345,0.423467,0.000000,0.000000,0,1
1789802006.790605,5,18.562130,20.456578,0.540326,19.128000,20.452000,17.878000,20.452000,0.173143,0.826533,0.793770,2.926829,-0.298345,0.423467,0.000000,0.000000,0,1
1789802006.890369,5,18.562130,20.456578,0.540326,19.128000,20.452000,17.878000,20.452000,0.173143,0.826533,0.793770,2.926829,-0.298345,0.423467,0.000000,0.000000,0,1
1789802006.990350,5,18.695832,20.535061,0.546079,19.128000,20.452000,17.878000,20.452000,0.173143,0.826533,0.793770,2.926829,-0.298345,0.423467,0.000000,0.000000,0,1
1789802007.090377,5,18.695832,20.535061,0.546079,19.128000,20.452000,17.878000,20.452000,0.173143,0.826533,0.793770,2.926829,-0.298345,0.423467,0.000000,0.000000,0,1
1789802007.190536,5,18.695832,20.535061,0.546079,19.128000,20.452000,17.878000,20.452000,0.173143,0.826533,0.793770,2.926829,-0.298345,0.423467,0.000000,0.000000,0,1
1789802007.290408,5,18.695832,20.535061,0.546079,19.128000,20.452000,17.878000,20.452000,0.173143,0.826533,0.793770,2.926829,-0.298345,0.423467,0.000000,0.000000,0,1
1789802007.390493,5,18.819375,20.600818,0.545542,19.128000,20.452000,17.878000,20.452000,0.173143,0.826533,0.793770,2.926829,-0.298345,0.423467,0.000000,0.000000,0,1
1789802007.490849,5,18.819375,20.600818,0.545542,19.128000,20.452000,17.878000,20.452000,0.173143,0.826533,0.793770,2.926829,-0.298345,0.423467,0.000000,0.000000,0,1
1789802007.590483,5,18.952884,20.651607,0.535833,19.128000,20.452000,17.878000,20.452000,0.173143,0.826533,0.793770,2.926829,-0.298345,0.423467,0.000000,0.000000,0,1
1789802007.690479,5,18.952884,20.651607,0.535833,19.128000,20.452000,17.878000,20.452000,0.173143,0.826533,0.793770,2.926829,-0.298345,0.423467,0.000000,0.000000,0,1
1789802007.790847,5,18.952884,20.651607,0.535833,19.128000,20.452000,17.878000,20.452000,0.173143,0.826533,0.793770,2.926829,-0.298345,0.423467,0.000000,0.000000,0,1
1789802007.890442,5,18.952884,20.651607,0.535833,19.128000,20.452000,17.878000,20.452000,0.173143,0.826533,0.793770,2.926829,-0.298345,0.423467,0.000000,0.000000,0,1
1789802007.990394,5,18.952884,20.651607,0.535833,19.128000,20.452000,17.878000,20.452000,0.173143,0.826533,0.793770,2.926829,-0.298345,0.423467,0.000000,0.000000,0,1
1789802008.090418,5,18.952884,20.651607,0.535833,19.128000,20.452000,17.878000,20.452000,0.173143,0.826533,0.793770,2.926829,-0.298345,0.423467,0.000000,0.000000,0,1
1789802008.190441,5,18.952884,20.651607,0.535833,19.128000,20.452000,17.878000,20.452000,0.173143,0.826533,0.793770,2.926829,-0.298345,0.423467,0.000000,0.000000,0,1
1789802008.290449,5,18.952884,20.651607,0.535833,19.128000,20.452000,17.878000,20.452000,0.173143,0.826533,0.793770,2.926829,-0.298345,0.423467,0.000000,0.000000,0,1
1789802008.390452,5,18.952884,20.651607,0.535833,19.128000,20.452000,17.878000,20.452000,0.173143,0.826533,0.793770,2.926829,-0.298345,0.423467,0.000000,0.000000,0,1
1789802008.490464,5,18.952884,20.651607,0.535833,19.128000,20.452000,17.878000,20.452000,0.173143,0.826533,0.793770,2.926829,-0.298345,0.423467,0.000000,0.000000,0,1
1789802008.590505,5,18.952884,20.651607,0.535833,19.128000,20.452000,17.878000,20.452000,0.173143,0.826533,0.793770,2.926829,-0.298345,0.423467,0.000000,0.000000,0,1
1789802008.690484,5,18.952884,20.651607,0.535833,19.128000,20.452000,17.878000,20.452000,0.173143,0.826533,0.793770,2.926829,-0.298345,0.423467,0.000000,0.000000,0,1
1789802008.790485,5,18.952884,20.651607,0.535833,19.128000,20.452000,17.878000,20.452000,0.173143,0.826533,0.793770,2.926829,-0.298345,0.423467,0.000000,0.000000,0,1
1789802008.890527,5,18.952884,20.651607,0.535833,19.128000,20.452000,17.878000,20.452000,0.173143,0.826533,0.793770,2.926829,-0.298345,0.423467,0.000000,0.000000,0,1
1789802008.990915,5,18.952884,20.651607,0.535833,19.128000,20.452000,17.878000,20.452000,0.173143,0.826533,0.793770,2.926829,-0.298345,0.423467,0.000000,0.000000,0,1
1789802009.090513,5,18.952884,20.651607,0.535833,19.128000,20.452000,17.878000,20.452000,0.173143,0.826533,0.793770,2.926829,-0.298345,0.423467,0.000000,0.000000,0,1
1789802009.190566,5,18.952884,20.651607,0.535833,19.128000,20.452000,17.878000,20.452000,0.173143,0.826533,0.793770,2.926829,-0.298345,0.423467,0.000000,0.000000,0,1
1789802009.290771,5,18.952884,20.651607,0.535833,19.128000,20.452000,17.878000,20.452000,0.173143,0.826533,0.793770,2.926829,-0.298345,0.423467,0.000000,0.000000,0,1
1789802009.390557,5,18.952884,20.651607,0.535833,19.128000,20.452000,17.878000,20.452000,0.173143,0.826533,0.793770,2.926829,-0.298345,0.423467,0.000000,0.000000,0,1
1789802009.490598,5,18.952884,20.651607,0.535833,19.128000,20.452000,17.878000,20.452000,0.173143,0.826533,0.793770,2.926829,-0.298345,0.423467,0.000000,0.000000,0,1
1789802009.590538,5,18.952884,20.651607,0.535833,19.128000,20.452000,17.878000,20.452000,0.173143,0.826533,0.793770,2.926829,-0.298345,0.423467,0.000000,0.000000,0,1
1789802009.690567,5,18.952884,20.651607,0.535833,19.128000,20.452000,17.878000,20.452000,0.173143,0.826533,0.793770,2.926829,-0.298345,0.423467,0.000000,0.000000,0,1
1789802009.790520,5,18.952884,20.651607,0.535833,19.128000,20.452000,17.878000,20.452000,0.173143,0.826533,0.793770,2.926829,-0.298345,0.423467,0.000000,0.000000,0,1
1789802009.891025,5,18.952884,20.651607,0.535833,19.128000,20.452000,17.878000,20.452000,0.173143,0.826533,0.793770,2.926829,-0.298345,0.423467,0.000000,0.000000,0,1
1789802009.990554,5,19.052635,20.687976,0.613756,19.128000,20.452000,17.878000,20.452000,0.173143,0.826533,0.793770,2.926829,-0.298345,0.423467,0.000000,0.000000,0,1
1789802010.091349,5,19.052635,20.687976,0.613756,19.128000,20.452000,17.878000,20.452000,0.173143,0.826533,0.793770,2.926829,-0.298345,0.423467,0.000000,0.000000,0,1
1789802010.190597,5,19.052635,20.687976,0.613756,19.128000,20.452000,17.878000,20.452000,0.173143,0.826533,0.793770,2.926829,-0.298345,0.423467,0.000000,0.000000,0,1
1789802010.290622,5,19.052635,20.687976,0.613756,19.128000,20.452000,17.878000,20.452000,0.173143,0.826533,0.793770,2.926829,-0.298345,0.423467,0.000000,0.000000,0,1
1789802010.390577,5,19.052635,20.687976,0.613756,19.128000,20.452000,17.878000,20.452000,0.173143,0.826533,0.793770,2.926829,-0.298345,0.423467,0.000000,0.000000,0,1
1789802010.490574,5,19.052635,20.687976,0.613756,19.128000,20.452000,17.878000,20.452000,0.173143,0.826533,0.793770,2.926829,-0.298345,0.423467,0.000000,0.000000,0,1
1789802010.590606,5,19.052635,20.687976,0.613756,19.128000,20.452000,17.878000,20.452000,0.173143,0.826533,0.793770,2.926829,-0.298345,0.423467,0.000000,0.000000,0,1
1789802010.690581,5,19.052635,20.687976,0.613756,19.128000,20.452000,17.878000,20.452000,0.173143,0.826533,0.793770,2.926829,-0.298345,0.423467,0.000000,0.000000,0,1
1789802010.790591,5,19.052635,20.687976,0.613756,19.128000,20.452000,17.878000,20.452000,0.173143,0.826533,0.793770,2.926829,-0.298345,0.423467,0.000000,0.000000,0,1
1789802010.890769,5,19.052635,20.687976,0.613756,19.128000,20.452000,17.878000,20.452000,0.173143,0.826533,0.793770,2.926829,-0.298345,0.423467,0.000000,0.000000,0,1
1789802010.990708,5,19.052635,20.687976,0.613756,19.128000,20.452000,17.878000,20.452000,0.173143,0.826533,0.793770,2.926829,-0.298345,0.423467,0.000000,0.000000,0,1
1789802011.090602,5,19.052635,20.687976,0.613756,19.128000,20.452000,17.878000,20.452000,0.173143,0.826533,0.793770,2.926829,-0.298345,0.423467,0.000000,0.000000,0,1
1789802011.191426,5,19.052635,20.687976,0.613756,19.128000,20.452000,17.878000,20.452000,0.173143,0.826533,0.793770,2.926829,-0.298345,0.423467,0.000000,0.000000,0,1
1789802011.290644,5,19.052635,20.687976,0.613756,19.128000,20.452000,17.878000,20.452000,0.173143,0.826533,0.793770,2.926829,-0.298345,0.423467,0.000000,0.000000,0,1
1789802011.390654,5,19.052635,20.687976,0.613756,19.128000,20.452000,17.878000,20.452000,0.173143,0.826533,0.793770,2.926829,-0.298345,0.423467,0.000000,0.000000,0,1
1789802011.490635,5,19.052635,20.687976,0.613756,19.128000,20.452000,17.878000,20.452000,0.173143,0.826533,0.793770,2.926829,-0.298345,0.423467,0.000000,0.000000,0,1
1789802011.590660,5,19.052635,20.687976,0.613756,19.128000,20.452000,17.878000,20.452000,0.173143,0.826533,0.793770,2.926829,-0.298345,0.423467,0.000000,0.000000,0,1
1789802011.690640,5,19.052635,20.687976,0.613756,19.128000,20.452000,17.878000,20.452000,0.173143,0.826533,0.793770,2.926829,-0.298345,0.423467,0.000000,0.000000,0,1
1789802011.790654,5,19.052635,20.687976,0.613756,19.128000,20.452000,17.878000,20.452000,0.173143,0.826533,0.793770,2.926829,-0.298345,0.423467,0.000000,0.000000,0,1
1789802011.890809,5,19.052635,20.687976,0.613756,19.128000,20.452000,17.878000,20.452000,0.173143,0.826533,0.793770,2.926829,-0.298345,0.423467,0.000000,0.000000,0,1
1789802011.990668,5,19.052635,20.687976,0.613756,19.128000,20.452000,17.878000,20.452000,0.173143,0.826533,0.793770,2.926829,-0.298345,0.423467,0.000000,0.000000,0,1
1789802012.090711,5,19.052635,20.687976,0.613756,19.128000,20.452000,17.878000,20.452000,0.173143,0.826533,0.793770,2.926829,-0.298345,0.423467,0.000000,0.000000,0,1
1789802012.190709,5,19.083277,20.705514,0.502921,19.128000,20.452000,17.878000,20.452000,0.173143,0.826533,0.793770,2.926829,-0.298345,0.423467,0.000000,0.000000,0,1
1789802012.291900,5,19.083277,20.705514,0.502921,19.128000,20.452000,17.878000,20.452000,0.173143,0.826533,0.793770,2.926829,-0.298345,0.423467,0.000000,0.000000,0,1
1789802012.390674,5,19.120497,20.715622,0.391694,19.128000,20.452000,17.878000,20.452000,0.173143,0.826533,0.793770,2.926829,-0.298345,0.423467,0.000000,0.000000,0,1
1789802012.490883,5,19.120497,20.715622,0.391694,19.128000,20.452000,17.878000,20.452000,0.173143,0.826533,0.793770,2.926829,-0.298345,0.423467,0.000000,0.000000,0,1
1789802012.590748,5,19.120497,20.715622,0.391694,19.128000,20.452000,17.878000,20.452000,0.173143,0.826533,0.793770,2.926829,-0.298345,0.423467,0.000000,0.000000,0,1
1789802012.690696,5,19.184269,20.725030,0.215652,19.128000,20.452000,17.878000,20.452000,0.173143,0.826533,0.793770,2.926829,-0.298345,0.423467,0.000000,0.000000,0,1
1789802012.790811,5,19.184269,20.725030,0.215652,19.128000,20.452000,17.878000,20.452000,0.173143,0.826533,0.793770,2.926829,-0.298345,0.423467,0.000000,0.000000,0,1
1789802012.890773,5,19.226283,20.727016,0.101480,19.128000,20.452000,17.878000,20.452000,0.173143,0.826533,0.793770,2.926829,-0.298345,0.423467,0.000000,0.000000,0,1
1789802012.990731,5,19.226283,20.727016,0.101480,19.128000,20.452000,17.878000,20.452000,0.173143,0.826533,0.793770,2.926829,-0.298345,0.423467,0.000000,0.000000,0,1
1789802013.090718,5,19.226283,20.727016,0.101480,19.128000,20.452000,17.878000,20.452000,0.173143,0.826533,0.793770,2.926829,-0.298345,0.423467,0.000000,0.000000,0,1
1789802013.190748,5,19.280685,20.717928,-0.040517,19.128000,20.452000,17.878000,20.452000,0.173143,0.826533,0.793770,2.926829,-0.298345,0.423467,0.000000,0.000000,0,1
1789802013.290795,5,19.280685,20.717928,-0.040517,19.128000,20.452000,17.878000,20.452000,0.173143,0.826533,0.793770,2.926829,-0.298345,0.423467,0.000000,0.000000,0,1
1789802013.390772,5,19.280685,20.717928,-0.040517,19.128000,20.452000,17.878000,20.452000,0.173143,0.826533,0.793770,2.926829,-0.298345,0.423467,0.000000,0.000000,0,1
1789802013.490877,5,19.280685,20.717928,-0.040517,19.128000,20.452000,17.878000,20.452000,0.173143,0.826533,0.793770,2.926829,-0.298345,0.423467,0.000000,0.000000,0,1
1789802013.590780,5,19.280685,20.717928,-0.040517,19.128000,20.452000,17.878000,20.452000,0.173143,0.826533,0.793770,2.926829,-0.298345,0.423467,0.000000,0.000000,0,1
1789802013.690747,5,19.280685,20.717928,-0.040517,19.128000,20.452000,17.878000,20.452000,0.173143,0.826533,0.793770,2.926829,-0.298345,0.423467,0.000000,0.000000,0,1
1789802013.790800,5,19.280685,20.717928,-0.040517,19.128000,20.452000,17.878000,20.452000,0.173143,0.826533,0.793770,2.926829,-0.298345,0.423467,0.000000,0.000000,0,1
1789802013.890802,5,19.280685,20.717928,-0.040517,19.128000,20.452000,17.878000,20.452000,0.173143,0.826533,0.793770,2.926829,-0.298345,0.423467,0.000000,0.000000,0,1
1789802013.990807,5,19.280685,20.717928,-0.040517,19.128000,20.452000,17.878000,20.452000,0.173143,0.826533,0.793770,2.926829,-0.298345,0.423467,0.000000,0.000000,0,1
1789802014.090802,5,19.280685,20.717928,-0.040517,19.128000,20.452000,17.878000,20.452000,0.173143,0.826533,0.793770,2.926829,-0.298345,0.423467,0.000000,0.000000,0,1
1789802014.190782,5,19.280685,20.717928,-0.040517,19.128000,20.452000,17.878000,20.452000,0.173143,0.826533,0.793770,2.926829,-0.298345,0.423467,0.000000,0.000000,0,1
1789802014.290798,5,19.280685,20.717928,-0.040517,19.128000,20.452000,17.878000,20.452000,0.173143,0.826533,0.793770,2.926829,-0.298345,0.423467,0.000000,0.000000,0,1
1789802014.390912,5,19.280685,20.717928,-0.040517,19.128000,20.452000,17.878000,20.452000,0.173143,0.826533,0.793770,2.926829,-0.298345,0.423467,0.000000,0.000000,0,1
1789802014.490933,5,19.280685,20.717928,-0.040517,19.128000,20.452000,17.878000,20.452000,0.173143,0.826533,0.793770,2.926829,-0.298345,0.423467,0.000000,0.000000,0,1
1789802014.591895,5,19.280685,20.717928,-0.040517,19.128000,20.452000,17.878000,20.452000,0.173143,0.826533,0.793770,2.926829,-0.298345,0.423467,0.000000,0.000000,0,1
1789802014.691004,5,19.280685,20.717928,-0.040517,19.128000,20.452000,17.878000,20.452000,0.173143,0.826533,0.793770,2.926829,-0.298345,0.423467,0.000000,0.000000,0,1
1789802014.790938,5,19.280685,20.717928,-0.040517,19.128000,20.452000,17.878000,20.452000,0.173143,0.826533,0.793770,2.926829,-0.298345,0.423467,0.000000,0.000000,0,1
1789802014.890834,5,19.243636,20.725137,-0.142755,19.128000,20.452000,17.878000,20.452000,0.173143,0.826533,0.793770,2.926829,-0.298345,0.423467,0.000000,0.000000,0,1
1789802014.990885,5,19.243636,20.725137,-0.142755,19.128000,20.452000,17.878000,20.452000,0.173143,0.826533,0.793770,2.926829,-0.298345,0.423467,0.000000,0.000000,0,1
1789802015.090868,5,19.243636,20.725137,-0.142755,19.128000,20.452000,17.878000,20.452000,0.173143,0.826533,0.793770,2.926829,-0.298345,0.423467,0.000000,0.000000,0,1
1789802015.190872,5,19.243636,20.725137,-0.142755,19.128000,20.452000,17.878000,20.452000,0.173143,0.826533,0.793770,2.926829,-0.298345,0.423467,0.000000,0.000000,0,1
1789802015.290882,5,19.243636,20.725137,-0.142755,19.128000,20.452000,17.878000,20.452000,0.173143,0.826533,0.793770,2.926829,-0.298345,0.423467,0.000000,0.000000,0,1
1789802015.390906,5,19.243636,20.725137,-0.142755,19.128000,20.452000,17.878000,20.452000,0.173143,0.826533,0.793770,2.926829,-0.298345,0.423467,0.000000,0.000000,0,1
1789802015.490888,5,19.243636,20.725137,-0.142755,19.128000,20.452000,17.878000,20.452000,0.173143,0.826533,0.793770,2.926829,-0.298345,0.423467,0.000000,0.000000,0,1
1789802015.590946,5,19.110620,20.735967,-0.218612,19.128000,20.452000,17.878000,20.452000,0.173143,0.826533,0.793770,2.926829,-0.298345,0.423467,0.000000,0.000000,0,1
1789802015.690891,5,19.110620,20.735967,-0.218612,19.128000,20.452000,17.878000,20.452000,0.173143,0.826533,0.793770,2.926829,-0.298345,0.423467,0.000000,0.000000,0,1
1789802015.791091,5,19.110620,20.735967,-0.218612,19.128000,20.452000,17.878000,20.452000,0.173143,0.826533,0.793770,2.926829,-0.298345,0.423467,0.000000,0.000000,0,1
1789802015.890881,5,19.044687,20.762618,-0.382483,19.128000,20.452000,17.878000,20.452000,0.173143,0.826533,0.793770,2.926829,-0.298345,0.423467,0.000000,0.000000,0,1
1789802015.990901,5,19.044687,20.762618,-0.382483,19.128000,20.452000,17.878000,20.452000,0.173143,0.826533,0.793770,2.926829,-0.298345,0.423467,0.000000,0.000000,0,1
1789802016.090918,5,18.999717,20.783655,-0.537292,19.128000,20.452000,17.878000,20.452000,0.173143,0.826533,0.793770,2.926829,-0.298345,0.423467,0.000000,0.000000,0,1
1789802016.190902,5,18.999717,20.783655,-0.537292,19.128000,20.452000,17.878000,20.452000,0.173143,0.826533,0.793770,2.926829,-0.298345,0.423467,0.000000,0.000000,0,1
1789802016.290960,5,18.958652,20.808166,-0.659767,19.128000,20.452000,17.878000,20.452000,0.173143,0.826533,0.793770,2.926829,-0.298345,0.423467,0.000000,0.000000,0,1
1789802016.390938,5,18.958652,20.808166,-0.659767,19.128000,20.452000,17.878000,20.452000,0.173143,0.826533,0.793770,2.926829,-0.298345,0.423467,0.000000,0.000000,0,1
1789802016.490947,5,18.958652,20.808166,-0.659767,19.128000,20.452000,17.878000,20.452000,0.173143,0.826533,0.793770,2.926829,-0.298345,0.423467,0.000000,0.000000,0,1
1789802016.590927,5,18.923912,20.834234,-0.769896,19.128000,20.452000,17.878000,20.452000,0.173143,0.826533,0.793770,2.926829,-0.298345,0.423467,0.000000,0.000000,0,1
1789802016.690954,5,18.923912,20.834234,-0.769896,19.128000,20.452000,17.878000,20.452000,0.173143,0.826533,0.793770,2.926829,-0.298345,0.423467,0.000000,0.000000,0,1
1789802016.790974,5,18.923912,20.834234,-0.769896,19.128000,20.452000,17.878000,20.452000,0.173143,0.826533,0.793770,2.926829,-0.298345,0.423467,0.000000,0.000000,0,1
1789802016.890958,5,18.923912,20.834234,-0.769896,19.128000,20.452000,17.878000,20.452000,0.173143,0.826533,0.793770,2.926829,-0.298345,0.423467,0.000000,0.000000,0,1
1789802016.991073,5,18.923912,20.834234,-0.769896,19.128000,20.452000,17.878000,20.452000,0.173143,0.826533,0.793770,2.926829,-0.298345,0.423467,0.000000,0.000000,0,1
1789802017.090971,5,18.923912,20.834234,-0.769896,19.128000,20.452000,17.878000,20.452000,0.173143,0.826533,0.793770,2.926829,-0.298345,0.423467,0.000000,0.000000,0,1
1789802017.191193,5,18.923912,20.834234,-0.769896,19.128000,20.452000,17.878000,20.452000,0.173143,0.826533,0.793770,2.926829,-0.298345,0.423467,0.000000,0.000000,0,1
1789802017.291993,5,18.923912,20.834234,-0.769896,19.128000,20.452000,17.878000,20.452000,0.173143,0.826533,0.793770,2.926829,-0.298345,0.423467,0.000000,0.000000,0,1
1789802017.391028,5,18.923912,20.834234,-0.769896,19.128000,20.452000,17.878000,20.452000,0.173143,0.826533,0.793770,2.926829,-0.298345,0.423467,0.000000,0.000000,0,1
1789802017.491182,5,18.923912,20.834234,-0.769896,19.128000,20.452000,17.878000,20.452000,0.173143,0.826533,0.793770,2.926829,-0.298345,0.423467,0.000000,0.000000,0,1
1789802017.591005,5,18.923912,20.834234,-0.769896,19.128000,20.452000,17.878000,20.452000,0.173143,0.826533,0.793770,2.926829,-0.298345,0.423467,0.000000,0.000000,0,1
1789802017.691018,5,18.933815,20.826061,-0.641909,19.128000,20.452000,17.878000,20.452000,0.173143,0.826533,0.793770,2.926829,-0.298345,0.423467,0.000000,0.000000,0,1
1789802017.791007,5,18.933815,20.826061,-0.641909,19.128000,20.452000,17.878000,20.452000,0.173143,0.826533,0.793770,2.926829,-0.298345,0.423467,0.000000,0.000000,0,1
1789802017.891000,5,18.933815,20.826061,-0.641909,19.128000,20.452000,17.878000,20.452000,0.173143,0.826533,0.793770,2.926829,-0.298345,0.423467,0.000000,0.000000,0,1
1789802017.991259,5,18.933815,20.826061,-0.641909,19.128000,20.452000,17.878000,20.452000,0.173143,0.826533,0.793770,2.926829,-0.298345,0.423467,0.000000,0.000000,0,1
1789802018.091724,5,18.933815,20.826061,-0.641909,19.128000,20.452000,17.878000,20.452000,0.173143,0.826533,0.793770,2.926829,-0.298345,0.423467,0.000000,0.000000,0,1
1789802018.191037,5,18.960590,20.811626,-0.516600,19.128000,20.452000,17.878000,20.452000,0.173143,0.826533,0.793770,2.926829,-0.298345,0.423467,0.000000,0.000000,0,1
1789802018.293182,5,18.960590,20.811626,-0.516600,19.128000,20.452000,17.878000,20.452000,0.173143,0.826533,0.793770,2.926829,-0.298345,0.423467,0.000000,0.000000,0,1
1789802018.391046,5,18.960590,20.811626,-0.516600,19.128000,20.452000,17.878000,20.452000,0.173143,0.826533,0.793770,2.926829,-0.298345,0.423467,0.000000,0.000000,0,1
1789802018.491118,5,18.977066,20.805212,-0.383921,19.128000,20.452000,17.878000,20.452000,0.173143,0.826533,0.793770,2.926829,-0.298345,0.423467,0.000000,0.000000,0,1
1789802018.591132,5,18.977066,20.805212,-0.383921,19.128000,20.452000,17.878000,20.452000,0.173143,0.826533,0.793770,2.926829,-0.298345,0.423467,0.000000,0.000000,0,1
1789802018.691065,5,18.977066,20.805212,-0.383921,19.128000,20.452000,17.878000,20.452000,0.173143,0.826533,0.793770,2.926829,-0.298345,0.423467,0.000000,0.000000,0,1
1789802018.791069,5,18.977066,20.805212,-0.383921,19.128000,20.452000,17.878000,20.452000,0.173143,0.826533,0.793770,2.926829,-0.298345,0.423467,0.000000,0.000000,0,1
1789802018.891063,5,18.977066,20.805212,-0.383921,19.128000,20.452000,17.878000,20.452000,0.173143,0.826533,0.793770,2.926829,-0.298345,0.423467,0.000000,0.000000,0,1
1789802018.991129,5,18.977066,20.805212,-0.383921,19.128000,20.452000,17.878000,20.452000,0.173143,0.826533,0.793770,2.926829,-0.298345,0.423467,0.000000,0.000000,0,1
1789802019.091104,5,18.977066,20.805212,-0.383921,19.128000,20.452000,17.878000,20.452000,0.173143,0.826533,0.793770,2.926829,-0.298345,0.423467,0.000000,0.000000,0,1
1789802019.191111,5,18.977066,20.805212,-0.383921,19.128000,20.452000,17.878000,20.452000,0.173143,0.826533,0.793770,2.926829,-0.298345,0.423467,0.000000,0.000000,0,1
1789802019.291157,5,18.977066,20.805212,-0.383921,19.128000,20.452000,17.878000,20.452000,0.173143,0.826533,0.793770,2.926829,-0.298345,0.423467,0.000000,0.000000,0,1
1789802019.391141,5,18.977066,20.805212,-0.383921,19.128000,20.452000,17.878000,20.452000,0.173143,0.826533,0.793770,2.926829,-0.298345,0.423467,0.000000,0.000000,0,1
1789802019.491138,5,18.977066,20.805212,-0.383921,19.128000,20.452000,17.878000,20.452000,0.173143,0.826533,0.793770,2.926829,-0.298345,0.423467,0.000000,0.000000,0,1
1789802019.591149,5,18.977066,20.805212,-0.383921,19.128000,20.452000,17.878000,20.452000,0.173143,0.826533,0.793770,2.926829,-0.298345,0.423467,0.000000,0.000000,0,1
1789802019.691138,5,18.977066,20.805212,-0.383921,19.128000,20.452000,17.878000,20.452000,0.173143,0.826533,0.793770,2.926829,-0.298345,0.423467,0.000000,0.000000,0,1
1789802019.791130,5,18.977066,20.805212,-0.383921,19.128000,20.452000,17.878000,20.452000,0.173143,0.826533,0.793770,2.926829,-0.298345,0.423467,0.000000,0.000000,0,1
1789802019.891157,5,18.977066,20.805212,-0.383921,19.128000,20.452000,17.878000,20.452000,0.173143,0.826533,0.793770,2.926829,-0.298345,0.423467,0.000000,0.000000,0,1
1789802019.991161,5,18.977066,20.805212,-0.383921,19.128000,20.452000,17.878000,20.452000,0.173143,0.826533,0.793770,2.926829,-0.298345,0.423467,0.000000,0.000000,0,1
1789802020.091218,5,18.977066,20.805212,-0.383921,19.128000,20.452000,17.878000,20.452000,0.173143,0.826533,0.793770,2.926829,-0.298345,0.423467,0.000000,0.000000,0,1
1789802020.191149,5,18.977066,20.805212,-0.383921,19.128000,20.452000,17.878000,20.452000,0.173143,0.826533,0.793770,2.926829,-0.298345,0.423467,0.000000,0.000000,0,1
1789802020.291814,5,18.977066,20.805212,-0.383921,19.128000,20.452000,17.878000,20.452000,0.173143,0.826533,0.793770,2.926829,-0.298345,0.423467,0.000000,0.000000,0,1
1789802020.391170,5,18.977066,20.805212,-0.383921,19.128000,20.452000,17.878000,20.452000,0.173143,0.826533,0.793770,2.926829,-0.298345,0.423467,0.000000,0.000000,0,1
1789802020.493040,5,18.977066,20.805212,-0.383921,19.128000,20.452000,17.878000,20.452000,0.173143,0.826533,0.793770,2.926829,-0.298345,0.423467,0.000000,0.000000,0,1
1789802020.591196,5,18.844525,20.845842,-0.346344,19.128000,20.452000,17.878000,20.452000,0.173143,0.826533,0.793770,2.926829,-0.298345,0.423467,0.000000,0.000000,0,1
1789802020.691278,5,18.844525,20.845842,-0.346344,19.128000,20.452000,17.878000,20.452000,0.173143,0.826533,0.793770,2.926829,-0.298345,0.423467,0.000000,0.000000,0,1
1789802020.791479,5,18.844525,20.845842,-0.346344,19.128000,20.452000,17.878000,20.452000,0.173143,0.826533,0.793770,2.926829,-0.298345,0.423467,0.000000,0.000000,0,1
1789802020.891226,5,18.844525,20.845842,-0.346344,19.128000,20.452000,17.878000,20.452000,0.173143,0.826533,0.793770,2.926829,-0.298345,0.423467,0.000000,0.000000,0,1
1789802020.992055,5,18.844525,20.845842,-0.346344,19.128000,20.452000,17.878000,20.452000,0.173143,0.826533,0.793770,2.926829,-0.298345,0.423467,0.000000,0.000000,0,1
1789802021.091248,5,18.844525,20.845842,-0.346344,19.128000,20.452000,17.878000,20.452000,0.173143,0.826533,0.793770,2.926829,-0.298345,0.423467,0.000000,0.000000,0,1
1789802021.191211,5,18.844525,20.845842,-0.346344,19.128000,20.452000,17.878000,20.452000,0.173143,0.826533,0.793770,2.926829,-0.298345,0.423467,0.000000,0.000000,0,1
1789802021.291953,5,18.844525,20.845842,-0.346344,19.128000,20.452000,17.878000,20.452000,0.173143,0.826533,0.793770,2.926829,-0.298345,0.423467,0.000000,0.000000,0,1
1789802021.391265,5,18.844525,20.845842,-0.346344,19.128000,20.452000,17.878000,20.452000,0.173143,0.826533,0.793770,2.926829,-0.298345,0.423467,0.000000,0.000000,0,1
1789802021.491255,5,18.844525,20.845842,-0.346344,19.128000,20.452000,17.878000,20.452000,0.173143,0.826533,0.793770,2.926829,-0.298345,0.423467,0.000000,0.000000,0,1
1789802021.591251,5,18.844525,20.845842,-0.346344,19.128000,20.452000,17.878000,20.452000,0.173143,0.826533,0.793770,2.926829,-0.298345,0.423467,0.000000,0.000000,0,1
1789802021.691276,5,18.844525,20.845842,-0.346344,19.128000,20.452000,17.878000,20.452000,0.173143,0.826533,0.793770,2.926829,-0.298345,0.423467,0.000000,0.000000,0,1
1789802021.791233,5,18.844525,20.845842,-0.346344,19.128000,20.452000,17.878000,20.452000,0.173143,0.826533,0.793770,2.926829,-0.298345,0.423467,0.000000,0.000000,0,1
1789802021.891617,5,18.844525,20.845842,-0.346344,19.128000,20.452000,17.878000,20.452000,0.173143,0.826533,0.793770,2.926829,-0.298345,0.423467,0.000000,0.000000,0,1
1789802021.993804,5,18.844525,20.845842,-0.346344,19.128000,20.452000,17.878000,20.452000,0.173143,0.826533,0.793770,2.926829,-0.298345,0.423467,0.000000,0.000000,0,1
1789802022.091294,5,18.822976,20.855938,-0.205960,19.128000,20.452000,17.878000,20.452000,0.173143,0.826533,0.793770,2.926829,-0.298345,0.423467,0.000000,0.000000,0,1
1789802022.191271,5,18.822976,20.855938,-0.205960,19.128000,20.452000,17.878000,20.452000,0.173143,0.826533,0.793770,2.926829,-0.298345,0.423467,0.000000,0.000000,0,1
1789802022.291314,5,18.822976,20.855938,-0.205960,19.128000,20.452000,17.878000,20.452000,0.173143,0.826533,0.793770,2.926829,-0.298345,0.423467,0.000000,0.000000,0,1
1789802022.394510,5,18.822976,20.855938,-0.205960,19.128000,20.452000,17.878000,20.452000,0.173143,0.826533,0.793770,2.926829,-0.298345,0.423467,0.000000,0.000000,0,1
1789802022.491357,5,18.822976,20.855938,-0.205960,19.128000,20.452000,17.878000,20.452000,0.173143,0.826533,0.793770,2.926829,-0.298345,0.423467,0.000000,0.000000,0,1
1789802022.591303,5,18.858969,20.848067,-0.105008,19.128000,20.452000,17.878000,20.452000,0.173143,0.826533,0.793770,2.926829,-0.298345,0.423467,0.000000,0.000000,0,1
1789802022.691306,5,18.858969,20.848067,-0.105008,19.128000,20.452000,17.878000,20.452000,0.173143,0.826533,0.793770,2.926829,-0.298345,0.423467,0.000000,0.000000,0,1
1789802022.791352,5,18.858969,20.848067,-0.105008,19.128000,20.452000,17.878000,20.452000,0.173143,0.826533,0.793770,2.926829,-0.298345,0.423467,0.000000,0.000000,0,1
1789802022.891331,5,18.858969,20.848067,-0.105008,19.128000,20.452000,17.878000,20.452000,0.173143,0.826533,0.793770,2.926829,-0.298345,0.423467,0.000000,0.000000,0,1
1789802022.991351,5,18.858969,20.848067,-0.105008,19.128000,20.452000,17.878000,20.452000,0.173143,0.826533,0.793770,2.926829,-0.298345,0.423467,0.000000,0.000000,0,1
1789802023.092231,5,18.858969,20.848067,-0.105008,19.128000,20.452000,17.878000,20.452000,0.173143,0.826533,0.793770,2.926829,-0.298345,0.423467,0.000000,0.000000,0,1
1789802023.191340,5,18.858969,20.848067,-0.105008,19.128000,20.452000,17.878000,20.452000,0.173143,0.826533,0.793770,2.926829,-0.298345,0.423467,0.000000,0.000000,0,1
1789802023.291373,5,18.858969,20.848067,-0.105008,19.128000,20.452000,17.878000,20.452000,0.173143,0.826533,0.793770,2.926829,-0.298345,0.423467,0.000000,0.000000,0,1
1789802023.391335,5,18.858969,20.848067,-0.105008,19.128000,20.452000,17.878000,20.452000,0.173143,0.826533,0.793770,2.926829,-0.298345,0.423467,0.000000,0.000000,0,1
1789802023.491714,5,18.858969,20.848067,-0.105008,19.128000,20.452000,17.878000,20.452000,0.173143,0.826533,0.793770,2.926829,-0.298345,0.423467,0.000000,0.000000,0,1
1789802023.591368,5,18.858969,20.848067,-0.105008,19.128000,20.452000,17.878000,20.452000,0.173143,0.826533,0.793770,2.926829,-0.298345,0.423467,0.000000,0.000000,0,1
1789802023.691382,5,18.858969,20.848067,-0.105008,19.128000,20.452000,17.878000,20.452000,0.173143,0.826533,0.793770,2.926829,-0.298345,0.423467,0.000000,0.000000,0,1
1789802023.791422,5,18.858969,20.848067,-0.105008,19.128000,20.452000,17.878000,20.452000,0.173143,0.826533,0.793770,2.926829,-0.298345,0.423467,0.000000,0.000000,0,1
1789802023.891468,5,18.858969,20.848067,-0.105008,19.128000,20.452000,17.878000,20.452000,0.173143,0.826533,0.793770,2.926829,-0.298345,0.423467,0.000000,0.000000,0,1
1789802023.991727,5,18.858969,20.848067,-0.105008,19.128000,20.452000,17.878000,20.452000,0.173143,0.826533,0.793770,2.926829,-0.298345,0.423467,0.000000,0.000000,0,1
1789802024.091434,5,18.858969,20.848067,-0.105008,19.128000,20.452000,17.878000,20.452000,0.173143,0.826533,0.793770,2.926829,-0.298345,0.423467,0.000000,0.000000,0,1
1789802024.191503,5,18.858969,20.848067,-0.105008,19.128000,20.452000,17.878000,20.452000,0.173143,0.826533,0.793770,2.926829,-0.298345,0.423467,0.000000,0.000000,0,1
1789802024.291365,5,18.858969,20.848067,-0.105008,19.128000,20.452000,17.878000,20.452000,0.173143,0.826533,0.793770,2.926829,-0.298345,0.423467,0.000000,0.000000,0,1
1789802024.391532,5,18.858969,20.848067,-0.105008,19.128000,20.452000,17.878000,20.452000,0.173143,0.826533,0.793770,2.926829,-0.298345,0.423467,0.000000,0.000000,0,1
1789802024.491882,5,18.858969,20.848067,-0.105008,19.128000,20.452000,17.878000,20.452000,0.173143,0.826533,0.793770,2.926829,-0.298345,0.423467,0.000000,0.000000,0,1
1789802024.591497,5,18.858969,20.848067,-0.105008,19.128000,20.452000,17.878000,20.452000,0.173143,0.826533,0.793770,2.926829,-0.298345,0.423467,0.000000,0.000000,0,1
1789802024.691468,5,18.858969,20.848067,-0.105008,19.128000,20.452000,17.878000,20.452000,0.173143,0.826533,0.793770,2.926829,-0.298345,0.423467,0.000000,0.000000,0,1
1789802024.791941,5,18.858969,20.848067,-0.105008,19.128000,20.452000,17.878000,20.452000,0.173143,0.826533,0.793770,2.926829,-0.298345,0.423467,0.000000,0.000000,0,1
1789802024.891536,5,18.858969,20.848067,-0.105008,19.128000,20.452000,17.878000,20.452000,0.173143,0.826533,0.793770,2.926829,-0.298345,0.423467,0.000000,0.000000,0,1
1789802024.992858,5,18.858969,20.848067,-0.105008,19.128000,20.452000,17.878000,20.452000,0.173143,0.826533,0.793770,2.926829,-0.298345,0.423467,0.000000,0.000000,0,1
1789802025.091685,5,18.706827,20.861187,-0.059141,19.128000,20.452000,17.878000,20.452000,0.173143,0.826533,0.793770,2.926829,-0.298345,0.423467,0.000000,0.000000,0,1
1789802025.191499,5,18.706827,20.861187,-0.059141,19.128000,20.452000,17.878000,20.452000,0.173143,0.826533,0.793770,2.926829,-0.298345,0.423467,0.000000,0.000000,0,1
1789802025.291546,5,18.706827,20.861187,-0.059141,19.128000,20.452000,17.878000,20.452000,0.173143,0.826533,0.793770,2.926829,-0.298345,0.423467,0.000000,0.000000,0,1
1789802025.391526,5,18.706827,20.861187,-0.059141,19.128000,20.452000,17.878000,20.452000,0.173143,0.826533,0.793770,2.926829,-0.298345,0.423467,0.000000,0.000000,0,1
1789802025.492395,5,18.706827,20.861187,-0.059141,19.128000,20.452000,17.878000,20.452000,0.173143,0.826533,0.793770,2.926829,-0.298345,0.423467,0.000000,0.000000,0,1
1789802025.591505,5,18.706827,20.861187,-0.059141,19.128000,20.452000,17.878000,20.452000,0.173143,0.826533,0.793770,2.926829,-0.298345,0.423467,0.000000,0.000000,0,1
1789802025.691546,5,18.570010,20.861899,-0.070306,19.128000,20.452000,17.878000,20.452000,0.173143,0.826533,0.793770,2.926829,-0.298345,0.423467,0.000000,0.000000,0,1
1789802025.791566,5,18.570010,20.861899,-0.070306,19.128000,20.452000,17.878000,20.452000,0.173143,0.826533,0.793770,2.926829,-0.298345,0.423467,0.000000,0.000000,0,1
1789802025.892263,5,18.570010,20.861899,-0.070306,19.128000,20.452000,17.878000,20.452000,0.173143,0.826533,0.793770,2.926829,-0.298345,0.423467,0.000000,0.000000,0,1
1789802025.991535,5,18.570010,20.861899,-0.070306,19.128000,20.452000,17.878000,20.452000,0.173143,0.826533,0.793770,2.926829,-0.298345,0.423467,0.000000,0.000000,0,1
1789802026.091571,5,18.570010,20.861899,-0.070306,19.128000,20.452000,17.878000,20.452000,0.173143,0.826533,0.793770,2.926829,-0.298345,0.423467,0.000000,0.000000,0,1
1789802026.191642,5,18.570010,20.861899,-0.070306,19.128000,20.452000,17.878000,20.452000,0.173143,0.826533,0.793770,2.926829,-0.298345,0.423467,0.000000,0.000000,0,1
1789802026.291634,5,18.570010,20.861899,-0.070306,19.128000,20.452000,17.878000,20.452000,0.173143,0.826533,0.793770,2.926829,-0.298345,0.423467,0.000000,0.000000,0,1
1789802026.391717,5,18.570010,20.861899,-0.070306,19.128000,20.452000,17.878000,20.452000,0.173143,0.826533,0.793770,2.926829,-0.298345,0.423467,0.000000,0.000000,0,1
1789802026.491541,5,18.570010,20.861899,-0.070306,19.128000,20.452000,17.878000,20.452000,0.173143,0.826533,0.793770,2.926829,-0.298345,0.423467,0.000000,0.000000,0,1
1789802026.591564,5,18.570010,20.861899,-0.070306,19.128000,20.452000,17.878000,20.452000,0.173143,0.826533,0.793770,2.926829,-0.298345,0.423467,0.000000,0.000000,0,1
1789802026.691751,5,18.570010,20.861899,-0.070306,19.128000,20.452000,17.878000,20.452000,0.173143,0.826533,0.793770,2.926829,-0.298345,0.423467,0.000000,0.000000,0,1
1789802026.791588,5,18.570010,20.861899,-0.070306,19.128000,20.452000,17.878000,20.452000,0.173143,0.826533,0.793770,2.926829,-0.298345,0.423467,0.000000,0.000000,0,1
1789802026.891568,5,18.570010,20.861899,-0.070306,19.128000,20.452000,17.878000,20.452000,0.173143,0.826533,0.793770,2.926829,-0.298345,0.423467,0.000000,0.000000,0,1
1789802026.991671,5,18.570010,20.861899,-0.070306,19.128000,20.452000,17.878000,20.452000,0.173143,0.826533,0.793770,2.926829,-0.298345,0.423467,0.000000,0.000000,0,1
1789802027.091656,5,18.570010,20.861899,-0.070306,19.128000,20.452000,17.878000,20.452000,0.173143,0.826533,0.793770,2.926829,-0.298345,0.423467,0.000000,0.000000,0,1
1789802027.191617,5,18.570010,20.861899,-0.070306,19.128000,20.452000,17.878000,20.452000,0.173143,0.826533,0.793770,2.926829,-0.298345,0.423467,0.000000,0.000000,0,1
1789802027.294318,5,18.570010,20.861899,-0.070306,19.128000,20.452000,17.878000,20.452000,0.173143,0.826533,0.793770,2.926829,-0.298345,0.423467,0.000000,0.000000,0,1
1789802027.391589,5,18.570010,20.861899,-0.070306,19.128000,20.452000,17.878000,20.452000,0.173143,0.826533,0.793770,2.926829,-0.298345,0.423467,0.000000,0.000000,0,1
1789802027.491608,5,18.570010,20.861899,-0.070306,19.128000,20.452000,17.878000,20.452000,0.173143,0.826533,0.793770,2.926829,-0.298345,0.423467,0.000000,0.000000,0,1
1789802027.591784,5,18.570010,20.861899,-0.070306,19.128000,20.452000,17.878000,20.452000,0.173143,0.826533,0.793770,2.926829,-0.298345,0.423467,0.000000,0.000000,0,1
1789802027.692168,5,18.570010,20.861899,-0.070306,19.128000,20.452000,17.878000,20.452000,0.173143,0.826533,0.793770,2.926829,-0.298345,0.423467,0.000000,0.000000,0,1
1789802027.791588,5,18.570010,20.861899,-0.070306,19.128000,20.452000,17.878000,20.452000,0.173143,0.826533,0.793770,2.926829,-0.298345,0.423467,0.000000,0.000000,0,1
1789802027.891629,5,18.570010,20.861899,-0.070306,19.128000,20.452000,17.878000,20.452000,0.173143,0.826533,0.793770,2.926829,-0.298345,0.423467,0.000000,0.000000,0,1
1789802027.991668,5,18.570010,20.861899,-0.070306,19.128000,20.452000,17.878000,20.452000,0.173143,0.826533,0.793770,2.926829,-0.298345,0.423467,0.000000,0.000000,0,1
1789802028.091603,5,18.570010,20.861899,-0.070306,19.128000,20.452000,17.878000,20.452000,0.173143,0.826533,0.793770,2.926829,-0.298345,0.423467,0.000000,0.000000,0,1
1789802028.191651,5,18.570010,20.861899,-0.070306,19.128000,20.452000,17.878000,20.452000,0.173143,0.826533,0.793770,2.926829,-0.298345,0.423467,0.000000,0.000000,0,1
1789802028.293384,5,18.570010,20.861899,-0.070306,19.128000,20.452000,17.878000,20.452000,0.173143,0.826533,0.793770,2.926829,-0.298345,0.423467,0.000000,0.000000,0,1
1789802028.394451,5,18.570010,20.861899,-0.070306,19.128000,20.452000,17.878000,20.452000,0.173143,0.826533,0.793770,2.926829,-0.298345,0.423467,0.000000,0.000000,0,1
1789802028.491638,5,18.570010,20.861899,-0.070306,19.128000,20.452000,17.878000,20.452000,0.173143,0.826533,0.793770,2.926829,-0.298345,0.423467,0.000000,0.000000,0,1
1789802028.591676,5,18.570010,20.861899,-0.070306,19.128000,20.452000,17.878000,20.452000,0.173143,0.826533,0.793770,2.926829,-0.298345,0.423467,0.000000,0.000000,0,1
1789802028.691639,5,18.570010,20.861899,-0.070306,19.128000,20.452000,17.878000,20.452000,0.173143,0.826533,0.793770,2.926829,-0.298345,0.423467,0.000000,0.000000,0,1
1789802028.791690,5,18.570010,20.861899,-0.070306,19.128000,20.452000,17.878000,20.452000,0.173143,0.826533,0.793770,2.926829,-0.298345,0.423467,0.000000,0.000000,0,1
1789802028.891706,5,18.570010,20.861899,-0.070306,19.128000,20.452000,17.878000,20.452000,0.173143,0.826533,0.793770,2.926829,-0.298345,0.423467,0.000000,0.000000,0,1
1789802028.991678,5,18.570010,20.861899,-0.070306,19.128000,20.452000,17.878000,20.452000,0.173143,0.826533,0.793770,2.926829,-0.298345,0.423467,0.000000,0.000000,0,1
1789802029.094176,5,18.570010,20.861899,-0.070306,19.128000,20.452000,17.878000,20.452000,0.173143,0.826533,0.793770,2.926829,-0.298345,0.423467,0.000000,0.000000,0,1
1789802029.191690,5,18.570010,20.861899,-0.070306,19.128000,20.452000,17.878000,20.452000,0.173143,0.826533,0.793770,2.926829,-0.298345,0.423467,0.000000,0.000000,0,1
1789802029.292240,5,18.570010,20.861899,-0.070306,19.128000,20.452000,17.878000,20.452000,0.173143,0.826533,0.793770,2.926829,-0.298345,0.423467,0.000000,0.000000,0,1
1789802029.391694,5,18.570010,20.861899,-0.070306,19.128000,20.452000,17.878000,20.452000,0.173143,0.826533,0.793770,2.926829,-0.298345,0.423467,0.000000,0.000000,0,1
1789802029.491701,5,18.570010,20.861899,-0.070306,19.128000,20.452000,17.878000,20.452000,0.173143,0.826533,0.793770,2.926829,-0.298345,0.423467,0.000000,0.000000,0,1
1789802029.592502,5,18.436712,20.877542,-0.178010,19.128000,20.452000,17.878000,20.452000,0.173143,0.826533,0.793770,2.926829,-0.298345,0.423467,0.000000,0.000000,0,1
1789802029.693458,5,18.436712,20.877542,-0.178010,19.128000,20.452000,17.878000,20.452000,0.173143,0.826533,0.793770,2.926829,-0.298345,0.423467,0.000000,0.000000,0,1
1789802029.791714,5,18.436712,20.877542,-0.178010,19.128000,20.452000,17.878000,20.452000,0.173143,0.826533,0.793770,2.926829,-0.298345,0.423467,0.000000,0.000000,0,1
1789802029.891736,5,18.436712,20.877542,-0.178010,19.128000,20.452000,17.878000,20.452000,0.173143,0.826533,0.793770,2.926829,-0.298345,0.423467,0.000000,0.000000,0,1
1789802029.992068,5,18.436712,20.877542,-0.178010,19.128000,20.452000,17.878000,20.452000,0.173143,0.826533,0.793770,2.926829,-0.298345,0.423467,0.000000,0.000000,0,1
1789802030.091798,5,18.436712,20.877542,-0.178010,19.128000,20.452000,17.878000,20.452000,0.173143,0.826533,0.793770,2.926829,-0.298345,0.423467,0.000000,0.000000,0,1
1789802030.191852,5,18.315274,20.889565,-0.279713,19.128000,20.452000,17.878000,20.452000,0.173143,0.826533,0.793770,2.926829,-0.298345,0.423467,0.000000,0.000000,0,1
1789802030.291751,5,18.315274,20.889565,-0.279713,19.128000,20.452000,17.878000,20.452000,0.173143,0.826533,0.793770,2.926829,-0.298345,0.423467,0.000000,0.000000,0,1
1789802030.391756,5,18.315274,20.889565,-0.279713,19.128000,20.452000,17.878000,20.452000,0.173143,0.826533,0.793770,2.926829,-0.298345,0.423467,0.000000,0.000000,0,1
1789802030.491760,5,18.315274,20.889565,-0.279713,19.128000,20.452000,17.878000,20.452000,0.173143,0.826533,0.793770,2.926829,-0.298345,0.423467,0.000000,0.000000,0,1
1789802030.592346,5,18.315274,20.889565,-0.279713,19.128000,20.452000,17.878000,20.452000,0.173143,0.826533,0.793770,2.926829,-0.298345,0.423467,0.000000,0.000000,0,1
1789802030.691787,5,18.315274,20.889565,-0.279713,19.128000,20.452000,17.878000,20.452000,0.173143,0.826533,0.793770,2.926829,-0.298345,0.423467,0.000000,0.000000,0,1
1789802030.791752,5,18.315274,20.889565,-0.279713,19.128000,20.452000,17.878000,20.452000,0.173143,0.826533,0.793770,2.926829,-0.298345,0.423467,0.000000,0.000000,0,1
1789802030.891784,5,18.315274,20.889565,-0.279713,19.128000,20.452000,17.878000,20.452000,0.173143,0.826533,0.793770,2.926829,-0.298345,0.423467,0.000000,0.000000,0,1
1789802030.991789,5,18.281993,20.900865,-0.166605,19.128000,20.452000,17.878000,20.452000,0.173143,0.826533,0.793770,2.926829,-0.298345,0.423467,0.000000,0.000000,0,1
1789802031.091854,5,18.281993,20.900865,-0.166605,19.128000,20.452000,17.878000,20.452000,0.173143,0.826533,0.793770,2.926829,-0.298345,0.423467,0.000000,0.000000,0,1
1789802031.191788,5,18.281993,20.900865,-0.166605,19.128000,20.452000,17.878000,20.452000,0.173143,0.826533,0.793770,2.926829,-0.298345,0.423467,0.000000,0.000000,0,1
1789802031.291790,5,18.281993,20.900865,-0.166605,19.128000,20.452000,17.878000,20.452000,0.173143,0.826533,0.793770,2.926829,-0.298345,0.423467,0.000000,0.000000,0,1
1789802031.391806,5,18.323301,20.896944,-0.048602,19.128000,20.452000,17.878000,20.452000,0.173143,0.826533,0.793770,2.926829,-0.298345,0.423467,0.000000,0.000000,0,1
1789802031.491874,5,18.323301,20.896944,-0.048602,19.128000,20.452000,17.878000,20.452000,0.173143,0.826533,0.793770,2.926829,-0.298345,0.423467,0.000000,0.000000,0,1
1789802031.591809,5,18.323301,20.896944,-0.048602,19.128000,20.452000,17.878000,20.452000,0.173143,0.826533,0.793770,2.926829,-0.298345,0.423467,0.000000,0.000000,0,1
1789802031.691837,5,18.323301,20.896944,-0.048602,19.128000,20.452000,17.878000,20.452000,0.173143,0.826533,0.793770,2.926829,-0.298345,0.423467,0.000000,0.000000,0,1
1789802031.791822,5,18.350332,20.904207,0.052282,19.128000,20.452000,17.878000,20.452000,0.173143,0.826533,0.793770,2.926829,-0.298345,0.423467,0.000000,0.000000,0,1
1789802031.891806,5,18.350332,20.904207,0.052282,19.128000,20.452000,17.878000,20.452000,0.173143,0.826533,0.793770,2.926829,-0.298345,0.423467,0.000000,0.000000,0,1
1789802031.994379,5,18.350332,20.904207,0.052282,19.128000,20.452000,17.878000,20.452000,0.173143,0.826533,0.793770,2.926829,-0.298345,0.423467,0.000000,0.000000,0,1
1789802032.091890,5,18.350332,20.904207,0.052282,19.128000,20.452000,17.878000,20.452000,0.173143,0.826533,0.793770,2.926829,-0.298345,0.423467,0.000000,0.000000,0,1
1789802032.191851,5,18.350332,20.904207,0.052282,19.128000,20.452000,17.878000,20.452000,0.173143,0.826533,0.793770,2.926829,-0.298345,0.423467,0.000000,0.000000,0,1
1789802032.291847,5,18.350332,20.904207,0.052282,19.128000,20.452000,17.878000,20.452000,0.173143,0.826533,0.793770,2.926829,-0.298345,0.423467,0.000000,0.000000,0,1
1789802032.391934,5,18.350332,20.904207,0.052282,19.128000,20.452000,17.878000,20.452000,0.173143,0.826533,0.793770,2.926829,-0.298345,0.423467,0.000000,0.000000,0,1
1789802032.491943,5,18.350332,20.904207,0.052282,19.128000,20.452000,17.878000,20.452000,0.173143,0.826533,0.793770,2.926829,-0.298345,0.423467,0.000000,0.000000,0,1
1789802032.591910,5,18.350332,20.904207,0.052282,19.128000,20.452000,17.878000,20.452000,0.173143,0.826533,0.793770,2.926829,-0.298345,0.423467,0.000000,0.000000,0,1
1789802032.691860,5,18.350332,20.904207,0.052282,19.128000,20.452000,17.878000,20.452000,0.173143,0.826533,0.793770,2.926829,-0.298345,0.423467,0.000000,0.000000,0,1
1789802032.791945,5,18.350332,20.904207,0.052282,19.128000,20.452000,17.878000,20.452000,0.173143,0.826533,0.793770,2.926829,-0.298345,0.423467,0.000000,0.000000,0,1
1789802032.891963,5,18.350332,20.904207,0.052282,19.128000,20.452000,17.878000,20.452000,0.173143,0.826533,0.793770,2.926829,-0.298345,0.423467,0.000000,0.000000,0,1
1789802032.991919,5,18.350332,20.904207,0.052282,19.128000,20.452000,17.878000,20.452000,0.173143,0.826533,0.793770,2.926829,-0.298345,0.423467,0.000000,0.000000,0,1
1789802033.091987,5,18.350332,20.904207,0.052282,19.128000,20.452000,17.878000,20.452000,0.173143,0.826533,0.793770,2.926829,-0.298345,0.423467,0.000000,0.000000,0,1
1789802033.191915,5,18.350332,20.904207,0.052282,19.128000,20.452000,17.878000,20.452000,0.173143,0.826533,0.793770,2.926829,-0.298345,0.423467,0.000000,0.000000,0,1
1789802033.292019,5,18.350332,20.904207,0.052282,19.128000,20.452000,17.878000,20.452000,0.173143,0.826533,0.793770,2.926829,-0.298345,0.423467,0.000000,0.000000,0,1
1789802033.391944,5,18.350332,20.904207,0.052282,19.128000,20.452000,17.878000,20.452000,0.173143,0.826533,0.793770,2.926829,-0.298345,0.423467,0.000000,0.000000,0,1
1789802033.491918,5,18.350332,20.904207,0.052282,19.128000,20.452000,17.878000,20.452000,0.173143,0.826533,0.793770,2.926829,-0.298345,0.423467,0.000000,0.000000,0,1
1789802033.591966,5,18.350332,20.904207,0.052282,19.128000,20.452000,17.878000,20.452000,0.173143,0.826533,0.793770,2.926829,-0.298345,0.423467,0.000000,0.000000,0,1
1789802033.691998,5,18.350332,20.904207,0.052282,19.128000,20.452000,17.878000,20.452000,0.173143,0.826533,0.793770,2.926829,-0.298345,0.423467,0.000000,0.000000,0,1
1789802033.791956,5,18.350332,20.904207,0.052282,19.128000,20.452000,17.878000,20.452000,0.173143,0.826533,0.793770,2.926829,-0.298345,0.423467,0.000000,0.000000,0,1
1789802033.891964,5,18.350332,20.904207,0.052282,19.128000,20.452000,17.878000,20.452000,0.173143,0.826533,0.793770,2.926829,-0.298345,0.423467,0.000000,0.000000,0,1
1789802033.991961,5,18.350332,20.904207,0.052282,19.128000,20.452000,17.878000,20.452000,0.173143,0.826533,0.793770,2.926829,-0.298345,0.423467,0.000000,0.000000,0,1
1789802034.091994,5,18.350332,20.904207,0.052282,19.128000,20.452000,17.878000,20.452000,0.173143,0.826533,0.793770,2.926829,-0.298345,0.423467,0.000000,0.000000,0,1
1789802034.191995,5,18.350332,20.904207,0.052282,19.128000,20.452000,17.878000,20.452000,0.173143,0.826533,0.793770,2.926829,-0.298345,0.423467,0.000000,0.000000,0,1
1789802034.292005,5,18.350332,20.904207,0.052282,19.128000,20.452000,17.878000,20.452000,0.173143,0.826533,0.793770,2.926829,-0.298345,0.423467,0.000000,0.000000,0,1
1789802034.391996,5,18.350332,20.904207,0.052282,19.128000,20.452000,17.878000,20.452000,0.173143,0.826533,0.793770,2.926829,-0.298345,0.423467,0.000000,0.000000,0,1
1789802034.491981,5,18.350332,20.904207,0.052282,19.128000,20.452000,17.878000,20.452000,0.173143,0.826533,0.793770,2.926829,-0.298345,0.423467,0.000000,0.000000,0,1
1789802034.591995,5,18.350332,20.904207,0.052282,19.128000,20.452000,17.878000,20.452000,0.173143,0.826533,0.793770,2.926829,-0.298345,0.423467,0.000000,0.000000,0,1
1789802034.692001,5,18.350332,20.904207,0.052282,19.128000,20.452000,17.878000,20.452000,0.173143,0.826533,0.793770,2.926829,-0.298345,0.423467,0.000000,0.000000,0,1
1789802034.792099,5,18.350332,20.904207,0.052282,19.128000,20.452000,17.878000,20.452000,0.173143,0.826533,0.793770,2.926829,-0.298345,0.423467,0.000000,0.000000,0,1
1789802034.892016,5,18.350332,20.904207,0.052282,19.128000,20.452000,17.878000,20.452000,0.173143,0.826533,0.793770,2.926829,-0.298345,0.423467,0.000000,0.000000,0,1
1789802034.992081,5,18.350332,20.904207,0.052282,19.128000,20.452000,17.878000,20.452000,0.173143,0.826533,0.793770,2.926829,-0.298345,0.423467,0.000000,0.000000,0,1
1789802035.092026,5,18.350332,20.904207,0.052282,19.128000,20.452000,17.878000,20.452000,0.173143,0.826533,0.793770,2.926829,-0.298345,0.423467,0.000000,0.000000,0,1
1789802035.192017,5,18.350332,20.904207,0.052282,19.128000,20.452000,17.878000,20.452000,0.173143,0.826533,0.793770,2.926829,-0.298345,0.423467,0.000000,0.000000,0,1
1789802035.292053,5,18.350332,20.904207,0.052282,19.128000,20.452000,17.878000,20.452000,0.173143,0.826533,0.793770,2.926829,-0.298345,0.423467,0.000000,0.000000,0,1
1789802035.392120,5,18.350332,20.904207,0.052282,19.128000,20.452000,17.878000,20.452000,0.173143,0.826533,0.793770,2.926829,-0.298345,0.423467,0.000000,0.000000,0,1
1789802035.492024,5,18.350332,20.904207,0.052282,19.128000,20.452000,17.878000,20.452000,0.173143,0.826533,0.793770,2.926829,-0.298345,0.423467,0.000000,0.000000,0,1
1789802035.592026,5,18.350332,20.904207,0.052282,19.128000,20.452000,17.878000,20.452000,0.173143,0.826533,0.793770,2.926829,-0.298345,0.423467,0.000000,0.000000,0,1
1789802035.692087,5,18.350332,20.904207,0.052282,19.128000,20.452000,17.878000,20.452000,0.173143,0.826533,0.793770,2.926829,-0.298345,0.423467,0.000000,0.000000,0,1
1789802035.792057,5,18.350332,20.904207,0.052282,19.128000,20.452000,17.878000,20.452000,0.173143,0.826533,0.793770,2.926829,-0.298345,0.423467,0.000000,0.000000,0,1
1789802035.892083,5,18.350332,20.904207,0.052282,19.128000,20.452000,17.878000,20.452000,0.173143,0.826533,0.793770,2.926829,-0.298345,0.423467,0.000000,0.000000,0,1
1789802035.992116,5,18.350332,20.904207,0.052282,19.128000,20.452000,17.878000,20.452000,0.173143,0.826533,0.793770,2.926829,-0.298345,0.423467,0.000000,0.000000,0,1
1789802036.092074,5,18.350332,20.904207,0.052282,19.128000,20.452000,17.878000,20.452000,0.173143,0.826533,0.793770,2.926829,-0.298345,0.423467,0.000000,0.000000,0,1
1789802036.192712,5,18.350332,20.904207,0.052282,19.128000,20.452000,17.878000,20.452000,0.173143,0.826533,0.793770,2.926829,-0.298345,0.423467,0.000000,0.000000,0,1
1789802036.292085,5,18.350332,20.904207,0.052282,19.128000,20.452000,17.878000,20.452000,0.173143,0.826533,0.793770,2.926829,-0.298345,0.423467,0.000000,0.000000,0,1
1789802036.392092,5,18.350332,20.904207,0.052282,19.128000,20.452000,17.878000,20.452000,0.173143,0.826533,0.793770,2.926829,-0.298345,0.423467,0.000000,0.000000,0,1
1789802036.492118,5,18.350332,20.904207,0.052282,19.128000,20.452000,17.878000,20.452000,0.173143,0.826533,0.793770,2.926829,-0.298345,0.423467,0.000000,0.000000,0,1
1789802036.592116,5,18.350332,20.904207,0.052282,19.128000,20.452000,17.878000,20.452000,0.173143,0.826533,0.793770,2.926829,-0.298345,0.423467,0.000000,0.000000,0,1
1789802036.692186,5,18.350332,20.904207,0.052282,19.128000,20.452000,17.878000,20.452000,0.173143,0.826533,0.793770,2.926829,-0.298345,0.423467,0.000000,0.000000,0,1
1789802036.792189,5,18.350332,20.904207,0.052282,19.128000,20.452000,17.878000,20.452000,0.173143,0.826533,0.793770,2.926829,-0.298345,0.423467,0.000000,0.000000,0,1
1789802036.892145,5,18.350332,20.904207,0.052282,19.128000,20.452000,17.878000,20.452000,0.173143,0.826533,0.793770,2.926829,-0.298345,0.423467,0.000000,0.000000,0,1
1789802036.992127,5,18.350332,20.904207,0.052282,19.128000,20.452000,17.878000,20.452000,0.173143,0.826533,0.793770,2.926829,-0.298345,0.423467,0.000000,0.000000,0,1
1789802037.092144,5,18.350332,20.904207,0.052282,19.128000,20.452000,17.878000,20.452000,0.173143,0.826533,0.793770,2.926829,-0.298345,0.423467,0.000000,0.000000,0,1
1789802037.192141,5,18.350332,20.904207,0.052282,19.128000,20.452000,17.878000,20.452000,0.173143,0.826533,0.793770,2.926829,-0.298345,0.423467,0.000000,0.000000,0,1
1789802037.292141,5,18.350332,20.904207,0.052282,19.128000,20.452000,17.878000,20.452000,0.173143,0.826533,0.793770,2.926829,-0.298345,0.423467,0.000000,0.000000,0,1
1789802037.392173,5,18.234155,20.887990,0.162565,19.128000,20.452000,17.878000,20.452000,0.173143,0.826533,0.793770,2.926829,-0.298345,0.423467,0.000000,0.000000,0,1
1789802037.492151,5,18.234155,20.887990,0.162565,19.128000,20.452000,17.878000,20.452000,0.173143,0.826533,0.793770,2.926829,-0.298345,0.423467,0.000000,0.000000,0,1
1789802037.592193,5,18.234155,20.887990,0.162565,19.128000,20.452000,17.878000,20.452000,0.173143,0.826533,0.793770,2.926829,-0.298345,0.423467,0.000000,0.000000,0,1
1789802037.692165,5,18.234155,20.887990,0.162565,19.128000,20.452000,17.878000,20.452000,0.173143,0.826533,0.793770,2.926829,-0.298345,0.423467,0.000000,0.000000,0,1
1789802037.792151,5,18.234155,20.887990,0.162565,19.128000,20.452000,17.878000,20.452000,0.173143,0.826533,0.793770,2.926829,-0.298345,0.423467,0.000000,0.000000,0,1
1789802037.892154,5,18.234155,20.887990,0.162565,19.128000,20.452000,17.878000,20.452000,0.173143,0.826533,0.793770,2.926829,-0.298345,0.423467,0.000000,0.000000,0,1
1789802037.992188,5,18.234155,20.887990,0.162565,19.128000,20.452000,17.878000,20.452000,0.173143,0.826533,0.793770,2.926829,-0.298345,0.423467,0.000000,0.000000,0,1
1789802038.092178,5,18.234155,20.887990,0.162565,19.128000,20.452000,17.878000,20.452000,0.173143,0.826533,0.793770,2.926829,-0.298345,0.423467,0.000000,0.000000,0,1
1789802038.192193,5,18.234155,20.887990,0.162565,19.128000,20.452000,17.878000,20.452000,0.173143,0.826533,0.793770,2.926829,-0.298345,0.423467,0.000000,0.000000,0,1
1789802038.292195,5,18.234155,20.887990,0.162565,19.128000,20.452000,17.878000,20.452000,0.173143,0.826533,0.793770,2.926829,-0.298345,0.423467,0.000000,0.000000,0,1
1789802038.392197,5,18.234155,20.887990,0.162565,19.128000,20.452000,17.878000,20.452000,0.173143,0.826533,0.793770,2.926829,-0.298345,0.423467,0.000000,0.000000,0,1
1789802038.492235,5,18.234155,20.887990,0.162565,19.128000,20.452000,17.878000,20.452000,0.173143,0.826533,0.793770,2.926829,-0.298345,0.423467,0.000000,0.000000,0,1
1789802038.593107,5,18.234155,20.887990,0.162565,19.128000,20.452000,17.878000,20.452000,0.173143,0.826533,0.793770,2.926829,-0.298345,0.423467,0.000000,0.000000,0,1
1789802038.692238,5,18.234155,20.887990,0.162565,19.128000,20.452000,17.878000,20.452000,0.173143,0.826533,0.793770,2.926829,-0.298345,0.423467,0.000000,0.000000,0,1
1789802038.792261,5,18.234155,20.887990,0.162565,19.128000,20.452000,17.878000,20.452000,0.173143,0.826533,0.793770,2.926829,-0.298345,0.423467,0.000000,0.000000,0,1
1789802038.892225,5,18.234155,20.887990,0.162565,19.128000,20.452000,17.878000,20.452000,0.173143,0.826533,0.793770,2.926829,-0.298345,0.423467,0.000000,0.000000,0,1
1789802038.992417,5,18.234155,20.887990,0.162565,19.128000,20.452000,17.878000,20.452000,0.173143,0.826533,0.793770,2.926829,-0.298345,0.423467,0.000000,0.000000,0,1
1789802039.092264,5,18.234155,20.887990,0.162565,19.128000,20.452000,17.878000,20.452000,0.173143,0.826533,0.793770,2.926829,-0.298345,0.423467,0.000000,0.000000,0,1
1789802039.192266,5,18.234155,20.887990,0.162565,19.128000,20.452000,17.878000,20.452000,0.173143,0.826533,0.793770,2.926829,-0.298345,0.423467,0.000000,0.000000,0,1
1789802039.292316,5,18.234155,20.887990,0.162565,19.128000,20.452000,17.878000,20.452000,0.173143,0.826533,0.793770,2.926829,-0.298345,0.423467,0.000000,0.000000,0,1
1789802039.392273,5,18.234155,20.887990,0.162565,19.128000,20.452000,17.878000,20.452000,0.173143,0.826533,0.793770,2.926829,-0.298345,0.423467,0.000000,0.000000,0,1
1789802039.492262,5,18.234155,20.887990,0.162565,19.128000,20.452000,17.878000,20.452000,0.173143,0.826533,0.793770,2.926829,-0.298345,0.423467,0.000000,0.000000,0,1
1789802039.592260,5,18.096494,20.849519,0.190706,19.128000,20.452000,17.878000,20.452000,0.173143,0.826533,0.793770,2.926829,-0.298345,0.423467,0.000000,0.000000,0,1
1789802039.692279,5,18.096494,20.849519,0.190706,19.128000,20.452000,17.878000,20.452000,0.173143,0.826533,0.793770,2.926829,-0.298345,0.423467,0.000000,0.000000,0,1
1789802039.792258,5,18.096494,20.849519,0.190706,19.128000,20.452000,17.878000,20.452000,0.173143,0.826533,0.793770,2.926829,-0.298345,0.423467,0.000000,0.000000,0,1
1789802039.892307,5,18.096494,20.849519,0.190706,19.128000,20.452000,17.878000,20.452000,0.173143,0.826533,0.793770,2.926829,-0.298345,0.423467,0.000000,0.000000,0,1
1789802039.992265,5,18.096494,20.849519,0.190706,19.128000,20.452000,17.878000,20.452000,0.173143,0.826533,0.793770,2.926829,-0.298345,0.423467,0.000000,0.000000,0,1
1789802040.092342,5,18.096494,20.849519,0.190706,19.128000,20.452000,17.878000,20.452000,0.173143,0.826533,0.793770,2.926829,-0.298345,0.423467,0.000000,0.000000,0,1
1789802040.192293,5,18.096494,20.849519,0.190706,19.128000,20.452000,17.878000,20.452000,0.173143,0.826533,0.793770,2.926829,-0.298345,0.423467,0.000000,0.000000,0,1
1789802040.292297,5,18.096494,20.849519,0.190706,19.128000,20.452000,17.878000,20.452000,0.173143,0.826533,0.793770,2.926829,-0.298345,0.423467,0.000000,0.000000,0,1
1789802040.392342,5,18.096494,20.849519,0.190706,19.128000,20.452000,17.878000,20.452000,0.173143,0.826533,0.793770,2.926829,-0.298345,0.423467,0.000000,0.000000,0,1
1789802040.492326,5,18.096494,20.849519,0.190706,19.128000,20.452000,17.878000,20.452000,0.173143,0.826533,0.793770,2.926829,-0.298345,0.423467,0.000000,0.000000,0,1
1789802040.592336,5,18.096494,20.849519,0.190706,19.128000,20.452000,17.878000,20.452000,0.173143,0.826533,0.793770,2.926829,-0.298345,0.423467,0.000000,0.000000,0,1
1789802040.692331,5,18.096494,20.849519,0.190706,19.128000,20.452000,17.878000,20.452000,0.173143,0.826533,0.793770,2.926829,-0.298345,0.423467,0.000000,0.000000,0,1
1789802040.792615,5,18.096494,20.849519,0.190706,19.128000,20.452000,17.878000,20.452000,0.173143,0.826533,0.793770,2.926829,-0.298345,0.423467,0.000000,0.000000,0,1
1789802040.892370,5,18.096494,20.849519,0.190706,19.128000,20.452000,17.878000,20.452000,0.173143,0.826533,0.793770,2.926829,-0.298345,0.423467,0.000000,0.000000,0,1
1789802040.992341,5,18.096494,20.849519,0.190706,19.128000,20.452000,17.878000,20.452000,0.173143,0.826533,0.793770,2.926829,-0.298345,0.423467,0.000000,0.000000,0,1
1789802041.092368,5,18.096494,20.849519,0.190706,19.128000,20.452000,17.878000,20.452000,0.173143,0.826533,0.793770,2.926829,-0.298345,0.423467,0.000000,0.000000,0,1
1789802041.192387,5,18.096494,20.849519,0.190706,19.128000,20.452000,17.878000,20.452000,0.173143,0.826533,0.793770,2.926829,-0.298345,0.423467,0.000000,0.000000,0,1
1789802041.292377,5,18.096494,20.849519,0.190706,19.128000,20.452000,17.878000,20.452000,0.173143,0.826533,0.793770,2.926829,-0.298345,0.423467,0.000000,0.000000,0,1
1789802041.392406,5,18.096494,20.849519,0.190706,19.128000,20.452000,17.878000,20.452000,0.173143,0.826533,0.793770,2.926829,-0.298345,0.423467,0.000000,0.000000,0,1
1789802041.492384,5,18.096494,20.849519,0.190706,19.128000,20.452000,17.878000,20.452000,0.173143,0.826533,0.793770,2.926829,-0.298345,0.423467,0.000000,0.000000,0,1
1789802041.592458,5,18.096494,20.849519,0.190706,19.128000,20.452000,17.878000,20.452000,0.173143,0.826533,0.793770,2.926829,-0.298345,0.423467,0.000000,0.000000,0,1
1789802041.692449,5,18.096494,20.849519,0.190706,19.128000,20.452000,17.878000,20.452000,0.173143,0.826533,0.793770,2.926829,-0.298345,0.423467,0.000000,0.000000,0,1
1789802041.792411,5,18.096494,20.849519,0.190706,19.128000,20.452000,17.878000,20.452000,0.173143,0.826533,0.793770,2.926829,-0.298345,0.423467,0.000000,0.000000,0,1
1789802041.892415,5,18.096494,20.849519,0.190706,19.128000,20.452000,17.878000,20.452000,0.173143,0.826533,0.793770,2.926829,-0.298345,0.423467,0.000000,0.000000,0,1
1789802041.992447,5,18.096494,20.849519,0.190706,19.128000,20.452000,17.878000,20.452000,0.173143,0.826533,0.793770,2.926829,-0.298345,0.423467,0.000000,0.000000,0,1
1789802042.092607,5,18.096494,20.849519,0.190706,19.128000,20.452000,17.878000,20.452000,0.173143,0.826533,0.793770,2.926829,-0.298345,0.423467,0.000000,0.000000,0,1
1789802042.192560,5,18.096494,20.849519,0.190706,19.128000,20.452000,17.878000,20.452000,0.173143,0.826533,0.793770,2.926829,-0.298345,0.423467,0.000000,0.000000,0,1
1789802042.292437,5,18.096494,20.849519,0.190706,19.128000,20.452000,17.878000,20.452000,0.173143,0.826533,0.793770,2.926829,-0.298345,0.423467,0.000000,0.000000,0,1
1789802042.392495,5,18.096494,20.849519,0.190706,19.128000,20.452000,17.878000,20.452000,0.173143,0.826533,0.793770,2.926829,-0.298345,0.423467,0.000000,0.000000,0,1
1789802042.492414,5,18.096494,20.849519,0.190706,19.128000,20.452000,17.878000,20.452000,0.173143,0.826533,0.793770,2.926829,-0.298345,0.423467,0.000000,0.000000,0,1
1789802042.592467,5,18.096494,20.849519,0.190706,19.128000,20.452000,17.878000,20.452000,0.173143,0.826533,0.793770,2.926829,-0.298345,0.423467,0.000000,0.000000,0,1
1789802042.692435,5,18.096494,20.849519,0.190706,19.128000,20.452000,17.878000,20.452000,0.173143,0.826533,0.793770,2.926829,-0.298345,0.423467,0.000000,0.000000,0,1
1789802042.792459,5,18.096494,20.849519,0.190706,19.128000,20.452000,17.878000,20.452000,0.173143,0.826533,0.793770,2.926829,-0.298345,0.423467,0.000000,0.000000,0,1
1789802042.892463,5,18.096494,20.849519,0.190706,19.128000,20.452000,17.878000,20.452000,0.173143,0.826533,0.793770,2.926829,-0.298345,0.423467,0.000000,0.000000,0,1
1789802042.992509,5,18.096494,20.849519,0.190706,19.128000,20.452000,17.878000,20.452000,0.173143,0.826533,0.793770,2.926829,-0.298345,0.423467,0.000000,0.000000,0,1
1789802043.092490,5,18.096494,20.849519,0.190706,19.128000,20.452000,17.878000,20.452000,0.173143,0.826533,0.793770,2.926829,-0.298345,0.423467,0.000000,0.000000,0,1
1789802043.192490,5,18.096494,20.849519,0.190706,19.128000,20.452000,17.878000,20.452000,0.173143,0.826533,0.793770,2.926829,-0.298345,0.423467,0.000000,0.000000,0,1
1789802043.292521,5,18.096494,20.849519,0.190706,19.128000,20.452000,17.878000,20.452000,0.173143,0.826533,0.793770,2.926829,-0.298345,0.423467,0.000000,0.000000,0,1
1789802043.392524,5,18.096494,20.849519,0.190706,19.128000,20.452000,17.878000,20.452000,0.173143,0.826533,0.793770,2.926829,-0.298345,0.423467,0.000000,0.000000,0,1
1789802043.492568,5,18.096494,20.849519,0.190706,19.128000,20.452000,17.878000,20.452000,0.173143,0.826533,0.793770,2.926829,-0.298345,0.423467,0.000000,0.000000,0,1
1789802043.592544,5,18.096494,20.849519,0.190706,19.128000,20.452000,17.878000,20.452000,0.173143,0.826533,0.793770,2.926829,-0.298345,0.423467,0.000000,0.000000,0,1
1789802043.692486,5,18.096494,20.849519,0.190706,19.128000,20.452000,17.878000,20.452000,0.173143,0.826533,0.793770,2.926829,-0.298345,0.423467,0.000000,0.000000,0,1
1789802043.792525,5,18.096494,20.849519,0.190706,19.128000,20.452000,17.878000,20.452000,0.173143,0.826533,0.793770,2.926829,-0.298345,0.423467,0.000000,0.000000,0,1
1789802043.892572,5,18.096494,20.849519,0.190706,19.128000,20.452000,17.878000,20.452000,0.173143,0.826533,0.793770,2.926829,-0.298345,0.423467,0.000000,0.000000,0,1
1789802043.992578,5,18.096494,20.849519,0.190706,19.128000,20.452000,17.878000,20.452000,0.173143,0.826533,0.793770,2.926829,-0.298345,0.423467,0.000000,0.000000,0,1
1789802044.092535,5,18.096494,20.849519,0.190706,19.128000,20.452000,17.878000,20.452000,0.173143,0.826533,0.793770,2.926829,-0.298345,0.423467,0.000000,0.000000,0,1
1789802044.192527,5,18.096494,20.849519,0.190706,19.128000,20.452000,17.878000,20.452000,0.173143,0.826533,0.793770,2.926829,-0.298345,0.423467,0.000000,0.000000,0,1
1789802044.292543,5,17.997475,20.829723,0.092847,19.128000,20.452000,17.878000,20.452000,0.173143,0.826533,0.793770,2.926829,-0.298345,0.423467,0.000000,0.000000,0,1
1789802044.398334,5,17.997475,20.829723,0.092847,19.128000,20.452000,17.878000,20.452000,0.173143,0.826533,0.793770,2.926829,-0.298345,0.423467,0.000000,0.000000,0,1
1789802044.492590,5,17.997475,20.829723,0.092847,19.128000,20.452000,17.878000,20.452000,0.173143,0.826533,0.793770,2.926829,-0.298345,0.423467,0.000000,0.000000,0,1
1789802044.592536,5,17.997475,20.829723,0.092847,19.128000,20.452000,17.878000,20.452000,0.173143,0.826533,0.793770,2.926829,-0.298345,0.423467,0.000000,0.000000,0,1
1789802044.692595,5,17.997475,20.829723,0.092847,19.128000,20.452000,17.878000,20.452000,0.173143,0.826533,0.793770,2.926829,-0.298345,0.423467,0.000000,0.000000,0,1
1789802044.792552,5,17.997475,20.829723,0.092847,19.128000,20.452000,17.878000,20.452000,0.173143,0.826533,0.793770,2.926829,-0.298345,0.423467,0.000000,0.000000,0,1
1789802044.892557,5,17.997475,20.829723,0.092847,19.128000,20.452000,17.878000,20.452000,0.173143,0.826533,0.793770,2.926829,-0.298345,0.423467,0.000000,0.000000,0,1
1789802044.992595,5,17.997475,20.829723,0.092847,19.128000,20.452000,17.878000,20.452000,0.173143,0.826533,0.793770,2.926829,-0.298345,0.423467,0.000000,0.000000,0,1
1789802045.094601,5,17.997475,20.829723,0.092847,19.128000,20.452000,17.878000,20.452000,0.173143,0.826533,0.793770,2.926829,-0.298345,0.423467,0.000000,0.000000,0,1
1789802045.192588,5,17.997475,20.829723,0.092847,19.128000,20.452000,17.878000,20.452000,0.173143,0.826533,0.793770,2.926829,-0.298345,0.423467,0.000000,0.000000,0,1
1789802045.292620,5,17.997475,20.829723,0.092847,19.128000,20.452000,17.878000,20.452000,0.173143,0.826533,0.793770,2.926829,-0.298345,0.423467,0.000000,0.000000,0,1
1789802045.393787,5,17.997475,20.829723,0.092847,19.128000,20.452000,17.878000,20.452000,0.173143,0.826533,0.793770,2.926829,-0.298345,0.423467,0.000000,0.000000,0,1
1789802045.492579,5,17.997475,20.829723,0.092847,19.128000,20.452000,17.878000,20.452000,0.173143,0.826533,0.793770,2.926829,-0.298345,0.423467,0.000000,0.000000,0,1
1789802045.602793,5,17.997475,20.829723,0.092847,19.128000,20.452000,17.878000,20.452000,0.173143,0.826533,0.793770,2.926829,-0.298345,0.423467,0.000000,0.000000,0,1
1789802045.692605,5,17.997475,20.829723,0.092847,19.128000,20.452000,17.878000,20.452000,0.173143,0.826533,0.793770,2.926829,-0.298345,0.423467,0.000000,0.000000,0,1
1789802045.792821,5,17.997475,20.829723,0.092847,19.128000,20.452000,17.878000,20.452000,0.173143,0.826533,0.793770,2.926829,-0.298345,0.423467,0.000000,0.000000,0,1
1789802045.892604,5,17.997475,20.829723,0.092847,19.128000,20.452000,17.878000,20.452000,0.173143,0.826533,0.793770,2.926829,-0.298345,0.423467,0.000000,0.000000,0,1
1789802045.992954,5,17.997475,20.829723,0.092847,19.128000,20.452000,17.878000,20.452000,0.173143,0.826533,0.793770,2.926829,-0.298345,0.423467,0.000000,0.000000,0,1
1789802046.092643,5,17.997475,20.829723,0.092847,19.128000,20.452000,17.878000,20.452000,0.173143,0.826533,0.793770,2.926829,-0.298345,0.423467,0.000000,0.000000,0,1
1789802046.192685,5,17.997475,20.829723,0.092847,19.128000,20.452000,17.878000,20.452000,0.173143,0.826533,0.793770,2.926829,-0.298345,0.423467,0.000000,0.000000,0,1
1789802046.292651,5,17.997475,20.829723,0.092847,19.128000,20.452000,17.878000,20.452000,0.173143,0.826533,0.793770,2.926829,-0.298345,0.423467,0.000000,0.000000,0,1
1789802046.392645,5,17.997475,20.829723,0.092847,19.128000,20.452000,17.878000,20.452000,0.173143,0.826533,0.793770,2.926829,-0.298345,0.423467,0.000000,0.000000,0,1
1789802046.492640,5,17.997475,20.829723,0.092847,19.128000,20.452000,17.878000,20.452000,0.173143,0.826533,0.793770,2.926829,-0.298345,0.423467,0.000000,0.000000,0,1
1789802046.592693,5,17.997475,20.829723,0.092847,19.128000,20.452000,17.878000,20.452000,0.173143,0.826533,0.793770,2.926829,-0.298345,0.423467,0.000000,0.000000,0,1
1789802046.692672,5,17.997475,20.829723,0.092847,19.128000,20.452000,17.878000,20.452000,0.173143,0.826533,0.793770,2.926829,-0.298345,0.423467,0.000000,0.000000,0,1
1789802046.792661,5,17.997475,20.829723,0.092847,19.128000,20.452000,17.878000,20.452000,0.173143,0.826533,0.793770,2.926829,-0.298345,0.423467,0.000000,0.000000,0,1
1789802046.892671,5,17.997475,20.829723,0.092847,19.128000,20.452000,17.878000,20.452000,0.173143,0.826533,0.793770,2.926829,-0.298345,0.423467,0.000000,0.000000,0,1
1789802046.992695,5,17.997475,20.829723,0.092847,19.128000,20.452000,17.878000,20.452000,0.173143,0.826533,0.793770,2.926829,-0.298345,0.423467,0.000000,0.000000,0,1
1789802047.092675,5,17.997475,20.829723,0.092847,19.128000,20.452000,17.878000,20.452000,0.173143,0.826533,0.793770,2.926829,-0.298345,0.423467,0.000000,0.000000,0,1
1789802047.192751,5,17.951919,20.822241,-0.008351,19.128000,20.452000,17.878000,20.452000,0.173143,0.826533,0.793770,2.926829,-0.298345,0.423467,0.000000,0.000000,0,1
1789802047.292694,5,17.951919,20.822241,-0.008351,19.128000,20.452000,17.878000,20.452000,0.173143,0.826533,0.793770,2.926829,-0.298345,0.423467,0.000000,0.000000,0,1
1789802047.392706,5,17.951919,20.822241,-0.008351,19.128000,20.452000,17.878000,20.452000,0.173143,0.826533,0.793770,2.926829,-0.298345,0.423467,0.000000,0.000000,0,1
1789802047.493300,5,17.951919,20.822241,-0.008351,19.128000,20.452000,17.878000,20.452000,0.173143,0.826533,0.793770,2.926829,-0.298345,0.423467,0.000000,0.000000,0,1
1789802047.592732,5,17.951919,20.822241,-0.008351,19.128000,20.452000,17.878000,20.452000,0.173143,0.826533,0.793770,2.926829,-0.298345,0.423467,0.000000,0.000000,0,1
1789802047.692714,5,17.951919,20.822241,-0.008351,19.128000,20.452000,17.878000,20.452000,0.173143,0.826533,0.793770,2.926829,-0.298345,0.423467,0.000000,0.000000,0,1
1789802047.792734,5,17.951919,20.822241,-0.008351,19.128000,20.452000,17.878000,20.452000,0.173143,0.826533,0.793770,2.926829,-0.298345,0.423467,0.000000,0.000000,0,1
1789802047.892732,5,17.951919,20.822241,-0.008351,19.128000,20.452000,17.878000,20.452000,0.173143,0.826533,0.793770,2.926829,-0.298345,0.423467,0.000000,0.000000,0,1
1789802047.992713,5,17.951919,20.822241,-0.008351,19.128000,20.452000,17.878000,20.452000,0.173143,0.826533,0.793770,2.926829,-0.298345,0.423467,0.000000,0.000000,0,1
1789802048.092721,5,17.951919,20.822241,-0.008351,19.128000,20.452000,17.878000,20.452000,0.173143,0.826533,0.793770,2.926829,-0.298345,0.423467,0.000000,0.000000,0,1
1789802048.192807,5,17.951919,20.822241,-0.008351,19.128000,20.452000,17.878000,20.452000,0.173143,0.826533,0.793770,2.926829,-0.298345,0.423467,0.000000,0.000000,0,1
1789802048.292746,5,17.951919,20.822241,-0.008351,19.128000,20.452000,17.878000,20.452000,0.173143,0.826533,0.793770,2.926829,-0.298345,0.423467,0.000000,0.000000,0,1
1789802048.395810,5,17.951919,20.822241,-0.008351,19.128000,20.452000,17.878000,20.452000,0.173143,0.826533,0.793770,2.926829,-0.298345,0.423467,0.000000,0.000000,0,1
1789802048.492780,5,17.951919,20.822241,-0.008351,19.128000,20.452000,17.878000,20.452000,0.173143,0.826533,0.793770,2.926829,-0.298345,0.423467,0.000000,0.000000,0,1
1789802048.592820,5,17.951919,20.822241,-0.008351,19.128000,20.452000,17.878000,20.452000,0.173143,0.826533,0.793770,2.926829,-0.298345,0.423467,0.000000,0.000000,0,1
1789802048.692789,5,17.951919,20.822241,-0.008351,19.128000,20.452000,17.878000,20.452000,0.173143,0.826533,0.793770,2.926829,-0.298345,0.423467,0.000000,0.000000,0,1
1789802048.792787,5,17.951919,20.822241,-0.008351,19.128000,20.452000,17.878000,20.452000,0.173143,0.826533,0.793770,2.926829,-0.298345,0.423467,0.000000,0.000000,0,1
1789802048.892769,5,17.951919,20.822241,-0.008351,19.128000,20.452000,17.878000,20.452000,0.173143,0.826533,0.793770,2.926829,-0.298345,0.423467,0.000000,0.000000,0,1
1789802048.992792,5,17.951919,20.822241,-0.008351,19.128000,20.452000,17.878000,20.452000,0.173143,0.826533,0.793770,2.926829,-0.298345,0.423467,0.000000,0.000000,0,1
1789802049.092777,5,17.951919,20.822241,-0.008351,19.128000,20.452000,17.878000,20.452000,0.173143,0.826533,0.793770,2.926829,-0.298345,0.423467,0.000000,0.000000,0,1
1789802049.192817,5,17.951919,20.822241,-0.008351,19.128000,20.452000,17.878000,20.452000,0.173143,0.826533,0.793770,2.926829,-0.298345,0.423467,0.000000,0.000000,0,1
1789802049.292845,5,17.951919,20.822241,-0.008351,19.128000,20.452000,17.878000,20.452000,0.173143,0.826533,0.793770,2.926829,-0.298345,0.423467,0.000000,0.000000,0,1
1789802049.392798,5,17.951919,20.822241,-0.008351,19.128000,20.452000,17.878000,20.452000,0.173143,0.826533,0.793770,2.926829,-0.298345,0.423467,0.000000,0.000000,0,1
1789802049.492804,5,17.951919,20.822241,-0.008351,19.128000,20.452000,17.878000,20.452000,0.173143,0.826533,0.793770,2.926829,-0.298345,0.423467,0.000000,0.000000,0,1
1789802049.592844,5,17.951919,20.822241,-0.008351,19.128000,20.452000,17.878000,20.452000,0.173143,0.826533,0.793770,2.926829,-0.298345,0.423467,0.000000,0.000000,0,1
1789802049.692846,5,17.951919,20.822241,-0.008351,19.128000,20.452000,17.878000,20.452000,0.173143,0.826533,0.793770,2.926829,-0.298345,0.423467,0.000000,0.000000,0,1
1789802049.792838,5,17.951919,20.822241,-0.008351,19.128000,20.452000,17.878000,20.452000,0.173143,0.826533,0.793770,2.926829,-0.298345,0.423467,0.000000,0.000000,0,1
1789802049.892842,5,17.951919,20.822241,-0.008351,19.128000,20.452000,17.878000,20.452000,0.173143,0.826533,0.793770,2.926829,-0.298345,0.423467,0.000000,0.000000,0,1
1789802049.992855,5,17.951919,20.822241,-0.008351,19.128000,20.452000,17.878000,20.452000,0.173143,0.826533,0.793770,2.926829,-0.298345,0.423467,0.000000,0.000000,0,1
1789802050.092830,5,17.951919,20.822241,-0.008351,19.128000,20.452000,17.878000,20.452000,0.173143,0.826533,0.793770,2.926829,-0.298345,0.423467,0.000000,0.000000,0,1
1789802050.192852,5,17.951919,20.822241,-0.008351,19.128000,20.452000,17.878000,20.452000,0.173143,0.826533,0.793770,2.926829,-0.298345,0.423467,0.000000,0.000000,0,1
1789802050.293849,5,17.951919,20.822241,-0.008351,19.128000,20.452000,17.878000,20.452000,0.173143,0.826533,0.793770,2.926829,-0.298345,0.423467,0.000000,0.000000,0,1
1789802050.392869,5,17.951919,20.822241,-0.008351,19.128000,20.452000,17.878000,20.452000,0.173143,0.826533,0.793770,2.926829,-0.298345,0.423467,0.000000,0.000000,0,1
1789802050.492875,5,17.951919,20.822241,-0.008351,19.128000,20.452000,17.878000,20.452000,0.173143,0.826533,0.793770,2.926829,-0.298345,0.423467,0.000000,0.000000,0,1
1789802050.592935,5,17.951919,20.822241,-0.008351,19.128000,20.452000,17.878000,20.452000,0.173143,0.826533,0.793770,2.926829,-0.298345,0.423467,0.000000,0.000000,0,1
1789802050.692863,5,17.951919,20.822241,-0.008351,19.128000,20.452000,17.878000,20.452000,0.173143,0.826533,0.793770,2.926829,-0.298345,0.423467,0.000000,0.000000,0,1
1789802050.792918,5,17.951919,20.822241,-0.008351,19.128000,20.452000,17.878000,20.452000,0.173143,0.826533,0.793770,2.926829,-0.298345,0.423467,0.000000,0.000000,0,1
1789802050.892894,5,17.951919,20.822241,-0.008351,19.128000,20.452000,17.878000,20.452000,0.173143,0.826533,0.793770,2.926829,-0.298345,0.423467,0.000000,0.000000,0,1
1789802050.992933,5,17.951919,20.822241,-0.008351,19.128000,20.452000,17.878000,20.452000,0.173143,0.826533,0.793770,2.926829,-0.298345,0.423467,0.000000,0.000000,0,1
1789802051.093040,5,17.951919,20.822241,-0.008351,19.128000,20.452000,17.878000,20.452000,0.173143,0.826533,0.793770,2.926829,-0.298345,0.423467,0.000000,0.000000,0,1
1789802051.192926,5,17.951919,20.822241,-0.008351,19.128000,20.452000,17.878000,20.452000,0.173143,0.826533,0.793770,2.926829,-0.298345,0.423467,0.000000,0.000000,0,1
1789802051.292910,5,17.951919,20.822241,-0.008351,19.128000,20.452000,17.878000,20.452000,0.173143,0.826533,0.793770,2.926829,-0.298345,0.423467,0.000000,0.000000,0,1
1789802051.392930,5,17.951919,20.822241,-0.008351,19.128000,20.452000,17.878000,20.452000,0.173143,0.826533,0.793770,2.926829,-0.298345,0.423467,0.000000,0.000000,0,1
1789802051.492938,5,17.951919,20.822241,-0.008351,19.128000,20.452000,17.878000,20.452000,0.173143,0.826533,0.793770,2.926829,-0.298345,0.423467,0.000000,0.000000,0,1
1789802051.592981,5,17.951919,20.822241,-0.008351,19.128000,20.452000,17.878000,20.452000,0.173143,0.826533,0.793770,2.926829,-0.298345,0.423467,0.000000,0.000000,0,1
1789802051.692946,5,17.951919,20.822241,-0.008351,19.128000,20.452000,17.878000,20.452000,0.173143,0.826533,0.793770,2.926829,-0.298345,0.423467,0.000000,0.000000,0,1
1789802051.795532,5,17.951919,20.822241,-0.008351,19.128000,20.452000,17.878000,20.452000,0.173143,0.826533,0.793770,2.926829,-0.298345,0.423467,0.000000,0.000000,0,1
1789802051.892935,5,17.951919,20.822241,-0.008351,19.128000,20.452000,17.878000,20.452000,0.173143,0.826533,0.793770,2.926829,-0.298345,0.423467,0.000000,0.000000,0,1
1789802051.993005,5,17.951919,20.822241,-0.008351,19.128000,20.452000,17.878000,20.452000,0.173143,0.826533,0.793770,2.926829,-0.298345,0.423467,0.000000,0.000000,0,1
1789802052.092967,5,17.951919,20.822241,-0.008351,19.128000,20.452000,17.878000,20.452000,0.173143,0.826533,0.793770,2.926829,-0.298345,0.423467,0.000000,0.000000,0,1
1789802052.192934,5,17.951919,20.822241,-0.008351,19.128000,20.452000,17.878000,20.452000,0.173143,0.826533,0.793770,2.926829,-0.298345,0.423467,0.000000,0.000000,0,1
1789802052.292972,5,17.951919,20.822241,-0.008351,19.128000,20.452000,17.878000,20.452000,0.173143,0.826533,0.793770,2.926829,-0.298345,0.423467,0.000000,0.000000,0,1
1789802052.393090,5,17.951919,20.822241,-0.008351,19.128000,20.452000,17.878000,20.452000,0.173143,0.826533,0.793770,2.926829,-0.298345,0.423467,0.000000,0.000000,0,1
1789802052.492991,5,17.951919,20.822241,-0.008351,19.128000,20.452000,17.878000,20.452000,0.173143,0.826533,0.793770,2.926829,-0.298345,0.423467,0.000000,0.000000,0,1
1789802052.592990,5,17.951919,20.822241,-0.008351,19.128000,20.452000,17.878000,20.452000,0.173143,0.826533,0.793770,2.926829,-0.298345,0.423467,0.000000,0.000000,0,1
1789802052.692986,5,17.951919,20.822241,-0.008351,19.128000,20.452000,17.878000,20.452000,0.173143,0.826533,0.793770,2.926829,-0.298345,0.423467,0.000000,0.000000,0,1
1789802052.793024,5,17.951919,20.822241,-0.008351,19.128000,20.452000,17.878000,20.452000,0.173143,0.826533,0.793770,2.926829,-0.298345,0.423467,0.000000,0.000000,0,1
1789802052.894599,5,17.951919,20.822241,-0.008351,19.128000,20.452000,17.878000,20.452000,0.173143,0.826533,0.793770,2.926829,-0.298345,0.423467,0.000000,0.000000,0,1
1789802052.993063,5,17.951919,20.822241,-0.008351,19.128000,20.452000,17.878000,20.452000,0.173143,0.826533,0.793770,2.926829,-0.298345,0.423467,0.000000,0.000000,0,1
1789802053.092991,5,17.951919,20.822241,-0.008351,19.128000,20.452000,17.878000,20.452000,0.173143,0.826533,0.793770,2.926829,-0.298345,0.423467,0.000000,0.000000,0,1
1789802053.193002,5,17.951919,20.822241,-0.008351,19.128000,20.452000,17.878000,20.452000,0.173143,0.826533,0.793770,2.926829,-0.298345,0.423467,0.000000,0.000000,0,1
1789802053.293010,5,17.951919,20.822241,-0.008351,19.128000,20.452000,17.878000,20.452000,0.173143,0.826533,0.793770,2.926829,-0.298345,0.423467,0.000000,0.000000,0,1
1789802053.393066,5,17.951919,20.822241,-0.008351,19.128000,20.452000,17.878000,20.452000,0.173143,0.826533,0.793770,2.926829,-0.298345,0.423467,0.000000,0.000000,0,1
1789802053.493035,5,17.951919,20.822241,-0.008351,19.128000,20.452000,17.878000,20.452000,0.173143,0.826533,0.793770,2.926829,-0.298345,0.423467,0.000000,0.000000,0,1
1789802053.595485,5,17.951919,20.822241,-0.008351,19.128000,20.452000,17.878000,20.452000,0.173143,0.826533,0.793770,2.926829,-0.298345,0.423467,0.000000,0.000000,0,1
1789802053.693073,5,17.951919,20.822241,-0.008351,19.128000,20.452000,17.878000,20.452000,0.173143,0.826533,0.793770,2.926829,-0.298345,0.423467,0.000000,0.000000,0,1
1789802053.793045,5,17.951919,20.822241,-0.008351,19.128000,20.452000,17.878000,20.452000,0.173143,0.826533,0.793770,2.926829,-0.298345,0.423467,0.000000,0.000000,0,1
1789802053.893064,5,17.951919,20.822241,-0.008351,19.128000,20.452000,17.878000,20.452000,0.173143,0.826533,0.793770,2.926829,-0.298345,0.423467,0.000000,0.000000,0,1
1789802053.993056,5,17.951919,20.822241,-0.008351,19.128000,20.452000,17.878000,20.452000,0.173143,0.826533,0.793770,2.926829,-0.298345,0.423467,0.000000,0.000000,0,1
1789802054.093060,5,17.951919,20.822241,-0.008351,19.128000,20.452000,17.878000,20.452000,0.173143,0.826533,0.793770,2.926829,-0.298345,0.423467,0.000000,0.000000,0,1
1789802054.193047,5,17.951919,20.822241,-0.008351,19.128000,20.452000,17.878000,20.452000,0.173143,0.826533,0.793770,2.926829,-0.298345,0.423467,0.000000,0.000000,0,1
1789802054.293068,5,17.951919,20.822241,-0.008351,19.128000,20.452000,17.878000,20.452000,0.173143,0.826533,0.793770,2.926829,-0.298345,0.423467,0.000000,0.000000,0,1
1789802054.393080,5,17.951919,20.822241,-0.008351,19.128000,20.452000,17.878000,20.452000,0.173143,0.826533,0.793770,2.926829,-0.298345,0.423467,0.000000,0.000000,0,1
1789802054.493077,5,17.951919,20.822241,-0.008351,19.128000,20.452000,17.878000,20.452000,0.173143,0.826533,0.793770,2.926829,-0.298345,0.423467,0.000000,0.000000,0,1
1789802054.593104,5,17.951919,20.822241,-0.008351,19.128000,20.452000,17.878000,20.452000,0.173143,0.826533,0.793770,2.926829,-0.298345,0.423467,0.000000,0.000000,0,1
1789802054.693109,5,17.951919,20.822241,-0.008351,19.128000,20.452000,17.878000,20.452000,0.173143,0.826533,0.793770,2.926829,-0.298345,0.423467,0.000000,0.000000,0,1
1789802054.793212,5,17.951919,20.822241,-0.008351,19.128000,20.452000,17.878000,20.452000,0.173143,0.826533,0.793770,2.926829,-0.298345,0.423467,0.000000,0.000000,0,1
1789802054.893137,5,17.951919,20.822241,-0.008351,19.128000,20.452000,17.878000,20.452000,0.173143,0.826533,0.793770,2.926829,-0.298345,0.423467,0.000000,0.000000,0,1
1789802054.993110,5,17.951919,20.822241,-0.008351,19.128000,20.452000,17.878000,20.452000,0.173143,0.826533,0.793770,2.926829,-0.298345,0.423467,0.000000,0.000000,0,1
1789802055.093104,5,17.951919,20.822241,-0.008351,19.128000,20.452000,17.878000,20.452000,0.173143,0.826533,0.793770,2.926829,-0.298345,0.423467,0.000000,0.000000,0,1
1789802055.193173,5,17.951919,20.822241,-0.008351,19.128000,20.452000,17.878000,20.452000,0.173143,0.826533,0.793770,2.926829,-0.298345,0.423467,0.000000,0.000000,0,1
1789802055.293477,5,17.951919,20.822241,-0.008351,19.128000,20.452000,17.878000,20.452000,0.173143,0.826533,0.793770,2.926829,-0.298345,0.423467,0.000000,0.000000,0,1
1789802055.393151,5,17.951919,20.822241,-0.008351,19.128000,20.452000,17.878000,20.452000,0.173143,0.826533,0.793770,2.926829,-0.298345,0.423467,0.000000,0.000000,0,1
1789802055.493143,5,17.951919,20.822241,-0.008351,19.128000,20.452000,17.878000,20.452000,0.173143,0.826533,0.793770,2.926829,-0.298345,0.423467,0.000000,0.000000,0,1
1789802055.593129,5,17.951919,20.822241,-0.008351,19.128000,20.452000,17.878000,20.452000,0.173143,0.826533,0.793770,2.926829,-0.298345,0.423467,0.000000,0.000000,0,1
1789802055.693161,5,17.951919,20.822241,-0.008351,19.128000,20.452000,17.878000,20.452000,0.173143,0.826533,0.793770,2.926829,-0.298345,0.423467,0.000000,0.000000,0,1
1789802055.793167,5,17.951919,20.822241,-0.008351,19.128000,20.452000,17.878000,20.452000,0.173143,0.826533,0.793770,2.926829,-0.298345,0.423467,0.000000,0.000000,0,1
1789802055.893184,5,17.951919,20.822241,-0.008351,19.128000,20.452000,17.878000,20.452000,0.173143,0.826533,0.793770,2.926829,-0.298345,0.423467,0.000000,0.000000,0,1
1789802055.993161,5,17.951919,20.822241,-0.008351,19.128000,20.452000,17.878000,20.452000,0.173143,0.826533,0.793770,2.926829,-0.298345,0.423467,0.000000,0.000000,0,1
1789802056.093228,5,17.951919,20.822241,-0.008351,19.128000,20.452000,17.878000,20.452000,0.173143,0.826533,0.793770,2.926829,-0.298345,0.423467,0.000000,0.000000,0,1
1789802056.194329,5,17.951919,20.822241,-0.008351,19.128000,20.452000,17.878000,20.452000,0.173143,0.826533,0.793770,2.926829,-0.298345,0.423467,0.000000,0.000000,0,1
1789802056.293205,5,17.951919,20.822241,-0.008351,19.128000,20.452000,17.878000,20.452000,0.173143,0.826533,0.793770,2.926829,-0.298345,0.423467,0.000000,0.000000,0,1
1789802056.393183,5,17.951919,20.822241,-0.008351,19.128000,20.452000,17.878000,20.452000,0.173143,0.826533,0.793770,2.926829,-0.298345,0.423467,0.000000,0.000000,0,1
1789802056.494313,5,17.983729,20.818402,0.085013,19.128000,20.452000,17.878000,20.452000,0.173143,0.826533,0.793770,2.926829,-0.298345,0.423467,0.000000,0.000000,0,1
1789802056.593490,5,17.983729,20.818402,0.085013,19.128000,20.452000,17.878000,20.452000,0.173143,0.826533,0.793770,2.926829,-0.298345,0.423467,0.000000,0.000000,0,1
1789802056.694577,5,17.983729,20.818402,0.085013,19.128000,20.452000,17.878000,20.452000,0.173143,0.826533,0.793770,2.926829,-0.298345,0.423467,0.000000,0.000000,0,1
1789802056.793265,5,17.983729,20.818402,0.085013,19.128000,20.452000,17.878000,20.452000,0.173143,0.826533,0.793770,2.926829,-0.298345,0.423467,0.000000,0.000000,0,1
1789802056.893259,5,17.983729,20.818402,0.085013,19.128000,20.452000,17.878000,20.452000,0.173143,0.826533,0.793770,2.926829,-0.298345,0.423467,0.000000,0.000000,0,1
1789802056.993257,5,17.983729,20.818402,0.085013,19.128000,20.452000,17.878000,20.452000,0.173143,0.826533,0.793770,2.926829,-0.298345,0.423467,0.000000,0.000000,0,1
1789802057.093273,5,17.983729,20.818402,0.085013,19.128000,20.452000,17.878000,20.452000,0.173143,0.826533,0.793770,2.926829,-0.298345,0.423467,0.000000,0.000000,0,1
1789802057.193295,5,17.983729,20.818402,0.085013,19.128000,20.452000,17.878000,20.452000,0.173143,0.826533,0.793770,2.926829,-0.298345,0.423467,0.000000,0.000000,0,1
1789802057.293212,5,17.983729,20.818402,0.085013,19.128000,20.452000,17.878000,20.452000,0.173143,0.826533,0.793770,2.926829,-0.298345,0.423467,0.000000,0.000000,0,1
1789802057.393630,5,17.983729,20.818402,0.085013,19.128000,20.452000,17.878000,20.452000,0.173143,0.826533,0.793770,2.926829,-0.298345,0.423467,0.000000,0.000000,0,1
1789802057.494503,5,17.983729,20.818402,0.085013,19.128000,20.452000,17.878000,20.452000,0.173143,0.826533,0.793770,2.926829,-0.298345,0.423467,0.000000,0.000000,0,1
1789802057.593578,5,17.983729,20.818402,0.085013,19.128000,20.452000,17.878000,20.452000,0.173143,0.826533,0.793770,2.926829,-0.298345,0.423467,0.000000,0.000000,0,1
1789802057.693237,5,17.983729,20.818402,0.085013,19.128000,20.452000,17.878000,20.452000,0.173143,0.826533,0.793770,2.926829,-0.298345,0.423467,0.000000,0.000000,0,1
1789802057.793249,5,17.983729,20.818402,0.085013,19.128000,20.452000,17.878000,20.452000,0.173143,0.826533,0.793770,2.926829,-0.298345,0.423467,0.000000,0.000000,0,1
1789802057.893312,5,17.983729,20.818402,0.085013,19.128000,20.452000,17.878000,20.452000,0.173143,0.826533,0.793770,2.926829,-0.298345,0.423467,0.000000,0.000000,0,1
1789802057.993292,5,17.983729,20.818402,0.085013,19.128000,20.452000,17.878000,20.452000,0.173143,0.826533,0.793770,2.926829,-0.298345,0.423467,0.000000,0.000000,0,1
1789802058.093300,5,17.983729,20.818402,0.085013,19.128000,20.452000,17.878000,20.452000,0.173143,0.826533,0.793770,2.926829,-0.298345,0.423467,0.000000,0.000000,0,1
1789802058.193270,5,17.983729,20.818402,0.085013,19.128000,20.452000,17.878000,20.452000,0.173143,0.826533,0.793770,2.926829,-0.298345,0.423467,0.000000,0.000000,0,1
1789802058.293292,5,17.983729,20.818402,0.085013,19.128000,20.452000,17.878000,20.452000,0.173143,0.826533,0.793770,2.926829,-0.298345,0.423467,0.000000,0.000000,0,1
1789802058.393287,5,17.983729,20.818402,0.085013,19.128000,20.452000,17.878000,20.452000,0.173143,0.826533,0.793770,2.926829,-0.298345,0.423467,0.000000,0.000000,0,1
1789802058.493300,5,17.983729,20.818402,0.085013,19.128000,20.452000,17.878000,20.452000,0.173143,0.826533,0.793770,2.926829,-0.298345,0.423467,0.000000,0.000000,0,1
1789802058.593356,5,17.956919,20.826211,-0.029469,19.128000,20.452000,17.878000,20.452000,0.173143,0.826533,0.793770,2.926829,-0.298345,0.423467,0.000000,0.000000,0,1
1789802058.693343,5,17.956919,20.826211,-0.029469,19.128000,20.452000,17.878000,20.452000,0.173143,0.826533,0.793770,2.926829,-0.298345,0.423467,0.000000,0.000000,0,1
1789802058.794258,5,17.956919,20.826211,-0.029469,19.128000,20.452000,17.878000,20.452000,0.173143,0.826533,0.793770,2.926829,-0.298345,0.423467,0.000000,0.000000,0,1
1789802058.893298,5,17.956919,20.826211,-0.029469,19.128000,20.452000,17.878000,20.452000,0.173143,0.826533,0.793770,2.926829,-0.298345,0.423467,0.000000,0.000000,0,1
1789802058.993346,5,17.956919,20.826211,-0.029469,19.128000,20.452000,17.878000,20.452000,0.173143,0.826533,0.793770,2.926829,-0.298345,0.423467,0.000000,0.000000,0,1
1789802059.093321,5,17.956919,20.826211,-0.029469,19.128000,20.452000,17.878000,20.452000,0.173143,0.826533,0.793770,2.926829,-0.298345,0.423467,0.000000,0.000000,0,1
1789802059.193345,5,17.956919,20.826211,-0.029469,19.128000,20.452000,17.878000,20.452000,0.173143,0.826533,0.793770,2.926829,-0.298345,0.423467,0.000000,0.000000,0,1
1789802059.293318,5,17.956919,20.826211,-0.029469,19.128000,20.452000,17.878000,20.452000,0.173143,0.826533,0.793770,2.926829,-0.298345,0.423467,0.000000,0.000000,0,1
1789802059.393370,5,17.956919,20.826211,-0.029469,19.128000,20.452000,17.878000,20.452000,0.173143,0.826533,0.793770,2.926829,-0.298345,0.423467,0.000000,0.000000,0,1
1789802059.493366,5,17.956919,20.826211,-0.029469,19.128000,20.452000,17.878000,20.452000,0.173143,0.826533,0.793770,2.926829,-0.298345,0.423467,0.000000,0.000000,0,1
1789802059.595168,5,17.956919,20.826211,-0.029469,19.128000,20.452000,17.878000,20.452000,0.173143,0.826533,0.793770,2.926829,-0.298345,0.423467,0.000000,0.000000,0,1
1789802059.693441,5,17.956919,20.826211,-0.029469,19.128000,20.452000,17.878000,20.452000,0.173143,0.826533,0.793770,2.926829,-0.298345,0.423467,0.000000,0.000000,0,1
1789802059.793359,5,17.956919,20.826211,-0.029469,19.128000,20.452000,17.878000,20.452000,0.173143,0.826533,0.793770,2.926829,-0.298345,0.423467,0.000000,0.000000,0,1
1789802059.893367,5,17.956919,20.826211,-0.029469,19.128000,20.452000,17.878000,20.452000,0.173143,0.826533,0.793770,2.926829,-0.298345,0.423467,0.000000,0.000000,0,1
1789802059.993374,5,17.956919,20.826211,-0.029469,19.128000,20.452000,17.878000,20.452000,0.173143,0.826533,0.793770,2.926829,-0.298345,0.423467,0.000000,0.000000,0,1
1789802060.093423,5,17.956919,20.826211,-0.029469,19.128000,20.452000,17.878000,20.452000,0.173143,0.826533,0.793770,2.926829,-0.298345,0.423467,0.000000,0.000000,0,1
1789802060.193619,5,17.956919,20.826211,-0.029469,19.128000,20.452000,17.878000,20.452000,0.173143,0.826533,0.793770,2.926829,-0.298345,0.423467,0.000000,0.000000,0,1
1789802060.293416,5,17.956919,20.826211,-0.029469,19.128000,20.452000,17.878000,20.452000,0.173143,0.826533,0.793770,2.926829,-0.298345,0.423467,0.000000,0.000000,0,1
1789802060.393435,5,17.956919,20.826211,-0.029469,19.128000,20.452000,17.878000,20.452000,0.173143,0.826533,0.793770,2.926829,-0.298345,0.423467,0.000000,0.000000,0,1
1789802060.493391,5,17.956919,20.826211,-0.029469,19.128000,20.452000,17.878000,20.452000,0.173143,0.826533,0.793770,2.926829,-0.298345,0.423467,0.000000,0.000000,0,1
1789802060.593448,5,17.956919,20.826211,-0.029469,19.128000,20.452000,17.878000,20.452000,0.173143,0.826533,0.793770,2.926829,-0.298345,0.423467,0.000000,0.000000,0,1
1789802060.693413,5,17.956919,20.826211,-0.029469,19.128000,20.452000,17.878000,20.452000,0.173143,0.826533,0.793770,2.926829,-0.298345,0.423467,0.000000,0.000000,0,1
1789802060.793432,5,17.956919,20.826211,-0.029469,19.128000,20.452000,17.878000,20.452000,0.173143,0.826533,0.793770,2.926829,-0.298345,0.423467,0.000000,0.000000,0,1
1789802060.893418,5,17.956919,20.826211,-0.029469,19.128000,20.452000,17.878000,20.452000,0.173143,0.826533,0.793770,2.926829,-0.298345,0.423467,0.000000,0.000000,0,1
1789802060.993456,5,17.956919,20.826211,-0.029469,19.128000,20.452000,17.878000,20.452000,0.173143,0.826533,0.793770,2.926829,-0.298345,0.423467,0.000000,0.000000,0,1
1789802061.093418,5,17.956919,20.826211,-0.029469,19.128000,20.452000,17.878000,20.452000,0.173143,0.826533,0.793770,2.926829,-0.298345,0.423467,0.000000,0.000000,0,1
1789802061.193447,5,17.956919,20.826211,-0.029469,19.128000,20.452000,17.878000,20.452000,0.173143,0.826533,0.793770,2.926829,-0.298345,0.423467,0.000000,0.000000,0,1
1789802061.293710,5,17.956919,20.826211,-0.029469,19.128000,20.452000,17.878000,20.452000,0.173143,0.826533,0.793770,2.926829,-0.298345,0.423467,0.000000,0.000000,0,1
1789802061.393451,5,17.956919,20.826211,-0.029469,19.128000,20.452000,17.878000,20.452000,0.173143,0.826533,0.793770,2.926829,-0.298345,0.423467,0.000000,0.000000,0,1
1789802061.493484,5,17.956919,20.826211,-0.029469,19.128000,20.452000,17.878000,20.452000,0.173143,0.826533,0.793770,2.926829,-0.298345,0.423467,0.000000,0.000000,0,1
1789802061.593545,5,17.956919,20.826211,-0.029469,19.128000,20.452000,17.878000,20.452000,0.173143,0.826533,0.793770,2.926829,-0.298345,0.423467,0.000000,0.000000,0,1
1789802061.693475,5,17.956919,20.826211,-0.029469,19.128000,20.452000,17.878000,20.452000,0.173143,0.826533,0.793770,2.926829,-0.298345,0.423467,0.000000,0.000000,0,1
1789802061.793499,5,17.956919,20.826211,-0.029469,19.128000,20.452000,17.878000,20.452000,0.173143,0.826533,0.793770,2.926829,-0.298345,0.423467,0.000000,0.000000,0,1
1789802061.893485,5,17.956919,20.826211,-0.029469,19.128000,20.452000,17.878000,20.452000,0.173143,0.826533,0.793770,2.926829,-0.298345,0.423467,0.000000,0.000000,0,1
1789802061.993504,5,17.956919,20.826211,-0.029469,19.128000,20.452000,17.878000,20.452000,0.173143,0.826533,0.793770,2.926829,-0.298345,0.423467,0.000000,0.000000,0,1
1789802062.093503,5,17.956919,20.826211,-0.029469,19.128000,20.452000,17.878000,20.452000,0.173143,0.826533,0.793770,2.926829,-0.298345,0.423467,0.000000,0.000000,0,1
1789802062.193491,5,17.956919,20.826211,-0.029469,19.128000,20.452000,17.878000,20.452000,0.173143,0.826533,0.793770,2.926829,-0.298345,0.423467,0.000000,0.000000,0,1
1789802062.293519,5,17.956919,20.826211,-0.029469,19.128000,20.452000,17.878000,20.452000,0.173143,0.826533,0.793770,2.926829,-0.298345,0.423467,0.000000,0.000000,0,1
1789802062.393488,5,17.956919,20.826211,-0.029469,19.128000,20.452000,17.878000,20.452000,0.173143,0.826533,0.793770,2.926829,-0.298345,0.423467,0.000000,0.000000,0,1
1789802062.493513,5,17.956919,20.826211,-0.029469,19.128000,20.452000,17.878000,20.452000,0.173143,0.826533,0.793770,2.926829,-0.298345,0.423467,0.000000,0.000000,0,1
1789802062.593489,5,17.956919,20.826211,-0.029469,19.128000,20.452000,17.878000,20.452000,0.173143,0.826533,0.793770,2.926829,-0.298345,0.423467,0.000000,0.000000,0,1
1789802062.694300,5,17.956919,20.826211,-0.029469,19.128000,20.452000,17.878000,20.452000,0.173143,0.826533,0.793770,2.926829,-0.298345,0.423467,0.000000,0.000000,0,1
1789802062.793519,5,17.956919,20.826211,-0.029469,19.128000,20.452000,17.878000,20.452000,0.173143,0.826533,0.793770,2.926829,-0.298345,0.423467,0.000000,0.000000,0,1
1789802062.893552,5,17.956919,20.826211,-0.029469,19.128000,20.452000,17.878000,20.452000,0.173143,0.826533,0.793770,2.926829,-0.298345,0.423467,0.000000,0.000000,0,1
1789802062.993575,5,17.956919,20.826211,-0.029469,19.128000,20.452000,17.878000,20.452000,0.173143,0.826533,0.793770,2.926829,-0.298345,0.423467,0.000000,0.000000,0,1
1789802063.093544,5,17.956919,20.826211,-0.029469,19.128000,20.452000,17.878000,20.452000,0.173143,0.826533,0.793770,2.926829,-0.298345,0.423467,0.000000,0.000000,0,1
1789802063.193611,5,17.956919,20.826211,-0.029469,19.128000,20.452000,17.878000,20.452000,0.173143,0.826533,0.793770,2.926829,-0.298345,0.423467,0.000000,0.000000,0,1
1789802063.293631,5,17.956919,20.826211,-0.029469,19.128000,20.452000,17.878000,20.452000,0.173143,0.826533,0.793770,2.926829,-0.298345,0.423467,0.000000,0.000000,0,1
1789802063.393551,5,17.956919,20.826211,-0.029469,19.128000,20.452000,17.878000,20.452000,0.173143,0.826533,0.793770,2.926829,-0.298345,0.423467,0.000000,0.000000,0,1
1789802063.493620,5,17.956919,20.826211,-0.029469,19.128000,20.452000,17.878000,20.452000,0.173143,0.826533,0.793770,2.926829,-0.298345,0.423467,0.000000,0.000000,0,1
1789802063.593551,5,17.956919,20.826211,-0.029469,19.128000,20.452000,17.878000,20.452000,0.173143,0.826533,0.793770,2.926829,-0.298345,0.423467,0.000000,0.000000,0,1
1789802063.693553,5,17.956919,20.826211,-0.029469,19.128000,20.452000,17.878000,20.452000,0.173143,0.826533,0.793770,2.926829,-0.298345,0.423467,0.000000,0.000000,0,1
1789802063.793606,5,17.956919,20.826211,-0.029469,19.128000,20.452000,17.878000,20.452000,0.173143,0.826533,0.793770,2.926829,-0.298345,0.423467,0.000000,0.000000,0,1
1789802063.893599,5,17.956919,20.826211,-0.029469,19.128000,20.452000,17.878000,20.452000,0.173143,0.826533,0.793770,2.926829,-0.298345,0.423467,0.000000,0.000000,0,1
1789802063.993577,5,17.956919,20.826211,-0.029469,19.128000,20.452000,17.878000,20.452000,0.173143,0.826533,0.793770,2.926829,-0.298345,0.423467,0.000000,0.000000,0,1
1789802064.093576,5,17.956919,20.826211,-0.029469,19.128000,20.452000,17.878000,20.452000,0.173143,0.826533,0.793770,2.926829,-0.298345,0.423467,0.000000,0.000000,0,1
1789802064.193591,5,17.956919,20.826211,-0.029469,19.128000,20.452000,17.878000,20.452000,0.173143,0.826533,0.793770,2.926829,-0.298345,0.423467,0.000000,0.000000,0,1
1789802064.293555,5,17.956919,20.826211,-0.029469,19.128000,20.452000,17.878000,20.452000,0.173143,0.826533,0.793770,2.926829,-0.298345,0.423467,0.000000,0.000000,0,1
1789802064.393623,5,17.956919,20.826211,-0.029469,19.128000,20.452000,17.878000,20.452000,0.173143,0.826533,0.793770,2.926829,-0.298345,0.423467,0.000000,0.000000,0,1
1789802064.494664,5,17.956919,20.826211,-0.029469,19.128000,20.452000,17.878000,20.452000,0.173143,0.826533,0.793770,2.926829,-0.298345,0.423467,0.000000,0.000000,0,1
1789802064.593638,5,17.956919,20.826211,-0.029469,19.128000,20.452000,17.878000,20.452000,0.173143,0.826533,0.793770,2.926829,-0.298345,0.423467,0.000000,0.000000,0,1
1789802064.693622,5,17.956919,20.826211,-0.029469,19.128000,20.452000,17.878000,20.452000,0.173143,0.826533,0.793770,2.926829,-0.298345,0.423467,0.000000,0.000000,0,1
1789802064.793651,5,17.956919,20.826211,-0.029469,19.128000,20.452000,17.878000,20.452000,0.173143,0.826533,0.793770,2.926829,-0.298345,0.423467,0.000000,0.000000,0,1
1789802064.893653,5,17.956919,20.826211,-0.029469,19.128000,20.452000,17.878000,20.452000,0.173143,0.826533,0.793770,2.926829,-0.298345,0.423467,0.000000,0.000000,0,1
1789802064.993673,5,17.956919,20.826211,-0.029469,19.128000,20.452000,17.878000,20.452000,0.173143,0.826533,0.793770,2.926829,-0.298345,0.423467,0.000000,0.000000,0,1
1789802065.098397,5,17.956919,20.826211,-0.029469,19.128000,20.452000,17.878000,20.452000,0.173143,0.826533,0.793770,2.926829,-0.298345,0.423467,0.000000,0.000000,0,1
1789802065.193646,5,17.956919,20.826211,-0.029469,19.128000,20.452000,17.878000,20.452000,0.173143,0.826533,0.793770,2.926829,-0.298345,0.423467,0.000000,0.000000,0,1
1789802065.293656,5,17.956919,20.826211,-0.029469,19.128000,20.452000,17.878000,20.452000,0.173143,0.826533,0.793770,2.926829,-0.298345,0.423467,0.000000,0.000000,0,1
1789802065.393659,5,17.956919,20.826211,-0.029469,19.128000,20.452000,17.878000,20.452000,0.173143,0.826533,0.793770,2.926829,-0.298345,0.423467,0.000000,0.000000,0,1
1789802065.493695,5,17.956919,20.826211,-0.029469,19.128000,20.452000,17.878000,20.452000,0.173143,0.826533,0.793770,2.926829,-0.298345,0.423467,0.000000,0.000000,0,1
1789802065.593685,5,17.956919,20.826211,-0.029469,19.128000,20.452000,17.878000,20.452000,0.173143,0.826533,0.793770,2.926829,-0.298345,0.423467,0.000000,0.000000,0,1
1789802065.693772,5,17.956919,20.826211,-0.029469,19.128000,20.452000,17.878000,20.452000,0.173143,0.826533,0.793770,2.926829,-0.298345,0.423467,0.000000,0.000000,0,1
1789802065.793885,5,17.956919,20.826211,-0.029469,19.128000,20.452000,17.878000,20.452000,0.173143,0.826533,0.793770,2.926829,-0.298345,0.423467,0.000000,0.000000,0,1
1789802065.893687,5,17.956919,20.826211,-0.029469,19.128000,20.452000,17.878000,20.452000,0.173143,0.826533,0.793770,2.926829,-0.298345,0.423467,0.000000,0.000000,0,1
1789802065.993685,5,17.956919,20.826211,-0.029469,19.128000,20.452000,17.878000,20.452000,0.173143,0.826533,0.793770,2.926829,-0.298345,0.423467,0.000000,0.000000,0,1
1789802066.093710,5,17.956919,20.826211,-0.029469,19.128000,20.452000,17.878000,20.452000,0.173143,0.826533,0.793770,2.926829,-0.298345,0.423467,0.000000,0.000000,0,1
1789802066.193702,5,17.956919,20.826211,-0.029469,19.128000,20.452000,17.878000,20.452000,0.173143,0.826533,0.793770,2.926829,-0.298345,0.423467,0.000000,0.000000,0,1
1789802066.293713,5,17.956919,20.826211,-0.029469,19.128000,20.452000,17.878000,20.452000,0.173143,0.826533,0.793770,2.926829,-0.298345,0.423467,0.000000,0.000000,0,1
1789802066.393751,5,17.956919,20.826211,-0.029469,19.128000,20.452000,17.878000,20.452000,0.173143,0.826533,0.793770,2.926829,-0.298345,0.423467,0.000000,0.000000,0,1
1789802066.493760,5,17.956919,20.826211,-0.029469,19.128000,20.452000,17.878000,20.452000,0.173143,0.826533,0.793770,2.926829,-0.298345,0.423467,0.000000,0.000000,0,1
1789802066.593740,5,17.956919,20.826211,-0.029469,19.128000,20.452000,17.878000,20.452000,0.173143,0.826533,0.793770,2.926829,-0.298345,0.423467,0.000000,0.000000,0,1
1789802066.693746,5,17.956919,20.826211,-0.029469,19.128000,20.452000,17.878000,20.452000,0.173143,0.826533,0.793770,2.926829,-0.298345,0.423467,0.000000,0.000000,0,1
1789802066.794217,5,17.956919,20.826211,-0.029469,19.128000,20.452000,17.878000,20.452000,0.173143,0.826533,0.793770,2.926829,-0.298345,0.423467,0.000000,0.000000,0,1
1789802066.893726,5,17.956919,20.826211,-0.029469,19.128000,20.452000,17.878000,20.452000,0.173143,0.826533,0.793770,2.926829,-0.298345,0.423467,0.000000,0.000000,0,1
1789802066.993751,5,17.956919,20.826211,-0.029469,19.128000,20.452000,17.878000,20.452000,0.173143,0.826533,0.793770,2.926829,-0.298345,0.423467,0.000000,0.000000,0,1
1789802067.093744,5,17.956919,20.826211,-0.029469,19.128000,20.452000,17.878000,20.452000,0.173143,0.826533,0.793770,2.926829,-0.298345,0.423467,0.000000,0.000000,0,1
1789802067.193743,5,17.956919,20.826211,-0.029469,19.128000,20.452000,17.878000,20.452000,0.173143,0.826533,0.793770,2.926829,-0.298345,0.423467,0.000000,0.000000,0,1
1789802067.293798,5,17.956919,20.826211,-0.029469,19.128000,20.452000,17.878000,20.452000,0.173143,0.826533,0.793770,2.926829,-0.298345,0.423467,0.000000,0.000000,0,1
1789802067.393861,5,17.956919,20.826211,-0.029469,19.128000,20.452000,17.878000,20.452000,0.173143,0.826533,0.793770,2.926829,-0.298345,0.423467,0.000000,0.000000,0,1
1789802067.493759,5,17.956919,20.826211,-0.029469,19.128000,20.452000,17.878000,20.452000,0.173143,0.826533,0.793770,2.926829,-0.298345,0.423467,0.000000,0.000000,0,1
1789802067.593771,5,17.956919,20.826211,-0.029469,19.128000,20.452000,17.878000,20.452000,0.173143,0.826533,0.793770,2.926829,-0.298345,0.423467,0.000000,0.000000,0,1
1789802067.693815,5,17.956919,20.826211,-0.029469,19.128000,20.452000,17.878000,20.452000,0.173143,0.826533,0.793770,2.926829,-0.298345,0.423467,0.000000,0.000000,0,1
1789802067.793820,5,17.956919,20.826211,-0.029469,19.128000,20.452000,17.878000,20.452000,0.173143,0.826533,0.793770,2.926829,-0.298345,0.423467,0.000000,0.000000,0,1
1789802067.893822,5,17.956919,20.826211,-0.029469,19.128000,20.452000,17.878000,20.452000,0.173143,0.826533,0.793770,2.926829,-0.298345,0.423467,0.000000,0.000000,0,1
1789802067.993830,5,17.956919,20.826211,-0.029469,19.128000,20.452000,17.878000,20.452000,0.173143,0.826533,0.793770,2.926829,-0.298345,0.423467,0.000000,0.000000,0,1
1789802068.093795,5,17.956919,20.826211,-0.029469,19.128000,20.452000,17.878000,20.452000,0.173143,0.826533,0.793770,2.926829,-0.298345,0.423467,0.000000,0.000000,0,1
1789802068.193811,5,17.956919,20.826211,-0.029469,19.128000,20.452000,17.878000,20.452000,0.173143,0.826533,0.793770,2.926829,-0.298345,0.423467,0.000000,0.000000,0,1
1789802068.293853,5,17.956919,20.826211,-0.029469,19.128000,20.452000,17.878000,20.452000,0.173143,0.826533,0.793770,2.926829,-0.298345,0.423467,0.000000,0.000000,0,1
1789802068.393886,5,17.956919,20.826211,-0.029469,19.128000,20.452000,17.878000,20.452000,0.173143,0.826533,0.793770,2.926829,-0.298345,0.423467,0.000000,0.000000,0,1
1789802068.493808,5,17.956919,20.826211,-0.029469,19.128000,20.452000,17.878000,20.452000,0.173143,0.826533,0.793770,2.926829,-0.298345,0.423467,0.000000,0.000000,0,1
1789802068.593849,5,17.956919,20.826211,-0.029469,19.128000,20.452000,17.878000,20.452000,0.173143,0.826533,0.793770,2.926829,-0.298345,0.423467,0.000000,0.000000,0,1
1789802068.693885,5,17.956919,20.826211,-0.029469,19.128000,20.452000,17.878000,20.452000,0.173143,0.826533,0.793770,2.926829,-0.298345,0.423467,0.000000,0.000000,0,1
1789802068.793831,5,17.956919,20.826211,-0.029469,19.128000,20.452000,17.878000,20.452000,0.173143,0.826533,0.793770,2.926829,-0.298345,0.423467,0.000000,0.000000,0,1
1789802068.893838,5,17.956919,20.826211,-0.029469,19.128000,20.452000,17.878000,20.452000,0.173143,0.826533,0.793770,2.926829,-0.298345,0.423467,0.000000,0.000000,0,1
1789802068.993944,5,17.956919,20.826211,-0.029469,19.128000,20.452000,17.878000,20.452000,0.173143,0.826533,0.793770,2.926829,-0.298345,0.423467,0.000000,0.000000,0,1
1789802069.094122,5,17.956919,20.826211,-0.029469,19.128000,20.452000,17.878000,20.452000,0.173143,0.826533,0.793770,2.926829,-0.298345,0.423467,0.000000,0.000000,0,1
1789802069.193851,5,17.956919,20.826211,-0.029469,19.128000,20.452000,17.878000,20.452000,0.173143,0.826533,0.793770,2.926829,-0.298345,0.423467,0.000000,0.000000,0,1
1789802069.293873,5,17.956919,20.826211,-0.029469,19.128000,20.452000,17.878000,20.452000,0.173143,0.826533,0.793770,2.926829,-0.298345,0.423467,0.000000,0.000000,0,1
1789802069.394077,5,17.956919,20.826211,-0.029469,19.128000,20.452000,17.878000,20.452000,0.173143,0.826533,0.793770,2.926829,-0.298345,0.423467,0.000000,0.000000,0,1
1789802069.493909,5,17.956919,20.826211,-0.029469,19.128000,20.452000,17.878000,20.452000,0.173143,0.826533,0.793770,2.926829,-0.298345,0.423467,0.000000,0.000000,0,1
1789802069.593912,5,17.956919,20.826211,-0.029469,19.128000,20.452000,17.878000,20.452000,0.173143,0.826533,0.793770,2.926829,-0.298345,0.423467,0.000000,0.000000,0,1
1789802069.693925,5,17.956919,20.826211,-0.029469,19.128000,20.452000,17.878000,20.452000,0.173143,0.826533,0.793770,2.926829,-0.298345,0.423467,0.000000,0.000000,0,1
1789802069.793880,5,17.956919,20.826211,-0.029469,19.128000,20.452000,17.878000,20.452000,0.173143,0.826533,0.793770,2.926829,-0.298345,0.423467,0.000000,0.000000,0,1
1789802069.893920,5,17.956919,20.826211,-0.029469,19.128000,20.452000,17.878000,20.452000,0.173143,0.826533,0.793770,2.926829,-0.298345,0.423467,0.000000,0.000000,0,1
1789802069.993911,5,17.956919,20.826211,-0.029469,19.128000,20.452000,17.878000,20.452000,0.173143,0.826533,0.793770,2.926829,-0.298345,0.423467,0.000000,0.000000,0,1
1789802070.093920,5,17.956919,20.826211,-0.029469,19.128000,20.452000,17.878000,20.452000,0.173143,0.826533,0.793770,2.926829,-0.298345,0.423467,0.000000,0.000000,0,1
1789802070.193904,5,17.956919,20.826211,-0.029469,19.128000,20.452000,17.878000,20.452000,0.173143,0.826533,0.793770,2.926829,-0.298345,0.423467,0.000000,0.000000,0,1
1789802070.293937,5,17.956919,20.826211,-0.029469,19.128000,20.452000,17.878000,20.452000,0.173143,0.826533,0.793770,2.926829,-0.298345,0.423467,0.000000,0.000000,0,1
1789802070.393980,5,17.956919,20.826211,-0.029469,19.128000,20.452000,17.878000,20.452000,0.173143,0.826533,0.793770,2.926829,-0.298345,0.423467,0.000000,0.000000,0,1
1789802070.493918,5,17.956919,20.826211,-0.029469,19.128000,20.452000,17.878000,20.452000,0.173143,0.826533,0.793770,2.926829,-0.298345,0.423467,0.000000,0.000000,0,1
1789802070.593934,5,17.956919,20.826211,-0.029469,19.128000,20.452000,17.878000,20.452000,0.173143,0.826533,0.793770,2.926829,-0.298345,0.423467,0.000000,0.000000,0,1
1789802070.693925,5,17.956919,20.826211,-0.029469,19.128000,20.452000,17.878000,20.452000,0.173143,0.826533,0.793770,2.926829,-0.298345,0.423467,0.000000,0.000000,0,1
1789802070.793935,5,17.956919,20.826211,-0.029469,19.128000,20.452000,17.878000,20.452000,0.173143,0.826533,0.793770,2.926829,-0.298345,0.423467,0.000000,0.000000,0,1
1789802070.893940,5,17.956919,20.826211,-0.029469,19.128000,20.452000,17.878000,20.452000,0.173143,0.826533,0.793770,2.926829,-0.298345,0.423467,0.000000,0.000000,0,1
1789802070.994092,5,17.956919,20.826211,-0.029469,19.128000,20.452000,17.878000,20.452000,0.173143,0.826533,0.793770,2.926829,-0.298345,0.423467,0.000000,0.000000,0,1
1789802071.093966,5,17.956919,20.826211,-0.029469,19.128000,20.452000,17.878000,20.452000,0.173143,0.826533,0.793770,2.926829,-0.298345,0.423467,0.000000,0.000000,0,1
1789802071.194807,5,17.956919,20.826211,-0.029469,19.128000,20.452000,17.878000,20.452000,0.173143,0.826533,0.793770,2.926829,-0.298345,0.423467,0.000000,0.000000,0,1
1789802071.294067,5,17.956919,20.826211,-0.029469,19.128000,20.452000,17.878000,20.452000,0.173143,0.826533,0.793770,2.926829,-0.298345,0.423467,0.000000,0.000000,0,1
1789802071.394268,5,17.956919,20.826211,-0.029469,19.128000,20.452000,17.878000,20.452000,0.173143,0.826533,0.793770,2.926829,-0.298345,0.423467,0.000000,0.000000,0,1
1789802071.494069,5,17.956919,20.826211,-0.029469,19.128000,20.452000,17.878000,20.452000,0.173143,0.826533,0.793770,2.926829,-0.298345,0.423467,0.000000,0.000000,0,1
1789802071.594037,5,17.956919,20.826211,-0.029469,19.128000,20.452000,17.878000,20.452000,0.173143,0.826533,0.793770,2.926829,-0.298345,0.423467,0.000000,0.000000,0,1
1789802071.696137,5,17.956919,20.826211,-0.029469,19.128000,20.452000,17.878000,20.452000,0.173143,0.826533,0.793770,2.926829,-0.298345,0.423467,0.000000,0.000000,0,1
1789802071.794226,5,17.956919,20.826211,-0.029469,19.128000,20.452000,17.878000,20.452000,0.173143,0.826533,0.793770,2.926829,-0.298345,0.423467,0.000000,0.000000,0,1
1789802071.894139,5,17.956919,20.826211,-0.029469,19.128000,20.452000,17.878000,20.452000,0.173143,0.826533,0.793770,2.926829,-0.298345,0.423467,0.000000,0.000000,0,1
1789802071.994114,5,17.956919,20.826211,-0.029469,19.128000,20.452000,17.878000,20.452000,0.173143,0.826533,0.793770,2.926829,-0.298345,0.423467,0.000000,0.000000,0,1
1789802072.094170,5,17.956919,20.826211,-0.029469,19.128000,20.452000,17.878000,20.452000,0.173143,0.826533,0.793770,2.926829,-0.298345,0.423467,0.000000,0.000000,0,1
1789802072.194054,5,17.956919,20.826211,-0.029469,19.128000,20.452000,17.878000,20.452000,0.173143,0.826533,0.793770,2.926829,-0.298345,0.423467,0.000000,0.000000,0,1
1789802072.294161,5,17.956919,20.826211,-0.029469,19.128000,20.452000,17.878000,20.452000,0.173143,0.826533,0.793770,2.926829,-0.298345,0.423467,0.000000,0.000000,0,1
1789802072.394153,5,17.956919,20.826211,-0.029469,19.128000,20.452000,17.878000,20.452000,0.173143,0.826533,0.793770,2.926829,-0.298345,0.423467,0.000000,0.000000,0,1
1789802072.494057,5,17.956919,20.826211,-0.029469,19.128000,20.452000,17.878000,20.452000,0.173143,0.826533,0.793770,2.926829,-0.298345,0.423467,0.000000,0.000000,0,1
1789802072.594119,5,17.956919,20.826211,-0.029469,19.128000,20.452000,17.878000,20.452000,0.173143,0.826533,0.793770,2.926829,-0.298345,0.423467,0.000000,0.000000,0,1
1789802072.695476,5,17.956919,20.826211,-0.029469,19.128000,20.452000,17.878000,20.452000,0.173143,0.826533,0.793770,2.926829,-0.298345,0.423467,0.000000,0.000000,0,1
1789802072.794160,5,17.956919,20.826211,-0.029469,19.128000,20.452000,17.878000,20.452000,0.173143,0.826533,0.793770,2.926829,-0.298345,0.423467,0.000000,0.000000,0,1
1789802072.894196,5,17.956919,20.826211,-0.029469,19.128000,20.452000,17.878000,20.452000,0.173143,0.826533,0.793770,2.926829,-0.298345,0.423467,0.000000,0.000000,0,1
1789802072.994078,5,17.956919,20.826211,-0.029469,19.128000,20.452000,17.878000,20.452000,0.173143,0.826533,0.793770,2.926829,-0.298345,0.423467,0.000000,0.000000,0,1
1789802073.095713,5,17.956919,20.826211,-0.029469,19.128000,20.452000,17.878000,20.452000,0.173143,0.826533,0.793770,2.926829,-0.298345,0.423467,0.000000,0.000000,0,1
1789802073.194166,5,17.956919,20.826211,-0.029469,19.128000,20.452000,17.878000,20.452000,0.173143,0.826533,0.793770,2.926829,-0.298345,0.423467,0.000000,0.000000,0,1
1789802073.294142,5,17.956919,20.826211,-0.029469,19.128000,20.452000,17.878000,20.452000,0.173143,0.826533,0.793770,2.926829,-0.298345,0.423467,0.000000,0.000000,0,1
1789802073.394128,5,17.956919,20.826211,-0.029469,19.128000,20.452000,17.878000,20.452000,0.173143,0.826533,0.793770,2.926829,-0.298345,0.423467,0.000000,0.000000,0,1
1789802073.494128,5,17.956919,20.826211,-0.029469,19.128000,20.452000,17.878000,20.452000,0.173143,0.826533,0.793770,2.926829,-0.298345,0.423467,0.000000,0.000000,0,1
1789802073.594303,5,17.956919,20.826211,-0.029469,19.128000,20.452000,17.878000,20.452000,0.173143,0.826533,0.793770,2.926829,-0.298345,0.423467,0.000000,0.000000,0,1
1789802073.694201,5,17.956919,20.826211,-0.029469,19.128000,20.452000,17.878000,20.452000,0.173143,0.826533,0.793770,2.926829,-0.298345,0.423467,0.000000,0.000000,0,1
1789802073.794122,5,17.956919,20.826211,-0.029469,19.128000,20.452000,17.878000,20.452000,0.173143,0.826533,0.793770,2.926829,-0.298345,0.423467,0.000000,0.000000,0,1
1789802073.894169,5,17.956919,20.826211,-0.029469,19.128000,20.452000,17.878000,20.452000,0.173143,0.826533,0.793770,2.926829,-0.298345,0.423467,0.000000,0.000000,0,1
1789802073.994169,5,17.956919,20.826211,-0.029469,19.128000,20.452000,17.878000,20.452000,0.173143,0.826533,0.793770,2.926829,-0.298345,0.423467,0.000000,0.000000,0,1
1789802074.094173,5,17.956919,20.826211,-0.029469,19.128000,20.452000,17.878000,20.452000,0.173143,0.826533,0.793770,2.926829,-0.298345,0.423467,0.000000,0.000000,0,1
1789802074.194162,5,17.956919,20.826211,-0.029469,19.128000,20.452000,17.878000,20.452000,0.173143,0.826533,0.793770,2.926829,-0.298345,0.423467,0.000000,0.000000,0,1
1789802074.294202,5,17.956919,20.826211,-0.029469,19.128000,20.452000,17.878000,20.452000,0.173143,0.826533,0.793770,2.926829,-0.298345,0.423467,0.000000,0.000000,0,1
1789802074.394183,5,17.956919,20.826211,-0.029469,19.128000,20.452000,17.878000,20.452000,0.173143,0.826533,0.793770,2.926829,-0.298345,0.423467,0.000000,0.000000,0,1
1789802074.494331,5,17.956919,20.826211,-0.029469,19.128000,20.452000,17.878000,20.452000,0.173143,0.826533,0.793770,2.926829,-0.298345,0.423467,0.000000,0.000000,0,1
1789802074.594217,5,17.956919,20.826211,-0.029469,19.128000,20.452000,17.878000,20.452000,0.173143,0.826533,0.793770,2.926829,-0.298345,0.423467,0.000000,0.000000,0,1
1789802074.694188,5,17.956919,20.826211,-0.029469,19.128000,20.452000,17.878000,20.452000,0.173143,0.826533,0.793770,2.926829,-0.298345,0.423467,0.000000,0.000000,0,1
1789802074.794258,5,17.956919,20.826211,-0.029469,19.128000,20.452000,17.878000,20.452000,0.173143,0.826533,0.793770,2.926829,-0.298345,0.423467,0.000000,0.000000,0,1
1789802074.894169,5,17.956919,20.826211,-0.029469,19.128000,20.452000,17.878000,20.452000,0.173143,0.826533,0.793770,2.926829,-0.298345,0.423467,0.000000,0.000000,0,1
1789802074.994187,5,17.956919,20.826211,-0.029469,19.128000,20.452000,17.878000,20.452000,0.173143,0.826533,0.793770,2.926829,-0.298345,0.423467,0.000000,0.000000,0,1
1789802075.094192,5,17.956919,20.826211,-0.029469,19.128000,20.452000,17.878000,20.452000,0.173143,0.826533,0.793770,2.926829,-0.298345,0.423467,0.000000,0.000000,0,1
1789802075.194246,5,17.956919,20.826211,-0.029469,19.128000,20.452000,17.878000,20.452000,0.173143,0.826533,0.793770,2.926829,-0.298345,0.423467,0.000000,0.000000,0,1
1789802075.294228,5,17.956919,20.826211,-0.029469,19.128000,20.452000,17.878000,20.452000,0.173143,0.826533,0.793770,2.926829,-0.298345,0.423467,0.000000,0.000000,0,1
1789802075.394212,5,17.956919,20.826211,-0.029469,19.128000,20.452000,17.878000,20.452000,0.173143,0.826533,0.793770,2.926829,-0.298345,0.423467,0.000000,0.000000,0,1
1789802075.494216,5,17.956919,20.826211,-0.029469,19.128000,20.452000,17.878000,20.452000,0.173143,0.826533,0.793770,2.926829,-0.298345,0.423467,0.000000,0.000000,0,1
1789802075.594256,5,17.956919,20.826211,-0.029469,19.128000,20.452000,17.878000,20.452000,0.173143,0.826533,0.793770,2.926829,-0.298345,0.423467,0.000000,0.000000,0,1
1789802075.694234,5,17.956919,20.826211,-0.029469,19.128000,20.452000,17.878000,20.452000,0.173143,0.826533,0.793770,2.926829,-0.298345,0.423467,0.000000,0.000000,0,1
1789802075.797333,5,17.956919,20.826211,-0.029469,19.128000,20.452000,17.878000,20.452000,0.173143,0.826533,0.793770,2.926829,-0.298345,0.423467,0.000000,0.000000,0,1
1789802075.894207,5,17.956919,20.826211,-0.029469,19.128000,20.452000,17.878000,20.452000,0.173143,0.826533,0.793770,2.926829,-0.298345,0.423467,0.000000,0.000000,0,1
1789802075.997506,5,17.956919,20.826211,-0.029469,19.128000,20.452000,17.878000,20.452000,0.173143,0.826533,0.793770,2.926829,-0.298345,0.423467,0.000000,0.000000,0,1
1789802076.094242,5,17.956919,20.826211,-0.029469,19.128000,20.452000,17.878000,20.452000,0.173143,0.826533,0.793770,2.926829,-0.298345,0.423467,0.000000,0.000000,0,1
1789802076.194220,5,17.956919,20.826211,-0.029469,19.128000,20.452000,17.878000,20.452000,0.173143,0.826533,0.793770,2.926829,-0.298345,0.423467,0.000000,0.000000,0,1
1789802076.294248,5,17.956919,20.826211,-0.029469,19.128000,20.452000,17.878000,20.452000,0.173143,0.826533,0.793770,2.926829,-0.298345,0.423467,0.000000,0.000000,0,1
1789802076.394315,5,17.956919,20.826211,-0.029469,19.128000,20.452000,17.878000,20.452000,0.173143,0.826533,0.793770,2.926829,-0.298345,0.423467,0.000000,0.000000,0,1
1789802076.494331,5,17.956919,20.826211,-0.029469,19.128000,20.452000,17.878000,20.452000,0.173143,0.826533,0.793770,2.926829,-0.298345,0.423467,0.000000,0.000000,0,1
1789802076.594362,5,17.956919,20.826211,-0.029469,19.128000,20.452000,17.878000,20.452000,0.173143,0.826533,0.793770,2.926829,-0.298345,0.423467,0.000000,0.000000,0,1
1789802076.694238,5,17.956919,20.826211,-0.029469,19.128000,20.452000,17.878000,20.452000,0.173143,0.826533,0.793770,2.926829,-0.298345,0.423467,0.000000,0.000000,0,1
1789802076.794274,5,17.956919,20.826211,-0.029469,19.128000,20.452000,17.878000,20.452000,0.173143,0.826533,0.793770,2.926829,-0.298345,0.423467,0.000000,0.000000,0,1
1789802076.894285,5,17.956919,20.826211,-0.029469,19.128000,20.452000,17.878000,20.452000,0.173143,0.826533,0.793770,2.926829,-0.298345,0.423467,0.000000,0.000000,0,1
1789802076.994320,5,17.956919,20.826211,-0.029469,19.128000,20.452000,17.878000,20.452000,0.173143,0.826533,0.793770,2.926829,-0.298345,0.423467,0.000000,0.000000,0,1
1789802077.094305,5,17.956919,20.826211,-0.029469,19.128000,20.452000,17.878000,20.452000,0.173143,0.826533,0.793770,2.926829,-0.298345,0.423467,0.000000,0.000000,0,1
1789802077.194247,5,17.956919,20.826211,-0.029469,19.128000,20.452000,17.878000,20.452000,0.173143,0.826533,0.793770,2.926829,-0.298345,0.423467,0.000000,0.000000,0,1
1789802077.294351,5,17.956919,20.826211,-0.029469,19.128000,20.452000,17.878000,20.452000,0.173143,0.826533,0.793770,2.926829,-0.298345,0.423467,0.000000,0.000000,0,1
1789802077.394323,5,17.956919,20.826211,-0.029469,19.128000,20.452000,17.878000,20.452000,0.173143,0.826533,0.793770,2.926829,-0.298345,0.423467,0.000000,0.000000,0,1
1789802077.494326,5,17.956919,20.826211,-0.029469,19.128000,20.452000,17.878000,20.452000,0.173143,0.826533,0.793770,2.926829,-0.298345,0.423467,0.000000,0.000000,0,1
1789802077.594365,5,17.956919,20.826211,-0.029469,19.128000,20.452000,17.878000,20.452000,0.173143,0.826533,0.793770,2.926829,-0.298345,0.423467,0.000000,0.000000,0,1
1789802077.697605,5,17.956919,20.826211,-0.029469,19.128000,20.452000,17.878000,20.452000,0.173143,0.826533,0.793770,2.926829,-0.298345,0.423467,0.000000,0.000000,0,1
1789802077.794319,5,17.956919,20.826211,-0.029469,19.128000,20.452000,17.878000,20.452000,0.173143,0.826533,0.793770,2.926829,-0.298345,0.423467,0.000000,0.000000,0,1
1789802077.894347,5,17.956919,20.826211,-0.029469,19.128000,20.452000,17.878000,20.452000,0.173143,0.826533,0.793770,2.926829,-0.298345,0.423467,0.000000,0.000000,0,1
1789802077.994405,5,17.956919,20.826211,-0.029469,19.128000,20.452000,17.878000,20.452000,0.173143,0.826533,0.793770,2.926829,-0.298345,0.423467,0.000000,0.000000,0,1
1789802078.094323,5,17.956919,20.826211,-0.029469,19.128000,20.452000,17.878000,20.452000,0.173143,0.826533,0.793770,2.926829,-0.298345,0.423467,0.000000,0.000000,0,1
1789802078.194360,5,17.956919,20.826211,-0.029469,19.128000,20.452000,17.878000,20.452000,0.173143,0.826533,0.793770,2.926829,-0.298345,0.423467,0.000000,0.000000,0,1
1789802078.294381,5,17.956919,20.826211,-0.029469,19.128000,20.452000,17.878000,20.452000,0.173143,0.826533,0.793770,2.926829,-0.298345,0.423467,0.000000,0.000000,0,1
1789802078.394375,5,17.956919,20.826211,-0.029469,19.128000,20.452000,17.878000,20.452000,0.173143,0.826533,0.793770,2.926829,-0.298345,0.423467,0.000000,0.000000,0,1
1789802078.494328,5,17.956919,20.826211,-0.029469,19.128000,20.452000,17.878000,20.452000,0.173143,0.826533,0.793770,2.926829,-0.298345,0.423467,0.000000,0.000000,0,1
1789802078.594390,5,17.956919,20.826211,-0.029469,19.128000,20.452000,17.878000,20.452000,0.173143,0.826533,0.793770,2.926829,-0.298345,0.423467,0.000000,0.000000,0,1
1789802078.694505,5,17.956919,20.826211,-0.029469,19.128000,20.452000,17.878000,20.452000,0.173143,0.826533,0.793770,2.926829,-0.298345,0.423467,0.000000,0.000000,0,1
1789802078.794416,5,17.956919,20.826211,-0.029469,19.128000,20.452000,17.878000,20.452000,0.173143,0.826533,0.793770,2.926829,-0.298345,0.423467,0.000000,0.000000,0,1
1789802078.894295,5,17.956919,20.826211,-0.029469,19.128000,20.452000,17.878000,20.452000,0.173143,0.826533,0.793770,2.926829,-0.298345,0.423467,0.000000,0.000000,0,1
1789802078.994375,5,17.956919,20.826211,-0.029469,19.128000,20.452000,17.878000,20.452000,0.173143,0.826533,0.793770,2.926829,-0.298345,0.423467,0.000000,0.000000,0,1
1789802079.094379,5,17.956919,20.826211,-0.029469,19.128000,20.452000,17.878000,20.452000,0.173143,0.826533,0.793770,2.926829,-0.298345,0.423467,0.000000,0.000000,0,1
1789802079.194388,5,17.956919,20.826211,-0.029469,19.128000,20.452000,17.878000,20.452000,0.173143,0.826533,0.793770,2.926829,-0.298345,0.423467,0.000000,0.000000,0,1
1789802079.294619,5,17.956919,20.826211,-0.029469,19.128000,20.452000,17.878000,20.452000,0.173143,0.826533,0.793770,2.926829,-0.298345,0.423467,0.000000,0.000000,0,1
1789802079.394396,5,17.956919,20.826211,-0.029469,19.128000,20.452000,17.878000,20.452000,0.173143,0.826533,0.793770,2.926829,-0.298345,0.423467,0.000000,0.000000,0,1
1789802079.494370,5,17.956919,20.826211,-0.029469,19.128000,20.452000,17.878000,20.452000,0.173143,0.826533,0.793770,2.926829,-0.298345,0.423467,0.000000,0.000000,0,1
1789802079.594454,5,17.956919,20.826211,-0.029469,19.128000,20.452000,17.878000,20.452000,0.173143,0.826533,0.793770,2.926829,-0.298345,0.423467,0.000000,0.000000,0,1
1789802079.694452,5,17.956919,20.826211,-0.029469,19.128000,20.452000,17.878000,20.452000,0.173143,0.826533,0.793770,2.926829,-0.298345,0.423467,0.000000,0.000000,0,1
1789802079.794421,5,17.956919,20.826211,-0.029469,19.128000,20.452000,17.878000,20.452000,0.173143,0.826533,0.793770,2.926829,-0.298345,0.423467,0.000000,0.000000,0,1
1789802079.894415,5,17.956919,20.826211,-0.029469,19.128000,20.452000,17.878000,20.452000,0.173143,0.826533,0.793770,2.926829,-0.298345,0.423467,0.000000,0.000000,0,1
1789802079.994408,5,17.956919,20.826211,-0.029469,19.128000,20.452000,17.878000,20.452000,0.173143,0.826533,0.793770,2.926829,-0.298345,0.423467,0.000000,0.000000,0,1
1789802080.094437,5,17.956919,20.826211,-0.029469,19.128000,20.452000,17.878000,20.452000,0.173143,0.826533,0.793770,2.926829,-0.298345,0.423467,0.000000,0.000000,0,1
1789802080.194412,5,17.956919,20.826211,-0.029469,19.128000,20.452000,17.878000,20.452000,0.173143,0.826533,0.793770,2.926829,-0.298345,0.423467,0.000000,0.000000,0,1
1789802080.294427,5,17.956919,20.826211,-0.029469,19.128000,20.452000,17.878000,20.452000,0.173143,0.826533,0.793770,2.926829,-0.298345,0.423467,0.000000,0.000000,0,1
1789802080.394514,5,17.956919,20.826211,-0.029469,19.128000,20.452000,17.878000,20.452000,0.173143,0.826533,0.793770,2.926829,-0.298345,0.423467,0.000000,0.000000,0,1
1789802080.494462,5,17.956919,20.826211,-0.029469,19.128000,20.452000,17.878000,20.452000,0.173143,0.826533,0.793770,2.926829,-0.298345,0.423467,0.000000,0.000000,0,1
1789802080.596416,5,17.956919,20.826211,-0.029469,19.128000,20.452000,17.878000,20.452000,0.173143,0.826533,0.793770,2.926829,-0.298345,0.423467,0.000000,0.000000,0,1
1789802080.694500,5,17.956919,20.826211,-0.029469,19.128000,20.452000,17.878000,20.452000,0.173143,0.826533,0.793770,2.926829,-0.298345,0.423467,0.000000,0.000000,0,1
1789802080.794492,5,17.956919,20.826211,-0.029469,19.128000,20.452000,17.878000,20.452000,0.173143,0.826533,0.793770,2.926829,-0.298345,0.423467,0.000000,0.000000,0,1
1789802080.894460,5,17.956919,20.826211,-0.029469,19.128000,20.452000,17.878000,20.452000,0.173143,0.826533,0.793770,2.926829,-0.298345,0.423467,0.000000,0.000000,0,1
1789802080.994477,5,17.956919,20.826211,-0.029469,19.128000,20.452000,17.878000,20.452000,0.173143,0.826533,0.793770,2.926829,-0.298345,0.423467,0.000000,0.000000,0,1
1789802081.095552,5,17.956919,20.826211,-0.029469,19.128000,20.452000,17.878000,20.452000,0.173143,0.826533,0.793770,2.926829,-0.298345,0.423467,0.000000,0.000000,0,1
1789802081.194494,5,17.956919,20.826211,-0.029469,19.128000,20.452000,17.878000,20.452000,0.173143,0.826533,0.793770,2.926829,-0.298345,0.423467,0.000000,0.000000,0,1
1789802081.294644,5,17.956919,20.826211,-0.029469,19.128000,20.452000,17.878000,20.452000,0.173143,0.826533,0.793770,2.926829,-0.298345,0.423467,0.000000,0.000000,0,1
1789802081.394548,5,17.956919,20.826211,-0.029469,19.128000,20.452000,17.878000,20.452000,0.173143,0.826533,0.793770,2.926829,-0.298345,0.423467,0.000000,0.000000,0,1
1789802081.494519,5,17.956919,20.826211,-0.029469,19.128000,20.452000,17.878000,20.452000,0.173143,0.826533,0.793770,2.926829,-0.298345,0.423467,0.000000,0.000000,0,1
1789802081.594498,5,17.956919,20.826211,-0.029469,19.128000,20.452000,17.878000,20.452000,0.173143,0.826533,0.793770,2.926829,-0.298345,0.423467,0.000000,0.000000,0,1
1789802081.694591,5,17.956919,20.826211,-0.029469,19.128000,20.452000,17.878000,20.452000,0.173143,0.826533,0.793770,2.926829,-0.298345,0.423467,0.000000,0.000000,0,1
1789802081.798412,5,17.956919,20.826211,-0.029469,19.128000,20.452000,17.878000,20.452000,0.173143,0.826533,0.793770,2.926829,-0.298345,0.423467,0.000000,0.000000,0,1
1789802081.895803,5,17.956919,20.826211,-0.029469,19.128000,20.452000,17.878000,20.452000,0.173143,0.826533,0.793770,2.926829,-0.298345,0.423467,0.000000,0.000000,0,1
1789802081.994519,5,17.956919,20.826211,-0.029469,19.128000,20.452000,17.878000,20.452000,0.173143,0.826533,0.793770,2.926829,-0.298345,0.423467,0.000000,0.000000,0,1
1789802082.094615,5,17.956919,20.826211,-0.029469,19.128000,20.452000,17.878000,20.452000,0.173143,0.826533,0.793770,2.926829,-0.298345,0.423467,0.000000,0.000000,0,1
1789802082.194561,5,17.956919,20.826211,-0.029469,19.128000,20.452000,17.878000,20.452000,0.173143,0.826533,0.793770,2.926829,-0.298345,0.423467,0.000000,0.000000,0,1
1789802082.294532,5,17.956919,20.826211,-0.029469,19.128000,20.452000,17.878000,20.452000,0.173143,0.826533,0.793770,2.926829,-0.298345,0.423467,0.000000,0.000000,0,1
1789802082.394540,5,17.956919,20.826211,-0.029469,19.128000,20.452000,17.878000,20.452000,0.173143,0.826533,0.793770,2.926829,-0.298345,0.423467,0.000000,0.000000,0,1
1789802082.495035,5,17.956919,20.826211,-0.029469,19.128000,20.452000,17.878000,20.452000,0.173143,0.826533,0.793770,2.926829,-0.298345,0.423467,0.000000,0.000000,0,1
1789802082.594563,5,17.956919,20.826211,-0.029469,19.128000,20.452000,17.878000,20.452000,0.173143,0.826533,0.793770,2.926829,-0.298345,0.423467,0.000000,0.000000,0,1
1789802082.694555,5,17.956919,20.826211,-0.029469,19.128000,20.452000,17.878000,20.452000,0.173143,0.826533,0.793770,2.926829,-0.298345,0.423467,0.000000,0.000000,0,1
1789802082.794552,5,17.956919,20.826211,-0.029469,19.128000,20.452000,17.878000,20.452000,0.173143,0.826533,0.793770,2.926829,-0.298345,0.423467,0.000000,0.000000,0,1
1789802082.900178,5,17.956919,20.826211,-0.029469,19.128000,20.452000,17.878000,20.452000,0.173143,0.826533,0.793770,2.926829,-0.298345,0.423467,0.000000,0.000000,0,1
1789802082.994633,5,17.956919,20.826211,-0.029469,19.128000,20.452000,17.878000,20.452000,0.173143,0.826533,0.793770,2.926829,-0.298345,0.423467,0.000000,0.000000,0,1
1789802083.094587,5,17.956919,20.826211,-0.029469,19.128000,20.452000,17.878000,20.452000,0.173143,0.826533,0.793770,2.926829,-0.298345,0.423467,0.000000,0.000000,0,1
1789802083.194859,5,17.956919,20.826211,-0.029469,19.128000,20.452000,17.878000,20.452000,0.173143,0.826533,0.793770,2.926829,-0.298345,0.423467,0.000000,0.000000,0,1
1789802083.295253,5,17.956919,20.826211,-0.029469,19.128000,20.452000,17.878000,20.452000,0.173143,0.826533,0.793770,2.926829,-0.298345,0.423467,0.000000,0.000000,0,1
1789802083.394594,5,17.956919,20.826211,-0.029469,19.128000,20.452000,17.878000,20.452000,0.173143,0.826533,0.793770,2.926829,-0.298345,0.423467,0.000000,0.000000,0,1
1789802083.494608,5,17.956919,20.826211,-0.029469,19.128000,20.452000,17.878000,20.452000,0.173143,0.826533,0.793770,2.926829,-0.298345,0.423467,0.000000,0.000000,0,1
1789802083.594601,5,17.956919,20.826211,-0.029469,19.128000,20.452000,17.878000,20.452000,0.173143,0.826533,0.793770,2.926829,-0.298345,0.423467,0.000000,0.000000,0,1
1789802083.694637,5,17.956919,20.826211,-0.029469,19.128000,20.452000,17.878000,20.452000,0.173143,0.826533,0.793770,2.926829,-0.298345,0.423467,0.000000,0.000000,0,1
1789802083.794642,5,17.956919,20.826211,-0.029469,19.128000,20.452000,17.878000,20.452000,0.173143,0.826533,0.793770,2.926829,-0.298345,0.423467,0.000000,0.000000,0,1
1789802083.894588,5,17.956919,20.826211,-0.029469,19.128000,20.452000,17.878000,20.452000,0.173143,0.826533,0.793770,2.926829,-0.298345,0.423467,0.000000,0.000000,0,1
1789802083.994762,5,17.956919,20.826211,-0.029469,19.128000,20.452000,17.878000,20.452000,0.173143,0.826533,0.793770,2.926829,-0.298345,0.423467,0.000000,0.000000,0,1
1789802084.095780,5,17.956919,20.826211,-0.029469,19.128000,20.452000,17.878000,20.452000,0.173143,0.826533,0.793770,2.926829,-0.298345,0.423467,0.000000,0.000000,0,1
1789802084.194623,5,17.956919,20.826211,-0.029469,19.128000,20.452000,17.878000,20.452000,0.173143,0.826533,0.793770,2.926829,-0.298345,0.423467,0.000000,0.000000,0,1
1789802084.294673,5,17.956919,20.826211,-0.029469,19.128000,20.452000,17.878000,20.452000,0.173143,0.826533,0.793770,2.926829,-0.298345,0.423467,0.000000,0.000000,0,1
1789802084.400450,5,17.956919,20.826211,-0.029469,19.128000,20.452000,17.878000,20.452000,0.173143,0.826533,0.793770,2.926829,-0.298345,0.423467,0.000000,0.000000,0,1
1789802084.494737,5,17.956919,20.826211,-0.029469,19.128000,20.452000,17.878000,20.452000,0.173143,0.826533,0.793770,2.926829,-0.298345,0.423467,0.000000,0.000000,0,1
1789802084.594931,5,17.956919,20.826211,-0.029469,19.128000,20.452000,17.878000,20.452000,0.173143,0.826533,0.793770,2.926829,-0.298345,0.423467,0.000000,0.000000,0,1
1789802084.694679,5,17.956919,20.826211,-0.029469,19.128000,20.452000,17.878000,20.452000,0.173143,0.826533,0.793770,2.926829,-0.298345,0.423467,0.000000,0.000000,0,1
1789802084.794641,5,17.956919,20.826211,-0.029469,19.128000,20.452000,17.878000,20.452000,0.173143,0.826533,0.793770,2.926829,-0.298345,0.423467,0.000000,0.000000,0,1
1789802084.894662,5,17.956919,20.826211,-0.029469,19.128000,20.452000,17.878000,20.452000,0.173143,0.826533,0.793770,2.926829,-0.298345,0.423467,0.000000,0.000000,0,1
1789802084.994686,5,17.956919,20.826211,-0.029469,19.128000,20.452000,17.878000,20.452000,0.173143,0.826533,0.793770,2.926829,-0.298345,0.423467,0.000000,0.000000,0,1
1789802085.094656,5,17.956919,20.826211,-0.029469,19.128000,20.452000,17.878000,20.452000,0.173143,0.826533,0.793770,2.926829,-0.298345,0.423467,0.000000,0.000000,0,1
1789802085.194697,5,17.956919,20.826211,-0.029469,19.128000,20.452000,17.878000,20.452000,0.173143,0.826533,0.793770,2.926829,-0.298345,0.423467,0.000000,0.000000,0,1
1789802085.294704,5,17.956919,20.826211,-0.029469,19.128000,20.452000,17.878000,20.452000,0.173143,0.826533,0.793770,2.926829,-0.298345,0.423467,0.000000,0.000000,0,1
1789802085.394679,5,17.956919,20.826211,-0.029469,19.128000,20.452000,17.878000,20.452000,0.173143,0.826533,0.793770,2.926829,-0.298345,0.423467,0.000000,0.000000,0,1
1789802085.495277,5,17.956919,20.826211,-0.029469,19.128000,20.452000,17.878000,20.452000,0.173143,0.826533,0.793770,2.926829,-0.298345,0.423467,0.000000,0.000000,0,1
1789802085.594737,5,17.956919,20.826211,-0.029469,19.128000,20.452000,17.878000,20.452000,0.173143,0.826533,0.793770,2.926829,-0.298345,0.423467,0.000000,0.000000,0,1
1789802085.695274,5,17.956919,20.826211,-0.029469,19.128000,20.452000,17.878000,20.452000,0.173143,0.826533,0.793770,2.926829,-0.298345,0.423467,0.000000,0.000000,0,1
1789802085.794719,5,17.956919,20.826211,-0.029469,19.128000,20.452000,17.878000,20.452000,0.173143,0.826533,0.793770,2.926829,-0.298345,0.423467,0.000000,0.000000,0,1
1789802085.894672,5,17.956919,20.826211,-0.029469,19.128000,20.452000,17.878000,20.452000,0.173143,0.826533,0.793770,2.926829,-0.298345,0.423467,0.000000,0.000000,0,1
1789802085.994758,5,17.956919,20.826211,-0.029469,19.128000,20.452000,17.878000,20.452000,0.173143,0.826533,0.793770,2.926829,-0.298345,0.423467,0.000000,0.000000,0,1
1789802086.094722,5,17.956919,20.826211,-0.029469,19.128000,20.452000,17.878000,20.452000,0.173143,0.826533,0.793770,2.926829,-0.298345,0.423467,0.000000,0.000000,0,1
1789802086.194719,5,17.956919,20.826211,-0.029469,19.128000,20.452000,17.878000,20.452000,0.173143,0.826533,0.793770,2.926829,-0.298345,0.423467,0.000000,0.000000,0,1
1789802086.294709,5,17.956919,20.826211,-0.029469,19.128000,20.452000,17.878000,20.452000,0.173143,0.826533,0.793770,2.926829,-0.298345,0.423467,0.000000,0.000000,0,1
1789802086.394727,5,17.956919,20.826211,-0.029469,19.128000,20.452000,17.878000,20.452000,0.173143,0.826533,0.793770,2.926829,-0.298345,0.423467,0.000000,0.000000,0,1
1789802086.494712,5,17.956919,20.826211,-0.029469,19.128000,20.452000,17.878000,20.452000,0.173143,0.826533,0.793770,2.926829,-0.298345,0.423467,0.000000,0.000000,0,1
1789802086.594778,5,17.956919,20.826211,-0.029469,19.128000,20.452000,17.878000,20.452000,0.173143,0.826533,0.793770,2.926829,-0.298345,0.423467,0.000000,0.000000,0,1
1789802086.698383,5,17.956919,20.826211,-0.029469,19.128000,20.452000,17.878000,20.452000,0.173143,0.826533,0.793770,2.926829,-0.298345,0.423467,0.000000,0.000000,0,1
1789802086.797721,5,17.956919,20.826211,-0.029469,19.128000,20.452000,17.878000,20.452000,0.173143,0.826533,0.793770,2.926829,-0.298345,0.423467,0.000000,0.000000,0,1
1789802086.894780,5,17.956919,20.826211,-0.029469,19.128000,20.452000,17.878000,20.452000,0.173143,0.826533,0.793770,2.926829,-0.298345,0.423467,0.000000,0.000000,0,1
1789802086.994972,5,17.956919,20.826211,-0.029469,19.128000,20.452000,17.878000,20.452000,0.173143,0.826533,0.793770,2.926829,-0.298345,0.423467,0.000000,0.000000,0,1
1789802087.094792,5,17.956919,20.826211,-0.029469,19.128000,20.452000,17.878000,20.452000,0.173143,0.826533,0.793770,2.926829,-0.298345,0.423467,0.000000,0.000000,0,1
1789802087.195407,5,17.956919,20.826211,-0.029469,19.128000,20.452000,17.878000,20.452000,0.173143,0.826533,0.793770,2.926829,-0.298345,0.423467,0.000000,0.000000,0,1
1789802087.294775,5,17.956919,20.826211,-0.029469,19.128000,20.452000,17.878000,20.452000,0.173143,0.826533,0.793770,2.926829,-0.298345,0.423467,0.000000,0.000000,0,1
1789802087.394781,5,17.956919,20.826211,-0.029469,19.128000,20.452000,17.878000,20.452000,0.173143,0.826533,0.793770,2.926829,-0.298345,0.423467,0.000000,0.000000,0,1
1789802087.494859,5,17.956919,20.826211,-0.029469,19.128000,20.452000,17.878000,20.452000,0.173143,0.826533,0.793770,2.926829,-0.298345,0.423467,0.000000,0.000000,0,1
1789802087.594813,5,17.956919,20.826211,-0.029469,19.128000,20.452000,17.878000,20.452000,0.173143,0.826533,0.793770,2.926829,-0.298345,0.423467,0.000000,0.000000,0,1
1789802087.694824,5,17.956919,20.826211,-0.029469,19.128000,20.452000,17.878000,20.452000,0.173143,0.826533,0.793770,2.926829,-0.298345,0.423467,0.000000,0.000000,0,1
1789802087.794804,5,17.956919,20.826211,-0.029469,19.128000,20.452000,17.878000,20.452000,0.173143,0.826533,0.793770,2.926829,-0.298345,0.423467,0.000000,0.000000,0,1
1789802087.894823,5,17.956919,20.826211,-0.029469,19.128000,20.452000,17.878000,20.452000,0.173143,0.826533,0.793770,2.926829,-0.298345,0.423467,0.000000,0.000000,0,1
1789802087.994896,5,17.956919,20.826211,-0.029469,19.128000,20.452000,17.878000,20.452000,0.173143,0.826533,0.793770,2.926829,-0.298345,0.423467,0.000000,0.000000,0,1
1789802088.094831,5,17.956919,20.826211,-0.029469,19.128000,20.452000,17.878000,20.452000,0.173143,0.826533,0.793770,2.926829,-0.298345,0.423467,0.000000,0.000000,0,1
1789802088.194900,5,17.956919,20.826211,-0.029469,19.128000,20.452000,17.878000,20.452000,0.173143,0.826533,0.793770,2.926829,-0.298345,0.423467,0.000000,0.000000,0,1
1789802088.294867,5,17.956919,20.826211,-0.029469,19.128000,20.452000,17.878000,20.452000,0.173143,0.826533,0.793770,2.926829,-0.298345,0.423467,0.000000,0.000000,0,1
1789802088.394822,5,17.956919,20.826211,-0.029469,19.128000,20.452000,17.878000,20.452000,0.173143,0.826533,0.793770,2.926829,-0.298345,0.423467,0.000000,0.000000,0,1
1789802088.494867,5,17.956919,20.826211,-0.029469,19.128000,20.452000,17.878000,20.452000,0.173143,0.826533,0.793770,2.926829,-0.298345,0.423467,0.000000,0.000000,0,1
1789802088.594837,5,17.956919,20.826211,-0.029469,19.128000,20.452000,17.878000,20.452000,0.173143,0.826533,0.793770,2.926829,-0.298345,0.423467,0.000000,0.000000,0,1
1789802088.694927,5,17.956919,20.826211,-0.029469,19.128000,20.452000,17.878000,20.452000,0.173143,0.826533,0.793770,2.926829,-0.298345,0.423467,0.000000,0.000000,0,1
1789802088.799642,5,17.956919,20.826211,-0.029469,19.128000,20.452000,17.878000,20.452000,0.173143,0.826533,0.793770,2.926829,-0.298345,0.423467,0.000000,0.000000,0,1
1789802088.894885,5,17.956919,20.826211,-0.029469,19.128000,20.452000,17.878000,20.452000,0.173143,0.826533,0.793770,2.926829,-0.298345,0.423467,0.000000,0.000000,0,1
1789802088.994875,5,17.956919,20.826211,-0.029469,19.128000,20.452000,17.878000,20.452000,0.173143,0.826533,0.793770,2.926829,-0.298345,0.423467,0.000000,0.000000,0,1
1789802089.094918,5,17.956919,20.826211,-0.029469,19.128000,20.452000,17.878000,20.452000,0.173143,0.826533,0.793770,2.926829,-0.298345,0.423467,0.000000,0.000000,0,1
1789802089.194862,5,17.956919,20.826211,-0.029469,19.128000,20.452000,17.878000,20.452000,0.173143,0.826533,0.793770,2.926829,-0.298345,0.423467,0.000000,0.000000,0,1
1789802089.294893,5,17.956919,20.826211,-0.029469,19.128000,20.452000,17.878000,20.452000,0.173143,0.826533,0.793770,2.926829,-0.298345,0.423467,0.000000,0.000000,0,1
1789802089.394888,5,17.956919,20.826211,-0.029469,19.128000,20.452000,17.878000,20.452000,0.173143,0.826533,0.793770,2.926829,-0.298345,0.423467,0.000000,0.000000,0,1
1789802089.494904,5,17.956919,20.826211,-0.029469,19.128000,20.452000,17.878000,20.452000,0.173143,0.826533,0.793770,2.926829,-0.298345,0.423467,0.000000,0.000000,0,1
1789802089.594893,5,17.956919,20.826211,-0.029469,19.128000,20.452000,17.878000,20.452000,0.173143,0.826533,0.793770,2.926829,-0.298345,0.423467,0.000000,0.000000,0,1
1789802089.696527,5,17.956919,20.826211,-0.029469,19.128000,20.452000,17.878000,20.452000,0.173143,0.826533,0.793770,2.926829,-0.298345,0.423467,0.000000,0.000000,0,1
1789802089.794981,5,17.956919,20.826211,-0.029469,19.128000,20.452000,17.878000,20.452000,0.173143,0.826533,0.793770,2.926829,-0.298345,0.423467,0.000000,0.000000,0,1
1789802089.894895,5,17.956919,20.826211,-0.029469,19.128000,20.452000,17.878000,20.452000,0.173143,0.826533,0.793770,2.926829,-0.298345,0.423467,0.000000,0.000000,0,1
1789802089.994918,5,17.956919,20.826211,-0.029469,19.128000,20.452000,17.878000,20.452000,0.173143,0.826533,0.793770,2.926829,-0.298345,0.423467,0.000000,0.000000,0,1
1789802090.094926,5,17.956919,20.826211,-0.029469,19.128000,20.452000,17.878000,20.452000,0.173143,0.826533,0.793770,2.926829,-0.298345,0.423467,0.000000,0.000000,0,1
1789802090.195219,5,17.956919,20.826211,-0.029469,19.128000,20.452000,17.878000,20.452000,0.173143,0.826533,0.793770,2.926829,-0.298345,0.423467,0.000000,0.000000,0,1
1789802090.294883,5,17.956919,20.826211,-0.029469,19.128000,20.452000,17.878000,20.452000,0.173143,0.826533,0.793770,2.926829,-0.298345,0.423467,0.000000,0.000000,0,1
1789802090.394913,5,17.956919,20.826211,-0.029469,19.128000,20.452000,17.878000,20.452000,0.173143,0.826533,0.793770,2.926829,-0.298345,0.423467,0.000000,0.000000,0,1
1789802090.494909,5,17.956919,20.826211,-0.029469,19.128000,20.452000,17.878000,20.452000,0.173143,0.826533,0.793770,2.926829,-0.298345,0.423467,0.000000,0.000000,0,1
1789802090.594899,5,17.956919,20.826211,-0.029469,19.128000,20.452000,17.878000,20.452000,0.173143,0.826533,0.793770,2.926829,-0.298345,0.423467,0.000000,0.000000,0,1
1789802090.694923,5,17.956919,20.826211,-0.029469,19.128000,20.452000,17.878000,20.452000,0.173143,0.826533,0.793770,2.926829,-0.298345,0.423467,0.000000,0.000000,0,1
1789802090.794906,5,17.956919,20.826211,-0.029469,19.128000,20.452000,17.878000,20.452000,0.173143,0.826533,0.793770,2.926829,-0.298345,0.423467,0.000000,0.000000,0,1
1789802090.895047,5,17.956919,20.826211,-0.029469,19.128000,20.452000,17.878000,20.452000,0.173143,0.826533,0.793770,2.926829,-0.298345,0.423467,0.000000,0.000000,0,1
1789802090.994985,5,17.956919,20.826211,-0.029469,19.128000,20.452000,17.878000,20.452000,0.173143,0.826533,0.793770,2.926829,-0.298345,0.423467,0.000000,0.000000,0,1
1789802091.095360,5,17.956919,20.826211,-0.029469,19.128000,20.452000,17.878000,20.452000,0.173143,0.826533,0.793770,2.926829,-0.298345,0.423467,0.000000,0.000000,0,1
1789802091.194995,5,17.956919,20.826211,-0.029469,19.128000,20.452000,17.878000,20.452000,0.173143,0.826533,0.793770,2.926829,-0.298345,0.423467,0.000000,0.000000,0,1
1789802091.295049,5,17.956919,20.826211,-0.029469,19.128000,20.452000,17.878000,20.452000,0.173143,0.826533,0.793770,2.926829,-0.298345,0.423467,0.000000,0.000000,0,1
1789802091.394946,5,17.956919,20.826211,-0.029469,19.128000,20.452000,17.878000,20.452000,0.173143,0.826533,0.793770,2.926829,-0.298345,0.423467,0.000000,0.000000,0,1
1789802091.494880,5,17.956919,20.826211,-0.029469,19.128000,20.452000,17.878000,20.452000,0.173143,0.826533,0.793770,2.926829,-0.298345,0.423467,0.000000,0.000000,0,1
1789802091.594962,5,17.956919,20.826211,-0.029469,19.128000,20.452000,17.878000,20.452000,0.173143,0.826533,0.793770,2.926829,-0.298345,0.423467,0.000000,0.000000,0,1
1789802091.695063,5,17.956919,20.826211,-0.029469,19.128000,20.452000,17.878000,20.452000,0.173143,0.826533,0.793770,2.926829,-0.298345,0.423467,0.000000,0.000000,0,1
1789802091.794976,5,17.956919,20.826211,-0.029469,19.128000,20.452000,17.878000,20.452000,0.173143,0.826533,0.793770,2.926829,-0.298345,0.423467,0.000000,0.000000,0,1
1789802091.894989,5,17.956919,20.826211,-0.029469,19.128000,20.452000,17.878000,20.452000,0.173143,0.826533,0.793770,2.926829,-0.298345,0.423467,0.000000,0.000000,0,1
1789802091.994911,5,17.956919,20.826211,-0.029469,19.128000,20.452000,17.878000,20.452000,0.173143,0.826533,0.793770,2.926829,-0.298345,0.423467,0.000000,0.000000,0,1
1789802092.095131,5,17.956919,20.826211,-0.029469,19.128000,20.452000,17.878000,20.452000,0.173143,0.826533,0.793770,2.926829,-0.298345,0.423467,0.000000,0.000000,0,1
1789802092.195322,5,17.956919,20.826211,-0.029469,19.128000,20.452000,17.878000,20.452000,0.173143,0.826533,0.793770,2.926829,-0.298345,0.423467,0.000000,0.000000,0,1
1789802092.295085,5,17.956919,20.826211,-0.029469,19.128000,20.452000,17.878000,20.452000,0.173143,0.826533,0.793770,2.926829,-0.298345,0.423467,0.000000,0.000000,0,1
1789802092.394971,5,17.956919,20.826211,-0.029469,19.128000,20.452000,17.878000,20.452000,0.173143,0.826533,0.793770,2.926829,-0.298345,0.423467,0.000000,0.000000,0,1
1789802092.495150,5,17.956919,20.826211,-0.029469,19.128000,20.452000,17.878000,20.452000,0.173143,0.826533,0.793770,2.926829,-0.298345,0.423467,0.000000,0.000000,0,1
1789802092.594995,5,17.956919,20.826211,-0.029469,19.128000,20.452000,17.878000,20.452000,0.173143,0.826533,0.793770,2.926829,-0.298345,0.423467,0.000000,0.000000,0,1
1789802092.695198,5,17.956919,20.826211,-0.029469,19.128000,20.452000,17.878000,20.452000,0.173143,0.826533,0.793770,2.926829,-0.298345,0.423467,0.000000,0.000000,0,1
1789802092.795026,5,17.956919,20.826211,-0.029469,19.128000,20.452000,17.878000,20.452000,0.173143,0.826533,0.793770,2.926829,-0.298345,0.423467,0.000000,0.000000,0,1
1789802092.895155,5,17.956919,20.826211,-0.029469,19.128000,20.452000,17.878000,20.452000,0.173143,0.826533,0.793770,2.926829,-0.298345,0.423467,0.000000,0.000000,0,1
1789802092.995006,5,17.956919,20.826211,-0.029469,19.128000,20.452000,17.878000,20.452000,0.173143,0.826533,0.793770,2.926829,-0.298345,0.423467,0.000000,0.000000,0,1
1789802093.095005,5,17.956919,20.826211,-0.029469,19.128000,20.452000,17.878000,20.452000,0.173143,0.826533,0.793770,2.926829,-0.298345,0.423467,0.000000,0.000000,0,1
1789802093.195021,5,17.956919,20.826211,-0.029469,19.128000,20.452000,17.878000,20.452000,0.173143,0.826533,0.793770,2.926829,-0.298345,0.423467,0.000000,0.000000,0,1
1789802093.295070,5,17.956919,20.826211,-0.029469,19.128000,20.452000,17.878000,20.452000,0.173143,0.826533,0.793770,2.926829,-0.298345,0.423467,0.000000,0.000000,0,1
1789802093.395088,5,17.956919,20.826211,-0.029469,19.128000,20.452000,17.878000,20.452000,0.173143,0.826533,0.793770,2.926829,-0.298345,0.423467,0.000000,0.000000,0,1
1789802093.495059,5,17.956919,20.826211,-0.029469,19.128000,20.452000,17.878000,20.452000,0.173143,0.826533,0.793770,2.926829,-0.298345,0.423467,0.000000,0.000000,0,1
1789802093.595094,5,17.956919,20.826211,-0.029469,19.128000,20.452000,17.878000,20.452000,0.173143,0.826533,0.793770,2.926829,-0.298345,0.423467,0.000000,0.000000,0,1
1789802093.695028,5,17.956919,20.826211,-0.029469,19.128000,20.452000,17.878000,20.452000,0.173143,0.826533,0.793770,2.926829,-0.298345,0.423467,0.000000,0.000000,0,1
1789802093.795048,5,17.956919,20.826211,-0.029469,19.128000,20.452000,17.878000,20.452000,0.173143,0.826533,0.793770,2.926829,-0.298345,0.423467,0.000000,0.000000,0,1
1789802093.895050,5,17.956919,20.826211,-0.029469,19.128000,20.452000,17.878000,20.452000,0.173143,0.826533,0.793770,2.926829,-0.298345,0.423467,0.000000,0.000000,0,1
1789802093.995119,5,17.956919,20.826211,-0.029469,19.128000,20.452000,17.878000,20.452000,0.173143,0.826533,0.793770,2.926829,-0.298345,0.423467,0.000000,0.000000,0,1
1789802094.095076,5,17.956919,20.826211,-0.029469,19.128000,20.452000,17.878000,20.452000,0.173143,0.826533,0.793770,2.926829,-0.298345,0.423467,0.000000,0.000000,0,1
1789802094.195088,5,17.956919,20.826211,-0.029469,19.128000,20.452000,17.878000,20.452000,0.173143,0.826533,0.793770,2.926829,-0.298345,0.423467,0.000000,0.000000,0,1
1789802094.295103,5,17.956919,20.826211,-0.029469,19.128000,20.452000,17.878000,20.452000,0.173143,0.826533,0.793770,2.926829,-0.298345,0.423467,0.000000,0.000000,0,1
1789802094.395124,5,17.956919,20.826211,-0.029469,19.128000,20.452000,17.878000,20.452000,0.173143,0.826533,0.793770,2.926829,-0.298345,0.423467,0.000000,0.000000,0,1
1789802094.499605,5,17.956919,20.826211,-0.029469,19.128000,20.452000,17.878000,20.452000,0.173143,0.826533,0.793770,2.926829,-0.298345,0.423467,0.000000,0.000000,0,1
1789802094.595469,5,17.956919,20.826211,-0.029469,19.128000,20.452000,17.878000,20.452000,0.173143,0.826533,0.793770,2.926829,-0.298345,0.423467,0.000000,0.000000,0,1
1789802094.698302,5,17.956919,20.826211,-0.029469,19.128000,20.452000,17.878000,20.452000,0.173143,0.826533,0.793770,2.926829,-0.298345,0.423467,0.000000,0.000000,0,1
1789802094.798233,5,17.956919,20.826211,-0.029469,19.128000,20.452000,17.878000,20.452000,0.173143,0.826533,0.793770,2.926829,-0.298345,0.423467,0.000000,0.000000,0,1
1789802094.899296,5,17.956919,20.826211,-0.029469,19.128000,20.452000,17.878000,20.452000,0.173143,0.826533,0.793770,2.926829,-0.298345,0.423467,0.000000,0.000000,0,1
1789802094.995139,5,17.956919,20.826211,-0.029469,19.128000,20.452000,17.878000,20.452000,0.173143,0.826533,0.793770,2.926829,-0.298345,0.423467,0.000000,0.000000,0,1
1789802095.098154,5,17.956919,20.826211,-0.029469,19.128000,20.452000,17.878000,20.452000,0.173143,0.826533,0.793770,2.926829,-0.298345,0.423467,0.000000,0.000000,0,1
1789802095.198197,5,17.956919,20.826211,-0.029469,19.128000,20.452000,17.878000,20.452000,0.173143,0.826533,0.793770,2.926829,-0.298345,0.423467,0.000000,0.000000,0,1
1789802095.295327,5,17.956919,20.826211,-0.029469,19.128000,20.452000,17.878000,20.452000,0.173143,0.826533,0.793770,2.926829,-0.298345,0.423467,0.000000,0.000000,0,1
1789802095.395175,5,17.956919,20.826211,-0.029469,19.128000,20.452000,17.878000,20.452000,0.173143,0.826533,0.793770,2.926829,-0.298345,0.423467,0.000000,0.000000,0,1
1789802095.495192,5,17.956919,20.826211,-0.029469,19.128000,20.452000,17.878000,20.452000,0.173143,0.826533,0.793770,2.926829,-0.298345,0.423467,0.000000,0.000000,0,1
1789802095.595180,5,17.956919,20.826211,-0.029469,19.128000,20.452000,17.878000,20.452000,0.173143,0.826533,0.793770,2.926829,-0.298345,0.423467,0.000000,0.000000,0,1
1789802095.695221,5,17.956919,20.826211,-0.029469,19.128000,20.452000,17.878000,20.452000,0.173143,0.826533,0.793770,2.926829,-0.298345,0.423467,0.000000,0.000000,0,1
1789802095.795179,5,17.956919,20.826211,-0.029469,19.128000,20.452000,17.878000,20.452000,0.173143,0.826533,0.793770,2.926829,-0.298345,0.423467,0.000000,0.000000,0,1
1789802095.895163,5,17.956919,20.826211,-0.029469,19.128000,20.452000,17.878000,20.452000,0.173143,0.826533,0.793770,2.926829,-0.298345,0.423467,0.000000,0.000000,0,1
1789802095.995380,5,17.956919,20.826211,-0.029469,19.128000,20.452000,17.878000,20.452000,0.173143,0.826533,0.793770,2.926829,-0.298345,0.423467,0.000000,0.000000,0,1
1789802096.095166,5,17.956919,20.826211,-0.029469,19.128000,20.452000,17.878000,20.452000,0.173143,0.826533,0.793770,2.926829,-0.298345,0.423467,0.000000,0.000000,0,1
1789802096.195166,5,17.956919,20.826211,-0.029469,19.128000,20.452000,17.878000,20.452000,0.173143,0.826533,0.793770,2.926829,-0.298345,0.423467,0.000000,0.000000,0,1
1789802096.296931,5,17.956919,20.826211,-0.029469,19.128000,20.452000,17.878000,20.452000,0.173143,0.826533,0.793770,2.926829,-0.298345,0.423467,0.000000,0.000000,0,1
1789802096.395218,5,17.956919,20.826211,-0.029469,19.128000,20.452000,17.878000,20.452000,0.173143,0.826533,0.793770,2.926829,-0.298345,0.423467,0.000000,0.000000,0,1
1789802096.495230,5,17.956919,20.826211,-0.029469,19.128000,20.452000,17.878000,20.452000,0.173143,0.826533,0.793770,2.926829,-0.298345,0.423467,0.000000,0.000000,0,1
1789802096.595219,5,17.956919,20.826211,-0.029469,19.128000,20.452000,17.878000,20.452000,0.173143,0.826533,0.793770,2.926829,-0.298345,0.423467,0.000000,0.000000,0,1
1789802096.695249,5,17.956919,20.826211,-0.029469,19.128000,20.452000,17.878000,20.452000,0.173143,0.826533,0.793770,2.926829,-0.298345,0.423467,0.000000,0.000000,0,1
1789802096.795249,5,17.956919,20.826211,-0.029469,19.128000,20.452000,17.878000,20.452000,0.173143,0.826533,0.793770,2.926829,-0.298345,0.423467,0.000000,0.000000,0,1
1789802096.895223,5,17.956919,20.826211,-0.029469,19.128000,20.452000,17.878000,20.452000,0.173143,0.826533,0.793770,2.926829,-0.298345,0.423467,0.000000,0.000000,0,1
1789802096.995196,5,17.956919,20.826211,-0.029469,19.128000,20.452000,17.878000,20.452000,0.173143,0.826533,0.793770,2.926829,-0.298345,0.423467,0.000000,0.000000,0,1
1789802097.095313,5,17.956919,20.826211,-0.029469,19.128000,20.452000,17.878000,20.452000,0.173143,0.826533,0.793770,2.926829,-0.298345,0.423467,0.000000,0.000000,0,1
1789802097.195271,5,17.956919,20.826211,-0.029469,19.128000,20.452000,17.878000,20.452000,0.173143,0.826533,0.793770,2.926829,-0.298345,0.423467,0.000000,0.000000,0,1
1789802097.295264,5,17.956919,20.826211,-0.029469,19.128000,20.452000,17.878000,20.452000,0.173143,0.826533,0.793770,2.926829,-0.298345,0.423467,0.000000,0.000000,0,1
1789802097.395270,5,17.956919,20.826211,-0.029469,19.128000,20.452000,17.878000,20.452000,0.173143,0.826533,0.793770,2.926829,-0.298345,0.423467,0.000000,0.000000,0,1
1789802097.495307,5,17.956919,20.826211,-0.029469,19.128000,20.452000,17.878000,20.452000,0.173143,0.826533,0.793770,2.926829,-0.298345,0.423467,0.000000,0.000000,0,1
1789802097.595253,5,17.956919,20.826211,-0.029469,19.128000,20.452000,17.878000,20.452000,0.173143,0.826533,0.793770,2.926829,-0.298345,0.423467,0.000000,0.000000,0,1
1789802097.695243,5,17.956919,20.826211,-0.029469,19.128000,20.452000,17.878000,20.452000,0.173143,0.826533,0.793770,2.926829,-0.298345,0.423467,0.000000,0.000000,0,1
1789802097.795259,5,17.956919,20.826211,-0.029469,19.128000,20.452000,17.878000,20.452000,0.173143,0.826533,0.793770,2.926829,-0.298345,0.423467,0.000000,0.000000,0,1
1789802097.895299,5,17.956919,20.826211,-0.029469,19.128000,20.452000,17.878000,20.452000,0.173143,0.826533,0.793770,2.926829,-0.298345,0.423467,0.000000,0.000000,0,1
1789802097.995300,5,17.956919,20.826211,-0.029469,19.128000,20.452000,17.878000,20.452000,0.173143,0.826533,0.793770,2.926829,-0.298345,0.423467,0.000000,0.000000,0,1
1789802098.095333,5,17.956919,20.826211,-0.029469,19.128000,20.452000,17.878000,20.452000,0.173143,0.826533,0.793770,2.926829,-0.298345,0.423467,0.000000,0.000000,0,1
1789802098.195318,5,17.956919,20.826211,-0.029469,19.128000,20.452000,17.878000,20.452000,0.173143,0.826533,0.793770,2.926829,-0.298345,0.423467,0.000000,0.000000,0,1
1789802098.295296,5,17.956919,20.826211,-0.029469,19.128000,20.452000,17.878000,20.452000,0.173143,0.826533,0.793770,2.926829,-0.298345,0.423467,0.000000,0.000000,0,1
1789802098.395302,5,17.956919,20.826211,-0.029469,19.128000,20.452000,17.878000,20.452000,0.173143,0.826533,0.793770,2.926829,-0.298345,0.423467,0.000000,0.000000,0,1
1789802098.495286,5,17.956919,20.826211,-0.029469,19.128000,20.452000,17.878000,20.452000,0.173143,0.826533,0.793770,2.926829,-0.298345,0.423467,0.000000,0.000000,0,1
1789802098.595318,5,17.956919,20.826211,-0.029469,19.128000,20.452000,17.878000,20.452000,0.173143,0.826533,0.793770,2.926829,-0.298345,0.423467,0.000000,0.000000,0,1
1789802098.695355,5,17.956919,20.826211,-0.029469,19.128000,20.452000,17.878000,20.452000,0.173143,0.826533,0.793770,2.926829,-0.298345,0.423467,0.000000,0.000000,0,1
1789802098.795336,5,17.956919,20.826211,-0.029469,19.128000,20.452000,17.878000,20.452000,0.173143,0.826533,0.793770,2.926829,-0.298345,0.423467,0.000000,0.000000,0,1
1789802098.895323,5,17.956919,20.826211,-0.029469,19.128000,20.452000,17.878000,20.452000,0.173143,0.826533,0.793770,2.926829,-0.298345,0.423467,0.000000,0.000000,0,1
1789802098.995372,5,17.956919,20.826211,-0.029469,19.128000,20.452000,17.878000,20.452000,0.173143,0.826533,0.793770,2.926829,-0.298345,0.423467,0.000000,0.000000,0,1
1789802099.095363,5,17.956919,20.826211,-0.029469,19.128000,20.452000,17.878000,20.452000,0.173143,0.826533,0.793770,2.926829,-0.298345,0.423467,0.000000,0.000000,0,1
1789802099.195379,5,17.956919,20.826211,-0.029469,19.128000,20.452000,17.878000,20.452000,0.173143,0.826533,0.793770,2.926829,-0.298345,0.423467,0.000000,0.000000,0,1
1789802099.295364,5,17.956919,20.826211,-0.029469,19.128000,20.452000,17.878000,20.452000,0.173143,0.826533,0.793770,2.926829,-0.298345,0.423467,0.000000,0.000000,0,1
1789802099.395338,5,17.956919,20.826211,-0.029469,19.128000,20.452000,17.878000,20.452000,0.173143,0.826533,0.793770,2.926829,-0.298345,0.423467,0.000000,0.000000,0,1
1789802099.495372,5,17.956919,20.826211,-0.029469,19.128000,20.452000,17.878000,20.452000,0.173143,0.826533,0.793770,2.926829,-0.298345,0.423467,0.000000,0.000000,0,1
1789802099.595347,5,17.956919,20.826211,-0.029469,19.128000,20.452000,17.878000,20.452000,0.173143,0.826533,0.793770,2.926829,-0.298345,0.423467,0.000000,0.000000,0,1
1789802099.695393,5,17.956919,20.826211,-0.029469,19.128000,20.452000,17.878000,20.452000,0.173143,0.826533,0.793770,2.926829,-0.298345,0.423467,0.000000,0.000000,0,1
1789802099.795385,5,17.956919,20.826211,-0.029469,19.128000,20.452000,17.878000,20.452000,0.173143,0.826533,0.793770,2.926829,-0.298345,0.423467,0.000000,0.000000,0,1
1789802099.895426,5,17.956919,20.826211,-0.029469,19.128000,20.452000,17.878000,20.452000,0.173143,0.826533,0.793770,2.926829,-0.298345,0.423467,0.000000,0.000000,0,1
1789802099.995380,5,17.956919,20.826211,-0.029469,19.128000,20.452000,17.878000,20.452000,0.173143,0.826533,0.793770,2.926829,-0.298345,0.423467,0.000000,0.000000,0,1
1789802100.095417,5,17.956919,20.826211,-0.029469,19.128000,20.452000,17.878000,20.452000,0.173143,0.826533,0.793770,2.926829,-0.298345,0.423467,0.000000,0.000000,0,1
1789802100.195376,5,17.956919,20.826211,-0.029469,19.128000,20.452000,17.878000,20.452000,0.173143,0.826533,0.793770,2.926829,-0.298345,0.423467,0.000000,0.000000,0,1
1789802100.295455,5,17.956919,20.826211,-0.029469,19.128000,20.452000,17.878000,20.452000,0.173143,0.826533,0.793770,2.926829,-0.298345,0.423467,0.000000,0.000000,0,1
1789802100.395736,5,17.956919,20.826211,-0.029469,19.128000,20.452000,17.878000,20.452000,0.173143,0.826533,0.793770,2.926829,-0.298345,0.423467,0.000000,0.000000,0,1
1789802100.495447,5,17.956919,20.826211,-0.029469,19.128000,20.452000,17.878000,20.452000,0.173143,0.826533,0.793770,2.926829,-0.298345,0.423467,0.000000,0.000000,0,1
1789802100.595434,5,17.956919,20.826211,-0.029469,19.128000,20.452000,17.878000,20.452000,0.173143,0.826533,0.793770,2.926829,-0.298345,0.423467,0.000000,0.000000,0,1
1789802100.695474,5,17.956919,20.826211,-0.029469,19.128000,20.452000,17.878000,20.452000,0.173143,0.826533,0.793770,2.926829,-0.298345,0.423467,0.000000,0.000000,0,1
1789802100.795419,5,17.956919,20.826211,-0.029469,19.128000,20.452000,17.878000,20.452000,0.173143,0.826533,0.793770,2.926829,-0.298345,0.423467,0.000000,0.000000,0,1
1789802100.895442,5,17.956919,20.826211,-0.029469,19.128000,20.452000,17.878000,20.452000,0.173143,0.826533,0.793770,2.926829,-0.298345,0.423467,0.000000,0.000000,0,1
1789802100.995437,5,17.956919,20.826211,-0.029469,19.128000,20.452000,17.878000,20.452000,0.173143,0.826533,0.793770,2.926829,-0.298345,0.423467,0.000000,0.000000,0,1
1789802101.095464,5,17.956919,20.826211,-0.029469,19.128000,20.452000,17.878000,20.452000,0.173143,0.826533,0.793770,2.926829,-0.298345,0.423467,0.000000,0.000000,0,1
1789802101.195461,5,17.956919,20.826211,-0.029469,19.128000,20.452000,17.878000,20.452000,0.173143,0.826533,0.793770,2.926829,-0.298345,0.423467,0.000000,0.000000,0,1
1789802101.295520,5,17.956919,20.826211,-0.029469,19.128000,20.452000,17.878000,20.452000,0.173143,0.826533,0.793770,2.926829,-0.298345,0.423467,0.000000,0.000000,0,1
1789802101.395502,5,17.956919,20.826211,-0.029469,19.128000,20.452000,17.878000,20.452000,0.173143,0.826533,0.793770,2.926829,-0.298345,0.423467,0.000000,0.000000,0,1
1789802101.495502,5,17.956919,20.826211,-0.029469,19.128000,20.452000,17.878000,20.452000,0.173143,0.826533,0.793770,2.926829,-0.298345,0.423467,0.000000,0.000000,0,1
1789802101.595492,5,17.956919,20.826211,-0.029469,19.128000,20.452000,17.878000,20.452000,0.173143,0.826533,0.793770,2.926829,-0.298345,0.423467,0.000000,0.000000,0,1
1789802101.695449,5,17.956919,20.826211,-0.029469,19.128000,20.452000,17.878000,20.452000,0.173143,0.826533,0.793770,2.926829,-0.298345,0.423467,0.000000,0.000000,0,1
1789802101.795480,5,17.956919,20.826211,-0.029469,19.128000,20.452000,17.878000,20.452000,0.173143,0.826533,0.793770,2.926829,-0.298345,0.423467,0.000000,0.000000,0,1
1789802101.895562,5,17.956919,20.826211,-0.029469,19.128000,20.452000,17.878000,20.452000,0.173143,0.826533,0.793770,2.926829,-0.298345,0.423467,0.000000,0.000000,0,1
1789802101.995526,5,17.956919,20.826211,-0.029469,19.128000,20.452000,17.878000,20.452000,0.173143,0.826533,0.793770,2.926829,-0.298345,0.423467,0.000000,0.000000,0,1
1789802102.095543,5,17.956919,20.826211,-0.029469,19.128000,20.452000,17.878000,20.452000,0.173143,0.826533,0.793770,2.926829,-0.298345,0.423467,0.000000,0.000000,0,1
1789802102.195579,5,17.956919,20.826211,-0.029469,19.128000,20.452000,17.878000,20.452000,0.173143,0.826533,0.793770,2.926829,-0.298345,0.423467,0.000000,0.000000,0,1
1789802102.295525,5,17.956919,20.826211,-0.029469,19.128000,20.452000,17.878000,20.452000,0.173143,0.826533,0.793770,2.926829,-0.298345,0.423467,0.000000,0.000000,0,1
1789802102.395574,5,17.956919,20.826211,-0.029469,19.128000,20.452000,17.878000,20.452000,0.173143,0.826533,0.793770,2.926829,-0.298345,0.423467,0.000000,0.000000,0,1
1789802102.495510,5,17.956919,20.826211,-0.029469,19.128000,20.452000,17.878000,20.452000,0.173143,0.826533,0.793770,2.926829,-0.298345,0.423467,0.000000,0.000000,0,1
1789802102.595497,5,17.956919,20.826211,-0.029469,19.128000,20.452000,17.878000,20.452000,0.173143,0.826533,0.793770,2.926829,-0.298345,0.423467,0.000000,0.000000,0,1
1789802102.695536,5,17.956919,20.826211,-0.029469,19.128000,20.452000,17.878000,20.452000,0.173143,0.826533,0.793770,2.926829,-0.298345,0.423467,0.000000,0.000000,0,1
1789802102.795597,5,17.956919,20.826211,-0.029469,19.128000,20.452000,17.878000,20.452000,0.173143,0.826533,0.793770,2.926829,-0.298345,0.423467,0.000000,0.000000,0,1
1789802102.895581,5,17.956919,20.826211,-0.029469,19.128000,20.452000,17.878000,20.452000,0.173143,0.826533,0.793770,2.926829,-0.298345,0.423467,0.000000,0.000000,0,1
1789802102.995575,5,17.956919,20.826211,-0.029469,19.128000,20.452000,17.878000,20.452000,0.173143,0.826533,0.793770,2.926829,-0.298345,0.423467,0.000000,0.000000,0,1
1789802103.095557,5,17.956919,20.826211,-0.029469,19.128000,20.452000,17.878000,20.452000,0.173143,0.826533,0.793770,2.926829,-0.298345,0.423467,0.000000,0.000000,0,1
1789802103.195542,5,17.956919,20.826211,-0.029469,19.128000,20.452000,17.878000,20.452000,0.173143,0.826533,0.793770,2.926829,-0.298345,0.423467,0.000000,0.000000,0,1
1789802103.295569,5,17.956919,20.826211,-0.029469,19.128000,20.452000,17.878000,20.452000,0.173143,0.826533,0.793770,2.926829,-0.298345,0.423467,0.000000,0.000000,0,1
1789802103.395617,5,17.956919,20.826211,-0.029469,19.128000,20.452000,17.878000,20.452000,0.173143,0.826533,0.793770,2.926829,-0.298345,0.423467,0.000000,0.000000,0,1
1789802103.495552,5,17.956919,20.826211,-0.029469,19.128000,20.452000,17.878000,20.452000,0.173143,0.826533,0.793770,2.926829,-0.298345,0.423467,0.000000,0.000000,0,1
1789802103.595578,5,17.956919,20.826211,-0.029469,19.128000,20.452000,17.878000,20.452000,0.173143,0.826533,0.793770,2.926829,-0.298345,0.423467,0.000000,0.000000,0,1
1789802103.695573,5,17.956919,20.826211,-0.029469,19.128000,20.452000,17.878000,20.452000,0.173143,0.826533,0.793770,2.926829,-0.298345,0.423467,0.000000,0.000000,0,1
1789802103.795607,5,17.956919,20.826211,-0.029469,19.128000,20.452000,17.878000,20.452000,0.173143,0.826533,0.793770,2.926829,-0.298345,0.423467,0.000000,0.000000,0,1
1789802103.895595,5,17.956919,20.826211,-0.029469,19.128000,20.452000,17.878000,20.452000,0.173143,0.826533,0.793770,2.926829,-0.298345,0.423467,0.000000,0.000000,0,1
1789802103.995583,5,17.956919,20.826211,-0.029469,19.128000,20.452000,17.878000,20.452000,0.173143,0.826533,0.793770,2.926829,-0.298345,0.423467,0.000000,0.000000,0,1
1789802104.095603,5,17.956919,20.826211,-0.029469,19.128000,20.452000,17.878000,20.452000,0.173143,0.826533,0.793770,2.926829,-0.298345,0.423467,0.000000,0.000000,0,1
1789802104.195588,5,17.956919,20.826211,-0.029469,19.128000,20.452000,17.878000,20.452000,0.173143,0.826533,0.793770,2.926829,-0.298345,0.423467,0.000000,0.000000,0,1
1789802104.295636,5,17.956919,20.826211,-0.029469,19.128000,20.452000,17.878000,20.452000,0.173143,0.826533,0.793770,2.926829,-0.298345,0.423467,0.000000,0.000000,0,1
1789802104.395627,5,17.956919,20.826211,-0.029469,19.128000,20.452000,17.878000,20.452000,0.173143,0.826533,0.793770,2.926829,-0.298345,0.423467,0.000000,0.000000,0,1
1789802104.495632,5,17.956919,20.826211,-0.029469,19.128000,20.452000,17.878000,20.452000,0.173143,0.826533,0.793770,2.926829,-0.298345,0.423467,0.000000,0.000000,0,1
1789802104.595643,5,17.956919,20.826211,-0.029469,19.128000,20.452000,17.878000,20.452000,0.173143,0.826533,0.793770,2.926829,-0.298345,0.423467,0.000000,0.000000,0,1
1789802104.695670,5,17.956919,20.826211,-0.029469,19.128000,20.452000,17.878000,20.452000,0.173143,0.826533,0.793770,2.926829,-0.298345,0.423467,0.000000,0.000000,0,1
1789802104.795656,5,17.956919,20.826211,-0.029469,19.128000,20.452000,17.878000,20.452000,0.173143,0.826533,0.793770,2.926829,-0.298345,0.423467,0.000000,0.000000,0,1
1789802104.895625,5,17.956919,20.826211,-0.029469,19.128000,20.452000,17.878000,20.452000,0.173143,0.826533,0.793770,2.926829,-0.298345,0.423467,0.000000,0.000000,0,1
1789802104.995624,5,17.956919,20.826211,-0.029469,19.128000,20.452000,17.878000,20.452000,0.173143,0.826533,0.793770,2.926829,-0.298345,0.423467,0.000000,0.000000,0,1
1789802105.095687,5,17.956919,20.826211,-0.029469,19.128000,20.452000,17.878000,20.452000,0.173143,0.826533,0.793770,2.926829,-0.298345,0.423467,0.000000,0.000000,0,1
1789802105.195672,5,17.956919,20.826211,-0.029469,19.128000,20.452000,17.878000,20.452000,0.173143,0.826533,0.793770,2.926829,-0.298345,0.423467,0.000000,0.000000,0,1
1789802105.295711,5,17.956919,20.826211,-0.029469,19.128000,20.452000,17.878000,20.452000,0.173143,0.826533,0.793770,2.926829,-0.298345,0.423467,0.000000,0.000000,0,1
1789802105.395703,5,17.956919,20.826211,-0.029469,19.128000,20.452000,17.878000,20.452000,0.173143,0.826533,0.793770,2.926829,-0.298345,0.423467,0.000000,0.000000,0,1
1789802105.495765,5,17.956919,20.826211,-0.029469,19.128000,20.452000,17.878000,20.452000,0.173143,0.826533,0.793770,2.926829,-0.298345,0.423467,0.000000,0.000000,0,1
1789802105.595690,5,17.956919,20.826211,-0.029469,19.128000,20.452000,17.878000,20.452000,0.173143,0.826533,0.793770,2.926829,-0.298345,0.423467,0.000000,0.000000,0,1
1789802105.695687,5,17.956919,20.826211,-0.029469,19.128000,20.452000,17.878000,20.452000,0.173143,0.826533,0.793770,2.926829,-0.298345,0.423467,0.000000,0.000000,0,1
1789802105.795704,5,17.956919,20.826211,-0.029469,19.128000,20.452000,17.878000,20.452000,0.173143,0.826533,0.793770,2.926829,-0.298345,0.423467,0.000000,0.000000,0,1
1789802105.895652,5,17.956919,20.826211,-0.029469,19.128000,20.452000,17.878000,20.452000,0.173143,0.826533,0.793770,2.926829,-0.298345,0.423467,0.000000,0.000000,0,1
1789802105.995687,5,17.956919,20.826211,-0.029469,19.128000,20.452000,17.878000,20.452000,0.173143,0.826533,0.793770,2.926829,-0.298345,0.423467,0.000000,0.000000,0,1
1789802106.095737,5,17.956919,20.826211,-0.029469,19.128000,20.452000,17.878000,20.452000,0.173143,0.826533,0.793770,2.926829,-0.298345,0.423467,0.000000,0.000000,0,1
1789802106.195737,5,17.956919,20.826211,-0.029469,19.128000,20.452000,17.878000,20.452000,0.173143,0.826533,0.793770,2.926829,-0.298345,0.423467,0.000000,0.000000,0,1
1789802106.295766,5,17.956919,20.826211,-0.029469,19.128000,20.452000,17.878000,20.452000,0.173143,0.826533,0.793770,2.926829,-0.298345,0.423467,0.000000,0.000000,0,1
1789802106.395720,5,17.956919,20.826211,-0.029469,19.128000,20.452000,17.878000,20.452000,0.173143,0.826533,0.793770,2.926829,-0.298345,0.423467,0.000000,0.000000,1,1
1789802106.495744,5,17.956919,20.826211,-0.029469,19.128000,20.452000,17.878000,20.452000,0.173143,0.826533,0.793770,2.926829,-0.298345,0.423467,0.000000,0.000000,1,1
1789802106.595708,5,17.956919,20.826211,-0.029469,19.128000,20.452000,17.878000,20.452000,0.173143,0.826533,0.793770,2.926829,-0.298345,0.423467,0.000000,0.000000,1,1
1789802106.695748,5,17.956919,20.826211,-0.029469,19.128000,20.452000,17.878000,20.452000,0.173143,0.826533,0.793770,2.926829,-0.298345,0.423467,0.000000,0.000000,1,1
1789802106.795948,5,17.956919,20.826211,-0.029469,19.128000,20.452000,17.878000,20.452000,0.173143,0.826533,0.793770,2.926829,-0.298345,0.423467,0.000000,0.000000,1,1
1789802106.895760,5,17.956919,20.826211,-0.029469,19.128000,20.452000,17.878000,20.452000,0.173143,0.826533,0.793770,2.926829,-0.298345,0.423467,0.000000,0.000000,1,1
1789802106.995757,5,17.956919,20.826211,-0.029469,19.128000,20.452000,17.878000,20.452000,0.173143,0.826533,0.793770,2.926829,-0.298345,0.423467,0.000000,0.000000,1,1
1789802107.095758,5,17.956919,20.826211,-0.029469,19.128000,20.452000,17.878000,20.452000,0.173143,0.826533,0.793770,2.926829,-0.298345,0.423467,0.000000,0.000000,1,1
1789802107.195743,5,17.956919,20.826211,-0.029469,19.128000,20.452000,17.878000,20.452000,0.173143,0.826533,0.793770,2.926829,-0.298345,0.423467,0.000000,0.000000,1,1
1789802107.295815,5,17.956919,20.826211,-0.029469,19.128000,20.452000,17.878000,20.452000,0.173143,0.826533,0.793770,2.926829,-0.298345,0.423467,0.000000,0.000000,1,1
1789802107.395767,5,17.956919,20.826211,-0.029469,19.128000,20.452000,17.878000,20.452000,0.173143,0.826533,0.793770,2.926829,-0.298345,0.423467,0.000000,0.000000,0,1
1789802107.495780,5,17.956919,20.826211,-0.029469,19.128000,20.452000,17.878000,20.452000,0.173143,0.826533,0.793770,2.926829,-0.298345,0.423467,0.000000,0.000000,1,1
1789802107.595753,5,17.956919,20.826211,-0.029469,19.128000,20.452000,17.878000,20.452000,0.173143,0.826533,0.793770,2.926829,-0.298345,0.423467,0.000000,0.000000,1,1
1789802107.695783,5,17.956919,20.826211,-0.029469,19.128000,20.452000,17.878000,20.452000,0.173143,0.826533,0.793770,2.926829,-0.298345,0.423467,0.000000,0.000000,1,1
1789802107.795797,5,17.956919,20.826211,-0.029469,19.128000,20.452000,17.878000,20.452000,0.173143,0.826533,0.793770,2.926829,-0.298345,0.423467,0.000000,0.000000,1,1
1789802107.895789,5,17.956919,20.826211,-0.029469,19.128000,20.452000,17.878000,20.452000,0.173143,0.826533,0.793770,2.926829,-0.298345,0.423467,0.000000,0.000000,0,1
1789802107.995795,5,17.956919,20.826211,-0.029469,19.128000,20.452000,17.878000,20.452000,0.173143,0.826533,0.793770,2.926829,-0.298345,0.423467,0.000000,0.000000,1,1
1789802108.095797,5,17.956919,20.826211,-0.029469,19.128000,20.452000,17.878000,20.452000,0.173143,0.826533,0.793770,2.926829,-0.298345,0.423467,0.000000,0.000000,0,1
1789802108.195847,5,17.956919,20.826211,-0.029469,19.128000,20.452000,17.878000,20.452000,0.173143,0.826533,0.793770,2.926829,-0.298345,0.423467,0.000000,0.000000,1,1
1789802108.295811,5,17.956919,20.826211,-0.029469,19.128000,20.452000,17.878000,20.452000,0.173143,0.826533,0.793770,2.926829,-0.298345,0.423467,0.000000,0.000000,1,1
1789802108.395827,5,17.956919,20.826211,-0.029469,19.128000,20.452000,17.878000,20.452000,0.173143,0.826533,0.793770,2.926829,-0.298345,0.423467,0.000000,0.000000,1,1
1789802108.495857,5,17.956919,20.826211,-0.029469,19.128000,20.452000,17.878000,20.452000,0.173143,0.826533,0.793770,2.926829,-0.298345,0.423467,0.000000,0.000000,0,1
1789802108.595830,5,17.956919,20.826211,-0.029469,19.128000,20.452000,17.878000,20.452000,0.173143,0.826533,0.793770,2.926829,-0.298345,0.423467,0.000000,0.000000,1,1
1789802108.695824,5,17.956919,20.826211,-0.029469,19.128000,20.452000,17.878000,20.452000,0.173143,0.826533,0.793770,2.926829,-0.298345,0.423467,0.000000,0.000000,1,1
1789802108.795826,5,17.956919,20.826211,-0.029469,19.128000,20.452000,17.878000,20.452000,0.173143,0.826533,0.793770,2.926829,-0.298345,0.423467,0.000000,0.000000,1,1
1789802108.895854,5,17.956919,20.826211,-0.029469,19.128000,20.452000,17.878000,20.452000,0.173143,0.826533,0.793770,2.926829,-0.298345,0.423467,0.000000,0.000000,1,1
1789802108.995826,5,17.956919,20.826211,-0.029469,19.128000,20.452000,17.878000,20.452000,0.173143,0.826533,0.793770,2.926829,-0.298345,0.423467,0.000000,0.000000,1,1
1789802109.095845,5,17.956919,20.826211,-0.029469,19.128000,20.452000,17.878000,20.452000,0.173143,0.826533,0.793770,2.926829,-0.298345,0.423467,0.000000,0.000000,1,1
1789802109.196004,5,17.956919,20.826211,-0.029469,19.128000,20.452000,17.878000,20.452000,0.173143,0.826533,0.793770,2.926829,-0.298345,0.423467,0.000000,0.000000,1,1
1789802109.295973,5,17.956919,20.826211,-0.029469,19.128000,20.452000,17.878000,20.452000,0.173143,0.826533,0.793770,2.926829,-0.298345,0.423467,0.000000,0.000000,1,1
1789802109.395889,5,17.956919,20.826211,-0.029469,19.128000,20.452000,17.878000,20.452000,0.173143,0.826533,0.793770,2.926829,-0.298345,0.423467,0.000000,0.000000,1,1
1789802109.495880,5,17.956919,20.826211,-0.029469,19.128000,20.452000,17.878000,20.452000,0.173143,0.826533,0.793770,2.926829,-0.298345,0.423467,0.000000,0.000000,1,1
1789802109.595871,5,17.956919,20.826211,-0.029469,19.128000,20.452000,17.878000,20.452000,0.173143,0.826533,0.793770,2.926829,-0.298345,0.423467,0.000000,0.000000,1,1
1789802109.695879,5,17.956919,20.826211,-0.029469,19.128000,20.452000,17.878000,20.452000,0.173143,0.826533,0.793770,2.926829,-0.298345,0.423467,0.000000,0.000000,1,1
1789802109.795859,5,17.956919,20.826211,-0.029469,19.128000,20.452000,17.878000,20.452000,0.173143,0.826533,0.793770,2.926829,-0.298345,0.423467,0.000000,0.000000,1,1
1789802109.895870,5,17.956919,20.826211,-0.029469,19.128000,20.452000,17.878000,20.452000,0.173143,0.826533,0.793770,2.926829,-0.298345,0.423467,0.000000,0.000000,1,1
1789802109.995941,5,17.956919,20.826211,-0.029469,19.128000,20.452000,17.878000,20.452000,0.173143,0.826533,0.793770,2.926829,-0.298345,0.423467,0.000000,0.000000,1,1
1789802110.095932,5,17.956919,20.826211,-0.029469,19.128000,20.452000,17.878000,20.452000,0.173143,0.826533,0.793770,2.926829,-0.298345,0.423467,0.000000,0.000000,1,1
1789802110.195895,5,17.956919,20.826211,-0.029469,19.128000,20.452000,17.878000,20.452000,0.173143,0.826533,0.793770,2.926829,-0.298345,0.423467,0.000000,0.000000,1,1
1789802110.295945,5,17.956919,20.826211,-0.029469,19.128000,20.452000,17.878000,20.452000,0.173143,0.826533,0.793770,2.926829,-0.298345,0.423467,0.000000,0.000000,1,1
1789802110.395890,5,17.956919,20.826211,-0.029469,19.128000,20.452000,17.878000,20.452000,0.173143,0.826533,0.793770,2.926829,-0.298345,0.423467,0.000000,0.000000,1,1
1789802110.495939,5,17.956919,20.826211,-0.029469,19.128000,20.452000,17.878000,20.452000,0.173143,0.826533,0.793770,2.926829,-0.298345,0.423467,0.000000,0.000000,1,1
1789802110.595937,5,17.956919,20.826211,-0.029469,19.128000,20.452000,17.878000,20.452000,0.173143,0.826533,0.793770,2.926829,-0.298345,0.423467,0.000000,0.000000,1,1
1789802110.695984,5,17.956919,20.826211,-0.029469,19.128000,20.452000,17.878000,20.452000,0.173143,0.826533,0.793770,2.926829,-0.298345,0.423467,0.000000,0.000000,1,1
1789802110.795995,5,17.956919,20.826211,-0.029469,19.128000,20.452000,17.878000,20.452000,0.173143,0.826533,0.793770,2.926829,-0.298345,0.423467,0.000000,0.000000,1,1
1789802110.896022,5,17.956919,20.826211,-0.029469,19.128000,20.452000,17.878000,20.452000,0.173143,0.826533,0.793770,2.926829,-0.298345,0.423467,0.000000,0.000000,1,1
1789802110.995958,5,17.956919,20.826211,-0.029469,19.128000,20.452000,17.878000,20.452000,0.173143,0.826533,0.793770,2.926829,-0.298345,0.423467,0.000000,0.000000,1,1
1789802111.095922,5,17.956919,20.826211,-0.029469,19.128000,20.452000,17.878000,20.452000,0.173143,0.826533,0.793770,2.926829,-0.298345,0.423467,0.000000,0.000000,1,1
1789802111.196023,5,17.956919,20.826211,-0.029469,19.128000,20.452000,17.878000,20.452000,0.173143,0.826533,0.793770,2.926829,-0.298345,0.423467,0.000000,0.000000,1,1
1789802111.296016,5,17.956919,20.826211,-0.029469,19.128000,20.452000,17.878000,20.452000,0.173143,0.826533,0.793770,2.926829,-0.298345,0.423467,0.000000,0.000000,1,1
1789802111.396015,5,17.956919,20.826211,-0.029469,19.128000,20.452000,17.878000,20.452000,0.173143,0.826533,0.793770,2.926829,-0.298345,0.423467,0.000000,0.000000,1,1
1789802111.496011,5,17.956919,20.826211,-0.029469,19.128000,20.452000,17.878000,20.452000,0.173143,0.826533,0.793770,2.926829,-0.298345,0.423467,0.000000,0.000000,1,1
1789802111.595982,5,17.956919,20.826211,-0.029469,19.128000,20.452000,17.878000,20.452000,0.173143,0.826533,0.793770,2.926829,-0.298345,0.423467,0.000000,0.000000,1,1
1789802111.696052,5,17.956919,20.826211,-0.029469,19.128000,20.452000,17.878000,20.452000,0.173143,0.826533,0.793770,2.926829,-0.298345,0.423467,0.000000,0.000000,1,1
1789802111.795981,5,17.956919,20.826211,-0.029469,19.128000,20.452000,17.878000,20.452000,0.173143,0.826533,0.793770,2.926829,-0.298345,0.423467,0.000000,0.000000,1,1
1789802111.896036,5,17.956919,20.826211,-0.029469,19.128000,20.452000,17.878000,20.452000,0.173143,0.826533,0.793770,2.926829,-0.298345,0.423467,0.000000,0.000000,1,1
1789802111.996060,5,17.956919,20.826211,-0.029469,19.128000,20.452000,17.878000,20.452000,0.173143,0.826533,0.793770,2.926829,-0.298345,0.423467,0.000000,0.000000,1,1
1789802112.096040,5,17.956919,20.826211,-0.029469,19.128000,20.452000,17.878000,20.452000,0.173143,0.826533,0.793770,2.926829,-0.298345,0.423467,0.000000,0.000000,1,1
1789802112.196020,5,17.956919,20.826211,-0.029469,19.128000,20.452000,17.878000,20.452000,0.173143,0.826533,0.793770,2.926829,-0.298345,0.423467,0.000000,0.000000,1,1
1789802112.296027,5,17.956919,20.826211,-0.029469,19.128000,20.452000,17.878000,20.452000,0.173143,0.826533,0.793770,2.926829,-0.298345,0.423467,0.000000,0.000000,1,1
1789802112.396047,5,17.956919,20.826211,-0.029469,19.128000,20.452000,17.878000,20.452000,0.173143,0.826533,0.793770,2.926829,-0.298345,0.423467,0.000000,0.000000,1,1
1789802112.496033,5,17.956919,20.826211,-0.029469,19.128000,20.452000,17.878000,20.452000,0.173143,0.826533,0.793770,2.926829,-0.298345,0.423467,0.000000,0.000000,1,1
1789802112.596144,5,17.956919,20.826211,-0.029469,19.128000,20.452000,17.878000,20.452000,0.173143,0.826533,0.793770,2.926829,-0.298345,0.423467,0.000000,0.000000,1,1
1789802112.696069,5,17.956919,20.826211,-0.029469,19.128000,20.452000,17.878000,20.452000,0.173143,0.826533,0.793770,2.926829,-0.298345,0.423467,0.000000,0.000000,1,1
1789802112.796061,5,17.956919,20.826211,-0.029469,19.128000,20.452000,17.878000,20.452000,0.173143,0.826533,0.793770,2.926829,-0.298345,0.423467,0.000000,0.000000,1,1
1789802112.896097,5,17.956919,20.826211,-0.029469,19.128000,20.452000,17.878000,20.452000,0.173143,0.826533,0.793770,2.926829,-0.298345,0.423467,0.000000,0.000000,1,1
1789802112.996110,5,17.956919,20.826211,-0.029469,19.128000,20.452000,17.878000,20.452000,0.173143,0.826533,0.793770,2.926829,-0.298345,0.423467,0.000000,0.000000,1,1
1789802113.096100,5,17.956919,20.826211,-0.029469,19.128000,20.452000,17.878000,20.452000,0.173143,0.826533,0.793770,2.926829,-0.298345,0.423467,0.000000,0.000000,1,1
1789802113.196085,5,17.956919,20.826211,-0.029469,19.128000,20.452000,17.878000,20.452000,0.173143,0.826533,0.793770,2.926829,-0.298345,0.423467,0.000000,0.000000,1,1
1789802113.296092,5,17.956919,20.826211,-0.029469,19.128000,20.452000,17.878000,20.452000,0.173143,0.826533,0.793770,2.926829,-0.298345,0.423467,0.000000,0.000000,1,1
1789802113.396082,5,17.956919,20.826211,-0.029469,19.128000,20.452000,17.878000,20.452000,0.173143,0.826533,0.793770,2.926829,-0.298345,0.423467,0.000000,0.000000,1,1
1789802113.496085,5,17.956919,20.826211,-0.029469,19.128000,20.452000,17.878000,20.452000,0.173143,0.826533,0.793770,2.926829,-0.298345,0.423467,0.000000,0.000000,1,1
1789802113.596086,5,17.956919,20.826211,-0.029469,19.128000,20.452000,17.878000,20.452000,0.173143,0.826533,0.793770,2.926829,-0.298345,0.423467,0.000000,0.000000,1,1
1789802113.696107,5,17.956919,20.826211,-0.029469,19.128000,20.452000,17.878000,20.452000,0.173143,0.826533,0.793770,2.926829,-0.298345,0.423467,0.000000,0.000000,1,1
1789802113.796090,5,17.956919,20.826211,-0.029469,19.128000,20.452000,17.878000,20.452000,0.173143,0.826533,0.793770,2.926829,-0.298345,0.423467,0.000000,0.000000,1,1
1789802113.896101,5,17.956919,20.826211,-0.029469,19.128000,20.452000,17.878000,20.452000,0.173143,0.826533,0.793770,2.926829,-0.298345,0.423467,0.000000,0.000000,1,1
1789802113.996146,5,17.956919,20.826211,-0.029469,19.128000,20.452000,17.878000,20.452000,0.173143,0.826533,0.793770,2.926829,-0.298345,0.423467,0.000000,0.000000,1,1
1789802114.096276,5,17.956919,20.826211,-0.029469,19.128000,20.452000,17.878000,20.452000,0.173143,0.826533,0.793770,2.926829,-0.298345,0.423467,0.000000,0.000000,1,1
1789802114.196136,5,17.956919,20.826211,-0.029469,19.128000,20.452000,17.878000,20.452000,0.173143,0.826533,0.793770,2.926829,-0.298345,0.423467,0.000000,0.000000,1,1
1789802114.296145,5,17.956919,20.826211,-0.029469,19.128000,20.452000,17.878000,20.452000,0.173143,0.826533,0.793770,2.926829,-0.298345,0.423467,0.000000,0.000000,1,1
1789802114.396142,5,17.956919,20.826211,-0.029469,19.128000,20.452000,17.878000,20.452000,0.173143,0.826533,0.793770,2.926829,-0.298345,0.423467,0.000000,0.000000,1,1
1789802114.496150,5,17.956919,20.826211,-0.029469,19.128000,20.452000,17.878000,20.452000,0.173143,0.826533,0.793770,2.926829,-0.298345,0.423467,0.000000,0.000000,1,1
1789802114.596154,5,17.956919,20.826211,-0.029469,19.128000,20.452000,17.878000,20.452000,0.173143,0.826533,0.793770,2.926829,-0.298345,0.423467,0.000000,0.000000,1,1
1789802114.696172,5,17.956919,20.826211,-0.029469,19.128000,20.452000,17.878000,20.452000,0.173143,0.826533,0.793770,2.926829,-0.298345,0.423467,0.000000,0.000000,1,1
1789802114.796173,5,17.956919,20.826211,-0.029469,19.128000,20.452000,17.878000,20.452000,0.173143,0.826533,0.793770,2.926829,-0.298345,0.423467,0.000000,0.000000,1,1
1789802114.896161,5,17.956919,20.826211,-0.029469,19.128000,20.452000,17.878000,20.452000,0.173143,0.826533,0.793770,2.926829,-0.298345,0.423467,0.000000,0.000000,1,1
1789802114.996177,5,17.956919,20.826211,-0.029469,19.128000,20.452000,17.878000,20.452000,0.173143,0.826533,0.793770,2.926829,-0.298345,0.423467,0.000000,0.000000,1,1
1789802115.096169,5,17.956919,20.826211,-0.029469,19.128000,20.452000,17.878000,20.452000,0.173143,0.826533,0.793770,2.926829,-0.298345,0.423467,0.000000,0.000000,1,1
1789802115.196240,5,17.956919,20.826211,-0.029469,19.128000,20.452000,17.878000,20.452000,0.173143,0.826533,0.793770,2.926829,-0.298345,0.423467,0.000000,0.000000,1,1
1789802115.296226,5,17.956919,20.826211,-0.029469,19.128000,20.452000,17.878000,20.452000,0.173143,0.826533,0.793770,2.926829,-0.298345,0.423467,0.000000,0.000000,1,1
1789802115.396183,5,17.956919,20.826211,-0.029469,19.128000,20.452000,17.878000,20.452000,0.173143,0.826533,0.793770,2.926829,-0.298345,0.423467,0.000000,0.000000,1,1
1789802115.496210,5,17.956919,20.826211,-0.029469,19.128000,20.452000,17.878000,20.452000,0.173143,0.826533,0.793770,2.926829,-0.298345,0.423467,0.000000,0.000000,1,1
1789802115.596250,5,17.956919,20.826211,-0.029469,19.128000,20.452000,17.878000,20.452000,0.173143,0.826533,0.793770,2.926829,-0.298345,0.423467,0.000000,0.000000,1,1
1789802115.696401,5,17.956919,20.826211,-0.029469,19.128000,20.452000,17.878000,20.452000,0.173143,0.826533,0.793770,2.926829,-0.298345,0.423467,0.000000,0.000000,1,1
1789802115.796248,5,17.956919,20.826211,-0.029469,19.128000,20.452000,17.878000,20.452000,0.173143,0.826533,0.793770,2.926829,-0.298345,0.423467,0.000000,0.000000,1,1
1789802115.896232,5,17.956919,20.826211,-0.029469,19.128000,20.452000,17.878000,20.452000,0.173143,0.826533,0.793770,2.926829,-0.298345,0.423467,0.000000,0.000000,1,1
1789802115.996290,5,17.956919,20.826211,-0.029469,19.128000,20.452000,17.878000,20.452000,0.173143,0.826533,0.793770,2.926829,-0.298345,0.423467,0.000000,0.000000,1,1
1789802116.096203,5,17.956919,20.826211,-0.029469,19.128000,20.452000,17.878000,20.452000,0.173143,0.826533,0.793770,2.926829,-0.298345,0.423467,0.000000,0.000000,1,1
1789802116.197615,5,17.956919,20.826211,-0.029469,19.128000,20.452000,17.878000,20.452000,0.173143,0.826533,0.793770,2.926829,-0.298345,0.423467,0.000000,0.000000,1,1
1789802116.296330,5,17.956919,20.826211,-0.029469,19.128000,20.452000,17.878000,20.452000,0.173143,0.826533,0.793770,2.926829,-0.298345,0.423467,0.000000,0.000000,1,1
1789802116.396250,5,17.956919,20.826211,-0.029469,19.128000,20.452000,17.878000,20.452000,0.173143,0.826533,0.793770,2.926829,-0.298345,0.423467,0.000000,0.000000,1,1
1789802116.496227,5,17.956919,20.826211,-0.029469,19.128000,20.452000,17.878000,20.452000,0.173143,0.826533,0.793770,2.926829,-0.298345,0.423467,0.000000,0.000000,1,1
1789802116.596224,5,17.956919,20.826211,-0.029469,19.128000,20.452000,17.878000,20.452000,0.173143,0.826533,0.793770,2.926829,-0.298345,0.423467,0.000000,0.000000,1,1
1789802116.696262,5,17.956919,20.826211,-0.029469,19.128000,20.452000,17.878000,20.452000,0.173143,0.826533,0.793770,2.926829,-0.298345,0.423467,0.000000,0.000000,1,1
1789802116.796245,5,17.956919,20.826211,-0.029469,19.128000,20.452000,17.878000,20.452000,0.173143,0.826533,0.793770,2.926829,-0.298345,0.423467,0.000000,0.000000,1,1
1789802116.896283,5,17.956919,20.826211,-0.029469,19.128000,20.452000,17.878000,20.452000,0.173143,0.826533,0.793770,2.926829,-0.298345,0.423467,0.000000,0.000000,1,1
1789802116.996285,5,17.956919,20.826211,-0.029469,19.128000,20.452000,17.878000,20.452000,0.173143,0.826533,0.793770,2.926829,-0.298345,0.423467,0.000000,0.000000,1,1
1789802117.096268,5,17.956919,20.826211,-0.029469,19.128000,20.452000,17.878000,20.452000,0.173143,0.826533,0.793770,2.926829,-0.298345,0.423467,0.000000,0.000000,1,1
1789802117.196286,5,17.956919,20.826211,-0.029469,19.128000,20.452000,17.878000,20.452000,0.173143,0.826533,0.793770,2.926829,-0.298345,0.423467,0.000000,0.000000,1,1
1789802117.296299,5,17.956919,20.826211,-0.029469,19.128000,20.452000,17.878000,20.452000,0.173143,0.826533,0.793770,2.926829,-0.298345,0.423467,0.000000,0.000000,1,1
1789802117.396361,5,17.956919,20.826211,-0.029469,19.128000,20.452000,17.878000,20.452000,0.173143,0.826533,0.793770,2.926829,-0.298345,0.423467,0.000000,0.000000,1,1
1789802117.496257,5,17.956919,20.826211,-0.029469,19.128000,20.452000,17.878000,20.452000,0.173143,0.826533,0.793770,2.926829,-0.298345,0.423467,0.000000,0.000000,1,1
1789802117.596339,5,17.956919,20.826211,-0.029469,19.128000,20.452000,17.878000,20.452000,0.173143,0.826533,0.793770,2.926829,-0.298345,0.423467,0.000000,0.000000,1,1
1789802117.696328,5,17.956919,20.826211,-0.029469,19.128000,20.452000,17.878000,20.452000,0.173143,0.826533,0.793770,2.926829,-0.298345,0.423467,0.000000,0.000000,1,1
1789802117.796321,5,17.956919,20.826211,-0.029469,19.128000,20.452000,17.878000,20.452000,0.173143,0.826533,0.793770,2.926829,-0.298345,0.423467,0.000000,0.000000,1,1
1789802117.896306,5,17.956919,20.826211,-0.029469,19.128000,20.452000,17.878000,20.452000,0.173143,0.826533,0.793770,2.926829,-0.298345,0.423467,0.000000,0.000000,1,1
1789802117.996317,5,17.956919,20.826211,-0.029469,19.128000,20.452000,17.878000,20.452000,0.173143,0.826533,0.793770,2.926829,-0.298345,0.423467,0.000000,0.000000,1,1
1789802118.096305,5,17.956919,20.826211,-0.029469,19.128000,20.452000,17.878000,20.452000,0.173143,0.826533,0.793770,2.926829,-0.298345,0.423467,0.000000,0.000000,1,1
1789802118.196320,5,17.956919,20.826211,-0.029469,19.128000,20.452000,17.878000,20.452000,0.173143,0.826533,0.793770,2.926829,-0.298345,0.423467,0.000000,0.000000,1,1
1789802118.296415,5,17.956919,20.826211,-0.029469,19.128000,20.452000,17.878000,20.452000,0.173143,0.826533,0.793770,2.926829,-0.298345,0.423467,0.000000,0.000000,1,1
1789802118.396319,5,17.956919,20.826211,-0.029469,19.128000,20.452000,17.878000,20.452000,0.173143,0.826533,0.793770,2.926829,-0.298345,0.423467,0.000000,0.000000,1,1
1789802118.496317,5,17.956919,20.826211,-0.029469,19.128000,20.452000,17.878000,20.452000,0.173143,0.826533,0.793770,2.926829,-0.298345,0.423467,0.000000,0.000000,1,1
1789802118.596330,5,17.956919,20.826211,-0.029469,19.128000,20.452000,17.878000,20.452000,0.173143,0.826533,0.793770,2.926829,-0.298345,0.423467,0.000000,0.000000,1,1
1789802118.696395,5,17.956919,20.826211,-0.029469,19.128000,20.452000,17.878000,20.452000,0.173143,0.826533,0.793770,2.926829,-0.298345,0.423467,0.000000,0.000000,1,1
1789802118.796361,5,17.956919,20.826211,-0.029469,19.128000,20.452000,17.878000,20.452000,0.173143,0.826533,0.793770,2.926829,-0.298345,0.423467,0.000000,0.000000,1,1
1789802118.896381,5,17.956919,20.826211,-0.029469,19.128000,20.452000,17.878000,20.452000,0.173143,0.826533,0.793770,2.926829,-0.298345,0.423467,0.000000,0.000000,1,1
1789802118.996393,5,17.956919,20.826211,-0.029469,19.128000,20.452000,17.878000,20.452000,0.173143,0.826533,0.793770,2.926829,-0.298345,0.423467,0.000000,0.000000,1,1
1789802119.096386,5,17.956919,20.826211,-0.029469,19.128000,20.452000,17.878000,20.452000,0.173143,0.826533,0.793770,2.926829,-0.298345,0.423467,0.000000,0.000000,1,1
1789802119.196612,5,17.956919,20.826211,-0.029469,19.128000,20.452000,17.878000,20.452000,0.173143,0.826533,0.793770,2.926829,-0.298345,0.423467,0.000000,0.000000,1,1
1789802119.296367,5,17.956919,20.826211,-0.029469,19.128000,20.452000,17.878000,20.452000,0.173143,0.826533,0.793770,2.926829,-0.298345,0.423467,0.000000,0.000000,1,1
1789802119.396377,5,17.956919,20.826211,-0.029469,19.128000,20.452000,17.878000,20.452000,0.173143,0.826533,0.793770,2.926829,-0.298345,0.423467,0.000000,0.000000,1,1
1789802119.496392,5,17.956919,20.826211,-0.029469,19.128000,20.452000,17.878000,20.452000,0.173143,0.826533,0.793770,2.926829,-0.298345,0.423467,0.000000,0.000000,1,1
1789802119.596431,5,17.956919,20.826211,-0.029469,19.128000,20.452000,17.878000,20.452000,0.173143,0.826533,0.793770,2.926829,-0.298345,0.423467,0.000000,0.000000,1,1
1789802119.696403,5,17.956919,20.826211,-0.029469,19.128000,20.452000,17.878000,20.452000,0.173143,0.826533,0.793770,2.926829,-0.298345,0.423467,0.000000,0.000000,1,1
1789802119.796389,5,17.956919,20.826211,-0.029469,19.128000,20.452000,17.878000,20.452000,0.173143,0.826533,0.793770,2.926829,-0.298345,0.423467,0.000000,0.000000,1,1
1789802119.896394,5,17.956919,20.826211,-0.029469,19.128000,20.452000,17.878000,20.452000,0.173143,0.826533,0.793770,2.926829,-0.298345,0.423467,0.000000,0.000000,1,1
1789802119.996418,5,17.956919,20.826211,-0.029469,19.128000,20.452000,17.878000,20.452000,0.173143,0.826533,0.793770,2.926829,-0.298345,0.423467,0.000000,0.000000,1,1
1789802120.096426,5,17.956919,20.826211,-0.029469,19.128000,20.452000,17.878000,20.452000,0.173143,0.826533,0.793770,2.926829,-0.298345,0.423467,0.000000,0.000000,1,1
1789802120.196415,5,17.956919,20.826211,-0.029469,19.128000,20.452000,17.878000,20.452000,0.173143,0.826533,0.793770,2.926829,-0.298345,0.423467,0.000000,0.000000,1,1
1789802120.296548,5,17.956919,20.826211,-0.029469,19.128000,20.452000,17.878000,20.452000,0.173143,0.826533,0.793770,2.926829,-0.298345,0.423467,0.000000,0.000000,1,1
1789802120.398998,5,17.956919,20.826211,-0.029469,19.128000,20.452000,17.878000,20.452000,0.173143,0.826533,0.793770,2.926829,-0.298345,0.423467,0.000000,0.000000,1,1
1789802120.496431,5,17.956919,20.826211,-0.029469,19.128000,20.452000,17.878000,20.452000,0.173143,0.826533,0.793770,2.926829,-0.298345,0.423467,0.000000,0.000000,1,1
1789802120.596487,5,17.956919,20.826211,-0.029469,19.128000,20.452000,17.878000,20.452000,0.173143,0.826533,0.793770,2.926829,-0.298345,0.423467,0.000000,0.000000,1,1
1789802120.696443,5,17.956919,20.826211,-0.029469,19.128000,20.452000,17.878000,20.452000,0.173143,0.826533,0.793770,2.926829,-0.298345,0.423467,0.000000,0.000000,1,1
1789802120.796476,5,17.956919,20.826211,-0.029469,19.128000,20.452000,17.878000,20.452000,0.173143,0.826533,0.793770,2.926829,-0.298345,0.423467,0.000000,0.000000,1,1
1789802120.896449,5,17.956919,20.826211,-0.029469,19.128000,20.452000,17.878000,20.452000,0.173143,0.826533,0.793770,2.926829,-0.298345,0.423467,0.000000,0.000000,1,1
1789802120.996468,5,17.956919,20.826211,-0.029469,19.128000,20.452000,17.878000,20.452000,0.173143,0.826533,0.793770,2.926829,-0.298345,0.423467,0.000000,0.000000,1,1
1789802121.096597,5,17.956919,20.826211,-0.029469,19.128000,20.452000,17.878000,20.452000,0.173143,0.826533,0.793770,2.926829,-0.298345,0.423467,0.000000,0.000000,1,1
1789802121.196502,5,17.956919,20.826211,-0.029469,19.128000,20.452000,17.878000,20.452000,0.173143,0.826533,0.793770,2.926829,-0.298345,0.423467,0.000000,0.000000,1,1
1789802121.296464,5,17.956919,20.826211,-0.029469,19.128000,20.452000,17.878000,20.452000,0.173143,0.826533,0.793770,2.926829,-0.298345,0.423467,0.000000,0.000000,1,1
1789802121.396470,5,17.956919,20.826211,-0.029469,19.128000,20.452000,17.878000,20.452000,0.173143,0.826533,0.793770,2.926829,-0.298345,0.423467,0.000000,0.000000,1,1
1789802121.496506,5,17.956919,20.826211,-0.029469,19.128000,20.452000,17.878000,20.452000,0.173143,0.826533,0.793770,2.926829,-0.298345,0.423467,0.000000,0.000000,1,1
1789802121.596464,5,17.956919,20.826211,-0.029469,19.128000,20.452000,17.878000,20.452000,0.173143,0.826533,0.793770,2.926829,-0.298345,0.423467,0.000000,0.000000,1,1
1789802121.696485,5,17.956919,20.826211,-0.029469,19.128000,20.452000,17.878000,20.452000,0.173143,0.826533,0.793770,2.926829,-0.298345,0.423467,0.000000,0.000000,1,1
1789802121.796479,5,17.956919,20.826211,-0.029469,19.128000,20.452000,17.878000,20.452000,0.173143,0.826533,0.793770,2.926829,-0.298345,0.423467,0.000000,0.000000,1,1
1789802121.896498,5,17.956919,20.826211,-0.029469,19.128000,20.452000,17.878000,20.452000,0.173143,0.826533,0.793770,2.926829,-0.298345,0.423467,0.000000,0.000000,1,1
1789802121.996523,5,17.956919,20.826211,-0.029469,19.128000,20.452000,17.878000,20.452000,0.173143,0.826533,0.793770,2.926829,-0.298345,0.423467,0.000000,0.000000,1,1
1789802122.096493,5,17.956919,20.826211,-0.029469,19.128000,20.452000,17.878000,20.452000,0.173143,0.826533,0.793770,2.926829,-0.298345,0.423467,0.000000,0.000000,1,1
1789802122.196488,5,17.956919,20.826211,-0.029469,19.128000,20.452000,17.878000,20.452000,0.173143,0.826533,0.793770,2.926829,-0.298345,0.423467,0.000000,0.000000,1,1
1789802122.296529,5,17.956919,20.826211,-0.029469,19.128000,20.452000,17.878000,20.452000,0.173143,0.826533,0.793770,2.926829,-0.298345,0.423467,0.000000,0.000000,1,1
1789802122.396507,5,17.956919,20.826211,-0.029469,19.128000,20.452000,17.878000,20.452000,0.173143,0.826533,0.793770,2.926829,-0.298345,0.423467,0.000000,0.000000,1,1
1789802122.496549,5,17.956919,20.826211,-0.029469,19.128000,20.452000,17.878000,20.452000,0.173143,0.826533,0.793770,2.926829,-0.298345,0.423467,0.000000,0.000000,1,1
1789802122.596552,5,17.956919,20.826211,-0.029469,19.128000,20.452000,17.878000,20.452000,0.173143,0.826533,0.793770,2.926829,-0.298345,0.423467,0.000000,0.000000,1,1
1789802122.696479,5,17.956919,20.826211,-0.029469,19.128000,20.452000,17.878000,20.452000,0.173143,0.826533,0.793770,2.926829,-0.298345,0.423467,0.000000,0.000000,1,1
1789802122.796554,5,17.956919,20.826211,-0.029469,19.128000,20.452000,17.878000,20.452000,0.173143,0.826533,0.793770,2.926829,-0.298345,0.423467,0.000000,0.000000,1,1
1789802122.896531,5,17.956919,20.826211,-0.029469,19.128000,20.452000,17.878000,20.452000,0.173143,0.826533,0.793770,2.926829,-0.298345,0.423467,0.000000,0.000000,1,1
1789802122.996541,5,17.956919,20.826211,-0.029469,19.128000,20.452000,17.878000,20.452000,0.173143,0.826533,0.793770,2.926829,-0.298345,0.423467,0.000000,0.000000,1,1
1789802123.096576,5,17.956919,20.826211,-0.029469,19.128000,20.452000,17.878000,20.452000,0.173143,0.826533,0.793770,2.926829,-0.298345,0.423467,0.000000,0.000000,1,1
1789802123.196551,5,17.956919,20.826211,-0.029469,19.128000,20.452000,17.878000,20.452000,0.173143,0.826533,0.793770,2.926829,-0.298345,0.423467,0.000000,0.000000,1,1
1789802123.296558,5,17.956919,20.826211,-0.029469,19.128000,20.452000,17.878000,20.452000,0.173143,0.826533,0.793770,2.926829,-0.298345,0.423467,0.000000,0.000000,1,1
1789802123.396577,5,17.956919,20.826211,-0.029469,19.128000,20.452000,17.878000,20.452000,0.173143,0.826533,0.793770,2.926829,-0.298345,0.423467,0.000000,0.000000,1,1
1789802123.497703,5,17.956919,20.826211,-0.029469,19.128000,20.452000,17.878000,20.452000,0.173143,0.826533,0.793770,2.926829,-0.298345,0.423467,0.000000,0.000000,1,1
1789802123.596585,5,17.956919,20.826211,-0.029469,19.128000,20.452000,17.878000,20.452000,0.173143,0.826533,0.793770,2.926829,-0.298345,0.423467,0.000000,0.000000,1,1
1789802123.696572,5,17.956919,20.826211,-0.029469,19.128000,20.452000,17.878000,20.452000,0.173143,0.826533,0.793770,2.926829,-0.298345,0.423467,0.000000,0.000000,1,1
1789802123.796663,5,17.956919,20.826211,-0.029469,19.128000,20.452000,17.878000,20.452000,0.173143,0.826533,0.793770,2.926829,-0.298345,0.423467,0.000000,0.000000,1,1
1789802123.896596,5,17.956919,20.826211,-0.029469,19.128000,20.452000,17.878000,20.452000,0.173143,0.826533,0.793770,2.926829,-0.298345,0.423467,0.000000,0.000000,1,1
1789802123.996744,5,17.956919,20.826211,-0.029469,19.128000,20.452000,17.878000,20.452000,0.173143,0.826533,0.793770,2.926829,-0.298345,0.423467,0.000000,0.000000,1,1
1789802124.096737,5,17.956919,20.826211,-0.029469,19.128000,20.452000,17.878000,20.452000,0.173143,0.826533,0.793770,2.926829,-0.298345,0.423467,0.000000,0.000000,1,1
1789802124.196615,5,17.956919,20.826211,-0.029469,19.128000,20.452000,17.878000,20.452000,0.173143,0.826533,0.793770,2.926829,-0.298345,0.423467,0.000000,0.000000,1,1
1789802124.296600,5,17.956919,20.826211,-0.029469,19.128000,20.452000,17.878000,20.452000,0.173143,0.826533,0.793770,2.926829,-0.298345,0.423467,0.000000,0.000000,1,1
1789802124.396752,5,17.956919,20.826211,-0.029469,19.128000,20.452000,17.878000,20.452000,0.173143,0.826533,0.793770,2.926829,-0.298345,0.423467,0.000000,0.000000,1,1
1789802124.496637,5,17.956919,20.826211,-0.029469,19.128000,20.452000,17.878000,20.452000,0.173143,0.826533,0.793770,2.926829,-0.298345,0.423467,0.000000,0.000000,1,1
1789802124.596628,5,17.956919,20.826211,-0.029469,19.128000,20.452000,17.878000,20.452000,0.173143,0.826533,0.793770,2.926829,-0.298345,0.423467,0.000000,0.000000,1,1
1789802124.696625,5,17.956919,20.826211,-0.029469,19.128000,20.452000,17.878000,20.452000,0.173143,0.826533,0.793770,2.926829,-0.298345,0.423467,0.000000,0.000000,1,1
1789802124.796617,5,17.956919,20.826211,-0.029469,19.128000,20.452000,17.878000,20.452000,0.173143,0.826533,0.793770,2.926829,-0.298345,0.423467,0.000000,0.000000,1,1
1789802124.896819,5,17.956919,20.826211,-0.029469,19.128000,20.452000,17.878000,20.452000,0.173143,0.826533,0.793770,2.926829,-0.298345,0.423467,0.000000,0.000000,1,1
1789802124.996650,5,17.956919,20.826211,-0.029469,19.128000,20.452000,17.878000,20.452000,0.173143,0.826533,0.793770,2.926829,-0.298345,0.423467,0.000000,0.000000,1,1
1789802125.096635,5,17.956919,20.826211,-0.029469,19.128000,20.452000,17.878000,20.452000,0.173143,0.826533,0.793770,2.926829,-0.298345,0.423467,0.000000,0.000000,1,1
1789802125.196739,5,17.956919,20.826211,-0.029469,19.128000,20.452000,17.878000,20.452000,0.173143,0.826533,0.793770,2.926829,-0.298345,0.423467,0.000000,0.000000,1,1
1789802125.296674,5,17.956919,20.826211,-0.029469,19.128000,20.452000,17.878000,20.452000,0.173143,0.826533,0.793770,2.926829,-0.298345,0.423467,0.000000,0.000000,1,1
1789802125.396927,5,17.956919,20.826211,-0.029469,19.128000,20.452000,17.878000,20.452000,0.173143,0.826533,0.793770,2.926829,-0.298345,0.423467,0.000000,0.000000,1,1
1789802125.497081,5,17.956919,20.826211,-0.029469,19.128000,20.452000,17.878000,20.452000,0.173143,0.826533,0.793770,2.926829,-0.298345,0.423467,0.000000,0.000000,1,1
1789802125.596746,5,17.956919,20.826211,-0.029469,19.128000,20.452000,17.878000,20.452000,0.173143,0.826533,0.793770,2.926829,-0.298345,0.423467,0.000000,0.000000,1,1
1789802125.696719,5,17.956919,20.826211,-0.029469,19.128000,20.452000,17.878000,20.452000,0.173143,0.826533,0.793770,2.926829,-0.298345,0.423467,0.000000,0.000000,1,1
1789802125.796732,5,17.956919,20.826211,-0.029469,19.128000,20.452000,17.878000,20.452000,0.173143,0.826533,0.793770,2.926829,-0.298345,0.423467,0.000000,0.000000,1,1
1789802125.896749,5,17.956919,20.826211,-0.029469,19.128000,20.452000,17.878000,20.452000,0.173143,0.826533,0.793770,2.926829,-0.298345,0.423467,0.000000,0.000000,1,1
1789802125.996745,5,17.956919,20.826211,-0.029469,19.128000,20.452000,17.878000,20.452000,0.173143,0.826533,0.793770,2.926829,-0.298345,0.423467,0.000000,0.000000,1,1
1789802126.096758,5,17.956919,20.826211,-0.029469,19.128000,20.452000,17.878000,20.452000,0.173143,0.826533,0.793770,2.926829,-0.298345,0.423467,0.000000,0.000000,1,1
1789802126.196795,5,17.956919,20.826211,-0.029469,19.128000,20.452000,17.878000,20.452000,0.173143,0.826533,0.793770,2.926829,-0.298345,0.423467,0.000000,0.000000,1,1
1789802126.298039,5,17.956919,20.826211,-0.029469,19.128000,20.452000,17.878000,20.452000,0.173143,0.826533,0.793770,2.926829,-0.298345,0.423467,0.000000,0.000000,1,1
1789802126.396931,5,17.956919,20.826211,-0.029469,19.128000,20.452000,17.878000,20.452000,0.173143,0.826533,0.793770,2.926829,-0.298345,0.423467,0.000000,0.000000,1,1
1789802126.496850,5,17.956919,20.826211,-0.029469,19.128000,20.452000,17.878000,20.452000,0.173143,0.826533,0.793770,2.926829,-0.298345,0.423467,0.000000,0.000000,1,1
1789802126.596784,5,17.956919,20.826211,-0.029469,19.128000,20.452000,17.878000,20.452000,0.173143,0.826533,0.793770,2.926829,-0.298345,0.423467,0.000000,0.000000,1,1
1789802126.696799,5,17.956919,20.826211,-0.029469,19.128000,20.452000,17.878000,20.452000,0.173143,0.826533,0.793770,2.926829,-0.298345,0.423467,0.000000,0.000000,1,1
1789802126.796767,5,17.956919,20.826211,-0.029469,19.128000,20.452000,17.878000,20.452000,0.173143,0.826533,0.793770,2.926829,-0.298345,0.423467,0.000000,0.000000,1,1
1789802126.896916,5,17.956919,20.826211,-0.029469,19.128000,20.452000,17.878000,20.452000,0.173143,0.826533,0.793770,2.926829,-0.298345,0.423467,0.000000,0.000000,1,1
1789802126.996753,5,17.956919,20.826211,-0.029469,19.128000,20.452000,17.878000,20.452000,0.173143,0.826533,0.793770,2.926829,-0.298345,0.423467,0.000000,0.000000,1,1
1789802127.096799,5,17.956919,20.826211,-0.029469,19.128000,20.452000,17.878000,20.452000,0.173143,0.826533,0.793770,2.926829,-0.298345,0.423467,0.000000,0.000000,1,1
1789802127.196748,5,17.956919,20.826211,-0.029469,19.128000,20.452000,17.878000,20.452000,0.173143,0.826533,0.793770,2.926829,-0.298345,0.423467,0.000000,0.000000,1,1
1789802127.296767,5,17.956919,20.826211,-0.029469,19.128000,20.452000,17.878000,20.452000,0.173143,0.826533,0.793770,2.926829,-0.298345,0.423467,0.000000,0.000000,1,1
1789802127.396748,5,17.956919,20.826211,-0.029469,19.128000,20.452000,17.878000,20.452000,0.173143,0.826533,0.793770,2.926829,-0.298345,0.423467,0.000000,0.000000,1,1
1789802127.497747,5,17.956919,20.826211,-0.029469,19.128000,20.452000,17.878000,20.452000,0.173143,0.826533,0.793770,2.926829,-0.298345,0.423467,0.000000,0.000000,1,1
1789802127.596773,5,17.956919,20.826211,-0.029469,19.128000,20.452000,17.878000,20.452000,0.173143,0.826533,0.793770,2.926829,-0.298345,0.423467,0.000000,0.000000,1,1
1789802127.697080,5,17.956919,20.826211,-0.029469,19.128000,20.452000,17.878000,20.452000,0.173143,0.826533,0.793770,2.926829,-0.298345,0.423467,0.000000,0.000000,1,1
1789802127.796776,5,17.956919,20.826211,-0.029469,19.128000,20.452000,17.878000,20.452000,0.173143,0.826533,0.793770,2.926829,-0.298345,0.423467,0.000000,0.000000,1,1
1789802127.896767,5,17.956919,20.826211,-0.029469,19.128000,20.452000,17.878000,20.452000,0.173143,0.826533,0.793770,2.926829,-0.298345,0.423467,0.000000,0.000000,1,1
1789802127.997064,5,17.956919,20.826211,-0.029469,19.128000,20.452000,17.878000,20.452000,0.173143,0.826533,0.793770,2.926829,-0.298345,0.423467,0.000000,0.000000,1,1
1789802128.096818,5,17.956919,20.826211,-0.029469,19.128000,20.452000,17.878000,20.452000,0.173143,0.826533,0.793770,2.926829,-0.298345,0.423467,0.000000,0.000000,1,1
1789802128.196738,5,17.956919,20.826211,-0.029469,19.128000,20.452000,17.878000,20.452000,0.173143,0.826533,0.793770,2.926829,-0.298345,0.423467,0.000000,0.000000,1,1
1789802128.296791,5,17.956919,20.826211,-0.029469,19.128000,20.452000,17.878000,20.452000,0.173143,0.826533,0.793770,2.926829,-0.298345,0.423467,0.000000,0.000000,1,1
1789802128.396800,5,17.956919,20.826211,-0.029469,19.128000,20.452000,17.878000,20.452000,0.173143,0.826533,0.793770,2.926829,-0.298345,0.423467,0.000000,0.000000,1,1
1789802128.496816,5,17.956919,20.826211,-0.029469,19.128000,20.452000,17.878000,20.452000,0.173143,0.826533,0.793770,2.926829,-0.298345,0.423467,0.000000,0.000000,1,1
1789802128.596837,5,17.956919,20.826211,-0.029469,19.128000,20.452000,17.878000,20.452000,0.173143,0.826533,0.793770,2.926829,-0.298345,0.423467,0.000000,0.000000,1,1
1789802128.696815,5,17.956919,20.826211,-0.029469,19.128000,20.452000,17.878000,20.452000,0.173143,0.826533,0.793770,2.926829,-0.298345,0.423467,0.000000,0.000000,1,1
1789802128.796828,5,17.956919,20.826211,-0.029469,19.128000,20.452000,17.878000,20.452000,0.173143,0.826533,0.793770,2.926829,-0.298345,0.423467,0.000000,0.000000,1,1
1789802128.896830,5,17.956919,20.826211,-0.029469,19.128000,20.452000,17.878000,20.452000,0.173143,0.826533,0.793770,2.926829,-0.298345,0.423467,0.000000,0.000000,1,1
1789802128.996890,5,17.956919,20.826211,-0.029469,19.128000,20.452000,17.878000,20.452000,0.173143,0.826533,0.793770,2.926829,-0.298345,0.423467,0.000000,0.000000,1,1
1789802129.096828,5,17.956919,20.826211,-0.029469,19.128000,20.452000,17.878000,20.452000,0.173143,0.826533,0.793770,2.926829,-0.298345,0.423467,0.000000,0.000000,1,1
1789802129.196785,5,17.956919,20.826211,-0.029469,19.128000,20.452000,17.878000,20.452000,0.173143,0.826533,0.793770,2.926829,-0.298345,0.423467,0.000000,0.000000,1,1
1789802129.296878,5,17.956919,20.826211,-0.029469,19.128000,20.452000,17.878000,20.452000,0.173143,0.826533,0.793770,2.926829,-0.298345,0.423467,0.000000,0.000000,1,1
1789802129.396868,5,17.956919,20.826211,-0.029469,19.128000,20.452000,17.878000,20.452000,0.173143,0.826533,0.793770,2.926829,-0.298345,0.423467,0.000000,0.000000,1,1
1789802129.496869,5,17.956919,20.826211,-0.029469,19.128000,20.452000,17.878000,20.452000,0.173143,0.826533,0.793770,2.926829,-0.298345,0.423467,0.000000,0.000000,1,1
1789802129.596887,5,17.956919,20.826211,-0.029469,19.128000,20.452000,17.878000,20.452000,0.173143,0.826533,0.793770,2.926829,-0.298345,0.423467,0.000000,0.000000,1,1
1789802129.696932,5,17.956919,20.826211,-0.029469,19.128000,20.452000,17.878000,20.452000,0.173143,0.826533,0.793770,2.926829,-0.298345,0.423467,0.000000,0.000000,1,1
1789802129.796845,5,17.956919,20.826211,-0.029469,19.128000,20.452000,17.878000,20.452000,0.173143,0.826533,0.793770,2.926829,-0.298345,0.423467,0.000000,0.000000,1,1
1789802129.896844,5,17.956919,20.826211,-0.029469,19.128000,20.452000,17.878000,20.452000,0.173143,0.826533,0.793770,2.926829,-0.298345,0.423467,0.000000,0.000000,1,1
1789802129.996893,5,17.956919,20.826211,-0.029469,19.128000,20.452000,17.878000,20.452000,0.173143,0.826533,0.793770,2.926829,-0.298345,0.423467,0.000000,0.000000,1,1
1789802130.096897,5,17.956919,20.826211,-0.029469,19.128000,20.452000,17.878000,20.452000,0.173143,0.826533,0.793770,2.926829,-0.298345,0.423467,0.000000,0.000000,1,1
1789802130.196882,5,17.956919,20.826211,-0.029469,19.128000,20.452000,17.878000,20.452000,0.173143,0.826533,0.793770,2.926829,-0.298345,0.423467,0.000000,0.000000,1,1
1789802130.296902,5,17.956919,20.826211,-0.029469,19.128000,20.452000,17.878000,20.452000,0.173143,0.826533,0.793770,2.926829,-0.298345,0.423467,0.000000,0.000000,1,1
1789802130.396899,5,17.956919,20.826211,-0.029469,19.128000,20.452000,17.878000,20.452000,0.173143,0.826533,0.793770,2.926829,-0.298345,0.423467,0.000000,0.000000,1,1
1789802130.496877,5,17.956919,20.826211,-0.029469,19.128000,20.452000,17.878000,20.452000,0.173143,0.826533,0.793770,2.926829,-0.298345,0.423467,0.000000,0.000000,1,1
1789802130.596950,5,17.956919,20.826211,-0.029469,19.128000,20.452000,17.878000,20.452000,0.173143,0.826533,0.793770,2.926829,-0.298345,0.423467,0.000000,0.000000,1,1
1789802130.696891,5,17.956919,20.826211,-0.029469,19.128000,20.452000,17.878000,20.452000,0.173143,0.826533,0.793770,2.926829,-0.298345,0.423467,0.000000,0.000000,1,1
1789802130.796914,5,17.956919,20.826211,-0.029469,19.128000,20.452000,17.878000,20.452000,0.173143,0.826533,0.793770,2.926829,-0.298345,0.423467,0.000000,0.000000,1,1
1789802130.896946,5,17.956919,20.826211,-0.029469,19.128000,20.452000,17.878000,20.452000,0.173143,0.826533,0.793770,2.926829,-0.298345,0.423467,0.000000,0.000000,1,1
1789802130.996933,5,17.956919,20.826211,-0.029469,19.128000,20.452000,17.878000,20.452000,0.173143,0.826533,0.793770,2.926829,-0.298345,0.423467,0.000000,0.000000,1,1
1789802131.096943,5,17.956919,20.826211,-0.029469,19.128000,20.452000,17.878000,20.452000,0.173143,0.826533,0.793770,2.926829,-0.298345,0.423467,0.000000,0.000000,1,1
1789802131.196964,5,17.956919,20.826211,-0.029469,19.128000,20.452000,17.878000,20.452000,0.173143,0.826533,0.793770,2.926829,-0.298345,0.423467,0.000000,0.000000,1,1
1789802131.296933,5,17.956919,20.826211,-0.029469,19.128000,20.452000,17.878000,20.452000,0.173143,0.826533,0.793770,2.926829,-0.298345,0.423467,0.000000,0.000000,1,1
1789802131.396967,5,17.956919,20.826211,-0.029469,19.128000,20.452000,17.878000,20.452000,0.173143,0.826533,0.793770,2.926829,-0.298345,0.423467,0.000000,0.000000,1,1
1789802131.496993,5,17.956919,20.826211,-0.029469,19.128000,20.452000,17.878000,20.452000,0.173143,0.826533,0.793770,2.926829,-0.298345,0.423467,0.000000,0.000000,1,1
1789802131.597045,5,17.956919,20.826211,-0.029469,19.128000,20.452000,17.878000,20.452000,0.173143,0.826533,0.793770,2.926829,-0.298345,0.423467,0.000000,0.000000,1,1
1789802131.697069,5,17.956919,20.826211,-0.029469,19.128000,20.452000,17.878000,20.452000,0.173143,0.826533,0.793770,2.926829,-0.298345,0.423467,0.000000,0.000000,1,1
1789802131.796985,5,17.956919,20.826211,-0.029469,19.128000,20.452000,17.878000,20.452000,0.173143,0.826533,0.793770,2.926829,-0.298345,0.423467,0.000000,0.000000,1,1
1789802131.897111,5,17.956919,20.826211,-0.029469,19.128000,20.452000,17.878000,20.452000,0.173143,0.826533,0.793770,2.926829,-0.298345,0.423467,0.000000,0.000000,1,1
1789802131.997027,5,17.956919,20.826211,-0.029469,19.128000,20.452000,17.878000,20.452000,0.173143,0.826533,0.793770,2.926829,-0.298345,0.423467,0.000000,0.000000,1,1
1789802132.097072,5,17.956919,20.826211,-0.029469,19.128000,20.452000,17.878000,20.452000,0.173143,0.826533,0.793770,2.926829,-0.298345,0.423467,0.000000,0.000000,1,1
1789802132.197029,5,17.956919,20.826211,-0.029469,19.128000,20.452000,17.878000,20.452000,0.173143,0.826533,0.793770,2.926829,-0.298345,0.423467,0.000000,0.000000,1,1
1789802132.297019,5,17.956919,20.826211,-0.029469,19.128000,20.452000,17.878000,20.452000,0.173143,0.826533,0.793770,2.926829,-0.298345,0.423467,0.000000,0.000000,1,1
1789802132.396999,5,17.956919,20.826211,-0.029469,19.128000,20.452000,17.878000,20.452000,0.173143,0.826533,0.793770,2.926829,-0.298345,0.423467,0.000000,0.000000,1,1
1789802132.497100,5,17.956919,20.826211,-0.029469,19.128000,20.452000,17.878000,20.452000,0.173143,0.826533,0.793770,2.926829,-0.298345,0.423467,0.000000,0.000000,1,1
1789802132.597045,5,17.956919,20.826211,-0.029469,19.128000,20.452000,17.878000,20.452000,0.173143,0.826533,0.793770,2.926829,-0.298345,0.423467,0.000000,0.000000,1,1
1789802132.697303,5,17.956919,20.826211,-0.029469,19.128000,20.452000,17.878000,20.452000,0.173143,0.826533,0.793770,2.926829,-0.298345,0.423467,0.000000,0.000000,1,1
1789802132.796977,5,17.956919,20.826211,-0.029469,19.128000,20.452000,17.878000,20.452000,0.173143,0.826533,0.793770,2.926829,-0.298345,0.423467,0.000000,0.000000,1,1
1789802132.897035,5,17.956919,20.826211,-0.029469,19.128000,20.452000,17.878000,20.452000,0.173143,0.826533,0.793770,2.926829,-0.298345,0.423467,0.000000,0.000000,1,1
1789802132.997016,5,17.956919,20.826211,-0.029469,19.128000,20.452000,17.878000,20.452000,0.173143,0.826533,0.793770,2.926829,-0.298345,0.423467,0.000000,0.000000,1,1
1789802133.097170,5,17.956919,20.826211,-0.029469,19.128000,20.452000,17.878000,20.452000,0.173143,0.826533,0.793770,2.926829,-0.298345,0.423467,0.000000,0.000000,1,1
1789802133.197025,5,17.956919,20.826211,-0.029469,19.128000,20.452000,17.878000,20.452000,0.173143,0.826533,0.793770,2.926829,-0.298345,0.423467,0.000000,0.000000,1,1
1789802133.304150,5,17.956919,20.826211,-0.029469,19.128000,20.452000,17.878000,20.452000,0.173143,0.826533,0.793770,2.926829,-0.298345,0.423467,0.000000,0.000000,1,1
1789802133.397346,5,17.956919,20.826211,-0.029469,19.128000,20.452000,17.878000,20.452000,0.173143,0.826533,0.793770,2.926829,-0.298345,0.423467,0.000000,0.000000,1,1
1789802133.497055,5,17.956919,20.826211,-0.029469,19.128000,20.452000,17.878000,20.452000,0.173143,0.826533,0.793770,2.926829,-0.298345,0.423467,0.000000,0.000000,1,1
1789802133.597216,5,17.956919,20.826211,-0.029469,19.128000,20.452000,17.878000,20.452000,0.173143,0.826533,0.793770,2.926829,-0.298345,0.423467,0.000000,0.000000,1,1
1789802133.706990,5,17.956919,20.826211,-0.029469,19.128000,20.452000,17.878000,20.452000,0.173143,0.826533,0.793770,2.926829,-0.298345,0.423467,0.000000,0.000000,1,1
1789802133.797150,5,17.956919,20.826211,-0.029469,19.128000,20.452000,17.878000,20.452000,0.173143,0.826533,0.793770,2.926829,-0.298345,0.423467,0.000000,0.000000,1,1
1789802133.897054,5,17.956919,20.826211,-0.029469,19.128000,20.452000,17.878000,20.452000,0.173143,0.826533,0.793770,2.926829,-0.298345,0.423467,0.000000,0.000000,1,1
1789802133.997192,5,17.956919,20.826211,-0.029469,19.128000,20.452000,17.878000,20.452000,0.173143,0.826533,0.793770,2.926829,-0.298345,0.423467,0.000000,0.000000,1,1
1789802134.097145,5,17.956919,20.826211,-0.029469,19.128000,20.452000,17.878000,20.452000,0.173143,0.826533,0.793770,2.926829,-0.298345,0.423467,0.000000,0.000000,1,1
1789802134.197113,5,17.956919,20.826211,-0.029469,19.128000,20.452000,17.878000,20.452000,0.173143,0.826533,0.793770,2.926829,-0.298345,0.423467,0.000000,0.000000,1,1
1789802134.297160,5,17.956919,20.826211,-0.029469,19.128000,20.452000,17.878000,20.452000,0.173143,0.826533,0.793770,2.926829,-0.298345,0.423467,0.000000,0.000000,1,1
1789802134.397086,5,17.956919,20.826211,-0.029469,19.128000,20.452000,17.878000,20.452000,0.173143,0.826533,0.793770,2.926829,-0.298345,0.423467,0.000000,0.000000,1,1
1789802134.497154,5,17.956919,20.826211,-0.029469,19.128000,20.452000,17.878000,20.452000,0.173143,0.826533,0.793770,2.926829,-0.298345,0.423467,0.000000,0.000000,1,1
1789802134.597181,5,17.956919,20.826211,-0.029469,19.128000,20.452000,17.878000,20.452000,0.173143,0.826533,0.793770,2.926829,-0.298345,0.423467,0.000000,0.000000,1,1
1789802134.697115,5,17.956919,20.826211,-0.029469,19.128000,20.452000,17.878000,20.452000,0.173143,0.826533,0.793770,2.926829,-0.298345,0.423467,0.000000,0.000000,1,1
1789802134.797111,5,17.956919,20.826211,-0.029469,19.128000,20.452000,17.878000,20.452000,0.173143,0.826533,0.793770,2.926829,-0.298345,0.423467,0.000000,0.000000,1,1
1789802134.897134,5,17.956919,20.826211,-0.029469,19.128000,20.452000,17.878000,20.452000,0.173143,0.826533,0.793770,2.926829,-0.298345,0.423467,0.000000,0.000000,1,1
1789802134.997097,5,17.956919,20.826211,-0.029469,19.128000,20.452000,17.878000,20.452000,0.173143,0.826533,0.793770,2.926829,-0.298345,0.423467,0.000000,0.000000,1,1
1789802135.097133,5,17.956919,20.826211,-0.029469,19.128000,20.452000,17.878000,20.452000,0.173143,0.826533,0.793770,2.926829,-0.298345,0.423467,0.000000,0.000000,1,1
1789802135.197232,5,17.956919,20.826211,-0.029469,19.128000,20.452000,17.878000,20.452000,0.173143,0.826533,0.793770,2.926829,-0.298345,0.423467,0.000000,0.000000,1,1
1789802135.298433,5,17.956919,20.826211,-0.029469,19.128000,20.452000,17.878000,20.452000,0.173143,0.826533,0.793770,2.926829,-0.298345,0.423467,0.000000,0.000000,1,1
1789802135.397141,5,17.956919,20.826211,-0.029469,19.128000,20.452000,17.878000,20.452000,0.173143,0.826533,0.793770,2.926829,-0.298345,0.423467,0.000000,0.000000,1,1
1789802135.497116,5,17.956919,20.826211,-0.029469,19.128000,20.452000,17.878000,20.452000,0.173143,0.826533,0.793770,2.926829,-0.298345,0.423467,0.000000,0.000000,1,1
1789802135.597147,5,17.956919,20.826211,-0.029469,19.128000,20.452000,17.878000,20.452000,0.173143,0.826533,0.793770,2.926829,-0.298345,0.423467,0.000000,0.000000,1,1
1789802135.697148,5,17.956919,20.826211,-0.029469,19.128000,20.452000,17.878000,20.452000,0.173143,0.826533,0.793770,2.926829,-0.298345,0.423467,0.000000,0.000000,1,1
1789802135.797170,5,17.956919,20.826211,-0.029469,19.128000,20.452000,17.878000,20.452000,0.173143,0.826533,0.793770,2.926829,-0.298345,0.423467,0.000000,0.000000,1,1
1789802135.897830,5,17.956919,20.826211,-0.029469,19.128000,20.452000,17.878000,20.452000,0.173143,0.826533,0.793770,2.926829,-0.298345,0.423467,0.000000,0.000000,1,1
1789802135.997174,5,17.956919,20.826211,-0.029469,19.128000,20.452000,17.878000,20.452000,0.173143,0.826533,0.793770,2.926829,-0.298345,0.423467,0.000000,0.000000,1,1
1789802136.097188,5,17.956919,20.826211,-0.029469,19.128000,20.452000,17.878000,20.452000,0.173143,0.826533,0.793770,2.926829,-0.298345,0.423467,0.000000,0.000000,1,1
1789802136.197162,5,17.956919,20.826211,-0.029469,19.128000,20.452000,17.878000,20.452000,0.173143,0.826533,0.793770,2.926829,-0.298345,0.423467,0.000000,0.000000,1,1
1789802136.297216,5,17.956919,20.826211,-0.029469,19.128000,20.452000,17.878000,20.452000,0.173143,0.826533,0.793770,2.926829,-0.298345,0.423467,0.000000,0.000000,1,1
1789802136.397181,5,17.956919,20.826211,-0.029469,19.128000,20.452000,17.878000,20.452000,0.173143,0.826533,0.793770,2.926829,-0.298345,0.423467,0.000000,0.000000,1,1
1789802136.497181,5,17.956919,20.826211,-0.029469,19.128000,20.452000,17.878000,20.452000,0.173143,0.826533,0.793770,2.926829,-0.298345,0.423467,0.000000,0.000000,1,1
1789802136.597333,5,17.956919,20.826211,-0.029469,19.128000,20.452000,17.878000,20.452000,0.173143,0.826533,0.793770,2.926829,-0.298345,0.423467,0.000000,0.000000,1,1
1789802136.697234,5,17.956919,20.826211,-0.029469,19.128000,20.452000,17.878000,20.452000,0.173143,0.826533,0.793770,2.926829,-0.298345,0.423467,0.000000,0.000000,1,1
1789802136.797208,5,17.956919,20.826211,-0.029469,19.128000,20.452000,17.878000,20.452000,0.173143,0.826533,0.793770,2.926829,-0.298345,0.423467,0.000000,0.000000,1,1
1789802136.897235,5,17.956919,20.826211,-0.029469,19.128000,20.452000,17.878000,20.452000,0.173143,0.826533,0.793770,2.926829,-0.298345,0.423467,0.000000,0.000000,1,1
1789802136.997225,5,17.956919,20.826211,-0.029469,19.128000,20.452000,17.878000,20.452000,0.173143,0.826533,0.793770,2.926829,-0.298345,0.423467,0.000000,0.000000,1,1
1789802137.097223,5,17.956919,20.826211,-0.029469,19.128000,20.452000,17.878000,20.452000,0.173143,0.826533,0.793770,2.926829,-0.298345,0.423467,0.000000,0.000000,1,1
1789802137.197206,5,17.956919,20.826211,-0.029469,19.128000,20.452000,17.878000,20.452000,0.173143,0.826533,0.793770,2.926829,-0.298345,0.423467,0.000000,0.000000,1,1
1789802137.297225,5,17.956919,20.826211,-0.029469,19.128000,20.452000,17.878000,20.452000,0.173143,0.826533,0.793770,2.926829,-0.298345,0.423467,0.000000,0.000000,1,1
1789802137.397256,5,17.956919,20.826211,-0.029469,19.128000,20.452000,17.878000,20.452000,0.173143,0.826533,0.793770,2.926829,-0.298345,0.423467,0.000000,0.000000,1,1
1789802137.497267,5,17.956919,20.826211,-0.029469,19.128000,20.452000,17.878000,20.452000,0.173143,0.826533,0.793770,2.926829,-0.298345,0.423467,0.000000,0.000000,1,1
1789802137.597840,5,17.956919,20.826211,-0.029469,19.128000,20.452000,17.878000,20.452000,0.173143,0.826533,0.793770,2.926829,-0.298345,0.423467,0.000000,0.000000,1,1
1789802137.697301,5,17.956919,20.826211,-0.029469,19.128000,20.452000,17.878000,20.452000,0.173143,0.826533,0.793770,2.926829,-0.298345,0.423467,0.000000,0.000000,1,1
1789802137.797307,5,17.956919,20.826211,-0.029469,19.128000,20.452000,17.878000,20.452000,0.173143,0.826533,0.793770,2.926829,-0.298345,0.423467,0.000000,0.000000,1,1
1789802137.897311,5,17.956919,20.826211,-0.029469,19.128000,20.452000,17.878000,20.452000,0.173143,0.826533,0.793770,2.926829,-0.298345,0.423467,0.000000,0.000000,1,1
1789802137.997294,5,17.956919,20.826211,-0.029469,19.128000,20.452000,17.878000,20.452000,0.173143,0.826533,0.793770,2.926829,-0.298345,0.423467,0.000000,0.000000,1,1
1789802138.097275,5,17.956919,20.826211,-0.029469,19.128000,20.452000,17.878000,20.452000,0.173143,0.826533,0.793770,2.926829,-0.298345,0.423467,0.000000,0.000000,1,1
1789802138.197245,5,17.956919,20.826211,-0.029469,19.128000,20.452000,17.878000,20.452000,0.173143,0.826533,0.793770,2.926829,-0.298345,0.423467,0.000000,0.000000,1,1
1789802138.297290,5,17.956919,20.826211,-0.029469,19.128000,20.452000,17.878000,20.452000,0.173143,0.826533,0.793770,2.926829,-0.298345,0.423467,0.000000,0.000000,1,1
1789802138.397287,5,17.956919,20.826211,-0.029469,19.128000,20.452000,17.878000,20.452000,0.173143,0.826533,0.793770,2.926829,-0.298345,0.423467,0.000000,0.000000,1,1
1789802138.497242,5,17.956919,20.826211,-0.029469,19.128000,20.452000,17.878000,20.452000,0.173143,0.826533,0.793770,2.926829,-0.298345,0.423467,0.000000,0.000000,1,1
1789802138.597275,5,17.956919,20.826211,-0.029469,19.128000,20.452000,17.878000,20.452000,0.173143,0.826533,0.793770,2.926829,-0.298345,0.423467,0.000000,0.000000,1,1
1789802138.697351,5,17.956919,20.826211,-0.029469,19.128000,20.452000,17.878000,20.452000,0.173143,0.826533,0.793770,2.926829,-0.298345,0.423467,0.000000,0.000000,1,1
1789802138.797265,5,17.956919,20.826211,-0.029469,19.128000,20.452000,17.878000,20.452000,0.173143,0.826533,0.793770,2.926829,-0.298345,0.423467,0.000000,0.000000,1,1
1789802138.897535,5,17.956919,20.826211,-0.029469,19.128000,20.452000,17.878000,20.452000,0.173143,0.826533,0.793770,2.926829,-0.298345,0.423467,0.000000,0.000000,1,1
1789802138.997298,5,17.956919,20.826211,-0.029469,19.128000,20.452000,17.878000,20.452000,0.173143,0.826533,0.793770,2.926829,-0.298345,0.423467,0.000000,0.000000,1,1
1789802139.097311,5,17.956919,20.826211,-0.029469,19.128000,20.452000,17.878000,20.452000,0.173143,0.826533,0.793770,2.926829,-0.298345,0.423467,0.000000,0.000000,1,1
1789802139.197320,5,17.956919,20.826211,-0.029469,19.128000,20.452000,17.878000,20.452000,0.173143,0.826533,0.793770,2.926829,-0.298345,0.423467,0.000000,0.000000,1,1
1789802139.297324,5,17.956919,20.826211,-0.029469,19.128000,20.452000,17.878000,20.452000,0.173143,0.826533,0.793770,2.926829,-0.298345,0.423467,0.000000,0.000000,1,1
1789802139.397332,5,17.956919,20.826211,-0.029469,19.128000,20.452000,17.878000,20.452000,0.173143,0.826533,0.793770,2.926829,-0.298345,0.423467,0.000000,0.000000,1,1
1789802139.497344,5,17.956919,20.826211,-0.029469,19.128000,20.452000,17.878000,20.452000,0.173143,0.826533,0.793770,2.926829,-0.298345,0.423467,0.000000,0.000000,1,1
1789802139.597359,5,17.956919,20.826211,-0.029469,19.128000,20.452000,17.878000,20.452000,0.173143,0.826533,0.793770,2.926829,-0.298345,0.423467,0.000000,0.000000,1,1
1789802139.697371,5,17.956919,20.826211,-0.029469,19.128000,20.452000,17.878000,20.452000,0.173143,0.826533,0.793770,2.926829,-0.298345,0.423467,0.000000,0.000000,1,1
1789802139.797337,5,17.956919,20.826211,-0.029469,19.128000,20.452000,17.878000,20.452000,0.173143,0.826533,0.793770,2.926829,-0.298345,0.423467,0.000000,0.000000,1,1
1789802139.897369,5,17.956919,20.826211,-0.029469,19.128000,20.452000,17.878000,20.452000,0.173143,0.826533,0.793770,2.926829,-0.298345,0.423467,0.000000,0.000000,1,1
1789802139.997387,5,17.956919,20.826211,-0.029469,19.128000,20.452000,17.878000,20.452000,0.173143,0.826533,0.793770,2.926829,-0.298345,0.423467,0.000000,0.000000,1,1
1789802140.097364,5,17.956919,20.826211,-0.029469,19.128000,20.452000,17.878000,20.452000,0.173143,0.826533,0.793770,2.926829,-0.298345,0.423467,0.000000,0.000000,1,1
1789802140.197334,5,17.956919,20.826211,-0.029469,19.128000,20.452000,17.878000,20.452000,0.173143,0.826533,0.793770,2.926829,-0.298345,0.423467,0.000000,0.000000,1,1
1789802140.297405,5,17.956919,20.826211,-0.029469,19.128000,20.452000,17.878000,20.452000,0.173143,0.826533,0.793770,2.926829,-0.298345,0.423467,0.000000,0.000000,1,1
1789802140.397416,5,17.956919,20.826211,-0.029469,19.128000,20.452000,17.878000,20.452000,0.173143,0.826533,0.793770,2.926829,-0.298345,0.423467,0.000000,0.000000,1,1
1789802140.497369,5,17.956919,20.826211,-0.029469,19.128000,20.452000,17.878000,20.452000,0.173143,0.826533,0.793770,2.926829,-0.298345,0.423467,0.000000,0.000000,1,1
1789802140.598133,5,17.956919,20.826211,-0.029469,19.128000,20.452000,17.878000,20.452000,0.173143,0.826533,0.793770,2.926829,-0.298345,0.423467,0.000000,0.000000,1,1
1789802140.697405,5,17.956919,20.826211,-0.029469,19.128000,20.452000,17.878000,20.452000,0.173143,0.826533,0.793770,2.926829,-0.298345,0.423467,0.000000,0.000000,1,1
1789802140.797472,5,17.956919,20.826211,-0.029469,19.128000,20.452000,17.878000,20.452000,0.173143,0.826533,0.793770,2.926829,-0.298345,0.423467,0.000000,0.000000,1,1
1789802140.897376,5,17.956919,20.826211,-0.029469,19.128000,20.452000,17.878000,20.452000,0.173143,0.826533,0.793770,2.926829,-0.298345,0.423467,0.000000,0.000000,1,1
1789802140.997433,5,17.956919,20.826211,-0.029469,19.128000,20.452000,17.878000,20.452000,0.173143,0.826533,0.793770,2.926829,-0.298345,0.423467,0.000000,0.000000,1,1
1789802141.097349,5,17.956919,20.826211,-0.029469,19.128000,20.452000,17.878000,20.452000,0.173143,0.826533,0.793770,2.926829,-0.298345,0.423467,0.000000,0.000000,1,1
1789802141.197409,5,17.956919,20.826211,-0.029469,19.128000,20.452000,17.878000,20.452000,0.173143,0.826533,0.793770,2.926829,-0.298345,0.423467,0.000000,0.000000,1,1
1789802141.297397,5,17.956919,20.826211,-0.029469,19.128000,20.452000,17.878000,20.452000,0.173143,0.826533,0.793770,2.926829,-0.298345,0.423467,0.000000,0.000000,1,1
1789802141.397439,5,17.956919,20.826211,-0.029469,19.128000,20.452000,17.878000,20.452000,0.173143,0.826533,0.793770,2.926829,-0.298345,0.423467,0.000000,0.000000,1,1
1789802141.497723,5,17.956919,20.826211,-0.029469,19.128000,20.452000,17.878000,20.452000,0.173143,0.826533,0.793770,2.926829,-0.298345,0.423467,0.000000,0.000000,1,1
1789802141.597451,5,17.956919,20.826211,-0.029469,19.128000,20.452000,17.878000,20.452000,0.173143,0.826533,0.793770,2.926829,-0.298345,0.423467,0.000000,0.000000,1,1
1789802141.697425,5,17.956919,20.826211,-0.029469,19.128000,20.452000,17.878000,20.452000,0.173143,0.826533,0.793770,2.926829,-0.298345,0.423467,0.000000,0.000000,1,1
1789802141.797492,5,17.956919,20.826211,-0.029469,19.128000,20.452000,17.878000,20.452000,0.173143,0.826533,0.793770,2.926829,-0.298345,0.423467,0.000000,0.000000,1,1
1789802141.897502,5,17.956919,20.826211,-0.029469,19.128000,20.452000,17.878000,20.452000,0.173143,0.826533,0.793770,2.926829,-0.298345,0.423467,0.000000,0.000000,1,1
1789802142.002185,5,17.956919,20.826211,-0.029469,19.128000,20.452000,17.878000,20.452000,0.173143,0.826533,0.793770,2.926829,-0.298345,0.423467,0.000000,0.000000,1,1
1789802142.097448,5,17.956919,20.826211,-0.029469,19.128000,20.452000,17.878000,20.452000,0.173143,0.826533,0.793770,2.926829,-0.298345,0.423467,0.000000,0.000000,1,1
1789802142.197516,5,17.956919,20.826211,-0.029469,19.128000,20.452000,17.878000,20.452000,0.173143,0.826533,0.793770,2.926829,-0.298345,0.423467,0.000000,0.000000,1,1
1789802142.297809,5,17.956919,20.826211,-0.029469,19.128000,20.452000,17.878000,20.452000,0.173143,0.826533,0.793770,2.926829,-0.298345,0.423467,0.000000,0.000000,1,1
1789802142.397460,5,17.956919,20.826211,-0.029469,19.128000,20.452000,17.878000,20.452000,0.173143,0.826533,0.793770,2.926829,-0.298345,0.423467,0.000000,0.000000,1,1
1789802142.500407,5,17.956919,20.826211,-0.029469,19.128000,20.452000,17.878000,20.452000,0.173143,0.826533,0.793770,2.926829,-0.298345,0.423467,0.000000,0.000000,1,1
1789802142.600764,5,17.956919,20.826211,-0.029469,19.128000,20.452000,17.878000,20.452000,0.173143,0.826533,0.793770,2.926829,-0.298345,0.423467,0.000000,0.000000,1,1
1789802142.697495,5,17.956919,20.826211,-0.029469,19.128000,20.452000,17.878000,20.452000,0.173143,0.826533,0.793770,2.926829,-0.298345,0.423467,0.000000,0.000000,1,1
1789802142.797485,5,17.956919,20.826211,-0.029469,19.128000,20.452000,17.878000,20.452000,0.173143,0.826533,0.793770,2.926829,-0.298345,0.423467,0.000000,0.000000,1,1
1789802142.897510,5,17.956919,20.826211,-0.029469,19.128000,20.452000,17.878000,20.452000,0.173143,0.826533,0.793770,2.926829,-0.298345,0.423467,0.000000,0.000000,1,1
1789802142.998937,5,17.956919,20.826211,-0.029469,19.128000,20.452000,17.878000,20.452000,0.173143,0.826533,0.793770,2.926829,-0.298345,0.423467,0.000000,0.000000,1,1
1789802143.097524,5,17.956919,20.826211,-0.029469,19.128000,20.452000,17.878000,20.452000,0.173143,0.826533,0.793770,2.926829,-0.298345,0.423467,0.000000,0.000000,1,1
1789802143.197522,5,17.956919,20.826211,-0.029469,19.128000,20.452000,17.878000,20.452000,0.173143,0.826533,0.793770,2.926829,-0.298345,0.423467,0.000000,0.000000,1,1
1789802143.297510,5,17.956919,20.826211,-0.029469,19.128000,20.452000,17.878000,20.452000,0.173143,0.826533,0.793770,2.926829,-0.298345,0.423467,0.000000,0.000000,1,1
1789802143.397513,5,17.956919,20.826211,-0.029469,19.128000,20.452000,17.878000,20.452000,0.173143,0.826533,0.793770,2.926829,-0.298345,0.423467,0.000000,0.000000,1,1
1789802143.497554,5,17.956919,20.826211,-0.029469,19.128000,20.452000,17.878000,20.452000,0.173143,0.826533,0.793770,2.926829,-0.298345,0.423467,0.000000,0.000000,1,1
1789802143.597553,5,17.956919,20.826211,-0.029469,19.128000,20.452000,17.878000,20.452000,0.173143,0.826533,0.793770,2.926829,-0.298345,0.423467,0.000000,0.000000,1,1
1789802143.697560,5,17.956919,20.826211,-0.029469,19.128000,20.452000,17.878000,20.452000,0.173143,0.826533,0.793770,2.926829,-0.298345,0.423467,0.000000,0.000000,1,1
1789802143.797586,5,17.956919,20.826211,-0.029469,19.128000,20.452000,17.878000,20.452000,0.173143,0.826533,0.793770,2.926829,-0.298345,0.423467,0.000000,0.000000,1,1
1789802143.902858,5,17.956919,20.826211,-0.029469,19.128000,20.452000,17.878000,20.452000,0.173143,0.826533,0.793770,2.926829,-0.298345,0.423467,0.000000,0.000000,1,1
1789802143.997520,5,17.956919,20.826211,-0.029469,19.128000,20.452000,17.878000,20.452000,0.173143,0.826533,0.793770,2.926829,-0.298345,0.423467,0.000000,0.000000,1,1
1789802144.097516,5,17.956919,20.826211,-0.029469,19.128000,20.452000,17.878000,20.452000,0.173143,0.826533,0.793770,2.926829,-0.298345,0.423467,0.000000,0.000000,1,1
1789802144.197607,5,17.956919,20.826211,-0.029469,19.128000,20.452000,17.878000,20.452000,0.173143,0.826533,0.793770,2.926829,-0.298345,0.423467,0.000000,0.000000,1,1
1789802144.297612,5,17.956919,20.826211,-0.029469,19.128000,20.452000,17.878000,20.452000,0.173143,0.826533,0.793770,2.926829,-0.298345,0.423467,0.000000,0.000000,1,1
1789802144.398121,5,17.956919,20.826211,-0.029469,19.128000,20.452000,17.878000,20.452000,0.173143,0.826533,0.793770,2.926829,-0.298345,0.423467,0.000000,0.000000,1,1
1789802144.497560,5,17.956919,20.826211,-0.029469,19.128000,20.452000,17.878000,20.452000,0.173143,0.826533,0.793770,2.926829,-0.298345,0.423467,0.000000,0.000000,1,1
1789802144.597589,5,17.956919,20.826211,-0.029469,19.128000,20.452000,17.878000,20.452000,0.173143,0.826533,0.793770,2.926829,-0.298345,0.423467,0.000000,0.000000,1,1
1789802144.697910,5,17.956919,20.826211,-0.029469,19.128000,20.452000,17.878000,20.452000,0.173143,0.826533,0.793770,2.926829,-0.298345,0.423467,0.000000,0.000000,1,1
1789802144.797604,5,17.956919,20.826211,-0.029469,19.128000,20.452000,17.878000,20.452000,0.173143,0.826533,0.793770,2.926829,-0.298345,0.423467,0.000000,0.000000,1,1
1789802144.897669,5,17.956919,20.826211,-0.029469,19.128000,20.452000,17.878000,20.452000,0.173143,0.826533,0.793770,2.926829,-0.298345,0.423467,0.000000,0.000000,1,1
1789802144.997647,5,17.956919,20.826211,-0.029469,19.128000,20.452000,17.878000,20.452000,0.173143,0.826533,0.793770,2.926829,-0.298345,0.423467,0.000000,0.000000,1,1
1789802145.097892,5,17.956919,20.826211,-0.029469,19.128000,20.452000,17.878000,20.452000,0.173143,0.826533,0.793770,2.926829,-0.298345,0.423467,0.000000,0.000000,1,1
1789802145.197617,5,17.956919,20.826211,-0.029469,19.128000,20.452000,17.878000,20.452000,0.173143,0.826533,0.793770,2.926829,-0.298345,0.423467,0.000000,0.000000,1,1
1789802145.297641,5,17.956919,20.826211,-0.029469,19.128000,20.452000,17.878000,20.452000,0.173143,0.826533,0.793770,2.926829,-0.298345,0.423467,0.000000,0.000000,1,1
1789802145.397629,5,17.956919,20.826211,-0.029469,19.128000,20.452000,17.878000,20.452000,0.173143,0.826533,0.793770,2.926829,-0.298345,0.423467,0.000000,0.000000,1,1
1789802145.497699,5,17.956919,20.826211,-0.029469,19.128000,20.452000,17.878000,20.452000,0.173143,0.826533,0.793770,2.926829,-0.298345,0.423467,0.000000,0.000000,1,1
1789802145.597679,5,17.956919,20.826211,-0.029469,19.128000,20.452000,17.878000,20.452000,0.173143,0.826533,0.793770,2.926829,-0.298345,0.423467,0.000000,0.000000,1,1
1789802145.697679,5,17.956919,20.826211,-0.029469,19.128000,20.452000,17.878000,20.452000,0.173143,0.826533,0.793770,2.926829,-0.298345,0.423467,0.000000,0.000000,1,1
1789802145.797631,5,17.956919,20.826211,-0.029469,19.128000,20.452000,17.878000,20.452000,0.173143,0.826533,0.793770,2.926829,-0.298345,0.423467,0.000000,0.000000,1,1
1789802145.897605,5,17.956919,20.826211,-0.029469,19.128000,20.452000,17.878000,20.452000,0.173143,0.826533,0.793770,2.926829,-0.298345,0.423467,0.000000,0.000000,1,1
1789802145.998093,5,17.956919,20.826211,-0.029469,19.128000,20.452000,17.878000,20.452000,0.173143,0.826533,0.793770,2.926829,-0.298345,0.423467,0.000000,0.000000,1,1
1789802146.097632,5,17.956919,20.826211,-0.029469,19.128000,20.452000,17.878000,20.452000,0.173143,0.826533,0.793770,2.926829,-0.298345,0.423467,0.000000,0.000000,1,1
1789802146.197632,5,17.956919,20.826211,-0.029469,19.128000,20.452000,17.878000,20.452000,0.173143,0.826533,0.793770,2.926829,-0.298345,0.423467,0.000000,0.000000,1,1
1789802146.297662,5,17.956919,20.826211,-0.029469,19.128000,20.452000,17.878000,20.452000,0.173143,0.826533,0.793770,2.926829,-0.298345,0.423467,0.000000,0.000000,1,1
