time_s,segment,amcl_x,amcl_y,amcl_yaw,start_x,start_y,goal_x,goal_y,cross_track,long_track,lookahead,target_heading,heading_error,remaining_distance,linear_cmd,angular_cmd,safety_stop,finished
1789801045.076236,0,0.016597,0.000959,-0.021503,0.000000,0.000000,0.000000,0.000000,0.000000,0.000000,0.000000,0.000000,0.000000,0.000000,0.000000,0.000000,1,0
1789801045.176211,0,0.016597,0.000959,-0.021503,0.000000,0.000000,0.000000,0.000000,0.000000,0.000000,0.000000,0.000000,0.000000,0.000000,0.000000,0.000000,1,0
1789801045.276237,0,0.016597,0.000959,-0.021503,0.000000,0.000000,0.000000,0.000000,0.000000,0.000000,0.000000,0.000000,0.000000,0.000000,0.000000,0.000000,1,0
1789801045.376328,0,0.016597,0.000959,-0.021503,0.000000,0.000000,0.000000,0.000000,0.000000,0.000000,0.000000,0.000000,0.000000,0.000000,0.000000,0.000000,1,0
1789801045.478404,0,0.016597,0.000959,-0.021503,0.000000,0.000000,0.000000,0.000000,0.000000,0.000000,0.000000,0.000000,0.000000,0.000000,0.000000,0.000000,1,0
1789801045.576214,0,0.016597,0.000959,-0.021503,0.000000,0.000000,0.000000,0.000000,0.000000,0.000000,0.000000,0.000000,0.000000,0.000000,0.000000,0.000000,1,0
1789801045.676164,0,0.016597,0.000959,-0.021503,0.000000,0.000000,0.000000,0.000000,0.000000,0.000000,0.000000,0.000000,0.000000,0.000000,0.000000,0.000000,1,0
1789801045.776260,0,0.016597,0.000959,-0.021503,0.000000,0.000000,0.000000,0.000000,0.000000,0.000000,0.000000,0.000000,0.000000,0.000000,0.000000,0.000000,1,0
1789801045.876151,0,0.016597,0.000959,-0.021503,0.000000,0.000000,0.000000,0.000000,0.000000,0.000000,0.000000,0.000000,0.000000,0.000000,0.000000,0.000000,1,0
1789801045.976124,0,0.016597,0.000959,-0.021503,0.000000,0.000000,0.000000,0.000000,0.000000,0.000000,0.000000,0.000000,0.000000,0.000000,0.000000,0.000000,1,0
1789801046.076120,0,0.016597,0.000959,-0.021503,0.000000,0.000000,0.000000,0.000000,0.000000,0.000000,0.000000,0.000000,0.000000,0.000000,0.000000,0.000000,1,0
1789801046.176104,0,0.016597,0.000959,-0.021503,0.000000,0.000000,0.000000,0.000000,0.000000,0.000000,0.000000,0.000000,0.000000,0.000000,0.000000,0.000000,1,0
1789801046.276097,0,0.016597,0.000959,-0.021503,0.000000,0.000000,0.000000,0.000000,0.000000,0.000000,0.000000,0.000000,0.000000,0.000000,0.000000,0.000000,1,0
1789801046.376089,0,0.016597,0.000959,-0.021503,0.000000,0.000000,0.000000,0.000000,0.000000,0.000000,0.000000,0.000000,0.000000,0.000000,0.000000,0.000000,1,0
1789801046.476070,0,0.016597,0.000959,-0.021503,0.000000,0.000000,0.000000,0.000000,0.000000,0.000000,0.000000,0.000000,0.000000,0.000000,0.000000,0.000000,1,0
1789801046.576053,0,0.016597,0.000959,-0.021503,0.000000,0.000000,0.000000,0.000000,0.000000,0.000000,0.000000,0.000000,0.000000,0.000000,0.000000,0.000000,1,0
1789801046.676038,0,0.016597,0.000959,-0.021503,0.000000,0.000000,0.000000,0.000000,0.000000,0.000000,0.000000,0.000000,0.000000,0.000000,0.000000,0.000000,1,0
1789801046.776015,0,0.016597,0.000959,-0.021503,0.000000,0.000000,0.000000,0.000000,0.000000,0.000000,0.000000,0.000000,0.000000,0.000000,0.000000,0.000000,1,0
1789801046.876175,0,0.016597,0.000959,-0.021503,0.000000,0.000000,0.000000,0.000000,0.000000,0.000000,0.000000,0.000000,0.000000,0.000000,0.000000,0.000000,1,0
1789801046.976042,0,0.016597,0.000959,-0.021503,0.000000,0.000000,0.000000,0.000000,0.000000,0.000000,0.000000,0.000000,0.000000,0.000000,0.000000,0.000000,1,0
1789801047.076052,0,0.016597,0.000959,-0.021503,0.000000,0.000000,0.000000,0.000000,0.000000,0.000000,0.000000,0.000000,0.000000,0.000000,0.000000,0.000000,1,0
1789801047.175972,0,0.016597,0.000959,-0.021503,0.000000,0.000000,0.000000,0.000000,0.000000,0.000000,0.000000,0.000000,0.000000,0.000000,0.000000,0.000000,1,0
1789801047.275985,0,0.016597,0.000959,-0.021503,0.000000,0.000000,0.000000,0.000000,0.000000,0.000000,0.000000,0.000000,0.000000,0.000000,0.000000,0.000000,1,0
1789801047.375979,0,0.016597,0.000959,-0.021503,0.000000,0.000000,0.000000,0.000000,0.000000,0.000000,0.000000,0.000000,0.000000,0.000000,0.000000,0.000000,1,0
1789801047.475945,0,0.016597,0.000959,-0.021503,0.000000,0.000000,0.000000,0.000000,0.000000,0.000000,0.000000,0.000000,0.000000,0.000000,0.000000,0.000000,1,0
1789801047.575943,0,0.016597,0.000959,-0.021503,0.000000,0.000000,0.000000,0.000000,0.000000,0.000000,0.000000,0.000000,0.000000,0.000000,0.000000,0.000000,1,0
1789801047.675951,0,0.016597,0.000959,-0.021503,0.000000,0.000000,0.000000,0.000000,0.000000,0.000000,0.000000,0.000000,0.000000,0.000000,0.000000,0.000000,1,0
1789801047.775957,0,0.016597,0.000959,-0.021503,0.000000,0.000000,0.000000,0.000000,0.000000,0.000000,0.000000,0.000000,0.000000,0.000000,0.000000,0.000000,1,0
1789801047.875914,0,0.016597,0.000959,-0.021503,0.000000,0.000000,0.000000,0.000000,0.000000,0.000000,0.000000,0.000000,0.000000,0.000000,0.000000,0.000000,1,0
1789801047.975884,0,0.016597,0.000959,-0.021503,0.000000,0.000000,0.000000,0.000000,0.000000,0.000000,0.000000,0.000000,0.000000,0.000000,0.000000,0.000000,1,0
1789801048.075929,0,0.016597,0.000959,-0.021503,0.000000,0.000000,0.000000,0.000000,0.000000,0.000000,0.000000,0.000000,0.000000,0.000000,0.000000,0.000000,1,0
1789801048.175863,0,0.016597,0.000959,-0.021503,0.000000,0.000000,0.000000,0.000000,0.000000,0.000000,0.000000,0.000000,0.000000,0.000000,0.000000,0.000000,1,0
1789801048.275865,0,0.016597,0.000959,-0.021503,0.000000,0.000000,0.000000,0.000000,0.000000,0.000000,0.000000,0.000000,0.000000,0.000000,0.000000,0.000000,1,0
1789801048.376473,0,0.016597,0.000959,-0.021503,0.000000,0.000000,0.000000,0.000000,0.000000,0.000000,0.000000,0.000000,0.000000,0.000000,0.000000,0.000000,1,0
1789801048.475821,0,0.016597,0.000959,-0.021503,0.000000,0.000000,0.000000,0.000000,0.000000,0.000000,0.000000,0.000000,0.000000,0.000000,0.000000,0.000000,1,0
1789801048.575821,0,0.016597,0.000959,-0.021503,0.000000,0.000000,0.000000,0.000000,0.000000,0.000000,0.000000,0.000000,0.000000,0.000000,0.000000,0.000000,1,0
1789801048.675838,0,0.016597,0.000959,-0.021503,0.000000,0.000000,0.000000,0.000000,0.000000,0.000000,0.000000,0.000000,0.000000,0.000000,0.000000,0.000000,1,0
1789801048.775888,0,0.016597,0.000959,-0.021503,0.000000,0.000000,0.000000,0.000000,0.000000,0.000000,0.000000,0.000000,0.000000,0.000000,0.000000,0.000000,1,0
1789801048.875776,0,0.016597,0.000959,-0.021503,0.000000,0.000000,0.000000,0.000000,0.000000,0.000000,0.000000,0.000000,0.000000,0.000000,0.000000,0.000000,1,0
1789801048.975765,0,0.016597,0.000959,-0.021503,0.000000,0.000000,0.000000,0.000000,0.000000,0.000000,0.000000,0.000000,0.000000,0.000000,0.000000,0.000000,1,0
1789801049.075790,0,0.016597,0.000959,-0.021503,0.000000,0.000000,0.000000,0.000000,0.000000,0.000000,0.000000,0.000000,0.000000,0.000000,0.000000,0.000000,1,0
1789801049.175752,0,0.016597,0.000959,-0.021503,0.000000,0.000000,0.000000,0.000000,0.000000,0.000000,0.000000,0.000000,0.000000,0.000000,0.000000,0.000000,1,0
1789801049.275941,0,0.016597,0.000959,-0.021503,0.000000,0.000000,0.000000,0.000000,0.000000,0.000000,0.000000,0.000000,0.000000,0.000000,0.000000,0.000000,1,0
1789801049.375818,0,0.016597,0.000959,-0.021503,0.000000,0.000000,0.000000,0.000000,0.000000,0.000000,0.000000,0.000000,0.000000,0.000000,0.000000,0.000000,1,0
1789801049.475978,0,0.016597,0.000959,-0.021503,0.000000,0.000000,0.000000,0.000000,0.000000,0.000000,0.000000,0.000000,0.000000,0.000000,0.000000,0.000000,1,0
1789801049.575710,0,0.016597,0.000959,-0.021503,0.000000,0.000000,0.000000,0.000000,0.000000,0.000000,0.000000,0.000000,0.000000,0.000000,0.000000,0.000000,1,0
1789801049.678370,0,0.016597,0.000959,-0.021503,0.000000,0.000000,0.000000,0.000000,0.000000,0.000000,0.000000,0.000000,0.000000,0.000000,0.000000,0.000000,1,0
1789801049.775697,0,0.016597,0.000959,-0.021503,0.000000,0.000000,0.000000,0.000000,0.000000,0.000000,0.000000,0.000000,0.000000,0.000000,0.000000,0.000000,1,0
1789801049.875752,0,0.016597,0.000959,-0.021503,0.000000,0.000000,0.000000,0.000000,0.000000,0.000000,0.000000,0.000000,0.000000,0.000000,0.000000,0.000000,1,0
1789801049.975725,0,0.016597,0.000959,-0.021503,0.000000,0.000000,0.000000,0.000000,0.000000,0.000000,0.000000,0.000000,0.000000,0.000000,0.000000,0.000000,1,0
1789801050.075664,0,0.016597,0.000959,-0.021503,0.000000,0.000000,0.000000,0.000000,0.000000,0.000000,0.000000,0.000000,0.000000,0.000000,0.000000,0.000000,1,0
1789801050.175605,0,0.016597,0.000959,-0.021503,0.000000,0.000000,0.000000,0.000000,0.000000,0.000000,0.000000,0.000000,0.000000,0.000000,0.000000,0.000000,1,0
1789801050.275927,0,0.016597,0.000959,-0.021503,0.000000,0.000000,0.000000,0.000000,0.000000,0.000000,0.000000,0.000000,0.000000,0.000000,0.000000,0.000000,1,0
1789801050.375616,0,0.016597,0.000959,-0.021503,0.000000,0.000000,0.000000,0.000000,0.000000,0.000000,0.000000,0.000000,0.000000,0.000000,0.000000,0.000000,1,0
1789801050.475571,0,0.016597,0.000959,-0.021503,0.000000,0.000000,0.000000,0.000000,0.000000,0.000000,0.000000,0.000000,0.000000,0.000000,0.000000,0.000000,1,0
1789801050.575590,0,0.016597,0.000959,-0.021503,0.000000,0.000000,0.000000,0.000000,0.000000,0.000000,0.000000,0.000000,0.000000,0.000000,0.000000,0.000000,1,0
1789801050.675563,0,0.016597,0.000959,-0.021503,0.000000,0.000000,0.000000,0.000000,0.000000,0.000000,0.000000,0.000000,0.000000,0.000000,0.000000,0.000000,1,0
1789801050.775562,0,0.016597,0.000959,-0.021503,0.000000,0.000000,0.000000,0.000000,0.000000,0.000000,0.000000,0.000000,0.000000,0.000000,0.000000,0.000000,1,0
1789801050.875644,0,0.016597,0.000959,-0.021503,0.000000,0.000000,0.000000,0.000000,0.000000,0.000000,0.000000,0.000000,0.000000,0.000000,0.000000,0.000000,1,0
1789801050.975759,0,0.016597,0.000959,-0.021503,0.000000,0.000000,0.000000,0.000000,0.000000,0.000000,0.000000,0.000000,0.000000,0.000000,0.000000,0.000000,1,0
1789801051.075569,0,0.016597,0.000959,-0.021503,0.000000,0.000000,0.000000,0.000000,0.000000,0.000000,0.000000,0.000000,0.000000,0.000000,0.000000,0.000000,1,0
1789801051.175496,0,0.016597,0.000959,-0.021503,0.000000,0.000000,0.000000,0.000000,0.000000,0.000000,0.000000,0.000000,0.000000,0.000000,0.000000,0.000000,1,0
1789801051.275611,0,0.016597,0.000959,-0.021503,0.000000,0.000000,0.000000,0.000000,0.000000,0.000000,0.000000,0.000000,0.000000,0.000000,0.000000,0.000000,1,0
1789801051.375503,0,0.016597,0.000959,-0.021503,0.000000,0.000000,0.000000,0.000000,0.000000,0.000000,0.000000,0.000000,0.000000,0.000000,0.000000,0.000000,1,0
1789801051.475460,0,0.016597,0.000959,-0.021503,0.000000,0.000000,0.000000,0.000000,0.000000,0.000000,0.000000,0.000000,0.000000,0.000000,0.000000,0.000000,1,0
1789801051.576305,0,0.016597,0.000959,-0.021503,0.000000,0.000000,0.000000,0.000000,0.000000,0.000000,0.000000,0.000000,0.000000,0.000000,0.000000,0.000000,1,0
1789801051.675455,0,0.016597,0.000959,-0.021503,0.000000,0.000000,0.000000,0.000000,0.000000,0.000000,0.000000,0.000000,0.000000,0.000000,0.000000,0.000000,1,0
1789801051.775559,0,0.016597,0.000959,-0.021503,0.000000,0.000000,0.000000,0.000000,0.000000,0.000000,0.000000,0.000000,0.000000,0.000000,0.000000,0.000000,1,0
1789801051.875427,0,0.016597,0.000959,-0.021503,0.000000,0.000000,0.000000,0.000000,0.000000,0.000000,0.000000,0.000000,0.000000,0.000000,0.000000,0.000000,1,0
1789801051.975437,0,0.016597,0.000959,-0.021503,0.000000,0.000000,0.000000,0.000000,0.000000,0.000000,0.000000,0.000000,0.000000,0.000000,0.000000,0.000000,1,0
1789801052.075414,0,0.016597,0.000959,-0.021503,0.000000,0.000000,0.000000,0.000000,0.000000,0.000000,0.000000,0.000000,0.000000,0.000000,0.000000,0.000000,1,0
1789801052.175610,0,0.016597,0.000959,-0.021503,0.000000,0.000000,0.000000,0.000000,0.000000,0.000000,0.000000,0.000000,0.000000,0.000000,0.000000,0.000000,1,0
1789801052.275398,0,0.016597,0.000959,-0.021503,0.000000,0.000000,0.000000,0.000000,0.000000,0.000000,0.000000,0.000000,0.000000,0.000000,0.000000,0.000000,1,0
1789801052.375452,0,0.016597,0.000959,-0.021503,0.000000,0.000000,0.000000,0.000000,0.000000,0.000000,0.000000,0.000000,0.000000,0.000000,0.000000,0.000000,1,0
1789801052.475368,0,0.016597,0.000959,-0.021503,0.000000,0.000000,0.000000,0.000000,0.000000,0.000000,0.000000,0.000000,0.000000,0.000000,0.000000,0.000000,1,0
1789801052.575333,0,0.016597,0.000959,-0.021503,0.000000,0.000000,0.000000,0.000000,0.000000,0.000000,0.000000,0.000000,0.000000,0.000000,0.000000,0.000000,1,0
1789801052.675349,0,0.016597,0.000959,-0.021503,0.000000,0.000000,0.000000,0.000000,0.000000,0.000000,0.000000,0.000000,0.000000,0.000000,0.000000,0.000000,1,0
1789801052.775358,0,0.016597,0.000959,-0.021503,0.000000,0.000000,0.000000,0.000000,0.000000,0.000000,0.000000,0.000000,0.000000,0.000000,0.000000,0.000000,1,0
1789801052.875293,0,0.016597,0.000959,-0.021503,0.000000,0.000000,0.000000,0.000000,0.000000,0.000000,0.000000,0.000000,0.000000,0.000000,0.000000,0.000000,1,0
1789801052.975693,0,0.016597,0.000959,-0.021503,0.000000,0.000000,0.000000,0.000000,0.000000,0.000000,0.000000,0.000000,0.000000,0.000000,0.000000,0.000000,1,0
1789801053.075468,0,0.016597,0.000959,-0.021503,0.000000,0.000000,0.000000,0.000000,0.000000,0.000000,0.000000,0.000000,0.000000,0.000000,0.000000,0.000000,1,0
1789801053.175262,0,0.016597,0.000959,-0.021503,0.000000,0.000000,0.000000,0.000000,0.000000,0.000000,0.000000,0.000000,0.000000,0.000000,0.000000,0.000000,1,0
1789801053.275268,0,0.016597,0.000959,-0.021503,0.000000,0.000000,0.000000,0.000000,0.000000,0.000000,0.000000,0.000000,0.000000,0.000000,0.000000,0.000000,1,0
1789801053.375307,0,0.016597,0.000959,-0.021503,0.000000,0.000000,0.000000,0.000000,0.000000,0.000000,0.000000,0.000000,0.000000,0.000000,0.000000,0.000000,1,0
1789801053.475751,0,0.016597,0.000959,-0.021503,0.000000,0.000000,0.000000,0.000000,0.000000,0.000000,0.000000,0.000000,0.000000,0.000000,0.000000,0.000000,1,0
1789801053.575222,0,0.016597,0.000959,-0.021503,0.000000,0.000000,0.000000,0.000000,0.000000,0.000000,0.000000,0.000000,0.000000,0.000000,0.000000,0.000000,1,0
1789801053.675225,0,0.016597,0.000959,-0.021503,0.000000,0.000000,0.000000,0.000000,0.000000,0.000000,0.000000,0.000000,0.000000,0.000000,0.000000,0.000000,1,0
1789801053.775230,0,0.016597,0.000959,-0.021503,0.000000,0.000000,0.000000,0.000000,0.000000,0.000000,0.000000,0.000000,0.000000,0.000000,0.000000,0.000000,1,0
1789801053.875196,0,0.016597,0.000959,-0.021503,0.000000,0.000000,0.000000,0.000000,0.000000,0.000000,0.000000,0.000000,0.000000,0.000000,0.000000,0.000000,1,0
1789801053.975192,0,0.016597,0.000959,-0.021503,0.000000,0.000000,0.000000,0.000000,0.000000,0.000000,0.000000,0.000000,0.000000,0.000000,0.000000,0.000000,1,0
1789801054.075201,0,0.016597,0.000959,-0.021503,0.000000,0.000000,0.000000,0.000000,0.000000,0.000000,0.000000,0.000000,0.000000,0.000000,0.000000,0.000000,1,0
1789801054.175190,0,0.016597,0.000959,-0.021503,0.000000,0.000000,0.000000,0.000000,0.000000,0.000000,0.000000,0.000000,0.000000,0.000000,0.000000,0.000000,1,0
1789801054.275253,0,0.016597,0.000959,-0.021503,0.000000,0.000000,0.000000,0.000000,0.000000,0.000000,0.000000,0.000000,0.000000,0.000000,0.000000,0.000000,1,0
1789801054.375142,0,0.016597,0.000959,-0.021503,0.000000,0.000000,0.000000,0.000000,0.000000,0.000000,0.000000,0.000000,0.000000,0.000000,0.000000,0.000000,1,0
1789801054.475752,0,0.016597,0.000959,-0.021503,0.000000,0.000000,0.000000,0.000000,0.000000,0.000000,0.000000,0.000000,0.000000,0.000000,0.000000,0.000000,1,0
1789801054.576066,0,0.016597,0.000959,-0.021503,0.000000,0.000000,0.000000,0.000000,0.000000,0.000000,0.000000,0.000000,0.000000,0.000000,0.000000,0.000000,1,0
1789801054.675333,0,0.016597,0.000959,-0.021503,0.000000,0.000000,0.000000,0.000000,0.000000,0.000000,0.000000,0.000000,0.000000,0.000000,0.000000,0.000000,1,0
1789801054.775210,0,0.016597,0.000959,-0.021503,0.000000,0.000000,0.000000,0.000000,0.000000,0.000000,0.000000,0.000000,0.000000,0.000000,0.000000,0.000000,0,0
1789801054.875096,0,0.016597,0.000959,-0.021503,0.000000,0.000000,0.000000,0.000000,0.000000,0.000000,0.000000,0.000000,0.000000,0.000000,0.000000,0.000000,0,0
1789801054.975258,0,0.016597,0.000959,-0.021503,0.000000,0.000000,0.000000,0.000000,0.000000,0.000000,0.000000,0.000000,0.000000,0.000000,0.000000,0.000000,0,0
1789801055.075048,0,0.016597,0.000959,-0.021503,0.000000,0.000000,0.000000,0.000000,0.000000,0.000000,0.000000,0.000000,0.000000,0.000000,0.000000,0.000000,0,0
1789801055.175032,0,0.016597,0.000959,-0.021503,0.000000,0.000000,0.000000,0.000000,0.000000,0.000000,0.000000,0.000000,0.000000,0.000000,0.000000,0.000000,0,0
1789801055.275026,0,0.016597,0.000959,-0.021503,0.000000,0.000000,0.000000,0.000000,0.000000,0.000000,0.000000,0.000000,0.000000,0.000000,0.000000,0.000000,0,0
1789801055.375245,0,0.016597,0.000959,-0.021503,0.000000,0.000000,0.000000,0.000000,0.000000,0.000000,0.000000,0.000000,0.000000,0.000000,0.000000,0.000000,0,0
1789801055.480045,0,0.016597,0.000959,-0.021503,0.000000,0.000000,0.000000,0.000000,0.000000,0.000000,0.000000,0.000000,0.000000,0.000000,0.000000,0.000000,0,0
1789801055.575147,0,0.016597,0.000959,-0.021503,0.000000,0.000000,0.000000,0.000000,0.000000,0.000000,0.000000,0.000000,0.000000,0.000000,0.000000,0.000000,0,0
1789801055.675024,0,0.016597,0.000959,-0.021503,0.000000,0.000000,0.000000,0.000000,0.000000,0.000000,0.000000,0.000000,0.000000,0.000000,0.000000,0.000000,0,0
1789801055.775000,0,0.016597,0.000959,-0.021503,0.000000,0.000000,0.000000,0.000000,0.000000,0.000000,0.000000,0.000000,0.000000,0.000000,0.000000,0.000000,0,0
1789801055.875010,0,0.016597,0.000959,-0.021503,0.000000,0.000000,0.000000,0.000000,0.000000,0.000000,0.000000,0.000000,0.000000,0.000000,0.000000,0.000000,0,0
1789801055.976330,0,0.016597,0.000959,-0.021503,0.000000,0.000000,0.000000,0.000000,0.000000,0.000000,0.000000,0.000000,0.000000,0.000000,0.000000,0.000000,0,0
1789801056.074951,0,0.016597,0.000959,-0.021503,0.000000,0.000000,0.000000,0.000000,0.000000,0.000000,0.000000,0.000000,0.000000,0.000000,0.000000,0.000000,0,0
1789801056.174922,0,0.016597,0.000959,-0.021503,0.000000,0.000000,0.000000,0.000000,0.000000,0.000000,0.000000,0.000000,0.000000,0.000000,0.000000,0.000000,0,0
1789801056.274904,0,0.016597,0.000959,-0.021503,0.000000,0.000000,0.000000,0.000000,0.000000,0.000000,0.000000,0.000000,0.000000,0.000000,0.000000,0.000000,0,0
1789801056.374955,0,0.016597,0.000959,-0.021503,0.000000,0.000000,0.000000,0.000000,0.000000,0.000000,0.000000,0.000000,0.000000,0.000000,0.000000,0.000000,0,0
1789801056.474871,0,0.016597,0.000959,-0.021503,0.000000,0.000000,0.000000,0.000000,0.000000,0.000000,0.000000,0.000000,0.000000,0.000000,0.000000,0.000000,0,0
1789801056.574874,0,0.016597,0.000959,-0.021503,0.000000,0.000000,0.000000,0.000000,0.000000,0.000000,0.000000,0.000000,0.000000,0.000000,0.000000,0.000000,0,0
1789801056.674884,0,0.016597,0.000959,-0.021503,0.000000,0.000000,0.000000,0.000000,0.000000,0.000000,0.000000,0.000000,0.000000,0.000000,0.000000,0.000000,0,0
1789801056.775272,0,0.016597,0.000959,-0.021503,0.000000,0.000000,0.000000,0.000000,0.000000,0.000000,0.000000,0.000000,0.000000,0.000000,0.000000,0.000000,0,0
1789801056.876716,0,0.016597,0.000959,-0.021503,0.000000,0.000000,0.000000,0.000000,0.000000,0.000000,0.000000,0.000000,0.000000,0.000000,0.000000,0.000000,1,0
1789801056.974883,0,0.016597,0.000959,-0.021503,0.000000,0.000000,0.000000,0.000000,0.000000,0.000000,0.000000,0.000000,0.000000,0.000000,0.000000,0.000000,0,0
1789801057.074903,0,0.016597,0.000959,-0.021503,0.000000,0.000000,0.000000,0.000000,0.000000,0.000000,0.000000,0.000000,0.000000,0.000000,0.000000,0.000000,0,0
1789801057.174813,0,0.016597,0.000959,-0.021503,0.000000,0.000000,0.000000,0.000000,0.000000,0.000000,0.000000,0.000000,0.000000,0.000000,0.000000,0.000000,0,0
1789801057.274846,0,0.016597,0.000959,-0.021503,0.000000,0.000000,0.000000,0.000000,0.000000,0.000000,0.000000,0.000000,0.000000,0.000000,0.000000,0.000000,0,0
1789801057.375651,0,0.016597,0.000959,-0.021503,0.000000,0.000000,0.000000,0.000000,0.000000,0.000000,0.000000,0.000000,0.000000,0.000000,0.000000,0.000000,0,0
1789801057.474786,0,0.016597,0.000959,-0.021503,0.000000,0.000000,0.000000,0.000000,0.000000,0.000000,0.000000,0.000000,0.000000,0.000000,0.000000,0.000000,0,0
1789801057.574958,0,0.016597,0.000959,-0.021503,0.000000,0.000000,0.000000,0.000000,0.000000,0.000000,0.000000,0.000000,0.000000,0.000000,0.000000,0.000000,0,0
1789801057.675076,0,0.016597,0.000959,-0.021503,0.000000,0.000000,0.000000,0.000000,0.000000,0.000000,0.000000,0.000000,0.000000,0.000000,0.000000,0.000000,0,0
1789801057.774764,0,0.016597,0.000959,-0.021503,0.000000,0.000000,0.000000,0.000000,0.000000,0.000000,0.000000,0.000000,0.000000,0.000000,0.000000,0.000000,0,0
1789801057.874743,0,0.016597,0.000959,-0.021503,0.000000,0.000000,0.000000,0.000000,0.000000,0.000000,0.000000,0.000000,0.000000,0.000000,0.000000,0.000000,0,0
1789801057.974750,0,0.016597,0.000959,-0.021503,0.000000,0.000000,0.000000,0.000000,0.000000,0.000000,0.000000,0.000000,0.000000,0.000000,0.000000,0.000000,0,0
1789801058.074739,0,0.016597,0.000959,-0.021503,0.000000,0.000000,0.000000,0.000000,0.000000,0.000000,0.000000,0.000000,0.000000,0.000000,0.000000,0.000000,0,0
1789801058.175691,0,0.016597,0.000959,-0.021503,0.000000,0.000000,0.000000,0.000000,0.000000,0.000000,0.000000,0.000000,0.000000,0.000000,0.000000,0.000000,0,0
1789801058.274782,0,0.016597,0.000959,-0.021503,0.000000,0.000000,0.000000,0.000000,0.000000,0.000000,0.000000,0.000000,0.000000,0.000000,0.000000,0.000000,0,0
1789801058.374965,0,0.016597,0.000959,-0.021503,0.000000,0.000000,0.000000,0.000000,0.000000,0.000000,0.000000,0.000000,0.000000,0.000000,0.000000,0.000000,0,0
1789801058.475503,0,0.016597,0.000959,-0.021503,0.000000,0.000000,0.000000,0.000000,0.000000,0.000000,0.000000,0.000000,0.000000,0.000000,0.000000,0.000000,0,0
1789801058.574650,0,0.016597,0.000959,-0.021503,0.000000,0.000000,0.000000,0.000000,0.000000,0.000000,0.000000,0.000000,0.000000,0.000000,0.000000,0.000000,0,0
1789801058.675175,0,0.016597,0.000959,-0.021503,0.000000,0.000000,0.000000,0.000000,0.000000,0.000000,0.000000,0.000000,0.000000,0.000000,0.000000,0.000000,0,0
1789801058.775106,0,0.016597,0.000959,-0.021503,0.000000,0.000000,0.000000,0.000000,0.000000,0.000000,0.000000,0.000000,0.000000,0.000000,0.000000,0.000000,0,0
1789801058.874795,0,0.016597,0.000959,-0.021503,0.000000,0.000000,0.000000,0.000000,0.000000,0.000000,0.000000,0.000000,0.000000,0.000000,0.000000,0.000000,0,0
1789801058.974614,0,0.016597,0.000959,-0.021503,0.000000,0.000000,0.000000,0.000000,0.000000,0.000000,0.000000,0.000000,0.000000,0.000000,0.000000,0.000000,0,0
1789801059.074667,0,0.016597,0.000959,-0.021503,0.000000,0.000000,0.000000,0.000000,0.000000,0.000000,0.000000,0.000000,0.000000,0.000000,0.000000,0.000000,0,0
1789801059.174769,0,0.016597,0.000959,-0.021503,0.000000,0.000000,0.000000,0.000000,0.000000,0.000000,0.000000,0.000000,0.000000,0.000000,0.000000,0.000000,0,0
1789801059.274592,0,0.016597,0.000959,-0.021503,0.000000,0.000000,0.000000,0.000000,0.000000,0.000000,0.000000,0.000000,0.000000,0.000000,0.000000,0.000000,0,0
1789801059.375116,0,0.016597,0.000959,-0.021503,0.000000,0.000000,0.000000,0.000000,0.000000,0.000000,0.000000,0.000000,0.000000,0.000000,0.000000,0.000000,0,0
1789801059.475006,0,0.016597,0.000959,-0.021503,0.000000,0.000000,0.000000,0.000000,0.000000,0.000000,0.000000,0.000000,0.000000,0.000000,0.000000,0.000000,0,0
1789801059.574686,0,0.016597,0.000959,-0.021503,0.000000,0.000000,0.000000,0.000000,0.000000,0.000000,0.000000,0.000000,0.000000,0.000000,0.000000,0.000000,0,0
1789801059.674543,0,0.016597,0.000959,-0.021503,0.000000,0.000000,0.000000,0.000000,0.000000,0.000000,0.000000,0.000000,0.000000,0.000000,0.000000,0.000000,0,0
1789801059.774566,0,0.016597,0.000959,-0.021503,0.000000,0.000000,0.000000,0.000000,0.000000,0.000000,0.000000,0.000000,0.000000,0.000000,0.000000,0.000000,0,0
1789801059.874937,0,0.016597,0.000959,-0.021503,0.000000,0.000000,0.000000,0.000000,0.000000,0.000000,0.000000,0.000000,0.000000,0.000000,0.000000,0.000000,0,0
1789801059.974543,0,0.016597,0.000959,-0.021503,0.000000,0.000000,0.000000,0.000000,0.000000,0.000000,0.000000,0.000000,0.000000,0.000000,0.000000,0.000000,0,0
1789801060.075545,0,0.016597,0.000959,-0.021503,0.000000,0.000000,0.000000,0.000000,0.000000,0.000000,0.000000,0.000000,0.000000,0.000000,0.000000,0.000000,0,0
1789801060.174489,0,0.016597,0.000959,-0.021503,0.000000,0.000000,0.000000,0.000000,0.000000,0.000000,0.000000,0.000000,0.000000,0.000000,0.000000,0.000000,0,0
1789801060.274468,0,0.016597,0.000959,-0.021503,0.000000,0.000000,0.000000,0.000000,0.000000,0.000000,0.000000,0.000000,0.000000,0.000000,0.000000,0.000000,0,0
1789801060.375395,0,0.016597,0.000959,-0.021503,0.000000,0.000000,0.000000,0.000000,0.000000,0.000000,0.000000,0.000000,0.000000,0.000000,0.000000,0.000000,0,0
1789801060.474439,0,0.016597,0.000959,-0.021503,0.000000,0.000000,0.000000,0.000000,0.000000,0.000000,0.000000,0.000000,0.000000,0.000000,0.000000,0.000000,0,0
1789801060.574452,0,0.016597,0.000959,-0.021503,0.000000,0.000000,0.000000,0.000000,0.000000,0.000000,0.000000,0.000000,0.000000,0.000000,0.000000,0.000000,0,0
1789801060.674443,0,0.016597,0.000959,-0.021503,0.000000,0.000000,0.000000,0.000000,0.000000,0.000000,0.000000,0.000000,0.000000,0.000000,0.000000,0.000000,0,0
1789801060.774406,0,0.016597,0.000959,-0.021503,0.000000,0.000000,0.000000,0.000000,0.000000,0.000000,0.000000,0.000000,0.000000,0.000000,0.000000,0.000000,0,0
1789801060.874628,0,0.016597,0.000959,-0.021503,0.000000,0.000000,0.000000,0.000000,0.000000,0.000000,0.000000,0.000000,0.000000,0.000000,0.000000,0.000000,0,0
1789801060.974410,0,0.016597,0.000959,-0.021503,0.000000,0.000000,0.000000,0.000000,0.000000,0.000000,0.000000,0.000000,0.000000,0.000000,0.000000,0.000000,0,0
1789801061.075113,0,0.016597,0.000959,-0.021503,0.000000,0.000000,0.000000,0.000000,0.000000,0.000000,0.000000,0.000000,0.000000,0.000000,0.000000,0.000000,0,0
1789801061.174679,0,0.016597,0.000959,-0.021503,0.000000,0.000000,0.000000,0.000000,0.000000,0.000000,0.000000,0.000000,0.000000,0.000000,0.000000,0.000000,0,0
1789801061.274385,0,0.016597,0.000959,-0.021503,0.000000,0.000000,0.000000,0.000000,0.000000,0.000000,0.000000,0.000000,0.000000,0.000000,0.000000,0.000000,0,0
1789801061.375739,0,0.016597,0.000959,-0.021503,0.000000,0.000000,0.000000,0.000000,0.000000,0.000000,0.000000,0.000000,0.000000,0.000000,0.000000,0.000000,0,0
1789801061.475149,0,0.016597,0.000959,-0.021503,0.000000,0.000000,0.000000,0.000000,0.000000,0.000000,0.000000,0.000000,0.000000,0.000000,0.000000,0.000000,0,0
1789801061.575414,0,0.016597,0.000959,-0.021503,0.000000,0.000000,0.000000,0.000000,0.000000,0.000000,0.000000,0.000000,0.000000,0.000000,0.000000,0.000000,0,0
1789801061.674309,0,0.016597,0.000959,-0.021503,0.000000,0.000000,0.000000,0.000000,0.000000,0.000000,0.000000,0.000000,0.000000,0.000000,0.000000,0.000000,0,0
1789801061.774295,0,0.016597,0.000959,-0.021503,0.000000,0.000000,0.000000,0.000000,0.000000,0.000000,0.000000,0.000000,0.000000,0.000000,0.000000,0.000000,0,0
1789801061.874279,0,0.016597,0.000959,-0.021503,0.000000,0.000000,0.000000,0.000000,0.000000,0.000000,0.000000,0.000000,0.000000,0.000000,0.000000,0.000000,0,0
1789801061.974296,0,0.016597,0.000959,-0.021503,0.000000,0.000000,0.000000,0.000000,0.000000,0.000000,0.000000,0.000000,0.000000,0.000000,0.000000,0.000000,0,0
1789801062.074284,0,0.016597,0.000959,-0.021503,0.000000,0.000000,0.000000,0.000000,0.000000,0.000000,0.000000,0.000000,0.000000,0.000000,0.000000,0.000000,0,0
1789801062.174248,0,0.016597,0.000959,-0.021503,0.000000,0.000000,0.000000,0.000000,0.000000,0.000000,0.000000,0.000000,0.000000,0.000000,0.000000,0.000000,0,0
1789801062.274257,0,0.016597,0.000959,-0.021503,0.000000,0.000000,0.000000,0.000000,0.000000,0.000000,0.000000,0.000000,0.000000,0.000000,0.000000,0.000000,0,0
1789801062.374239,0,0.016597,0.000959,-0.021503,0.000000,0.000000,0.000000,0.000000,0.000000,0.000000,0.000000,0.000000,0.000000,0.000000,0.000000,0.000000,0,0
1789801062.474249,0,0.016597,0.000959,-0.021503,0.000000,0.000000,0.000000,0.000000,0.000000,0.000000,0.000000,0.000000,0.000000,0.000000,0.000000,0.000000,0,0
1789801062.574597,0,0.016597,0.000959,-0.021503,0.000000,0.000000,0.000000,0.000000,0.000000,0.000000,0.000000,0.000000,0.000000,0.000000,0.000000,0.000000,0,0
1789801062.675127,0,0.016597,0.000959,-0.021503,0.000000,0.000000,0.000000,0.000000,0.000000,0.000000,0.000000,0.000000,0.000000,0.000000,0.000000,0.000000,0,0
1789801062.774250,0,0.016597,0.000959,-0.021503,0.000000,0.000000,0.000000,0.000000,0.000000,0.000000,0.000000,0.000000,0.000000,0.000000,0.000000,0.000000,0,0
1789801062.874339,0,0.016597,0.000959,-0.021503,0.000000,0.000000,0.000000,0.000000,0.000000,0.000000,0.000000,0.000000,0.000000,0.000000,0.000000,0.000000,0,0
1789801062.974174,0,0.016597,0.000959,-0.021503,0.000000,0.000000,0.000000,0.000000,0.000000,0.000000,0.000000,0.000000,0.000000,0.000000,0.000000,0.000000,0,0
1789801063.074207,0,0.016597,0.000959,-0.021503,0.000000,0.000000,0.000000,0.000000,0.000000,0.000000,0.000000,0.000000,0.000000,0.000000,0.000000,0.000000,0,0
1789801063.174368,0,0.016597,0.000959,-0.021503,0.000000,0.000000,0.000000,0.000000,0.000000,0.000000,0.000000,0.000000,0.000000,0.000000,0.000000,0.000000,0,0
1789801063.274172,0,0.016597,0.000959,-0.021503,0.000000,0.000000,0.000000,0.000000,0.000000,0.000000,0.000000,0.000000,0.000000,0.000000,0.000000,0.000000,0,0
1789801063.374160,0,0.016597,0.000959,-0.021503,0.000000,0.000000,0.000000,0.000000,0.000000,0.000000,0.000000,0.000000,0.000000,0.000000,0.000000,0.000000,0,0
1789801063.474202,0,0.016597,0.000959,-0.021503,0.000000,0.000000,0.000000,0.000000,0.000000,0.000000,0.000000,0.000000,0.000000,0.000000,0.000000,0.000000,0,0
1789801063.574165,0,0.016597,0.000959,-0.021503,0.000000,0.000000,0.000000,0.000000,0.000000,0.000000,0.000000,0.000000,0.000000,0.000000,0.000000,0.000000,0,0
1789801063.674173,0,0.016597,0.000959,-0.021503,0.000000,0.000000,0.000000,0.000000,0.000000,0.000000,0.000000,0.000000,0.000000,0.000000,0.000000,0.000000,0,0
1789801063.774191,0,0.016597,0.000959,-0.021503,0.000000,0.000000,0.000000,0.000000,0.000000,0.000000,0.000000,0.000000,0.000000,0.000000,0.000000,0.000000,0,0
1789801063.874192,0,0.016597,0.000959,-0.021503,0.000000,0.000000,0.000000,0.000000,0.000000,0.000000,0.000000,0.000000,0.000000,0.000000,0.000000,0.000000,0,0
1789801063.974137,0,0.016597,0.000959,-0.021503,0.000000,0.000000,0.000000,0.000000,0.000000,0.000000,0.000000,0.000000,0.000000,0.000000,0.000000,0.000000,0,0
1789801064.074126,0,0.016597,0.000959,-0.021503,0.000000,0.000000,0.000000,0.000000,0.000000,0.000000,0.000000,0.000000,0.000000,0.000000,0.000000,0.000000,0,0
1789801064.174206,0,0.016597,0.000959,-0.021503,0.000000,0.000000,0.000000,0.000000,0.000000,0.000000,0.000000,0.000000,0.000000,0.000000,0.000000,0.000000,0,0
1789801064.274102,0,0.016597,0.000959,-0.021503,0.000000,0.000000,0.000000,0.000000,0.000000,0.000000,0.000000,0.000000,0.000000,0.000000,0.000000,0.000000,0,0
1789801064.374120,0,0.016597,0.000959,-0.021503,0.000000,0.000000,0.000000,0.000000,0.000000,0.000000,0.000000,0.000000,0.000000,0.000000,0.000000,0.000000,0,0
1789801064.474185,0,0.016597,0.000959,-0.021503,0.000000,0.000000,0.000000,0.000000,0.000000,0.000000,0.000000,0.000000,0.000000,0.000000,0.000000,0.000000,0,0
1789801064.574654,0,0.016597,0.000959,-0.021503,0.000000,0.000000,0.000000,0.000000,0.000000,0.000000,0.000000,0.000000,0.000000,0.000000,0.000000,0.000000,0,0
1789801064.674149,0,0.016597,0.000959,-0.021503,0.000000,0.000000,0.000000,0.000000,0.000000,0.000000,0.000000,0.000000,0.000000,0.000000,0.000000,0.000000,0,0
1789801064.774088,0,0.016597,0.000959,-0.021503,0.000000,0.000000,0.000000,0.000000,0.000000,0.000000,0.000000,0.000000,0.000000,0.000000,0.000000,0.000000,0,0
1789801064.873967,0,0.016597,0.000959,-0.021503,0.000000,0.000000,0.000000,0.000000,0.000000,0.000000,0.000000,0.000000,0.000000,0.000000,0.000000,0.000000,0,0
1789801064.973960,0,0.016597,0.000959,-0.021503,0.000000,0.000000,0.000000,0.000000,0.000000,0.000000,0.000000,0.000000,0.000000,0.000000,0.000000,0.000000,0,0
1789801065.073951,0,0.016597,0.000959,-0.021503,0.000000,0.000000,0.000000,0.000000,0.000000,0.000000,0.000000,0.000000,0.000000,0.000000,0.000000,0.000000,0,0
1789801065.174069,0,0.016597,0.000959,-0.021503,0.000000,0.000000,0.000000,0.000000,0.000000,0.000000,0.000000,0.000000,0.000000,0.000000,0.000000,0.000000,0,0
1789801065.273963,0,0.016597,0.000959,-0.021503,0.000000,0.000000,0.000000,0.000000,0.000000,0.000000,0.000000,0.000000,0.000000,0.000000,0.000000,0.000000,0,0
1789801065.373910,0,0.016597,0.000959,-0.021503,0.000000,0.000000,0.000000,0.000000,0.000000,0.000000,0.000000,0.000000,0.000000,0.000000,0.000000,0.000000,0,0
1789801065.473896,0,0.016597,0.000959,-0.021503,0.000000,0.000000,0.000000,0.000000,0.000000,0.000000,0.000000,0.000000,0.000000,0.000000,0.000000,0.000000,0,0
1789801065.573966,0,0.016597,0.000959,-0.021503,0.000000,0.000000,0.000000,0.000000,0.000000,0.000000,0.000000,0.000000,0.000000,0.000000,0.000000,0.000000,0,0
1789801065.673877,0,0.016597,0.000959,-0.021503,0.000000,0.000000,0.000000,0.000000,0.000000,0.000000,0.000000,0.000000,0.000000,0.000000,0.000000,0.000000,0,0
1789801065.773807,0,0.016597,0.000959,-0.021503,0.000000,0.000000,0.000000,0.000000,0.000000,0.000000,0.000000,0.000000,0.000000,0.000000,0.000000,0.000000,0,0
1789801065.873896,0,0.016597,0.000959,-0.021503,0.000000,0.000000,0.000000,0.000000,0.000000,0.000000,0.000000,0.000000,0.000000,0.000000,0.000000,0.000000,0,0
1789801065.973884,0,0.016597,0.000959,-0.021503,0.000000,0.000000,0.000000,0.000000,0.000000,0.000000,0.000000,0.000000,0.000000,0.000000,0.000000,0.000000,0,0
1789801066.073846,0,18.109884,20.203495,0.032568,0.000000,0.000000,0.000000,0.000000,0.000000,0.000000,0.000000,0.000000,0.000000,0.000000,0.000000,0.000000,0,0
1789801066.173872,0,18.033300,20.190709,0.024334,0.000000,0.000000,0.000000,0.000000,0.000000,0.000000,0.000000,0.000000,0.000000,0.000000,0.000000,0.000000,0,0
1789801066.273811,0,18.033300,20.190709,0.024334,0.000000,0.000000,0.000000,0.000000,0.000000,0.000000,0.000000,0.000000,0.000000,0.000000,0.000000,0.000000,0,0
1789801066.373913,0,18.033300,20.190709,0.024334,0.000000,0.000000,0.000000,0.000000,0.000000,0.000000,0.000000,0.000000,0.000000,0.000000,0.000000,0.000000,0,0
1789801066.473741,0,18.033300,20.190709,0.024334,0.000000,0.000000,0.000000,0.000000,0.000000,0.000000,0.000000,0.000000,0.000000,0.000000,0.000000,0.000000,0,0
1789801066.573816,0,18.033300,20.190709,0.024334,0.000000,0.000000,0.000000,0.000000,0.000000,0.000000,0.000000,0.000000,0.000000,0.000000,0.000000,0.000000,0,0
1789801066.673801,0,18.033300,20.190709,0.024334,0.000000,0.000000,0.000000,0.000000,0.000000,0.000000,0.000000,0.000000,0.000000,0.000000,0.000000,0.000000,0,0
1789801066.773740,0,18.033300,20.190709,0.024334,0.000000,0.000000,0.000000,0.000000,0.000000,0.000000,0.000000,0.000000,0.000000,0.000000,0.000000,0.000000,0,0
1789801066.874131,0,18.033300,20.190709,0.024334,0.000000,0.000000,0.000000,0.000000,0.000000,0.000000,0.000000,0.000000,0.000000,0.000000,0.000000,0.000000,0,0
1789801066.973792,0,18.033300,20.190709,0.024334,0.000000,0.000000,0.000000,0.000000,0.000000,0.000000,0.000000,0.000000,0.000000,0.000000,0.000000,0.000000,0,0
1789801067.074228,0,18.033300,20.190709,0.024334,0.000000,0.000000,0.000000,0.000000,0.000000,0.000000,0.000000,0.000000,0.000000,0.000000,0.000000,0.000000,0,0
1789801067.173774,0,18.033300,20.190709,0.024334,0.000000,0.000000,0.000000,0.000000,0.000000,0.000000,0.000000,0.000000,0.000000,0.000000,0.000000,0.000000,0,0
1789801067.273722,0,18.033300,20.190709,0.024334,0.000000,0.000000,0.000000,0.000000,0.000000,0.000000,0.000000,0.000000,0.000000,0.000000,0.000000,0.000000,0,0
1789801067.373687,0,18.033300,20.190709,0.024334,0.000000,0.000000,0.000000,0.000000,0.000000,0.000000,0.000000,0.000000,0.000000,0.000000,0.000000,0.000000,0,0
1789801067.474298,0,18.033300,20.190709,0.024334,0.000000,0.000000,0.000000,0.000000,0.000000,0.000000,0.000000,0.000000,0.000000,0.000000,0.000000,0.000000,0,0
1789801067.573699,0,18.033300,20.190709,0.024334,0.000000,0.000000,0.000000,0.000000,0.000000,0.000000,0.000000,0.000000,0.000000,0.000000,0.000000,0.000000,0,0
1789801067.673676,0,18.033300,20.190709,0.024334,0.000000,0.000000,0.000000,0.000000,0.000000,0.000000,0.000000,0.000000,0.000000,0.000000,0.000000,0.000000,0,0
1789801067.773674,0,18.033300,20.190709,0.024334,0.000000,0.000000,0.000000,0.000000,0.000000,0.000000,0.000000,0.000000,0.000000,0.000000,0.000000,0.000000,0,0
1789801067.873625,0,18.033300,20.190709,0.024334,0.000000,0.000000,0.000000,0.000000,0.000000,0.000000,0.000000,0.000000,0.000000,0.000000,0.000000,0.000000,0,0
1789801067.975276,0,18.033300,20.190709,0.024334,0.000000,0.000000,0.000000,0.000000,0.000000,0.000000,0.000000,0.000000,0.000000,0.000000,0.000000,0.000000,0,0
1789801068.073620,0,18.033300,20.190709,0.024334,0.000000,0.000000,0.000000,0.000000,0.000000,0.000000,0.000000,0.000000,0.000000,0.000000,0.000000,0.000000,0,0
1789801068.173630,0,18.033300,20.190709,0.024334,0.000000,0.000000,0.000000,0.000000,0.000000,0.000000,0.000000,0.000000,0.000000,0.000000,0.000000,0.000000,0,0
1789801068.274133,0,18.033300,20.190709,0.024334,0.000000,0.000000,0.000000,0.000000,0.000000,0.000000,0.000000,0.000000,0.000000,0.000000,0.000000,0.000000,0,0
1789801068.373653,0,18.033300,20.190709,0.024334,0.000000,0.000000,0.000000,0.000000,0.000000,0.000000,0.000000,0.000000,0.000000,0.000000,0.000000,0.000000,0,0
1789801068.474126,0,18.033300,20.190709,0.024334,0.000000,0.000000,0.000000,0.000000,0.000000,0.000000,0.000000,0.000000,0.000000,0.000000,0.000000,0.000000,0,0
1789801068.573599,0,18.033300,20.190709,0.024334,0.000000,0.000000,0.000000,0.000000,0.000000,0.000000,0.000000,0.000000,0.000000,0.000000,0.000000,0.000000,0,0
1789801068.674254,0,18.033300,20.190709,0.024334,0.000000,0.000000,0.000000,0.000000,0.000000,0.000000,0.000000,0.000000,0.000000,0.000000,0.000000,0.000000,0,0
1789801068.773556,0,18.033300,20.190709,0.024334,0.000000,0.000000,0.000000,0.000000,0.000000,0.000000,0.000000,0.000000,0.000000,0.000000,0.000000,0.000000,0,0
1789801068.873538,0,18.033300,20.190709,0.024334,0.000000,0.000000,0.000000,0.000000,0.000000,0.000000,0.000000,0.000000,0.000000,0.000000,0.000000,0.000000,0,0
1789801068.973567,0,18.033300,20.190709,0.024334,0.000000,0.000000,0.000000,0.000000,0.000000,0.000000,0.000000,0.000000,0.000000,0.000000,0.000000,0.000000,0,0
1789801069.073726,0,18.033300,20.190709,0.024334,0.000000,0.000000,0.000000,0.000000,0.000000,0.000000,0.000000,0.000000,0.000000,0.000000,0.000000,0.000000,0,0
1789801069.173736,0,18.033300,20.190709,0.024334,0.000000,0.000000,0.000000,0.000000,0.000000,0.000000,0.000000,0.000000,0.000000,0.000000,0.000000,0.000000,0,0
1789801069.273503,0,18.033300,20.190709,0.024334,0.000000,0.000000,0.000000,0.000000,0.000000,0.000000,0.000000,0.000000,0.000000,0.000000,0.000000,0.000000,0,0
1789801069.373515,0,18.033300,20.190709,0.024334,0.000000,0.000000,0.000000,0.000000,0.000000,0.000000,0.000000,0.000000,0.000000,0.000000,0.000000,0.000000,0,0
1789801069.473616,0,18.033300,20.190709,0.024334,0.000000,0.000000,0.000000,0.000000,0.000000,0.000000,0.000000,0.000000,0.000000,0.000000,0.000000,0.000000,1,0
1789801069.573453,0,18.033300,20.190709,0.024334,0.000000,0.000000,0.000000,0.000000,0.000000,0.000000,0.000000,0.000000,0.000000,0.000000,0.000000,0.000000,0,0
1789801069.673713,0,18.033300,20.190709,0.024334,0.000000,0.000000,0.000000,0.000000,0.000000,0.000000,0.000000,0.000000,0.000000,0.000000,0.000000,0.000000,0,0
1789801069.773460,0,18.033300,20.190709,0.024334,0.000000,0.000000,0.000000,0.000000,0.000000,0.000000,0.000000,0.000000,0.000000,0.000000,0.000000,0.000000,0,0
1789801069.874453,0,18.033300,20.190709,0.024334,0.000000,0.000000,0.000000,0.000000,0.000000,0.000000,0.000000,0.000000,0.000000,0.000000,0.000000,0.000000,1,0
1789801069.973403,0,18.033300,20.190709,0.024334,0.000000,0.000000,0.000000,0.000000,0.000000,0.000000,0.000000,0.000000,0.000000,0.000000,0.000000,0.000000,0,0
1789801070.075335,0,18.033300,20.190709,0.024334,0.000000,0.000000,0.000000,0.000000,0.000000,0.000000,0.000000,0.000000,0.000000,0.000000,0.000000,0.000000,0,0
1789801070.173409,0,18.033300,20.190709,0.024334,0.000000,0.000000,0.000000,0.000000,0.000000,0.000000,0.000000,0.000000,0.000000,0.000000,0.000000,0.000000,0,0
1789801070.273500,0,18.033300,20.190709,0.024334,0.000000,0.000000,0.000000,0.000000,0.000000,0.000000,0.000000,0.000000,0.000000,0.000000,0.000000,0.000000,0,0
1789801070.373383,0,18.033300,20.190709,0.024334,0.000000,0.000000,0.000000,0.000000,0.000000,0.000000,0.000000,0.000000,0.000000,0.000000,0.000000,0.000000,1,0
1789801070.473328,0,18.033300,20.190709,0.024334,0.000000,0.000000,0.000000,0.000000,0.000000,0.000000,0.000000,0.000000,0.000000,0.000000,0.000000,0.000000,1,0
1789801070.574455,0,18.033300,20.190709,0.024334,0.000000,0.000000,0.000000,0.000000,0.000000,0.000000,0.000000,0.000000,0.000000,0.000000,0.000000,0.000000,0,0
1789801070.674136,0,18.033300,20.190709,0.024334,0.000000,0.000000,0.000000,0.000000,0.000000,0.000000,0.000000,0.000000,0.000000,0.000000,0.000000,0.000000,1,0
1789801070.773494,0,18.033300,20.190709,0.024334,0.000000,0.000000,0.000000,0.000000,0.000000,0.000000,0.000000,0.000000,0.000000,0.000000,0.000000,0.000000,0,0
1789801070.873320,0,18.033300,20.190709,0.024334,0.000000,0.000000,0.000000,0.000000,0.000000,0.000000,0.000000,0.000000,0.000000,0.000000,0.000000,0.000000,1,0
1789801070.973298,0,18.033300,20.190709,0.024334,0.000000,0.000000,0.000000,0.000000,0.000000,0.000000,0.000000,0.000000,0.000000,0.000000,0.000000,0.000000,0,0
1789801071.073653,0,18.033300,20.190709,0.024334,0.000000,0.000000,0.000000,0.000000,0.000000,0.000000,0.000000,0.000000,0.000000,0.000000,0.000000,0.000000,0,0
1789801071.174547,0,18.033300,20.190709,0.024334,0.000000,0.000000,0.000000,0.000000,0.000000,0.000000,0.000000,0.000000,0.000000,0.000000,0.000000,0.000000,0,0
1789801071.273557,0,18.033300,20.190709,0.024334,0.000000,0.000000,0.000000,0.000000,0.000000,0.000000,0.000000,0.000000,0.000000,0.000000,0.000000,0.000000,0,0
1789801071.373271,0,18.033300,20.190709,0.024334,0.000000,0.000000,0.000000,0.000000,0.000000,0.000000,0.000000,0.000000,0.000000,0.000000,0.000000,0.000000,0,0
1789801071.473322,0,18.033300,20.190709,0.024334,0.000000,0.000000,0.000000,0.000000,0.000000,0.000000,0.000000,0.000000,0.000000,0.000000,0.000000,0.000000,0,0
1789801071.573247,0,18.033300,20.190709,0.024334,0.000000,0.000000,0.000000,0.000000,0.000000,0.000000,0.000000,0.000000,0.000000,0.000000,0.000000,0.000000,0,0
1789801071.674164,0,18.033300,20.190709,0.024334,0.000000,0.000000,0.000000,0.000000,0.000000,0.000000,0.000000,0.000000,0.000000,0.000000,0.000000,0.000000,0,0
1789801071.773502,0,18.033300,20.190709,0.024334,0.000000,0.000000,0.000000,0.000000,0.000000,0.000000,0.000000,0.000000,0.000000,0.000000,0.000000,0.000000,0,0
1789801071.873227,0,17.989935,20.318044,-0.080466,0.000000,0.000000,0.000000,0.000000,0.000000,0.000000,0.000000,0.000000,0.000000,0.000000,0.000000,0.000000,0,0
1789801071.973346,0,17.989935,20.318044,-0.080466,0.000000,0.000000,0.000000,0.000000,0.000000,0.000000,0.000000,0.000000,0.000000,0.000000,0.000000,0.000000,0,0
1789801072.073201,0,17.989935,20.318044,-0.080466,0.000000,0.000000,0.000000,0.000000,0.000000,0.000000,0.000000,0.000000,0.000000,0.000000,0.000000,0.000000,0,0
1789801072.173242,0,17.989935,20.318044,-0.080466,0.000000,0.000000,0.000000,0.000000,0.000000,0.000000,0.000000,0.000000,0.000000,0.000000,0.000000,0.000000,0,0
1789801072.273174,0,17.989935,20.318044,-0.080466,0.000000,0.000000,0.000000,0.000000,0.000000,0.000000,0.000000,0.000000,0.000000,0.000000,0.000000,0.000000,0,0
1789801072.373171,0,17.989935,20.318044,-0.080466,0.000000,0.000000,0.000000,0.000000,0.000000,0.000000,0.000000,0.000000,0.000000,0.000000,0.000000,0.000000,0,0
1789801072.473201,0,17.989935,20.318044,-0.080466,0.000000,0.000000,0.000000,0.000000,0.000000,0.000000,0.000000,0.000000,0.000000,0.000000,0.000000,0.000000,0,0
1789801072.573314,0,17.989935,20.318044,-0.080466,0.000000,0.000000,0.000000,0.000000,0.000000,0.000000,0.000000,0.000000,0.000000,0.000000,0.000000,0.000000,0,0
1789801072.674108,0,17.989935,20.318044,-0.080466,0.000000,0.000000,0.000000,0.000000,0.000000,0.000000,0.000000,0.000000,0.000000,0.000000,0.000000,0.000000,0,0
1789801072.773243,0,17.989935,20.318044,-0.080466,0.000000,0.000000,0.000000,0.000000,0.000000,0.000000,0.000000,0.000000,0.000000,0.000000,0.000000,0.000000,0,0
1789801072.873110,0,17.989935,20.318044,-0.080466,0.000000,0.000000,0.000000,0.000000,0.000000,0.000000,0.000000,0.000000,0.000000,0.000000,0.000000,0.000000,0,0
1789801072.974692,0,17.989935,20.318044,-0.080466,0.000000,0.000000,0.000000,0.000000,0.000000,0.000000,0.000000,0.000000,0.000000,0.000000,0.000000,0.000000,0,0
1789801073.073134,0,17.989935,20.318044,-0.080466,0.000000,0.000000,0.000000,0.000000,0.000000,0.000000,0.000000,0.000000,0.000000,0.000000,0.000000,0.000000,0,0
1789801073.174691,0,17.989935,20.318044,-0.080466,0.000000,0.000000,0.000000,0.000000,0.000000,0.000000,0.000000,0.000000,0.000000,0.000000,0.000000,0.000000,0,0
1789801073.274168,0,17.989935,20.318044,-0.080466,0.000000,0.000000,0.000000,0.000000,0.000000,0.000000,0.000000,0.000000,0.000000,0.000000,0.000000,0.000000,0,0
1789801073.373062,0,17.989935,20.318044,-0.080466,0.000000,0.000000,0.000000,0.000000,0.000000,0.000000,0.000000,0.000000,0.000000,0.000000,0.000000,0.000000,0,0
1789801073.473101,0,17.989935,20.318044,-0.080466,0.000000,0.000000,0.000000,0.000000,0.000000,0.000000,0.000000,0.000000,0.000000,0.000000,0.000000,0.000000,0,0
1789801073.573110,0,17.989935,20.318044,-0.080466,0.000000,0.000000,0.000000,0.000000,0.000000,0.000000,0.000000,0.000000,0.000000,0.000000,0.000000,0.000000,0,0
1789801073.673051,0,17.989935,20.318044,-0.080466,0.000000,0.000000,0.000000,0.000000,0.000000,0.000000,0.000000,0.000000,0.000000,0.000000,0.000000,0.000000,0,0
1789801073.773013,0,17.989935,20.318044,-0.080466,0.000000,0.000000,0.000000,0.000000,0.000000,0.000000,0.000000,0.000000,0.000000,0.000000,0.000000,0.000000,0,0
1789801073.873033,0,17.989935,20.318044,-0.080466,0.000000,0.000000,0.000000,0.000000,0.000000,0.000000,0.000000,0.000000,0.000000,0.000000,0.000000,0.000000,0,0
1789801073.973004,0,17.989935,20.318044,-0.080466,0.000000,0.000000,0.000000,0.000000,0.000000,0.000000,0.000000,0.000000,0.000000,0.000000,0.000000,0.000000,0,0
1789801074.072937,0,17.989935,20.318044,-0.080466,0.000000,0.000000,0.000000,0.000000,0.000000,0.000000,0.000000,0.000000,0.000000,0.000000,0.000000,0.000000,0,0
1789801074.172955,0,17.989935,20.318044,-0.080466,0.000000,0.000000,0.000000,0.000000,0.000000,0.000000,0.000000,0.000000,0.000000,0.000000,0.000000,0.000000,0,0
1789801074.272967,0,17.989935,20.318044,-0.080466,0.000000,0.000000,0.000000,0.000000,0.000000,0.000000,0.000000,0.000000,0.000000,0.000000,0.000000,0.000000,0,0
1789801074.373025,0,17.989935,20.318044,-0.080466,0.000000,0.000000,0.000000,0.000000,0.000000,0.000000,0.000000,0.000000,0.000000,0.000000,0.000000,0.000000,0,0
1789801074.472932,0,17.989935,20.318044,-0.080466,0.000000,0.000000,0.000000,0.000000,0.000000,0.000000,0.000000,0.000000,0.000000,0.000000,0.000000,0.000000,0,0
1789801074.572987,0,17.989935,20.318044,-0.080466,0.000000,0.000000,0.000000,0.000000,0.000000,0.000000,0.000000,0.000000,0.000000,0.000000,0.000000,0.000000,0,0
1789801074.673165,0,17.989935,20.318044,-0.080466,0.000000,0.000000,0.000000,0.000000,0.000000,0.000000,0.000000,0.000000,0.000000,0.000000,0.000000,0.000000,0,0
1789801074.772951,0,17.989935,20.318044,-0.080466,0.000000,0.000000,0.000000,0.000000,0.000000,0.000000,0.000000,0.000000,0.000000,0.000000,0.000000,0.000000,0,0
1789801074.873069,0,17.989935,20.318044,-0.080466,0.000000,0.000000,0.000000,0.000000,0.000000,0.000000,0.000000,0.000000,0.000000,0.000000,0.000000,0.000000,0,0
1789801074.972918,0,17.989935,20.318044,-0.080466,0.000000,0.000000,0.000000,0.000000,0.000000,0.000000,0.000000,0.000000,0.000000,0.000000,0.000000,0.000000,0,0
1789801075.072966,0,17.989935,20.318044,-0.080466,0.000000,0.000000,0.000000,0.000000,0.000000,0.000000,0.000000,0.000000,0.000000,0.000000,0.000000,0.000000,0,0
1789801075.172946,0,17.989935,20.318044,-0.080466,0.000000,0.000000,0.000000,0.000000,0.000000,0.000000,0.000000,0.000000,0.000000,0.000000,0.000000,0.000000,0,0
1789801075.274239,0,17.989935,20.318044,-0.080466,0.000000,0.000000,0.000000,0.000000,0.000000,0.000000,0.000000,0.000000,0.000000,0.000000,0.000000,0.000000,0,0
1789801075.373105,0,17.989935,20.318044,-0.080466,0.000000,0.000000,0.000000,0.000000,0.000000,0.000000,0.000000,0.000000,0.000000,0.000000,0.000000,0.000000,0,0
1789801075.472831,0,17.989935,20.318044,-0.080466,0.000000,0.000000,0.000000,0.000000,0.000000,0.000000,0.000000,0.000000,0.000000,0.000000,0.000000,0.000000,0,0
1789801075.572813,0,17.989935,20.318044,-0.080466,0.000000,0.000000,0.000000,0.000000,0.000000,0.000000,0.000000,0.000000,0.000000,0.000000,0.000000,0.000000,0,0
1789801075.672817,0,17.989935,20.318044,-0.080466,0.000000,0.000000,0.000000,0.000000,0.000000,0.000000,0.000000,0.000000,0.000000,0.000000,0.000000,0.000000,0,0
1789801075.773220,0,17.989935,20.318044,-0.080466,0.000000,0.000000,0.000000,0.000000,0.000000,0.000000,0.000000,0.000000,0.000000,0.000000,0.000000,0.000000,0,0
1789801075.872948,0,17.989935,20.318044,-0.080466,0.000000,0.000000,0.000000,0.000000,0.000000,0.000000,0.000000,0.000000,0.000000,0.000000,0.000000,0.000000,0,0
1789801075.974953,0,17.989935,20.318044,-0.080466,0.000000,0.000000,0.000000,0.000000,0.000000,0.000000,0.000000,0.000000,0.000000,0.000000,0.000000,0.000000,0,0
1789801076.072793,0,17.989935,20.318044,-0.080466,0.000000,0.000000,0.000000,0.000000,0.000000,0.000000,0.000000,0.000000,0.000000,0.000000,0.000000,0.000000,0,0
1789801076.172894,0,17.989935,20.318044,-0.080466,0.000000,0.000000,0.000000,0.000000,0.000000,0.000000,0.000000,0.000000,0.000000,0.000000,0.000000,0.000000,0,0
1789801076.272862,0,17.989935,20.318044,-0.080466,0.000000,0.000000,0.000000,0.000000,0.000000,0.000000,0.000000,0.000000,0.000000,0.000000,0.000000,0.000000,0,0
1789801076.372732,0,17.989935,20.318044,-0.080466,0.000000,0.000000,0.000000,0.000000,0.000000,0.000000,0.000000,0.000000,0.000000,0.000000,0.000000,0.000000,0,0
1789801076.472854,0,17.989935,20.318044,-0.080466,0.000000,0.000000,0.000000,0.000000,0.000000,0.000000,0.000000,0.000000,0.000000,0.000000,0.000000,0.000000,0,0
1789801076.572744,0,17.989935,20.318044,-0.080466,0.000000,0.000000,0.000000,0.000000,0.000000,0.000000,0.000000,0.000000,0.000000,0.000000,0.000000,0.000000,0,0
1789801076.672722,0,17.989935,20.318044,-0.080466,0.000000,0.000000,0.000000,0.000000,0.000000,0.000000,0.000000,0.000000,0.000000,0.000000,0.000000,0.000000,0,0
1789801076.772782,0,17.989935,20.318044,-0.080466,0.000000,0.000000,0.000000,0.000000,0.000000,0.000000,0.000000,0.000000,0.000000,0.000000,0.000000,0.000000,0,0
1789801076.872725,0,17.989935,20.318044,-0.080466,0.000000,0.000000,0.000000,0.000000,0.000000,0.000000,0.000000,0.000000,0.000000,0.000000,0.000000,0.000000,0,0
1789801076.972680,0,17.989935,20.318044,-0.080466,0.000000,0.000000,0.000000,0.000000,0.000000,0.000000,0.000000,0.000000,0.000000,0.000000,0.000000,0.000000,0,0
1789801077.072656,0,17.989935,20.318044,-0.080466,0.000000,0.000000,0.000000,0.000000,0.000000,0.000000,0.000000,0.000000,0.000000,0.000000,0.000000,0.000000,0,0
1789801077.172794,0,17.989935,20.318044,-0.080466,0.000000,0.000000,0.000000,0.000000,0.000000,0.000000,0.000000,0.000000,0.000000,0.000000,0.000000,0.000000,0,0
1789801077.272697,0,17.989935,20.318044,-0.080466,0.000000,0.000000,0.000000,0.000000,0.000000,0.000000,0.000000,0.000000,0.000000,0.000000,0.000000,0.000000,0,0
1789801077.372649,0,17.989935,20.318044,-0.080466,0.000000,0.000000,0.000000,0.000000,0.000000,0.000000,0.000000,0.000000,0.000000,0.000000,0.000000,0.000000,0,0
1789801077.473050,0,17.989935,20.318044,-0.080466,0.000000,0.000000,0.000000,0.000000,0.000000,0.000000,0.000000,0.000000,0.000000,0.000000,0.000000,0.000000,0,0
1789801077.572754,0,17.989935,20.318044,-0.080466,0.000000,0.000000,0.000000,0.000000,0.000000,0.000000,0.000000,0.000000,0.000000,0.000000,0.000000,0.000000,0,0
1789801077.672795,0,17.989935,20.318044,-0.080466,0.000000,0.000000,0.000000,0.000000,0.000000,0.000000,0.000000,0.000000,0.000000,0.000000,0.000000,0.000000,0,0
1789801077.772763,0,17.989935,20.318044,-0.080466,0.000000,0.000000,0.000000,0.000000,0.000000,0.000000,0.000000,0.000000,0.000000,0.000000,0.000000,0.000000,0,0
1789801077.872590,0,17.989935,20.318044,-0.080466,0.000000,0.000000,0.000000,0.000000,0.000000,0.000000,0.000000,0.000000,0.000000,0.000000,0.000000,0.000000,0,0
1789801077.972577,0,17.989935,20.318044,-0.080466,0.000000,0.000000,0.000000,0.000000,0.000000,0.000000,0.000000,0.000000,0.000000,0.000000,0.000000,0.000000,0,0
1789801078.072608,0,17.989935,20.318044,-0.080466,0.000000,0.000000,0.000000,0.000000,0.000000,0.000000,0.000000,0.000000,0.000000,0.000000,0.000000,0.000000,0,0
1789801078.172558,0,17.989935,20.318044,-0.080466,0.000000,0.000000,0.000000,0.000000,0.000000,0.000000,0.000000,0.000000,0.000000,0.000000,0.000000,0.000000,0,0
1789801078.272666,0,17.989935,20.318044,-0.080466,0.000000,0.000000,0.000000,0.000000,0.000000,0.000000,0.000000,0.000000,0.000000,0.000000,0.000000,0.000000,0,0
1789801078.372527,0,17.989935,20.318044,-0.080466,0.000000,0.000000,0.000000,0.000000,0.000000,0.000000,0.000000,0.000000,0.000000,0.000000,0.000000,0.000000,0,0
1789801078.472828,0,17.989935,20.318044,-0.080466,0.000000,0.000000,0.000000,0.000000,0.000000,0.000000,0.000000,0.000000,0.000000,0.000000,0.000000,0.000000,0,0
1789801078.572594,0,17.989935,20.318044,-0.080466,0.000000,0.000000,0.000000,0.000000,0.000000,0.000000,0.000000,0.000000,0.000000,0.000000,0.000000,0.000000,0,0
1789801078.672546,0,17.989935,20.318044,-0.080466,0.000000,0.000000,0.000000,0.000000,0.000000,0.000000,0.000000,0.000000,0.000000,0.000000,0.000000,0.000000,0,0
1789801078.772782,0,17.989935,20.318044,-0.080466,0.000000,0.000000,0.000000,0.000000,0.000000,0.000000,0.000000,0.000000,0.000000,0.000000,0.000000,0.000000,0,0
1789801078.872547,0,17.989935,20.318044,-0.080466,0.000000,0.000000,0.000000,0.000000,0.000000,0.000000,0.000000,0.000000,0.000000,0.000000,0.000000,0.000000,0,0
1789801078.972656,0,17.989935,20.318044,-0.080466,0.000000,0.000000,0.000000,0.000000,0.000000,0.000000,0.000000,0.000000,0.000000,0.000000,0.000000,0.000000,0,0
1789801079.072467,0,17.989935,20.318044,-0.080466,0.000000,0.000000,0.000000,0.000000,0.000000,0.000000,0.000000,0.000000,0.000000,0.000000,0.000000,0.000000,0,0
1789801079.172743,0,17.989935,20.318044,-0.080466,0.000000,0.000000,0.000000,0.000000,0.000000,0.000000,0.000000,0.000000,0.000000,0.000000,0.000000,0.000000,0,0
1789801079.272444,0,17.989935,20.318044,-0.080466,0.000000,0.000000,0.000000,0.000000,0.000000,0.000000,0.000000,0.000000,0.000000,0.000000,0.000000,0.000000,0,0
1789801079.372422,0,17.989935,20.318044,-0.080466,0.000000,0.000000,0.000000,0.000000,0.000000,0.000000,0.000000,0.000000,0.000000,0.000000,0.000000,0.000000,0,0
1789801079.472421,0,17.989935,20.318044,-0.080466,0.000000,0.000000,0.000000,0.000000,0.000000,0.000000,0.000000,0.000000,0.000000,0.000000,0.000000,0.000000,0,0
1789801079.572410,0,17.989935,20.318044,-0.080466,0.000000,0.000000,0.000000,0.000000,0.000000,0.000000,0.000000,0.000000,0.000000,0.000000,0.000000,0.000000,0,0
1789801079.672415,0,17.989935,20.318044,-0.080466,0.000000,0.000000,0.000000,0.000000,0.000000,0.000000,0.000000,0.000000,0.000000,0.000000,0.000000,0.000000,0,0
1789801079.772408,0,17.989935,20.318044,-0.080466,0.000000,0.000000,0.000000,0.000000,0.000000,0.000000,0.000000,0.000000,0.000000,0.000000,0.000000,0.000000,0,0
1789801079.872686,0,17.989935,20.318044,-0.080466,0.000000,0.000000,0.000000,0.000000,0.000000,0.000000,0.000000,0.000000,0.000000,0.000000,0.000000,0.000000,0,0
1789801079.972390,0,17.989935,20.318044,-0.080466,0.000000,0.000000,0.000000,0.000000,0.000000,0.000000,0.000000,0.000000,0.000000,0.000000,0.000000,0.000000,0,0
1789801080.072459,0,17.989935,20.318044,-0.080466,0.000000,0.000000,0.000000,0.000000,0.000000,0.000000,0.000000,0.000000,0.000000,0.000000,0.000000,0.000000,0,0
1789801080.172396,0,17.989935,20.318044,-0.080466,0.000000,0.000000,0.000000,0.000000,0.000000,0.000000,0.000000,0.000000,0.000000,0.000000,0.000000,0.000000,0,0
1789801080.272359,0,17.989935,20.318044,-0.080466,0.000000,0.000000,0.000000,0.000000,0.000000,0.000000,0.000000,0.000000,0.000000,0.000000,0.000000,0.000000,0,0
1789801080.372659,0,17.989935,20.318044,-0.080466,0.000000,0.000000,0.000000,0.000000,0.000000,0.000000,0.000000,0.000000,0.000000,0.000000,0.000000,0.000000,0,0
1789801080.472654,0,17.989935,20.318044,-0.080466,0.000000,0.000000,0.000000,0.000000,0.000000,0.000000,0.000000,0.000000,0.000000,0.000000,0.000000,0.000000,0,0
1789801080.572346,0,17.989935,20.318044,-0.080466,0.000000,0.000000,0.000000,0.000000,0.000000,0.000000,0.000000,0.000000,0.000000,0.000000,0.000000,0.000000,0,0
1789801080.672295,0,17.989935,20.318044,-0.080466,0.000000,0.000000,0.000000,0.000000,0.000000,0.000000,0.000000,0.000000,0.000000,0.000000,0.000000,0.000000,0,0
1789801080.772668,0,17.989935,20.318044,-0.080466,0.000000,0.000000,0.000000,0.000000,0.000000,0.000000,0.000000,0.000000,0.000000,0.000000,0.000000,0.000000,0,0
1789801080.872317,0,17.989935,20.318044,-0.080466,0.000000,0.000000,0.000000,0.000000,0.000000,0.000000,0.000000,0.000000,0.000000,0.000000,0.000000,0.000000,0,0
1789801080.972554,0,17.989935,20.318044,-0.080466,0.000000,0.000000,0.000000,0.000000,0.000000,0.000000,0.000000,0.000000,0.000000,0.000000,0.000000,0.000000,0,0
1789801081.072226,0,17.989935,20.318044,-0.080466,0.000000,0.000000,0.000000,0.000000,0.000000,0.000000,0.000000,0.000000,0.000000,0.000000,0.000000,0.000000,0,0
1789801081.172280,0,17.989935,20.318044,-0.080466,0.000000,0.000000,0.000000,0.000000,0.000000,0.000000,0.000000,0.000000,0.000000,0.000000,0.000000,0.000000,0,0
1789801081.272368,0,17.989935,20.318044,-0.080466,0.000000,0.000000,0.000000,0.000000,0.000000,0.000000,0.000000,0.000000,0.000000,0.000000,0.000000,0.000000,0,0
1789801081.372202,0,17.989935,20.318044,-0.080466,0.000000,0.000000,0.000000,0.000000,0.000000,0.000000,0.000000,0.000000,0.000000,0.000000,0.000000,0.000000,0,0
1789801081.472241,0,17.989935,20.318044,-0.080466,0.000000,0.000000,0.000000,0.000000,0.000000,0.000000,0.000000,0.000000,0.000000,0.000000,0.000000,0.000000,0,0
1789801081.572235,0,17.989935,20.318044,-0.080466,0.000000,0.000000,0.000000,0.000000,0.000000,0.000000,0.000000,0.000000,0.000000,0.000000,0.000000,0.000000,0,0
1789801081.672359,0,17.989935,20.318044,-0.080466,0.000000,0.000000,0.000000,0.000000,0.000000,0.000000,0.000000,0.000000,0.000000,0.000000,0.000000,0.000000,0,0
1789801081.772221,0,17.986660,20.213861,0.014601,0.000000,0.000000,0.000000,0.000000,0.000000,0.000000,0.000000,0.000000,0.000000,0.000000,0.000000,0.000000,0,0
1789801081.872260,0,17.947639,20.204622,0.002087,0.000000,0.000000,0.000000,0.000000,0.000000,0.000000,0.000000,0.000000,0.000000,0.000000,0.000000,0.000000,0,0
1789801081.972296,0,17.947639,20.204622,0.002087,0.000000,0.000000,0.000000,0.000000,0.000000,0.000000,0.000000,0.000000,0.000000,0.000000,0.000000,0.000000,0,0
1789801082.072193,0,17.947639,20.204622,0.002087,0.000000,0.000000,0.000000,0.000000,0.000000,0.000000,0.000000,0.000000,0.000000,0.000000,0.000000,0.000000,0,0
1789801082.172128,0,17.947639,20.204622,0.002087,0.000000,0.000000,0.000000,0.000000,0.000000,0.000000,0.000000,0.000000,0.000000,0.000000,0.000000,0.000000,0,0
1789801082.272130,0,17.947639,20.204622,0.002087,0.000000,0.000000,0.000000,0.000000,0.000000,0.000000,0.000000,0.000000,0.000000,0.000000,0.000000,0.000000,0,0
1789801082.372218,0,17.947639,20.204622,0.002087,0.000000,0.000000,0.000000,0.000000,0.000000,0.000000,0.000000,0.000000,0.000000,0.000000,0.000000,0.000000,0,0
1789801082.472185,0,17.947639,20.204622,0.002087,0.000000,0.000000,0.000000,0.000000,0.000000,0.000000,0.000000,0.000000,0.000000,0.000000,0.000000,0.000000,0,0
1789801082.572119,0,17.947639,20.204622,0.002087,0.000000,0.000000,0.000000,0.000000,0.000000,0.000000,0.000000,0.000000,0.000000,0.000000,0.000000,0.000000,0,0
1789801082.672123,0,17.947639,20.204622,0.002087,0.000000,0.000000,0.000000,0.000000,0.000000,0.000000,0.000000,0.000000,0.000000,0.000000,0.000000,0.000000,0,0
1789801082.772094,0,17.947639,20.204622,0.002087,0.000000,0.000000,0.000000,0.000000,0.000000,0.000000,0.000000,0.000000,0.000000,0.000000,0.000000,0.000000,0,0
1789801082.872115,0,17.947639,20.204622,0.002087,0.000000,0.000000,0.000000,0.000000,0.000000,0.000000,0.000000,0.000000,0.000000,0.000000,0.000000,0.000000,0,0
1789801082.972139,0,17.947639,20.204622,0.002087,0.000000,0.000000,0.000000,0.000000,0.000000,0.000000,0.000000,0.000000,0.000000,0.000000,0.000000,0.000000,0,0
1789801083.072076,0,17.947639,20.204622,0.002087,0.000000,0.000000,0.000000,0.000000,0.000000,0.000000,0.000000,0.000000,0.000000,0.000000,0.000000,0.000000,0,0
1789801083.172082,0,17.947639,20.204622,0.002087,0.000000,0.000000,0.000000,0.000000,0.000000,0.000000,0.000000,0.000000,0.000000,0.000000,0.000000,0.000000,0,0
1789801083.272042,0,17.947639,20.204622,0.002087,0.000000,0.000000,0.000000,0.000000,0.000000,0.000000,0.000000,0.000000,0.000000,0.000000,0.000000,0.000000,0,0
1789801083.372087,0,17.947639,20.204622,0.002087,0.000000,0.000000,0.000000,0.000000,0.000000,0.000000,0.000000,0.000000,0.000000,0.000000,0.000000,0.000000,0,0
1789801083.472034,0,17.947639,20.204622,0.002087,0.000000,0.000000,0.000000,0.000000,0.000000,0.000000,0.000000,0.000000,0.000000,0.000000,0.000000,0.000000,0,0
1789801083.571952,0,17.947639,20.204622,0.002087,0.000000,0.000000,0.000000,0.000000,0.000000,0.000000,0.000000,0.000000,0.000000,0.000000,0.000000,0.000000,0,0
1789801083.672017,0,17.947639,20.204622,0.002087,0.000000,0.000000,0.000000,0.000000,0.000000,0.000000,0.000000,0.000000,0.000000,0.000000,0.000000,0.000000,0,0
1789801083.772009,0,17.947639,20.204622,0.002087,0.000000,0.000000,0.000000,0.000000,0.000000,0.000000,0.000000,0.000000,0.000000,0.000000,0.000000,0.000000,0,0
1789801083.872025,0,17.947639,20.204622,0.002087,0.000000,0.000000,0.000000,0.000000,0.000000,0.000000,0.000000,0.000000,0.000000,0.000000,0.000000,0.000000,0,0
1789801083.971981,0,17.947639,20.204622,0.002087,0.000000,0.000000,0.000000,0.000000,0.000000,0.000000,0.000000,0.000000,0.000000,0.000000,0.000000,0.000000,0,0
1789801084.071965,0,17.947639,20.204622,0.002087,0.000000,0.000000,0.000000,0.000000,0.000000,0.000000,0.000000,0.000000,0.000000,0.000000,0.000000,0.000000,0,0
1789801084.171938,0,17.947639,20.204622,0.002087,0.000000,0.000000,0.000000,0.000000,0.000000,0.000000,0.000000,0.000000,0.000000,0.000000,0.000000,0.000000,0,0
1789801084.271960,0,17.947639,20.204622,0.002087,0.000000,0.000000,0.000000,0.000000,0.000000,0.000000,0.000000,0.000000,0.000000,0.000000,0.000000,0.000000,0,0
1789801084.371920,0,17.947639,20.204622,0.002087,0.000000,0.000000,0.000000,0.000000,0.000000,0.000000,0.000000,0.000000,0.000000,0.000000,0.000000,0.000000,0,0
1789801084.471974,0,17.947639,20.204622,0.002087,0.000000,0.000000,0.000000,0.000000,0.000000,0.000000,0.000000,0.000000,0.000000,0.000000,0.000000,0.000000,0,0
1789801084.571942,0,17.947639,20.204622,0.002087,0.000000,0.000000,0.000000,0.000000,0.000000,0.000000,0.000000,0.000000,0.000000,0.000000,0.000000,0.000000,0,0
1789801084.671917,0,17.947639,20.204622,0.002087,0.000000,0.000000,0.000000,0.000000,0.000000,0.000000,0.000000,0.000000,0.000000,0.000000,0.000000,0.000000,0,0
1789801084.771875,0,17.947639,20.204622,0.002087,0.000000,0.000000,0.000000,0.000000,0.000000,0.000000,0.000000,0.000000,0.000000,0.000000,0.000000,0.000000,0,0
1789801084.871882,0,17.947639,20.204622,0.002087,0.000000,0.000000,0.000000,0.000000,0.000000,0.000000,0.000000,0.000000,0.000000,0.000000,0.000000,0.000000,0,0
1789801084.971935,0,17.947639,20.204622,0.002087,0.000000,0.000000,0.000000,0.000000,0.000000,0.000000,0.000000,0.000000,0.000000,0.000000,0.000000,0.000000,0,0
1789801085.071848,0,17.947639,20.204622,0.002087,0.000000,0.000000,0.000000,0.000000,0.000000,0.000000,0.000000,0.000000,0.000000,0.000000,0.000000,0.000000,0,0
1789801085.171853,0,17.947639,20.204622,0.002087,0.000000,0.000000,0.000000,0.000000,0.000000,0.000000,0.000000,0.000000,0.000000,0.000000,0.000000,0.000000,0,0
1789801085.271863,0,17.947639,20.204622,0.002087,0.000000,0.000000,0.000000,0.000000,0.000000,0.000000,0.000000,0.000000,0.000000,0.000000,0.000000,0.000000,0,0
1789801085.371816,0,17.947639,20.204622,0.002087,0.000000,0.000000,0.000000,0.000000,0.000000,0.000000,0.000000,0.000000,0.000000,0.000000,0.000000,0.000000,0,0
1789801085.471828,0,17.947639,20.204622,0.002087,0.000000,0.000000,0.000000,0.000000,0.000000,0.000000,0.000000,0.000000,0.000000,0.000000,0.000000,0.000000,0,0
1789801085.571816,0,17.947639,20.204622,0.002087,0.000000,0.000000,0.000000,0.000000,0.000000,0.000000,0.000000,0.000000,0.000000,0.000000,0.000000,0.000000,0,0
1789801085.671784,0,17.947639,20.204622,0.002087,0.000000,0.000000,0.000000,0.000000,0.000000,0.000000,0.000000,0.000000,0.000000,0.000000,0.000000,0.000000,0,0
1789801085.771797,0,17.947639,20.204622,0.002087,0.000000,0.000000,0.000000,0.000000,0.000000,0.000000,0.000000,0.000000,0.000000,0.000000,0.000000,0.000000,0,0
1789801085.871806,0,17.947639,20.204622,0.002087,0.000000,0.000000,0.000000,0.000000,0.000000,0.000000,0.000000,0.000000,0.000000,0.000000,0.000000,0.000000,0,0
1789801085.971757,0,17.947639,20.204622,0.002087,0.000000,0.000000,0.000000,0.000000,0.000000,0.000000,0.000000,0.000000,0.000000,0.000000,0.000000,0.000000,0,0
1789801086.071776,0,17.947639,20.204622,0.002087,0.000000,0.000000,0.000000,0.000000,0.000000,0.000000,0.000000,0.000000,0.000000,0.000000,0.000000,0.000000,0,0
1789801086.171754,0,17.947639,20.204622,0.002087,0.000000,0.000000,0.000000,0.000000,0.000000,0.000000,0.000000,0.000000,0.000000,0.000000,0.000000,0.000000,0,0
1789801086.271791,0,17.947639,20.204622,0.002087,0.000000,0.000000,0.000000,0.000000,0.000000,0.000000,0.000000,0.000000,0.000000,0.000000,0.000000,0.000000,0,0
1789801086.371738,0,17.947639,20.204622,0.002087,0.000000,0.000000,0.000000,0.000000,0.000000,0.000000,0.000000,0.000000,0.000000,0.000000,0.000000,0.000000,0,0
1789801086.471722,0,17.947639,20.204622,0.002087,0.000000,0.000000,0.000000,0.000000,0.000000,0.000000,0.000000,0.000000,0.000000,0.000000,0.000000,0.000000,0,0
1789801086.571702,0,17.947639,20.204622,0.002087,0.000000,0.000000,0.000000,0.000000,0.000000,0.000000,0.000000,0.000000,0.000000,0.000000,0.000000,0.000000,0,0
1789801086.671627,0,17.947639,20.204622,0.002087,0.000000,0.000000,0.000000,0.000000,0.000000,0.000000,0.000000,0.000000,0.000000,0.000000,0.000000,0.000000,0,0
1789801086.771671,0,17.947639,20.204622,0.002087,0.000000,0.000000,0.000000,0.000000,0.000000,0.000000,0.000000,0.000000,0.000000,0.000000,0.000000,0.000000,0,0
1789801086.871688,0,17.947639,20.204622,0.002087,0.000000,0.000000,0.000000,0.000000,0.000000,0.000000,0.000000,0.000000,0.000000,0.000000,0.000000,0.000000,0,0
1789801086.971655,0,17.947639,20.204622,0.002087,0.000000,0.000000,0.000000,0.000000,0.000000,0.000000,0.000000,0.000000,0.000000,0.000000,0.000000,0.000000,0,0
1789801087.071655,0,17.947639,20.204622,0.002087,0.000000,0.000000,0.000000,0.000000,0.000000,0.000000,0.000000,0.000000,0.000000,0.000000,0.000000,0.000000,0,0
1789801087.171680,0,17.947639,20.204622,0.002087,0.000000,0.000000,0.000000,0.000000,0.000000,0.000000,0.000000,0.000000,0.000000,0.000000,0.000000,0.000000,0,0
1789801087.271644,0,17.947639,20.204622,0.002087,0.000000,0.000000,0.000000,0.000000,0.000000,0.000000,0.000000,0.000000,0.000000,0.000000,0.000000,0.000000,0,0
1789801087.371551,0,17.690035,20.183664,0.019360,0.000000,0.000000,0.000000,0.000000,0.000000,0.000000,0.000000,0.000000,0.000000,0.000000,0.000000,0.000000,0,0
1789801087.471606,0,17.727767,20.176503,-0.008750,0.000000,0.000000,0.000000,0.000000,0.000000,0.000000,0.000000,0.000000,0.000000,0.000000,0.000000,0.000000,0,0
1789801087.571605,0,17.727767,20.176503,-0.008750,0.000000,0.000000,0.000000,0.000000,0.000000,0.000000,0.000000,0.000000,0.000000,0.000000,0.000000,0.000000,0,0
1789801087.671627,0,17.727767,20.176503,-0.008750,0.000000,0.000000,0.000000,0.000000,0.000000,0.000000,0.000000,0.000000,0.000000,0.000000,0.000000,0.000000,0,0
1789801087.771599,0,17.727767,20.176503,-0.008750,0.000000,0.000000,0.000000,0.000000,0.000000,0.000000,0.000000,0.000000,0.000000,0.000000,0.000000,0.000000,0,0
1789801087.871589,0,17.727767,20.176503,-0.008750,0.000000,0.000000,0.000000,0.000000,0.000000,0.000000,0.000000,0.000000,0.000000,0.000000,0.000000,0.000000,0,0
1789801087.971627,0,17.727767,20.176503,-0.008750,0.000000,0.000000,0.000000,0.000000,0.000000,0.000000,0.000000,0.000000,0.000000,0.000000,0.000000,0.000000,0,0
1789801088.071562,0,17.727767,20.176503,-0.008750,0.000000,0.000000,0.000000,0.000000,0.000000,0.000000,0.000000,0.000000,0.000000,0.000000,0.000000,0.000000,0,0
1789801088.171536,0,17.727767,20.176503,-0.008750,0.000000,0.000000,0.000000,0.000000,0.000000,0.000000,0.000000,0.000000,0.000000,0.000000,0.000000,0.000000,0,0
1789801088.271533,0,17.727767,20.176503,-0.008750,0.000000,0.000000,0.000000,0.000000,0.000000,0.000000,0.000000,0.000000,0.000000,0.000000,0.000000,0.000000,0,0
1789801088.371521,0,17.727767,20.176503,-0.008750,0.000000,0.000000,0.000000,0.000000,0.000000,0.000000,0.000000,0.000000,0.000000,0.000000,0.000000,0.000000,0,0
1789801088.471623,0,17.727767,20.176503,-0.008750,0.000000,0.000000,0.000000,0.000000,0.000000,0.000000,0.000000,0.000000,0.000000,0.000000,0.000000,0.000000,0,0
1789801088.571520,0,17.727767,20.176503,-0.008750,0.000000,0.000000,0.000000,0.000000,0.000000,0.000000,0.000000,0.000000,0.000000,0.000000,0.000000,0.000000,0,0
1789801088.671472,0,17.727767,20.176503,-0.008750,0.000000,0.000000,0.000000,0.000000,0.000000,0.000000,0.000000,0.000000,0.000000,0.000000,0.000000,0.000000,0,0
1789801088.771482,0,17.727767,20.176503,-0.008750,0.000000,0.000000,0.000000,0.000000,0.000000,0.000000,0.000000,0.000000,0.000000,0.000000,0.000000,0.000000,0,0
1789801088.871489,0,17.727767,20.176503,-0.008750,0.000000,0.000000,0.000000,0.000000,0.000000,0.000000,0.000000,0.000000,0.000000,0.000000,0.000000,0.000000,0,0
1789801088.971446,0,17.727767,20.176503,-0.008750,0.000000,0.000000,0.000000,0.000000,0.000000,0.000000,0.000000,0.000000,0.000000,0.000000,0.000000,0.000000,0,0
1789801089.071491,0,17.727767,20.176503,-0.008750,0.000000,0.000000,0.000000,0.000000,0.000000,0.000000,0.000000,0.000000,0.000000,0.000000,0.000000,0.000000,0,0
1789801089.171424,0,17.727767,20.176503,-0.008750,0.000000,0.000000,0.000000,0.000000,0.000000,0.000000,0.000000,0.000000,0.000000,0.000000,0.000000,0.000000,0,0
1789801089.271478,0,17.727767,20.176503,-0.008750,0.000000,0.000000,0.000000,0.000000,0.000000,0.000000,0.000000,0.000000,0.000000,0.000000,0.000000,0.000000,0,0
1789801089.371416,0,17.727767,20.176503,-0.008750,0.000000,0.000000,0.000000,0.000000,0.000000,0.000000,0.000000,0.000000,0.000000,0.000000,0.000000,0.000000,0,0
1789801089.471421,0,17.727767,20.176503,-0.008750,0.000000,0.000000,0.000000,0.000000,0.000000,0.000000,0.000000,0.000000,0.000000,0.000000,0.000000,0.000000,0,0
1789801089.571483,0,17.727767,20.176503,-0.008750,0.000000,0.000000,0.000000,0.000000,0.000000,0.000000,0.000000,0.000000,0.000000,0.000000,0.000000,0.000000,0,0
1789801089.671452,0,17.727767,20.176503,-0.008750,0.000000,0.000000,0.000000,0.000000,0.000000,0.000000,0.000000,0.000000,0.000000,0.000000,0.000000,0.000000,0,0
1789801089.771394,0,17.727767,20.176503,-0.008750,0.000000,0.000000,0.000000,0.000000,0.000000,0.000000,0.000000,0.000000,0.000000,0.000000,0.000000,0.000000,0,0
1789801089.871369,0,17.727767,20.176503,-0.008750,0.000000,0.000000,0.000000,0.000000,0.000000,0.000000,0.000000,0.000000,0.000000,0.000000,0.000000,0.000000,0,0
1789801089.971379,0,17.727767,20.176503,-0.008750,0.000000,0.000000,0.000000,0.000000,0.000000,0.000000,0.000000,0.000000,0.000000,0.000000,0.000000,0.000000,0,0
1789801090.071391,0,17.727767,20.176503,-0.008750,0.000000,0.000000,0.000000,0.000000,0.000000,0.000000,0.000000,0.000000,0.000000,0.000000,0.000000,0.000000,0,0
1789801090.171330,0,17.727767,20.176503,-0.008750,0.000000,0.000000,0.000000,0.000000,0.000000,0.000000,0.000000,0.000000,0.000000,0.000000,0.000000,0.000000,0,0
1789801090.271315,0,17.727767,20.176503,-0.008750,0.000000,0.000000,0.000000,0.000000,0.000000,0.000000,0.000000,0.000000,0.000000,0.000000,0.000000,0.000000,0,0
1789801090.371368,0,17.727767,20.176503,-0.008750,0.000000,0.000000,0.000000,0.000000,0.000000,0.000000,0.000000,0.000000,0.000000,0.000000,0.000000,0.000000,0,0
1789801090.471315,0,17.727767,20.176503,-0.008750,0.000000,0.000000,0.000000,0.000000,0.000000,0.000000,0.000000,0.000000,0.000000,0.000000,0.000000,0.000000,0,0
1789801090.571278,0,17.727767,20.176503,-0.008750,0.000000,0.000000,0.000000,0.000000,0.000000,0.000000,0.000000,0.000000,0.000000,0.000000,0.000000,0.000000,0,0
1789801090.671271,0,17.727767,20.176503,-0.008750,0.000000,0.000000,0.000000,0.000000,0.000000,0.000000,0.000000,0.000000,0.000000,0.000000,0.000000,0.000000,0,0
1789801090.771287,0,17.727767,20.176503,-0.008750,0.000000,0.000000,0.000000,0.000000,0.000000,0.000000,0.000000,0.000000,0.000000,0.000000,0.000000,0.000000,0,0
1789801090.871304,0,17.727767,20.176503,-0.008750,0.000000,0.000000,0.000000,0.000000,0.000000,0.000000,0.000000,0.000000,0.000000,0.000000,0.000000,0.000000,0,0
1789801090.971314,0,17.727767,20.176503,-0.008750,0.000000,0.000000,0.000000,0.000000,0.000000,0.000000,0.000000,0.000000,0.000000,0.000000,0.000000,0.000000,0,0
1789801091.071252,0,17.727767,20.176503,-0.008750,0.000000,0.000000,0.000000,0.000000,0.000000,0.000000,0.000000,0.000000,0.000000,0.000000,0.000000,0.000000,0,0
1789801091.171230,0,17.727767,20.176503,-0.008750,0.000000,0.000000,0.000000,0.000000,0.000000,0.000000,0.000000,0.000000,0.000000,0.000000,0.000000,0.000000,0,0
1789801091.271233,0,17.727767,20.176503,-0.008750,0.000000,0.000000,0.000000,0.000000,0.000000,0.000000,0.000000,0.000000,0.000000,0.000000,0.000000,0.000000,0,0
1789801091.371200,0,17.727767,20.176503,-0.008750,0.000000,0.000000,0.000000,0.000000,0.000000,0.000000,0.000000,0.000000,0.000000,0.000000,0.000000,0.000000,0,0
1789801091.471197,0,17.727767,20.176503,-0.008750,0.000000,0.000000,0.000000,0.000000,0.000000,0.000000,0.000000,0.000000,0.000000,0.000000,0.000000,0.000000,0,0
1789801091.571205,0,17.727767,20.176503,-0.008750,0.000000,0.000000,0.000000,0.000000,0.000000,0.000000,0.000000,0.000000,0.000000,0.000000,0.000000,0.000000,0,0
1789801091.671217,0,17.727767,20.176503,-0.008750,0.000000,0.000000,0.000000,0.000000,0.000000,0.000000,0.000000,0.000000,0.000000,0.000000,0.000000,0.000000,0,0
1789801091.771589,0,17.727767,20.176503,-0.008750,0.000000,0.000000,0.000000,0.000000,0.000000,0.000000,0.000000,0.000000,0.000000,0.000000,0.000000,0.000000,0,0
1789801091.871191,0,17.727767,20.176503,-0.008750,0.000000,0.000000,0.000000,0.000000,0.000000,0.000000,0.000000,0.000000,0.000000,0.000000,0.000000,0.000000,0,0
1789801091.971160,0,17.727767,20.176503,-0.008750,0.000000,0.000000,0.000000,0.000000,0.000000,0.000000,0.000000,0.000000,0.000000,0.000000,0.000000,0.000000,0,0
1789801092.071143,0,17.727767,20.176503,-0.008750,0.000000,0.000000,0.000000,0.000000,0.000000,0.000000,0.000000,0.000000,0.000000,0.000000,0.000000,0.000000,0,0
1789801092.171151,0,17.727767,20.176503,-0.008750,0.000000,0.000000,0.000000,0.000000,0.000000,0.000000,0.000000,0.000000,0.000000,0.000000,0.000000,0.000000,0,0
1789801092.271139,0,17.727767,20.176503,-0.008750,0.000000,0.000000,0.000000,0.000000,0.000000,0.000000,0.000000,0.000000,0.000000,0.000000,0.000000,0.000000,0,0
1789801092.371094,0,17.727767,20.176503,-0.008750,0.000000,0.000000,0.000000,0.000000,0.000000,0.000000,0.000000,0.000000,0.000000,0.000000,0.000000,0.000000,0,0
1789801092.471122,0,17.727767,20.176503,-0.008750,0.000000,0.000000,0.000000,0.000000,0.000000,0.000000,0.000000,0.000000,0.000000,0.000000,0.000000,0.000000,0,0
1789801092.571154,0,17.727767,20.176503,-0.008750,0.000000,0.000000,0.000000,0.000000,0.000000,0.000000,0.000000,0.000000,0.000000,0.000000,0.000000,0.000000,0,0
1789801092.671080,0,17.727767,20.176503,-0.008750,0.000000,0.000000,0.000000,0.000000,0.000000,0.000000,0.000000,0.000000,0.000000,0.000000,0.000000,0.000000,0,0
1789801092.771077,0,17.727767,20.176503,-0.008750,0.000000,0.000000,0.000000,0.000000,0.000000,0.000000,0.000000,0.000000,0.000000,0.000000,0.000000,0.000000,0,0
1789801092.871045,0,17.727767,20.176503,-0.008750,0.000000,0.000000,0.000000,0.000000,0.000000,0.000000,0.000000,0.000000,0.000000,0.000000,0.000000,0.000000,0,0
1789801092.971042,0,17.727767,20.176503,-0.008750,0.000000,0.000000,0.000000,0.000000,0.000000,0.000000,0.000000,0.000000,0.000000,0.000000,0.000000,0.000000,0,0
1789801093.071018,0,17.727767,20.176503,-0.008750,0.000000,0.000000,0.000000,0.000000,0.000000,0.000000,0.000000,0.000000,0.000000,0.000000,0.000000,0.000000,0,0
1789801093.171139,0,17.952826,20.115391,0.026496,0.000000,0.000000,0.000000,0.000000,0.000000,0.000000,0.000000,0.000000,0.000000,0.000000,0.000000,0.000000,0,0
1789801093.271034,0,17.924078,20.107324,0.016539,0.000000,0.000000,0.000000,0.000000,0.000000,0.000000,0.000000,0.000000,0.000000,0.000000,0.000000,0.000000,0,0
1789801093.371031,0,17.924078,20.107324,0.016539,0.000000,0.000000,0.000000,0.000000,0.000000,0.000000,0.000000,0.000000,0.000000,0.000000,0.000000,0.000000,0,0
1789801093.470990,0,17.924078,20.107324,0.016539,0.000000,0.000000,0.000000,0.000000,0.000000,0.000000,0.000000,0.000000,0.000000,0.000000,0.000000,0.000000,0,0
1789801093.571033,0,17.924078,20.107324,0.016539,0.000000,0.000000,0.000000,0.000000,0.000000,0.000000,0.000000,0.000000,0.000000,0.000000,0.000000,0.000000,0,0
1789801093.670986,0,17.924078,20.107324,0.016539,0.000000,0.000000,0.000000,0.000000,0.000000,0.000000,0.000000,0.000000,0.000000,0.000000,0.000000,0.000000,0,0
1789801093.770983,0,17.924078,20.107324,0.016539,0.000000,0.000000,0.000000,0.000000,0.000000,0.000000,0.000000,0.000000,0.000000,0.000000,0.000000,0.000000,0,0
1789801093.870976,0,17.924078,20.107324,0.016539,0.000000,0.000000,0.000000,0.000000,0.000000,0.000000,0.000000,0.000000,0.000000,0.000000,0.000000,0.000000,0,0
1789801093.970934,0,17.924078,20.107324,0.016539,0.000000,0.000000,0.000000,0.000000,0.000000,0.000000,0.000000,0.000000,0.000000,0.000000,0.000000,0.000000,0,0
1789801094.070953,0,17.924078,20.107324,0.016539,0.000000,0.000000,0.000000,0.000000,0.000000,0.000000,0.000000,0.000000,0.000000,0.000000,0.000000,0.000000,0,0
1789801094.170933,0,17.924078,20.107324,0.016539,0.000000,0.000000,0.000000,0.000000,0.000000,0.000000,0.000000,0.000000,0.000000,0.000000,0.000000,0.000000,0,0
1789801094.270928,0,17.924078,20.107324,0.016539,0.000000,0.000000,0.000000,0.000000,0.000000,0.000000,0.000000,0.000000,0.000000,0.000000,0.000000,0.000000,0,0
1789801094.370880,0,17.924078,20.107324,0.016539,0.000000,0.000000,0.000000,0.000000,0.000000,0.000000,0.000000,0.000000,0.000000,0.000000,0.000000,0.000000,0,0
1789801094.470939,0,17.924078,20.107324,0.016539,0.000000,0.000000,0.000000,0.000000,0.000000,0.000000,0.000000,0.000000,0.000000,0.000000,0.000000,0.000000,0,0
1789801094.570895,0,17.924078,20.107324,0.016539,0.000000,0.000000,0.000000,0.000000,0.000000,0.000000,0.000000,0.000000,0.000000,0.000000,0.000000,0.000000,0,0
1789801094.670857,0,17.924078,20.107324,0.016539,0.000000,0.000000,0.000000,0.000000,0.000000,0.000000,0.000000,0.000000,0.000000,0.000000,0.000000,0.000000,0,0
1789801094.770870,0,17.924078,20.107324,0.016539,0.000000,0.000000,0.000000,0.000000,0.000000,0.000000,0.000000,0.000000,0.000000,0.000000,0.000000,0.000000,0,0
1789801094.870881,0,17.924078,20.107324,0.016539,0.000000,0.000000,0.000000,0.000000,0.000000,0.000000,0.000000,0.000000,0.000000,0.000000,0.000000,0.000000,0,0
1789801094.970854,0,17.924078,20.107324,0.016539,0.000000,0.000000,0.000000,0.000000,0.000000,0.000000,0.000000,0.000000,0.000000,0.000000,0.000000,0.000000,0,0
1789801095.070842,0,17.924078,20.107324,0.016539,0.000000,0.000000,0.000000,0.000000,0.000000,0.000000,0.000000,0.000000,0.000000,0.000000,0.000000,0.000000,0,0
1789801095.170826,0,17.924078,20.107324,0.016539,0.000000,0.000000,0.000000,0.000000,0.000000,0.000000,0.000000,0.000000,0.000000,0.000000,0.000000,0.000000,0,0
1789801095.270812,0,17.924078,20.107324,0.016539,0.000000,0.000000,0.000000,0.000000,0.000000,0.000000,0.000000,0.000000,0.000000,0.000000,0.000000,0.000000,0,0
1789801095.371166,0,17.924078,20.107324,0.016539,0.000000,0.000000,0.000000,0.000000,0.000000,0.000000,0.000000,0.000000,0.000000,0.000000,0.000000,0.000000,0,0
1789801095.470781,0,17.924078,20.107324,0.016539,0.000000,0.000000,0.000000,0.000000,0.000000,0.000000,0.000000,0.000000,0.000000,0.000000,0.000000,0.000000,0,0
1789801095.570777,0,17.924078,20.107324,0.016539,0.000000,0.000000,0.000000,0.000000,0.000000,0.000000,0.000000,0.000000,0.000000,0.000000,0.000000,0.000000,0,0
1789801095.670849,0,17.924078,20.107324,0.016539,0.000000,0.000000,0.000000,0.000000,0.000000,0.000000,0.000000,0.000000,0.000000,0.000000,0.000000,0.000000,0,0
1789801095.771594,0,17.924078,20.107324,0.016539,0.000000,0.000000,0.000000,0.000000,0.000000,0.000000,0.000000,0.000000,0.000000,0.000000,0.000000,0.000000,0,0
1789801095.870747,0,17.924078,20.107324,0.016539,0.000000,0.000000,0.000000,0.000000,0.000000,0.000000,0.000000,0.000000,0.000000,0.000000,0.000000,0.000000,0,0
1789801095.970830,0,17.924078,20.107324,0.016539,0.000000,0.000000,0.000000,0.000000,0.000000,0.000000,0.000000,0.000000,0.000000,0.000000,0.000000,0.000000,0,0
1789801096.070800,0,17.924078,20.107324,0.016539,0.000000,0.000000,0.000000,0.000000,0.000000,0.000000,0.000000,0.000000,0.000000,0.000000,0.000000,0.000000,0,0
1789801096.170787,0,17.924078,20.107324,0.016539,0.000000,0.000000,0.000000,0.000000,0.000000,0.000000,0.000000,0.000000,0.000000,0.000000,0.000000,0.000000,0,0
1789801096.270767,0,17.924078,20.107324,0.016539,0.000000,0.000000,0.000000,0.000000,0.000000,0.000000,0.000000,0.000000,0.000000,0.000000,0.000000,0.000000,0,0
1789801096.370746,0,17.924078,20.107324,0.016539,0.000000,0.000000,0.000000,0.000000,0.000000,0.000000,0.000000,0.000000,0.000000,0.000000,0.000000,0.000000,0,0
1789801096.470789,0,17.924078,20.107324,0.016539,0.000000,0.000000,0.000000,0.000000,0.000000,0.000000,0.000000,0.000000,0.000000,0.000000,0.000000,0.000000,0,0
1789801096.570783,0,17.924078,20.107324,0.016539,0.000000,0.000000,0.000000,0.000000,0.000000,0.000000,0.000000,0.000000,0.000000,0.000000,0.000000,0.000000,0,0
1789801096.670733,0,17.924078,20.107324,0.016539,0.000000,0.000000,0.000000,0.000000,0.000000,0.000000,0.000000,0.000000,0.000000,0.000000,0.000000,0.000000,0,0
1789801096.770745,0,17.924078,20.107324,0.016539,0.000000,0.000000,0.000000,0.000000,0.000000,0.000000,0.000000,0.000000,0.000000,0.000000,0.000000,0.000000,0,0
1789801096.870710,0,17.924078,20.107324,0.016539,0.000000,0.000000,0.000000,0.000000,0.000000,0.000000,0.000000,0.000000,0.000000,0.000000,0.000000,0.000000,0,0
1789801096.970649,0,17.924078,20.107324,0.016539,0.000000,0.000000,0.000000,0.000000,0.000000,0.000000,0.000000,0.000000,0.000000,0.000000,0.000000,0.000000,0,0
1789801097.070647,0,17.924078,20.107324,0.016539,0.000000,0.000000,0.000000,0.000000,0.000000,0.000000,0.000000,0.000000,0.000000,0.000000,0.000000,0.000000,0,0
1789801097.170606,0,17.924078,20.107324,0.016539,0.000000,0.000000,0.000000,0.000000,0.000000,0.000000,0.000000,0.000000,0.000000,0.000000,0.000000,0.000000,0,0
1789801097.270606,0,17.924078,20.107324,0.016539,0.000000,0.000000,0.000000,0.000000,0.000000,0.000000,0.000000,0.000000,0.000000,0.000000,0.000000,0.000000,0,0
1789801097.370595,0,18.118055,20.179726,0.012531,0.000000,0.000000,0.000000,0.000000,0.000000,0.000000,0.000000,0.000000,0.000000,0.000000,0.000000,0.000000,0,0
1789801097.470591,0,18.050187,20.137421,0.014138,0.000000,0.000000,0.000000,0.000000,0.000000,0.000000,0.000000,0.000000,0.000000,0.000000,0.000000,0.000000,0,0
1789801097.570588,0,18.050187,20.137421,0.014138,0.000000,0.000000,0.000000,0.000000,0.000000,0.000000,0.000000,0.000000,0.000000,0.000000,0.000000,0.000000,0,0
1789801097.670605,0,18.050187,20.137421,0.014138,0.000000,0.000000,0.000000,0.000000,0.000000,0.000000,0.000000,0.000000,0.000000,0.000000,0.000000,0.000000,0,0
1789801097.770568,0,18.050187,20.137421,0.014138,0.000000,0.000000,0.000000,0.000000,0.000000,0.000000,0.000000,0.000000,0.000000,0.000000,0.000000,0.000000,0,0
1789801097.870556,0,18.050187,20.137421,0.014138,0.000000,0.000000,0.000000,0.000000,0.000000,0.000000,0.000000,0.000000,0.000000,0.000000,0.000000,0.000000,0,0
1789801097.970551,0,18.050187,20.137421,0.014138,0.000000,0.000000,0.000000,0.000000,0.000000,0.000000,0.000000,0.000000,0.000000,0.000000,0.000000,0.000000,0,0
1789801098.070563,0,18.050187,20.137421,0.014138,0.000000,0.000000,0.000000,0.000000,0.000000,0.000000,0.000000,0.000000,0.000000,0.000000,0.000000,0.000000,0,0
1789801098.170660,0,18.050187,20.137421,0.014138,0.000000,0.000000,0.000000,0.000000,0.000000,0.000000,0.000000,0.000000,0.000000,0.000000,0.000000,0.000000,0,0
1789801098.270554,0,18.050187,20.137421,0.014138,0.000000,0.000000,0.000000,0.000000,0.000000,0.000000,0.000000,0.000000,0.000000,0.000000,0.000000,0.000000,0,0
1789801098.370501,0,18.050187,20.137421,0.014138,0.000000,0.000000,0.000000,0.000000,0.000000,0.000000,0.000000,0.000000,0.000000,0.000000,0.000000,0.000000,0,0
1789801098.470495,0,18.050187,20.137421,0.014138,0.000000,0.000000,0.000000,0.000000,0.000000,0.000000,0.000000,0.000000,0.000000,0.000000,0.000000,0.000000,0,0
1789801098.570473,0,18.050187,20.137421,0.014138,0.000000,0.000000,0.000000,0.000000,0.000000,0.000000,0.000000,0.000000,0.000000,0.000000,0.000000,0.000000,0,0
1789801098.670561,0,18.050187,20.137421,0.014138,0.000000,0.000000,0.000000,0.000000,0.000000,0.000000,0.000000,0.000000,0.000000,0.000000,0.000000,0.000000,0,0
1789801098.770473,0,18.050187,20.137421,0.014138,0.000000,0.000000,0.000000,0.000000,0.000000,0.000000,0.000000,0.000000,0.000000,0.000000,0.000000,0.000000,0,0
1789801098.870429,0,18.050187,20.137421,0.014138,0.000000,0.000000,0.000000,0.000000,0.000000,0.000000,0.000000,0.000000,0.000000,0.000000,0.000000,0.000000,0,0
1789801098.970463,0,18.050187,20.137421,0.014138,0.000000,0.000000,0.000000,0.000000,0.000000,0.000000,0.000000,0.000000,0.000000,0.000000,0.000000,0.000000,0,0
1789801099.070510,0,18.050187,20.137421,0.014138,0.000000,0.000000,0.000000,0.000000,0.000000,0.000000,0.000000,0.000000,0.000000,0.000000,0.000000,0.000000,0,0
1789801099.170424,0,18.050187,20.137421,0.014138,0.000000,0.000000,0.000000,0.000000,0.000000,0.000000,0.000000,0.000000,0.000000,0.000000,0.000000,0.000000,0,0
1789801099.270442,0,18.050187,20.137421,0.014138,0.000000,0.000000,0.000000,0.000000,0.000000,0.000000,0.000000,0.000000,0.000000,0.000000,0.000000,0.000000,0,0
1789801099.370829,0,18.050187,20.137421,0.014138,0.000000,0.000000,0.000000,0.000000,0.000000,0.000000,0.000000,0.000000,0.000000,0.000000,0.000000,0.000000,0,0
1789801099.470376,0,18.050187,20.137421,0.014138,0.000000,0.000000,0.000000,0.000000,0.000000,0.000000,0.000000,0.000000,0.000000,0.000000,0.000000,0.000000,0,0
1789801099.570384,0,18.050187,20.137421,0.014138,0.000000,0.000000,0.000000,0.000000,0.000000,0.000000,0.000000,0.000000,0.000000,0.000000,0.000000,0.000000,0,0
1789801099.670359,0,18.050187,20.137421,0.014138,0.000000,0.000000,0.000000,0.000000,0.000000,0.000000,0.000000,0.000000,0.000000,0.000000,0.000000,0.000000,0,0
1789801099.770352,0,18.050187,20.137421,0.014138,0.000000,0.000000,0.000000,0.000000,0.000000,0.000000,0.000000,0.000000,0.000000,0.000000,0.000000,0.000000,0,0
1789801099.870360,0,18.050187,20.137421,0.014138,0.000000,0.000000,0.000000,0.000000,0.000000,0.000000,0.000000,0.000000,0.000000,0.000000,0.000000,0.000000,0,0
1789801099.970364,0,18.050187,20.137421,0.014138,0.000000,0.000000,0.000000,0.000000,0.000000,0.000000,0.000000,0.000000,0.000000,0.000000,0.000000,0.000000,0,0
1789801100.070398,0,18.050187,20.137421,0.014138,0.000000,0.000000,0.000000,0.000000,0.000000,0.000000,0.000000,0.000000,0.000000,0.000000,0.000000,0.000000,0,0
1789801100.170308,0,18.050187,20.137421,0.014138,0.000000,0.000000,0.000000,0.000000,0.000000,0.000000,0.000000,0.000000,0.000000,0.000000,0.000000,0.000000,0,0
1789801100.270305,0,18.050187,20.137421,0.014138,0.000000,0.000000,0.000000,0.000000,0.000000,0.000000,0.000000,0.000000,0.000000,0.000000,0.000000,0.000000,0,0
1789801100.370306,0,18.050187,20.137421,0.014138,0.000000,0.000000,0.000000,0.000000,0.000000,0.000000,0.000000,0.000000,0.000000,0.000000,0.000000,0.000000,0,0
1789801100.470280,0,18.050187,20.137421,0.014138,0.000000,0.000000,0.000000,0.000000,0.000000,0.000000,0.000000,0.000000,0.000000,0.000000,0.000000,0.000000,0,0
1789801100.570304,0,18.050187,20.137421,0.014138,0.000000,0.000000,0.000000,0.000000,0.000000,0.000000,0.000000,0.000000,0.000000,0.000000,0.000000,0.000000,0,0
1789801100.670331,0,18.050187,20.137421,0.014138,0.000000,0.000000,0.000000,0.000000,0.000000,0.000000,0.000000,0.000000,0.000000,0.000000,0.000000,0.000000,0,0
1789801100.770266,0,18.050187,20.137421,0.014138,0.000000,0.000000,0.000000,0.000000,0.000000,0.000000,0.000000,0.000000,0.000000,0.000000,0.000000,0.000000,0,0
1789801100.870243,0,18.050187,20.137421,0.014138,0.000000,0.000000,0.000000,0.000000,0.000000,0.000000,0.000000,0.000000,0.000000,0.000000,0.000000,0.000000,0,0
1789801100.970252,0,18.050187,20.137421,0.014138,0.000000,0.000000,0.000000,0.000000,0.000000,0.000000,0.000000,0.000000,0.000000,0.000000,0.000000,0.000000,0,0
1789801101.071001,0,18.050187,20.137421,0.014138,0.000000,0.000000,0.000000,0.000000,0.000000,0.000000,0.000000,0.000000,0.000000,0.000000,0.000000,0.000000,0,0
1789801101.171052,0,18.050187,20.137421,0.014138,0.000000,0.000000,0.000000,0.000000,0.000000,0.000000,0.000000,0.000000,0.000000,0.000000,0.000000,0.000000,0,0
1789801101.270227,0,18.050187,20.137421,0.014138,0.000000,0.000000,0.000000,0.000000,0.000000,0.000000,0.000000,0.000000,0.000000,0.000000,0.000000,0.000000,0,0
1789801101.370196,0,18.050187,20.137421,0.014138,0.000000,0.000000,0.000000,0.000000,0.000000,0.000000,0.000000,0.000000,0.000000,0.000000,0.000000,0.000000,0,0
1789801101.470172,0,18.247633,19.948040,0.044797,0.000000,0.000000,0.000000,0.000000,0.000000,0.000000,0.000000,0.000000,0.000000,0.000000,0.000000,0.000000,0,0
1789801101.570199,0,18.140585,19.959964,0.020582,0.000000,0.000000,0.000000,0.000000,0.000000,0.000000,0.000000,0.000000,0.000000,0.000000,0.000000,0.000000,0,0
1789801101.670209,0,18.140585,19.959964,0.020582,0.000000,0.000000,0.000000,0.000000,0.000000,0.000000,0.000000,0.000000,0.000000,0.000000,0.000000,0.000000,0,0
1789801101.770436,0,18.140585,19.959964,0.020582,0.000000,0.000000,0.000000,0.000000,0.000000,0.000000,0.000000,0.000000,0.000000,0.000000,0.000000,0.000000,0,0
1789801101.870217,0,18.140585,19.959964,0.020582,0.000000,0.000000,0.000000,0.000000,0.000000,0.000000,0.000000,0.000000,0.000000,0.000000,0.000000,0.000000,0,0
1789801101.970652,0,18.140585,19.959964,0.020582,0.000000,0.000000,0.000000,0.000000,0.000000,0.000000,0.000000,0.000000,0.000000,0.000000,0.000000,0.000000,0,0
1789801102.070181,0,18.140585,19.959964,0.020582,0.000000,0.000000,0.000000,0.000000,0.000000,0.000000,0.000000,0.000000,0.000000,0.000000,0.000000,0.000000,0,0
1789801102.170129,0,18.140585,19.959964,0.020582,0.000000,0.000000,0.000000,0.000000,0.000000,0.000000,0.000000,0.000000,0.000000,0.000000,0.000000,0.000000,0,0
1789801102.270227,0,18.140585,19.959964,0.020582,0.000000,0.000000,0.000000,0.000000,0.000000,0.000000,0.000000,0.000000,0.000000,0.000000,0.000000,0.000000,0,0
1789801102.370096,0,18.140585,19.959964,0.020582,0.000000,0.000000,0.000000,0.000000,0.000000,0.000000,0.000000,0.000000,0.000000,0.000000,0.000000,0.000000,0,0
1789801102.470097,0,18.140585,19.959964,0.020582,0.000000,0.000000,0.000000,0.000000,0.000000,0.000000,0.000000,0.000000,0.000000,0.000000,0.000000,0.000000,0,0
1789801102.570064,0,18.140585,19.959964,0.020582,0.000000,0.000000,0.000000,0.000000,0.000000,0.000000,0.000000,0.000000,0.000000,0.000000,0.000000,0.000000,0,0
1789801102.670176,0,18.140585,19.959964,0.020582,0.000000,0.000000,0.000000,0.000000,0.000000,0.000000,0.000000,0.000000,0.000000,0.000000,0.000000,0.000000,0,0
1789801102.770224,0,18.140585,19.959964,0.020582,0.000000,0.000000,0.000000,0.000000,0.000000,0.000000,0.000000,0.000000,0.000000,0.000000,0.000000,0.000000,0,0
1789801102.870147,0,18.140585,19.959964,0.020582,0.000000,0.000000,0.000000,0.000000,0.000000,0.000000,0.000000,0.000000,0.000000,0.000000,0.000000,0.000000,0,0
1789801102.969976,0,18.140585,19.959964,0.020582,0.000000,0.000000,0.000000,0.000000,0.000000,0.000000,0.000000,0.000000,0.000000,0.000000,0.000000,0.000000,0,0
1789801103.070090,0,18.140585,19.959964,0.020582,0.000000,0.000000,0.000000,0.000000,0.000000,0.000000,0.000000,0.000000,0.000000,0.000000,0.000000,0.000000,0,0
1789801103.169934,0,18.140585,19.959964,0.020582,0.000000,0.000000,0.000000,0.000000,0.000000,0.000000,0.000000,0.000000,0.000000,0.000000,0.000000,0.000000,0,0
1789801103.269950,0,18.140585,19.959964,0.020582,0.000000,0.000000,0.000000,0.000000,0.000000,0.000000,0.000000,0.000000,0.000000,0.000000,0.000000,0.000000,0,0
1789801103.369941,0,18.140585,19.959964,0.020582,0.000000,0.000000,0.000000,0.000000,0.000000,0.000000,0.000000,0.000000,0.000000,0.000000,0.000000,0.000000,0,0
1789801103.470056,0,18.140585,19.959964,0.020582,0.000000,0.000000,0.000000,0.000000,0.000000,0.000000,0.000000,0.000000,0.000000,0.000000,0.000000,0.000000,0,0
1789801103.569924,0,18.140585,19.959964,0.020582,0.000000,0.000000,0.000000,0.000000,0.000000,0.000000,0.000000,0.000000,0.000000,0.000000,0.000000,0.000000,0,0
1789801103.670419,0,18.140585,19.959964,0.020582,0.000000,0.000000,0.000000,0.000000,0.000000,0.000000,0.000000,0.000000,0.000000,0.000000,0.000000,0.000000,0,0
1789801103.770248,0,18.140585,19.959964,0.020582,0.000000,0.000000,0.000000,0.000000,0.000000,0.000000,0.000000,0.000000,0.000000,0.000000,0.000000,0.000000,0,0
1789801103.869920,0,18.140585,19.959964,0.020582,0.000000,0.000000,0.000000,0.000000,0.000000,0.000000,0.000000,0.000000,0.000000,0.000000,0.000000,0.000000,0,0
1789801103.970087,0,18.140585,19.959964,0.020582,0.000000,0.000000,0.000000,0.000000,0.000000,0.000000,0.000000,0.000000,0.000000,0.000000,0.000000,0.000000,0,0
1789801104.069899,0,18.140585,19.959964,0.020582,0.000000,0.000000,0.000000,0.000000,0.000000,0.000000,0.000000,0.000000,0.000000,0.000000,0.000000,0.000000,0,0
1789801104.169863,0,18.140585,19.959964,0.020582,0.000000,0.000000,0.000000,0.000000,0.000000,0.000000,0.000000,0.000000,0.000000,0.000000,0.000000,0.000000,0,0
1789801104.269872,0,18.140585,19.959964,0.020582,0.000000,0.000000,0.000000,0.000000,0.000000,0.000000,0.000000,0.000000,0.000000,0.000000,0.000000,0.000000,1,0
1789801104.369865,0,18.140585,19.959964,0.020582,0.000000,0.000000,0.000000,0.000000,0.000000,0.000000,0.000000,0.000000,0.000000,0.000000,0.000000,0.000000,0,0
1789801104.469904,0,18.140585,19.959964,0.020582,0.000000,0.000000,0.000000,0.000000,0.000000,0.000000,0.000000,0.000000,0.000000,0.000000,0.000000,0.000000,0,0
1789801104.570189,0,18.140585,19.959964,0.020582,0.000000,0.000000,0.000000,0.000000,0.000000,0.000000,0.000000,0.000000,0.000000,0.000000,0.000000,0.000000,0,0
1789801104.670299,0,18.140585,19.959964,0.020582,0.000000,0.000000,0.000000,0.000000,0.000000,0.000000,0.000000,0.000000,0.000000,0.000000,0.000000,0.000000,0,0
1789801104.769810,0,18.140585,19.959964,0.020582,0.000000,0.000000,0.000000,0.000000,0.000000,0.000000,0.000000,0.000000,0.000000,0.000000,0.000000,0.000000,0,0
1789801104.869839,0,18.140585,19.959964,0.020582,0.000000,0.000000,0.000000,0.000000,0.000000,0.000000,0.000000,0.000000,0.000000,0.000000,0.000000,0.000000,0,0
1789801104.969968,0,18.140585,19.959964,0.020582,0.000000,0.000000,0.000000,0.000000,0.000000,0.000000,0.000000,0.000000,0.000000,0.000000,0.000000,0.000000,0,0
1789801105.069771,0,18.140585,19.959964,0.020582,0.000000,0.000000,0.000000,0.000000,0.000000,0.000000,0.000000,0.000000,0.000000,0.000000,0.000000,0.000000,0,0
1789801105.169773,0,18.140585,19.959964,0.020582,0.000000,0.000000,0.000000,0.000000,0.000000,0.000000,0.000000,0.000000,0.000000,0.000000,0.000000,0.000000,0,0
1789801105.270080,0,18.140585,19.959964,0.020582,0.000000,0.000000,0.000000,0.000000,0.000000,0.000000,0.000000,0.000000,0.000000,0.000000,0.000000,0.000000,0,0
1789801105.369712,0,18.140585,19.959964,0.020582,0.000000,0.000000,0.000000,0.000000,0.000000,0.000000,0.000000,0.000000,0.000000,0.000000,0.000000,0.000000,0,0
1789801105.469754,0,18.140585,19.959964,0.020582,0.000000,0.000000,0.000000,0.000000,0.000000,0.000000,0.000000,0.000000,0.000000,0.000000,0.000000,0.000000,0,0
1789801105.569771,0,18.140585,19.959964,0.020582,0.000000,0.000000,0.000000,0.000000,0.000000,0.000000,0.000000,0.000000,0.000000,0.000000,0.000000,0.000000,0,0
1789801105.669739,0,18.140585,19.959964,0.020582,0.000000,0.000000,0.000000,0.000000,0.000000,0.000000,0.000000,0.000000,0.000000,0.000000,0.000000,0.000000,0,0
1789801105.769719,0,18.140585,19.959964,0.020582,0.000000,0.000000,0.000000,0.000000,0.000000,0.000000,0.000000,0.000000,0.000000,0.000000,0.000000,0.000000,0,0
1789801105.869728,0,18.140585,19.959964,0.020582,0.000000,0.000000,0.000000,0.000000,0.000000,0.000000,0.000000,0.000000,0.000000,0.000000,0.000000,0.000000,0,0
1789801105.969706,0,18.140585,19.959964,0.020582,0.000000,0.000000,0.000000,0.000000,0.000000,0.000000,0.000000,0.000000,0.000000,0.000000,0.000000,0.000000,0,0
1789801106.069727,0,18.140585,19.959964,0.020582,0.000000,0.000000,0.000000,0.000000,0.000000,0.000000,0.000000,0.000000,0.000000,0.000000,0.000000,0.000000,0,0
1789801106.169685,0,18.140585,19.959964,0.020582,0.000000,0.000000,0.000000,0.000000,0.000000,0.000000,0.000000,0.000000,0.000000,0.000000,0.000000,0.000000,0,0
1789801106.269723,0,18.140585,19.959964,0.020582,0.000000,0.000000,0.000000,0.000000,0.000000,0.000000,0.000000,0.000000,0.000000,0.000000,0.000000,0.000000,0,0
1789801106.369646,0,18.140585,19.959964,0.020582,0.000000,0.000000,0.000000,0.000000,0.000000,0.000000,0.000000,0.000000,0.000000,0.000000,0.000000,0.000000,0,0
1789801106.469641,0,18.140585,19.959964,0.020582,0.000000,0.000000,0.000000,0.000000,0.000000,0.000000,0.000000,0.000000,0.000000,0.000000,0.000000,0.000000,0,0
1789801106.569676,0,18.140585,19.959964,0.020582,0.000000,0.000000,0.000000,0.000000,0.000000,0.000000,0.000000,0.000000,0.000000,0.000000,0.000000,0.000000,0,0
1789801106.669636,0,18.140585,19.959964,0.020582,0.000000,0.000000,0.000000,0.000000,0.000000,0.000000,0.000000,0.000000,0.000000,0.000000,0.000000,0.000000,0,0
1789801106.769596,0,18.140585,19.959964,0.020582,0.000000,0.000000,0.000000,0.000000,0.000000,0.000000,0.000000,0.000000,0.000000,0.000000,0.000000,0.000000,0,0
1789801106.869632,0,18.140585,19.959964,0.020582,0.000000,0.000000,0.000000,0.000000,0.000000,0.000000,0.000000,0.000000,0.000000,0.000000,0.000000,0.000000,0,0
1789801106.969669,0,18.140585,19.959964,0.020582,0.000000,0.000000,0.000000,0.000000,0.000000,0.000000,0.000000,0.000000,0.000000,0.000000,0.000000,0.000000,0,0
1789801107.069619,0,18.140585,19.959964,0.020582,0.000000,0.000000,0.000000,0.000000,0.000000,0.000000,0.000000,0.000000,0.000000,0.000000,0.000000,0.000000,0,0
1789801107.170740,0,18.140585,19.959964,0.020582,0.000000,0.000000,0.000000,0.000000,0.000000,0.000000,0.000000,0.000000,0.000000,0.000000,0.000000,0.000000,0,0
1789801107.269620,0,18.140585,19.959964,0.020582,0.000000,0.000000,0.000000,0.000000,0.000000,0.000000,0.000000,0.000000,0.000000,0.000000,0.000000,0.000000,0,0
1789801107.369574,0,18.140585,19.959964,0.020582,0.000000,0.000000,0.000000,0.000000,0.000000,0.000000,0.000000,0.000000,0.000000,0.000000,0.000000,0.000000,0,0
1789801107.469530,0,18.140585,19.959964,0.020582,0.000000,0.000000,0.000000,0.000000,0.000000,0.000000,0.000000,0.000000,0.000000,0.000000,0.000000,0.000000,0,0
1789801107.570977,0,18.215618,20.047117,0.072248,0.000000,0.000000,0.000000,0.000000,0.000000,0.000000,0.000000,0.000000,0.000000,0.000000,0.000000,0.000000,0,0
1789801107.669579,0,18.133811,20.048589,0.042948,0.000000,0.000000,0.000000,0.000000,0.000000,0.000000,0.000000,0.000000,0.000000,0.000000,0.000000,0.000000,0,0
1789801107.769552,0,18.133811,20.048589,0.042948,0.000000,0.000000,0.000000,0.000000,0.000000,0.000000,0.000000,0.000000,0.000000,0.000000,0.000000,0.000000,0,0
1789801107.869501,0,18.133811,20.048589,0.042948,0.000000,0.000000,0.000000,0.000000,0.000000,0.000000,0.000000,0.000000,0.000000,0.000000,0.000000,0.000000,0,0
1789801107.969565,0,18.133811,20.048589,0.042948,0.000000,0.000000,0.000000,0.000000,0.000000,0.000000,0.000000,0.000000,0.000000,0.000000,0.000000,0.000000,0,0
1789801108.069636,0,18.133811,20.048589,0.042948,0.000000,0.000000,0.000000,0.000000,0.000000,0.000000,0.000000,0.000000,0.000000,0.000000,0.000000,0.000000,0,0
1789801108.169626,0,18.133811,20.048589,0.042948,0.000000,0.000000,0.000000,0.000000,0.000000,0.000000,0.000000,0.000000,0.000000,0.000000,0.000000,0.000000,0,0
1789801108.269490,0,18.133811,20.048589,0.042948,0.000000,0.000000,0.000000,0.000000,0.000000,0.000000,0.000000,0.000000,0.000000,0.000000,0.000000,0.000000,0,0
1789801108.369457,0,18.133811,20.048589,0.042948,0.000000,0.000000,0.000000,0.000000,0.000000,0.000000,0.000000,0.000000,0.000000,0.000000,0.000000,0.000000,0,0
1789801108.469496,0,18.133811,20.048589,0.042948,0.000000,0.000000,0.000000,0.000000,0.000000,0.000000,0.000000,0.000000,0.000000,0.000000,0.000000,0.000000,0,0
1789801108.569502,0,18.133811,20.048589,0.042948,0.000000,0.000000,0.000000,0.000000,0.000000,0.000000,0.000000,0.000000,0.000000,0.000000,0.000000,0.000000,0,0
1789801108.669477,0,18.133811,20.048589,0.042948,0.000000,0.000000,0.000000,0.000000,0.000000,0.000000,0.000000,0.000000,0.000000,0.000000,0.000000,0.000000,0,0
1789801108.769453,0,18.133811,20.048589,0.042948,0.000000,0.000000,0.000000,0.000000,0.000000,0.000000,0.000000,0.000000,0.000000,0.000000,0.000000,0.000000,0,0
1789801108.870259,0,18.133811,20.048589,0.042948,0.000000,0.000000,0.000000,0.000000,0.000000,0.000000,0.000000,0.000000,0.000000,0.000000,0.000000,0.000000,0,0
1789801108.969407,0,18.133811,20.048589,0.042948,0.000000,0.000000,0.000000,0.000000,0.000000,0.000000,0.000000,0.000000,0.000000,0.000000,0.000000,0.000000,0,0
1789801109.069360,0,18.133811,20.048589,0.042948,0.000000,0.000000,0.000000,0.000000,0.000000,0.000000,0.000000,0.000000,0.000000,0.000000,0.000000,0.000000,0,0
1789801109.169392,0,18.133811,20.048589,0.042948,0.000000,0.000000,0.000000,0.000000,0.000000,0.000000,0.000000,0.000000,0.000000,0.000000,0.000000,0.000000,0,0
1789801109.269408,0,18.133811,20.048589,0.042948,0.000000,0.000000,0.000000,0.000000,0.000000,0.000000,0.000000,0.000000,0.000000,0.000000,0.000000,0.000000,0,0
1789801109.369442,0,18.133811,20.048589,0.042948,0.000000,0.000000,0.000000,0.000000,0.000000,0.000000,0.000000,0.000000,0.000000,0.000000,0.000000,0.000000,0,0
1789801109.469379,0,18.133811,20.048589,0.042948,0.000000,0.000000,0.000000,0.000000,0.000000,0.000000,0.000000,0.000000,0.000000,0.000000,0.000000,0.000000,0,0
1789801109.569408,0,18.133811,20.048589,0.042948,0.000000,0.000000,0.000000,0.000000,0.000000,0.000000,0.000000,0.000000,0.000000,0.000000,0.000000,0.000000,0,0
1789801109.669367,0,18.133811,20.048589,0.042948,0.000000,0.000000,0.000000,0.000000,0.000000,0.000000,0.000000,0.000000,0.000000,0.000000,0.000000,0.000000,0,0
1789801109.769355,0,18.133811,20.048589,0.042948,0.000000,0.000000,0.000000,0.000000,0.000000,0.000000,0.000000,0.000000,0.000000,0.000000,0.000000,0.000000,0,0
1789801109.869323,0,18.133811,20.048589,0.042948,0.000000,0.000000,0.000000,0.000000,0.000000,0.000000,0.000000,0.000000,0.000000,0.000000,0.000000,0.000000,0,0
1789801109.969300,0,18.133811,20.048589,0.042948,0.000000,0.000000,0.000000,0.000000,0.000000,0.000000,0.000000,0.000000,0.000000,0.000000,0.000000,0.000000,0,0
1789801110.069320,0,18.133811,20.048589,0.042948,0.000000,0.000000,0.000000,0.000000,0.000000,0.000000,0.000000,0.000000,0.000000,0.000000,0.000000,0.000000,0,0
1789801110.169326,0,18.133811,20.048589,0.042948,0.000000,0.000000,0.000000,0.000000,0.000000,0.000000,0.000000,0.000000,0.000000,0.000000,0.000000,0.000000,0,0
1789801110.269273,0,18.133811,20.048589,0.042948,0.000000,0.000000,0.000000,0.000000,0.000000,0.000000,0.000000,0.000000,0.000000,0.000000,0.000000,0.000000,0,0
1789801110.369323,0,18.133811,20.048589,0.042948,0.000000,0.000000,0.000000,0.000000,0.000000,0.000000,0.000000,0.000000,0.000000,0.000000,0.000000,0.000000,0,0
1789801110.469199,0,18.133811,20.048589,0.042948,0.000000,0.000000,0.000000,0.000000,0.000000,0.000000,0.000000,0.000000,0.000000,0.000000,0.000000,0.000000,0,0
1789801110.569514,0,18.133811,20.048589,0.042948,0.000000,0.000000,0.000000,0.000000,0.000000,0.000000,0.000000,0.000000,0.000000,0.000000,0.000000,0.000000,0,0
1789801110.669313,0,18.133811,20.048589,0.042948,0.000000,0.000000,0.000000,0.000000,0.000000,0.000000,0.000000,0.000000,0.000000,0.000000,0.000000,0.000000,0,0
1789801110.769732,0,18.133811,20.048589,0.042948,0.000000,0.000000,0.000000,0.000000,0.000000,0.000000,0.000000,0.000000,0.000000,0.000000,0.000000,0.000000,0,0
1789801110.869264,0,18.133811,20.048589,0.042948,0.000000,0.000000,0.000000,0.000000,0.000000,0.000000,0.000000,0.000000,0.000000,0.000000,0.000000,0.000000,0,0
1789801110.969235,0,18.133811,20.048589,0.042948,0.000000,0.000000,0.000000,0.000000,0.000000,0.000000,0.000000,0.000000,0.000000,0.000000,0.000000,0.000000,0,0
1789801111.069259,0,18.133811,20.048589,0.042948,0.000000,0.000000,0.000000,0.000000,0.000000,0.000000,0.000000,0.000000,0.000000,0.000000,0.000000,0.000000,0,0
1789801111.169226,0,18.133811,20.048589,0.042948,0.000000,0.000000,0.000000,0.000000,0.000000,0.000000,0.000000,0.000000,0.000000,0.000000,0.000000,0.000000,0,0
1789801111.269189,0,18.133811,20.048589,0.042948,0.000000,0.000000,0.000000,0.000000,0.000000,0.000000,0.000000,0.000000,0.000000,0.000000,0.000000,0.000000,0,0
1789801111.369316,0,18.133811,20.048589,0.042948,0.000000,0.000000,0.000000,0.000000,0.000000,0.000000,0.000000,0.000000,0.000000,0.000000,0.000000,0.000000,0,0
1789801111.469178,0,18.133811,20.048589,0.042948,0.000000,0.000000,0.000000,0.000000,0.000000,0.000000,0.000000,0.000000,0.000000,0.000000,0.000000,0.000000,0,0
1789801111.569123,0,18.133811,20.048589,0.042948,0.000000,0.000000,0.000000,0.000000,0.000000,0.000000,0.000000,0.000000,0.000000,0.000000,0.000000,0.000000,0,0
1789801111.669169,0,18.133811,20.048589,0.042948,0.000000,0.000000,0.000000,0.000000,0.000000,0.000000,0.000000,0.000000,0.000000,0.000000,0.000000,0.000000,0,0
1789801111.769151,0,18.133811,20.048589,0.042948,0.000000,0.000000,0.000000,0.000000,0.000000,0.000000,0.000000,0.000000,0.000000,0.000000,0.000000,0.000000,0,0
1789801111.869290,0,18.133811,20.048589,0.042948,0.000000,0.000000,0.000000,0.000000,0.000000,0.000000,0.000000,0.000000,0.000000,0.000000,0.000000,0.000000,0,0
1789801111.969146,0,18.133811,20.048589,0.042948,0.000000,0.000000,0.000000,0.000000,0.000000,0.000000,0.000000,0.000000,0.000000,0.000000,0.000000,0.000000,0,0
1789801112.069119,0,18.133811,20.048589,0.042948,0.000000,0.000000,0.000000,0.000000,0.000000,0.000000,0.000000,0.000000,0.000000,0.000000,0.000000,0.000000,0,0
1789801112.169127,0,18.133811,20.048589,0.042948,0.000000,0.000000,0.000000,0.000000,0.000000,0.000000,0.000000,0.000000,0.000000,0.000000,0.000000,0.000000,0,0
1789801112.269086,0,18.133811,20.048589,0.042948,0.000000,0.000000,0.000000,0.000000,0.000000,0.000000,0.000000,0.000000,0.000000,0.000000,0.000000,0.000000,0,0
1789801112.369071,0,18.133811,20.048589,0.042948,0.000000,0.000000,0.000000,0.000000,0.000000,0.000000,0.000000,0.000000,0.000000,0.000000,0.000000,0.000000,0,0
1789801112.469372,0,18.133811,20.048589,0.042948,0.000000,0.000000,0.000000,0.000000,0.000000,0.000000,0.000000,0.000000,0.000000,0.000000,0.000000,0.000000,0,0
1789801112.569076,0,18.133811,20.048589,0.042948,0.000000,0.000000,0.000000,0.000000,0.000000,0.000000,0.000000,0.000000,0.000000,0.000000,0.000000,0.000000,0,0
1789801112.670150,0,18.217739,20.277590,-0.028070,0.000000,0.000000,0.000000,0.000000,0.000000,0.000000,0.000000,0.000000,0.000000,0.000000,0.000000,0.000000,0,0
1789801112.769089,0,18.132867,20.239964,-0.034591,0.000000,0.000000,0.000000,0.000000,0.000000,0.000000,0.000000,0.000000,0.000000,0.000000,0.000000,0.000000,0,0
1789801112.869036,0,18.132867,20.239964,-0.034591,0.000000,0.000000,0.000000,0.000000,0.000000,0.000000,0.000000,0.000000,0.000000,0.000000,0.000000,0.000000,0,0
1789801112.969020,0,18.132867,20.239964,-0.034591,0.000000,0.000000,0.000000,0.000000,0.000000,0.000000,0.000000,0.000000,0.000000,0.000000,0.000000,0.000000,0,0
1789801113.069031,0,18.132867,20.239964,-0.034591,0.000000,0.000000,0.000000,0.000000,0.000000,0.000000,0.000000,0.000000,0.000000,0.000000,0.000000,0.000000,0,0
1789801113.169015,0,18.132867,20.239964,-0.034591,0.000000,0.000000,0.000000,0.000000,0.000000,0.000000,0.000000,0.000000,0.000000,0.000000,0.000000,0.000000,0,0
1789801113.269004,0,18.132867,20.239964,-0.034591,0.000000,0.000000,0.000000,0.000000,0.000000,0.000000,0.000000,0.000000,0.000000,0.000000,0.000000,0.000000,0,0
1789801113.369008,0,18.132867,20.239964,-0.034591,0.000000,0.000000,0.000000,0.000000,0.000000,0.000000,0.000000,0.000000,0.000000,0.000000,0.000000,0.000000,0,0
1789801113.469001,0,18.132867,20.239964,-0.034591,0.000000,0.000000,0.000000,0.000000,0.000000,0.000000,0.000000,0.000000,0.000000,0.000000,0.000000,0.000000,0,0
1789801113.568972,0,18.132867,20.239964,-0.034591,0.000000,0.000000,0.000000,0.000000,0.000000,0.000000,0.000000,0.000000,0.000000,0.000000,0.000000,0.000000,0,0
1789801113.668961,0,18.132867,20.239964,-0.034591,0.000000,0.000000,0.000000,0.000000,0.000000,0.000000,0.000000,0.000000,0.000000,0.000000,0.000000,0.000000,0,0
1789801113.768970,0,18.132867,20.239964,-0.034591,0.000000,0.000000,0.000000,0.000000,0.000000,0.000000,0.000000,0.000000,0.000000,0.000000,0.000000,0.000000,0,0
1789801113.868930,0,18.132867,20.239964,-0.034591,0.000000,0.000000,0.000000,0.000000,0.000000,0.000000,0.000000,0.000000,0.000000,0.000000,0.000000,0.000000,0,0
1789801113.968923,0,18.132867,20.239964,-0.034591,0.000000,0.000000,0.000000,0.000000,0.000000,0.000000,0.000000,0.000000,0.000000,0.000000,0.000000,0.000000,0,0
1789801114.068909,0,18.132867,20.239964,-0.034591,0.000000,0.000000,0.000000,0.000000,0.000000,0.000000,0.000000,0.000000,0.000000,0.000000,0.000000,0.000000,0,0
1789801114.168926,0,18.132867,20.239964,-0.034591,0.000000,0.000000,0.000000,0.000000,0.000000,0.000000,0.000000,0.000000,0.000000,0.000000,0.000000,0.000000,0,0
1789801114.268928,0,18.132867,20.239964,-0.034591,0.000000,0.000000,0.000000,0.000000,0.000000,0.000000,0.000000,0.000000,0.000000,0.000000,0.000000,0.000000,0,0
1789801114.368868,0,18.132867,20.239964,-0.034591,0.000000,0.000000,0.000000,0.000000,0.000000,0.000000,0.000000,0.000000,0.000000,0.000000,0.000000,0.000000,1,0
1789801114.468880,0,18.132867,20.239964,-0.034591,0.000000,0.000000,0.000000,0.000000,0.000000,0.000000,0.000000,0.000000,0.000000,0.000000,0.000000,0.000000,1,0
1789801114.573101,0,18.132867,20.239964,-0.034591,0.000000,0.000000,0.000000,0.000000,0.000000,0.000000,0.000000,0.000000,0.000000,0.000000,0.000000,0.000000,1,0
1789801114.668842,0,18.132867,20.239964,-0.034591,0.000000,0.000000,0.000000,0.000000,0.000000,0.000000,0.000000,0.000000,0.000000,0.000000,0.000000,0.000000,1,0
1789801114.768859,0,18.132867,20.239964,-0.034591,0.000000,0.000000,0.000000,0.000000,0.000000,0.000000,0.000000,0.000000,0.000000,0.000000,0.000000,0.000000,1,0
1789801114.868879,0,18.132867,20.239964,-0.034591,0.000000,0.000000,0.000000,0.000000,0.000000,0.000000,0.000000,0.000000,0.000000,0.000000,0.000000,0.000000,1,0
1789801114.968822,0,18.132867,20.239964,-0.034591,0.000000,0.000000,0.000000,0.000000,0.000000,0.000000,0.000000,0.000000,0.000000,0.000000,0.000000,0.000000,0,0
1789801115.068854,0,18.132867,20.239964,-0.034591,0.000000,0.000000,0.000000,0.000000,0.000000,0.000000,0.000000,0.000000,0.000000,0.000000,0.000000,0.000000,0,0
1789801115.168849,0,18.132867,20.239964,-0.034591,0.000000,0.000000,0.000000,0.000000,0.000000,0.000000,0.000000,0.000000,0.000000,0.000000,0.000000,0.000000,1,0
1789801115.268814,0,18.132867,20.239964,-0.034591,0.000000,0.000000,0.000000,0.000000,0.000000,0.000000,0.000000,0.000000,0.000000,0.000000,0.000000,0.000000,1,0
1789801115.368810,0,18.132867,20.239964,-0.034591,0.000000,0.000000,0.000000,0.000000,0.000000,0.000000,0.000000,0.000000,0.000000,0.000000,0.000000,0.000000,1,0
1789801115.468774,0,18.132867,20.239964,-0.034591,0.000000,0.000000,0.000000,0.000000,0.000000,0.000000,0.000000,0.000000,0.000000,0.000000,0.000000,0.000000,0,0
1789801115.568778,0,18.132867,20.239964,-0.034591,0.000000,0.000000,0.000000,0.000000,0.000000,0.000000,0.000000,0.000000,0.000000,0.000000,0.000000,0.000000,0,0
1789801115.668793,0,18.132867,20.239964,-0.034591,0.000000,0.000000,0.000000,0.000000,0.000000,0.000000,0.000000,0.000000,0.000000,0.000000,0.000000,0.000000,0,0
1789801115.768756,0,18.132867,20.239964,-0.034591,0.000000,0.000000,0.000000,0.000000,0.000000,0.000000,0.000000,0.000000,0.000000,0.000000,0.000000,0.000000,0,0
1789801115.868751,0,18.132867,20.239964,-0.034591,0.000000,0.000000,0.000000,0.000000,0.000000,0.000000,0.000000,0.000000,0.000000,0.000000,0.000000,0.000000,0,0
1789801115.968741,0,18.132867,20.239964,-0.034591,0.000000,0.000000,0.000000,0.000000,0.000000,0.000000,0.000000,0.000000,0.000000,0.000000,0.000000,0.000000,0,0
1789801116.068745,0,18.132867,20.239964,-0.034591,0.000000,0.000000,0.000000,0.000000,0.000000,0.000000,0.000000,0.000000,0.000000,0.000000,0.000000,0.000000,0,0
1789801116.168738,0,18.132867,20.239964,-0.034591,0.000000,0.000000,0.000000,0.000000,0.000000,0.000000,0.000000,0.000000,0.000000,0.000000,0.000000,0.000000,0,0
1789801116.268679,0,18.132867,20.239964,-0.034591,0.000000,0.000000,0.000000,0.000000,0.000000,0.000000,0.000000,0.000000,0.000000,0.000000,0.000000,0.000000,0,0
1789801116.368697,0,18.132867,20.239964,-0.034591,0.000000,0.000000,0.000000,0.000000,0.000000,0.000000,0.000000,0.000000,0.000000,0.000000,0.000000,0.000000,0,0
1789801116.468706,0,18.132867,20.239964,-0.034591,0.000000,0.000000,0.000000,0.000000,0.000000,0.000000,0.000000,0.000000,0.000000,0.000000,0.000000,0.000000,0,0
1789801116.572566,0,18.132867,20.239964,-0.034591,0.000000,0.000000,0.000000,0.000000,0.000000,0.000000,0.000000,0.000000,0.000000,0.000000,0.000000,0.000000,0,0
1789801116.668715,0,18.132867,20.239964,-0.034591,0.000000,0.000000,0.000000,0.000000,0.000000,0.000000,0.000000,0.000000,0.000000,0.000000,0.000000,0.000000,0,0
1789801116.768665,0,18.132867,20.239964,-0.034591,0.000000,0.000000,0.000000,0.000000,0.000000,0.000000,0.000000,0.000000,0.000000,0.000000,0.000000,0.000000,0,0
1789801116.868654,0,18.132867,20.239964,-0.034591,0.000000,0.000000,0.000000,0.000000,0.000000,0.000000,0.000000,0.000000,0.000000,0.000000,0.000000,0.000000,0,0
1789801116.968654,0,18.132867,20.239964,-0.034591,0.000000,0.000000,0.000000,0.000000,0.000000,0.000000,0.000000,0.000000,0.000000,0.000000,0.000000,0.000000,0,0
1789801117.068628,0,18.132867,20.239964,-0.034591,0.000000,0.000000,0.000000,0.000000,0.000000,0.000000,0.000000,0.000000,0.000000,0.000000,0.000000,0.000000,0,0
1789801117.168633,0,18.132867,20.239964,-0.034591,0.000000,0.000000,0.000000,0.000000,0.000000,0.000000,0.000000,0.000000,0.000000,0.000000,0.000000,0.000000,0,0
1789801117.268609,0,18.132867,20.239964,-0.034591,0.000000,0.000000,0.000000,0.000000,0.000000,0.000000,0.000000,0.000000,0.000000,0.000000,0.000000,0.000000,0,0
1789801117.368578,0,18.132867,20.239964,-0.034591,0.000000,0.000000,0.000000,0.000000,0.000000,0.000000,0.000000,0.000000,0.000000,0.000000,0.000000,0.000000,0,0
1789801117.468590,0,18.132867,20.239964,-0.034591,0.000000,0.000000,0.000000,0.000000,0.000000,0.000000,0.000000,0.000000,0.000000,0.000000,0.000000,0.000000,0,0
1789801117.568601,0,18.132867,20.239964,-0.034591,0.000000,0.000000,0.000000,0.000000,0.000000,0.000000,0.000000,0.000000,0.000000,0.000000,0.000000,0.000000,0,0
1789801117.669030,0,18.132867,20.239964,-0.034591,0.000000,0.000000,0.000000,0.000000,0.000000,0.000000,0.000000,0.000000,0.000000,0.000000,0.000000,0.000000,0,0
1789801117.768595,0,18.132867,20.239964,-0.034591,0.000000,0.000000,0.000000,0.000000,0.000000,0.000000,0.000000,0.000000,0.000000,0.000000,0.000000,0.000000,0,0
1789801117.868593,0,18.132867,20.239964,-0.034591,0.000000,0.000000,0.000000,0.000000,0.000000,0.000000,0.000000,0.000000,0.000000,0.000000,0.000000,0.000000,0,0
1789801117.968567,0,18.132867,20.239964,-0.034591,0.000000,0.000000,0.000000,0.000000,0.000000,0.000000,0.000000,0.000000,0.000000,0.000000,0.000000,0.000000,0,0
1789801118.068584,0,18.132867,20.239964,-0.034591,0.000000,0.000000,0.000000,0.000000,0.000000,0.000000,0.000000,0.000000,0.000000,0.000000,0.000000,0.000000,0,0
1789801118.168551,0,18.132867,20.239964,-0.034591,0.000000,0.000000,0.000000,0.000000,0.000000,0.000000,0.000000,0.000000,0.000000,0.000000,0.000000,0.000000,0,0
1789801118.268546,0,18.132867,20.239964,-0.034591,0.000000,0.000000,0.000000,0.000000,0.000000,0.000000,0.000000,0.000000,0.000000,0.000000,0.000000,0.000000,0,0
1789801118.368793,0,18.132867,20.239964,-0.034591,0.000000,0.000000,0.000000,0.000000,0.000000,0.000000,0.000000,0.000000,0.000000,0.000000,0.000000,0.000000,0,0
1789801118.468614,0,18.132867,20.239964,-0.034591,0.000000,0.000000,0.000000,0.000000,0.000000,0.000000,0.000000,0.000000,0.000000,0.000000,0.000000,0.000000,0,0
1789801118.568995,0,18.132867,20.239964,-0.034591,0.000000,0.000000,0.000000,0.000000,0.000000,0.000000,0.000000,0.000000,0.000000,0.000000,0.000000,0.000000,0,0
1789801118.668925,0,18.132867,20.239964,-0.034591,0.000000,0.000000,0.000000,0.000000,0.000000,0.000000,0.000000,0.000000,0.000000,0.000000,0.000000,0.000000,0,0
1789801118.768857,0,18.132867,20.239964,-0.034591,0.000000,0.000000,0.000000,0.000000,0.000000,0.000000,0.000000,0.000000,0.000000,0.000000,0.000000,0.000000,0,0
1789801118.868476,0,18.132867,20.239964,-0.034591,0.000000,0.000000,0.000000,0.000000,0.000000,0.000000,0.000000,0.000000,0.000000,0.000000,0.000000,0.000000,0,0
1789801118.968524,0,18.132867,20.239964,-0.034591,0.000000,0.000000,0.000000,0.000000,0.000000,0.000000,0.000000,0.000000,0.000000,0.000000,0.000000,0.000000,0,0
1789801119.068485,0,18.132867,20.239964,-0.034591,0.000000,0.000000,0.000000,0.000000,0.000000,0.000000,0.000000,0.000000,0.000000,0.000000,0.000000,0.000000,0,0
1789801119.168885,0,18.132867,20.239964,-0.034591,0.000000,0.000000,0.000000,0.000000,0.000000,0.000000,0.000000,0.000000,0.000000,0.000000,0.000000,0.000000,0,0
1789801119.268453,0,18.132867,20.239964,-0.034591,0.000000,0.000000,0.000000,0.000000,0.000000,0.000000,0.000000,0.000000,0.000000,0.000000,0.000000,0.000000,0,0
1789801119.368890,0,18.132867,20.239964,-0.034591,0.000000,0.000000,0.000000,0.000000,0.000000,0.000000,0.000000,0.000000,0.000000,0.000000,0.000000,0.000000,0,0
1789801119.468717,0,18.132867,20.239964,-0.034591,0.000000,0.000000,0.000000,0.000000,0.000000,0.000000,0.000000,0.000000,0.000000,0.000000,0.000000,0.000000,0,0
1789801119.568388,0,18.132867,20.239964,-0.034591,0.000000,0.000000,0.000000,0.000000,0.000000,0.000000,0.000000,0.000000,0.000000,0.000000,0.000000,0.000000,0,0
1789801119.669076,0,18.132867,20.239964,-0.034591,0.000000,0.000000,0.000000,0.000000,0.000000,0.000000,0.000000,0.000000,0.000000,0.000000,0.000000,0.000000,0,0
1789801119.768372,0,18.132867,20.239964,-0.034591,0.000000,0.000000,0.000000,0.000000,0.000000,0.000000,0.000000,0.000000,0.000000,0.000000,0.000000,0.000000,0,0
1789801119.868308,0,18.132867,20.239964,-0.034591,0.000000,0.000000,0.000000,0.000000,0.000000,0.000000,0.000000,0.000000,0.000000,0.000000,0.000000,0.000000,0,0
1789801119.968321,0,18.132867,20.239964,-0.034591,0.000000,0.000000,0.000000,0.000000,0.000000,0.000000,0.000000,0.000000,0.000000,0.000000,0.000000,0.000000,0,0
1789801120.068379,0,18.132867,20.239964,-0.034591,0.000000,0.000000,0.000000,0.000000,0.000000,0.000000,0.000000,0.000000,0.000000,0.000000,0.000000,0.000000,0,0
1789801120.168511,0,18.132867,20.239964,-0.034591,0.000000,0.000000,0.000000,0.000000,0.000000,0.000000,0.000000,0.000000,0.000000,0.000000,0.000000,0.000000,0,0
1789801120.268350,0,18.132867,20.239964,-0.034591,0.000000,0.000000,0.000000,0.000000,0.000000,0.000000,0.000000,0.000000,0.000000,0.000000,0.000000,0.000000,0,0
1789801120.368329,0,18.132867,20.239964,-0.034591,0.000000,0.000000,0.000000,0.000000,0.000000,0.000000,0.000000,0.000000,0.000000,0.000000,0.000000,0.000000,0,0
1789801120.468316,0,18.132867,20.239964,-0.034591,0.000000,0.000000,0.000000,0.000000,0.000000,0.000000,0.000000,0.000000,0.000000,0.000000,0.000000,0.000000,0,0
1789801120.568667,0,18.132867,20.239964,-0.034591,0.000000,0.000000,0.000000,0.000000,0.000000,0.000000,0.000000,0.000000,0.000000,0.000000,0.000000,0.000000,0,0
1789801120.668294,0,18.132867,20.239964,-0.034591,0.000000,0.000000,0.000000,0.000000,0.000000,0.000000,0.000000,0.000000,0.000000,0.000000,0.000000,0.000000,0,0
1789801120.768291,0,18.132867,20.239964,-0.034591,0.000000,0.000000,0.000000,0.000000,0.000000,0.000000,0.000000,0.000000,0.000000,0.000000,0.000000,0.000000,0,0
1789801120.868303,0,18.132867,20.239964,-0.034591,0.000000,0.000000,0.000000,0.000000,0.000000,0.000000,0.000000,0.000000,0.000000,0.000000,0.000000,0.000000,0,0
1789801120.968235,0,18.132867,20.239964,-0.034591,0.000000,0.000000,0.000000,0.000000,0.000000,0.000000,0.000000,0.000000,0.000000,0.000000,0.000000,0.000000,0,0
1789801121.068251,0,18.132867,20.239964,-0.034591,0.000000,0.000000,0.000000,0.000000,0.000000,0.000000,0.000000,0.000000,0.000000,0.000000,0.000000,0.000000,0,0
1789801121.168224,0,18.132867,20.239964,-0.034591,0.000000,0.000000,0.000000,0.000000,0.000000,0.000000,0.000000,0.000000,0.000000,0.000000,0.000000,0.000000,0,0
1789801121.268224,0,18.132867,20.239964,-0.034591,0.000000,0.000000,0.000000,0.000000,0.000000,0.000000,0.000000,0.000000,0.000000,0.000000,0.000000,0.000000,0,0
1789801121.368258,0,18.132867,20.239964,-0.034591,0.000000,0.000000,0.000000,0.000000,0.000000,0.000000,0.000000,0.000000,0.000000,0.000000,0.000000,0.000000,0,0
1789801121.468235,0,18.132867,20.239964,-0.034591,0.000000,0.000000,0.000000,0.000000,0.000000,0.000000,0.000000,0.000000,0.000000,0.000000,0.000000,0.000000,0,0
1789801121.568198,0,18.132867,20.239964,-0.034591,0.000000,0.000000,0.000000,0.000000,0.000000,0.000000,0.000000,0.000000,0.000000,0.000000,0.000000,0.000000,0,0
1789801121.668204,0,18.132867,20.239964,-0.034591,0.000000,0.000000,0.000000,0.000000,0.000000,0.000000,0.000000,0.000000,0.000000,0.000000,0.000000,0.000000,0,0
1789801121.768174,0,18.132867,20.239964,-0.034591,0.000000,0.000000,0.000000,0.000000,0.000000,0.000000,0.000000,0.000000,0.000000,0.000000,0.000000,0.000000,0,0
1789801121.868198,0,18.132867,20.239964,-0.034591,0.000000,0.000000,0.000000,0.000000,0.000000,0.000000,0.000000,0.000000,0.000000,0.000000,0.000000,0.000000,0,0
1789801121.968132,0,18.132867,20.239964,-0.034591,0.000000,0.000000,0.000000,0.000000,0.000000,0.000000,0.000000,0.000000,0.000000,0.000000,0.000000,0.000000,0,0
1789801122.068121,0,18.132867,20.239964,-0.034591,0.000000,0.000000,0.000000,0.000000,0.000000,0.000000,0.000000,0.000000,0.000000,0.000000,0.000000,0.000000,0,0
1789801122.168171,0,18.132867,20.239964,-0.034591,0.000000,0.000000,0.000000,0.000000,0.000000,0.000000,0.000000,0.000000,0.000000,0.000000,0.000000,0.000000,0,0
1789801122.268179,0,18.132867,20.239964,-0.034591,0.000000,0.000000,0.000000,0.000000,0.000000,0.000000,0.000000,0.000000,0.000000,0.000000,0.000000,0.000000,0,0
1789801122.368193,0,18.132867,20.239964,-0.034591,0.000000,0.000000,0.000000,0.000000,0.000000,0.000000,0.000000,0.000000,0.000000,0.000000,0.000000,0.000000,0,0
1789801122.468125,0,18.132867,20.239964,-0.034591,0.000000,0.000000,0.000000,0.000000,0.000000,0.000000,0.000000,0.000000,0.000000,0.000000,0.000000,0.000000,0,0
1789801122.568118,0,18.132867,20.239964,-0.034591,0.000000,0.000000,0.000000,0.000000,0.000000,0.000000,0.000000,0.000000,0.000000,0.000000,0.000000,0.000000,0,0
1789801122.668081,0,18.132867,20.239964,-0.034591,0.000000,0.000000,0.000000,0.000000,0.000000,0.000000,0.000000,0.000000,0.000000,0.000000,0.000000,0.000000,1,0
1789801122.768051,0,18.132867,20.239964,-0.034591,0.000000,0.000000,0.000000,0.000000,0.000000,0.000000,0.000000,0.000000,0.000000,0.000000,0.000000,0.000000,1,0
1789801122.868068,0,18.132867,20.239964,-0.034591,0.000000,0.000000,0.000000,0.000000,0.000000,0.000000,0.000000,0.000000,0.000000,0.000000,0.000000,0.000000,1,0
1789801122.968067,0,18.132867,20.239964,-0.034591,0.000000,0.000000,0.000000,0.000000,0.000000,0.000000,0.000000,0.000000,0.000000,0.000000,0.000000,0.000000,1,0
1789801123.068020,0,18.132867,20.239964,-0.034591,0.000000,0.000000,0.000000,0.000000,0.000000,0.000000,0.000000,0.000000,0.000000,0.000000,0.000000,0.000000,1,0
1789801123.168058,0,18.132867,20.239964,-0.034591,0.000000,0.000000,0.000000,0.000000,0.000000,0.000000,0.000000,0.000000,0.000000,0.000000,0.000000,0.000000,1,0
1789801123.268034,0,18.132867,20.239964,-0.034591,0.000000,0.000000,0.000000,0.000000,0.000000,0.000000,0.000000,0.000000,0.000000,0.000000,0.000000,0.000000,1,0
1789801123.368034,0,18.132867,20.239964,-0.034591,0.000000,0.000000,0.000000,0.000000,0.000000,0.000000,0.000000,0.000000,0.000000,0.000000,0.000000,0.000000,1,0
1789801123.468006,0,18.132867,20.239964,-0.034591,0.000000,0.000000,0.000000,0.000000,0.000000,0.000000,0.000000,0.000000,0.000000,0.000000,0.000000,0.000000,1,0
1789801123.568008,0,18.132867,20.239964,-0.034591,0.000000,0.000000,0.000000,0.000000,0.000000,0.000000,0.000000,0.000000,0.000000,0.000000,0.000000,0.000000,1,0
1789801123.668001,0,18.132867,20.239964,-0.034591,0.000000,0.000000,0.000000,0.000000,0.000000,0.000000,0.000000,0.000000,0.000000,0.000000,0.000000,0.000000,1,0
1789801123.768532,0,18.132867,20.239964,-0.034591,0.000000,0.000000,0.000000,0.000000,0.000000,0.000000,0.000000,0.000000,0.000000,0.000000,0.000000,0.000000,1,0
1789801123.867959,0,18.132867,20.239964,-0.034591,0.000000,0.000000,0.000000,0.000000,0.000000,0.000000,0.000000,0.000000,0.000000,0.000000,0.000000,0.000000,1,0
1789801123.967945,0,18.132867,20.239964,-0.034591,0.000000,0.000000,0.000000,0.000000,0.000000,0.000000,0.000000,0.000000,0.000000,0.000000,0.000000,0.000000,1,0
1789801124.067965,0,18.132867,20.239964,-0.034591,0.000000,0.000000,0.000000,0.000000,0.000000,0.000000,0.000000,0.000000,0.000000,0.000000,0.000000,0.000000,1,0
1789801124.167954,0,18.132867,20.239964,-0.034591,0.000000,0.000000,0.000000,0.000000,0.000000,0.000000,0.000000,0.000000,0.000000,0.000000,0.000000,0.000000,1,0
1789801124.267935,0,18.132867,20.239964,-0.034591,0.000000,0.000000,0.000000,0.000000,0.000000,0.000000,0.000000,0.000000,0.000000,0.000000,0.000000,0.000000,1,0
1789801124.367904,0,18.132867,20.239964,-0.034591,0.000000,0.000000,0.000000,0.000000,0.000000,0.000000,0.000000,0.000000,0.000000,0.000000,0.000000,0.000000,1,0
1789801124.467923,0,18.132867,20.239964,-0.034591,0.000000,0.000000,0.000000,0.000000,0.000000,0.000000,0.000000,0.000000,0.000000,0.000000,0.000000,0.000000,1,0
1789801124.567884,0,18.132867,20.239964,-0.034591,0.000000,0.000000,0.000000,0.000000,0.000000,0.000000,0.000000,0.000000,0.000000,0.000000,0.000000,0.000000,1,0
1789801124.667913,0,18.132867,20.239964,-0.034591,0.000000,0.000000,0.000000,0.000000,0.000000,0.000000,0.000000,0.000000,0.000000,0.000000,0.000000,0.000000,1,0
1789801124.768632,0,18.132867,20.239964,-0.034591,0.000000,0.000000,0.000000,0.000000,0.000000,0.000000,0.000000,0.000000,0.000000,0.000000,0.000000,0.000000,1,0
1789801124.867888,0,18.132867,20.239964,-0.034591,0.000000,0.000000,0.000000,0.000000,0.000000,0.000000,0.000000,0.000000,0.000000,0.000000,0.000000,0.000000,1,0
1789801124.967864,0,18.132867,20.239964,-0.034591,0.000000,0.000000,0.000000,0.000000,0.000000,0.000000,0.000000,0.000000,0.000000,0.000000,0.000000,0.000000,1,0
1789801125.067858,0,18.132867,20.239964,-0.034591,0.000000,0.000000,0.000000,0.000000,0.000000,0.000000,0.000000,0.000000,0.000000,0.000000,0.000000,0.000000,1,0
1789801125.167934,0,18.132867,20.239964,-0.034591,0.000000,0.000000,0.000000,0.000000,0.000000,0.000000,0.000000,0.000000,0.000000,0.000000,0.000000,0.000000,1,0
1789801125.267838,0,18.132867,20.239964,-0.034591,0.000000,0.000000,0.000000,0.000000,0.000000,0.000000,0.000000,0.000000,0.000000,0.000000,0.000000,0.000000,1,0
1789801125.367817,0,18.132867,20.239964,-0.034591,0.000000,0.000000,0.000000,0.000000,0.000000,0.000000,0.000000,0.000000,0.000000,0.000000,0.000000,0.000000,1,0
1789801125.467836,0,18.132867,20.239964,-0.034591,0.000000,0.000000,0.000000,0.000000,0.000000,0.000000,0.000000,0.000000,0.000000,0.000000,0.000000,0.000000,1,0
1789801125.567808,0,18.132867,20.239964,-0.034591,0.000000,0.000000,0.000000,0.000000,0.000000,0.000000,0.000000,0.000000,0.000000,0.000000,0.000000,0.000000,1,0
1789801125.667822,0,18.132867,20.239964,-0.034591,0.000000,0.000000,0.000000,0.000000,0.000000,0.000000,0.000000,0.000000,0.000000,0.000000,0.000000,0.000000,1,0
1789801125.767767,0,18.132867,20.239964,-0.034591,0.000000,0.000000,0.000000,0.000000,0.000000,0.000000,0.000000,0.000000,0.000000,0.000000,0.000000,0.000000,1,0
1789801125.867761,0,18.132867,20.239964,-0.034591,0.000000,0.000000,0.000000,0.000000,0.000000,0.000000,0.000000,0.000000,0.000000,0.000000,0.000000,0.000000,1,0
1789801125.967771,0,18.132867,20.239964,-0.034591,0.000000,0.000000,0.000000,0.000000,0.000000,0.000000,0.000000,0.000000,0.000000,0.000000,0.000000,0.000000,1,0
1789801126.067750,0,18.132867,20.239964,-0.034591,0.000000,0.000000,0.000000,0.000000,0.000000,0.000000,0.000000,0.000000,0.000000,0.000000,0.000000,0.000000,1,0
1789801126.167737,0,18.132867,20.239964,-0.034591,0.000000,0.000000,0.000000,0.000000,0.000000,0.000000,0.000000,0.000000,0.000000,0.000000,0.000000,0.000000,1,0
1789801126.267742,0,18.132867,20.239964,-0.034591,0.000000,0.000000,0.000000,0.000000,0.000000,0.000000,0.000000,0.000000,0.000000,0.000000,0.000000,0.000000,1,0
1789801126.367730,0,18.132867,20.239964,-0.034591,0.000000,0.000000,0.000000,0.000000,0.000000,0.000000,0.000000,0.000000,0.000000,0.000000,0.000000,0.000000,1,0
1789801126.467735,0,18.132867,20.239964,-0.034591,0.000000,0.000000,0.000000,0.000000,0.000000,0.000000,0.000000,0.000000,0.000000,0.000000,0.000000,0.000000,1,0
1789801126.567733,0,18.132867,20.239964,-0.034591,0.000000,0.000000,0.000000,0.000000,0.000000,0.000000,0.000000,0.000000,0.000000,0.000000,0.000000,0.000000,1,0
1789801126.667685,0,18.132867,20.239964,-0.034591,0.000000,0.000000,0.000000,0.000000,0.000000,0.000000,0.000000,0.000000,0.000000,0.000000,0.000000,0.000000,1,0
1789801126.767655,0,18.132867,20.239964,-0.034591,0.000000,0.000000,0.000000,0.000000,0.000000,0.000000,0.000000,0.000000,0.000000,0.000000,0.000000,0.000000,1,0
1789801126.867699,0,18.132867,20.239964,-0.034591,0.000000,0.000000,0.000000,0.000000,0.000000,0.000000,0.000000,0.000000,0.000000,0.000000,0.000000,0.000000,1,0
1789801126.967684,0,18.132867,20.239964,-0.034591,0.000000,0.000000,0.000000,0.000000,0.000000,0.000000,0.000000,0.000000,0.000000,0.000000,0.000000,0.000000,1,0
1789801127.067661,0,18.132867,20.239964,-0.034591,0.000000,0.000000,0.000000,0.000000,0.000000,0.000000,0.000000,0.000000,0.000000,0.000000,0.000000,0.000000,1,0
1789801127.167671,0,18.132867,20.239964,-0.034591,0.000000,0.000000,0.000000,0.000000,0.000000,0.000000,0.000000,0.000000,0.000000,0.000000,0.000000,0.000000,1,0
1789801127.267579,0,18.132867,20.239964,-0.034591,0.000000,0.000000,0.000000,0.000000,0.000000,0.000000,0.000000,0.000000,0.000000,0.000000,0.000000,0.000000,1,0
1789801127.367611,0,18.132867,20.239964,-0.034591,0.000000,0.000000,0.000000,0.000000,0.000000,0.000000,0.000000,0.000000,0.000000,0.000000,0.000000,0.000000,1,0
1789801127.467643,0,18.132867,20.239964,-0.034591,0.000000,0.000000,0.000000,0.000000,0.000000,0.000000,0.000000,0.000000,0.000000,0.000000,0.000000,0.000000,1,0
1789801127.567614,0,18.132867,20.239964,-0.034591,0.000000,0.000000,0.000000,0.000000,0.000000,0.000000,0.000000,0.000000,0.000000,0.000000,0.000000,0.000000,1,0
1789801127.669972,0,18.132867,20.239964,-0.034591,0.000000,0.000000,0.000000,0.000000,0.000000,0.000000,0.000000,0.000000,0.000000,0.000000,0.000000,0.000000,1,0
1789801127.767627,0,18.132867,20.239964,-0.034591,0.000000,0.000000,0.000000,0.000000,0.000000,0.000000,0.000000,0.000000,0.000000,0.000000,0.000000,0.000000,1,0
1789801127.867544,0,18.132867,20.239964,-0.034591,0.000000,0.000000,0.000000,0.000000,0.000000,0.000000,0.000000,0.000000,0.000000,0.000000,0.000000,0.000000,1,0
1789801127.967561,0,18.132867,20.239964,-0.034591,0.000000,0.000000,0.000000,0.000000,0.000000,0.000000,0.000000,0.000000,0.000000,0.000000,0.000000,0.000000,1,0
1789801128.067542,0,18.132867,20.239964,-0.034591,0.000000,0.000000,0.000000,0.000000,0.000000,0.000000,0.000000,0.000000,0.000000,0.000000,0.000000,0.000000,1,0
1789801128.167672,0,18.132867,20.239964,-0.034591,0.000000,0.000000,0.000000,0.000000,0.000000,0.000000,0.000000,0.000000,0.000000,0.000000,0.000000,0.000000,1,0
1789801128.267523,0,18.132867,20.239964,-0.034591,0.000000,0.000000,0.000000,0.000000,0.000000,0.000000,0.000000,0.000000,0.000000,0.000000,0.000000,0.000000,1,0
1789801128.367502,0,18.132867,20.239964,-0.034591,0.000000,0.000000,0.000000,0.000000,0.000000,0.000000,0.000000,0.000000,0.000000,0.000000,0.000000,0.000000,1,0
1789801128.467544,0,18.132867,20.239964,-0.034591,0.000000,0.000000,0.000000,0.000000,0.000000,0.000000,0.000000,0.000000,0.000000,0.000000,0.000000,0.000000,1,0
1789801128.567491,0,18.132867,20.239964,-0.034591,0.000000,0.000000,0.000000,0.000000,0.000000,0.000000,0.000000,0.000000,0.000000,0.000000,0.000000,0.000000,1,0
1789801128.667500,0,18.132867,20.239964,-0.034591,0.000000,0.000000,0.000000,0.000000,0.000000,0.000000,0.000000,0.000000,0.000000,0.000000,0.000000,0.000000,1,0
1789801128.767480,0,18.132867,20.239964,-0.034591,0.000000,0.000000,0.000000,0.000000,0.000000,0.000000,0.000000,0.000000,0.000000,0.000000,0.000000,0.000000,1,0
1789801128.867474,0,18.132867,20.239964,-0.034591,0.000000,0.000000,0.000000,0.000000,0.000000,0.000000,0.000000,0.000000,0.000000,0.000000,0.000000,0.000000,1,0
1789801128.967450,0,18.132867,20.239964,-0.034591,0.000000,0.000000,0.000000,0.000000,0.000000,0.000000,0.000000,0.000000,0.000000,0.000000,0.000000,0.000000,1,0
1789801129.067429,0,18.132867,20.239964,-0.034591,0.000000,0.000000,0.000000,0.000000,0.000000,0.000000,0.000000,0.000000,0.000000,0.000000,0.000000,0.000000,1,0
1789801129.167452,0,18.132867,20.239964,-0.034591,0.000000,0.000000,0.000000,0.000000,0.000000,0.000000,0.000000,0.000000,0.000000,0.000000,0.000000,0.000000,1,0
1789801129.267395,0,18.132867,20.239964,-0.034591,0.000000,0.000000,0.000000,0.000000,0.000000,0.000000,0.000000,0.000000,0.000000,0.000000,0.000000,0.000000,1,0
1789801129.367438,0,18.132867,20.239964,-0.034591,0.000000,0.000000,0.000000,0.000000,0.000000,0.000000,0.000000,0.000000,0.000000,0.000000,0.000000,0.000000,1,0
1789801129.467465,0,18.132867,20.239964,-0.034591,0.000000,0.000000,0.000000,0.000000,0.000000,0.000000,0.000000,0.000000,0.000000,0.000000,0.000000,0.000000,1,0
1789801129.567423,0,18.132867,20.239964,-0.034591,0.000000,0.000000,0.000000,0.000000,0.000000,0.000000,0.000000,0.000000,0.000000,0.000000,0.000000,0.000000,1,0
1789801129.669045,0,18.218042,20.310514,-0.036225,0.000000,0.000000,0.000000,0.000000,0.000000,0.000000,0.000000,0.000000,0.000000,0.000000,0.000000,0.000000,1,0
1789801129.767495,0,18.114033,20.263389,-0.044470,0.000000,0.000000,0.000000,0.000000,0.000000,0.000000,0.000000,0.000000,0.000000,0.000000,0.000000,0.000000,1,0
1789801129.867388,0,18.114033,20.263389,-0.044470,0.000000,0.000000,0.000000,0.000000,0.000000,0.000000,0.000000,0.000000,0.000000,0.000000,0.000000,0.000000,1,0
1789801129.967345,0,18.114033,20.263389,-0.044470,0.000000,0.000000,0.000000,0.000000,0.000000,0.000000,0.000000,0.000000,0.000000,0.000000,0.000000,0.000000,1,0
1789801130.067383,0,18.114033,20.263389,-0.044470,0.000000,0.000000,0.000000,0.000000,0.000000,0.000000,0.000000,0.000000,0.000000,0.000000,0.000000,0.000000,1,0
1789801130.167363,0,18.114033,20.263389,-0.044470,0.000000,0.000000,0.000000,0.000000,0.000000,0.000000,0.000000,0.000000,0.000000,0.000000,0.000000,0.000000,1,0
1789801130.267318,0,18.114033,20.263389,-0.044470,0.000000,0.000000,0.000000,0.000000,0.000000,0.000000,0.000000,0.000000,0.000000,0.000000,0.000000,0.000000,1,0
1789801130.367359,0,18.114033,20.263389,-0.044470,0.000000,0.000000,0.000000,0.000000,0.000000,0.000000,0.000000,0.000000,0.000000,0.000000,0.000000,0.000000,1,0
1789801130.467311,0,18.114033,20.263389,-0.044470,0.000000,0.000000,0.000000,0.000000,0.000000,0.000000,0.000000,0.000000,0.000000,0.000000,0.000000,0.000000,1,0
1789801130.567313,0,18.114033,20.263389,-0.044470,0.000000,0.000000,0.000000,0.000000,0.000000,0.000000,0.000000,0.000000,0.000000,0.000000,0.000000,0.000000,1,0
1789801130.668896,0,18.114033,20.263389,-0.044470,0.000000,0.000000,0.000000,0.000000,0.000000,0.000000,0.000000,0.000000,0.000000,0.000000,0.000000,0.000000,1,0
1789801130.767306,0,18.114033,20.263389,-0.044470,0.000000,0.000000,0.000000,0.000000,0.000000,0.000000,0.000000,0.000000,0.000000,0.000000,0.000000,0.000000,1,0
1789801130.867307,0,18.114033,20.263389,-0.044470,0.000000,0.000000,0.000000,0.000000,0.000000,0.000000,0.000000,0.000000,0.000000,0.000000,0.000000,0.000000,1,0
1789801130.967321,0,18.114033,20.263389,-0.044470,0.000000,0.000000,0.000000,0.000000,0.000000,0.000000,0.000000,0.000000,0.000000,0.000000,0.000000,0.000000,1,0
1789801131.067303,0,18.114033,20.263389,-0.044470,0.000000,0.000000,0.000000,0.000000,0.000000,0.000000,0.000000,0.000000,0.000000,0.000000,0.000000,0.000000,1,0
1789801131.169028,0,18.114033,20.263389,-0.044470,0.000000,0.000000,0.000000,0.000000,0.000000,0.000000,0.000000,0.000000,0.000000,0.000000,0.000000,0.000000,1,0
1789801131.267232,0,18.114033,20.263389,-0.044470,0.000000,0.000000,0.000000,0.000000,0.000000,0.000000,0.000000,0.000000,0.000000,0.000000,0.000000,0.000000,1,0
1789801131.367246,0,18.114033,20.263389,-0.044470,0.000000,0.000000,0.000000,0.000000,0.000000,0.000000,0.000000,0.000000,0.000000,0.000000,0.000000,0.000000,1,0
1789801131.467232,0,18.114033,20.263389,-0.044470,0.000000,0.000000,0.000000,0.000000,0.000000,0.000000,0.000000,0.000000,0.000000,0.000000,0.000000,0.000000,1,0
1789801131.567196,0,18.114033,20.263389,-0.044470,0.000000,0.000000,0.000000,0.000000,0.000000,0.000000,0.000000,0.000000,0.000000,0.000000,0.000000,0.000000,1,0
1789801131.667192,0,18.114033,20.263389,-0.044470,0.000000,0.000000,0.000000,0.000000,0.000000,0.000000,0.000000,0.000000,0.000000,0.000000,0.000000,0.000000,1,0
1789801131.767217,0,18.114033,20.263389,-0.044470,0.000000,0.000000,0.000000,0.000000,0.000000,0.000000,0.000000,0.000000,0.000000,0.000000,0.000000,0.000000,1,0
1789801131.867218,0,18.114033,20.263389,-0.044470,0.000000,0.000000,0.000000,0.000000,0.000000,0.000000,0.000000,0.000000,0.000000,0.000000,0.000000,0.000000,1,0
1789801131.967191,0,18.114033,20.263389,-0.044470,0.000000,0.000000,0.000000,0.000000,0.000000,0.000000,0.000000,0.000000,0.000000,0.000000,0.000000,0.000000,1,0
1789801132.067188,0,18.114033,20.263389,-0.044470,0.000000,0.000000,0.000000,0.000000,0.000000,0.000000,0.000000,0.000000,0.000000,0.000000,0.000000,0.000000,1,0
1789801132.167146,0,18.114033,20.263389,-0.044470,0.000000,0.000000,0.000000,0.000000,0.000000,0.000000,0.000000,0.000000,0.000000,0.000000,0.000000,0.000000,1,0
1789801132.267128,0,18.114033,20.263389,-0.044470,0.000000,0.000000,0.000000,0.000000,0.000000,0.000000,0.000000,0.000000,0.000000,0.000000,0.000000,0.000000,1,0
1789801132.367121,0,18.114033,20.263389,-0.044470,0.000000,0.000000,0.000000,0.000000,0.000000,0.000000,0.000000,0.000000,0.000000,0.000000,0.000000,0.000000,1,0
1789801132.467143,0,18.114033,20.263389,-0.044470,0.000000,0.000000,0.000000,0.000000,0.000000,0.000000,0.000000,0.000000,0.000000,0.000000,0.000000,0.000000,1,0
1789801132.567118,0,18.114033,20.263389,-0.044470,0.000000,0.000000,0.000000,0.000000,0.000000,0.000000,0.000000,0.000000,0.000000,0.000000,0.000000,0.000000,1,0
1789801132.667119,0,18.114033,20.263389,-0.044470,0.000000,0.000000,0.000000,0.000000,0.000000,0.000000,0.000000,0.000000,0.000000,0.000000,0.000000,0.000000,1,0
1789801132.767026,0,18.114033,20.263389,-0.044470,0.000000,0.000000,0.000000,0.000000,0.000000,0.000000,0.000000,0.000000,0.000000,0.000000,0.000000,0.000000,1,0
1789801132.867102,0,18.114033,20.263389,-0.044470,0.000000,0.000000,0.000000,0.000000,0.000000,0.000000,0.000000,0.000000,0.000000,0.000000,0.000000,0.000000,1,0
1789801132.967067,0,18.114033,20.263389,-0.044470,0.000000,0.000000,0.000000,0.000000,0.000000,0.000000,0.000000,0.000000,0.000000,0.000000,0.000000,0.000000,1,0
1789801133.067088,0,18.114033,20.263389,-0.044470,0.000000,0.000000,0.000000,0.000000,0.000000,0.000000,0.000000,0.000000,0.000000,0.000000,0.000000,0.000000,1,0
1789801133.167073,0,18.114033,20.263389,-0.044470,0.000000,0.000000,0.000000,0.000000,0.000000,0.000000,0.000000,0.000000,0.000000,0.000000,0.000000,0.000000,1,0
1789801133.267005,0,18.114033,20.263389,-0.044470,0.000000,0.000000,0.000000,0.000000,0.000000,0.000000,0.000000,0.000000,0.000000,0.000000,0.000000,0.000000,1,0
1789801133.367091,0,18.114033,20.263389,-0.044470,0.000000,0.000000,0.000000,0.000000,0.000000,0.000000,0.000000,0.000000,0.000000,0.000000,0.000000,0.000000,1,0
1789801133.467063,0,18.114033,20.263389,-0.044470,0.000000,0.000000,0.000000,0.000000,0.000000,0.000000,0.000000,0.000000,0.000000,0.000000,0.000000,0.000000,1,0
1789801133.567026,0,18.114033,20.263389,-0.044470,0.000000,0.000000,0.000000,0.000000,0.000000,0.000000,0.000000,0.000000,0.000000,0.000000,0.000000,0.000000,1,0
1789801133.667054,0,18.114033,20.263389,-0.044470,0.000000,0.000000,0.000000,0.000000,0.000000,0.000000,0.000000,0.000000,0.000000,0.000000,0.000000,0.000000,1,0
1789801133.767092,0,18.114033,20.263389,-0.044470,0.000000,0.000000,0.000000,0.000000,0.000000,0.000000,0.000000,0.000000,0.000000,0.000000,0.000000,0.000000,1,0
1789801133.867014,0,18.114033,20.263389,-0.044470,0.000000,0.000000,0.000000,0.000000,0.000000,0.000000,0.000000,0.000000,0.000000,0.000000,0.000000,0.000000,1,0
1789801133.967002,0,18.114033,20.263389,-0.044470,0.000000,0.000000,0.000000,0.000000,0.000000,0.000000,0.000000,0.000000,0.000000,0.000000,0.000000,0.000000,1,0
1789801134.066991,0,18.114033,20.263389,-0.044470,0.000000,0.000000,0.000000,0.000000,0.000000,0.000000,0.000000,0.000000,0.000000,0.000000,0.000000,0.000000,1,0
1789801134.166949,0,18.114033,20.263389,-0.044470,0.000000,0.000000,0.000000,0.000000,0.000000,0.000000,0.000000,0.000000,0.000000,0.000000,0.000000,0.000000,1,0
1789801134.266924,0,18.114033,20.263389,-0.044470,0.000000,0.000000,0.000000,0.000000,0.000000,0.000000,0.000000,0.000000,0.000000,0.000000,0.000000,0.000000,1,0
1789801134.366904,0,18.114033,20.263389,-0.044470,0.000000,0.000000,0.000000,0.000000,0.000000,0.000000,0.000000,0.000000,0.000000,0.000000,0.000000,0.000000,1,0
1789801134.466939,0,18.114033,20.263389,-0.044470,0.000000,0.000000,0.000000,0.000000,0.000000,0.000000,0.000000,0.000000,0.000000,0.000000,0.000000,0.000000,1,0
1789801134.566929,0,18.114033,20.263389,-0.044470,0.000000,0.000000,0.000000,0.000000,0.000000,0.000000,0.000000,0.000000,0.000000,0.000000,0.000000,0.000000,1,0
1789801134.666977,0,18.114033,20.263389,-0.044470,0.000000,0.000000,0.000000,0.000000,0.000000,0.000000,0.000000,0.000000,0.000000,0.000000,0.000000,0.000000,1,0
1789801134.766882,0,18.114033,20.263389,-0.044470,0.000000,0.000000,0.000000,0.000000,0.000000,0.000000,0.000000,0.000000,0.000000,0.000000,0.000000,0.000000,1,0
1789801134.866887,0,18.114033,20.263389,-0.044470,0.000000,0.000000,0.000000,0.000000,0.000000,0.000000,0.000000,0.000000,0.000000,0.000000,0.000000,0.000000,1,0
1789801134.966885,0,18.114033,20.263389,-0.044470,0.000000,0.000000,0.000000,0.000000,0.000000,0.000000,0.000000,0.000000,0.000000,0.000000,0.000000,0.000000,1,0
1789801135.066985,0,18.114033,20.263389,-0.044470,0.000000,0.000000,0.000000,0.000000,0.000000,0.000000,0.000000,0.000000,0.000000,0.000000,0.000000,0.000000,1,0
1789801135.166865,0,18.114033,20.263389,-0.044470,0.000000,0.000000,0.000000,0.000000,0.000000,0.000000,0.000000,0.000000,0.000000,0.000000,0.000000,0.000000,1,0
1789801135.266856,0,18.114033,20.263389,-0.044470,0.000000,0.000000,0.000000,0.000000,0.000000,0.000000,0.000000,0.000000,0.000000,0.000000,0.000000,0.000000,1,0
1789801135.366861,0,18.114033,20.263389,-0.044470,0.000000,0.000000,0.000000,0.000000,0.000000,0.000000,0.000000,0.000000,0.000000,0.000000,0.000000,0.000000,1,0
1789801135.466794,0,18.114033,20.263389,-0.044470,0.000000,0.000000,0.000000,0.000000,0.000000,0.000000,0.000000,0.000000,0.000000,0.000000,0.000000,0.000000,1,0
1789801135.566836,0,18.114033,20.263389,-0.044470,0.000000,0.000000,0.000000,0.000000,0.000000,0.000000,0.000000,0.000000,0.000000,0.000000,0.000000,0.000000,1,0
1789801135.666764,0,18.114033,20.263389,-0.044470,0.000000,0.000000,0.000000,0.000000,0.000000,0.000000,0.000000,0.000000,0.000000,0.000000,0.000000,0.000000,1,0
1789801135.766794,0,18.114033,20.263389,-0.044470,0.000000,0.000000,0.000000,0.000000,0.000000,0.000000,0.000000,0.000000,0.000000,0.000000,0.000000,0.000000,1,0
1789801135.866781,0,18.114033,20.263389,-0.044470,0.000000,0.000000,0.000000,0.000000,0.000000,0.000000,0.000000,0.000000,0.000000,0.000000,0.000000,0.000000,1,0
1789801135.966804,0,18.114033,20.263389,-0.044470,0.000000,0.000000,0.000000,0.000000,0.000000,0.000000,0.000000,0.000000,0.000000,0.000000,0.000000,0.000000,1,0
1789801136.066777,0,18.114033,20.263389,-0.044470,0.000000,0.000000,0.000000,0.000000,0.000000,0.000000,0.000000,0.000000,0.000000,0.000000,0.000000,0.000000,1,0
1789801136.166795,0,18.114033,20.263389,-0.044470,0.000000,0.000000,0.000000,0.000000,0.000000,0.000000,0.000000,0.000000,0.000000,0.000000,0.000000,0.000000,1,0
1789801136.266854,0,18.114033,20.263389,-0.044470,0.000000,0.000000,0.000000,0.000000,0.000000,0.000000,0.000000,0.000000,0.000000,0.000000,0.000000,0.000000,1,0
1789801136.366771,0,18.114033,20.263389,-0.044470,0.000000,0.000000,0.000000,0.000000,0.000000,0.000000,0.000000,0.000000,0.000000,0.000000,0.000000,0.000000,1,0
1789801136.466751,0,18.114033,20.263389,-0.044470,0.000000,0.000000,0.000000,0.000000,0.000000,0.000000,0.000000,0.000000,0.000000,0.000000,0.000000,0.000000,1,0
1789801136.568046,0,18.114033,20.263389,-0.044470,0.000000,0.000000,0.000000,0.000000,0.000000,0.000000,0.000000,0.000000,0.000000,0.000000,0.000000,0.000000,1,0
1789801136.666704,0,18.114033,20.263389,-0.044470,0.000000,0.000000,0.000000,0.000000,0.000000,0.000000,0.000000,0.000000,0.000000,0.000000,0.000000,0.000000,1,0
1789801136.766734,0,18.114033,20.263389,-0.044470,0.000000,0.000000,0.000000,0.000000,0.000000,0.000000,0.000000,0.000000,0.000000,0.000000,0.000000,0.000000,1,0
1789801136.866705,0,18.114033,20.263389,-0.044470,0.000000,0.000000,0.000000,0.000000,0.000000,0.000000,0.000000,0.000000,0.000000,0.000000,0.000000,0.000000,1,0
1789801136.966693,0,18.114033,20.263389,-0.044470,0.000000,0.000000,0.000000,0.000000,0.000000,0.000000,0.000000,0.000000,0.000000,0.000000,0.000000,0.000000,1,0
1789801137.066797,0,18.114033,20.263389,-0.044470,0.000000,0.000000,0.000000,0.000000,0.000000,0.000000,0.000000,0.000000,0.000000,0.000000,0.000000,0.000000,1,0
1789801137.166674,0,18.114033,20.263389,-0.044470,0.000000,0.000000,0.000000,0.000000,0.000000,0.000000,0.000000,0.000000,0.000000,0.000000,0.000000,0.000000,1,0
1789801137.266680,0,18.114033,20.263389,-0.044470,0.000000,0.000000,0.000000,0.000000,0.000000,0.000000,0.000000,0.000000,0.000000,0.000000,0.000000,0.000000,1,0
1789801137.366631,0,18.114033,20.263389,-0.044470,0.000000,0.000000,0.000000,0.000000,0.000000,0.000000,0.000000,0.000000,0.000000,0.000000,0.000000,0.000000,1,0
1789801137.466643,0,18.114033,20.263389,-0.044470,0.000000,0.000000,0.000000,0.000000,0.000000,0.000000,0.000000,0.000000,0.000000,0.000000,0.000000,0.000000,1,0
1789801137.566636,0,18.114033,20.263389,-0.044470,0.000000,0.000000,0.000000,0.000000,0.000000,0.000000,0.000000,0.000000,0.000000,0.000000,0.000000,0.000000,1,0
1789801137.666620,0,18.114033,20.263389,-0.044470,0.000000,0.000000,0.000000,0.000000,0.000000,0.000000,0.000000,0.000000,0.000000,0.000000,0.000000,0.000000,1,0
1789801137.766599,0,18.114033,20.263389,-0.044470,0.000000,0.000000,0.000000,0.000000,0.000000,0.000000,0.000000,0.000000,0.000000,0.000000,0.000000,0.000000,1,0
1789801137.866585,0,18.114033,20.263389,-0.044470,0.000000,0.000000,0.000000,0.000000,0.000000,0.000000,0.000000,0.000000,0.000000,0.000000,0.000000,0.000000,1,0
1789801137.966574,0,18.114033,20.263389,-0.044470,0.000000,0.000000,0.000000,0.000000,0.000000,0.000000,0.000000,0.000000,0.000000,0.000000,0.000000,0.000000,1,0
1789801138.066582,0,18.114033,20.263389,-0.044470,0.000000,0.000000,0.000000,0.000000,0.000000,0.000000,0.000000,0.000000,0.000000,0.000000,0.000000,0.000000,1,0
1789801138.166595,0,18.114033,20.263389,-0.044470,0.000000,0.000000,0.000000,0.000000,0.000000,0.000000,0.000000,0.000000,0.000000,0.000000,0.000000,0.000000,1,0
1789801138.266574,0,18.114033,20.263389,-0.044470,0.000000,0.000000,0.000000,0.000000,0.000000,0.000000,0.000000,0.000000,0.000000,0.000000,0.000000,0.000000,1,0
1789801138.366522,0,18.073815,20.075338,-0.022550,0.000000,0.000000,0.000000,0.000000,0.000000,0.000000,0.000000,0.000000,0.000000,0.000000,0.000000,0.000000,1,0
1789801138.466566,0,18.073815,20.075338,-0.022550,0.000000,0.000000,0.000000,0.000000,0.000000,0.000000,0.000000,0.000000,0.000000,0.000000,0.000000,0.000000,1,0
1789801138.566511,0,18.073815,20.075338,-0.022550,0.000000,0.000000,0.000000,0.000000,0.000000,0.000000,0.000000,0.000000,0.000000,0.000000,0.000000,0.000000,1,0
1789801138.666512,0,18.073815,20.075338,-0.022550,0.000000,0.000000,0.000000,0.000000,0.000000,0.000000,0.000000,0.000000,0.000000,0.000000,0.000000,0.000000,1,0
1789801138.767220,0,18.073815,20.075338,-0.022550,0.000000,0.000000,0.000000,0.000000,0.000000,0.000000,0.000000,0.000000,0.000000,0.000000,0.000000,0.000000,1,0
1789801138.866483,0,18.073815,20.075338,-0.022550,0.000000,0.000000,0.000000,0.000000,0.000000,0.000000,0.000000,0.000000,0.000000,0.000000,0.000000,0.000000,1,0
1789801138.966500,0,18.073815,20.075338,-0.022550,0.000000,0.000000,0.000000,0.000000,0.000000,0.000000,0.000000,0.000000,0.000000,0.000000,0.000000,0.000000,1,0
1789801139.066472,0,18.073815,20.075338,-0.022550,0.000000,0.000000,0.000000,0.000000,0.000000,0.000000,0.000000,0.000000,0.000000,0.000000,0.000000,0.000000,1,0
1789801139.166502,0,18.073815,20.075338,-0.022550,0.000000,0.000000,0.000000,0.000000,0.000000,0.000000,0.000000,0.000000,0.000000,0.000000,0.000000,0.000000,1,0
1789801139.266508,0,18.073815,20.075338,-0.022550,0.000000,0.000000,0.000000,0.000000,0.000000,0.000000,0.000000,0.000000,0.000000,0.000000,0.000000,0.000000,1,0
1789801139.366466,0,18.073815,20.075338,-0.022550,0.000000,0.000000,0.000000,0.000000,0.000000,0.000000,0.000000,0.000000,0.000000,0.000000,0.000000,0.000000,1,0
1789801139.466444,0,18.073815,20.075338,-0.022550,0.000000,0.000000,0.000000,0.000000,0.000000,0.000000,0.000000,0.000000,0.000000,0.000000,0.000000,0.000000,1,0
1789801139.566827,0,18.073815,20.075338,-0.022550,0.000000,0.000000,0.000000,0.000000,0.000000,0.000000,0.000000,0.000000,0.000000,0.000000,0.000000,0.000000,1,0
1789801139.666450,0,18.073815,20.075338,-0.022550,0.000000,0.000000,0.000000,0.000000,0.000000,0.000000,0.000000,0.000000,0.000000,0.000000,0.000000,0.000000,1,0
1789801139.766474,0,18.073815,20.075338,-0.022550,0.000000,0.000000,0.000000,0.000000,0.000000,0.000000,0.000000,0.000000,0.000000,0.000000,0.000000,0.000000,1,0
1789801139.866338,0,18.073815,20.075338,-0.022550,0.000000,0.000000,0.000000,0.000000,0.000000,0.000000,0.000000,0.000000,0.000000,0.000000,0.000000,0.000000,1,0
1789801139.966399,0,18.073815,20.075338,-0.022550,0.000000,0.000000,0.000000,0.000000,0.000000,0.000000,0.000000,0.000000,0.000000,0.000000,0.000000,0.000000,1,0
1789801140.066396,0,18.073815,20.075338,-0.022550,0.000000,0.000000,0.000000,0.000000,0.000000,0.000000,0.000000,0.000000,0.000000,0.000000,0.000000,0.000000,1,0
1789801140.166383,0,18.073815,20.075338,-0.022550,0.000000,0.000000,0.000000,0.000000,0.000000,0.000000,0.000000,0.000000,0.000000,0.000000,0.000000,0.000000,1,0
1789801140.266381,0,18.073815,20.075338,-0.022550,0.000000,0.000000,0.000000,0.000000,0.000000,0.000000,0.000000,0.000000,0.000000,0.000000,0.000000,0.000000,1,0
1789801140.366340,0,18.073815,20.075338,-0.022550,0.000000,0.000000,0.000000,0.000000,0.000000,0.000000,0.000000,0.000000,0.000000,0.000000,0.000000,0.000000,1,0
1789801140.466433,0,18.073815,20.075338,-0.022550,0.000000,0.000000,0.000000,0.000000,0.000000,0.000000,0.000000,0.000000,0.000000,0.000000,0.000000,0.000000,1,0
1789801140.566334,0,18.073815,20.075338,-0.022550,0.000000,0.000000,0.000000,0.000000,0.000000,0.000000,0.000000,0.000000,0.000000,0.000000,0.000000,0.000000,1,0
1789801140.666375,0,18.073815,20.075338,-0.022550,0.000000,0.000000,0.000000,0.000000,0.000000,0.000000,0.000000,0.000000,0.000000,0.000000,0.000000,0.000000,1,0
1789801140.766304,0,18.073815,20.075338,-0.022550,0.000000,0.000000,0.000000,0.000000,0.000000,0.000000,0.000000,0.000000,0.000000,0.000000,0.000000,0.000000,1,0
1789801140.866305,0,18.073815,20.075338,-0.022550,0.000000,0.000000,0.000000,0.000000,0.000000,0.000000,0.000000,0.000000,0.000000,0.000000,0.000000,0.000000,1,0
1789801140.966327,0,18.073815,20.075338,-0.022550,0.000000,0.000000,0.000000,0.000000,0.000000,0.000000,0.000000,0.000000,0.000000,0.000000,0.000000,0.000000,1,0
1789801141.066295,0,18.073815,20.075338,-0.022550,0.000000,0.000000,0.000000,0.000000,0.000000,0.000000,0.000000,0.000000,0.000000,0.000000,0.000000,0.000000,1,0
1789801141.166472,0,18.073815,20.075338,-0.022550,0.000000,0.000000,0.000000,0.000000,0.000000,0.000000,0.000000,0.000000,0.000000,0.000000,0.000000,0.000000,1,0
1789801141.266253,0,18.073815,20.075338,-0.022550,0.000000,0.000000,0.000000,0.000000,0.000000,0.000000,0.000000,0.000000,0.000000,0.000000,0.000000,0.000000,1,0
1789801141.366266,0,18.073815,20.075338,-0.022550,0.000000,0.000000,0.000000,0.000000,0.000000,0.000000,0.000000,0.000000,0.000000,0.000000,0.000000,0.000000,1,0
1789801141.466239,0,18.073815,20.075338,-0.022550,0.000000,0.000000,0.000000,0.000000,0.000000,0.000000,0.000000,0.000000,0.000000,0.000000,0.000000,0.000000,1,0
1789801141.566253,0,18.073815,20.075338,-0.022550,0.000000,0.000000,0.000000,0.000000,0.000000,0.000000,0.000000,0.000000,0.000000,0.000000,0.000000,0.000000,1,0
1789801141.666239,0,18.073815,20.075338,-0.022550,0.000000,0.000000,0.000000,0.000000,0.000000,0.000000,0.000000,0.000000,0.000000,0.000000,0.000000,0.000000,1,0
1789801141.766891,0,18.073815,20.075338,-0.022550,0.000000,0.000000,0.000000,0.000000,0.000000,0.000000,0.000000,0.000000,0.000000,0.000000,0.000000,0.000000,1,0
1789801141.866203,0,18.073815,20.075338,-0.022550,0.000000,0.000000,0.000000,0.000000,0.000000,0.000000,0.000000,0.000000,0.000000,0.000000,0.000000,0.000000,1,0
1789801141.966237,0,18.073815,20.075338,-0.022550,0.000000,0.000000,0.000000,0.000000,0.000000,0.000000,0.000000,0.000000,0.000000,0.000000,0.000000,0.000000,1,0
1789801142.066226,0,18.073815,20.075338,-0.022550,0.000000,0.000000,0.000000,0.000000,0.000000,0.000000,0.000000,0.000000,0.000000,0.000000,0.000000,0.000000,1,0
1789801142.166166,0,18.073815,20.075338,-0.022550,0.000000,0.000000,0.000000,0.000000,0.000000,0.000000,0.000000,0.000000,0.000000,0.000000,0.000000,0.000000,1,0
1789801142.266214,0,18.073815,20.075338,-0.022550,0.000000,0.000000,0.000000,0.000000,0.000000,0.000000,0.000000,0.000000,0.000000,0.000000,0.000000,0.000000,1,0
1789801142.366165,0,18.073815,20.075338,-0.022550,0.000000,0.000000,0.000000,0.000000,0.000000,0.000000,0.000000,0.000000,0.000000,0.000000,0.000000,0.000000,1,0
1789801142.466145,0,18.073815,20.075338,-0.022550,0.000000,0.000000,0.000000,0.000000,0.000000,0.000000,0.000000,0.000000,0.000000,0.000000,0.000000,0.000000,1,0
1789801142.566188,0,18.073815,20.075338,-0.022550,0.000000,0.000000,0.000000,0.000000,0.000000,0.000000,0.000000,0.000000,0.000000,0.000000,0.000000,0.000000,1,0
1789801142.666174,0,18.073815,20.075338,-0.022550,0.000000,0.000000,0.000000,0.000000,0.000000,0.000000,0.000000,0.000000,0.000000,0.000000,0.000000,0.000000,1,0
1789801142.766186,0,18.073815,20.075338,-0.022550,0.000000,0.000000,0.000000,0.000000,0.000000,0.000000,0.000000,0.000000,0.000000,0.000000,0.000000,0.000000,1,0
1789801142.866171,0,18.073815,20.075338,-0.022550,0.000000,0.000000,0.000000,0.000000,0.000000,0.000000,0.000000,0.000000,0.000000,0.000000,0.000000,0.000000,1,0
1789801142.966135,0,18.073815,20.075338,-0.022550,0.000000,0.000000,0.000000,0.000000,0.000000,0.000000,0.000000,0.000000,0.000000,0.000000,0.000000,0.000000,1,0
1789801143.066159,0,18.073815,20.075338,-0.022550,0.000000,0.000000,0.000000,0.000000,0.000000,0.000000,0.000000,0.000000,0.000000,0.000000,0.000000,0.000000,1,0
1789801143.166174,0,18.073815,20.075338,-0.022550,0.000000,0.000000,0.000000,0.000000,0.000000,0.000000,0.000000,0.000000,0.000000,0.000000,0.000000,0.000000,1,0
1789801143.266155,0,18.073815,20.075338,-0.022550,0.000000,0.000000,0.000000,0.000000,0.000000,0.000000,0.000000,0.000000,0.000000,0.000000,0.000000,0.000000,1,0
1789801143.366128,0,18.073815,20.075338,-0.022550,0.000000,0.000000,0.000000,0.000000,0.000000,0.000000,0.000000,0.000000,0.000000,0.000000,0.000000,0.000000,1,0
1789801143.466111,0,18.073815,20.075338,-0.022550,0.000000,0.000000,0.000000,0.000000,0.000000,0.000000,0.000000,0.000000,0.000000,0.000000,0.000000,0.000000,1,0
1789801143.566116,0,18.073815,20.075338,-0.022550,0.000000,0.000000,0.000000,0.000000,0.000000,0.000000,0.000000,0.000000,0.000000,0.000000,0.000000,0.000000,1,0
1789801143.666314,0,18.073815,20.075338,-0.022550,0.000000,0.000000,0.000000,0.000000,0.000000,0.000000,0.000000,0.000000,0.000000,0.000000,0.000000,0.000000,1,0
1789801143.766097,0,18.073815,20.075338,-0.022550,0.000000,0.000000,0.000000,0.000000,0.000000,0.000000,0.000000,0.000000,0.000000,0.000000,0.000000,0.000000,1,0
1789801143.866135,0,18.073815,20.075338,-0.022550,0.000000,0.000000,0.000000,0.000000,0.000000,0.000000,0.000000,0.000000,0.000000,0.000000,0.000000,0.000000,1,0
1789801143.966130,0,18.073815,20.075338,-0.022550,0.000000,0.000000,0.000000,0.000000,0.000000,0.000000,0.000000,0.000000,0.000000,0.000000,0.000000,0.000000,1,0
1789801144.066059,0,18.073815,20.075338,-0.022550,0.000000,0.000000,0.000000,0.000000,0.000000,0.000000,0.000000,0.000000,0.000000,0.000000,0.000000,0.000000,1,0
1789801144.166049,0,18.073815,20.075338,-0.022550,0.000000,0.000000,0.000000,0.000000,0.000000,0.000000,0.000000,0.000000,0.000000,0.000000,0.000000,0.000000,1,0
1789801144.265954,0,18.073815,20.075338,-0.022550,0.000000,0.000000,0.000000,0.000000,0.000000,0.000000,0.000000,0.000000,0.000000,0.000000,0.000000,0.000000,1,0
1789801144.365943,0,18.073815,20.075338,-0.022550,0.000000,0.000000,0.000000,0.000000,0.000000,0.000000,0.000000,0.000000,0.000000,0.000000,0.000000,0.000000,1,0
1789801144.465978,0,18.073815,20.075338,-0.022550,0.000000,0.000000,0.000000,0.000000,0.000000,0.000000,0.000000,0.000000,0.000000,0.000000,0.000000,0.000000,1,0
1789801144.565968,0,18.073815,20.075338,-0.022550,0.000000,0.000000,0.000000,0.000000,0.000000,0.000000,0.000000,0.000000,0.000000,0.000000,0.000000,0.000000,1,0
1789801144.666044,0,18.117752,20.146801,0.022035,0.000000,0.000000,0.000000,0.000000,0.000000,0.000000,0.000000,0.000000,0.000000,0.000000,0.000000,0.000000,1,0
1789801144.765916,0,18.077369,20.112478,-0.001803,0.000000,0.000000,0.000000,0.000000,0.000000,0.000000,0.000000,0.000000,0.000000,0.000000,0.000000,0.000000,1,0
1789801144.865919,0,18.077369,20.112478,-0.001803,0.000000,0.000000,0.000000,0.000000,0.000000,0.000000,0.000000,0.000000,0.000000,0.000000,0.000000,0.000000,1,0
1789801144.965906,0,18.077369,20.112478,-0.001803,0.000000,0.000000,0.000000,0.000000,0.000000,0.000000,0.000000,0.000000,0.000000,0.000000,0.000000,0.000000,1,0
1789801145.065907,0,18.077369,20.112478,-0.001803,0.000000,0.000000,0.000000,0.000000,0.000000,0.000000,0.000000,0.000000,0.000000,0.000000,0.000000,0.000000,1,0
1789801145.165882,0,18.077369,20.112478,-0.001803,0.000000,0.000000,0.000000,0.000000,0.000000,0.000000,0.000000,0.000000,0.000000,0.000000,0.000000,0.000000,1,0
1789801145.265890,0,18.077369,20.112478,-0.001803,0.000000,0.000000,0.000000,0.000000,0.000000,0.000000,0.000000,0.000000,0.000000,0.000000,0.000000,0.000000,1,0
1789801145.365858,0,18.077369,20.112478,-0.001803,0.000000,0.000000,0.000000,0.000000,0.000000,0.000000,0.000000,0.000000,0.000000,0.000000,0.000000,0.000000,1,0
1789801145.465862,0,18.077369,20.112478,-0.001803,0.000000,0.000000,0.000000,0.000000,0.000000,0.000000,0.000000,0.000000,0.000000,0.000000,0.000000,0.000000,1,0
1789801145.565883,0,18.077369,20.112478,-0.001803,0.000000,0.000000,0.000000,0.000000,0.000000,0.000000,0.000000,0.000000,0.000000,0.000000,0.000000,0.000000,1,0
1789801145.665880,0,18.077369,20.112478,-0.001803,0.000000,0.000000,0.000000,0.000000,0.000000,0.000000,0.000000,0.000000,0.000000,0.000000,0.000000,0.000000,1,0
1789801145.765873,0,18.077369,20.112478,-0.001803,0.000000,0.000000,0.000000,0.000000,0.000000,0.000000,0.000000,0.000000,0.000000,0.000000,0.000000,0.000000,1,0
1789801145.865831,0,18.077369,20.112478,-0.001803,0.000000,0.000000,0.000000,0.000000,0.000000,0.000000,0.000000,0.000000,0.000000,0.000000,0.000000,0.000000,1,0
1789801145.965845,0,18.077369,20.112478,-0.001803,0.000000,0.000000,0.000000,0.000000,0.000000,0.000000,0.000000,0.000000,0.000000,0.000000,0.000000,0.000000,1,0
1789801146.065812,0,18.077369,20.112478,-0.001803,0.000000,0.000000,0.000000,0.000000,0.000000,0.000000,0.000000,0.000000,0.000000,0.000000,0.000000,0.000000,1,0
1789801146.165774,0,18.077369,20.112478,-0.001803,0.000000,0.000000,0.000000,0.000000,0.000000,0.000000,0.000000,0.000000,0.000000,0.000000,0.000000,0.000000,1,0
1789801146.265820,0,18.077369,20.112478,-0.001803,0.000000,0.000000,0.000000,0.000000,0.000000,0.000000,0.000000,0.000000,0.000000,0.000000,0.000000,0.000000,1,0
1789801146.365853,0,18.077369,20.112478,-0.001803,0.000000,0.000000,0.000000,0.000000,0.000000,0.000000,0.000000,0.000000,0.000000,0.000000,0.000000,0.000000,1,0
1789801146.465729,0,18.077369,20.112478,-0.001803,0.000000,0.000000,0.000000,0.000000,0.000000,0.000000,0.000000,0.000000,0.000000,0.000000,0.000000,0.000000,1,0
1789801146.565739,0,18.077369,20.112478,-0.001803,0.000000,0.000000,0.000000,0.000000,0.000000,0.000000,0.000000,0.000000,0.000000,0.000000,0.000000,0.000000,1,0
1789801146.665750,0,18.077369,20.112478,-0.001803,0.000000,0.000000,0.000000,0.000000,0.000000,0.000000,0.000000,0.000000,0.000000,0.000000,0.000000,0.000000,1,0
1789801146.765709,0,18.077369,20.112478,-0.001803,0.000000,0.000000,0.000000,0.000000,0.000000,0.000000,0.000000,0.000000,0.000000,0.000000,0.000000,0.000000,1,0
1789801146.865729,0,18.077369,20.112478,-0.001803,0.000000,0.000000,0.000000,0.000000,0.000000,0.000000,0.000000,0.000000,0.000000,0.000000,0.000000,0.000000,1,0
1789801146.965729,0,18.077369,20.112478,-0.001803,0.000000,0.000000,0.000000,0.000000,0.000000,0.000000,0.000000,0.000000,0.000000,0.000000,0.000000,0.000000,1,0
1789801147.065725,0,18.077369,20.112478,-0.001803,0.000000,0.000000,0.000000,0.000000,0.000000,0.000000,0.000000,0.000000,0.000000,0.000000,0.000000,0.000000,1,0
1789801147.165691,0,18.077369,20.112478,-0.001803,0.000000,0.000000,0.000000,0.000000,0.000000,0.000000,0.000000,0.000000,0.000000,0.000000,0.000000,0.000000,1,0
1789801147.265728,0,18.077369,20.112478,-0.001803,0.000000,0.000000,0.000000,0.000000,0.000000,0.000000,0.000000,0.000000,0.000000,0.000000,0.000000,0.000000,1,0
1789801147.365707,0,18.077369,20.112478,-0.001803,0.000000,0.000000,0.000000,0.000000,0.000000,0.000000,0.000000,0.000000,0.000000,0.000000,0.000000,0.000000,1,0
1789801147.465700,0,18.077369,20.112478,-0.001803,0.000000,0.000000,0.000000,0.000000,0.000000,0.000000,0.000000,0.000000,0.000000,0.000000,0.000000,0.000000,1,0
1789801147.565687,0,18.077369,20.112478,-0.001803,0.000000,0.000000,0.000000,0.000000,0.000000,0.000000,0.000000,0.000000,0.000000,0.000000,0.000000,0.000000,1,0
1789801147.665669,0,18.077369,20.112478,-0.001803,0.000000,0.000000,0.000000,0.000000,0.000000,0.000000,0.000000,0.000000,0.000000,0.000000,0.000000,0.000000,1,0
1789801147.765669,0,18.077369,20.112478,-0.001803,0.000000,0.000000,0.000000,0.000000,0.000000,0.000000,0.000000,0.000000,0.000000,0.000000,0.000000,0.000000,1,0
1789801147.865655,0,18.077369,20.112478,-0.001803,0.000000,0.000000,0.000000,0.000000,0.000000,0.000000,0.000000,0.000000,0.000000,0.000000,0.000000,0.000000,1,0
1789801147.965612,0,18.077369,20.112478,-0.001803,0.000000,0.000000,0.000000,0.000000,0.000000,0.000000,0.000000,0.000000,0.000000,0.000000,0.000000,0.000000,1,0
1789801148.065637,0,18.077369,20.112478,-0.001803,0.000000,0.000000,0.000000,0.000000,0.000000,0.000000,0.000000,0.000000,0.000000,0.000000,0.000000,0.000000,1,0
1789801148.165609,0,18.077369,20.112478,-0.001803,0.000000,0.000000,0.000000,0.000000,0.000000,0.000000,0.000000,0.000000,0.000000,0.000000,0.000000,0.000000,1,0
1789801148.265613,0,18.077369,20.112478,-0.001803,0.000000,0.000000,0.000000,0.000000,0.000000,0.000000,0.000000,0.000000,0.000000,0.000000,0.000000,0.000000,1,0
1789801148.365593,0,18.077369,20.112478,-0.001803,0.000000,0.000000,0.000000,0.000000,0.000000,0.000000,0.000000,0.000000,0.000000,0.000000,0.000000,0.000000,1,0
1789801148.465592,0,18.077369,20.112478,-0.001803,0.000000,0.000000,0.000000,0.000000,0.000000,0.000000,0.000000,0.000000,0.000000,0.000000,0.000000,0.000000,1,0
1789801148.565545,0,18.077369,20.112478,-0.001803,0.000000,0.000000,0.000000,0.000000,0.000000,0.000000,0.000000,0.000000,0.000000,0.000000,0.000000,0.000000,1,0
1789801148.665541,0,18.077369,20.112478,-0.001803,0.000000,0.000000,0.000000,0.000000,0.000000,0.000000,0.000000,0.000000,0.000000,0.000000,0.000000,0.000000,1,0
1789801148.765563,0,18.077369,20.112478,-0.001803,0.000000,0.000000,0.000000,0.000000,0.000000,0.000000,0.000000,0.000000,0.000000,0.000000,0.000000,0.000000,1,0
1789801148.865474,0,18.077369,20.112478,-0.001803,0.000000,0.000000,0.000000,0.000000,0.000000,0.000000,0.000000,0.000000,0.000000,0.000000,0.000000,0.000000,1,0
1789801148.965528,0,18.077369,20.112478,-0.001803,0.000000,0.000000,0.000000,0.000000,0.000000,0.000000,0.000000,0.000000,0.000000,0.000000,0.000000,0.000000,1,0
1789801149.065555,0,18.077369,20.112478,-0.001803,0.000000,0.000000,0.000000,0.000000,0.000000,0.000000,0.000000,0.000000,0.000000,0.000000,0.000000,0.000000,1,0
1789801149.165554,0,18.077369,20.112478,-0.001803,0.000000,0.000000,0.000000,0.000000,0.000000,0.000000,0.000000,0.000000,0.000000,0.000000,0.000000,0.000000,1,0
1789801149.265495,0,18.077369,20.112478,-0.001803,0.000000,0.000000,0.000000,0.000000,0.000000,0.000000,0.000000,0.000000,0.000000,0.000000,0.000000,0.000000,1,0
1789801149.365521,0,18.077369,20.112478,-0.001803,0.000000,0.000000,0.000000,0.000000,0.000000,0.000000,0.000000,0.000000,0.000000,0.000000,0.000000,0.000000,1,0
1789801149.465506,0,18.077369,20.112478,-0.001803,0.000000,0.000000,0.000000,0.000000,0.000000,0.000000,0.000000,0.000000,0.000000,0.000000,0.000000,0.000000,1,0
1789801149.565490,0,18.077369,20.112478,-0.001803,0.000000,0.000000,0.000000,0.000000,0.000000,0.000000,0.000000,0.000000,0.000000,0.000000,0.000000,0.000000,1,0
1789801149.665460,0,18.077369,20.112478,-0.001803,0.000000,0.000000,0.000000,0.000000,0.000000,0.000000,0.000000,0.000000,0.000000,0.000000,0.000000,0.000000,1,0
1789801149.765422,0,18.077369,20.112478,-0.001803,0.000000,0.000000,0.000000,0.000000,0.000000,0.000000,0.000000,0.000000,0.000000,0.000000,0.000000,0.000000,1,0
1789801149.865439,0,18.077369,20.112478,-0.001803,0.000000,0.000000,0.000000,0.000000,0.000000,0.000000,0.000000,0.000000,0.000000,0.000000,0.000000,0.000000,1,0
1789801149.965431,0,18.077369,20.112478,-0.001803,0.000000,0.000000,0.000000,0.000000,0.000000,0.000000,0.000000,0.000000,0.000000,0.000000,0.000000,0.000000,1,0
1789801150.065440,0,18.077369,20.112478,-0.001803,0.000000,0.000000,0.000000,0.000000,0.000000,0.000000,0.000000,0.000000,0.000000,0.000000,0.000000,0.000000,1,0
1789801150.165402,0,18.077369,20.112478,-0.001803,0.000000,0.000000,0.000000,0.000000,0.000000,0.000000,0.000000,0.000000,0.000000,0.000000,0.000000,0.000000,1,0
1789801150.265423,0,18.077369,20.112478,-0.001803,0.000000,0.000000,0.000000,0.000000,0.000000,0.000000,0.000000,0.000000,0.000000,0.000000,0.000000,0.000000,1,0
1789801150.365406,0,18.216526,20.145891,0.043379,0.000000,0.000000,0.000000,0.000000,0.000000,0.000000,0.000000,0.000000,0.000000,0.000000,0.000000,0.000000,1,0
1789801150.465356,0,18.142648,20.127356,0.021543,0.000000,0.000000,0.000000,0.000000,0.000000,0.000000,0.000000,0.000000,0.000000,0.000000,0.000000,0.000000,1,0
1789801150.565375,0,18.142648,20.127356,0.021543,0.000000,0.000000,0.000000,0.000000,0.000000,0.000000,0.000000,0.000000,0.000000,0.000000,0.000000,0.000000,1,0
1789801150.665362,0,18.142648,20.127356,0.021543,0.000000,0.000000,0.000000,0.000000,0.000000,0.000000,0.000000,0.000000,0.000000,0.000000,0.000000,0.000000,1,0
1789801150.765389,0,18.142648,20.127356,0.021543,0.000000,0.000000,0.000000,0.000000,0.000000,0.000000,0.000000,0.000000,0.000000,0.000000,0.000000,0.000000,1,0
1789801150.865337,0,18.142648,20.127356,0.021543,0.000000,0.000000,0.000000,0.000000,0.000000,0.000000,0.000000,0.000000,0.000000,0.000000,0.000000,0.000000,1,0
1789801150.965320,0,18.142648,20.127356,0.021543,0.000000,0.000000,0.000000,0.000000,0.000000,0.000000,0.000000,0.000000,0.000000,0.000000,0.000000,0.000000,1,0
1789801151.065335,0,18.142648,20.127356,0.021543,0.000000,0.000000,0.000000,0.000000,0.000000,0.000000,0.000000,0.000000,0.000000,0.000000,0.000000,0.000000,1,0
1789801151.165262,0,18.142648,20.127356,0.021543,0.000000,0.000000,0.000000,0.000000,0.000000,0.000000,0.000000,0.000000,0.000000,0.000000,0.000000,0.000000,1,0
1789801151.265299,0,18.142648,20.127356,0.021543,0.000000,0.000000,0.000000,0.000000,0.000000,0.000000,0.000000,0.000000,0.000000,0.000000,0.000000,0.000000,1,0
1789801151.365304,0,18.142648,20.127356,0.021543,0.000000,0.000000,0.000000,0.000000,0.000000,0.000000,0.000000,0.000000,0.000000,0.000000,0.000000,0.000000,1,0
1789801151.465304,0,18.142648,20.127356,0.021543,0.000000,0.000000,0.000000,0.000000,0.000000,0.000000,0.000000,0.000000,0.000000,0.000000,0.000000,0.000000,1,0
1789801151.565274,0,18.142648,20.127356,0.021543,0.000000,0.000000,0.000000,0.000000,0.000000,0.000000,0.000000,0.000000,0.000000,0.000000,0.000000,0.000000,1,0
1789801151.665299,0,18.142648,20.127356,0.021543,0.000000,0.000000,0.000000,0.000000,0.000000,0.000000,0.000000,0.000000,0.000000,0.000000,0.000000,0.000000,1,0
1789801151.765289,0,18.142648,20.127356,0.021543,0.000000,0.000000,0.000000,0.000000,0.000000,0.000000,0.000000,0.000000,0.000000,0.000000,0.000000,0.000000,1,0
1789801151.865280,0,18.142648,20.127356,0.021543,0.000000,0.000000,0.000000,0.000000,0.000000,0.000000,0.000000,0.000000,0.000000,0.000000,0.000000,0.000000,1,0
1789801151.965266,0,18.142648,20.127356,0.021543,0.000000,0.000000,0.000000,0.000000,0.000000,0.000000,0.000000,0.000000,0.000000,0.000000,0.000000,0.000000,1,0
1789801152.065230,0,18.142648,20.127356,0.021543,0.000000,0.000000,0.000000,0.000000,0.000000,0.000000,0.000000,0.000000,0.000000,0.000000,0.000000,0.000000,1,0
1789801152.165211,0,18.142648,20.127356,0.021543,0.000000,0.000000,0.000000,0.000000,0.000000,0.000000,0.000000,0.000000,0.000000,0.000000,0.000000,0.000000,1,0
1789801152.265213,0,18.142648,20.127356,0.021543,0.000000,0.000000,0.000000,0.000000,0.000000,0.000000,0.000000,0.000000,0.000000,0.000000,0.000000,0.000000,1,0
1789801152.365534,0,18.142648,20.127356,0.021543,0.000000,0.000000,0.000000,0.000000,0.000000,0.000000,0.000000,0.000000,0.000000,0.000000,0.000000,0.000000,1,0
1789801152.465140,0,18.142648,20.127356,0.021543,0.000000,0.000000,0.000000,0.000000,0.000000,0.000000,0.000000,0.000000,0.000000,0.000000,0.000000,0.000000,1,0
1789801152.565157,0,18.142648,20.127356,0.021543,0.000000,0.000000,0.000000,0.000000,0.000000,0.000000,0.000000,0.000000,0.000000,0.000000,0.000000,0.000000,1,0
1789801152.665145,0,18.142648,20.127356,0.021543,0.000000,0.000000,0.000000,0.000000,0.000000,0.000000,0.000000,0.000000,0.000000,0.000000,0.000000,0.000000,1,0
1789801152.765202,0,18.142648,20.127356,0.021543,0.000000,0.000000,0.000000,0.000000,0.000000,0.000000,0.000000,0.000000,0.000000,0.000000,0.000000,0.000000,1,0
1789801152.865177,0,18.142648,20.127356,0.021543,0.000000,0.000000,0.000000,0.000000,0.000000,0.000000,0.000000,0.000000,0.000000,0.000000,0.000000,0.000000,1,0
1789801152.965149,0,18.142648,20.127356,0.021543,0.000000,0.000000,0.000000,0.000000,0.000000,0.000000,0.000000,0.000000,0.000000,0.000000,0.000000,0.000000,1,0
1789801153.065135,0,18.142648,20.127356,0.021543,0.000000,0.000000,0.000000,0.000000,0.000000,0.000000,0.000000,0.000000,0.000000,0.000000,0.000000,0.000000,1,0
1789801153.165109,0,18.142648,20.127356,0.021543,0.000000,0.000000,0.000000,0.000000,0.000000,0.000000,0.000000,0.000000,0.000000,0.000000,0.000000,0.000000,1,0
1789801153.265122,0,18.142648,20.127356,0.021543,0.000000,0.000000,0.000000,0.000000,0.000000,0.000000,0.000000,0.000000,0.000000,0.000000,0.000000,0.000000,1,0
1789801153.365098,0,18.142648,20.127356,0.021543,0.000000,0.000000,0.000000,0.000000,0.000000,0.000000,0.000000,0.000000,0.000000,0.000000,0.000000,0.000000,1,0
1789801153.465106,0,18.142648,20.127356,0.021543,0.000000,0.000000,0.000000,0.000000,0.000000,0.000000,0.000000,0.000000,0.000000,0.000000,0.000000,0.000000,1,0
1789801153.565078,0,18.142648,20.127356,0.021543,0.000000,0.000000,0.000000,0.000000,0.000000,0.000000,0.000000,0.000000,0.000000,0.000000,0.000000,0.000000,1,0
1789801153.665057,0,18.142648,20.127356,0.021543,0.000000,0.000000,0.000000,0.000000,0.000000,0.000000,0.000000,0.000000,0.000000,0.000000,0.000000,0.000000,1,0
1789801153.765040,0,18.142648,20.127356,0.021543,0.000000,0.000000,0.000000,0.000000,0.000000,0.000000,0.000000,0.000000,0.000000,0.000000,0.000000,0.000000,1,0
1789801153.865017,0,18.142648,20.127356,0.021543,0.000000,0.000000,0.000000,0.000000,0.000000,0.000000,0.000000,0.000000,0.000000,0.000000,0.000000,0.000000,1,0
1789801153.965027,0,18.142648,20.127356,0.021543,0.000000,0.000000,0.000000,0.000000,0.000000,0.000000,0.000000,0.000000,0.000000,0.000000,0.000000,0.000000,1,0
1789801154.065043,0,18.142648,20.127356,0.021543,0.000000,0.000000,0.000000,0.000000,0.000000,0.000000,0.000000,0.000000,0.000000,0.000000,0.000000,0.000000,1,0
1789801154.165029,0,18.142648,20.127356,0.021543,0.000000,0.000000,0.000000,0.000000,0.000000,0.000000,0.000000,0.000000,0.000000,0.000000,0.000000,0.000000,1,0
1789801154.265013,0,18.142648,20.127356,0.021543,0.000000,0.000000,0.000000,0.000000,0.000000,0.000000,0.000000,0.000000,0.000000,0.000000,0.000000,0.000000,1,0
1789801154.365009,0,18.142648,20.127356,0.021543,0.000000,0.000000,0.000000,0.000000,0.000000,0.000000,0.000000,0.000000,0.000000,0.000000,0.000000,0.000000,1,0
1789801154.465024,0,18.142648,20.127356,0.021543,0.000000,0.000000,0.000000,0.000000,0.000000,0.000000,0.000000,0.000000,0.000000,0.000000,0.000000,0.000000,1,0
1789801154.565719,0,18.142648,20.127356,0.021543,0.000000,0.000000,0.000000,0.000000,0.000000,0.000000,0.000000,0.000000,0.000000,0.000000,0.000000,0.000000,1,0
1789801154.665002,0,18.142648,20.127356,0.021543,0.000000,0.000000,0.000000,0.000000,0.000000,0.000000,0.000000,0.000000,0.000000,0.000000,0.000000,0.000000,1,0
1789801154.764988,0,18.142648,20.127356,0.021543,0.000000,0.000000,0.000000,0.000000,0.000000,0.000000,0.000000,0.000000,0.000000,0.000000,0.000000,0.000000,1,0
1789801154.864963,0,18.142648,20.127356,0.021543,0.000000,0.000000,0.000000,0.000000,0.000000,0.000000,0.000000,0.000000,0.000000,0.000000,0.000000,0.000000,1,0
1789801154.964958,0,18.142648,20.127356,0.021543,0.000000,0.000000,0.000000,0.000000,0.000000,0.000000,0.000000,0.000000,0.000000,0.000000,0.000000,0.000000,1,0
1789801155.064938,0,18.142648,20.127356,0.021543,0.000000,0.000000,0.000000,0.000000,0.000000,0.000000,0.000000,0.000000,0.000000,0.000000,0.000000,0.000000,1,0
1789801155.164917,0,18.142648,20.127356,0.021543,0.000000,0.000000,0.000000,0.000000,0.000000,0.000000,0.000000,0.000000,0.000000,0.000000,0.000000,0.000000,1,0
1789801155.264875,0,18.142648,20.127356,0.021543,0.000000,0.000000,0.000000,0.000000,0.000000,0.000000,0.000000,0.000000,0.000000,0.000000,0.000000,0.000000,1,0
1789801155.364913,0,18.142648,20.127356,0.021543,0.000000,0.000000,0.000000,0.000000,0.000000,0.000000,0.000000,0.000000,0.000000,0.000000,0.000000,0.000000,1,0
1789801155.464896,0,18.142648,20.127356,0.021543,0.000000,0.000000,0.000000,0.000000,0.000000,0.000000,0.000000,0.000000,0.000000,0.000000,0.000000,0.000000,1,0
1789801155.564864,0,18.142648,20.127356,0.021543,0.000000,0.000000,0.000000,0.000000,0.000000,0.000000,0.000000,0.000000,0.000000,0.000000,0.000000,0.000000,1,0
1789801155.664832,0,18.142648,20.127356,0.021543,0.000000,0.000000,0.000000,0.000000,0.000000,0.000000,0.000000,0.000000,0.000000,0.000000,0.000000,0.000000,1,0
1789801155.764867,0,18.142648,20.127356,0.021543,0.000000,0.000000,0.000000,0.000000,0.000000,0.000000,0.000000,0.000000,0.000000,0.000000,0.000000,0.000000,1,0
1789801155.864874,0,18.142648,20.127356,0.021543,0.000000,0.000000,0.000000,0.000000,0.000000,0.000000,0.000000,0.000000,0.000000,0.000000,0.000000,0.000000,1,0
1789801155.964843,0,18.142648,20.127356,0.021543,0.000000,0.000000,0.000000,0.000000,0.000000,0.000000,0.000000,0.000000,0.000000,0.000000,0.000000,0.000000,1,0
1789801156.064835,0,18.142648,20.127356,0.021543,0.000000,0.000000,0.000000,0.000000,0.000000,0.000000,0.000000,0.000000,0.000000,0.000000,0.000000,0.000000,1,0
1789801156.164814,0,18.142648,20.127356,0.021543,0.000000,0.000000,0.000000,0.000000,0.000000,0.000000,0.000000,0.000000,0.000000,0.000000,0.000000,0.000000,1,0
1789801156.264796,0,18.142648,20.127356,0.021543,0.000000,0.000000,0.000000,0.000000,0.000000,0.000000,0.000000,0.000000,0.000000,0.000000,0.000000,0.000000,1,0
1789801156.364847,0,18.142648,20.127356,0.021543,0.000000,0.000000,0.000000,0.000000,0.000000,0.000000,0.000000,0.000000,0.000000,0.000000,0.000000,0.000000,1,0
1789801156.464797,0,18.142648,20.127356,0.021543,0.000000,0.000000,0.000000,0.000000,0.000000,0.000000,0.000000,0.000000,0.000000,0.000000,0.000000,0.000000,1,0
1789801156.564800,0,18.056707,20.273695,0.032828,0.000000,0.000000,0.000000,0.000000,0.000000,0.000000,0.000000,0.000000,0.000000,0.000000,0.000000,0.000000,1,0
1789801156.664854,0,18.056707,20.273695,0.032828,0.000000,0.000000,0.000000,0.000000,0.000000,0.000000,0.000000,0.000000,0.000000,0.000000,0.000000,0.000000,1,0
1789801156.764758,0,18.056707,20.273695,0.032828,0.000000,0.000000,0.000000,0.000000,0.000000,0.000000,0.000000,0.000000,0.000000,0.000000,0.000000,0.000000,1,0
1789801156.864743,0,18.056707,20.273695,0.032828,0.000000,0.000000,0.000000,0.000000,0.000000,0.000000,0.000000,0.000000,0.000000,0.000000,0.000000,0.000000,1,0
1789801156.964712,0,18.056707,20.273695,0.032828,0.000000,0.000000,0.000000,0.000000,0.000000,0.000000,0.000000,0.000000,0.000000,0.000000,0.000000,0.000000,1,0
1789801157.064760,0,18.056707,20.273695,0.032828,0.000000,0.000000,0.000000,0.000000,0.000000,0.000000,0.000000,0.000000,0.000000,0.000000,0.000000,0.000000,1,0
1789801157.164751,0,18.056707,20.273695,0.032828,0.000000,0.000000,0.000000,0.000000,0.000000,0.000000,0.000000,0.000000,0.000000,0.000000,0.000000,0.000000,1,0
1789801157.264722,0,18.056707,20.273695,0.032828,0.000000,0.000000,0.000000,0.000000,0.000000,0.000000,0.000000,0.000000,0.000000,0.000000,0.000000,0.000000,1,0
1789801157.364732,0,18.056707,20.273695,0.032828,0.000000,0.000000,0.000000,0.000000,0.000000,0.000000,0.000000,0.000000,0.000000,0.000000,0.000000,0.000000,1,0
1789801157.464702,0,18.056707,20.273695,0.032828,0.000000,0.000000,0.000000,0.000000,0.000000,0.000000,0.000000,0.000000,0.000000,0.000000,0.000000,0.000000,1,0
1789801157.564684,0,18.056707,20.273695,0.032828,0.000000,0.000000,0.000000,0.000000,0.000000,0.000000,0.000000,0.000000,0.000000,0.000000,0.000000,0.000000,1,0
1789801157.664732,0,18.056707,20.273695,0.032828,0.000000,0.000000,0.000000,0.000000,0.000000,0.000000,0.000000,0.000000,0.000000,0.000000,0.000000,0.000000,1,0
1789801157.764667,0,18.056707,20.273695,0.032828,0.000000,0.000000,0.000000,0.000000,0.000000,0.000000,0.000000,0.000000,0.000000,0.000000,0.000000,0.000000,1,0
1789801157.864644,0,18.056707,20.273695,0.032828,0.000000,0.000000,0.000000,0.000000,0.000000,0.000000,0.000000,0.000000,0.000000,0.000000,0.000000,0.000000,1,0
1789801157.964631,0,18.056707,20.273695,0.032828,0.000000,0.000000,0.000000,0.000000,0.000000,0.000000,0.000000,0.000000,0.000000,0.000000,0.000000,0.000000,1,0
1789801158.064628,0,18.056707,20.273695,0.032828,0.000000,0.000000,0.000000,0.000000,0.000000,0.000000,0.000000,0.000000,0.000000,0.000000,0.000000,0.000000,1,0
1789801158.164683,0,18.056707,20.273695,0.032828,0.000000,0.000000,0.000000,0.000000,0.000000,0.000000,0.000000,0.000000,0.000000,0.000000,0.000000,0.000000,1,0
1789801158.264634,0,18.056707,20.273695,0.032828,0.000000,0.000000,0.000000,0.000000,0.000000,0.000000,0.000000,0.000000,0.000000,0.000000,0.000000,0.000000,1,0
1789801158.364609,0,18.056707,20.273695,0.032828,0.000000,0.000000,0.000000,0.000000,0.000000,0.000000,0.000000,0.000000,0.000000,0.000000,0.000000,0.000000,1,0
1789801158.464592,0,18.056707,20.273695,0.032828,0.000000,0.000000,0.000000,0.000000,0.000000,0.000000,0.000000,0.000000,0.000000,0.000000,0.000000,0.000000,1,0
1789801158.564602,0,18.056707,20.273695,0.032828,0.000000,0.000000,0.000000,0.000000,0.000000,0.000000,0.000000,0.000000,0.000000,0.000000,0.000000,0.000000,1,0
1789801158.664591,0,18.056707,20.273695,0.032828,0.000000,0.000000,0.000000,0.000000,0.000000,0.000000,0.000000,0.000000,0.000000,0.000000,0.000000,0.000000,1,0
1789801158.764589,0,18.056707,20.273695,0.032828,0.000000,0.000000,0.000000,0.000000,0.000000,0.000000,0.000000,0.000000,0.000000,0.000000,0.000000,0.000000,1,0
1789801158.864572,0,18.056707,20.273695,0.032828,0.000000,0.000000,0.000000,0.000000,0.000000,0.000000,0.000000,0.000000,0.000000,0.000000,0.000000,0.000000,1,0
1789801158.964557,0,18.056707,20.273695,0.032828,0.000000,0.000000,0.000000,0.000000,0.000000,0.000000,0.000000,0.000000,0.000000,0.000000,0.000000,0.000000,1,0
1789801159.064561,0,18.056707,20.273695,0.032828,0.000000,0.000000,0.000000,0.000000,0.000000,0.000000,0.000000,0.000000,0.000000,0.000000,0.000000,0.000000,1,0
1789801159.164614,0,18.056707,20.273695,0.032828,0.000000,0.000000,0.000000,0.000000,0.000000,0.000000,0.000000,0.000000,0.000000,0.000000,0.000000,0.000000,1,0
1789801159.264531,0,18.056707,20.273695,0.032828,0.000000,0.000000,0.000000,0.000000,0.000000,0.000000,0.000000,0.000000,0.000000,0.000000,0.000000,0.000000,1,0
1789801159.364542,0,18.056707,20.273695,0.032828,0.000000,0.000000,0.000000,0.000000,0.000000,0.000000,0.000000,0.000000,0.000000,0.000000,0.000000,0.000000,1,0
1789801159.464501,0,18.056707,20.273695,0.032828,0.000000,0.000000,0.000000,0.000000,0.000000,0.000000,0.000000,0.000000,0.000000,0.000000,0.000000,0.000000,1,0
1789801159.564535,0,18.056707,20.273695,0.032828,0.000000,0.000000,0.000000,0.000000,0.000000,0.000000,0.000000,0.000000,0.000000,0.000000,0.000000,0.000000,1,0
1789801159.664552,0,18.056707,20.273695,0.032828,0.000000,0.000000,0.000000,0.000000,0.000000,0.000000,0.000000,0.000000,0.000000,0.000000,0.000000,0.000000,1,0
1789801159.764473,0,18.056707,20.273695,0.032828,0.000000,0.000000,0.000000,0.000000,0.000000,0.000000,0.000000,0.000000,0.000000,0.000000,0.000000,0.000000,1,0
1789801159.864486,0,18.056707,20.273695,0.032828,0.000000,0.000000,0.000000,0.000000,0.000000,0.000000,0.000000,0.000000,0.000000,0.000000,0.000000,0.000000,1,0
1789801159.964461,0,18.056707,20.273695,0.032828,0.000000,0.000000,0.000000,0.000000,0.000000,0.000000,0.000000,0.000000,0.000000,0.000000,0.000000,0.000000,1,0
1789801160.064475,0,18.056707,20.273695,0.032828,0.000000,0.000000,0.000000,0.000000,0.000000,0.000000,0.000000,0.000000,0.000000,0.000000,0.000000,0.000000,1,0
1789801160.164454,0,18.056707,20.273695,0.032828,0.000000,0.000000,0.000000,0.000000,0.000000,0.000000,0.000000,0.000000,0.000000,0.000000,0.000000,0.000000,1,0
1789801160.264423,0,18.056707,20.273695,0.032828,0.000000,0.000000,0.000000,0.000000,0.000000,0.000000,0.000000,0.000000,0.000000,0.000000,0.000000,0.000000,1,0
1789801160.364432,0,18.056707,20.273695,0.032828,0.000000,0.000000,0.000000,0.000000,0.000000,0.000000,0.000000,0.000000,0.000000,0.000000,0.000000,0.000000,1,0
1789801160.464404,0,18.056707,20.273695,0.032828,0.000000,0.000000,0.000000,0.000000,0.000000,0.000000,0.000000,0.000000,0.000000,0.000000,0.000000,0.000000,1,0
1789801160.564411,0,18.056707,20.273695,0.032828,0.000000,0.000000,0.000000,0.000000,0.000000,0.000000,0.000000,0.000000,0.000000,0.000000,0.000000,0.000000,1,0
1789801160.664392,0,18.056707,20.273695,0.032828,0.000000,0.000000,0.000000,0.000000,0.000000,0.000000,0.000000,0.000000,0.000000,0.000000,0.000000,0.000000,1,0
1789801160.764389,0,18.056707,20.273695,0.032828,0.000000,0.000000,0.000000,0.000000,0.000000,0.000000,0.000000,0.000000,0.000000,0.000000,0.000000,0.000000,1,0
1789801160.864397,0,18.056707,20.273695,0.032828,0.000000,0.000000,0.000000,0.000000,0.000000,0.000000,0.000000,0.000000,0.000000,0.000000,0.000000,0.000000,1,0
1789801160.964359,0,18.056707,20.273695,0.032828,0.000000,0.000000,0.000000,0.000000,0.000000,0.000000,0.000000,0.000000,0.000000,0.000000,0.000000,0.000000,1,0
1789801161.064352,0,18.056707,20.273695,0.032828,0.000000,0.000000,0.000000,0.000000,0.000000,0.000000,0.000000,0.000000,0.000000,0.000000,0.000000,0.000000,1,0
1789801161.164351,0,18.056707,20.273695,0.032828,0.000000,0.000000,0.000000,0.000000,0.000000,0.000000,0.000000,0.000000,0.000000,0.000000,0.000000,0.000000,1,0
1789801161.264318,0,18.056707,20.273695,0.032828,0.000000,0.000000,0.000000,0.000000,0.000000,0.000000,0.000000,0.000000,0.000000,0.000000,0.000000,0.000000,1,0
1789801161.364328,0,18.056707,20.273695,0.032828,0.000000,0.000000,0.000000,0.000000,0.000000,0.000000,0.000000,0.000000,0.000000,0.000000,0.000000,0.000000,1,0
1789801161.464318,0,18.056707,20.273695,0.032828,0.000000,0.000000,0.000000,0.000000,0.000000,0.000000,0.000000,0.000000,0.000000,0.000000,0.000000,0.000000,1,0
1789801161.564336,0,18.056707,20.273695,0.032828,0.000000,0.000000,0.000000,0.000000,0.000000,0.000000,0.000000,0.000000,0.000000,0.000000,0.000000,0.000000,1,0
1789801161.664338,0,18.056707,20.273695,0.032828,0.000000,0.000000,0.000000,0.000000,0.000000,0.000000,0.000000,0.000000,0.000000,0.000000,0.000000,0.000000,1,0
1789801161.764271,0,18.056707,20.273695,0.032828,0.000000,0.000000,0.000000,0.000000,0.000000,0.000000,0.000000,0.000000,0.000000,0.000000,0.000000,0.000000,1,0
1789801161.864332,0,17.996024,20.222580,0.004582,0.000000,0.000000,0.000000,0.000000,0.000000,0.000000,0.000000,0.000000,0.000000,0.000000,0.000000,0.000000,1,0
1789801161.964258,0,17.996024,20.222580,0.004582,0.000000,0.000000,0.000000,0.000000,0.000000,0.000000,0.000000,0.000000,0.000000,0.000000,0.000000,0.000000,1,0
1789801162.064250,0,17.996024,20.222580,0.004582,0.000000,0.000000,0.000000,0.000000,0.000000,0.000000,0.000000,0.000000,0.000000,0.000000,0.000000,0.000000,1,0
1789801162.164286,0,17.996024,20.222580,0.004582,0.000000,0.000000,0.000000,0.000000,0.000000,0.000000,0.000000,0.000000,0.000000,0.000000,0.000000,0.000000,1,0
1789801162.264955,0,17.996024,20.222580,0.004582,0.000000,0.000000,0.000000,0.000000,0.000000,0.000000,0.000000,0.000000,0.000000,0.000000,0.000000,0.000000,1,0
1789801162.364225,0,17.996024,20.222580,0.004582,0.000000,0.000000,0.000000,0.000000,0.000000,0.000000,0.000000,0.000000,0.000000,0.000000,0.000000,0.000000,1,0
1789801162.464257,0,17.996024,20.222580,0.004582,0.000000,0.000000,0.000000,0.000000,0.000000,0.000000,0.000000,0.000000,0.000000,0.000000,0.000000,0.000000,1,0
1789801162.564219,0,17.996024,20.222580,0.004582,0.000000,0.000000,0.000000,0.000000,0.000000,0.000000,0.000000,0.000000,0.000000,0.000000,0.000000,0.000000,1,0
1789801162.664192,0,17.996024,20.222580,0.004582,0.000000,0.000000,0.000000,0.000000,0.000000,0.000000,0.000000,0.000000,0.000000,0.000000,0.000000,0.000000,1,0
1789801162.764166,0,17.996024,20.222580,0.004582,0.000000,0.000000,0.000000,0.000000,0.000000,0.000000,0.000000,0.000000,0.000000,0.000000,0.000000,0.000000,1,0
1789801162.864183,0,17.996024,20.222580,0.004582,0.000000,0.000000,0.000000,0.000000,0.000000,0.000000,0.000000,0.000000,0.000000,0.000000,0.000000,0.000000,1,0
1789801162.964178,0,17.996024,20.222580,0.004582,0.000000,0.000000,0.000000,0.000000,0.000000,0.000000,0.000000,0.000000,0.000000,0.000000,0.000000,0.000000,1,0
1789801163.064199,0,17.996024,20.222580,0.004582,0.000000,0.000000,0.000000,0.000000,0.000000,0.000000,0.000000,0.000000,0.000000,0.000000,0.000000,0.000000,1,0
1789801163.164176,0,17.996024,20.222580,0.004582,0.000000,0.000000,0.000000,0.000000,0.000000,0.000000,0.000000,0.000000,0.000000,0.000000,0.000000,0.000000,1,0
1789801163.264185,0,17.996024,20.222580,0.004582,0.000000,0.000000,0.000000,0.000000,0.000000,0.000000,0.000000,0.000000,0.000000,0.000000,0.000000,0.000000,1,0
1789801163.364136,0,17.996024,20.222580,0.004582,0.000000,0.000000,0.000000,0.000000,0.000000,0.000000,0.000000,0.000000,0.000000,0.000000,0.000000,0.000000,1,0
1789801163.464134,0,17.996024,20.222580,0.004582,0.000000,0.000000,0.000000,0.000000,0.000000,0.000000,0.000000,0.000000,0.000000,0.000000,0.000000,0.000000,1,0
1789801163.564094,0,17.996024,20.222580,0.004582,0.000000,0.000000,0.000000,0.000000,0.000000,0.000000,0.000000,0.000000,0.000000,0.000000,0.000000,0.000000,1,0
1789801163.664094,0,17.996024,20.222580,0.004582,0.000000,0.000000,0.000000,0.000000,0.000000,0.000000,0.000000,0.000000,0.000000,0.000000,0.000000,0.000000,1,0
1789801163.764086,0,17.996024,20.222580,0.004582,0.000000,0.000000,0.000000,0.000000,0.000000,0.000000,0.000000,0.000000,0.000000,0.000000,0.000000,0.000000,1,0
1789801163.864087,0,17.996024,20.222580,0.004582,0.000000,0.000000,0.000000,0.000000,0.000000,0.000000,0.000000,0.000000,0.000000,0.000000,0.000000,0.000000,1,0
1789801163.964135,0,17.996024,20.222580,0.004582,0.000000,0.000000,0.000000,0.000000,0.000000,0.000000,0.000000,0.000000,0.000000,0.000000,0.000000,0.000000,1,0
1789801164.064065,0,17.996024,20.222580,0.004582,0.000000,0.000000,0.000000,0.000000,0.000000,0.000000,0.000000,0.000000,0.000000,0.000000,0.000000,0.000000,1,0
1789801164.164053,0,17.996024,20.222580,0.004582,0.000000,0.000000,0.000000,0.000000,0.000000,0.000000,0.000000,0.000000,0.000000,0.000000,0.000000,0.000000,1,0
1789801164.264029,0,17.996024,20.222580,0.004582,0.000000,0.000000,0.000000,0.000000,0.000000,0.000000,0.000000,0.000000,0.000000,0.000000,0.000000,0.000000,1,0
1789801164.364023,0,17.996024,20.222580,0.004582,0.000000,0.000000,0.000000,0.000000,0.000000,0.000000,0.000000,0.000000,0.000000,0.000000,0.000000,0.000000,1,0
1789801164.464004,0,17.996024,20.222580,0.004582,0.000000,0.000000,0.000000,0.000000,0.000000,0.000000,0.000000,0.000000,0.000000,0.000000,0.000000,0.000000,1,0
1789801164.564017,0,17.996024,20.222580,0.004582,0.000000,0.000000,0.000000,0.000000,0.000000,0.000000,0.000000,0.000000,0.000000,0.000000,0.000000,0.000000,1,0
1789801164.664041,0,17.996024,20.222580,0.004582,0.000000,0.000000,0.000000,0.000000,0.000000,0.000000,0.000000,0.000000,0.000000,0.000000,0.000000,0.000000,1,0
1789801164.763991,0,17.996024,20.222580,0.004582,0.000000,0.000000,0.000000,0.000000,0.000000,0.000000,0.000000,0.000000,0.000000,0.000000,0.000000,0.000000,1,0
1789801164.863990,0,17.996024,20.222580,0.004582,0.000000,0.000000,0.000000,0.000000,0.000000,0.000000,0.000000,0.000000,0.000000,0.000000,0.000000,0.000000,1,0
1789801164.964065,0,17.996024,20.222580,0.004582,0.000000,0.000000,0.000000,0.000000,0.000000,0.000000,0.000000,0.000000,0.000000,0.000000,0.000000,0.000000,1,0
1789801165.064043,0,17.996024,20.222580,0.004582,0.000000,0.000000,0.000000,0.000000,0.000000,0.000000,0.000000,0.000000,0.000000,0.000000,0.000000,0.000000,1,0
1789801165.163953,0,17.996024,20.222580,0.004582,0.000000,0.000000,0.000000,0.000000,0.000000,0.000000,0.000000,0.000000,0.000000,0.000000,0.000000,0.000000,1,0
1789801165.263948,0,17.996024,20.222580,0.004582,0.000000,0.000000,0.000000,0.000000,0.000000,0.000000,0.000000,0.000000,0.000000,0.000000,0.000000,0.000000,1,0
1789801165.363952,0,17.996024,20.222580,0.004582,0.000000,0.000000,0.000000,0.000000,0.000000,0.000000,0.000000,0.000000,0.000000,0.000000,0.000000,0.000000,1,0
1789801165.463940,0,17.996024,20.222580,0.004582,0.000000,0.000000,0.000000,0.000000,0.000000,0.000000,0.000000,0.000000,0.000000,0.000000,0.000000,0.000000,1,0
1789801165.563922,0,17.996024,20.222580,0.004582,0.000000,0.000000,0.000000,0.000000,0.000000,0.000000,0.000000,0.000000,0.000000,0.000000,0.000000,0.000000,1,0
1789801165.663911,0,17.996024,20.222580,0.004582,0.000000,0.000000,0.000000,0.000000,0.000000,0.000000,0.000000,0.000000,0.000000,0.000000,0.000000,0.000000,1,0
1789801165.764007,0,17.996024,20.222580,0.004582,0.000000,0.000000,0.000000,0.000000,0.000000,0.000000,0.000000,0.000000,0.000000,0.000000,0.000000,0.000000,1,0
1789801165.863869,0,17.996024,20.222580,0.004582,0.000000,0.000000,0.000000,0.000000,0.000000,0.000000,0.000000,0.000000,0.000000,0.000000,0.000000,0.000000,1,0
1789801165.963895,0,17.996024,20.222580,0.004582,0.000000,0.000000,0.000000,0.000000,0.000000,0.000000,0.000000,0.000000,0.000000,0.000000,0.000000,0.000000,1,0
1789801166.063852,0,17.996024,20.222580,0.004582,0.000000,0.000000,0.000000,0.000000,0.000000,0.000000,0.000000,0.000000,0.000000,0.000000,0.000000,0.000000,1,0
1789801166.163894,0,17.996024,20.222580,0.004582,0.000000,0.000000,0.000000,0.000000,0.000000,0.000000,0.000000,0.000000,0.000000,0.000000,0.000000,0.000000,1,0
1789801166.263873,0,17.996024,20.222580,0.004582,0.000000,0.000000,0.000000,0.000000,0.000000,0.000000,0.000000,0.000000,0.000000,0.000000,0.000000,0.000000,1,0
1789801166.363835,0,17.996024,20.222580,0.004582,0.000000,0.000000,0.000000,0.000000,0.000000,0.000000,0.000000,0.000000,0.000000,0.000000,0.000000,0.000000,0,0
1789801166.463812,0,17.996024,20.222580,0.004582,0.000000,0.000000,0.000000,0.000000,0.000000,0.000000,0.000000,0.000000,0.000000,0.000000,0.000000,0.000000,0,0
1789801166.563842,0,17.996024,20.222580,0.004582,0.000000,0.000000,0.000000,0.000000,0.000000,0.000000,0.000000,0.000000,0.000000,0.000000,0.000000,0.000000,0,0
1789801166.663842,0,17.996024,20.222580,0.004582,0.000000,0.000000,0.000000,0.000000,0.000000,0.000000,0.000000,0.000000,0.000000,0.000000,0.000000,0.000000,0,0
1789801166.763832,0,17.996024,20.222580,0.004582,0.000000,0.000000,0.000000,0.000000,0.000000,0.000000,0.000000,0.000000,0.000000,0.000000,0.000000,0.000000,0,0
1789801166.863816,0,17.996024,20.222580,0.004582,0.000000,0.000000,0.000000,0.000000,0.000000,0.000000,0.000000,0.000000,0.000000,0.000000,0.000000,0.000000,0,0
1789801166.963868,0,17.996024,20.222580,0.004582,0.000000,0.000000,0.000000,0.000000,0.000000,0.000000,0.000000,0.000000,0.000000,0.000000,0.000000,0.000000,1,0
1789801167.063779,0,17.996024,20.222580,0.004582,0.000000,0.000000,0.000000,0.000000,0.000000,0.000000,0.000000,0.000000,0.000000,0.000000,0.000000,0.000000,1,0
1789801167.163756,0,17.996024,20.222580,0.004582,0.000000,0.000000,0.000000,0.000000,0.000000,0.000000,0.000000,0.000000,0.000000,0.000000,0.000000,0.000000,1,0
1789801167.263760,0,17.996024,20.222580,0.004582,0.000000,0.000000,0.000000,0.000000,0.000000,0.000000,0.000000,0.000000,0.000000,0.000000,0.000000,0.000000,0,0
1789801167.363748,0,17.996024,20.222580,0.004582,0.000000,0.000000,0.000000,0.000000,0.000000,0.000000,0.000000,0.000000,0.000000,0.000000,0.000000,0.000000,0,0
1789801167.463714,0,17.996024,20.222580,0.004582,0.000000,0.000000,0.000000,0.000000,0.000000,0.000000,0.000000,0.000000,0.000000,0.000000,0.000000,0.000000,0,0
1789801167.563706,0,17.996024,20.222580,0.004582,0.000000,0.000000,0.000000,0.000000,0.000000,0.000000,0.000000,0.000000,0.000000,0.000000,0.000000,0.000000,0,0
1789801167.663700,0,17.996024,20.222580,0.004582,0.000000,0.000000,0.000000,0.000000,0.000000,0.000000,0.000000,0.000000,0.000000,0.000000,0.000000,0.000000,0,0
1789801167.763719,0,17.996024,20.222580,0.004582,0.000000,0.000000,0.000000,0.000000,0.000000,0.000000,0.000000,0.000000,0.000000,0.000000,0.000000,0.000000,0,0
1789801167.863703,0,17.996024,20.222580,0.004582,0.000000,0.000000,0.000000,0.000000,0.000000,0.000000,0.000000,0.000000,0.000000,0.000000,0.000000,0.000000,0,0
1789801167.963694,0,17.996024,20.222580,0.004582,0.000000,0.000000,0.000000,0.000000,0.000000,0.000000,0.000000,0.000000,0.000000,0.000000,0.000000,0.000000,0,0
1789801168.064020,0,17.996024,20.222580,0.004582,0.000000,0.000000,0.000000,0.000000,0.000000,0.000000,0.000000,0.000000,0.000000,0.000000,0.000000,0.000000,0,0
1789801168.163668,0,17.996024,20.222580,0.004582,0.000000,0.000000,0.000000,0.000000,0.000000,0.000000,0.000000,0.000000,0.000000,0.000000,0.000000,0.000000,0,0
1789801168.263722,0,17.996024,20.222580,0.004582,0.000000,0.000000,0.000000,0.000000,0.000000,0.000000,0.000000,0.000000,0.000000,0.000000,0.000000,0.000000,0,0
1789801168.363654,0,17.996024,20.222580,0.004582,0.000000,0.000000,0.000000,0.000000,0.000000,0.000000,0.000000,0.000000,0.000000,0.000000,0.000000,0.000000,0,0
1789801168.463639,0,17.996024,20.222580,0.004582,0.000000,0.000000,0.000000,0.000000,0.000000,0.000000,0.000000,0.000000,0.000000,0.000000,0.000000,0.000000,0,0
1789801168.563632,0,17.996024,20.222580,0.004582,0.000000,0.000000,0.000000,0.000000,0.000000,0.000000,0.000000,0.000000,0.000000,0.000000,0.000000,0.000000,0,0
1789801168.663643,0,17.996024,20.222580,0.004582,0.000000,0.000000,0.000000,0.000000,0.000000,0.000000,0.000000,0.000000,0.000000,0.000000,0.000000,0.000000,0,0
1789801168.763611,0,17.996024,20.222580,0.004582,0.000000,0.000000,0.000000,0.000000,0.000000,0.000000,0.000000,0.000000,0.000000,0.000000,0.000000,0.000000,0,0
1789801168.863613,0,17.996024,20.222580,0.004582,0.000000,0.000000,0.000000,0.000000,0.000000,0.000000,0.000000,0.000000,0.000000,0.000000,0.000000,0.000000,0,0
1789801168.963590,0,17.996024,20.222580,0.004582,0.000000,0.000000,0.000000,0.000000,0.000000,0.000000,0.000000,0.000000,0.000000,0.000000,0.000000,0.000000,0,0
1789801169.063583,0,17.996024,20.222580,0.004582,0.000000,0.000000,0.000000,0.000000,0.000000,0.000000,0.000000,0.000000,0.000000,0.000000,0.000000,0.000000,0,0
1789801169.163564,0,17.996024,20.222580,0.004582,0.000000,0.000000,0.000000,0.000000,0.000000,0.000000,0.000000,0.000000,0.000000,0.000000,0.000000,0.000000,0,0
1789801169.263555,0,17.996024,20.222580,0.004582,0.000000,0.000000,0.000000,0.000000,0.000000,0.000000,0.000000,0.000000,0.000000,0.000000,0.000000,0.000000,0,0
1789801169.363567,0,17.996024,20.222580,0.004582,0.000000,0.000000,0.000000,0.000000,0.000000,0.000000,0.000000,0.000000,0.000000,0.000000,0.000000,0.000000,0,0
1789801169.463568,0,17.996024,20.222580,0.004582,0.000000,0.000000,0.000000,0.000000,0.000000,0.000000,0.000000,0.000000,0.000000,0.000000,0.000000,0.000000,0,0
1789801169.563536,0,17.996024,20.222580,0.004582,0.000000,0.000000,0.000000,0.000000,0.000000,0.000000,0.000000,0.000000,0.000000,0.000000,0.000000,0.000000,0,0
1789801169.663508,0,17.996024,20.222580,0.004582,0.000000,0.000000,0.000000,0.000000,0.000000,0.000000,0.000000,0.000000,0.000000,0.000000,0.000000,0.000000,0,0
1789801169.763555,0,17.996024,20.222580,0.004582,0.000000,0.000000,0.000000,0.000000,0.000000,0.000000,0.000000,0.000000,0.000000,0.000000,0.000000,0.000000,0,0
1789801169.863535,0,17.996024,20.222580,0.004582,0.000000,0.000000,0.000000,0.000000,0.000000,0.000000,0.000000,0.000000,0.000000,0.000000,0.000000,0.000000,0,0
1789801169.963502,0,17.996024,20.222580,0.004582,0.000000,0.000000,0.000000,0.000000,0.000000,0.000000,0.000000,0.000000,0.000000,0.000000,0.000000,0.000000,0,0
1789801170.063491,0,17.996024,20.222580,0.004582,0.000000,0.000000,0.000000,0.000000,0.000000,0.000000,0.000000,0.000000,0.000000,0.000000,0.000000,0.000000,0,0
1789801170.163460,0,17.996024,20.222580,0.004582,0.000000,0.000000,0.000000,0.000000,0.000000,0.000000,0.000000,0.000000,0.000000,0.000000,0.000000,0.000000,0,0
1789801170.263485,0,17.996024,20.222580,0.004582,0.000000,0.000000,0.000000,0.000000,0.000000,0.000000,0.000000,0.000000,0.000000,0.000000,0.000000,0.000000,0,0
1789801170.363499,0,17.996024,20.222580,0.004582,0.000000,0.000000,0.000000,0.000000,0.000000,0.000000,0.000000,0.000000,0.000000,0.000000,0.000000,0.000000,0,0
1789801170.463506,0,17.996024,20.222580,0.004582,0.000000,0.000000,0.000000,0.000000,0.000000,0.000000,0.000000,0.000000,0.000000,0.000000,0.000000,0.000000,0,0
1789801170.563440,0,17.996024,20.222580,0.004582,0.000000,0.000000,0.000000,0.000000,0.000000,0.000000,0.000000,0.000000,0.000000,0.000000,0.000000,0.000000,0,0
1789801170.663442,0,17.996024,20.222580,0.004582,0.000000,0.000000,0.000000,0.000000,0.000000,0.000000,0.000000,0.000000,0.000000,0.000000,0.000000,0.000000,0,0
1789801170.763443,0,17.996024,20.222580,0.004582,0.000000,0.000000,0.000000,0.000000,0.000000,0.000000,0.000000,0.000000,0.000000,0.000000,0.000000,0.000000,0,0
1789801170.863409,0,17.996024,20.222580,0.004582,0.000000,0.000000,0.000000,0.000000,0.000000,0.000000,0.000000,0.000000,0.000000,0.000000,0.000000,0.000000,0,0
1789801170.963396,0,17.996024,20.222580,0.004582,0.000000,0.000000,0.000000,0.000000,0.000000,0.000000,0.000000,0.000000,0.000000,0.000000,0.000000,0.000000,0,0
1789801171.063430,0,17.996024,20.222580,0.004582,0.000000,0.000000,0.000000,0.000000,0.000000,0.000000,0.000000,0.000000,0.000000,0.000000,0.000000,0.000000,0,0
1789801171.163405,0,17.996024,20.222580,0.004582,0.000000,0.000000,0.000000,0.000000,0.000000,0.000000,0.000000,0.000000,0.000000,0.000000,0.000000,0.000000,0,0
1789801171.263407,0,17.996024,20.222580,0.004582,0.000000,0.000000,0.000000,0.000000,0.000000,0.000000,0.000000,0.000000,0.000000,0.000000,0.000000,0.000000,0,0
1789801171.363370,0,17.996024,20.222580,0.004582,0.000000,0.000000,0.000000,0.000000,0.000000,0.000000,0.000000,0.000000,0.000000,0.000000,0.000000,0.000000,0,0
1789801171.463350,0,17.996024,20.222580,0.004582,0.000000,0.000000,0.000000,0.000000,0.000000,0.000000,0.000000,0.000000,0.000000,0.000000,0.000000,0.000000,0,0
1789801171.563349,0,17.996024,20.222580,0.004582,0.000000,0.000000,0.000000,0.000000,0.000000,0.000000,0.000000,0.000000,0.000000,0.000000,0.000000,0.000000,0,0
1789801171.663753,1,17.996024,20.222580,0.004582,17.996024,20.222580,17.878000,20.452000,-0.000000,0.000000,0.800000,2.045934,2.041352,0.257998,0.180000,0.160000,0,0
1789801171.763336,1,17.996024,20.222580,0.004582,17.878000,20.452000,19.128000,20.452000,-0.229420,0.118024,0.789148,0.282920,0.278338,1.131976,0.300000,0.288000,0,0
1789801171.863339,1,17.996024,20.222580,0.004582,17.878000,20.452000,19.128000,20.452000,-0.229420,0.118024,0.789148,0.282920,0.278338,1.131976,0.300000,0.390400,0,0
1789801171.963335,1,17.996024,20.222580,0.004582,17.878000,20.452000,19.128000,20.452000,-0.229420,0.118024,0.789148,0.282920,0.278338,1.131976,0.300000,0.472320,0,0
1789801172.063277,1,17.996024,20.222580,0.004582,17.878000,20.452000,19.128000,20.452000,-0.229420,0.118024,0.789148,0.282920,0.278338,1.131976,0.300000,0.537856,0,0
1789801172.163301,1,17.996024,20.222580,0.004582,17.878000,20.452000,19.128000,20.452000,-0.229420,0.118024,0.789148,0.282920,0.278338,1.131976,0.300000,0.590285,0,0
1789801172.263354,1,17.996024,20.222580,0.004582,17.878000,20.452000,19.128000,20.452000,-0.229420,0.118024,0.789148,0.282920,0.278338,1.131976,0.300000,0.632228,0,0
1789801172.363268,1,17.996024,20.222580,0.004582,17.878000,20.452000,19.128000,20.452000,-0.229420,0.118024,0.789148,0.282920,0.278338,1.131976,0.300000,0.665782,0,0
1789801172.463267,1,17.996024,20.222580,0.004582,17.878000,20.452000,19.128000,20.452000,-0.229420,0.118024,0.789148,0.282920,0.278338,1.131976,0.300000,0.692626,0,0
1789801172.563263,1,17.996024,20.222580,0.004582,17.878000,20.452000,19.128000,20.452000,-0.229420,0.118024,0.789148,0.282920,0.278338,1.131976,0.300000,0.714101,0,0
1789801172.663262,1,17.996024,20.222580,0.004582,17.878000,20.452000,19.128000,20.452000,-0.229420,0.118024,0.789148,0.282920,0.278338,1.131976,0.300000,0.731281,0,0
1789801172.763268,1,17.996024,20.222580,0.004582,17.878000,20.452000,19.128000,20.452000,-0.229420,0.118024,0.789148,0.282920,0.278338,1.131976,0.300000,0.745024,0,0
1789801172.863345,1,17.996024,20.222580,0.004582,17.878000,20.452000,19.128000,20.452000,-0.229420,0.118024,0.789148,0.282920,0.278338,1.131976,0.300000,0.756020,0,0
1789801172.963216,1,17.996024,20.222580,0.004582,17.878000,20.452000,19.128000,20.452000,-0.229420,0.118024,0.789148,0.282920,0.278338,1.131976,0.300000,0.764816,0,0
1789801173.063419,1,17.996024,20.222580,0.004582,17.878000,20.452000,19.128000,20.452000,-0.229420,0.118024,0.789148,0.282920,0.278338,1.131976,0.300000,0.771853,0,0
1789801173.163192,1,17.996024,20.222580,0.004582,17.878000,20.452000,19.128000,20.452000,-0.229420,0.118024,0.789148,0.282920,0.278338,1.131976,0.300000,0.777482,0,0
1789801173.263225,1,17.996024,20.222580,0.004582,17.878000,20.452000,19.128000,20.452000,-0.229420,0.118024,0.789148,0.282920,0.278338,1.131976,0.300000,0.781986,0,0
1789801173.363227,1,17.996024,20.222580,0.004582,17.878000,20.452000,19.128000,20.452000,-0.229420,0.118024,0.789148,0.282920,0.278338,1.131976,0.300000,0.768219,0,0
1789801173.463141,1,17.996024,20.222580,0.004582,17.878000,20.452000,19.128000,20.452000,-0.229420,0.118024,0.789148,0.282920,0.278338,1.131976,0.300000,0.734247,0,0
1789801173.563143,1,18.117474,20.193987,0.107858,17.878000,20.452000,19.128000,20.452000,-0.258013,0.239474,0.786341,0.317050,0.209192,1.010526,0.320331,0.662428,0,0
1789801173.663195,1,18.117474,20.193987,0.107858,17.878000,20.452000,19.128000,20.452000,-0.258013,0.239474,0.786341,0.317050,0.209192,1.010526,0.320331,0.594151,0,0
1789801173.763356,1,18.117474,20.193987,0.107858,17.878000,20.452000,19.128000,20.452000,-0.258013,0.239474,0.786341,0.317050,0.209192,1.010526,0.320331,0.530872,0,0
1789801173.863149,1,18.117474,20.193987,0.107858,17.878000,20.452000,19.128000,20.452000,-0.258013,0.239474,0.786341,0.317050,0.209192,1.010526,0.320331,0.473322,0,0
1789801173.963154,1,18.199493,20.180228,0.233473,17.878000,20.452000,19.128000,20.452000,-0.271772,0.321493,0.784884,0.333337,0.099864,0.928507,0.445683,0.380198,0,0
1789801174.063134,1,18.199493,20.180228,0.233473,17.878000,20.452000,19.128000,20.452000,-0.271772,0.321493,0.784884,0.333337,0.099864,0.928507,0.445683,0.307389,0,0
1789801174.163053,1,18.199493,20.180228,0.233473,17.878000,20.452000,19.128000,20.452000,-0.271772,0.321493,0.784884,0.333337,0.099864,0.928507,0.445683,0.250493,0,0
1789801174.263115,1,18.261791,20.194219,0.375851,17.878000,20.452000,19.128000,20.452000,-0.257781,0.383791,0.786365,0.316775,-0.059077,0.866209,0.415780,0.145680,0,0
1789801174.363107,1,18.261791,20.194219,0.375851,17.878000,20.452000,19.128000,20.452000,-0.257781,0.383791,0.786365,0.316775,-0.059077,0.866209,0.415780,0.071591,0,0
1789801174.463041,1,18.261791,20.194219,0.375851,17.878000,20.452000,19.128000,20.452000,-0.257781,0.383791,0.786365,0.316775,-0.059077,0.866209,0.415780,0.020129,0,0
1789801174.563091,1,18.331449,20.241419,0.524331,17.878000,20.452000,19.128000,20.452000,-0.210581,0.453449,0.790831,0.260240,-0.264090,0.796551,0.300000,-0.092673,0,0
1789801174.663123,1,18.331449,20.241419,0.524331,17.878000,20.452000,19.128000,20.452000,-0.210581,0.453449,0.790831,0.260240,-0.264090,0.796551,0.300000,-0.166441,0,0
1789801174.763055,1,18.331449,20.241419,0.524331,17.878000,20.452000,19.128000,20.452000,-0.210581,0.453449,0.790831,0.260240,-0.264090,0.796551,0.300000,-0.212276,0,0
1789801174.863059,1,18.399425,20.260047,0.659522,17.878000,20.452000,19.128000,20.452000,-0.191953,0.521425,0.792361,0.237676,-0.421846,0.728575,0.300000,-0.298349,0,0
1789801174.963032,1,18.399425,20.260047,0.659522,17.878000,20.452000,19.128000,20.452000,-0.191953,0.521425,0.792361,0.237676,-0.421846,0.728575,0.300000,-0.349938,0,0
1789801175.063034,1,18.399425,20.260047,0.659522,17.878000,20.452000,19.128000,20.452000,-0.191953,0.521425,0.792361,0.237676,-0.421846,0.728575,0.300000,-0.377395,0,0
1789801175.163017,1,18.470290,20.313977,0.765795,17.878000,20.452000,19.128000,20.452000,-0.138023,0.592290,0.796026,0.171683,-0.594112,0.657710,0.300000,-0.453774,0,0
1789801175.263111,1,18.470290,20.313977,0.765795,17.878000,20.452000,19.128000,20.452000,-0.138023,0.592290,0.796026,0.171683,-0.594112,0.657710,0.300000,-0.496387,0,0
1789801175.363016,1,18.470290,20.313977,0.765795,17.878000,20.452000,19.128000,20.452000,-0.138023,0.592290,0.796026,0.171683,-0.594112,0.657710,0.300000,-0.515687,0,0
1789801175.462958,1,18.470290,20.313977,0.765795,17.878000,20.452000,19.128000,20.452000,-0.138023,0.592290,0.796026,0.171683,-0.594112,0.657710,0.300000,-0.519293,0,0
1789801175.563221,1,18.470290,20.313977,0.765795,17.878000,20.452000,19.128000,20.452000,-0.138023,0.592290,0.796026,0.171683,-0.594112,0.657710,0.300000,-0.512712,0,0
1789801175.662988,1,18.573954,20.402122,0.722722,17.878000,20.452000,19.128000,20.452000,-0.049878,0.695954,0.799478,0.062308,-0.660415,0.554046,0.300000,-0.525112,0,0
1789801175.762969,1,18.573954,20.402122,0.722722,17.878000,20.452000,19.128000,20.452000,-0.049878,0.695954,0.799478,0.062308,-0.660415,0.554046,0.300000,-0.525251,0,0
1789801175.862961,1,18.573954,20.402122,0.722722,17.878000,20.452000,19.128000,20.452000,-0.049878,0.695954,0.799478,0.062308,-0.660415,0.554046,0.300000,-0.517539,0,0
1789801175.962970,1,18.573954,20.402122,0.722722,17.878000,20.452000,19.128000,20.452000,-0.049878,0.695954,0.799478,0.062308,-0.660415,0.554046,0.300000,-0.505110,0,0
1789801176.063097,2,18.660476,20.478526,0.579558,17.878000,20.452000,19.128000,20.452000,0.026526,0.782476,0.799852,-0.033152,-0.612711,0.467524,0.300000,-0.472027,0,0
1789801176.162922,2,18.660476,20.478526,0.579558,19.128000,20.452000,19.128000,24.452000,0.467524,0.026526,0.757438,1.017794,0.438235,3.973474,0.300000,-0.217622,0,0
1789801176.262953,2,18.660476,20.478526,0.579558,19.128000,20.452000,19.128000,24.452000,0.467524,0.026526,0.757438,1.017794,0.438235,3.973474,0.300000,-0.014097,0,0
1789801176.362942,2,18.745089,20.495999,0.413225,19.128000,20.452000,19.128000,24.452000,0.382911,0.043999,0.770737,1.109703,0.696478,3.956001,0.300000,0.148722,0,0
1789801176.462905,2,18.745089,20.495999,0.413225,19.128000,20.452000,19.128000,24.452000,0.382911,0.043999,0.770737,1.109703,0.696478,3.956001,0.300000,0.278978,0,0
1789801176.562895,2,18.809726,20.511771,0.283491,19.128000,20.452000,19.128000,24.452000,0.318274,0.059771,0.779464,1.183135,0.899644,3.940229,0.180000,0.383182,0,0
1789801176.662858,2,18.809726,20.511771,0.283491,19.128000,20.452000,19.128000,24.452000,0.318274,0.059771,0.779464,1.183135,0.899644,3.940229,0.180000,0.466546,0,0
1789801176.762887,2,18.875119,20.508509,0.140980,19.128000,20.452000,19.128000,24.452000,0.252881,0.056509,0.786867,1.259844,1.118864,3.943491,0.180000,0.533237,0,0
1789801176.862852,2,18.875119,20.508509,0.140980,19.128000,20.452000,19.128000,24.452000,0.252881,0.056509,0.786867,1.259844,1.118864,3.943491,0.180000,0.586589,0,0
1789801176.962872,2,18.875119,20.508509,0.140980,19.128000,20.452000,19.128000,24.452000,0.252881,0.056509,0.786867,1.259844,1.118864,3.943491,0.180000,0.629271,0,0
1789801177.062892,2,18.964383,20.516139,0.010320,19.128000,20.452000,19.128000,24.452000,0.163617,0.064139,0.794431,1.367681,1.357361,3.935861,0.180000,0.663417,0,0
1789801177.162820,2,18.964383,20.516139,0.010320,19.128000,20.452000,19.128000,24.452000,0.163617,0.064139,0.794431,1.367681,1.357361,3.935861,0.180000,0.690734,0,0
1789801177.262805,2,18.964383,20.516139,0.010320,19.128000,20.452000,19.128000,24.452000,0.163617,0.064139,0.794431,1.367681,1.357361,3.935861,0.180000,0.712587,0,0
1789801177.362797,2,18.964383,20.516139,0.010320,19.128000,20.452000,19.128000,24.452000,0.163617,0.064139,0.794431,1.367681,1.357361,3.935861,0.180000,0.730070,0,0
1789801177.462793,2,19.076873,20.524412,-0.012691,19.128000,20.452000,19.128000,24.452000,0.051127,0.072412,0.799452,1.506930,1.519621,3.927588,0.180000,0.744056,0,0
1789801177.562849,2,19.076873,20.524412,-0.012691,19.128000,20.452000,19.128000,24.452000,0.051127,0.072412,0.799452,1.506930,1.519621,3.927588,0.180000,0.755245,0,0
1789801177.662794,2,19.076873,20.524412,-0.012691,19.128000,20.452000,19.128000,24.452000,0.051127,0.072412,0.799452,1.506930,1.519621,3.927588,0.180000,0.764196,0,0
1789801177.762758,2,19.076873,20.524412,-0.012691,19.128000,20.452000,19.128000,24.452000,0.051127,0.072412,0.799452,1.506930,1.519621,3.927588,0.180000,0.771356,0,0
1789801177.862748,2,19.162729,20.543955,0.143004,19.128000,20.452000,19.128000,24.452000,-0.034729,0.091955,0.799747,1.614194,1.471190,3.908045,0.180000,0.777085,0,0
1789801177.962764,2,19.162729,20.543955,0.143004,19.128000,20.452000,19.128000,24.452000,-0.034729,0.091955,0.799747,1.614194,1.471190,3.908045,0.180000,0.781668,0,0
1789801178.062702,2,19.193180,20.562990,0.273796,19.128000,20.452000,19.128000,24.452000,-0.065180,0.110990,0.799109,1.652182,1.378385,3.889010,0.180000,0.758742,0,0
1789801178.162715,2,19.193180,20.562990,0.273796,19.128000,20.452000,19.128000,24.452000,-0.065180,0.110990,0.799109,1.652182,1.378385,3.889010,0.180000,0.741287,0,0
1789801178.262737,2,19.224545,20.593485,0.431143,19.128000,20.452000,19.128000,24.452000,-0.096545,0.141485,0.798049,1.691188,1.260045,3.858515,0.180000,0.683065,0,0
1789801178.362714,2,19.224545,20.593485,0.431143,19.128000,20.452000,19.128000,24.452000,-0.096545,0.141485,0.798049,1.691188,1.260045,3.858515,0.180000,0.643682,0,0
1789801178.462738,2,19.256923,20.633273,0.603517,19.128000,20.452000,19.128000,24.452000,-0.128923,0.181273,0.796530,1.731260,1.127743,3.818727,0.180000,0.567661,0,0
1789801178.562703,2,19.256923,20.633273,0.603517,19.128000,20.452000,19.128000,24.452000,-0.128923,0.181273,0.796530,1.731260,1.127743,3.818727,0.180000,0.518857,0,0
1789801178.662706,2,19.285374,20.684036,0.782823,19.128000,20.452000,19.128000,24.452000,-0.157374,0.232036,0.794844,1.766262,0.983439,3.767964,0.180000,0.434578,0,0
1789801178.762668,2,19.285374,20.684036,0.782823,19.128000,20.452000,19.128000,24.452000,-0.157374,0.232036,0.794844,1.766262,0.983439,3.767964,0.180000,0.382925,0,0
1789801178.862655,2,19.309322,20.716783,0.942211,19.128000,20.452000,19.128000,24.452000,-0.181322,0.264783,0.793175,1.795537,0.853326,3.735217,0.180000,0.304772,0,0
1789801178.962642,2,19.309322,20.716783,0.942211,19.128000,20.452000,19.128000,24.452000,-0.181322,0.264783,0.793175,1.795537,0.853326,3.735217,0.180000,0.259630,0,0
1789801179.062644,2,19.321110,20.756169,1.093262,19.128000,20.452000,19.128000,24.452000,-0.193110,0.304169,0.792270,1.809877,0.716615,3.695831,0.180000,0.185471,0,0
1789801179.162617,2,19.321110,20.756169,1.093262,19.128000,20.452000,19.128000,24.452000,-0.193110,0.304169,0.792270,1.809877,0.716615,3.695831,0.180000,0.144923,0,0
1789801179.262616,2,19.326451,20.798027,1.222698,19.128000,20.452000,19.128000,24.452000,-0.198451,0.346027,0.791843,1.816358,0.593660,3.653973,0.300000,0.080785,0,0
1789801179.362614,2,19.326451,20.798027,1.222698,19.128000,20.452000,19.128000,24.452000,-0.198451,0.346027,0.791843,1.816358,0.593660,3.653973,0.300000,0.048379,0,0
1789801179.462612,2,19.326451,20.798027,1.222698,19.128000,20.452000,19.128000,24.452000,-0.198451,0.346027,0.791843,1.816358,0.593660,3.653973,0.300000,0.037577,0,0
1789801179.562579,2,19.327629,20.863068,1.360191,19.128000,20.452000,19.128000,24.452000,-0.199629,0.411068,0.791747,1.817786,0.457595,3.588932,0.300000,-0.010676,0,0
1789801179.662576,2,19.327629,20.863068,1.360191,19.128000,20.452000,19.128000,24.452000,-0.199629,0.411068,0.791747,1.817786,0.457595,3.588932,0.300000,-0.031979,0,0
1789801179.762577,2,19.327629,20.863068,1.360191,19.128000,20.452000,19.128000,24.452000,-0.199629,0.411068,0.791747,1.817786,0.457595,3.588932,0.300000,-0.035182,0,0
1789801179.862576,2,19.327629,20.863068,1.360191,19.128000,20.452000,19.128000,24.452000,-0.199629,0.411068,0.791747,1.817786,0.457595,3.588932,0.300000,-0.026673,0,0
1789801179.962548,2,19.327629,20.863068,1.360191,19.128000,20.452000,19.128000,24.452000,-0.199629,0.411068,0.791747,1.817786,0.457595,3.588932,0.300000,-0.011008,0,0
1789801180.062549,2,19.327737,20.948023,1.481565,19.128000,20.452000,19.128000,24.452000,-0.199737,0.496023,0.791738,1.817916,0.336351,3.503977,0.300000,-0.037463,0,0
1789801180.162561,2,19.327737,20.948023,1.481565,19.128000,20.452000,19.128000,24.452000,-0.199737,0.496023,0.791738,1.817916,0.336351,3.503977,0.300000,-0.046169,0,0
1789801180.262527,2,19.327737,20.948023,1.481565,19.128000,20.452000,19.128000,24.452000,-0.199737,0.496023,0.791738,1.817916,0.336351,3.503977,0.300000,-0.043167,0,0
1789801180.362539,2,19.327737,20.948023,1.481565,19.128000,20.452000,19.128000,24.452000,-0.199737,0.496023,0.791738,1.817916,0.336351,3.503977,0.300000,-0.032792,0,0
1789801180.462529,2,19.327737,20.948023,1.481565,19.128000,20.452000,19.128000,24.452000,-0.199737,0.496023,0.791738,1.817916,0.336351,3.503977,0.300000,-0.018113,0,0
1789801180.562524,2,19.330898,21.059445,1.563818,19.128000,20.452000,19.128000,24.452000,-0.202898,0.607445,0.791478,1.821746,0.257928,3.392555,0.300000,-0.031069,0,0
1789801180.662503,2,19.330898,21.059445,1.563818,19.128000,20.452000,19.128000,24.452000,-0.202898,0.607445,0.791478,1.821746,0.257928,3.392555,0.300000,-0.032960,0,0
1789801180.762505,2,19.330898,21.059445,1.563818,19.128000,20.452000,19.128000,24.452000,-0.202898,0.607445,0.791478,1.821746,0.257928,3.392555,0.300000,-0.027693,0,0
1789801180.862472,2,19.330898,21.059445,1.563818,19.128000,20.452000,19.128000,24.452000,-0.202898,0.607445,0.791478,1.821746,0.257928,3.392555,0.300000,-0.018056,0,0
1789801180.962465,2,19.331891,21.168024,1.565052,19.128000,20.452000,19.128000,24.452000,-0.203891,0.716024,0.791396,1.822947,0.257895,3.283976,0.300000,-0.006020,0,0
1789801181.062442,2,19.331891,21.168024,1.565052,19.128000,20.452000,19.128000,24.452000,-0.203891,0.716024,0.791396,1.822947,0.257895,3.283976,0.300000,0.007082,0,0
1789801181.162487,2,19.331891,21.168024,1.565052,19.128000,20.452000,19.128000,24.452000,-0.203891,0.716024,0.791396,1.822947,0.257895,3.283976,0.300000,0.020342,0,0
1789801181.262420,2,19.331891,21.168024,1.565052,19.128000,20.452000,19.128000,24.452000,-0.203891,0.716024,0.791396,1.822947,0.257895,3.283976,0.300000,0.033172,0,0
1789801181.362408,2,19.332102,21.284582,1.544632,19.128000,20.452000,19.128000,24.452000,-0.204102,0.832582,0.791378,1.823203,0.278572,3.167418,0.300000,0.053072,0,0
1789801181.462409,2,19.332102,21.284582,1.544632,19.128000,20.452000,19.128000,24.452000,-0.204102,0.832582,0.791378,1.823203,0.278572,3.167418,0.300000,0.069257,0,0
1789801181.562431,2,19.332102,21.284582,1.544632,19.128000,20.452000,19.128000,24.452000,-0.204102,0.832582,0.791378,1.823203,0.278572,3.167418,0.300000,0.082417,0,0
1789801181.662433,2,19.332102,21.284582,1.544632,19.128000,20.452000,19.128000,24.452000,-0.204102,0.832582,0.791378,1.823203,0.278572,3.167418,0.300000,0.093113,0,0
1789801181.762378,2,19.334649,21.408494,1.531410,19.128000,20.452000,19.128000,24.452000,-0.206649,0.956494,0.791165,1.826285,0.294875,3.043506,0.300000,0.108003,0,0
1789801181.862393,2,19.334649,21.408494,1.531410,19.128000,20.452000,19.128000,24.452000,-0.206649,0.956494,0.791165,1.826285,0.294875,3.043506,0.300000,0.119110,0,0
1789801181.962372,2,19.334649,21.408494,1.531410,19.128000,20.452000,19.128000,24.452000,-0.206649,0.956494,0.791165,1.826285,0.294875,3.043506,0.300000,0.127352,0,0
1789801182.062338,2,19.334649,21.408494,1.531410,19.128000,20.452000,19.128000,24.452000,-0.206649,0.956494,0.791165,1.826285,0.294875,3.043506,0.300000,0.133430,0,0
1789801182.162330,2,19.333621,21.527152,1.527365,19.128000,20.452000,19.128000,24.452000,-0.205621,1.075152,0.791251,1.825041,0.297676,2.924848,0.300000,0.138945,0,0
1789801182.262359,2,19.333621,21.527152,1.527365,19.128000,20.452000,19.128000,24.452000,-0.205621,1.075152,0.791251,1.825041,0.297676,2.924848,0.300000,0.142870,0,0
1789801182.362332,2,19.333621,21.527152,1.527365,19.128000,20.452000,19.128000,24.452000,-0.205621,1.075152,0.791251,1.825041,0.297676,2.924848,0.300000,0.145620,0,0
1789801182.462366,2,19.333621,21.527152,1.527365,19.128000,20.452000,19.128000,24.452000,-0.205621,1.075152,0.791251,1.825041,0.297676,2.924848,0.300000,0.147510,0,0
1789801182.562312,2,19.329742,21.643887,1.573861,19.128000,20.452000,19.128000,24.452000,-0.201742,1.191887,0.791574,1.820346,0.246486,2.808113,0.300000,0.129312,0,0
1789801182.662303,2,19.329742,21.643887,1.573861,19.128000,20.452000,19.128000,24.452000,-0.201742,1.191887,0.791574,1.820346,0.246486,2.808113,0.300000,0.117422,0,0
1789801182.762270,2,19.329742,21.643887,1.573861,19.128000,20.452000,19.128000,24.452000,-0.201742,1.191887,0.791574,1.820346,0.246486,2.808113,0.300000,0.110046,0,0
1789801182.862291,2,19.329742,21.643887,1.573861,19.128000,20.452000,19.128000,24.452000,-0.201742,1.191887,0.791574,1.820346,0.246486,2.808113,0.300000,0.105853,0,0
1789801182.962251,2,19.321584,21.767834,1.630968,19.128000,20.452000,19.128000,24.452000,-0.193584,1.315834,0.792233,1.810453,0.179485,2.684166,0.350190,0.078398,0,0
1789801183.062235,2,19.321584,21.767834,1.630968,19.128000,20.452000,19.128000,24.452000,-0.193584,1.315834,0.792233,1.810453,0.179485,2.684166,0.350190,0.061281,0,0
1789801183.162234,2,19.321584,21.767834,1.630968,19.128000,20.452000,19.128000,24.452000,-0.193584,1.315834,0.792233,1.810453,0.179485,2.684166,0.350190,0.051465,0,0
1789801183.262254,2,19.321584,21.767834,1.630968,19.128000,20.452000,19.128000,24.452000,-0.193584,1.315834,0.792233,1.810453,0.179485,2.684166,0.350190,0.046713,0,0
1789801183.362217,2,19.304011,21.890027,1.698994,19.128000,20.452000,19.128000,24.452000,-0.176011,1.438027,0.793564,1.789061,0.090067,2.561973,0.384296,0.011406,0,0
1789801183.462264,2,19.304011,21.890027,1.698994,19.128000,20.452000,19.128000,24.452000,-0.176011,1.438027,0.793564,1.789061,0.090067,2.561973,0.384296,-0.009846,0,0
1789801183.562256,2,19.304011,21.890027,1.698994,19.128000,20.452000,19.128000,24.452000,-0.176011,1.438027,0.793564,1.789061,0.090067,2.561973,0.384296,-0.021252,0,0
1789801183.662223,2,19.304011,21.890027,1.698994,19.128000,20.452000,19.128000,24.452000,-0.176011,1.438027,0.793564,1.789061,0.090067,2.561973,0.384296,-0.025900,0,0
1789801183.762174,2,19.288593,22.008215,1.738570,19.128000,20.452000,19.128000,24.452000,-0.160593,1.556215,0.794633,1.770208,0.031638,2.443785,0.366568,-0.048249,0,0
1789801183.862163,2,19.288593,22.008215,1.738570,19.128000,20.452000,19.128000,24.452000,-0.160593,1.556215,0.794633,1.770208,0.031638,2.443785,0.366568,-0.059989,0,0
1789801183.962202,2,19.288593,22.008215,1.738570,19.128000,20.452000,19.128000,24.452000,-0.160593,1.556215,0.794633,1.770208,0.031638,2.443785,0.366568,-0.064471,0,0
1789801184.062227,2,19.288593,22.008215,1.738570,19.128000,20.452000,19.128000,24.452000,-0.160593,1.556215,0.794633,1.770208,0.031638,2.443785,0.366568,-0.064127,0,0
1789801184.162225,2,19.261147,22.137556,1.767844,19.128000,20.452000,19.128000,24.452000,-0.133147,1.685556,0.796300,1.736470,-0.031374,2.314444,0.347167,-0.084655,0,0
1789801184.262216,2,19.261147,22.137556,1.767844,19.128000,20.452000,19.128000,24.452000,-0.133147,1.685556,0.796300,1.736470,-0.031374,2.314444,0.347167,-0.095035,0,0
1789801184.362185,2,19.261147,22.137556,1.767844,19.128000,20.452000,19.128000,24.452000,-0.133147,1.685556,0.796300,1.736470,-0.031374,2.314444,0.347167,-0.098504,0,0
1789801184.462215,2,19.240782,22.243174,1.763241,19.128000,20.452000,19.128000,24.452000,-0.112782,1.791174,0.797341,1.711312,-0.051928,2.208826,0.331324,-0.105220,0,0
1789801184.562137,2,19.240782,22.243174,1.763241,19.128000,20.452000,19.128000,24.452000,-0.112782,1.791174,0.797341,1.711312,-0.051928,2.208826,0.331324,-0.106348,0,0
1789801184.662212,2,19.240782,22.243174,1.763241,19.128000,20.452000,19.128000,24.452000,-0.112782,1.791174,0.797341,1.711312,-0.051928,2.208826,0.331324,-0.103855,0,0
1789801184.762218,2,19.221337,22.358788,1.738661,19.128000,20.452000,19.128000,24.452000,-0.093337,1.906788,0.798176,1.687205,-0.051456,2.093212,0.313982,-0.098964,0,0
1789801184.862117,2,19.221337,22.358788,1.738661,19.128000,20.452000,19.128000,24.452000,-0.093337,1.906788,0.798176,1.687205,-0.051456,2.093212,0.313982,-0.092904,0,0
1789801184.962116,2,19.221337,22.358788,1.738661,19.128000,20.452000,19.128000,24.452000,-0.093337,1.906788,0.798176,1.687205,-0.051456,2.093212,0.313982,-0.086339,0,0
1789801185.062174,2,19.205487,22.472477,1.698477,19.128000,20.452000,19.128000,24.452000,-0.077487,2.020477,0.798742,1.667505,-0.030973,1.979523,0.300000,-0.071933,0,0
1789801185.162135,2,19.205487,22.472477,1.698477,19.128000,20.452000,19.128000,24.452000,-0.077487,2.020477,0.798742,1.667505,-0.030973,1.979523,0.300000,-0.060455,0,0
1789801185.262099,2,19.205487,22.472477,1.698477,19.128000,20.452000,19.128000,24.452000,-0.077487,2.020477,0.798742,1.667505,-0.030973,1.979523,0.300000,-0.051310,0,0
1789801185.362114,2,19.205487,22.472477,1.698477,19.128000,20.452000,19.128000,24.452000,-0.077487,2.020477,0.798742,1.667505,-0.030973,1.979523,0.300000,-0.044025,0,0
1789801185.462167,2,19.193119,22.599567,1.638830,19.128000,20.452000,19.128000,24.452000,-0.065119,2.147567,0.799111,1.652106,0.013276,1.852433,0.300000,-0.021411,0,0
1789801185.562101,2,19.193119,22.599567,1.638830,19.128000,20.452000,19.128000,24.452000,-0.065119,2.147567,0.799111,1.652106,0.013276,1.852433,0.300000,-0.005816,0,0
1789801185.662259,2,19.193119,22.599567,1.638830,19.128000,20.452000,19.128000,24.452000,-0.065119,2.147567,0.799111,1.652106,0.013276,1.852433,0.300000,0.004663,0,0
1789801185.762098,2,19.193119,22.599567,1.638830,19.128000,20.452000,19.128000,24.452000,-0.065119,2.147567,0.799111,1.652106,0.013276,1.852433,0.300000,0.011448,0,0
1789801185.861959,2,19.187470,22.718672,1.597163,19.128000,20.452000,19.128000,24.452000,-0.059470,2.266672,0.799258,1.645066,0.047903,1.733328,0.300000,0.028764,0,0
1789801185.962075,2,19.187470,22.718672,1.597163,19.128000,20.452000,19.128000,24.452000,-0.059470,2.266672,0.799258,1.645066,0.047903,1.733328,0.300000,0.039654,0,0
1789801186.061976,2,19.187470,22.718672,1.597163,19.128000,20.452000,19.128000,24.452000,-0.059470,2.266672,0.799258,1.645066,0.047903,1.733328,0.300000,0.045995,0,0
1789801186.161949,2,19.187470,22.718672,1.597163,19.128000,20.452000,19.128000,24.452000,-0.059470,2.266672,0.799258,1.645066,0.047903,1.733328,0.300000,0.049172,0,0
1789801186.261942,2,19.183163,22.837611,1.579145,19.128000,20.452000,19.128000,24.452000,-0.055163,2.385611,0.799362,1.639696,0.060550,1.614389,0.300000,0.055003,0,0
1789801186.362107,2,19.183163,22.837611,1.579145,19.128000,20.452000,19.128000,24.452000,-0.055163,2.385611,0.799362,1.639696,0.060550,1.614389,0.300000,0.057745,0,0
1789801186.461962,2,19.183163,22.837611,1.579145,19.128000,20.452000,19.128000,24.452000,-0.055163,2.385611,0.799362,1.639696,0.060550,1.614389,0.300000,0.058401,0,0
1789801186.561967,2,19.183163,22.837611,1.579145,19.128000,20.452000,19.128000,24.452000,-0.055163,2.385611,0.799362,1.639696,0.060550,1.614389,0.300000,0.057696,0,0
1789801186.661865,2,19.177938,22.957047,1.576873,19.128000,20.452000,19.128000,24.452000,-0.049938,2.505047,0.799477,1.633178,0.056305,1.494953,0.300000,0.054534,0,0
1789801186.761915,2,19.177938,22.957047,1.576873,19.128000,20.452000,19.128000,24.452000,-0.049938,2.505047,0.799477,1.633178,0.056305,1.494953,0.300000,0.051455,0,0
1789801186.861951,2,19.177938,22.957047,1.576873,19.128000,20.452000,19.128000,24.452000,-0.049938,2.505047,0.799477,1.633178,0.056305,1.494953,0.300000,0.048552,0,0
1789801186.961906,2,19.177938,22.957047,1.576873,19.128000,20.452000,19.128000,24.452000,-0.049938,2.505047,0.799477,1.633178,0.056305,1.494953,0.300000,0.045878,0,0
1789801187.061895,2,19.166351,23.077036,1.613515,19.128000,20.452000,19.128000,24.452000,-0.038351,2.625036,0.799691,1.618717,0.005202,1.374964,0.300000,0.024037,0,0
1789801187.161922,2,19.166351,23.077036,1.613515,19.128000,20.452000,19.128000,24.452000,-0.038351,2.625036,0.799691,1.618717,0.005202,1.374964,0.300000,0.009200,0,0
1789801187.261789,2,19.166351,23.077036,1.613515,19.128000,20.452000,19.128000,24.452000,-0.038351,2.625036,0.799691,1.618717,0.005202,1.374964,0.300000,-0.000559,0,0
1789801187.361866,2,19.166351,23.077036,1.613515,19.128000,20.452000,19.128000,24.452000,-0.038351,2.625036,0.799691,1.618717,0.005202,1.374964,0.300000,-0.006678,0,0
1789801187.461881,2,19.150908,23.199961,1.650914,19.128000,20.452000,19.128000,24.452000,-0.022908,2.747961,0.799890,1.599427,-0.051487,1.252039,0.300000,-0.031766,0,0
1789801187.561816,2,19.150908,23.199961,1.650914,19.128000,20.452000,19.128000,24.452000,-0.022908,2.747961,0.799890,1.599427,-0.051487,1.252039,0.300000,-0.047581,0,0
1789801187.661797,2,19.150908,23.199961,1.650914,19.128000,20.452000,19.128000,24.452000,-0.022908,2.747961,0.799890,1.599427,-0.051487,1.252039,0.300000,-0.056829,0,0
1789801187.761846,2,19.150908,23.199961,1.650914,19.128000,20.452000,19.128000,24.452000,-0.022908,2.747961,0.799890,1.599427,-0.051487,1.252039,0.300000,-0.061505,0,0
1789801187.861788,2,19.140076,23.320884,1.654380,19.128000,20.452000,19.128000,24.452000,-0.012076,2.868884,0.799969,1.585891,-0.068490,1.131116,0.300000,-0.069532,0,0
1789801187.961758,2,19.140076,23.320884,1.654380,19.128000,20.452000,19.128000,24.452000,-0.012076,2.868884,0.799969,1.585891,-0.068490,1.131116,0.300000,-0.073258,0,0
1789801188.061824,2,19.140076,23.320884,1.654380,19.128000,20.452000,19.128000,24.452000,-0.012076,2.868884,0.799969,1.585891,-0.068490,1.131116,0.300000,-0.074082,0,0
1789801188.161906,2,19.140076,23.320884,1.654380,19.128000,20.452000,19.128000,24.452000,-0.012076,2.868884,0.799969,1.585891,-0.068490,1.131116,0.300000,-0.073015,0,0
1789801188.261732,2,19.131970,23.441967,1.633519,19.128000,20.452000,19.128000,24.452000,-0.003970,2.989967,0.799997,1.575759,-0.057760,1.010033,0.300000,-0.066700,0,0
1789801188.361793,2,19.131970,23.441967,1.633519,19.128000,20.452000,19.128000,24.452000,-0.003970,2.989967,0.799997,1.575759,-0.057760,1.010033,0.300000,-0.061145,0,0
1789801188.461707,2,19.131970,23.441967,1.633519,19.128000,20.452000,19.128000,24.452000,-0.003970,2.989967,0.799997,1.575759,-0.057760,1.010033,0.300000,-0.056300,0,0
1789801188.561798,2,19.131970,23.441967,1.633519,19.128000,20.452000,19.128000,24.452000,-0.003970,2.989967,0.799997,1.575759,-0.057760,1.010033,0.300000,-0.052102,0,0
1789801188.661691,2,19.120753,23.563075,1.610942,19.128000,20.452000,19.128000,24.452000,0.007247,3.111075,0.799989,1.561738,-0.049204,0.888925,0.300000,-0.045232,0,0
1789801188.761705,2,19.120753,23.563075,1.610942,19.128000,20.452000,19.128000,24.452000,0.007247,3.111075,0.799989,1.561738,-0.049204,0.888925,0.300000,-0.040011,0,0
1789801188.861672,2,19.120753,23.563075,1.610942,19.128000,20.452000,19.128000,24.452000,0.007247,3.111075,0.799989,1.561738,-0.049204,0.888925,0.300000,-0.036052,0,0
1789801188.961706,2,19.120753,23.563075,1.610942,19.128000,20.452000,19.128000,24.452000,0.007247,3.111075,0.799989,1.561738,-0.049204,0.888925,0.300000,-0.033061,0,0
1789801189.061725,2,19.116516,23.689890,1.577022,19.128000,20.452000,19.128000,24.452000,0.011484,3.237890,0.799972,1.556442,-0.020580,0.762110,0.300000,-0.019930,0,0
1789801189.161664,2,19.116516,23.689890,1.577022,19.128000,20.452000,19.128000,24.452000,0.011484,3.237890,0.799972,1.556442,-0.020580,0.762110,0.300000,-0.011141,0,0
1789801189.261682,2,19.116516,23.689890,1.577022,19.128000,20.452000,19.128000,24.452000,0.011484,3.237890,0.799972,1.556442,-0.020580,0.762110,0.300000,-0.005481,0,0
1789801189.361509,2,19.116516,23.689890,1.577022,19.128000,20.452000,19.128000,24.452000,0.011484,3.237890,0.799972,1.556442,-0.020580,0.762110,0.300000,-0.002052,0,0
1789801189.461686,2,19.107354,23.810441,1.549329,19.128000,20.452000,19.128000,24.452000,0.020646,3.358441,0.799911,1.544992,-0.004337,0.641559,0.300000,0.005979,0,0
1789801189.562160,2,19.107354,23.810441,1.549329,19.128000,20.452000,19.128000,24.452000,0.020646,3.358441,0.799911,1.544992,-0.004337,0.641559,0.300000,0.010792,0,0
1789801189.661771,2,19.107354,23.810441,1.549329,19.128000,20.452000,19.128000,24.452000,0.020646,3.358441,0.799911,1.544992,-0.004337,0.641559,0.300000,0.013354,0,0
1789801189.765406,2,19.107354,23.810441,1.549329,19.128000,20.452000,19.128000,24.452000,0.020646,3.358441,0.799911,1.544992,-0.004337,0.641559,0.300000,0.014373,0,0
1789801189.861526,2,19.101307,23.930543,1.545737,19.128000,20.452000,19.128000,24.452000,0.026693,3.478543,0.799850,1.537437,-0.008301,0.521457,0.300000,0.012812,0,0
1789801189.961549,2,19.101307,23.930543,1.545737,19.128000,20.452000,19.128000,24.452000,0.026693,3.478543,0.799850,1.537437,-0.008301,0.521457,0.300000,0.011135,0,0
1789801190.061603,2,19.101307,23.930543,1.545737,19.128000,20.452000,19.128000,24.452000,0.026693,3.478543,0.799850,1.537437,-0.008301,0.521457,0.300000,0.009450,0,0
1789801190.161530,2,19.101307,23.930543,1.545737,19.128000,20.452000,19.128000,24.452000,0.026693,3.478543,0.799850,1.537437,-0.008301,0.521457,0.300000,0.007828,0,0
1789801190.261703,3,19.105151,24.049040,1.549737,19.128000,20.452000,19.128000,24.452000,0.022849,3.597040,0.799890,1.542239,-0.007498,0.402960,0.300000,0.006616,0,0
1789801190.361743,3,19.105151,24.049040,1.549737,19.128000,24.452000,19.128000,26.252000,0.022849,-0.402960,0.799890,1.542239,-0.007498,2.202960,0.600000,0.005425,0,0
1789801190.461535,3,19.105151,24.049040,1.549737,19.128000,24.452000,19.128000,26.252000,0.022849,-0.402960,0.799890,1.542239,-0.007498,2.202960,0.600000,0.004296,0,0
1789801190.561677,3,19.105151,24.049040,1.549737,19.128000,24.452000,19.128000,26.252000,0.022849,-0.402960,0.799890,1.542239,-0.007498,2.202960,0.600000,0.003252,0,0
1789801190.661575,3,19.109480,24.169479,1.552985,19.128000,24.452000,19.128000,26.252000,0.018520,-0.282521,0.799928,1.547649,-0.005337,2.082521,0.600000,0.003126,0,0
1789801190.761434,3,19.109480,24.169479,1.552985,19.128000,24.452000,19.128000,26.252000,0.018520,-0.282521,0.799928,1.547649,-0.005337,2.082521,0.600000,0.002813,0,0
1789801190.861418,3,19.109480,24.169479,1.552985,19.128000,24.452000,19.128000,26.252000,0.018520,-0.282521,0.799928,1.547649,-0.005337,2.082521,0.600000,0.002394,0,0
1789801190.961431,3,19.109480,24.169479,1.552985,19.128000,24.452000,19.128000,26.252000,0.018520,-0.282521,0.799928,1.547649,-0.005337,2.082521,0.600000,0.001923,0,0
1789801191.061395,3,19.107199,24.293635,1.559132,19.128000,24.452000,19.128000,26.252000,0.020801,-0.158365,0.799909,1.544798,-0.014334,1.958365,0.600000,-0.001982,0,0
1789801191.161424,3,19.107199,24.293635,1.559132,19.128000,24.452000,19.128000,26.252000,0.020801,-0.158365,0.799909,1.544798,-0.014334,1.958365,0.600000,-0.004688,0,0
1789801191.261454,3,19.107199,24.293635,1.559132,19.128000,24.452000,19.128000,26.252000,0.020801,-0.158365,0.799909,1.544798,-0.014334,1.958365,0.600000,-0.006519,0,0
1789801191.361368,3,19.107199,24.293635,1.559132,19.128000,24.452000,19.128000,26.252000,0.020801,-0.158365,0.799909,1.544798,-0.014334,1.958365,0.600000,-0.007717,0,0
1789801191.461380,3,19.105839,24.423033,1.567815,19.128000,24.452000,19.128000,26.252000,0.022161,-0.028967,0.799897,1.543098,-0.024716,1.828967,0.600000,-0.012407,0,0
1789801191.561423,3,19.105839,24.423033,1.567815,19.128000,24.452000,19.128000,26.252000,0.022161,-0.028967,0.799897,1.543098,-0.024716,1.828967,0.600000,-0.015407,0,0
1789801191.661366,3,19.105839,24.423033,1.567815,19.128000,24.452000,19.128000,26.252000,0.022161,-0.028967,0.799897,1.543098,-0.024716,1.828967,0.600000,-0.017204,0,0
1789801191.761413,3,19.105241,24.538565,1.565379,19.128000,24.452000,19.128000,26.252000,0.022759,0.086565,0.799891,1.542351,-0.023027,1.713435,0.571145,-0.017519,0,0
1789801191.861487,3,19.105241,24.538565,1.565379,19.128000,24.452000,19.128000,26.252000,0.022759,0.086565,0.799891,1.542351,-0.023027,1.713435,0.571145,-0.017481,0,0
1789801191.961374,3,19.105241,24.538565,1.565379,19.128000,24.452000,19.128000,26.252000,0.022759,0.086565,0.799891,1.542351,-0.023027,1.713435,0.571145,-0.017218,0,0
1789801192.061332,3,19.105353,24.668528,1.565684,19.128000,24.452000,19.128000,26.252000,0.022647,0.216528,0.799892,1.542491,-0.023193,1.583472,0.527824,-0.016884,0,0
1789801192.161330,3,19.105353,24.668528,1.565684,19.128000,24.452000,19.128000,26.252000,0.022647,0.216528,0.799892,1.542491,-0.023193,1.583472,0.527824,-0.016459,0,0
1789801192.261418,3,19.105353,24.668528,1.565684,19.128000,24.452000,19.128000,26.252000,0.022647,0.216528,0.799892,1.542491,-0.023193,1.583472,0.527824,-0.015992,0,0
1789801192.361372,3,19.102474,24.805523,1.563488,19.128000,24.452000,19.128000,26.252000,0.025526,0.353523,0.799863,1.538894,-0.024594,1.446477,0.482159,-0.016050,0,0
1789801192.461324,3,19.102474,24.805523,1.563488,19.128000,24.452000,19.128000,26.252000,0.025526,0.353523,0.799863,1.538894,-0.024594,1.446477,0.482159,-0.015937,0,0
1789801192.561264,3,19.102474,24.805523,1.563488,19.128000,24.452000,19.128000,26.252000,0.025526,0.353523,0.799863,1.538894,-0.024594,1.446477,0.482159,-0.015719,0,0
1789801192.661289,3,19.098678,24.955394,1.559467,19.128000,24.452000,19.128000,26.252000,0.029322,0.503394,0.799820,1.534152,-0.025315,1.296606,0.432202,-0.015717,0,0
1789801192.764929,3,19.098678,24.955394,1.559467,19.128000,24.452000,19.128000,26.252000,0.029322,0.503394,0.799820,1.534152,-0.025315,1.296606,0.432202,-0.015593,0,0
1789801192.861298,3,19.094305,25.070635,1.553630,19.128000,24.452000,19.128000,26.252000,0.033695,0.618635,0.799762,1.528689,-0.024941,1.181365,0.393788,-0.015250,0,0
1789801192.961244,3,19.094305,25.070635,1.553630,19.128000,24.452000,19.128000,26.252000,0.033695,0.618635,0.799762,1.528689,-0.024941,1.181365,0.393788,-0.014920,0,0
1789801193.061291,3,19.087632,25.183353,1.551353,19.128000,24.452000,19.128000,26.252000,0.040368,0.731353,0.799658,1.520358,-0.030996,1.068647,0.356216,-0.016910,0,0
1789801193.161202,3,19.087632,25.183353,1.551353,19.128000,24.452000,19.128000,26.252000,0.040368,0.731353,0.799658,1.520358,-0.030996,1.068647,0.356216,-0.018128,0,0
1789801193.261192,3,19.087632,25.183353,1.551353,19.128000,24.452000,19.128000,26.252000,0.040368,0.731353,0.799658,1.520358,-0.030996,1.068647,0.356216,-0.018802,0,0
1789801193.361245,3,19.089377,25.331711,1.538949,19.128000,24.452000,19.128000,26.252000,0.038623,0.879711,0.799687,1.522536,-0.016413,0.920289,0.306763,-0.013560,0,0
1789801193.461188,3,19.089377,25.331711,1.538949,19.128000,24.452000,19.128000,26.252000,0.038623,0.879711,0.799687,1.522536,-0.016413,0.920289,0.306763,-0.009991,0,0
1789801193.561211,3,19.089377,25.331711,1.538949,19.128000,24.452000,19.128000,26.252000,0.038623,0.879711,0.799687,1.522536,-0.016413,0.920289,0.306763,-0.007635,0,0
1789801193.661147,3,19.088054,25.467398,1.532298,19.128000,24.452000,19.128000,26.252000,0.039946,1.015398,0.799665,1.520885,-0.011413,0.784602,0.300000,-0.004250,0,0
1789801193.761250,3,19.088054,25.467398,1.532298,19.128000,24.452000,19.128000,26.252000,0.039946,1.015398,0.799665,1.520885,-0.011413,0.784602,0.300000,-0.002142,0,0
1789801193.861193,3,19.088054,25.467398,1.532298,19.128000,24.452000,19.128000,26.252000,0.039946,1.015398,0.799665,1.520885,-0.011413,0.784602,0.300000,-0.000935,0,0
1789801193.961162,3,19.084297,25.588654,1.529747,19.128000,24.452000,19.128000,26.252000,0.043703,1.136654,0.799599,1.516195,-0.013552,0.663346,0.300000,-0.001167,0,0
1789801194.061152,3,19.084297,25.588654,1.529747,19.128000,24.452000,19.128000,26.252000,0.043703,1.136654,0.799599,1.516195,-0.013552,0.663346,0.300000,-0.001539,0,0
1789801194.161135,3,19.084297,25.588654,1.529747,19.128000,24.452000,19.128000,26.252000,0.043703,1.136654,0.799599,1.516195,-0.013552,0.663346,0.300000,-0.001987,0,0
1789801194.261146,3,19.081976,25.711843,1.527421,19.128000,24.452000,19.128000,26.252000,0.046024,1.259843,0.799556,1.513298,-0.014123,0.540157,0.300000,-0.002683,0,0
1789801194.361156,3,19.081976,25.711843,1.527421,19.128000,24.452000,19.128000,26.252000,0.046024,1.259843,0.799556,1.513298,-0.014123,0.540157,0.300000,-0.003303,0,0
1789801194.461143,3,19.081976,25.711843,1.527421,19.128000,24.452000,19.128000,26.252000,0.046024,1.259843,0.799556,1.513298,-0.014123,0.540157,0.300000,-0.003850,0,0
1789801194.561107,3,19.081976,25.711843,1.527421,19.128000,24.452000,19.128000,26.252000,0.046024,1.259843,0.799556,1.513298,-0.014123,0.540157,0.300000,-0.004329,0,0
1789801194.661115,3,19.081976,25.711843,1.527421,19.128000,24.452000,19.128000,26.252000,0.046024,1.259843,0.799556,1.513298,-0.014123,0.540157,0.300000,-0.004744,0,0
1789801194.761238,4,19.085220,25.825597,1.537102,19.128000,24.452000,19.128000,26.252000,0.042780,1.373597,0.799616,1.517347,-0.019755,0.426403,0.300000,-0.007244,0,0
1789801194.861093,4,19.085220,25.825597,1.537102,19.128000,26.252000,13.628000,26.252000,0.426403,0.042780,0.764148,2.632620,1.095518,5.457220,0.180000,0.154205,0,0
1789801194.961203,4,19.085220,25.825597,1.537102,19.128000,26.252000,13.628000,26.252000,0.426403,0.042780,0.764148,2.632620,1.095518,5.457220,0.180000,0.283364,0,0
1789801195.060999,4,19.085220,25.825597,1.537102,19.128000,26.252000,13.628000,26.252000,0.426403,0.042780,0.764148,2.632620,1.095518,5.457220,0.180000,0.386691,0,0
1789801195.161107,4,19.085455,25.943675,1.542184,19.128000,26.252000,13.628000,26.252000,0.308325,0.042545,0.780686,2.765455,1.223271,5.457455,0.180000,0.469353,0,0
1789801195.261084,4,19.085455,25.943675,1.542184,19.128000,26.252000,13.628000,26.252000,0.308325,0.042545,0.780686,2.765455,1.223271,5.457455,0.180000,0.535482,0,0
1789801195.361045,4,19.085455,25.943675,1.542184,19.128000,26.252000,13.628000,26.252000,0.308325,0.042545,0.780686,2.765455,1.223271,5.457455,0.180000,0.588386,0,0
1789801195.461010,4,19.085455,25.943675,1.542184,19.128000,26.252000,13.628000,26.252000,0.308325,0.042545,0.780686,2.765455,1.223271,5.457455,0.180000,0.630709,0,0
1789801195.560977,4,19.085687,26.058992,1.537229,19.128000,26.252000,13.628000,26.252000,0.193008,0.042313,0.792278,2.902635,1.365406,5.457687,0.180000,0.664567,0,0
1789801195.660934,4,19.085687,26.058992,1.537229,19.128000,26.252000,13.628000,26.252000,0.193008,0.042313,0.792278,2.902635,1.365406,5.457687,0.180000,0.691654,0,0
1789801195.760958,4,19.085687,26.058992,1.537229,19.128000,26.252000,13.628000,26.252000,0.193008,0.042313,0.792278,2.902635,1.365406,5.457687,0.180000,0.713323,0,0
1789801195.860998,4,19.085687,26.058992,1.537229,19.128000,26.252000,13.628000,26.252000,0.193008,0.042313,0.792278,2.902635,1.365406,5.457687,0.180000,0.730658,0,0
1789801195.960996,4,19.083807,26.175043,1.597803,19.128000,26.252000,13.628000,26.252000,0.076957,0.044193,0.798759,3.045544,1.447741,5.455807,0.180000,0.744527,0,0
1789801196.061575,4,19.083807,26.175043,1.597803,19.128000,26.252000,13.628000,26.252000,0.076957,0.044193,0.798759,3.045544,1.447741,5.455807,0.180000,0.755621,0,0
1789801196.160923,4,19.068586,26.245331,1.727880,19.128000,26.252000,13.628000,26.252000,0.006669,0.059414,0.799991,3.133257,1.405377,5.440586,0.180000,0.764497,0,0
1789801196.260967,4,19.068586,26.245331,1.727880,19.128000,26.252000,13.628000,26.252000,0.006669,0.059414,0.799991,3.133257,1.405377,5.440586,0.180000,0.771598,0,0
1789801196.361070,4,19.056787,26.286777,1.874241,19.128000,26.252000,13.628000,26.252000,-0.034777,0.071213,0.799746,-3.098135,1.310809,5.428787,0.180000,0.743825,0,0
1789801196.460957,4,19.056787,26.286777,1.874241,19.128000,26.252000,13.628000,26.252000,-0.034777,0.071213,0.799746,-3.098135,1.310809,5.428787,0.180000,0.722514,0,0
1789801196.561536,4,19.037024,26.326250,2.019975,19.128000,26.252000,13.628000,26.252000,-0.074250,0.090976,0.798844,-3.048912,1.214299,5.409024,0.180000,0.669676,0,0
1789801196.660943,4,19.037024,26.326250,2.019975,19.128000,26.252000,13.628000,26.252000,-0.074250,0.090976,0.798844,-3.048912,1.214299,5.409024,0.180000,0.633359,0,0
1789801196.760870,4,19.015943,26.361437,2.173127,19.128000,26.252000,13.628000,26.252000,-0.109437,0.112057,0.797495,-3.005218,1.104840,5.387943,0.180000,0.567457,0,0
1789801196.860919,4,19.015943,26.361437,2.173127,19.128000,26.252000,13.628000,26.252000,-0.109437,0.112057,0.797495,-3.005218,1.104840,5.387943,0.180000,0.524679,0,0
1789801196.960896,4,19.015943,26.361437,2.173127,19.128000,26.252000,13.628000,26.252000,-0.109437,0.112057,0.797495,-3.005218,1.104840,5.387943,0.180000,0.498410,0,0
1789801197.060881,4,18.986784,26.389281,2.333533,19.128000,26.252000,13.628000,26.252000,-0.137281,0.141216,0.796068,-2.970823,0.978829,5.358784,0.180000,0.435875,0,0
1789801197.160876,4,18.949836,26.414403,2.493767,19.128000,26.252000,13.628000,26.252000,-0.162403,0.178164,0.794512,-2.939964,0.849454,5.321836,0.180000,0.348830,0,0
1789801197.260887,4,18.949836,26.414403,2.493767,19.128000,26.252000,13.628000,26.252000,-0.162403,0.178164,0.794512,-2.939964,0.849454,5.321836,0.180000,0.296157,0,0
1789801197.360866,4,18.949836,26.414403,2.493767,19.128000,26.252000,13.628000,26.252000,-0.162403,0.178164,0.794512,-2.939964,0.849454,5.321836,0.180000,0.267590,0,0
1789801197.460868,4,18.915905,26.436052,2.632207,19.128000,26.252000,13.628000,26.252000,-0.184052,0.212095,0.792970,-2.913526,0.737452,5.287905,0.180000,0.213027,0,0
1789801197.560826,4,18.878979,26.451037,2.750239,19.128000,26.252000,13.628000,26.252000,-0.199037,0.249021,0.791795,-2.895320,0.637626,5.250979,0.300000,0.146398,0,0
1789801197.660837,4,18.878979,26.451037,2.750239,19.128000,26.252000,13.628000,26.252000,-0.199037,0.249021,0.791795,-2.895320,0.637626,5.250979,0.300000,0.110652,0,0
1789801197.760820,4,18.878979,26.451037,2.750239,19.128000,26.252000,13.628000,26.252000,-0.199037,0.249021,0.791795,-2.895320,0.637626,5.250979,0.300000,0.096101,0,0
1789801197.860774,4,18.816596,26.463399,2.893930,19.128000,26.252000,13.628000,26.252000,-0.211399,0.311404,0.790760,-2.880365,0.508890,5.188596,0.300000,0.046764,0,0
1789801197.960813,4,18.816596,26.463399,2.893930,19.128000,26.252000,13.628000,26.252000,-0.211399,0.311404,0.790760,-2.880365,0.508890,5.188596,0.300000,0.023495,0,0
1789801198.060787,4,18.816596,26.463399,2.893930,19.128000,26.252000,13.628000,26.252000,-0.211399,0.311404,0.790760,-2.880365,0.508890,5.188596,0.300000,0.017841,0,0
1789801198.160860,4,18.816596,26.463399,2.893930,19.128000,26.252000,13.628000,26.252000,-0.211399,0.311404,0.790760,-2.880365,0.508890,5.188596,0.300000,0.023687,0,0
1789801198.260758,4,18.816596,26.463399,2.893930,19.128000,26.252000,13.628000,26.252000,-0.211399,0.311404,0.790760,-2.880365,0.508890,5.188596,0.300000,0.036659,0,0
1789801198.360765,4,18.724113,26.455919,3.029448,19.128000,26.252000,13.628000,26.252000,-0.203919,0.403887,0.791393,-2.889407,0.364330,5.096113,0.300000,-0.001257,0,0
1789801198.460732,4,18.724113,26.455919,3.029448,19.128000,26.252000,13.628000,26.252000,-0.203919,0.403887,0.791393,-2.889407,0.364330,5.096113,0.300000,-0.018186,0,0
1789801198.560733,4,18.724113,26.455919,3.029448,19.128000,26.252000,13.628000,26.252000,-0.203919,0.403887,0.791393,-2.889407,0.364330,5.096113,0.300000,-0.021007,0,0
1789801198.660734,4,18.724113,26.455919,3.029448,19.128000,26.252000,13.628000,26.252000,-0.203919,0.403887,0.791393,-2.889407,0.364330,5.096113,0.300000,-0.014685,0,0
1789801198.760716,4,18.724113,26.455919,3.029448,19.128000,26.252000,13.628000,26.252000,-0.203919,0.403887,0.791393,-2.889407,0.364330,5.096113,0.300000,-0.002765,0,0
1789801198.860779,4,18.724113,26.455919,3.029448,19.128000,26.252000,13.628000,26.252000,-0.203919,0.403887,0.791393,-2.889407,0.364330,5.096113,0.300000,0.012261,0,0
1789801198.960661,4,18.611848,26.442767,-3.136402,19.128000,26.252000,13.628000,26.252000,-0.190767,0.516152,0.792454,-2.905359,0.231043,4.983848,0.300005,-0.022009,0,0
1789801199.060685,4,18.611848,26.442767,-3.136402,19.128000,26.252000,13.628000,26.252000,-0.190767,0.516152,0.792454,-2.905359,0.231043,4.983848,0.300005,-0.038440,0,0
1789801199.160712,4,18.611848,26.442767,-3.136402,19.128000,26.252000,13.628000,26.252000,-0.190767,0.516152,0.792454,-2.905359,0.231043,4.983848,0.300005,-0.042798,0,0
1789801199.260672,4,18.507567,26.432007,-3.089340,19.128000,26.252000,13.628000,26.252000,-0.180007,0.620433,0.793272,-2.918454,0.170886,4.879567,0.359341,-0.062120,0,0
1789801199.360612,4,18.507567,26.432007,-3.089340,19.128000,26.252000,13.628000,26.252000,-0.180007,0.620433,0.793272,-2.918454,0.170886,4.879567,0.359341,-0.068584,0,0
1789801199.460747,4,18.507567,26.432007,-3.089340,19.128000,26.252000,13.628000,26.252000,-0.180007,0.620433,0.793272,-2.918454,0.170886,4.879567,0.359341,-0.066559,0,0
1789801199.560715,4,18.507567,26.432007,-3.089340,19.128000,26.252000,13.628000,26.252000,-0.180007,0.620433,0.793272,-2.918454,0.170886,4.879567,0.359341,-0.059183,0,0
1789801199.660643,4,18.396016,26.419757,-3.109259,19.128000,26.252000,13.628000,26.252000,-0.167757,0.731984,0.794148,-2.933412,0.175847,4.768016,0.354033,-0.046791,0,0
1789801199.760640,4,18.396016,26.419757,-3.109259,19.128000,26.252000,13.628000,26.252000,-0.167757,0.731984,0.794148,-2.933412,0.175847,4.768016,0.354033,-0.033472,0,0
1789801199.860625,4,18.396016,26.419757,-3.109259,19.128000,26.252000,13.628000,26.252000,-0.167757,0.731984,0.794148,-2.933412,0.175847,4.768016,0.354033,-0.020092,0,0
1789801199.960614,4,18.396016,26.419757,-3.109259,19.128000,26.252000,13.628000,26.252000,-0.167757,0.731984,0.794148,-2.933412,0.175847,4.768016,0.354033,-0.007208,0,0
1789801200.060661,4,18.396016,26.419757,-3.109259,19.128000,26.252000,13.628000,26.252000,-0.167757,0.731984,0.794148,-2.933412,0.175847,4.768016,0.354033,0.004843,0,0
1789801200.160690,4,18.282903,26.407125,-3.129207,19.128000,26.252000,13.628000,26.252000,-0.155125,0.845097,0.794989,-2.948885,0.180322,4.654903,0.349312,0.017579,0,0
1789801200.260601,4,18.282903,26.407125,-3.129207,19.128000,26.252000,13.628000,26.252000,-0.155125,0.845097,0.794989,-2.948885,0.180322,4.654903,0.349312,0.028633,0,0
1789801200.360607,4,18.282903,26.407125,-3.129207,19.128000,26.252000,13.628000,26.252000,-0.155125,0.845097,0.794989,-2.948885,0.180322,4.654903,0.349312,0.038169,0,0
1789801200.460568,4,18.282903,26.407125,-3.129207,19.128000,26.252000,13.628000,26.252000,-0.155125,0.845097,0.794989,-2.948885,0.180322,4.654903,0.349312,0.046352,0,0
1789801200.560571,4,18.145002,26.405263,3.138202,19.128000,26.252000,13.628000,26.252000,-0.153263,0.982998,0.795108,-2.951171,0.193813,4.517002,0.335456,0.058468,0,0
1789801200.660570,4,18.145002,26.405263,3.138202,19.128000,26.252000,13.628000,26.252000,-0.153263,0.982998,0.795108,-2.951171,0.193813,4.517002,0.335456,0.067759,0,0
1789801200.760465,4,18.034698,26.410273,3.127503,19.128000,26.252000,13.628000,26.252000,-0.158273,1.093302,0.794785,-2.945025,0.210658,4.406698,0.318925,0.081277,0,0
1789801200.860535,4,18.034698,26.410273,3.127503,19.128000,26.252000,13.628000,26.252000,-0.158273,1.093302,0.794785,-2.945025,0.210658,4.406698,0.318925,0.090891,0,0
1789801200.960531,4,18.034698,26.410273,3.127503,19.128000,26.252000,13.628000,26.252000,-0.158273,1.093302,0.794785,-2.945025,0.210658,4.406698,0.318925,0.097621,0,0
1789801201.060500,4,17.934000,26.405015,3.139787,19.128000,26.252000,13.628000,26.252000,-0.153015,1.194000,0.795123,-2.951475,0.191924,4.306000,0.337363,0.095116,0,0
1789801201.160514,4,17.934000,26.405015,3.139787,19.128000,26.252000,13.628000,26.252000,-0.153015,1.194000,0.795123,-2.951475,0.191924,4.306000,0.337363,0.093546,0,0
1789801201.260531,4,17.934000,26.405015,3.139787,19.128000,26.252000,13.628000,26.252000,-0.153015,1.194000,0.795123,-2.951475,0.191924,4.306000,0.337363,0.092638,0,0
1789801201.360411,4,17.830522,26.398695,-3.121164,19.128000,26.252000,13.628000,26.252000,-0.146695,1.297478,0.795515,-2.959238,0.161926,4.202522,0.369131,0.080784,0,0
1789801201.460519,4,17.830522,26.398695,-3.121164,19.128000,26.252000,13.628000,26.252000,-0.146695,1.297478,0.795515,-2.959238,0.161926,4.202522,0.369131,0.073204,0,0
1789801201.560454,4,17.830522,26.398695,-3.121164,19.128000,26.252000,13.628000,26.252000,-0.146695,1.297478,0.795515,-2.959238,0.161926,4.202522,0.369131,0.068663,0,0
1789801201.660434,4,17.830522,26.398695,-3.121164,19.128000,26.252000,13.628000,26.252000,-0.146695,1.297478,0.795515,-2.959238,0.161926,4.202522,0.369131,0.066249,0,0
1789801201.760426,4,17.700136,26.391415,-3.081483,19.128000,26.252000,13.628000,26.252000,-0.139415,1.427864,0.795946,-2.968196,0.113287,4.072136,0.427121,0.046809,0,0
1789801201.860476,4,17.700136,26.391415,-3.081483,19.128000,26.252000,13.628000,26.252000,-0.139415,1.427864,0.795946,-2.968196,0.113287,4.072136,0.427121,0.034760,0,0
1789801201.960422,4,17.700136,26.391415,-3.081483,19.128000,26.252000,13.628000,26.252000,-0.139415,1.427864,0.795946,-2.968196,0.113287,4.072136,0.427121,0.027925,0,0
1789801202.060488,4,17.700136,26.391415,-3.081483,19.128000,26.252000,13.628000,26.252000,-0.139415,1.427864,0.795946,-2.968196,0.113287,4.072136,0.427121,0.024699,0,0
1789801202.160464,4,17.568656,26.372621,-3.040562,19.128000,26.252000,13.628000,26.252000,-0.120621,1.559344,0.796960,-2.991381,0.049180,3.940656,0.429890,-0.000456,0,0
1789801202.260468,4,17.568656,26.372621,-3.040562,19.128000,26.252000,13.628000,26.252000,-0.120621,1.559344,0.796960,-2.991381,0.049180,3.940656,0.429890,-0.015553,0,0
1789801202.360394,4,17.568656,26.372621,-3.040562,19.128000,26.252000,13.628000,26.252000,-0.120621,1.559344,0.796960,-2.991381,0.049180,3.940656,0.429890,-0.023609,0,0
1789801202.460361,4,17.456251,26.358355,-3.015468,19.128000,26.252000,13.628000,26.252000,-0.106355,1.671749,0.797634,-3.009037,0.006431,3.828251,0.417627,-0.043084,0,0
1789801202.560392,4,17.456251,26.358355,-3.015468,19.128000,26.252000,13.628000,26.252000,-0.106355,1.671749,0.797634,-3.009037,0.006431,3.828251,0.417627,-0.053696,0,0
1789801202.660365,4,17.456251,26.358355,-3.015468,19.128000,26.252000,13.628000,26.252000,-0.106355,1.671749,0.797634,-3.009037,0.006431,3.828251,0.417627,-0.058211,0,0
1789801202.760327,4,17.343021,26.335572,-3.015657,19.128000,26.252000,13.628000,26.252000,-0.083572,1.784979,0.798537,-3.037316,-0.021660,3.715021,0.405275,-0.069321,0,0
1789801202.860410,4,17.343021,26.335572,-3.015657,19.128000,26.252000,13.628000,26.252000,-0.083572,1.784979,0.798537,-3.037316,-0.021660,3.715021,0.405275,-0.074091,0,0
1789801202.960412,4,17.343021,26.335572,-3.015657,19.128000,26.252000,13.628000,26.252000,-0.083572,1.784979,0.798537,-3.037316,-0.021660,3.715021,0.405275,-0.074614,0,0
1789801203.060326,4,17.219666,26.320277,-3.026386,19.128000,26.252000,13.628000,26.252000,-0.068277,1.908334,0.799023,-3.056349,-0.029963,3.591666,0.391818,-0.075554,0,0
1789801203.160323,4,17.219666,26.320277,-3.026386,19.128000,26.252000,13.628000,26.252000,-0.068277,1.908334,0.799023,-3.056349,-0.029963,3.591666,0.391818,-0.073733,0,0
1789801203.260365,4,17.219666,26.320277,-3.026386,19.128000,26.252000,13.628000,26.252000,-0.068277,1.908334,0.799023,-3.056349,-0.029963,3.591666,0.391818,-0.070217,0,0
1789801203.360301,4,17.095525,26.304832,-3.051334,19.128000,26.252000,13.628000,26.252000,-0.052832,2.032475,0.799414,-3.075600,-0.024266,3.467525,0.378275,-0.063592,0,0
1789801203.460334,4,17.095525,26.304832,-3.051334,19.128000,26.252000,13.628000,26.252000,-0.052832,2.032475,0.799414,-3.075600,-0.024266,3.467525,0.378275,-0.057293,0,0
1789801203.560287,4,17.095525,26.304832,-3.051334,19.128000,26.252000,13.628000,26.252000,-0.052832,2.032475,0.799414,-3.075600,-0.024266,3.467525,0.378275,-0.051456,0,0
1789801203.660292,4,16.975954,26.291603,-3.075614,19.128000,26.252000,13.628000,26.252000,-0.039603,2.152046,0.799671,-3.092109,-0.016495,3.347954,0.365231,-0.043194,0,0
1789801203.760294,4,16.975954,26.291603,-3.075614,19.128000,26.252000,13.628000,26.252000,-0.039603,2.152046,0.799671,-3.092109,-0.016495,3.347954,0.365231,-0.036509,0,0
1789801203.860444,4,16.975954,26.291603,-3.075614,19.128000,26.252000,13.628000,26.252000,-0.039603,2.152046,0.799671,-3.092109,-0.016495,3.347954,0.365231,-0.031101,0,0
1789801203.960360,4,16.860897,26.283124,-3.097638,19.128000,26.252000,13.628000,26.252000,-0.031124,2.267103,0.799797,-3.102697,-0.005059,3.232897,0.352680,-0.022377,0,0
1789801204.060272,4,16.860897,26.283124,-3.097638,19.128000,26.252000,13.628000,26.252000,-0.031124,2.267103,0.799797,-3.102697,-0.005059,3.232897,0.352680,-0.016000,0,0
1789801204.160270,4,16.860897,26.283124,-3.097638,19.128000,26.252000,13.628000,26.252000,-0.031124,2.267103,0.799797,-3.102697,-0.005059,3.232897,0.352680,-0.011380,0,0
1789801204.260235,4,16.750272,26.271991,-3.111408,19.128000,26.252000,13.628000,26.252000,-0.019991,2.377728,0.799916,-3.116606,-0.005198,3.122272,0.340611,-0.008122,0,0
1789801204.360264,4,16.750272,26.271991,-3.111408,19.128000,26.252000,13.628000,26.252000,-0.019991,2.377728,0.799916,-3.116606,-0.005198,3.122272,0.340611,-0.005816,0,0
1789801204.460204,4,16.750272,26.271991,-3.111408,19.128000,26.252000,13.628000,26.252000,-0.019991,2.377728,0.799916,-3.116606,-0.005198,3.122272,0.340611,-0.004211,0,0
1789801204.560161,4,16.645361,26.268137,-3.122363,19.128000,26.252000,13.628000,26.252000,-0.016137,2.482639,0.799945,-3.121423,0.000940,3.017361,0.329167,-0.000787,0,0
1789801204.660218,4,16.645361,26.268137,-3.122363,19.128000,26.252000,13.628000,26.252000,-0.016137,2.482639,0.799945,-3.121423,0.000940,3.017361,0.329167,0.001455,0,0
1789801204.760153,4,16.645361,26.268137,-3.122363,19.128000,26.252000,13.628000,26.252000,-0.016137,2.482639,0.799945,-3.121423,0.000940,3.017361,0.329167,0.002850,0,0
1789801204.860142,4,16.532647,26.260562,-3.124040,19.128000,26.252000,13.628000,26.252000,-0.008562,2.595353,0.799985,-3.130891,-0.006851,2.904647,0.316871,0.000687,0,0
1789801204.960138,4,16.532647,26.260562,-3.124040,19.128000,26.252000,13.628000,26.252000,-0.008562,2.595353,0.799985,-3.130891,-0.006851,2.904647,0.316871,-0.000862,0,0
1789801205.060149,4,16.532647,26.260562,-3.124040,19.128000,26.252000,13.628000,26.252000,-0.008562,2.595353,0.799985,-3.130891,-0.006851,2.904647,0.316871,-0.001956,0,0
1789801205.160137,4,16.426364,26.257808,-3.126882,19.128000,26.252000,13.628000,26.252000,-0.005808,2.701636,0.799993,-3.134333,-0.007451,2.798364,0.305276,-0.002942,0,0
1789801205.260159,4,16.426364,26.257808,-3.126882,19.128000,26.252000,13.628000,26.252000,-0.005808,2.701636,0.799993,-3.134333,-0.007451,2.798364,0.305276,-0.003605,0,0
1789801205.360153,4,16.426364,26.257808,-3.126882,19.128000,26.252000,13.628000,26.252000,-0.005808,2.701636,0.799993,-3.134333,-0.007451,2.798364,0.305276,-0.004035,0,0
1789801205.460119,4,16.426364,26.257808,-3.126882,19.128000,26.252000,13.628000,26.252000,-0.005808,2.701636,0.799993,-3.134333,-0.007451,2.798364,0.305276,-0.004297,0,0
1789801205.560096,4,16.291749,26.249773,-3.119404,19.128000,26.252000,13.628000,26.252000,0.002227,2.836251,0.799999,3.138808,-0.024973,2.663749,0.300000,-0.011101,0,0
1789801205.660126,4,16.291749,26.249773,-3.119404,19.128000,26.252000,13.628000,26.252000,0.002227,2.836251,0.799999,3.138808,-0.024973,2.663749,0.300000,-0.015511,0,0
1789801205.760091,4,16.291749,26.249773,-3.119404,19.128000,26.252000,13.628000,26.252000,0.002227,2.836251,0.799999,3.138808,-0.024973,2.663749,0.300000,-0.018213,0,0
1789801205.860036,4,16.291749,26.249773,-3.119404,19.128000,26.252000,13.628000,26.252000,0.002227,2.836251,0.799999,3.138808,-0.024973,2.663749,0.300000,-0.019713,0,0
1789801205.960036,4,16.162985,26.244690,-3.121019,19.128000,26.252000,13.628000,26.252000,0.007310,2.965015,0.799989,3.132455,-0.029711,2.534985,0.300000,-0.022184,0,0
1789801206.060044,4,16.162985,26.244690,-3.121019,19.128000,26.252000,13.628000,26.252000,0.007310,2.965015,0.799989,3.132455,-0.029711,2.534985,0.300000,-0.023472,0,0
1789801206.160054,4,16.162985,26.244690,-3.121019,19.128000,26.252000,13.628000,26.252000,0.007310,2.965015,0.799989,3.132455,-0.029711,2.534985,0.300000,-0.023952,0,0
1789801206.260005,4,16.162985,26.244690,-3.121019,19.128000,26.252000,13.628000,26.252000,0.007310,2.965015,0.799989,3.132455,-0.029711,2.534985,0.300000,-0.023895,0,0
1789801206.360007,4,16.035147,26.240912,-3.123393,19.128000,26.252000,13.628000,26.252000,0.011088,3.092853,0.799974,3.127733,-0.032059,2.407147,0.300000,-0.024389,0,0
1789801206.459980,4,16.035147,26.240912,-3.123393,19.128000,26.252000,13.628000,26.252000,0.011088,3.092853,0.799974,3.127733,-0.032059,2.407147,0.300000,-0.024371,0,0
1789801206.559984,4,16.035147,26.240912,-3.123393,19.128000,26.252000,13.628000,26.252000,0.011088,3.092853,0.799974,3.127733,-0.032059,2.407147,0.300000,-0.024026,0,0
1789801206.659997,4,16.035147,26.240912,-3.123393,19.128000,26.252000,13.628000,26.252000,0.011088,3.092853,0.799974,3.127733,-0.032059,2.407147,0.300000,-0.023485,0,0
1789801206.759972,4,15.913367,26.233150,-3.129391,19.128000,26.252000,13.628000,26.252000,0.018850,3.214633,0.799925,3.118033,-0.035762,2.285367,0.300000,-0.024248,0,0
1789801206.859952,4,15.913367,26.233150,-3.129391,19.128000,26.252000,13.628000,26.252000,0.018850,3.214633,0.799925,3.118033,-0.035762,2.285367,0.300000,-0.024482,0,0
1789801206.959947,4,15.913367,26.233150,-3.129391,19.128000,26.252000,13.628000,26.252000,0.018850,3.214633,0.799925,3.118033,-0.035762,2.285367,0.300000,-0.024367,0,0
1789801207.059957,4,15.913367,26.233150,-3.129391,19.128000,26.252000,13.628000,26.252000,0.018850,3.214633,0.799925,3.118033,-0.035762,2.285367,0.300000,-0.024034,0,0
1789801207.159901,4,15.790122,26.228045,-3.135646,19.128000,26.252000,13.628000,26.252000,0.023955,3.337878,0.799880,3.111654,-0.035885,2.162122,0.300000,-0.023622,0,0
1789801207.259982,4,15.790122,26.228045,-3.135646,19.128000,26.252000,13.628000,26.252000,0.023955,3.337878,0.799880,3.111654,-0.035885,2.162122,0.300000,-0.023131,0,0
1789801207.359940,4,15.790122,26.228045,-3.135646,19.128000,26.252000,13.628000,26.252000,0.023955,3.337878,0.799880,3.111654,-0.035885,2.162122,0.300000,-0.022609,0,0
1789801207.459922,4,15.790122,26.228045,-3.135646,19.128000,26.252000,13.628000,26.252000,0.023955,3.337878,0.799880,3.111654,-0.035885,2.162122,0.300000,-0.022089,0,0
1789801207.559892,4,15.666481,26.223332,3.136495,19.128000,26.252000,13.628000,26.252000,0.028668,3.461519,0.799827,3.105766,-0.030729,2.038481,0.300000,-0.019630,0,0
1789801207.659861,4,15.666481,26.223332,3.136495,19.128000,26.252000,13.628000,26.252000,0.028668,3.461519,0.799827,3.105766,-0.030729,2.038481,0.300000,-0.017886,0,0
1789801207.759877,4,15.666481,26.223332,3.136495,19.128000,26.252000,13.628000,26.252000,0.028668,3.461519,0.799827,3.105766,-0.030729,2.038481,0.300000,-0.016669,0,0
1789801207.859877,4,15.666481,26.223332,3.136495,19.128000,26.252000,13.628000,26.252000,0.028668,3.461519,0.799827,3.105766,-0.030729,2.038481,0.300000,-0.015837,0,0
1789801207.959826,4,15.537913,26.223931,3.125166,19.128000,26.252000,13.628000,26.252000,0.028069,3.590087,0.799835,3.106514,-0.018652,1.909913,0.300000,-0.010696,0,0
1789801208.059822,4,15.537913,26.223931,3.125166,19.128000,26.252000,13.628000,26.252000,0.028069,3.590087,0.799835,3.106514,-0.018652,1.909913,0.300000,-0.007351,0,0
1789801208.159866,4,15.537913,26.223931,3.125166,19.128000,26.252000,13.628000,26.252000,0.028069,3.590087,0.799835,3.106514,-0.018652,1.909913,0.300000,-0.005289,0,0
1789801208.259810,4,15.537913,26.223931,3.125166,19.128000,26.252000,13.628000,26.252000,0.028069,3.590087,0.799835,3.106514,-0.018652,1.909913,0.300000,-0.004131,0,0
1789801208.359965,4,15.407751,26.227388,3.112703,19.128000,26.252000,13.628000,26.252000,0.024612,3.720249,0.799873,3.110832,-0.001871,1.779751,0.300000,0.002773,0,0
1789801208.459823,4,15.407751,26.227388,3.112703,19.128000,26.252000,13.628000,26.252000,0.024612,3.720249,0.799873,3.110832,-0.001871,1.779751,0.300000,0.007043,0,0
1789801208.559777,4,15.407751,26.227388,3.112703,19.128000,26.252000,13.628000,26.252000,0.024612,3.720249,0.799873,3.110832,-0.001871,1.779751,0.300000,0.009456,0,0
1789801208.659816,4,15.407751,26.227388,3.112703,19.128000,26.252000,13.628000,26.252000,0.024612,3.720249,0.799873,3.110832,-0.001871,1.779751,0.300000,0.010585,0,0
1789801208.759871,4,15.286541,26.230213,3.101302,19.128000,26.252000,13.628000,26.252000,0.021787,3.841459,0.799900,3.114362,0.013060,1.658541,0.300000,0.016521,0,0
1789801208.859763,4,15.286541,26.230213,3.101302,19.128000,26.252000,13.628000,26.252000,0.021787,3.841459,0.799900,3.114362,0.013060,1.658541,0.300000,0.019920,0,0
1789801208.959767,4,15.286541,26.230213,3.101302,19.128000,26.252000,13.628000,26.252000,0.021787,3.841459,0.799900,3.114362,0.013060,1.658541,0.300000,0.021560,0,0
1789801209.059733,4,15.286541,26.230213,3.101302,19.128000,26.252000,13.628000,26.252000,0.021787,3.841459,0.799900,3.114362,0.013060,1.658541,0.300000,0.022008,0,0
1789801209.159726,4,15.159854,26.230367,3.101631,19.128000,26.252000,13.628000,26.252000,0.021633,3.968146,0.799902,3.114555,0.012924,1.531854,0.300000,0.021624,0,0
1789801209.259680,4,15.159854,26.230367,3.101631,19.128000,26.252000,13.628000,26.252000,0.021633,3.968146,0.799902,3.114555,0.012924,1.531854,0.300000,0.020772,0,0
1789801209.360038,4,15.159854,26.230367,3.101631,19.128000,26.252000,13.628000,26.252000,0.021633,3.968146,0.799902,3.114555,0.012924,1.531854,0.300000,0.019655,0,0
1789801209.459709,4,15.159854,26.230367,3.101631,19.128000,26.252000,13.628000,26.252000,0.021633,3.968146,0.799902,3.114555,0.012924,1.531854,0.300000,0.018411,0,0
1789801209.559684,4,15.041013,26.227036,3.114819,19.128000,26.252000,13.628000,26.252000,0.024964,4.086987,0.799869,3.110393,-0.004426,1.413013,0.300000,0.010544,0,0
1789801209.659776,4,15.041013,26.227036,3.114819,19.128000,26.252000,13.628000,26.252000,0.024964,4.086987,0.799869,3.110393,-0.004426,1.413013,0.300000,0.004998,0,0
1789801209.759665,4,15.041013,26.227036,3.114819,19.128000,26.252000,13.628000,26.252000,0.024964,4.086987,0.799869,3.110393,-0.004426,1.413013,0.300000,0.001161,0,0
1789801209.859707,4,15.041013,26.227036,3.114819,19.128000,26.252000,13.628000,26.252000,0.024964,4.086987,0.799869,3.110393,-0.004426,1.413013,0.300000,-0.001430,0,0
1789801209.959696,4,14.919613,26.225702,3.120903,19.128000,26.252000,13.628000,26.252000,0.026298,4.208387,0.799855,3.108726,-0.012177,1.291613,0.300000,-0.006066,0,0
1789801210.059685,4,14.919613,26.225702,3.120903,19.128000,26.252000,13.628000,26.252000,0.026298,4.208387,0.799855,3.108726,-0.012177,1.291613,0.300000,-0.009033,0,0
1789801210.159674,4,14.919613,26.225702,3.120903,19.128000,26.252000,13.628000,26.252000,0.026298,4.208387,0.799855,3.108726,-0.012177,1.291613,0.300000,-0.010815,0,0
1789801210.259649,4,14.919613,26.225702,3.120903,19.128000,26.252000,13.628000,26.252000,0.026298,4.208387,0.799855,3.108726,-0.012177,1.291613,0.300000,-0.011766,0,0
1789801210.359669,4,14.797265,26.223538,3.130647,19.128000,26.252000,13.628000,26.252000,0.028462,4.330735,0.799830,3.106023,-0.024624,1.169265,0.300000,-0.016876,0,0
1789801210.459600,4,14.797265,26.223538,3.130647,19.128000,26.252000,13.628000,26.252000,0.028462,4.330735,0.799830,3.106023,-0.024624,1.169265,0.300000,-0.019964,0,0
1789801210.559587,4,14.797265,26.223538,3.130647,19.128000,26.252000,13.628000,26.252000,0.028462,4.330735,0.799830,3.106023,-0.024624,1.169265,0.300000,-0.021635,0,0
1789801210.659624,4,14.797265,26.223538,3.130647,19.128000,26.252000,13.628000,26.252000,0.028462,4.330735,0.799830,3.106023,-0.024624,1.169265,0.300000,-0.022331,0,0
1789801210.759558,4,14.678469,26.221478,3.121019,19.128000,26.252000,13.628000,26.252000,0.030522,4.449531,0.799804,3.103449,-0.017570,1.050469,0.300000,-0.019693,0,0
1789801210.859578,4,14.678469,26.221478,3.121019,19.128000,26.252000,13.628000,26.252000,0.030522,4.449531,0.799804,3.103449,-0.017570,1.050469,0.300000,-0.017569,0,0
1789801210.959598,4,14.678469,26.221478,3.121019,19.128000,26.252000,13.628000,26.252000,0.030522,4.449531,0.799804,3.103449,-0.017570,1.050469,0.300000,-0.015858,0,0
1789801211.059561,4,14.678469,26.221478,3.121019,19.128000,26.252000,13.628000,26.252000,0.030522,4.449531,0.799804,3.103449,-0.017570,1.050469,0.300000,-0.014480,0,0
1789801211.159554,4,14.556404,26.222855,3.112906,19.128000,26.252000,13.628000,26.252000,0.029145,4.571596,0.799822,3.105169,-0.007737,0.928404,0.300000,-0.009634,0,0
1789801211.259512,4,14.556404,26.222855,3.112906,19.128000,26.252000,13.628000,26.252000,0.029145,4.571596,0.799822,3.105169,-0.007737,0.928404,0.300000,-0.006302,0,0
1789801211.359504,4,14.556404,26.222855,3.112906,19.128000,26.252000,13.628000,26.252000,0.029145,4.571596,0.799822,3.105169,-0.007737,0.928404,0.300000,-0.004072,0,0
1789801211.459807,4,14.556404,26.222855,3.112906,19.128000,26.252000,13.628000,26.252000,0.029145,4.571596,0.799822,3.105169,-0.007737,0.928404,0.300000,-0.002636,0,0
1789801211.559525,4,14.434657,26.219339,3.113469,19.128000,26.252000,13.628000,26.252000,0.032661,4.693343,0.799776,3.100778,-0.012691,0.806657,0.300000,-0.003654,0,0
1789801211.659509,4,14.434657,26.219339,3.113469,19.128000,26.252000,13.628000,26.252000,0.032661,4.693343,0.799776,3.100778,-0.012691,0.806657,0.300000,-0.004412,0,0
1789801211.759515,4,14.434657,26.219339,3.113469,19.128000,26.252000,13.628000,26.252000,0.032661,4.693343,0.799776,3.100778,-0.012691,0.806657,0.300000,-0.004975,0,0
1789801211.859487,4,14.434657,26.219339,3.113469,19.128000,26.252000,13.628000,26.252000,0.032661,4.693343,0.799776,3.100778,-0.012691,0.806657,0.300000,-0.005390,0,0
1789801211.959466,4,14.317126,26.212927,3.112657,19.128000,26.252000,13.628000,26.252000,0.039073,4.810874,0.799680,3.092771,-0.019886,0.689126,0.300000,-0.008428,0,0
1789801212.059443,4,14.317126,26.212927,3.112657,19.128000,26.252000,13.628000,26.252000,0.039073,4.810874,0.799680,3.092771,-0.019886,0.689126,0.300000,-0.010433,0,0
1789801212.159415,4,14.317126,26.212927,3.112657,19.128000,26.252000,13.628000,26.252000,0.039073,4.810874,0.799680,3.092771,-0.019886,0.689126,0.300000,-0.011697,0,0
1789801212.259457,4,14.317126,26.212927,3.112657,19.128000,26.252000,13.628000,26.252000,0.039073,4.810874,0.799680,3.092771,-0.019886,0.689126,0.300000,-0.012435,0,0
1789801212.360498,4,14.195157,26.207011,3.106687,19.128000,26.252000,13.628000,26.252000,0.044989,4.932843,0.799575,3.085385,-0.021302,0.567157,0.300000,-0.013342,0,0
1789801212.459432,4,14.195157,26.207011,3.106687,19.128000,26.252000,13.628000,26.252000,0.044989,4.932843,0.799575,3.085385,-0.021302,0.567157,0.300000,-0.013815,0,0
1789801212.559437,4,14.195157,26.207011,3.106687,19.128000,26.252000,13.628000,26.252000,0.044989,4.932843,0.799575,3.085385,-0.021302,0.567157,0.300000,-0.013991,0,0
1789801212.659459,4,14.195157,26.207011,3.106687,19.128000,26.252000,13.628000,26.252000,0.044989,4.932843,0.799575,3.085385,-0.021302,0.567157,0.300000,-0.013970,0,0
1789801212.759673,5,14.075825,26.203954,3.104012,19.128000,26.252000,13.628000,26.252000,0.048046,5.052175,0.799516,3.081571,-0.022441,0.447825,0.000000,0.000000,0,1
1789801212.859380,5,14.075825,26.203954,3.104012,19.128000,26.252000,13.628000,26.252000,0.048046,5.052175,0.799516,3.081571,-0.022441,0.447825,0.000000,0.000000,0,1
1789801212.959360,5,14.075825,26.203954,3.104012,19.128000,26.252000,13.628000,26.252000,0.048046,5.052175,0.799516,3.081571,-0.022441,0.447825,0.000000,0.000000,0,1
1789801213.059388,5,14.075825,26.203954,3.104012,19.128000,26.252000,13.628000,26.252000,0.048046,5.052175,0.799516,3.081571,-0.022441,0.447825,0.000000,0.000000,0,1
1789801213.159351,5,13.956634,26.204016,3.101175,19.128000,26.252000,13.628000,26.252000,0.048046,5.052175,0.799516,3.081571,-0.022441,0.447825,0.000000,0.000000,0,1
1789801213.259348,5,13.956634,26.204016,3.101175,19.128000,26.252000,13.628000,26.252000,0.048046,5.052175,0.799516,3.081571,-0.022441,0.447825,0.000000,0.000000,0,1
1789801213.359360,5,13.956634,26.204016,3.101175,19.128000,26.252000,13.628000,26.252000,0.048046,5.052175,0.799516,3.081571,-0.022441,0.447825,0.000000,0.000000,0,1
1789801213.459304,5,13.956634,26.204016,3.101175,19.128000,26.252000,13.628000,26.252000,0.048046,5.052175,0.799516,3.081571,-0.022441,0.447825,0.000000,0.000000,0,1
1789801213.559345,5,13.850016,26.203202,3.086300,19.128000,26.252000,13.628000,26.252000,0.048046,5.052175,0.799516,3.081571,-0.022441,0.447825,0.000000,0.000000,0,1
1789801213.659325,5,13.850016,26.203202,3.086300,19.128000,26.252000,13.628000,26.252000,0.048046,5.052175,0.799516,3.081571,-0.022441,0.447825,0.000000,0.000000,0,1
1789801213.759339,5,13.850016,26.203202,3.086300,19.128000,26.252000,13.628000,26.252000,0.048046,5.052175,0.799516,3.081571,-0.022441,0.447825,0.000000,0.000000,0,1
1789801213.859369,5,13.850016,26.203202,3.086300,19.128000,26.252000,13.628000,26.252000,0.048046,5.052175,0.799516,3.081571,-0.022441,0.447825,0.000000,0.000000,0,1
1789801213.959284,5,13.850016,26.203202,3.086300,19.128000,26.252000,13.628000,26.252000,0.048046,5.052175,0.799516,3.081571,-0.022441,0.447825,0.000000,0.000000,0,1
1789801214.059259,5,13.850016,26.203202,3.086300,19.128000,26.252000,13.628000,26.252000,0.048046,5.052175,0.799516,3.081571,-0.022441,0.447825,0.000000,0.000000,0,1
1789801214.159248,5,13.850016,26.203202,3.086300,19.128000,26.252000,13.628000,26.252000,0.048046,5.052175,0.799516,3.081571,-0.022441,0.447825,0.000000,0.000000,0,1
1789801214.259380,5,13.850016,26.203202,3.086300,19.128000,26.252000,13.628000,26.252000,0.048046,5.052175,0.799516,3.081571,-0.022441,0.447825,0.000000,0.000000,0,1
1789801214.359241,5,13.850016,26.203202,3.086300,19.128000,26.252000,13.628000,26.252000,0.048046,5.052175,0.799516,3.081571,-0.022441,0.447825,0.000000,0.000000,0,1
1789801214.459202,5,13.850016,26.203202,3.086300,19.128000,26.252000,13.628000,26.252000,0.048046,5.052175,0.799516,3.081571,-0.022441,0.447825,0.000000,0.000000,0,1
1789801214.559212,5,13.850016,26.203202,3.086300,19.128000,26.252000,13.628000,26.252000,0.048046,5.052175,0.799516,3.081571,-0.022441,0.447825,0.000000,0.000000,0,1
1789801214.659189,5,13.850016,26.203202,3.086300,19.128000,26.252000,13.628000,26.252000,0.048046,5.052175,0.799516,3.081571,-0.022441,0.447825,0.000000,0.000000,0,1
1789801214.759178,5,13.850016,26.203202,3.086300,19.128000,26.252000,13.628000,26.252000,0.048046,5.052175,0.799516,3.081571,-0.022441,0.447825,0.000000,0.000000,0,1
1789801214.859219,5,13.850016,26.203202,3.086300,19.128000,26.252000,13.628000,26.252000,0.048046,5.052175,0.799516,3.081571,-0.022441,0.447825,0.000000,0.000000,0,1
1789801214.959156,5,13.850016,26.203202,3.086300,19.128000,26.252000,13.628000,26.252000,0.048046,5.052175,0.799516,3.081571,-0.022441,0.447825,0.000000,0.000000,0,1
1789801215.059159,5,13.850016,26.203202,3.086300,19.128000,26.252000,13.628000,26.252000,0.048046,5.052175,0.799516,3.081571,-0.022441,0.447825,0.000000,0.000000,0,1
1789801215.159121,5,13.850016,26.203202,3.086300,19.128000,26.252000,13.628000,26.252000,0.048046,5.052175,0.799516,3.081571,-0.022441,0.447825,0.000000,0.000000,0,1
1789801215.259152,5,13.850016,26.203202,3.086300,19.128000,26.252000,13.628000,26.252000,0.048046,5.052175,0.799516,3.081571,-0.022441,0.447825,0.000000,0.000000,0,1
1789801215.359150,5,13.850016,26.203202,3.086300,19.128000,26.252000,13.628000,26.252000,0.048046,5.052175,0.799516,3.081571,-0.022441,0.447825,0.000000,0.000000,0,1
1789801215.459157,5,13.850016,26.203202,3.086300,19.128000,26.252000,13.628000,26.252000,0.048046,5.052175,0.799516,3.081571,-0.022441,0.447825,0.000000,0.000000,0,1
1789801215.559121,5,13.850016,26.203202,3.086300,19.128000,26.252000,13.628000,26.252000,0.048046,5.052175,0.799516,3.081571,-0.022441,0.447825,0.000000,0.000000,0,1
1789801215.659229,5,13.850016,26.203202,3.086300,19.128000,26.252000,13.628000,26.252000,0.048046,5.052175,0.799516,3.081571,-0.022441,0.447825,0.000000,0.000000,0,1
1789801215.759093,5,13.850016,26.203202,3.086300,19.128000,26.252000,13.628000,26.252000,0.048046,5.052175,0.799516,3.081571,-0.022441,0.447825,0.000000,0.000000,0,1
1789801215.859213,5,13.850016,26.203202,3.086300,19.128000,26.252000,13.628000,26.252000,0.048046,5.052175,0.799516,3.081571,-0.022441,0.447825,0.000000,0.000000,0,1
1789801215.959083,5,13.850016,26.203202,3.086300,19.128000,26.252000,13.628000,26.252000,0.048046,5.052175,0.799516,3.081571,-0.022441,0.447825,0.000000,0.000000,0,1
1789801216.059034,5,13.850016,26.203202,3.086300,19.128000,26.252000,13.628000,26.252000,0.048046,5.052175,0.799516,3.081571,-0.022441,0.447825,0.000000,0.000000,0,1
1789801216.159035,5,13.850016,26.203202,3.086300,19.128000,26.252000,13.628000,26.252000,0.048046,5.052175,0.799516,3.081571,-0.022441,0.447825,0.000000,0.000000,0,1
1789801216.259140,5,13.850016,26.203202,3.086300,19.128000,26.252000,13.628000,26.252000,0.048046,5.052175,0.799516,3.081571,-0.022441,0.447825,0.000000,0.000000,0,1
1789801216.359047,5,13.850016,26.203202,3.086300,19.128000,26.252000,13.628000,26.252000,0.048046,5.052175,0.799516,3.081571,-0.022441,0.447825,0.000000,0.000000,0,1
1789801216.459050,5,13.850016,26.203202,3.086300,19.128000,26.252000,13.628000,26.252000,0.048046,5.052175,0.799516,3.081571,-0.022441,0.447825,0.000000,0.000000,0,1
1789801216.559004,5,13.850016,26.203202,3.086300,19.128000,26.252000,13.628000,26.252000,0.048046,5.052175,0.799516,3.081571,-0.022441,0.447825,0.000000,0.000000,0,1
1789801216.659023,5,13.850016,26.203202,3.086300,19.128000,26.252000,13.628000,26.252000,0.048046,5.052175,0.799516,3.081571,-0.022441,0.447825,0.000000,0.000000,0,1
1789801216.758988,5,13.850016,26.203202,3.086300,19.128000,26.252000,13.628000,26.252000,0.048046,5.052175,0.799516,3.081571,-0.022441,0.447825,0.000000,0.000000,0,1
1789801216.858941,5,13.850016,26.203202,3.086300,19.128000,26.252000,13.628000,26.252000,0.048046,5.052175,0.799516,3.081571,-0.022441,0.447825,0.000000,0.000000,0,1
1789801216.959001,5,13.850016,26.203202,3.086300,19.128000,26.252000,13.628000,26.252000,0.048046,5.052175,0.799516,3.081571,-0.022441,0.447825,0.000000,0.000000,0,1
1789801217.058964,5,13.850016,26.203202,3.086300,19.128000,26.252000,13.628000,26.252000,0.048046,5.052175,0.799516,3.081571,-0.022441,0.447825,0.000000,0.000000,0,1
1789801217.159014,5,13.850016,26.203202,3.086300,19.128000,26.252000,13.628000,26.252000,0.048046,5.052175,0.799516,3.081571,-0.022441,0.447825,0.000000,0.000000,0,1
1789801217.258982,5,13.850016,26.203202,3.086300,19.128000,26.252000,13.628000,26.252000,0.048046,5.052175,0.799516,3.081571,-0.022441,0.447825,0.000000,0.000000,0,1
1789801217.358927,5,13.850016,26.203202,3.086300,19.128000,26.252000,13.628000,26.252000,0.048046,5.052175,0.799516,3.081571,-0.022441,0.447825,0.000000,0.000000,0,1
1789801217.458920,5,13.850016,26.203202,3.086300,19.128000,26.252000,13.628000,26.252000,0.048046,5.052175,0.799516,3.081571,-0.022441,0.447825,0.000000,0.000000,0,1
1789801217.558912,5,13.850016,26.203202,3.086300,19.128000,26.252000,13.628000,26.252000,0.048046,5.052175,0.799516,3.081571,-0.022441,0.447825,0.000000,0.000000,0,1
1789801217.658928,5,13.850016,26.203202,3.086300,19.128000,26.252000,13.628000,26.252000,0.048046,5.052175,0.799516,3.081571,-0.022441,0.447825,0.000000,0.000000,0,1
1789801217.758873,5,13.850016,26.203202,3.086300,19.128000,26.252000,13.628000,26.252000,0.048046,5.052175,0.799516,3.081571,-0.022441,0.447825,0.000000,0.000000,0,1
1789801217.858873,5,13.850016,26.203202,3.086300,19.128000,26.252000,13.628000,26.252000,0.048046,5.052175,0.799516,3.081571,-0.022441,0.447825,0.000000,0.000000,0,1
1789801217.958913,5,13.850016,26.203202,3.086300,19.128000,26.252000,13.628000,26.252000,0.048046,5.052175,0.799516,3.081571,-0.022441,0.447825,0.000000,0.000000,0,1
1789801218.058907,5,13.850016,26.203202,3.086300,19.128000,26.252000,13.628000,26.252000,0.048046,5.052175,0.799516,3.081571,-0.022441,0.447825,0.000000,0.000000,0,1
1789801218.158843,5,13.850016,26.203202,3.086300,19.128000,26.252000,13.628000,26.252000,0.048046,5.052175,0.799516,3.081571,-0.022441,0.447825,0.000000,0.000000,0,1
1789801218.258892,5,13.850016,26.203202,3.086300,19.128000,26.252000,13.628000,26.252000,0.048046,5.052175,0.799516,3.081571,-0.022441,0.447825,0.000000,0.000000,0,1
1789801218.358849,5,13.850016,26.203202,3.086300,19.128000,26.252000,13.628000,26.252000,0.048046,5.052175,0.799516,3.081571,-0.022441,0.447825,0.000000,0.000000,0,1
1789801218.458849,5,13.850016,26.203202,3.086300,19.128000,26.252000,13.628000,26.252000,0.048046,5.052175,0.799516,3.081571,-0.022441,0.447825,0.000000,0.000000,0,1
1789801218.558812,5,13.850016,26.203202,3.086300,19.128000,26.252000,13.628000,26.252000,0.048046,5.052175,0.799516,3.081571,-0.022441,0.447825,0.000000,0.000000,0,1
1789801218.658804,5,13.850016,26.203202,3.086300,19.128000,26.252000,13.628000,26.252000,0.048046,5.052175,0.799516,3.081571,-0.022441,0.447825,0.000000,0.000000,0,1
1789801218.758847,5,13.850016,26.203202,3.086300,19.128000,26.252000,13.628000,26.252000,0.048046,5.052175,0.799516,3.081571,-0.022441,0.447825,0.000000,0.000000,0,1
1789801218.858802,5,13.850016,26.203202,3.086300,19.128000,26.252000,13.628000,26.252000,0.048046,5.052175,0.799516,3.081571,-0.022441,0.447825,0.000000,0.000000,0,1
1789801218.958776,5,13.850016,26.203202,3.086300,19.128000,26.252000,13.628000,26.252000,0.048046,5.052175,0.799516,3.081571,-0.022441,0.447825,0.000000,0.000000,0,1
1789801219.058831,5,13.850016,26.203202,3.086300,19.128000,26.252000,13.628000,26.252000,0.048046,5.052175,0.799516,3.081571,-0.022441,0.447825,0.000000,0.000000,0,1
1789801219.158820,5,13.850016,26.203202,3.086300,19.128000,26.252000,13.628000,26.252000,0.048046,5.052175,0.799516,3.081571,-0.022441,0.447825,0.000000,0.000000,0,1
1789801219.258756,5,13.850016,26.203202,3.086300,19.128000,26.252000,13.628000,26.252000,0.048046,5.052175,0.799516,3.081571,-0.022441,0.447825,0.000000,0.000000,0,1
1789801219.358736,5,13.850016,26.203202,3.086300,19.128000,26.252000,13.628000,26.252000,0.048046,5.052175,0.799516,3.081571,-0.022441,0.447825,0.000000,0.000000,0,1
1789801219.458747,5,13.850016,26.203202,3.086300,19.128000,26.252000,13.628000,26.252000,0.048046,5.052175,0.799516,3.081571,-0.022441,0.447825,0.000000,0.000000,0,1
1789801219.558742,5,13.850016,26.203202,3.086300,19.128000,26.252000,13.628000,26.252000,0.048046,5.052175,0.799516,3.081571,-0.022441,0.447825,0.000000,0.000000,0,1
1789801219.658723,5,13.850016,26.203202,3.086300,19.128000,26.252000,13.628000,26.252000,0.048046,5.052175,0.799516,3.081571,-0.022441,0.447825,0.000000,0.000000,0,1
1789801219.758736,5,13.850016,26.203202,3.086300,19.128000,26.252000,13.628000,26.252000,0.048046,5.052175,0.799516,3.081571,-0.022441,0.447825,0.000000,0.000000,0,1
1789801219.858700,5,13.850016,26.203202,3.086300,19.128000,26.252000,13.628000,26.252000,0.048046,5.052175,0.799516,3.081571,-0.022441,0.447825,0.000000,0.000000,0,1
1789801219.958660,5,13.850016,26.203202,3.086300,19.128000,26.252000,13.628000,26.252000,0.048046,5.052175,0.799516,3.081571,-0.022441,0.447825,0.000000,0.000000,0,1
1789801220.058962,5,13.850016,26.203202,3.086300,19.128000,26.252000,13.628000,26.252000,0.048046,5.052175,0.799516,3.081571,-0.022441,0.447825,0.000000,0.000000,0,1
1789801220.158768,5,13.850016,26.203202,3.086300,19.128000,26.252000,13.628000,26.252000,0.048046,5.052175,0.799516,3.081571,-0.022441,0.447825,0.000000,0.000000,0,1
1789801220.258672,5,13.850016,26.203202,3.086300,19.128000,26.252000,13.628000,26.252000,0.048046,5.052175,0.799516,3.081571,-0.022441,0.447825,0.000000,0.000000,0,1
1789801220.358680,5,13.850016,26.203202,3.086300,19.128000,26.252000,13.628000,26.252000,0.048046,5.052175,0.799516,3.081571,-0.022441,0.447825,0.000000,0.000000,0,1
1789801220.459161,5,13.850016,26.203202,3.086300,19.128000,26.252000,13.628000,26.252000,0.048046,5.052175,0.799516,3.081571,-0.022441,0.447825,0.000000,0.000000,0,1
1789801220.558673,5,13.850016,26.203202,3.086300,19.128000,26.252000,13.628000,26.252000,0.048046,5.052175,0.799516,3.081571,-0.022441,0.447825,0.000000,0.000000,0,1
1789801220.658603,5,13.850016,26.203202,3.086300,19.128000,26.252000,13.628000,26.252000,0.048046,5.052175,0.799516,3.081571,-0.022441,0.447825,0.000000,0.000000,0,1
1789801220.758567,5,13.850016,26.203202,3.086300,19.128000,26.252000,13.628000,26.252000,0.048046,5.052175,0.799516,3.081571,-0.022441,0.447825,0.000000,0.000000,0,1
1789801220.858571,5,13.850016,26.203202,3.086300,19.128000,26.252000,13.628000,26.252000,0.048046,5.052175,0.799516,3.081571,-0.022441,0.447825,0.000000,0.000000,0,1
1789801220.958567,5,13.850016,26.203202,3.086300,19.128000,26.252000,13.628000,26.252000,0.048046,5.052175,0.799516,3.081571,-0.022441,0.447825,0.000000,0.000000,0,1
1789801221.058587,5,13.850016,26.203202,3.086300,19.128000,26.252000,13.628000,26.252000,0.048046,5.052175,0.799516,3.081571,-0.022441,0.447825,0.000000,0.000000,0,1
1789801221.158579,5,13.850016,26.203202,3.086300,19.128000,26.252000,13.628000,26.252000,0.048046,5.052175,0.799516,3.081571,-0.022441,0.447825,0.000000,0.000000,0,1
1789801221.258542,5,13.850016,26.203202,3.086300,19.128000,26.252000,13.628000,26.252000,0.048046,5.052175,0.799516,3.081571,-0.022441,0.447825,0.000000,0.000000,0,1
1789801221.358678,5,13.850016,26.203202,3.086300,19.128000,26.252000,13.628000,26.252000,0.048046,5.052175,0.799516,3.081571,-0.022441,0.447825,0.000000,0.000000,0,1
1789801221.458590,5,13.850016,26.203202,3.086300,19.128000,26.252000,13.628000,26.252000,0.048046,5.052175,0.799516,3.081571,-0.022441,0.447825,0.000000,0.000000,0,1
1789801221.558542,5,13.850016,26.203202,3.086300,19.128000,26.252000,13.628000,26.252000,0.048046,5.052175,0.799516,3.081571,-0.022441,0.447825,0.000000,0.000000,0,1
1789801221.659597,5,13.850016,26.203202,3.086300,19.128000,26.252000,13.628000,26.252000,0.048046,5.052175,0.799516,3.081571,-0.022441,0.447825,0.000000,0.000000,0,1
1789801221.758612,5,13.850016,26.203202,3.086300,19.128000,26.252000,13.628000,26.252000,0.048046,5.052175,0.799516,3.081571,-0.022441,0.447825,0.000000,0.000000,0,1
1789801221.858735,5,13.850016,26.203202,3.086300,19.128000,26.252000,13.628000,26.252000,0.048046,5.052175,0.799516,3.081571,-0.022441,0.447825,0.000000,0.000000,0,1
1789801221.958560,5,13.850016,26.203202,3.086300,19.128000,26.252000,13.628000,26.252000,0.048046,5.052175,0.799516,3.081571,-0.022441,0.447825,0.000000,0.000000,0,1
1789801222.058531,5,13.850016,26.203202,3.086300,19.128000,26.252000,13.628000,26.252000,0.048046,5.052175,0.799516,3.081571,-0.022441,0.447825,0.000000,0.000000,0,1
1789801222.158578,5,13.850016,26.203202,3.086300,19.128000,26.252000,13.628000,26.252000,0.048046,5.052175,0.799516,3.081571,-0.022441,0.447825,0.000000,0.000000,0,1
1789801222.258471,5,13.850016,26.203202,3.086300,19.128000,26.252000,13.628000,26.252000,0.048046,5.052175,0.799516,3.081571,-0.022441,0.447825,0.000000,0.000000,0,1
1789801222.358453,5,13.850016,26.203202,3.086300,19.128000,26.252000,13.628000,26.252000,0.048046,5.052175,0.799516,3.081571,-0.022441,0.447825,0.000000,0.000000,0,1
1789801222.458436,5,13.850016,26.203202,3.086300,19.128000,26.252000,13.628000,26.252000,0.048046,5.052175,0.799516,3.081571,-0.022441,0.447825,0.000000,0.000000,0,1
1789801222.558770,5,13.850016,26.203202,3.086300,19.128000,26.252000,13.628000,26.252000,0.048046,5.052175,0.799516,3.081571,-0.022441,0.447825,0.000000,0.000000,0,1
1789801222.658577,5,13.850016,26.203202,3.086300,19.128000,26.252000,13.628000,26.252000,0.048046,5.052175,0.799516,3.081571,-0.022441,0.447825,0.000000,0.000000,0,1
1789801222.758447,5,13.850016,26.203202,3.086300,19.128000,26.252000,13.628000,26.252000,0.048046,5.052175,0.799516,3.081571,-0.022441,0.447825,0.000000,0.000000,0,1
1789801222.858476,5,13.850016,26.203202,3.086300,19.128000,26.252000,13.628000,26.252000,0.048046,5.052175,0.799516,3.081571,-0.022441,0.447825,0.000000,0.000000,0,1
1789801222.958400,5,13.850016,26.203202,3.086300,19.128000,26.252000,13.628000,26.252000,0.048046,5.052175,0.799516,3.081571,-0.022441,0.447825,0.000000,0.000000,0,1
1789801223.058383,5,13.850016,26.203202,3.086300,19.128000,26.252000,13.628000,26.252000,0.048046,5.052175,0.799516,3.081571,-0.022441,0.447825,0.000000,0.000000,0,1
1789801223.158440,5,13.850016,26.203202,3.086300,19.128000,26.252000,13.628000,26.252000,0.048046,5.052175,0.799516,3.081571,-0.022441,0.447825,0.000000,0.000000,0,1
1789801223.258487,5,13.850016,26.203202,3.086300,19.128000,26.252000,13.628000,26.252000,0.048046,5.052175,0.799516,3.081571,-0.022441,0.447825,0.000000,0.000000,0,1
1789801223.358335,5,13.850016,26.203202,3.086300,19.128000,26.252000,13.628000,26.252000,0.048046,5.052175,0.799516,3.081571,-0.022441,0.447825,0.000000,0.000000,0,1
1789801223.458310,5,13.850016,26.203202,3.086300,19.128000,26.252000,13.628000,26.252000,0.048046,5.052175,0.799516,3.081571,-0.022441,0.447825,0.000000,0.000000,0,1
1789801223.558377,5,13.850016,26.203202,3.086300,19.128000,26.252000,13.628000,26.252000,0.048046,5.052175,0.799516,3.081571,-0.022441,0.447825,0.000000,0.000000,0,1
1789801223.658369,5,13.850016,26.203202,3.086300,19.128000,26.252000,13.628000,26.252000,0.048046,5.052175,0.799516,3.081571,-0.022441,0.447825,0.000000,0.000000,0,1
1789801223.758320,5,13.850016,26.203202,3.086300,19.128000,26.252000,13.628000,26.252000,0.048046,5.052175,0.799516,3.081571,-0.022441,0.447825,0.000000,0.000000,0,1
1789801223.858303,5,13.850016,26.203202,3.086300,19.128000,26.252000,13.628000,26.252000,0.048046,5.052175,0.799516,3.081571,-0.022441,0.447825,0.000000,0.000000,0,1
1789801223.958309,5,13.850016,26.203202,3.086300,19.128000,26.252000,13.628000,26.252000,0.048046,5.052175,0.799516,3.081571,-0.022441,0.447825,0.000000,0.000000,0,1
1789801224.058321,5,13.850016,26.203202,3.086300,19.128000,26.252000,13.628000,26.252000,0.048046,5.052175,0.799516,3.081571,-0.022441,0.447825,0.000000,0.000000,0,1
1789801224.158370,5,13.850016,26.203202,3.086300,19.128000,26.252000,13.628000,26.252000,0.048046,5.052175,0.799516,3.081571,-0.022441,0.447825,0.000000,0.000000,0,1
1789801224.258334,5,13.850016,26.203202,3.086300,19.128000,26.252000,13.628000,26.252000,0.048046,5.052175,0.799516,3.081571,-0.022441,0.447825,0.000000,0.000000,0,1
1789801224.358354,5,13.850016,26.203202,3.086300,19.128000,26.252000,13.628000,26.252000,0.048046,5.052175,0.799516,3.081571,-0.022441,0.447825,0.000000,0.000000,0,1
1789801224.458331,5,13.850016,26.203202,3.086300,19.128000,26.252000,13.628000,26.252000,0.048046,5.052175,0.799516,3.081571,-0.022441,0.447825,0.000000,0.000000,0,1
1789801224.558282,5,13.850016,26.203202,3.086300,19.128000,26.252000,13.628000,26.252000,0.048046,5.052175,0.799516,3.081571,-0.022441,0.447825,0.000000,0.000000,0,1
1789801224.658690,5,13.850016,26.203202,3.086300,19.128000,26.252000,13.628000,26.252000,0.048046,5.052175,0.799516,3.081571,-0.022441,0.447825,0.000000,0.000000,0,1
1789801224.758224,5,13.850016,26.203202,3.086300,19.128000,26.252000,13.628000,26.252000,0.048046,5.052175,0.799516,3.081571,-0.022441,0.447825,0.000000,0.000000,0,1
1789801224.858229,5,13.850016,26.203202,3.086300,19.128000,26.252000,13.628000,26.252000,0.048046,5.052175,0.799516,3.081571,-0.022441,0.447825,0.000000,0.000000,0,1
1789801224.958218,5,13.850016,26.203202,3.086300,19.128000,26.252000,13.628000,26.252000,0.048046,5.052175,0.799516,3.081571,-0.022441,0.447825,0.000000,0.000000,0,1
1789801225.058215,5,13.850016,26.203202,3.086300,19.128000,26.252000,13.628000,26.252000,0.048046,5.052175,0.799516,3.081571,-0.022441,0.447825,0.000000,0.000000,0,1
1789801225.158262,5,13.850016,26.203202,3.086300,19.128000,26.252000,13.628000,26.252000,0.048046,5.052175,0.799516,3.081571,-0.022441,0.447825,0.000000,0.000000,0,1
1789801225.258231,5,13.850016,26.203202,3.086300,19.128000,26.252000,13.628000,26.252000,0.048046,5.052175,0.799516,3.081571,-0.022441,0.447825,0.000000,0.000000,0,1
1789801225.358231,5,13.850016,26.203202,3.086300,19.128000,26.252000,13.628000,26.252000,0.048046,5.052175,0.799516,3.081571,-0.022441,0.447825,0.000000,0.000000,0,1
1789801225.458683,5,13.850016,26.203202,3.086300,19.128000,26.252000,13.628000,26.252000,0.048046,5.052175,0.799516,3.081571,-0.022441,0.447825,0.000000,0.000000,0,1
1789801225.558216,5,13.850016,26.203202,3.086300,19.128000,26.252000,13.628000,26.252000,0.048046,5.052175,0.799516,3.081571,-0.022441,0.447825,0.000000,0.000000,0,1
1789801225.658480,5,13.850016,26.203202,3.086300,19.128000,26.252000,13.628000,26.252000,0.048046,5.052175,0.799516,3.081571,-0.022441,0.447825,0.000000,0.000000,0,1
1789801225.758253,5,13.850016,26.203202,3.086300,19.128000,26.252000,13.628000,26.252000,0.048046,5.052175,0.799516,3.081571,-0.022441,0.447825,0.000000,0.000000,0,1
1789801225.858183,5,13.850016,26.203202,3.086300,19.128000,26.252000,13.628000,26.252000,0.048046,5.052175,0.799516,3.081571,-0.022441,0.447825,0.000000,0.000000,0,1
1789801225.958185,5,13.850016,26.203202,3.086300,19.128000,26.252000,13.628000,26.252000,0.048046,5.052175,0.799516,3.081571,-0.022441,0.447825,0.000000,0.000000,0,1
1789801226.058206,5,13.850016,26.203202,3.086300,19.128000,26.252000,13.628000,26.252000,0.048046,5.052175,0.799516,3.081571,-0.022441,0.447825,0.000000,0.000000,0,1
1789801226.158175,5,13.850016,26.203202,3.086300,19.128000,26.252000,13.628000,26.252000,0.048046,5.052175,0.799516,3.081571,-0.022441,0.447825,0.000000,0.000000,0,1
1789801226.258175,5,13.850016,26.203202,3.086300,19.128000,26.252000,13.628000,26.252000,0.048046,5.052175,0.799516,3.081571,-0.022441,0.447825,0.000000,0.000000,0,1
1789801226.358144,5,13.850016,26.203202,3.086300,19.128000,26.252000,13.628000,26.252000,0.048046,5.052175,0.799516,3.081571,-0.022441,0.447825,0.000000,0.000000,0,1
1789801226.458116,5,13.850016,26.203202,3.086300,19.128000,26.252000,13.628000,26.252000,0.048046,5.052175,0.799516,3.081571,-0.022441,0.447825,0.000000,0.000000,0,1
1789801226.558078,5,13.850016,26.203202,3.086300,19.128000,26.252000,13.628000,26.252000,0.048046,5.052175,0.799516,3.081571,-0.022441,0.447825,0.000000,0.000000,0,1
1789801226.658130,5,13.850016,26.203202,3.086300,19.128000,26.252000,13.628000,26.252000,0.048046,5.052175,0.799516,3.081571,-0.022441,0.447825,0.000000,0.000000,0,1
1789801226.758067,5,13.850016,26.203202,3.086300,19.128000,26.252000,13.628000,26.252000,0.048046,5.052175,0.799516,3.081571,-0.022441,0.447825,0.000000,0.000000,0,1
1789801226.858099,5,13.850016,26.203202,3.086300,19.128000,26.252000,13.628000,26.252000,0.048046,5.052175,0.799516,3.081571,-0.022441,0.447825,0.000000,0.000000,0,1
1789801226.958043,5,13.850016,26.203202,3.086300,19.128000,26.252000,13.628000,26.252000,0.048046,5.052175,0.799516,3.081571,-0.022441,0.447825,0.000000,0.000000,0,1
1789801227.057980,5,13.850016,26.203202,3.086300,19.128000,26.252000,13.628000,26.252000,0.048046,5.052175,0.799516,3.081571,-0.022441,0.447825,0.000000,0.000000,0,1
1789801227.158060,5,13.850016,26.203202,3.086300,19.128000,26.252000,13.628000,26.252000,0.048046,5.052175,0.799516,3.081571,-0.022441,0.447825,0.000000,0.000000,0,1
1789801227.258042,5,13.850016,26.203202,3.086300,19.128000,26.252000,13.628000,26.252000,0.048046,5.052175,0.799516,3.081571,-0.022441,0.447825,0.000000,0.000000,0,1
1789801227.358206,5,13.850016,26.203202,3.086300,19.128000,26.252000,13.628000,26.252000,0.048046,5.052175,0.799516,3.081571,-0.022441,0.447825,0.000000,0.000000,0,1
1789801227.457957,5,13.850016,26.203202,3.086300,19.128000,26.252000,13.628000,26.252000,0.048046,5.052175,0.799516,3.081571,-0.022441,0.447825,0.000000,0.000000,0,1
1789801227.557949,5,13.850016,26.203202,3.086300,19.128000,26.252000,13.628000,26.252000,0.048046,5.052175,0.799516,3.081571,-0.022441,0.447825,0.000000,0.000000,0,1
1789801227.657929,5,13.850016,26.203202,3.086300,19.128000,26.252000,13.628000,26.252000,0.048046,5.052175,0.799516,3.081571,-0.022441,0.447825,0.000000,0.000000,0,1
1789801227.757968,5,13.850016,26.203202,3.086300,19.128000,26.252000,13.628000,26.252000,0.048046,5.052175,0.799516,3.081571,-0.022441,0.447825,0.000000,0.000000,0,1
1789801227.857945,5,13.850016,26.203202,3.086300,19.128000,26.252000,13.628000,26.252000,0.048046,5.052175,0.799516,3.081571,-0.022441,0.447825,0.000000,0.000000,0,1
1789801227.957935,5,13.850016,26.203202,3.086300,19.128000,26.252000,13.628000,26.252000,0.048046,5.052175,0.799516,3.081571,-0.022441,0.447825,0.000000,0.000000,0,1
1789801228.057923,5,13.850016,26.203202,3.086300,19.128000,26.252000,13.628000,26.252000,0.048046,5.052175,0.799516,3.081571,-0.022441,0.447825,0.000000,0.000000,0,1
1789801228.158107,5,13.850016,26.203202,3.086300,19.128000,26.252000,13.628000,26.252000,0.048046,5.052175,0.799516,3.081571,-0.022441,0.447825,0.000000,0.000000,0,1
1789801228.257914,5,13.850016,26.203202,3.086300,19.128000,26.252000,13.628000,26.252000,0.048046,5.052175,0.799516,3.081571,-0.022441,0.447825,0.000000,0.000000,0,1
1789801228.357901,5,13.850016,26.203202,3.086300,19.128000,26.252000,13.628000,26.252000,0.048046,5.052175,0.799516,3.081571,-0.022441,0.447825,0.000000,0.000000,0,1
1789801228.457873,5,13.850016,26.203202,3.086300,19.128000,26.252000,13.628000,26.252000,0.048046,5.052175,0.799516,3.081571,-0.022441,0.447825,0.000000,0.000000,0,1
1789801228.558079,5,13.850016,26.203202,3.086300,19.128000,26.252000,13.628000,26.252000,0.048046,5.052175,0.799516,3.081571,-0.022441,0.447825,0.000000,0.000000,0,1
1789801228.657859,5,13.850016,26.203202,3.086300,19.128000,26.252000,13.628000,26.252000,0.048046,5.052175,0.799516,3.081571,-0.022441,0.447825,0.000000,0.000000,0,1
1789801228.757870,5,13.850016,26.203202,3.086300,19.128000,26.252000,13.628000,26.252000,0.048046,5.052175,0.799516,3.081571,-0.022441,0.447825,0.000000,0.000000,0,1
1789801228.857872,5,13.850016,26.203202,3.086300,19.128000,26.252000,13.628000,26.252000,0.048046,5.052175,0.799516,3.081571,-0.022441,0.447825,0.000000,0.000000,0,1
1789801228.957820,5,13.850016,26.203202,3.086300,19.128000,26.252000,13.628000,26.252000,0.048046,5.052175,0.799516,3.081571,-0.022441,0.447825,0.000000,0.000000,0,1
1789801229.057815,5,13.850016,26.203202,3.086300,19.128000,26.252000,13.628000,26.252000,0.048046,5.052175,0.799516,3.081571,-0.022441,0.447825,0.000000,0.000000,0,1
1789801229.157818,5,13.850016,26.203202,3.086300,19.128000,26.252000,13.628000,26.252000,0.048046,5.052175,0.799516,3.081571,-0.022441,0.447825,0.000000,0.000000,0,1
1789801229.257793,5,13.850016,26.203202,3.086300,19.128000,26.252000,13.628000,26.252000,0.048046,5.052175,0.799516,3.081571,-0.022441,0.447825,0.000000,0.000000,0,1
1789801229.357788,5,13.850016,26.203202,3.086300,19.128000,26.252000,13.628000,26.252000,0.048046,5.052175,0.799516,3.081571,-0.022441,0.447825,0.000000,0.000000,0,1
1789801229.457870,5,13.850016,26.203202,3.086300,19.128000,26.252000,13.628000,26.252000,0.048046,5.052175,0.799516,3.081571,-0.022441,0.447825,0.000000,0.000000,0,1
1789801229.557763,5,13.850016,26.203202,3.086300,19.128000,26.252000,13.628000,26.252000,0.048046,5.052175,0.799516,3.081571,-0.022441,0.447825,0.000000,0.000000,0,1
1789801229.657763,5,13.850016,26.203202,3.086300,19.128000,26.252000,13.628000,26.252000,0.048046,5.052175,0.799516,3.081571,-0.022441,0.447825,0.000000,0.000000,0,1
1789801229.757734,5,13.850016,26.203202,3.086300,19.128000,26.252000,13.628000,26.252000,0.048046,5.052175,0.799516,3.081571,-0.022441,0.447825,0.000000,0.000000,0,1
1789801229.857720,5,13.850016,26.203202,3.086300,19.128000,26.252000,13.628000,26.252000,0.048046,5.052175,0.799516,3.081571,-0.022441,0.447825,0.000000,0.000000,0,1
1789801229.957778,5,13.850016,26.203202,3.086300,19.128000,26.252000,13.628000,26.252000,0.048046,5.052175,0.799516,3.081571,-0.022441,0.447825,0.000000,0.000000,0,1
1789801230.057789,5,13.850016,26.203202,3.086300,19.128000,26.252000,13.628000,26.252000,0.048046,5.052175,0.799516,3.081571,-0.022441,0.447825,0.000000,0.000000,0,1
1789801230.157741,5,13.850016,26.203202,3.086300,19.128000,26.252000,13.628000,26.252000,0.048046,5.052175,0.799516,3.081571,-0.022441,0.447825,0.000000,0.000000,0,1
1789801230.257689,5,13.850016,26.203202,3.086300,19.128000,26.252000,13.628000,26.252000,0.048046,5.052175,0.799516,3.081571,-0.022441,0.447825,0.000000,0.000000,0,1
1789801230.357705,5,13.850016,26.203202,3.086300,19.128000,26.252000,13.628000,26.252000,0.048046,5.052175,0.799516,3.081571,-0.022441,0.447825,0.000000,0.000000,0,1
1789801230.457662,5,13.850016,26.203202,3.086300,19.128000,26.252000,13.628000,26.252000,0.048046,5.052175,0.799516,3.081571,-0.022441,0.447825,0.000000,0.000000,0,1
1789801230.557707,5,13.850016,26.203202,3.086300,19.128000,26.252000,13.628000,26.252000,0.048046,5.052175,0.799516,3.081571,-0.022441,0.447825,0.000000,0.000000,0,1
1789801230.658236,5,13.850016,26.203202,3.086300,19.128000,26.252000,13.628000,26.252000,0.048046,5.052175,0.799516,3.081571,-0.022441,0.447825,0.000000,0.000000,0,1
1789801230.757701,5,13.850016,26.203202,3.086300,19.128000,26.252000,13.628000,26.252000,0.048046,5.052175,0.799516,3.081571,-0.022441,0.447825,0.000000,0.000000,0,1
1789801230.857684,5,13.850016,26.203202,3.086300,19.128000,26.252000,13.628000,26.252000,0.048046,5.052175,0.799516,3.081571,-0.022441,0.447825,0.000000,0.000000,0,1
1789801230.957638,5,13.850016,26.203202,3.086300,19.128000,26.252000,13.628000,26.252000,0.048046,5.052175,0.799516,3.081571,-0.022441,0.447825,0.000000,0.000000,0,1
1789801231.057720,5,13.850016,26.203202,3.086300,19.128000,26.252000,13.628000,26.252000,0.048046,5.052175,0.799516,3.081571,-0.022441,0.447825,0.000000,0.000000,0,1
1789801231.157591,5,13.850016,26.203202,3.086300,19.128000,26.252000,13.628000,26.252000,0.048046,5.052175,0.799516,3.081571,-0.022441,0.447825,0.000000,0.000000,0,1
1789801231.257669,5,13.850016,26.203202,3.086300,19.128000,26.252000,13.628000,26.252000,0.048046,5.052175,0.799516,3.081571,-0.022441,0.447825,0.000000,0.000000,0,1
1789801231.357784,5,13.850016,26.203202,3.086300,19.128000,26.252000,13.628000,26.252000,0.048046,5.052175,0.799516,3.081571,-0.022441,0.447825,0.000000,0.000000,0,1
1789801231.457561,5,13.850016,26.203202,3.086300,19.128000,26.252000,13.628000,26.252000,0.048046,5.052175,0.799516,3.081571,-0.022441,0.447825,0.000000,0.000000,0,1
1789801231.557580,5,13.850016,26.203202,3.086300,19.128000,26.252000,13.628000,26.252000,0.048046,5.052175,0.799516,3.081571,-0.022441,0.447825,0.000000,0.000000,0,1
1789801231.657883,5,13.850016,26.203202,3.086300,19.128000,26.252000,13.628000,26.252000,0.048046,5.052175,0.799516,3.081571,-0.022441,0.447825,0.000000,0.000000,0,1
1789801231.757548,5,13.850016,26.203202,3.086300,19.128000,26.252000,13.628000,26.252000,0.048046,5.052175,0.799516,3.081571,-0.022441,0.447825,0.000000,0.000000,0,1
1789801231.857544,5,13.850016,26.203202,3.086300,19.128000,26.252000,13.628000,26.252000,0.048046,5.052175,0.799516,3.081571,-0.022441,0.447825,0.000000,0.000000,0,1
1789801231.957523,5,13.850016,26.203202,3.086300,19.128000,26.252000,13.628000,26.252000,0.048046,5.052175,0.799516,3.081571,-0.022441,0.447825,0.000000,0.000000,0,1
1789801232.057811,5,13.850016,26.203202,3.086300,19.128000,26.252000,13.628000,26.252000,0.048046,5.052175,0.799516,3.081571,-0.022441,0.447825,0.000000,0.000000,0,1
1789801232.157517,5,13.850016,26.203202,3.086300,19.128000,26.252000,13.628000,26.252000,0.048046,5.052175,0.799516,3.081571,-0.022441,0.447825,0.000000,0.000000,0,1
1789801232.257503,5,13.850016,26.203202,3.086300,19.128000,26.252000,13.628000,26.252000,0.048046,5.052175,0.799516,3.081571,-0.022441,0.447825,0.000000,0.000000,0,1
1789801232.357484,5,13.850016,26.203202,3.086300,19.128000,26.252000,13.628000,26.252000,0.048046,5.052175,0.799516,3.081571,-0.022441,0.447825,0.000000,0.000000,0,1
1789801232.457490,5,13.850016,26.203202,3.086300,19.128000,26.252000,13.628000,26.252000,0.048046,5.052175,0.799516,3.081571,-0.022441,0.447825,0.000000,0.000000,0,1
1789801232.557456,5,13.850016,26.203202,3.086300,19.128000,26.252000,13.628000,26.252000,0.048046,5.052175,0.799516,3.081571,-0.022441,0.447825,0.000000,0.000000,0,1
1789801232.657459,5,13.850016,26.203202,3.086300,19.128000,26.252000,13.628000,26.252000,0.048046,5.052175,0.799516,3.081571,-0.022441,0.447825,0.000000,0.000000,0,1
1789801232.758241,5,13.850016,26.203202,3.086300,19.128000,26.252000,13.628000,26.252000,0.048046,5.052175,0.799516,3.081571,-0.022441,0.447825,0.000000,0.000000,0,1
1789801232.857520,5,13.850016,26.203202,3.086300,19.128000,26.252000,13.628000,26.252000,0.048046,5.052175,0.799516,3.081571,-0.022441,0.447825,0.000000,0.000000,0,1
1789801232.957442,5,13.850016,26.203202,3.086300,19.128000,26.252000,13.628000,26.252000,0.048046,5.052175,0.799516,3.081571,-0.022441,0.447825,0.000000,0.000000,0,1
1789801233.057453,5,13.850016,26.203202,3.086300,19.128000,26.252000,13.628000,26.252000,0.048046,5.052175,0.799516,3.081571,-0.022441,0.447825,0.000000,0.000000,0,1
1789801233.157509,5,13.850016,26.203202,3.086300,19.128000,26.252000,13.628000,26.252000,0.048046,5.052175,0.799516,3.081571,-0.022441,0.447825,0.000000,0.000000,0,1
1789801233.258561,5,13.850016,26.203202,3.086300,19.128000,26.252000,13.628000,26.252000,0.048046,5.052175,0.799516,3.081571,-0.022441,0.447825,0.000000,0.000000,0,1
1789801233.357498,5,13.850016,26.203202,3.086300,19.128000,26.252000,13.628000,26.252000,0.048046,5.052175,0.799516,3.081571,-0.022441,0.447825,0.000000,0.000000,0,1
1789801233.457391,5,13.850016,26.203202,3.086300,19.128000,26.252000,13.628000,26.252000,0.048046,5.052175,0.799516,3.081571,-0.022441,0.447825,0.000000,0.000000,0,1
1789801233.557389,5,13.850016,26.203202,3.086300,19.128000,26.252000,13.628000,26.252000,0.048046,5.052175,0.799516,3.081571,-0.022441,0.447825,0.000000,0.000000,0,1
1789801233.657372,5,13.850016,26.203202,3.086300,19.128000,26.252000,13.628000,26.252000,0.048046,5.052175,0.799516,3.081571,-0.022441,0.447825,0.000000,0.000000,0,1
1789801233.757343,5,13.850016,26.203202,3.086300,19.128000,26.252000,13.628000,26.252000,0.048046,5.052175,0.799516,3.081571,-0.022441,0.447825,0.000000,0.000000,0,1
1789801233.857360,5,13.850016,26.203202,3.086300,19.128000,26.252000,13.628000,26.252000,0.048046,5.052175,0.799516,3.081571,-0.022441,0.447825,0.000000,0.000000,0,1
1789801233.957347,5,13.850016,26.203202,3.086300,19.128000,26.252000,13.628000,26.252000,0.048046,5.052175,0.799516,3.081571,-0.022441,0.447825,0.000000,0.000000,0,1
1789801234.057332,5,13.850016,26.203202,3.086300,19.128000,26.252000,13.628000,26.252000,0.048046,5.052175,0.799516,3.081571,-0.022441,0.447825,0.000000,0.000000,0,1
1789801234.157352,5,13.850016,26.203202,3.086300,19.128000,26.252000,13.628000,26.252000,0.048046,5.052175,0.799516,3.081571,-0.022441,0.447825,0.000000,0.000000,0,1
1789801234.257327,5,13.850016,26.203202,3.086300,19.128000,26.252000,13.628000,26.252000,0.048046,5.052175,0.799516,3.081571,-0.022441,0.447825,0.000000,0.000000,0,1
1789801234.357312,5,13.850016,26.203202,3.086300,19.128000,26.252000,13.628000,26.252000,0.048046,5.052175,0.799516,3.081571,-0.022441,0.447825,0.000000,0.000000,0,1
1789801234.457303,5,13.850016,26.203202,3.086300,19.128000,26.252000,13.628000,26.252000,0.048046,5.052175,0.799516,3.081571,-0.022441,0.447825,0.000000,0.000000,0,1
1789801234.557299,5,13.850016,26.203202,3.086300,19.128000,26.252000,13.628000,26.252000,0.048046,5.052175,0.799516,3.081571,-0.022441,0.447825,0.000000,0.000000,0,1
1789801234.657407,5,13.850016,26.203202,3.086300,19.128000,26.252000,13.628000,26.252000,0.048046,5.052175,0.799516,3.081571,-0.022441,0.447825,0.000000,0.000000,0,1
1789801234.757289,5,13.850016,26.203202,3.086300,19.128000,26.252000,13.628000,26.252000,0.048046,5.052175,0.799516,3.081571,-0.022441,0.447825,0.000000,0.000000,0,1
1789801234.857296,5,13.850016,26.203202,3.086300,19.128000,26.252000,13.628000,26.252000,0.048046,5.052175,0.799516,3.081571,-0.022441,0.447825,0.000000,0.000000,0,1
1789801234.957262,5,13.850016,26.203202,3.086300,19.128000,26.252000,13.628000,26.252000,0.048046,5.052175,0.799516,3.081571,-0.022441,0.447825,0.000000,0.000000,0,1
1789801235.057231,5,13.850016,26.203202,3.086300,19.128000,26.252000,13.628000,26.252000,0.048046,5.052175,0.799516,3.081571,-0.022441,0.447825,0.000000,0.000000,0,1
1789801235.157257,5,13.850016,26.203202,3.086300,19.128000,26.252000,13.628000,26.252000,0.048046,5.052175,0.799516,3.081571,-0.022441,0.447825,0.000000,0.000000,0,1
1789801235.257202,5,13.850016,26.203202,3.086300,19.128000,26.252000,13.628000,26.252000,0.048046,5.052175,0.799516,3.081571,-0.022441,0.447825,0.000000,0.000000,0,1
1789801235.357283,5,13.850016,26.203202,3.086300,19.128000,26.252000,13.628000,26.252000,0.048046,5.052175,0.799516,3.081571,-0.022441,0.447825,0.000000,0.000000,0,1
1789801235.457244,5,13.850016,26.203202,3.086300,19.128000,26.252000,13.628000,26.252000,0.048046,5.052175,0.799516,3.081571,-0.022441,0.447825,0.000000,0.000000,0,1
1789801235.557230,5,13.850016,26.203202,3.086300,19.128000,26.252000,13.628000,26.252000,0.048046,5.052175,0.799516,3.081571,-0.022441,0.447825,0.000000,0.000000,0,1
1789801235.657190,5,13.850016,26.203202,3.086300,19.128000,26.252000,13.628000,26.252000,0.048046,5.052175,0.799516,3.081571,-0.022441,0.447825,0.000000,0.000000,0,1
1789801235.757210,5,13.850016,26.203202,3.086300,19.128000,26.252000,13.628000,26.252000,0.048046,5.052175,0.799516,3.081571,-0.022441,0.447825,0.000000,0.000000,0,1
1789801235.857159,5,13.850016,26.203202,3.086300,19.128000,26.252000,13.628000,26.252000,0.048046,5.052175,0.799516,3.081571,-0.022441,0.447825,0.000000,0.000000,0,1
1789801235.957209,5,13.850016,26.203202,3.086300,19.128000,26.252000,13.628000,26.252000,0.048046,5.052175,0.799516,3.081571,-0.022441,0.447825,0.000000,0.000000,0,1
1789801236.057205,5,13.850016,26.203202,3.086300,19.128000,26.252000,13.628000,26.252000,0.048046,5.052175,0.799516,3.081571,-0.022441,0.447825,0.000000,0.000000,0,1
1789801236.157155,5,13.850016,26.203202,3.086300,19.128000,26.252000,13.628000,26.252000,0.048046,5.052175,0.799516,3.081571,-0.022441,0.447825,0.000000,0.000000,0,1
1789801236.257199,5,13.850016,26.203202,3.086300,19.128000,26.252000,13.628000,26.252000,0.048046,5.052175,0.799516,3.081571,-0.022441,0.447825,0.000000,0.000000,0,1
1789801236.357154,5,13.850016,26.203202,3.086300,19.128000,26.252000,13.628000,26.252000,0.048046,5.052175,0.799516,3.081571,-0.022441,0.447825,0.000000,0.000000,0,1
1789801236.457203,5,13.850016,26.203202,3.086300,19.128000,26.252000,13.628000,26.252000,0.048046,5.052175,0.799516,3.081571,-0.022441,0.447825,0.000000,0.000000,0,1
1789801236.557179,5,13.850016,26.203202,3.086300,19.128000,26.252000,13.628000,26.252000,0.048046,5.052175,0.799516,3.081571,-0.022441,0.447825,0.000000,0.000000,0,1
1789801236.657115,5,13.850016,26.203202,3.086300,19.128000,26.252000,13.628000,26.252000,0.048046,5.052175,0.799516,3.081571,-0.022441,0.447825,0.000000,0.000000,0,1
1789801236.757168,5,13.850016,26.203202,3.086300,19.128000,26.252000,13.628000,26.252000,0.048046,5.052175,0.799516,3.081571,-0.022441,0.447825,0.000000,0.000000,0,1
1789801236.857102,5,13.850016,26.203202,3.086300,19.128000,26.252000,13.628000,26.252000,0.048046,5.052175,0.799516,3.081571,-0.022441,0.447825,0.000000,0.000000,0,1
1789801236.957118,5,13.850016,26.203202,3.086300,19.128000,26.252000,13.628000,26.252000,0.048046,5.052175,0.799516,3.081571,-0.022441,0.447825,0.000000,0.000000,0,1
1789801237.057080,5,13.850016,26.203202,3.086300,19.128000,26.252000,13.628000,26.252000,0.048046,5.052175,0.799516,3.081571,-0.022441,0.447825,0.000000,0.000000,0,1
1789801237.157025,5,13.850016,26.203202,3.086300,19.128000,26.252000,13.628000,26.252000,0.048046,5.052175,0.799516,3.081571,-0.022441,0.447825,0.000000,0.000000,0,1
1789801237.257023,5,13.850016,26.203202,3.086300,19.128000,26.252000,13.628000,26.252000,0.048046,5.052175,0.799516,3.081571,-0.022441,0.447825,0.000000,0.000000,0,1
1789801237.356998,5,13.850016,26.203202,3.086300,19.128000,26.252000,13.628000,26.252000,0.048046,5.052175,0.799516,3.081571,-0.022441,0.447825,0.000000,0.000000,0,1
1789801237.457036,5,13.850016,26.203202,3.086300,19.128000,26.252000,13.628000,26.252000,0.048046,5.052175,0.799516,3.081571,-0.022441,0.447825,0.000000,0.000000,0,1
1789801237.556979,5,13.850016,26.203202,3.086300,19.128000,26.252000,13.628000,26.252000,0.048046,5.052175,0.799516,3.081571,-0.022441,0.447825,0.000000,0.000000,0,1
1789801237.656989,5,13.850016,26.203202,3.086300,19.128000,26.252000,13.628000,26.252000,0.048046,5.052175,0.799516,3.081571,-0.022441,0.447825,0.000000,0.000000,0,1
1789801237.756960,5,13.850016,26.203202,3.086300,19.128000,26.252000,13.628000,26.252000,0.048046,5.052175,0.799516,3.081571,-0.022441,0.447825,0.000000,0.000000,0,1
1789801237.856938,5,13.850016,26.203202,3.086300,19.128000,26.252000,13.628000,26.252000,0.048046,5.052175,0.799516,3.081571,-0.022441,0.447825,0.000000,0.000000,0,1
1789801237.956957,5,13.850016,26.203202,3.086300,19.128000,26.252000,13.628000,26.252000,0.048046,5.052175,0.799516,3.081571,-0.022441,0.447825,0.000000,0.000000,0,1
1789801238.056956,5,13.850016,26.203202,3.086300,19.128000,26.252000,13.628000,26.252000,0.048046,5.052175,0.799516,3.081571,-0.022441,0.447825,0.000000,0.000000,0,1
1789801238.156904,5,13.850016,26.203202,3.086300,19.128000,26.252000,13.628000,26.252000,0.048046,5.052175,0.799516,3.081571,-0.022441,0.447825,0.000000,0.000000,0,1
1789801238.256924,5,13.850016,26.203202,3.086300,19.128000,26.252000,13.628000,26.252000,0.048046,5.052175,0.799516,3.081571,-0.022441,0.447825,0.000000,0.000000,0,1
1789801238.356936,5,13.850016,26.203202,3.086300,19.128000,26.252000,13.628000,26.252000,0.048046,5.052175,0.799516,3.081571,-0.022441,0.447825,0.000000,0.000000,0,1
1789801238.456897,5,13.850016,26.203202,3.086300,19.128000,26.252000,13.628000,26.252000,0.048046,5.052175,0.799516,3.081571,-0.022441,0.447825,0.000000,0.000000,0,1
1789801238.556990,5,13.850016,26.203202,3.086300,19.128000,26.252000,13.628000,26.252000,0.048046,5.052175,0.799516,3.081571,-0.022441,0.447825,0.000000,0.000000,0,1
1789801238.661219,5,13.850016,26.203202,3.086300,19.128000,26.252000,13.628000,26.252000,0.048046,5.052175,0.799516,3.081571,-0.022441,0.447825,0.000000,0.000000,0,1
1789801238.756885,5,13.850016,26.203202,3.086300,19.128000,26.252000,13.628000,26.252000,0.048046,5.052175,0.799516,3.081571,-0.022441,0.447825,0.000000,0.000000,0,1
1789801238.856890,5,13.850016,26.203202,3.086300,19.128000,26.252000,13.628000,26.252000,0.048046,5.052175,0.799516,3.081571,-0.022441,0.447825,0.000000,0.000000,0,1
1789801238.956893,5,13.850016,26.203202,3.086300,19.128000,26.252000,13.628000,26.252000,0.048046,5.052175,0.799516,3.081571,-0.022441,0.447825,0.000000,0.000000,0,1
1789801239.056843,5,13.850016,26.203202,3.086300,19.128000,26.252000,13.628000,26.252000,0.048046,5.052175,0.799516,3.081571,-0.022441,0.447825,0.000000,0.000000,0,1
1789801239.156863,5,13.850016,26.203202,3.086300,19.128000,26.252000,13.628000,26.252000,0.048046,5.052175,0.799516,3.081571,-0.022441,0.447825,0.000000,0.000000,0,1
1789801239.256869,5,13.850016,26.203202,3.086300,19.128000,26.252000,13.628000,26.252000,0.048046,5.052175,0.799516,3.081571,-0.022441,0.447825,0.000000,0.000000,0,1
1789801239.356811,5,13.850016,26.203202,3.086300,19.128000,26.252000,13.628000,26.252000,0.048046,5.052175,0.799516,3.081571,-0.022441,0.447825,0.000000,0.000000,0,1
1789801239.456829,5,13.850016,26.203202,3.086300,19.128000,26.252000,13.628000,26.252000,0.048046,5.052175,0.799516,3.081571,-0.022441,0.447825,0.000000,0.000000,0,1
1789801239.556777,5,13.850016,26.203202,3.086300,19.128000,26.252000,13.628000,26.252000,0.048046,5.052175,0.799516,3.081571,-0.022441,0.447825,0.000000,0.000000,0,1
1789801239.656807,5,13.850016,26.203202,3.086300,19.128000,26.252000,13.628000,26.252000,0.048046,5.052175,0.799516,3.081571,-0.022441,0.447825,0.000000,0.000000,0,1
1789801239.757122,5,13.850016,26.203202,3.086300,19.128000,26.252000,13.628000,26.252000,0.048046,5.052175,0.799516,3.081571,-0.022441,0.447825,0.000000,0.000000,0,1
1789801239.856727,5,13.850016,26.203202,3.086300,19.128000,26.252000,13.628000,26.252000,0.048046,5.052175,0.799516,3.081571,-0.022441,0.447825,0.000000,0.000000,0,1
1789801239.956765,5,13.850016,26.203202,3.086300,19.128000,26.252000,13.628000,26.252000,0.048046,5.052175,0.799516,3.081571,-0.022441,0.447825,0.000000,0.000000,0,1
1789801240.056741,5,13.850016,26.203202,3.086300,19.128000,26.252000,13.628000,26.252000,0.048046,5.052175,0.799516,3.081571,-0.022441,0.447825,0.000000,0.000000,0,1
1789801240.156743,5,13.850016,26.203202,3.086300,19.128000,26.252000,13.628000,26.252000,0.048046,5.052175,0.799516,3.081571,-0.022441,0.447825,0.000000,0.000000,0,1
1789801240.256745,5,13.850016,26.203202,3.086300,19.128000,26.252000,13.628000,26.252000,0.048046,5.052175,0.799516,3.081571,-0.022441,0.447825,0.000000,0.000000,0,1
1789801240.356766,5,13.850016,26.203202,3.086300,19.128000,26.252000,13.628000,26.252000,0.048046,5.052175,0.799516,3.081571,-0.022441,0.447825,0.000000,0.000000,0,1
1789801240.456706,5,13.850016,26.203202,3.086300,19.128000,26.252000,13.628000,26.252000,0.048046,5.052175,0.799516,3.081571,-0.022441,0.447825,0.000000,0.000000,0,1
1789801240.556719,5,13.850016,26.203202,3.086300,19.128000,26.252000,13.628000,26.252000,0.048046,5.052175,0.799516,3.081571,-0.022441,0.447825,0.000000,0.000000,0,1
1789801240.656699,5,13.850016,26.203202,3.086300,19.128000,26.252000,13.628000,26.252000,0.048046,5.052175,0.799516,3.081571,-0.022441,0.447825,0.000000,0.000000,0,1
1789801240.756708,5,13.850016,26.203202,3.086300,19.128000,26.252000,13.628000,26.252000,0.048046,5.052175,0.799516,3.081571,-0.022441,0.447825,0.000000,0.000000,0,1
1789801240.856720,5,13.850016,26.203202,3.086300,19.128000,26.252000,13.628000,26.252000,0.048046,5.052175,0.799516,3.081571,-0.022441,0.447825,0.000000,0.000000,0,1
1789801240.956662,5,13.850016,26.203202,3.086300,19.128000,26.252000,13.628000,26.252000,0.048046,5.052175,0.799516,3.081571,-0.022441,0.447825,0.000000,0.000000,0,1
1789801241.056705,5,13.850016,26.203202,3.086300,19.128000,26.252000,13.628000,26.252000,0.048046,5.052175,0.799516,3.081571,-0.022441,0.447825,0.000000,0.000000,0,1
1789801241.156609,5,13.850016,26.203202,3.086300,19.128000,26.252000,13.628000,26.252000,0.048046,5.052175,0.799516,3.081571,-0.022441,0.447825,0.000000,0.000000,0,1
1789801241.256646,5,13.850016,26.203202,3.086300,19.128000,26.252000,13.628000,26.252000,0.048046,5.052175,0.799516,3.081571,-0.022441,0.447825,0.000000,0.000000,0,1
1789801241.356642,5,13.850016,26.203202,3.086300,19.128000,26.252000,13.628000,26.252000,0.048046,5.052175,0.799516,3.081571,-0.022441,0.447825,0.000000,0.000000,0,1
1789801241.456676,5,13.850016,26.203202,3.086300,19.128000,26.252000,13.628000,26.252000,0.048046,5.052175,0.799516,3.081571,-0.022441,0.447825,0.000000,0.000000,0,1
1789801241.556646,5,13.850016,26.203202,3.086300,19.128000,26.252000,13.628000,26.252000,0.048046,5.052175,0.799516,3.081571,-0.022441,0.447825,0.000000,0.000000,0,1
1789801241.656749,5,13.850016,26.203202,3.086300,19.128000,26.252000,13.628000,26.252000,0.048046,5.052175,0.799516,3.081571,-0.022441,0.447825,0.000000,0.000000,0,1
1789801241.756595,5,13.850016,26.203202,3.086300,19.128000,26.252000,13.628000,26.252000,0.048046,5.052175,0.799516,3.081571,-0.022441,0.447825,0.000000,0.000000,0,1
1789801241.856577,5,13.850016,26.203202,3.086300,19.128000,26.252000,13.628000,26.252000,0.048046,5.052175,0.799516,3.081571,-0.022441,0.447825,0.000000,0.000000,0,1
1789801241.956552,5,13.850016,26.203202,3.086300,19.128000,26.252000,13.628000,26.252000,0.048046,5.052175,0.799516,3.081571,-0.022441,0.447825,0.000000,0.000000,0,1
1789801242.056527,5,13.850016,26.203202,3.086300,19.128000,26.252000,13.628000,26.252000,0.048046,5.052175,0.799516,3.081571,-0.022441,0.447825,0.000000,0.000000,0,1
1789801242.156557,5,13.850016,26.203202,3.086300,19.128000,26.252000,13.628000,26.252000,0.048046,5.052175,0.799516,3.081571,-0.022441,0.447825,0.000000,0.000000,0,1
1789801242.256541,5,13.850016,26.203202,3.086300,19.128000,26.252000,13.628000,26.252000,0.048046,5.052175,0.799516,3.081571,-0.022441,0.447825,0.000000,0.000000,0,1
1789801242.356546,5,13.850016,26.203202,3.086300,19.128000,26.252000,13.628000,26.252000,0.048046,5.052175,0.799516,3.081571,-0.022441,0.447825,0.000000,0.000000,0,1
1789801242.456762,5,13.850016,26.203202,3.086300,19.128000,26.252000,13.628000,26.252000,0.048046,5.052175,0.799516,3.081571,-0.022441,0.447825,0.000000,0.000000,0,1
1789801242.556536,5,13.850016,26.203202,3.086300,19.128000,26.252000,13.628000,26.252000,0.048046,5.052175,0.799516,3.081571,-0.022441,0.447825,0.000000,0.000000,0,1
1789801242.656711,5,13.850016,26.203202,3.086300,19.128000,26.252000,13.628000,26.252000,0.048046,5.052175,0.799516,3.081571,-0.022441,0.447825,0.000000,0.000000,0,1
1789801242.756775,5,13.850016,26.203202,3.086300,19.128000,26.252000,13.628000,26.252000,0.048046,5.052175,0.799516,3.081571,-0.022441,0.447825,0.000000,0.000000,0,1
1789801242.856495,5,13.850016,26.203202,3.086300,19.128000,26.252000,13.628000,26.252000,0.048046,5.052175,0.799516,3.081571,-0.022441,0.447825,0.000000,0.000000,0,1
1789801242.956465,5,13.850016,26.203202,3.086300,19.128000,26.252000,13.628000,26.252000,0.048046,5.052175,0.799516,3.081571,-0.022441,0.447825,0.000000,0.000000,0,1
1789801243.056450,5,13.850016,26.203202,3.086300,19.128000,26.252000,13.628000,26.252000,0.048046,5.052175,0.799516,3.081571,-0.022441,0.447825,0.000000,0.000000,0,1
1789801243.156432,5,13.850016,26.203202,3.086300,19.128000,26.252000,13.628000,26.252000,0.048046,5.052175,0.799516,3.081571,-0.022441,0.447825,0.000000,0.000000,0,1
1789801243.256425,5,13.850016,26.203202,3.086300,19.128000,26.252000,13.628000,26.252000,0.048046,5.052175,0.799516,3.081571,-0.022441,0.447825,0.000000,0.000000,0,1
1789801243.356457,5,13.850016,26.203202,3.086300,19.128000,26.252000,13.628000,26.252000,0.048046,5.052175,0.799516,3.081571,-0.022441,0.447825,0.000000,0.000000,0,1
1789801243.456419,5,13.850016,26.203202,3.086300,19.128000,26.252000,13.628000,26.252000,0.048046,5.052175,0.799516,3.081571,-0.022441,0.447825,0.000000,0.000000,0,1
1789801243.556406,5,13.850016,26.203202,3.086300,19.128000,26.252000,13.628000,26.252000,0.048046,5.052175,0.799516,3.081571,-0.022441,0.447825,0.000000,0.000000,0,1
1789801243.657604,5,13.850016,26.203202,3.086300,19.128000,26.252000,13.628000,26.252000,0.048046,5.052175,0.799516,3.081571,-0.022441,0.447825,0.000000,0.000000,0,1
1789801243.756378,5,13.850016,26.203202,3.086300,19.128000,26.252000,13.628000,26.252000,0.048046,5.052175,0.799516,3.081571,-0.022441,0.447825,0.000000,0.000000,0,1
1789801243.856409,5,13.850016,26.203202,3.086300,19.128000,26.252000,13.628000,26.252000,0.048046,5.052175,0.799516,3.081571,-0.022441,0.447825,0.000000,0.000000,0,1
1789801243.956348,5,13.850016,26.203202,3.086300,19.128000,26.252000,13.628000,26.252000,0.048046,5.052175,0.799516,3.081571,-0.022441,0.447825,0.000000,0.000000,0,1
1789801244.056391,5,13.850016,26.203202,3.086300,19.128000,26.252000,13.628000,26.252000,0.048046,5.052175,0.799516,3.081571,-0.022441,0.447825,0.000000,0.000000,0,1
1789801244.156348,5,13.850016,26.203202,3.086300,19.128000,26.252000,13.628000,26.252000,0.048046,5.052175,0.799516,3.081571,-0.022441,0.447825,0.000000,0.000000,0,1
1789801244.256852,1,13.850016,26.203202,3.086300,13.850016,26.203202,13.628000,26.252000,-0.000000,0.000000,0.800000,2.925238,-0.161062,0.227316,0.370089,-0.016899,0,0
1789801244.356649,1,13.850016,26.203202,3.086300,13.628000,26.252000,13.728000,24.702000,0.218414,0.062991,0.790147,-1.776057,1.420828,1.490232,0.180000,0.146481,0,0
1789801244.456386,1,13.850016,26.203202,3.086300,13.628000,26.252000,13.728000,24.702000,0.218414,0.062991,0.790147,-1.776057,1.420828,1.490232,0.180000,0.277185,0,0
1789801244.556342,1,13.850016,26.203202,3.086300,13.628000,26.252000,13.728000,24.702000,0.218414,0.062991,0.790147,-1.776057,1.420828,1.490232,0.180000,0.381748,0,0
1789801244.656303,1,13.850016,26.203202,3.086300,13.628000,26.252000,13.728000,24.702000,0.218414,0.062991,0.790147,-1.776057,1.420828,1.490232,0.180000,0.465398,0,0
1789801244.756308,1,13.850016,26.203202,3.086300,13.628000,26.252000,13.728000,24.702000,0.218414,0.062991,0.790147,-1.776057,1.420828,1.490232,0.180000,0.532319,0,0
1789801244.856300,1,13.850016,26.203202,3.086300,13.628000,26.252000,13.728000,24.702000,0.218414,0.062991,0.790147,-1.776057,1.420828,1.490232,0.180000,0.585855,0,0
1789801244.956316,1,13.850016,26.203202,3.086300,13.628000,26.252000,13.728000,24.702000,0.218414,0.062991,0.790147,-1.776057,1.420828,1.490232,0.180000,0.628684,0,0
1789801245.056302,1,13.850016,26.203202,3.086300,13.628000,26.252000,13.728000,24.702000,0.218414,0.062991,0.790147,-1.776057,1.420828,1.490232,0.180000,0.662947,0,0
1789801245.156329,1,13.850016,26.203202,3.086300,13.628000,26.252000,13.728000,24.702000,0.218414,0.062991,0.790147,-1.776057,1.420828,1.490232,0.180000,0.690358,0,0
1789801245.256302,1,13.850016,26.203202,3.086300,13.628000,26.252000,13.728000,24.702000,0.218414,0.062991,0.790147,-1.776057,1.420828,1.490232,0.180000,0.712286,0,0
1789801245.356333,1,13.850016,26.203202,3.086300,13.628000,26.252000,13.728000,24.702000,0.218414,0.062991,0.790147,-1.776057,1.420828,1.490232,0.180000,0.729829,0,0
1789801245.456245,1,13.850016,26.203202,3.086300,13.628000,26.252000,13.728000,24.702000,0.218414,0.062991,0.790147,-1.776057,1.420828,1.490232,0.180000,0.743863,0,0
1789801245.556217,1,13.850016,26.203202,3.086300,13.628000,26.252000,13.728000,24.702000,0.218414,0.062991,0.790147,-1.776057,1.420828,1.490232,0.180000,0.755091,0,0
1789801245.656295,1,13.850016,26.203202,3.086300,13.628000,26.252000,13.728000,24.702000,0.218414,0.062991,0.790147,-1.776057,1.420828,1.490232,0.180000,0.764072,0,0
1789801245.756202,1,13.850016,26.203202,3.086300,13.628000,26.252000,13.728000,24.702000,0.218414,0.062991,0.790147,-1.776057,1.420828,1.490232,0.180000,0.771258,0,0
1789801245.856242,1,13.850016,26.203202,3.086300,13.628000,26.252000,13.728000,24.702000,0.218414,0.062991,0.790147,-1.776057,1.420828,1.490232,0.180000,0.774620,0,0
1789801245.956217,1,13.850016,26.203202,3.086300,13.628000,26.252000,13.728000,24.702000,0.218414,0.062991,0.790147,-1.776057,1.420828,1.490232,0.180000,0.774204,0,0
1789801246.056196,1,13.850016,26.203202,3.086300,13.628000,26.252000,13.728000,24.702000,0.218414,0.062991,0.790147,-1.776057,1.420828,1.490232,0.180000,0.771385,0,0
1789801246.156191,1,13.850016,26.203202,3.086300,13.628000,26.252000,13.728000,24.702000,0.218414,0.062991,0.790147,-1.776057,1.420828,1.490232,0.180000,0.767143,0,0
1789801246.256224,1,13.850016,26.203202,3.086300,13.628000,26.252000,13.728000,24.702000,0.218414,0.062991,0.790147,-1.776057,1.420828,1.490232,0.000000,0.000000,1,0
1789801246.356150,1,13.750796,26.203610,-3.042706,13.628000,26.252000,13.728000,24.702000,0.119426,0.056195,0.797020,-1.655104,1.387602,1.497027,0.180000,0.744266,0,0
1789801246.456146,1,13.750796,26.203610,-3.042706,13.628000,26.252000,13.728000,24.702000,0.119426,0.056195,0.797020,-1.655104,1.387602,1.497027,0.180000,0.730796,0,0
1789801246.556145,1,13.750796,26.203610,-3.042706,13.628000,26.252000,13.728000,24.702000,0.119426,0.056195,0.797020,-1.655104,1.387602,1.497027,0.180000,0.720695,0,0
1789801246.656138,1,13.750796,26.203610,-3.042706,13.628000,26.252000,13.728000,24.702000,0.119426,0.056195,0.797020,-1.655104,1.387602,1.497027,0.180000,0.713155,0,0
1789801246.756142,1,13.714067,26.186238,-2.893193,13.628000,26.252000,13.728000,24.702000,0.081654,0.071167,0.798603,-1.608262,1.284931,1.482056,0.180000,0.668545,0,0
1789801246.856130,1,13.714067,26.186238,-2.893193,13.628000,26.252000,13.728000,24.702000,0.081654,0.071167,0.798603,-1.608262,1.284931,1.482056,0.000000,0.000000,1,0
1789801246.956108,1,13.714067,26.186238,-2.893193,13.628000,26.252000,13.728000,24.702000,0.081654,0.071167,0.798603,-1.608262,1.284931,1.482056,0.180000,0.620151,0,0
1789801247.056101,1,13.686106,26.167160,-2.761238,13.628000,26.252000,13.728000,24.702000,0.052523,0.088405,0.799421,-1.571977,1.189261,1.464817,0.180000,0.572656,0,0
1789801247.156111,1,13.686106,26.167160,-2.761238,13.628000,26.252000,13.728000,24.702000,0.052523,0.088405,0.799421,-1.571977,1.189261,1.464817,0.180000,0.543139,0,0
1789801247.256069,1,13.686106,26.167160,-2.761238,13.628000,26.252000,13.728000,24.702000,0.052523,0.088405,0.799421,-1.571977,1.189261,1.464817,0.180000,0.526307,0,0
1789801247.356026,1,13.659234,26.145677,-2.588980,13.628000,26.252000,13.728000,24.702000,0.024324,0.108113,0.799876,-1.536770,1.052210,1.445109,0.180000,0.466171,0,0
1789801247.456096,1,13.659234,26.145677,-2.588980,13.628000,26.252000,13.728000,24.702000,0.024324,0.108113,0.799876,-1.536770,1.052210,1.445109,0.180000,0.430081,0,0
1789801247.556038,1,13.634466,26.119227,-2.451984,13.628000,26.252000,13.728000,24.702000,-0.002096,0.132914,0.799999,-1.503750,0.948234,1.420308,0.180000,0.371296,0,0
1789801247.656051,1,13.634466,26.119227,-2.451984,13.628000,26.252000,13.728000,24.702000,-0.002096,0.132914,0.799999,-1.503750,0.948234,1.420308,0.180000,0.337787,0,0
1789801247.756022,1,13.607656,26.093916,-2.316982,13.628000,26.252000,13.728000,24.702000,-0.030479,0.156446,0.799805,-1.468279,0.848703,1.396776,0.180000,0.283967,0,0
1789801247.855996,1,13.607656,26.093916,-2.316982,13.628000,26.252000,13.728000,24.702000,-0.030479,0.156446,0.799805,-1.468279,0.848703,1.396776,0.180000,0.255138,0,0
1789801247.956047,1,13.574267,26.058674,-2.190718,13.628000,26.252000,13.728000,24.702000,-0.066068,0.189466,0.799085,-1.423877,0.766841,1.363757,0.180000,0.212359,0,0
1789801248.056027,1,13.574267,26.058674,-2.190718,13.628000,26.252000,13.728000,24.702000,-0.066068,0.189466,0.799085,-1.423877,0.766841,1.363757,0.180000,0.191822,0,0
1789801248.155982,1,13.552110,26.025749,-2.073101,13.628000,26.252000,13.728000,24.702000,-0.090299,0.220895,0.798293,-1.393734,0.679368,1.332327,0.300000,0.153088,0,0
1789801248.255982,1,13.552110,26.025749,-2.073101,13.628000,26.252000,13.728000,24.702000,-0.090299,0.220895,0.798293,-1.393734,0.679368,1.332327,0.300000,0.135762,0,0
1789801248.355977,1,13.552110,26.025749,-2.073101,13.628000,26.252000,13.728000,24.702000,-0.090299,0.220895,0.798293,-1.393734,0.679368,1.332327,0.300000,0.132830,0,0
1789801248.455967,1,13.523982,25.970793,-1.947351,13.628000,26.252000,13.728000,24.702000,-0.121907,0.273927,0.796895,-1.354569,0.592782,1.279296,0.300000,0.106324,0,0
1789801248.555946,1,13.523982,25.970793,-1.947351,13.628000,26.252000,13.728000,24.702000,-0.121907,0.273927,0.796895,-1.354569,0.592782,1.279296,0.300000,0.096962,0,0
1789801248.655987,1,13.523982,25.970793,-1.947351,13.628000,26.252000,13.728000,24.702000,-0.121907,0.273927,0.796895,-1.354569,0.592782,1.279296,0.300000,0.098948,0,0
1789801248.756183,1,13.523982,25.970793,-1.947351,13.628000,26.252000,13.728000,24.702000,-0.121907,0.273927,0.796895,-1.354569,0.592782,1.279296,0.300000,0.108116,0,0
1789801248.855890,1,13.523982,25.970793,-1.947351,13.628000,26.252000,13.728000,24.702000,-0.121907,0.273927,0.796895,-1.354569,0.592782,1.279296,0.300000,0.121515,0,0
1789801248.956385,1,13.491735,25.875321,-1.840309,13.628000,26.252000,13.728000,24.702000,-0.160234,0.367125,0.794656,-1.307398,0.532911,1.186098,0.300000,0.114372,0,0
1789801249.055892,1,13.491735,25.875321,-1.840309,13.628000,26.252000,13.728000,24.702000,-0.160234,0.367125,0.794656,-1.307398,0.532911,1.186098,0.300000,0.115883,0,0
1789801249.155854,1,13.491735,25.875321,-1.840309,13.628000,26.252000,13.728000,24.702000,-0.160234,0.367125,0.794656,-1.307398,0.532911,1.186098,0.300000,0.122873,0,0
1789801249.255858,1,13.491735,25.875321,-1.840309,13.628000,26.252000,13.728000,24.702000,-0.160234,0.367125,0.794656,-1.307398,0.532911,1.186098,0.300000,0.133090,0,0
1789801249.356202,1,13.491735,25.875321,-1.840309,13.628000,26.252000,13.728000,24.702000,-0.160234,0.367125,0.794656,-1.307398,0.532911,1.186098,0.300000,0.144964,0,0
1789801249.455869,1,13.462536,25.749338,-1.729154,13.628000,26.252000,13.728000,24.702000,-0.197483,0.490966,0.791921,-1.261982,0.467172,1.062256,0.300000,0.132417,0,0
1789801249.555890,1,13.462536,25.749338,-1.729154,13.628000,26.252000,13.728000,24.702000,-0.197483,0.490966,0.791921,-1.261982,0.467172,1.062256,0.300000,0.128434,0,0
1789801249.656121,1,13.462536,25.749338,-1.729154,13.628000,26.252000,13.728000,24.702000,-0.197483,0.490966,0.791921,-1.261982,0.467172,1.062256,0.300000,0.130091,0,0
1789801249.756017,1,13.462536,25.749338,-1.729154,13.628000,26.252000,13.728000,24.702000,-0.197483,0.490966,0.791921,-1.261982,0.467172,1.062256,0.300000,0.135291,0,0
1789801249.855852,1,13.462536,25.749338,-1.729154,13.628000,26.252000,13.728000,24.702000,-0.197483,0.490966,0.791921,-1.261982,0.467172,1.062256,0.300000,0.142551,0,0
1789801249.956352,1,13.423933,25.595005,-1.661463,13.628000,26.252000,13.728000,24.702000,-0.245942,0.642494,0.787563,-1.203682,0.457780,0.910729,0.300000,0.147283,0,0
1789801250.056559,1,13.423933,25.595005,-1.661463,13.628000,26.252000,13.728000,24.702000,-0.245942,0.642494,0.787563,-1.203682,0.457780,0.910729,0.300000,0.153575,0,0
1789801250.155820,1,13.423933,25.595005,-1.661463,13.628000,26.252000,13.728000,24.702000,-0.245942,0.642494,0.787563,-1.203682,0.457780,0.910729,0.300000,0.160615,0,0
1789801250.255772,1,13.423933,25.595005,-1.661463,13.628000,26.252000,13.728000,24.702000,-0.245942,0.642494,0.787563,-1.203682,0.457780,0.910729,0.300000,0.167851,0,0
1789801250.355795,1,13.401810,25.464465,-1.615387,13.628000,26.252000,13.728000,24.702000,-0.276424,0.771339,0.784375,-1.167546,0.447841,0.781884,0.300000,0.171148,0,0
1789801250.455792,1,13.401810,25.464465,-1.615387,13.628000,26.252000,13.728000,24.702000,-0.276424,0.771339,0.784375,-1.167546,0.447841,0.781884,0.300000,0.175368,0,0
1789801250.555755,1,13.401810,25.464465,-1.615387,13.628000,26.252000,13.728000,24.702000,-0.276424,0.771339,0.784375,-1.167546,0.447841,0.781884,0.300000,0.180012,0,0
1789801250.655769,1,13.401810,25.464465,-1.615387,13.628000,26.252000,13.728000,24.702000,-0.276424,0.771339,0.784375,-1.167546,0.447841,0.781884,0.300000,0.184740,0,0
1789801250.756742,1,13.389501,25.336356,-1.567671,13.628000,26.252000,13.728000,24.702000,-0.296956,0.898389,0.782042,-1.143468,0.424203,0.654833,0.300000,0.180415,0,0
1789801250.855982,1,13.389501,25.336356,-1.567671,13.628000,26.252000,13.728000,24.702000,-0.296956,0.898389,0.782042,-1.143468,0.424203,0.654833,0.300000,0.178914,0,0
1789801250.955747,1,13.389501,25.336356,-1.567671,13.628000,26.252000,13.728000,24.702000,-0.296956,0.898389,0.782042,-1.143468,0.424203,0.654833,0.300000,0.179282,0,0
1789801251.055714,1,13.389501,25.336356,-1.567671,13.628000,26.252000,13.728000,24.702000,-0.296956,0.898389,0.782042,-1.143468,0.424203,0.654833,0.300000,0.180830,0,0
1789801251.155710,1,13.377347,25.214311,-1.505042,13.628000,26.252000,13.728000,24.702000,-0.316942,1.019399,0.779630,-1.120248,0.384795,0.533824,0.300000,0.168095,0,0
1789801251.255710,1,13.377347,25.214311,-1.505042,13.628000,26.252000,13.728000,24.702000,-0.316942,1.019399,0.779630,-1.120248,0.384795,0.533824,0.300000,0.160917,0,0
1789801251.355680,1,13.377347,25.214311,-1.505042,13.628000,26.252000,13.728000,24.702000,-0.316942,1.019399,0.779630,-1.120248,0.384795,0.533824,0.300000,0.157583,0,0
1789801251.455683,1,13.377347,25.214311,-1.505042,13.628000,26.252000,13.728000,24.702000,-0.316942,1.019399,0.779630,-1.120248,0.384795,0.533824,0.300000,0.156841,0,0
1789801251.555913,2,13.387585,25.089402,-1.424009,13.628000,26.252000,13.728000,24.702000,-0.314767,1.144708,0.779899,-1.122764,0.301246,0.408515,0.300000,0.126045,0,0
1789801251.655720,2,13.387585,25.089402,-1.424009,13.728000,24.702000,19.128000,24.452000,0.371244,-0.357967,0.772410,-0.494296,0.929714,5.763751,0.180000,0.260836,0,0
1789801251.756156,2,13.387585,25.089402,-1.424009,13.728000,24.702000,19.128000,24.452000,0.371244,-0.357967,0.772410,-0.494296,0.929714,5.763751,0.180000,0.368669,0,0
1789801251.855637,2,13.387585,25.089402,-1.424009,13.728000,24.702000,19.128000,24.452000,0.371244,-0.357967,0.772410,-0.494296,0.929714,5.763751,0.180000,0.454935,0,0
1789801251.955933,2,13.404852,24.967537,-1.354072,13.728000,24.702000,19.128000,24.452000,0.250309,-0.335083,0.787127,-0.354154,0.999918,5.740867,0.180000,0.523948,0,0
1789801252.055660,2,13.404852,24.967537,-1.354072,13.728000,24.702000,19.128000,24.452000,0.250309,-0.335083,0.787127,-0.354154,0.999918,5.740867,0.180000,0.579159,0,0
1789801252.155642,2,13.404852,24.967537,-1.354072,13.728000,24.702000,19.128000,24.452000,0.250309,-0.335083,0.787127,-0.354154,0.999918,5.740867,0.180000,0.623327,0,0
1789801252.255613,2,13.404852,24.967537,-1.354072,13.728000,24.702000,19.128000,24.452000,0.250309,-0.335083,0.787127,-0.354154,0.999918,5.740867,0.180000,0.648631,0,0
1789801252.355515,2,13.434671,24.845994,-1.300497,13.728000,24.702000,19.128000,24.452000,0.130275,-0.299674,0.796457,-0.208395,1.092102,5.705458,0.180000,0.678905,0,0
1789801252.455604,2,13.434671,24.845994,-1.300497,13.728000,24.702000,19.128000,24.452000,0.130275,-0.299674,0.796457,-0.208395,1.092102,5.705458,0.180000,0.703124,0,0
1789801252.555553,2,13.434671,24.845994,-1.300497,13.728000,24.702000,19.128000,24.452000,0.130275,-0.299674,0.796457,-0.208395,1.092102,5.705458,0.180000,0.713834,0,0
1789801252.655605,2,13.434671,24.845994,-1.300497,13.728000,24.702000,19.128000,24.452000,0.130275,-0.299674,0.796457,-0.208395,1.092102,5.705458,0.180000,0.713978,0,0
1789801252.755664,2,13.475622,24.754052,-1.178702,13.728000,24.702000,19.128000,24.452000,0.040324,-0.254515,0.799659,-0.096647,1.082054,5.660299,0.180000,0.703536,0,0
1789801252.855568,2,13.475622,24.754052,-1.178702,13.728000,24.702000,19.128000,24.452000,0.040324,-0.254515,0.799659,-0.096647,1.082054,5.660299,0.180000,0.690352,0,0
1789801252.955524,2,13.506705,24.721925,-1.055088,13.728000,24.702000,19.128000,24.452000,0.009669,-0.221980,0.799980,-0.058350,0.996738,5.627764,0.180000,0.643516,0,0
1789801253.055451,2,13.506705,24.721925,-1.055088,13.728000,24.702000,19.128000,24.452000,0.009669,-0.221980,0.799980,-0.058350,0.996738,5.627764,0.180000,0.607735,0,0
1789801253.155531,2,13.535785,24.694191,-0.906604,13.728000,24.702000,19.128000,24.452000,-0.016690,-0.191648,0.799942,-0.025402,0.881202,5.597432,0.180000,0.536579,0,0
1789801253.255542,2,13.535785,24.694191,-0.906604,13.728000,24.702000,19.128000,24.452000,-0.016690,-0.191648,0.799942,-0.025402,0.881202,5.597432,0.180000,0.487200,0,0
1789801253.355511,2,13.571090,24.669695,-0.738694,13.728000,24.702000,19.128000,24.452000,-0.039527,-0.155248,0.799672,0.003125,0.741820,5.561032,0.180000,0.400755,0,0
1789801253.455467,2,13.571090,24.669695,-0.738694,13.728000,24.702000,19.128000,24.452000,-0.039527,-0.155248,0.799672,0.003125,0.741820,5.561032,0.180000,0.344236,0,0
1789801253.555577,2,13.614944,24.651067,-0.574681,13.728000,24.702000,19.128000,24.452000,-0.056107,-0.110579,0.799340,0.023814,0.598494,5.516363,0.300000,0.254709,0,0
1789801253.655460,2,13.614944,24.651067,-0.574681,13.728000,24.702000,19.128000,24.452000,-0.056107,-0.110579,0.799340,0.023814,0.598494,5.516363,0.300000,0.199193,0,0
1789801253.755503,2,13.648301,24.638749,-0.431564,13.728000,24.702000,19.128000,24.452000,-0.066869,-0.076688,0.799062,0.037226,0.468790,5.482472,0.000000,0.000000,1,0
1789801253.855426,2,13.648301,24.638749,-0.431564,13.728000,24.702000,19.128000,24.452000,-0.066869,-0.076688,0.799062,0.037226,0.468790,5.482472,0.300000,0.071293,0,0
1789801253.955417,2,13.683684,24.627130,-0.315902,13.728000,24.702000,19.128000,24.452000,-0.076840,-0.040806,0.798763,0.049640,0.365542,5.446590,0.300000,0.008446,0,0
1789801254.055433,2,13.683684,24.627130,-0.315902,13.728000,24.702000,19.128000,24.452000,-0.076840,-0.040806,0.798763,0.049640,0.365542,5.446590,0.300000,-0.024803,0,0
1789801254.155411,2,13.683684,24.627130,-0.315902,13.728000,24.702000,19.128000,24.452000,-0.076840,-0.040806,0.798763,0.049640,0.365542,5.446590,0.300000,-0.037780,0,0
1789801254.255410,2,13.731038,24.612436,-0.181926,13.728000,24.702000,19.128000,24.452000,-0.089327,0.007177,0.798329,0.065166,0.247092,5.398607,0.300000,-0.082270,0,0
1789801254.355452,2,13.731038,24.612436,-0.181926,13.728000,24.702000,19.128000,24.452000,-0.089327,0.007177,0.798329,0.065166,0.247092,5.398607,0.300000,-0.102510,0,0
1789801254.455410,2,13.731038,24.612436,-0.181926,13.728000,24.702000,19.128000,24.452000,-0.089327,0.007177,0.798329,0.065166,0.247092,5.398607,0.300000,-0.106422,0,0
1789801254.555383,2,13.787260,24.607810,-0.070076,13.728000,24.702000,19.128000,24.452000,-0.091349,0.063553,0.798253,0.067677,0.137753,5.342231,0.396894,-0.141285,0,0
1789801254.655390,2,13.787260,24.607810,-0.070076,13.728000,24.702000,19.128000,24.452000,-0.091349,0.063553,0.798253,0.067677,0.137753,5.342231,0.396894,-0.155190,0,0
1789801254.755519,2,13.787260,24.607810,-0.070076,13.728000,24.702000,19.128000,24.452000,-0.091349,0.063553,0.798253,0.067677,0.137753,5.342231,0.396894,-0.155127,0,0
1789801254.855399,2,13.787260,24.607810,-0.070076,13.728000,24.702000,19.128000,24.452000,-0.091349,0.063553,0.798253,0.067677,0.137753,5.342231,0.396894,-0.146127,0,0
1789801254.955384,2,13.787260,24.607810,-0.070076,13.728000,24.702000,19.128000,24.452000,-0.091349,0.063553,0.798253,0.067677,0.137753,5.342231,0.396894,-0.131766,0,0
1789801255.055387,2,13.899841,24.605017,0.018408,13.728000,24.702000,19.128000,24.452000,-0.088932,0.176142,0.798344,0.064675,0.046267,5.229642,0.580450,-0.149314,0,0
1789801255.155383,2,13.899841,24.605017,0.018408,13.728000,24.702000,19.128000,24.452000,-0.088932,0.176142,0.798344,0.064675,0.046267,5.229642,0.580450,-0.153646,0,0
1789801255.255316,2,13.899841,24.605017,0.018408,13.728000,24.702000,19.128000,24.452000,-0.088932,0.176142,0.798344,0.064675,0.046267,5.229642,0.580450,-0.149348,0,0
1789801255.355337,2,13.899841,24.605017,0.018408,13.728000,24.702000,19.128000,24.452000,-0.088932,0.176142,0.798344,0.064675,0.046267,5.229642,0.580450,-0.139697,0,0
1789801255.455296,2,13.899841,24.605017,0.018408,13.728000,24.702000,19.128000,24.452000,-0.088932,0.176142,0.798344,0.064675,0.046267,5.229642,0.580450,-0.127008,0,0
1789801255.555344,2,14.027377,24.602556,0.046593,13.728000,24.702000,19.128000,24.452000,-0.085492,0.303656,0.798469,0.060401,0.013808,5.102128,0.566297,-0.125212,0,0
1789801255.655268,2,14.027377,24.602556,0.046593,13.728000,24.702000,19.128000,24.452000,-0.085492,0.303656,0.798469,0.060401,0.013808,5.102128,0.566297,-0.118778,0,0
1789801255.755368,2,14.027377,24.602556,0.046593,13.728000,24.702000,19.128000,24.452000,-0.085492,0.303656,0.798469,0.060401,0.013808,5.102128,0.566297,-0.109633,0,0
1789801255.855259,2,14.027377,24.602556,0.046593,13.728000,24.702000,19.128000,24.452000,-0.085492,0.303656,0.798469,0.060401,0.013808,5.102128,0.566297,-0.099119,0,0
1789801255.955240,2,14.158339,24.607892,0.076259,13.728000,24.702000,19.128000,24.452000,-0.074105,0.434231,0.798849,0.046237,-0.030022,4.971553,0.551804,-0.104806,0,0
1789801256.057433,2,14.158339,24.607892,0.076259,13.728000,24.702000,19.128000,24.452000,-0.074105,0.434231,0.798849,0.046237,-0.030022,4.971553,0.551804,-0.104854,0,0
1789801256.155211,2,14.158339,24.607892,0.076259,13.728000,24.702000,19.128000,24.452000,-0.074105,0.434231,0.798849,0.046237,-0.030022,4.971553,0.551804,-0.101291,0,0
1789801256.255217,2,14.272650,24.612409,0.102384,13.728000,24.702000,19.128000,24.452000,-0.064307,0.548210,0.799133,0.034035,-0.068350,4.857574,0.539153,-0.110123,0,0
1789801256.355200,2,14.272650,24.612409,0.102384,13.728000,24.702000,19.128000,24.452000,-0.064307,0.548210,0.799133,0.034035,-0.068350,4.857574,0.539153,-0.112738,0,0
1789801256.455280,2,14.272650,24.612409,0.102384,13.728000,24.702000,19.128000,24.452000,-0.064307,0.548210,0.799133,0.034035,-0.068350,4.857574,0.539153,-0.111269,0,0
1789801256.555179,2,14.402535,24.620223,0.120329,13.728000,24.702000,19.128000,24.452000,-0.050494,0.677595,0.799465,0.016813,-0.103516,4.728189,0.439827,-0.120615,0,0
1789801256.655432,2,14.402535,24.620223,0.120329,13.728000,24.702000,19.128000,24.452000,-0.050494,0.677595,0.799465,0.016813,-0.103516,4.728189,0.000000,0.000000,1,0
1789801256.755960,2,14.402535,24.620223,0.120329,13.728000,24.702000,19.128000,24.452000,-0.050494,0.677595,0.799465,0.016813,-0.103516,4.728189,0.000000,0.000000,1,0
1789801256.855125,2,14.543405,24.629507,0.126946,13.728000,24.702000,19.128000,24.452000,-0.034705,0.817885,0.799747,-0.002895,-0.129842,4.587899,0.000000,0.000000,1,0
1789801256.955066,2,14.543405,24.629507,0.126946,13.728000,24.702000,19.128000,24.452000,-0.034705,0.817885,0.799747,-0.002895,-0.129842,4.587899,0.000000,0.000000,1,0
1789801257.055118,2,14.543405,24.629507,0.126946,13.728000,24.702000,19.128000,24.452000,-0.034705,0.817885,0.799747,-0.002895,-0.129842,4.587899,0.000000,0.000000,1,0
1789801257.155183,2,14.698390,24.646498,0.111946,13.728000,24.702000,19.128000,24.452000,-0.010566,0.971919,0.799977,-0.033057,-0.145003,4.433865,0.000000,0.000000,1,0
1789801257.255059,2,14.698390,24.646498,0.111946,13.728000,24.702000,19.128000,24.452000,-0.010566,0.971919,0.799977,-0.033057,-0.145003,4.433865,0.000000,0.000000,1,0
1789801257.355100,2,14.698390,24.646498,0.111946,13.728000,24.702000,19.128000,24.452000,-0.010566,0.971919,0.799977,-0.033057,-0.145003,4.433865,0.000000,0.000000,1,0
1789801257.455098,2,14.843427,24.655035,0.060028,13.728000,24.702000,19.128000,24.452000,0.004670,1.116405,0.799995,-0.052101,-0.112129,4.289379,0.000000,0.000000,1,0
1789801257.555402,2,14.843427,24.655035,0.060028,13.728000,24.702000,19.128000,24.452000,0.004670,1.116405,0.799995,-0.052101,-0.112129,4.289379,0.000000,0.000000,1,0
1789801257.655078,2,14.843427,24.655035,0.060028,13.728000,24.702000,19.128000,24.452000,0.004670,1.116405,0.799995,-0.052101,-0.112129,4.289379,0.000000,0.000000,1,0
1789801257.755073,2,14.948473,24.661919,0.021621,13.728000,24.702000,19.128000,24.452000,0.016405,1.221021,0.799943,-0.066768,-0.088389,4.184763,0.000000,0.000000,1,0
1789801257.855031,2,14.948473,24.661919,0.021621,13.728000,24.702000,19.128000,24.452000,0.016405,1.221021,0.799943,-0.066768,-0.088389,4.184763,0.000000,0.000000,1,0
1789801257.955063,2,14.948473,24.661919,0.021621,13.728000,24.702000,19.128000,24.452000,0.016405,1.221021,0.799943,-0.066768,-0.088389,4.184763,0.000000,0.000000,1,0
1789801258.055041,2,14.948473,24.661919,0.021621,13.728000,24.702000,19.128000,24.452000,0.016405,1.221021,0.799943,-0.066768,-0.088389,4.184763,0.000000,0.000000,1,0
1789801258.155099,2,14.948473,24.661919,0.021621,13.728000,24.702000,19.128000,24.452000,0.016405,1.221021,0.799943,-0.066768,-0.088389,4.184763,0.000000,0.000000,1,0
1789801258.255024,2,14.948473,24.661919,0.021621,13.728000,24.702000,19.128000,24.452000,0.016405,1.221021,0.799943,-0.066768,-0.088389,4.184763,0.000000,0.000000,1,0
1789801258.355515,2,14.948473,24.661919,0.021621,13.728000,24.702000,19.128000,24.452000,0.016405,1.221021,0.799943,-0.066768,-0.088389,4.184763,0.000000,0.000000,1,0
1789801258.455030,2,14.948473,24.661919,0.021621,13.728000,24.702000,19.128000,24.452000,0.016405,1.221021,0.799943,-0.066768,-0.088389,4.184763,0.000000,0.000000,1,0
1789801258.555013,2,14.948473,24.661919,0.021621,13.728000,24.702000,19.128000,24.452000,0.016405,1.221021,0.799943,-0.066768,-0.088389,4.184763,0.000000,0.000000,1,0
1789801258.654964,2,14.948473,24.661919,0.021621,13.728000,24.702000,19.128000,24.452000,0.016405,1.221021,0.799943,-0.066768,-0.088389,4.184763,0.000000,0.000000,1,0
1789801258.755033,2,14.948473,24.661919,0.021621,13.728000,24.702000,19.128000,24.452000,0.016405,1.221021,0.799943,-0.066768,-0.088389,4.184763,0.000000,0.000000,1,0
1789801258.854968,2,14.948473,24.661919,0.021621,13.728000,24.702000,19.128000,24.452000,0.016405,1.221021,0.799943,-0.066768,-0.088389,4.184763,0.000000,0.000000,1,0
1789801258.955001,2,14.948473,24.661919,0.021621,13.728000,24.702000,19.128000,24.452000,0.016405,1.221021,0.799943,-0.066768,-0.088389,4.184763,0.000000,0.000000,1,0
1789801259.054952,2,14.948473,24.661919,0.021621,13.728000,24.702000,19.128000,24.452000,0.016405,1.221021,0.799943,-0.066768,-0.088389,4.184763,0.000000,0.000000,1,0
1789801259.154967,2,14.948473,24.661919,0.021621,13.728000,24.702000,19.128000,24.452000,0.016405,1.221021,0.799943,-0.066768,-0.088389,4.184763,0.000000,0.000000,1,0
1789801259.255045,2,14.948473,24.661919,0.021621,13.728000,24.702000,19.128000,24.452000,0.016405,1.221021,0.799943,-0.066768,-0.088389,4.184763,0.000000,0.000000,1,0
1789801259.354937,2,14.948473,24.661919,0.021621,13.728000,24.702000,19.128000,24.452000,0.016405,1.221021,0.799943,-0.066768,-0.088389,4.184763,0.000000,0.000000,1,0
1789801259.454900,2,14.948473,24.661919,0.021621,13.728000,24.702000,19.128000,24.452000,0.016405,1.221021,0.799943,-0.066768,-0.088389,4.184763,0.000000,0.000000,1,0
1789801259.554895,2,14.948473,24.661919,0.021621,13.728000,24.702000,19.128000,24.452000,0.016405,1.221021,0.799943,-0.066768,-0.088389,4.184763,0.000000,0.000000,1,0
1789801259.655843,2,14.948473,24.661919,0.021621,13.728000,24.702000,19.128000,24.452000,0.016405,1.221021,0.799943,-0.066768,-0.088389,4.184763,0.000000,0.000000,1,0
1789801259.755463,2,14.948473,24.661919,0.021621,13.728000,24.702000,19.128000,24.452000,0.016405,1.221021,0.799943,-0.066768,-0.088389,4.184763,0.000000,0.000000,1,0
1789801259.855931,2,14.948473,24.661919,0.021621,13.728000,24.702000,19.128000,24.452000,0.016405,1.221021,0.799943,-0.066768,-0.088389,4.184763,0.000000,0.000000,1,0
1789801259.954890,2,14.948473,24.661919,0.021621,13.728000,24.702000,19.128000,24.452000,0.016405,1.221021,0.799943,-0.066768,-0.088389,4.184763,0.000000,0.000000,1,0
1789801260.056381,2,14.948473,24.661919,0.021621,13.728000,24.702000,19.128000,24.452000,0.016405,1.221021,0.799943,-0.066768,-0.088389,4.184763,0.000000,0.000000,1,0
1789801260.154839,2,14.948473,24.661919,0.021621,13.728000,24.702000,19.128000,24.452000,0.016405,1.221021,0.799943,-0.066768,-0.088389,4.184763,0.000000,0.000000,1,0
1789801260.254829,2,14.948473,24.661919,0.021621,13.728000,24.702000,19.128000,24.452000,0.016405,1.221021,0.799943,-0.066768,-0.088389,4.184763,0.000000,0.000000,1,0
1789801260.354828,2,14.948473,24.661919,0.021621,13.728000,24.702000,19.128000,24.452000,0.016405,1.221021,0.799943,-0.066768,-0.088389,4.184763,0.000000,0.000000,1,0
1789801260.456132,2,14.948473,24.661919,0.021621,13.728000,24.702000,19.128000,24.452000,0.016405,1.221021,0.799943,-0.066768,-0.088389,4.184763,0.000000,0.000000,1,0
1789801260.554845,2,14.948473,24.661919,0.021621,13.728000,24.702000,19.128000,24.452000,0.016405,1.221021,0.799943,-0.066768,-0.088389,4.184763,0.000000,0.000000,1,0
1789801260.654836,2,14.948473,24.661919,0.021621,13.728000,24.702000,19.128000,24.452000,0.016405,1.221021,0.799943,-0.066768,-0.088389,4.184763,0.000000,0.000000,1,0
1789801260.755264,2,14.948473,24.661919,0.021621,13.728000,24.702000,19.128000,24.452000,0.016405,1.221021,0.799943,-0.066768,-0.088389,4.184763,0.000000,0.000000,1,0
1789801260.854788,2,14.948473,24.661919,0.021621,13.728000,24.702000,19.128000,24.452000,0.016405,1.221021,0.799943,-0.066768,-0.088389,4.184763,0.000000,0.000000,1,0
1789801260.954774,2,14.948473,24.661919,0.021621,13.728000,24.702000,19.128000,24.452000,0.016405,1.221021,0.799943,-0.066768,-0.088389,4.184763,0.000000,0.000000,1,0
1789801261.054778,2,14.948473,24.661919,0.021621,13.728000,24.702000,19.128000,24.452000,0.016405,1.221021,0.799943,-0.066768,-0.088389,4.184763,0.000000,0.000000,1,0
1789801261.154749,2,14.948473,24.661919,0.021621,13.728000,24.702000,19.128000,24.452000,0.016405,1.221021,0.799943,-0.066768,-0.088389,4.184763,0.000000,0.000000,1,0
1789801261.254813,2,14.948473,24.661919,0.021621,13.728000,24.702000,19.128000,24.452000,0.016405,1.221021,0.799943,-0.066768,-0.088389,4.184763,0.000000,0.000000,1,0
1789801261.354754,2,14.948473,24.661919,0.021621,13.728000,24.702000,19.128000,24.452000,0.016405,1.221021,0.799943,-0.066768,-0.088389,4.184763,0.000000,0.000000,1,0
1789801261.455303,2,14.948473,24.661919,0.021621,13.728000,24.702000,19.128000,24.452000,0.016405,1.221021,0.799943,-0.066768,-0.088389,4.184763,0.000000,0.000000,1,0
1789801261.554722,2,14.948473,24.661919,0.021621,13.728000,24.702000,19.128000,24.452000,0.016405,1.221021,0.799943,-0.066768,-0.088389,4.184763,0.000000,0.000000,1,0
1789801261.654725,2,14.948473,24.661919,0.021621,13.728000,24.702000,19.128000,24.452000,0.016405,1.221021,0.799943,-0.066768,-0.088389,4.184763,0.000000,0.000000,1,0
1789801261.754683,2,14.948473,24.661919,0.021621,13.728000,24.702000,19.128000,24.452000,0.016405,1.221021,0.799943,-0.066768,-0.088389,4.184763,0.000000,0.000000,1,0
1789801261.854674,2,14.948473,24.661919,0.021621,13.728000,24.702000,19.128000,24.452000,0.016405,1.221021,0.799943,-0.066768,-0.088389,4.184763,0.000000,0.000000,1,0
1789801261.954647,2,14.948473,24.661919,0.021621,13.728000,24.702000,19.128000,24.452000,0.016405,1.221021,0.799943,-0.066768,-0.088389,4.184763,0.000000,0.000000,1,0
1789801262.054649,2,14.948473,24.661919,0.021621,13.728000,24.702000,19.128000,24.452000,0.016405,1.221021,0.799943,-0.066768,-0.088389,4.184763,0.000000,0.000000,1,0
1789801262.154637,2,14.948473,24.661919,0.021621,13.728000,24.702000,19.128000,24.452000,0.016405,1.221021,0.799943,-0.066768,-0.088389,4.184763,0.000000,0.000000,1,0
1789801262.254629,2,14.948473,24.661919,0.021621,13.728000,24.702000,19.128000,24.452000,0.016405,1.221021,0.799943,-0.066768,-0.088389,4.184763,0.000000,0.000000,1,0
1789801262.354656,2,14.948473,24.661919,0.021621,13.728000,24.702000,19.128000,24.452000,0.016405,1.221021,0.799943,-0.066768,-0.088389,4.184763,0.000000,0.000000,1,0
1789801262.454632,2,14.948473,24.661919,0.021621,13.728000,24.702000,19.128000,24.452000,0.016405,1.221021,0.799943,-0.066768,-0.088389,4.184763,0.000000,0.000000,1,0
1789801262.554596,2,14.948473,24.661919,0.021621,13.728000,24.702000,19.128000,24.452000,0.016405,1.221021,0.799943,-0.066768,-0.088389,4.184763,0.000000,0.000000,1,0
1789801262.654612,2,14.948473,24.661919,0.021621,13.728000,24.702000,19.128000,24.452000,0.016405,1.221021,0.799943,-0.066768,-0.088389,4.184763,0.000000,0.000000,1,0
1789801262.754587,2,14.948473,24.661919,0.021621,13.728000,24.702000,19.128000,24.452000,0.016405,1.221021,0.799943,-0.066768,-0.088389,4.184763,0.000000,0.000000,1,0
1789801262.855018,2,14.948473,24.661919,0.021621,13.728000,24.702000,19.128000,24.452000,0.016405,1.221021,0.799943,-0.066768,-0.088389,4.184763,0.000000,0.000000,1,0
1789801262.954579,2,14.948473,24.661919,0.021621,13.728000,24.702000,19.128000,24.452000,0.016405,1.221021,0.799943,-0.066768,-0.088389,4.184763,0.000000,0.000000,1,0
1789801263.055115,2,14.948473,24.661919,0.021621,13.728000,24.702000,19.128000,24.452000,0.016405,1.221021,0.799943,-0.066768,-0.088389,4.184763,0.000000,0.000000,1,0
1789801263.154623,2,14.948473,24.661919,0.021621,13.728000,24.702000,19.128000,24.452000,0.016405,1.221021,0.799943,-0.066768,-0.088389,4.184763,0.000000,0.000000,1,0
1789801263.254541,2,14.948473,24.661919,0.021621,13.728000,24.702000,19.128000,24.452000,0.016405,1.221021,0.799943,-0.066768,-0.088389,4.184763,0.000000,0.000000,1,0
1789801263.354562,2,14.948473,24.661919,0.021621,13.728000,24.702000,19.128000,24.452000,0.016405,1.221021,0.799943,-0.066768,-0.088389,4.184763,0.000000,0.000000,1,0
1789801263.454551,2,14.948473,24.661919,0.021621,13.728000,24.702000,19.128000,24.452000,0.016405,1.221021,0.799943,-0.066768,-0.088389,4.184763,0.000000,0.000000,1,0
1789801263.555197,2,14.948473,24.661919,0.021621,13.728000,24.702000,19.128000,24.452000,0.016405,1.221021,0.799943,-0.066768,-0.088389,4.184763,0.000000,0.000000,1,0
1789801263.654495,2,14.948473,24.661919,0.021621,13.728000,24.702000,19.128000,24.452000,0.016405,1.221021,0.799943,-0.066768,-0.088389,4.184763,0.000000,0.000000,1,0
1789801263.754539,2,14.948473,24.661919,0.021621,13.728000,24.702000,19.128000,24.452000,0.016405,1.221021,0.799943,-0.066768,-0.088389,4.184763,0.000000,0.000000,1,0
1789801263.854465,2,14.948473,24.661919,0.021621,13.728000,24.702000,19.128000,24.452000,0.016405,1.221021,0.799943,-0.066768,-0.088389,4.184763,0.000000,0.000000,1,0
1789801263.954558,2,14.948473,24.661919,0.021621,13.728000,24.702000,19.128000,24.452000,0.016405,1.221021,0.799943,-0.066768,-0.088389,4.184763,0.000000,0.000000,1,0
1789801264.054450,2,14.948473,24.661919,0.021621,13.728000,24.702000,19.128000,24.452000,0.016405,1.221021,0.799943,-0.066768,-0.088389,4.184763,0.000000,0.000000,1,0
1789801264.154479,2,14.948473,24.661919,0.021621,13.728000,24.702000,19.128000,24.452000,0.016405,1.221021,0.799943,-0.066768,-0.088389,4.184763,0.000000,0.000000,1,0
1789801264.254431,2,14.948473,24.661919,0.021621,13.728000,24.702000,19.128000,24.452000,0.016405,1.221021,0.799943,-0.066768,-0.088389,4.184763,0.000000,0.000000,1,0
1789801264.354445,2,14.948473,24.661919,0.021621,13.728000,24.702000,19.128000,24.452000,0.016405,1.221021,0.799943,-0.066768,-0.088389,4.184763,0.000000,0.000000,1,0
1789801264.454475,2,14.948473,24.661919,0.021621,13.728000,24.702000,19.128000,24.452000,0.016405,1.221021,0.799943,-0.066768,-0.088389,4.184763,0.000000,0.000000,1,0
1789801264.554423,2,14.948473,24.661919,0.021621,13.728000,24.702000,19.128000,24.452000,0.016405,1.221021,0.799943,-0.066768,-0.088389,4.184763,0.000000,0.000000,1,0
1789801264.654391,2,14.948473,24.661919,0.021621,13.728000,24.702000,19.128000,24.452000,0.016405,1.221021,0.799943,-0.066768,-0.088389,4.184763,0.000000,0.000000,1,0
1789801264.755648,2,14.948473,24.661919,0.021621,13.728000,24.702000,19.128000,24.452000,0.016405,1.221021,0.799943,-0.066768,-0.088389,4.184763,0.000000,0.000000,1,0
1789801264.856945,2,14.948473,24.661919,0.021621,13.728000,24.702000,19.128000,24.452000,0.016405,1.221021,0.799943,-0.066768,-0.088389,4.184763,0.000000,0.000000,1,0
1789801264.954382,2,14.948473,24.661919,0.021621,13.728000,24.702000,19.128000,24.452000,0.016405,1.221021,0.799943,-0.066768,-0.088389,4.184763,0.000000,0.000000,1,0
1789801265.055726,2,14.948473,24.661919,0.021621,13.728000,24.702000,19.128000,24.452000,0.016405,1.221021,0.799943,-0.066768,-0.088389,4.184763,0.000000,0.000000,1,0
1789801265.154347,2,14.948473,24.661919,0.021621,13.728000,24.702000,19.128000,24.452000,0.016405,1.221021,0.799943,-0.066768,-0.088389,4.184763,0.000000,0.000000,1,0
1789801265.254330,2,14.948473,24.661919,0.021621,13.728000,24.702000,19.128000,24.452000,0.016405,1.221021,0.799943,-0.066768,-0.088389,4.184763,0.000000,0.000000,1,0
1789801265.354379,2,14.948473,24.661919,0.021621,13.728000,24.702000,19.128000,24.452000,0.016405,1.221021,0.799943,-0.066768,-0.088389,4.184763,0.000000,0.000000,1,0
1789801265.454341,2,14.948473,24.661919,0.021621,13.728000,24.702000,19.128000,24.452000,0.016405,1.221021,0.799943,-0.066768,-0.088389,4.184763,0.000000,0.000000,1,0
1789801265.555130,2,14.948473,24.661919,0.021621,13.728000,24.702000,19.128000,24.452000,0.016405,1.221021,0.799943,-0.066768,-0.088389,4.184763,0.000000,0.000000,1,0
1789801265.655199,2,14.948473,24.661919,0.021621,13.728000,24.702000,19.128000,24.452000,0.016405,1.221021,0.799943,-0.066768,-0.088389,4.184763,0.000000,0.000000,1,0
1789801265.754549,2,14.948473,24.661919,0.021621,13.728000,24.702000,19.128000,24.452000,0.016405,1.221021,0.799943,-0.066768,-0.088389,4.184763,0.000000,0.000000,1,0
1789801265.854542,2,14.948473,24.661919,0.021621,13.728000,24.702000,19.128000,24.452000,0.016405,1.221021,0.799943,-0.066768,-0.088389,4.184763,0.000000,0.000000,1,0
1789801265.954294,2,14.948473,24.661919,0.021621,13.728000,24.702000,19.128000,24.452000,0.016405,1.221021,0.799943,-0.066768,-0.088389,4.184763,0.000000,0.000000,1,0
1789801266.054428,2,14.948473,24.661919,0.021621,13.728000,24.702000,19.128000,24.452000,0.016405,1.221021,0.799943,-0.066768,-0.088389,4.184763,0.000000,0.000000,1,0
1789801266.154248,2,14.948473,24.661919,0.021621,13.728000,24.702000,19.128000,24.452000,0.016405,1.221021,0.799943,-0.066768,-0.088389,4.184763,0.000000,0.000000,1,0
1789801266.254261,2,14.948473,24.661919,0.021621,13.728000,24.702000,19.128000,24.452000,0.016405,1.221021,0.799943,-0.066768,-0.088389,4.184763,0.000000,0.000000,1,0
1789801266.354245,2,14.948473,24.661919,0.021621,13.728000,24.702000,19.128000,24.452000,0.016405,1.221021,0.799943,-0.066768,-0.088389,4.184763,0.000000,0.000000,1,0
1789801266.454270,2,14.948473,24.661919,0.021621,13.728000,24.702000,19.128000,24.452000,0.016405,1.221021,0.799943,-0.066768,-0.088389,4.184763,0.000000,0.000000,1,0
1789801266.554252,2,14.948473,24.661919,0.021621,13.728000,24.702000,19.128000,24.452000,0.016405,1.221021,0.799943,-0.066768,-0.088389,4.184763,0.000000,0.000000,1,0
1789801266.654219,2,14.948473,24.661919,0.021621,13.728000,24.702000,19.128000,24.452000,0.016405,1.221021,0.799943,-0.066768,-0.088389,4.184763,0.000000,0.000000,1,0
1789801266.754254,2,14.948473,24.661919,0.021621,13.728000,24.702000,19.128000,24.452000,0.016405,1.221021,0.799943,-0.066768,-0.088389,4.184763,0.000000,0.000000,1,0
1789801266.854254,2,14.948473,24.661919,0.021621,13.728000,24.702000,19.128000,24.452000,0.016405,1.221021,0.799943,-0.066768,-0.088389,4.184763,0.000000,0.000000,1,0
1789801266.954237,2,14.948473,24.661919,0.021621,13.728000,24.702000,19.128000,24.452000,0.016405,1.221021,0.799943,-0.066768,-0.088389,4.184763,0.000000,0.000000,1,0
1789801267.054167,2,14.948473,24.661919,0.021621,13.728000,24.702000,19.128000,24.452000,0.016405,1.221021,0.799943,-0.066768,-0.088389,4.184763,0.000000,0.000000,1,0
1789801267.154224,2,14.948473,24.661919,0.021621,13.728000,24.702000,19.128000,24.452000,0.016405,1.221021,0.799943,-0.066768,-0.088389,4.184763,0.000000,0.000000,1,0
1789801267.254184,2,14.948473,24.661919,0.021621,13.728000,24.702000,19.128000,24.452000,0.016405,1.221021,0.799943,-0.066768,-0.088389,4.184763,0.000000,0.000000,1,0
1789801267.354203,2,14.948473,24.661919,0.021621,13.728000,24.702000,19.128000,24.452000,0.016405,1.221021,0.799943,-0.066768,-0.088389,4.184763,0.000000,0.000000,1,0
1789801267.454182,2,14.948473,24.661919,0.021621,13.728000,24.702000,19.128000,24.452000,0.016405,1.221021,0.799943,-0.066768,-0.088389,4.184763,0.000000,0.000000,1,0
1789801267.554178,2,14.948473,24.661919,0.021621,13.728000,24.702000,19.128000,24.452000,0.016405,1.221021,0.799943,-0.066768,-0.088389,4.184763,0.000000,0.000000,1,0
1789801267.654456,2,14.948473,24.661919,0.021621,13.728000,24.702000,19.128000,24.452000,0.016405,1.221021,0.799943,-0.066768,-0.088389,4.184763,0.000000,0.000000,1,0
1789801267.754421,2,14.948473,24.661919,0.021621,13.728000,24.702000,19.128000,24.452000,0.016405,1.221021,0.799943,-0.066768,-0.088389,4.184763,0.000000,0.000000,1,0
1789801267.854166,2,14.948473,24.661919,0.021621,13.728000,24.702000,19.128000,24.452000,0.016405,1.221021,0.799943,-0.066768,-0.088389,4.184763,0.000000,0.000000,1,0
1789801267.955320,2,14.948473,24.661919,0.021621,13.728000,24.702000,19.128000,24.452000,0.016405,1.221021,0.799943,-0.066768,-0.088389,4.184763,0.000000,0.000000,1,0
1789801268.054152,2,14.948473,24.661919,0.021621,13.728000,24.702000,19.128000,24.452000,0.016405,1.221021,0.799943,-0.066768,-0.088389,4.184763,0.000000,0.000000,1,0
1789801268.154176,2,14.948473,24.661919,0.021621,13.728000,24.702000,19.128000,24.452000,0.016405,1.221021,0.799943,-0.066768,-0.088389,4.184763,0.000000,0.000000,1,0
1789801268.254114,2,14.948473,24.661919,0.021621,13.728000,24.702000,19.128000,24.452000,0.016405,1.221021,0.799943,-0.066768,-0.088389,4.184763,0.000000,0.000000,1,0
1789801268.354114,2,14.948473,24.661919,0.021621,13.728000,24.702000,19.128000,24.452000,0.016405,1.221021,0.799943,-0.066768,-0.088389,4.184763,0.000000,0.000000,1,0
1789801268.454117,2,14.948473,24.661919,0.021621,13.728000,24.702000,19.128000,24.452000,0.016405,1.221021,0.799943,-0.066768,-0.088389,4.184763,0.000000,0.000000,1,0
1789801268.554049,2,14.948473,24.661919,0.021621,13.728000,24.702000,19.128000,24.452000,0.016405,1.221021,0.799943,-0.066768,-0.088389,4.184763,0.000000,0.000000,1,0
1789801268.654113,2,14.948473,24.661919,0.021621,13.728000,24.702000,19.128000,24.452000,0.016405,1.221021,0.799943,-0.066768,-0.088389,4.184763,0.000000,0.000000,1,0
1789801268.754473,2,14.948473,24.661919,0.021621,13.728000,24.702000,19.128000,24.452000,0.016405,1.221021,0.799943,-0.066768,-0.088389,4.184763,0.000000,0.000000,1,0
1789801268.854132,2,14.948473,24.661919,0.021621,13.728000,24.702000,19.128000,24.452000,0.016405,1.221021,0.799943,-0.066768,-0.088389,4.184763,0.000000,0.000000,1,0
1789801268.955342,2,14.948473,24.661919,0.021621,13.728000,24.702000,19.128000,24.452000,0.016405,1.221021,0.799943,-0.066768,-0.088389,4.184763,0.000000,0.000000,1,0
1789801269.054093,2,14.948473,24.661919,0.021621,13.728000,24.702000,19.128000,24.452000,0.016405,1.221021,0.799943,-0.066768,-0.088389,4.184763,0.000000,0.000000,1,0
1789801269.154047,2,14.948473,24.661919,0.021621,13.728000,24.702000,19.128000,24.452000,0.016405,1.221021,0.799943,-0.066768,-0.088389,4.184763,0.000000,0.000000,1,0
1789801269.253949,2,14.948473,24.661919,0.021621,13.728000,24.702000,19.128000,24.452000,0.016405,1.221021,0.799943,-0.066768,-0.088389,4.184763,0.000000,0.000000,1,0
1789801269.355239,2,14.948473,24.661919,0.021621,13.728000,24.702000,19.128000,24.452000,0.016405,1.221021,0.799943,-0.066768,-0.088389,4.184763,0.000000,0.000000,1,0
1789801269.453951,2,14.948473,24.661919,0.021621,13.728000,24.702000,19.128000,24.452000,0.016405,1.221021,0.799943,-0.066768,-0.088389,4.184763,0.000000,0.000000,1,0
1789801269.553941,2,14.948473,24.661919,0.021621,13.728000,24.702000,19.128000,24.452000,0.016405,1.221021,0.799943,-0.066768,-0.088389,4.184763,0.000000,0.000000,1,0
1789801269.654280,2,14.948473,24.661919,0.021621,13.728000,24.702000,19.128000,24.452000,0.016405,1.221021,0.799943,-0.066768,-0.088389,4.184763,0.000000,0.000000,1,0
1789801269.753887,2,14.948473,24.661919,0.021621,13.728000,24.702000,19.128000,24.452000,0.016405,1.221021,0.799943,-0.066768,-0.088389,4.184763,0.000000,0.000000,1,0
1789801269.853914,2,14.948473,24.661919,0.021621,13.728000,24.702000,19.128000,24.452000,0.016405,1.221021,0.799943,-0.066768,-0.088389,4.184763,0.000000,0.000000,1,0
1789801269.953902,2,14.948473,24.661919,0.021621,13.728000,24.702000,19.128000,24.452000,0.016405,1.221021,0.799943,-0.066768,-0.088389,4.184763,0.000000,0.000000,1,0
1789801270.053886,2,14.948473,24.661919,0.021621,13.728000,24.702000,19.128000,24.452000,0.016405,1.221021,0.799943,-0.066768,-0.088389,4.184763,0.000000,0.000000,1,0
1789801270.153859,2,14.948473,24.661919,0.021621,13.728000,24.702000,19.128000,24.452000,0.016405,1.221021,0.799943,-0.066768,-0.088389,4.184763,0.000000,0.000000,1,0
1789801270.253872,2,14.948473,24.661919,0.021621,13.728000,24.702000,19.128000,24.452000,0.016405,1.221021,0.799943,-0.066768,-0.088389,4.184763,0.000000,0.000000,1,0
1789801270.353831,2,14.948473,24.661919,0.021621,13.728000,24.702000,19.128000,24.452000,0.016405,1.221021,0.799943,-0.066768,-0.088389,4.184763,0.000000,0.000000,1,0
1789801270.453868,2,14.948473,24.661919,0.021621,13.728000,24.702000,19.128000,24.452000,0.016405,1.221021,0.799943,-0.066768,-0.088389,4.184763,0.000000,0.000000,1,0
1789801270.553836,2,14.948473,24.661919,0.021621,13.728000,24.702000,19.128000,24.452000,0.016405,1.221021,0.799943,-0.066768,-0.088389,4.184763,0.000000,0.000000,1,0
1789801270.653833,2,14.948473,24.661919,0.021621,13.728000,24.702000,19.128000,24.452000,0.016405,1.221021,0.799943,-0.066768,-0.088389,4.184763,0.000000,0.000000,1,0
1789801270.753830,2,14.948473,24.661919,0.021621,13.728000,24.702000,19.128000,24.452000,0.016405,1.221021,0.799943,-0.066768,-0.088389,4.184763,0.000000,0.000000,1,0
1789801270.854919,2,14.948473,24.661919,0.021621,13.728000,24.702000,19.128000,24.452000,0.016405,1.221021,0.799943,-0.066768,-0.088389,4.184763,0.000000,0.000000,1,0
1789801270.953854,2,14.948473,24.661919,0.021621,13.728000,24.702000,19.128000,24.452000,0.016405,1.221021,0.799943,-0.066768,-0.088389,4.184763,0.000000,0.000000,1,0
1789801271.053878,2,14.948473,24.661919,0.021621,13.728000,24.702000,19.128000,24.452000,0.016405,1.221021,0.799943,-0.066768,-0.088389,4.184763,0.000000,0.000000,1,0
1789801271.153844,2,14.948473,24.661919,0.021621,13.728000,24.702000,19.128000,24.452000,0.016405,1.221021,0.799943,-0.066768,-0.088389,4.184763,0.000000,0.000000,1,0
1789801271.253834,2,14.948473,24.661919,0.021621,13.728000,24.702000,19.128000,24.452000,0.016405,1.221021,0.799943,-0.066768,-0.088389,4.184763,0.000000,0.000000,1,0
1789801271.353789,2,14.948473,24.661919,0.021621,13.728000,24.702000,19.128000,24.452000,0.016405,1.221021,0.799943,-0.066768,-0.088389,4.184763,0.000000,0.000000,1,0
1789801271.454237,2,14.948473,24.661919,0.021621,13.728000,24.702000,19.128000,24.452000,0.016405,1.221021,0.799943,-0.066768,-0.088389,4.184763,0.000000,0.000000,1,0
1789801271.553804,2,14.948473,24.661919,0.021621,13.728000,24.702000,19.128000,24.452000,0.016405,1.221021,0.799943,-0.066768,-0.088389,4.184763,0.000000,0.000000,1,0
1789801271.655603,2,14.948473,24.661919,0.021621,13.728000,24.702000,19.128000,24.452000,0.016405,1.221021,0.799943,-0.066768,-0.088389,4.184763,0.000000,0.000000,1,0
1789801271.753802,2,14.948473,24.661919,0.021621,13.728000,24.702000,19.128000,24.452000,0.016405,1.221021,0.799943,-0.066768,-0.088389,4.184763,0.000000,0.000000,1,0
1789801271.853760,2,14.948473,24.661919,0.021621,13.728000,24.702000,19.128000,24.452000,0.016405,1.221021,0.799943,-0.066768,-0.088389,4.184763,0.000000,0.000000,1,0
1789801271.953754,2,14.948473,24.661919,0.021621,13.728000,24.702000,19.128000,24.452000,0.016405,1.221021,0.799943,-0.066768,-0.088389,4.184763,0.000000,0.000000,1,0
1789801272.054328,2,14.948473,24.661919,0.021621,13.728000,24.702000,19.128000,24.452000,0.016405,1.221021,0.799943,-0.066768,-0.088389,4.184763,0.000000,0.000000,1,0
1789801272.153668,2,14.948473,24.661919,0.021621,13.728000,24.702000,19.128000,24.452000,0.016405,1.221021,0.799943,-0.066768,-0.088389,4.184763,0.000000,0.000000,1,0
1789801272.253692,2,14.948473,24.661919,0.021621,13.728000,24.702000,19.128000,24.452000,0.016405,1.221021,0.799943,-0.066768,-0.088389,4.184763,0.000000,0.000000,1,0
1789801272.353636,2,14.948473,24.661919,0.021621,13.728000,24.702000,19.128000,24.452000,0.016405,1.221021,0.799943,-0.066768,-0.088389,4.184763,0.000000,0.000000,1,0
1789801272.453638,2,14.948473,24.661919,0.021621,13.728000,24.702000,19.128000,24.452000,0.016405,1.221021,0.799943,-0.066768,-0.088389,4.184763,0.000000,0.000000,1,0
1789801272.553634,2,14.948473,24.661919,0.021621,13.728000,24.702000,19.128000,24.452000,0.016405,1.221021,0.799943,-0.066768,-0.088389,4.184763,0.000000,0.000000,1,0
1789801272.653618,2,14.948473,24.661919,0.021621,13.728000,24.702000,19.128000,24.452000,0.016405,1.221021,0.799943,-0.066768,-0.088389,4.184763,0.000000,0.000000,1,0
1789801272.753606,2,14.948473,24.661919,0.021621,13.728000,24.702000,19.128000,24.452000,0.016405,1.221021,0.799943,-0.066768,-0.088389,4.184763,0.000000,0.000000,1,0
1789801272.853621,2,14.948473,24.661919,0.021621,13.728000,24.702000,19.128000,24.452000,0.016405,1.221021,0.799943,-0.066768,-0.088389,4.184763,0.000000,0.000000,1,0
1789801272.953591,2,14.948473,24.661919,0.021621,13.728000,24.702000,19.128000,24.452000,0.016405,1.221021,0.799943,-0.066768,-0.088389,4.184763,0.000000,0.000000,1,0
1789801273.053597,2,14.948473,24.661919,0.021621,13.728000,24.702000,19.128000,24.452000,0.016405,1.221021,0.799943,-0.066768,-0.088389,4.184763,0.000000,0.000000,1,0
1789801273.153663,2,14.948473,24.661919,0.021621,13.728000,24.702000,19.128000,24.452000,0.016405,1.221021,0.799943,-0.066768,-0.088389,4.184763,0.000000,0.000000,1,0
1789801273.253568,2,14.948473,24.661919,0.021621,13.728000,24.702000,19.128000,24.452000,0.016405,1.221021,0.799943,-0.066768,-0.088389,4.184763,0.000000,0.000000,1,0
1789801273.353569,2,14.948473,24.661919,0.021621,13.728000,24.702000,19.128000,24.452000,0.016405,1.221021,0.799943,-0.066768,-0.088389,4.184763,0.000000,0.000000,1,0
1789801273.453546,2,14.948473,24.661919,0.021621,13.728000,24.702000,19.128000,24.452000,0.016405,1.221021,0.799943,-0.066768,-0.088389,4.184763,0.000000,0.000000,1,0
1789801273.553581,2,14.948473,24.661919,0.021621,13.728000,24.702000,19.128000,24.452000,0.016405,1.221021,0.799943,-0.066768,-0.088389,4.184763,0.000000,0.000000,1,0
1789801273.654172,2,14.948473,24.661919,0.021621,13.728000,24.702000,19.128000,24.452000,0.016405,1.221021,0.799943,-0.066768,-0.088389,4.184763,0.000000,0.000000,1,0
1789801273.753588,2,14.948473,24.661919,0.021621,13.728000,24.702000,19.128000,24.452000,0.016405,1.221021,0.799943,-0.066768,-0.088389,4.184763,0.000000,0.000000,1,0
1789801273.853534,2,14.948473,24.661919,0.021621,13.728000,24.702000,19.128000,24.452000,0.016405,1.221021,0.799943,-0.066768,-0.088389,4.184763,0.000000,0.000000,1,0
1789801273.953494,2,14.948473,24.661919,0.021621,13.728000,24.702000,19.128000,24.452000,0.016405,1.221021,0.799943,-0.066768,-0.088389,4.184763,0.000000,0.000000,1,0
1789801274.053532,2,14.948473,24.661919,0.021621,13.728000,24.702000,19.128000,24.452000,0.016405,1.221021,0.799943,-0.066768,-0.088389,4.184763,0.000000,0.000000,1,0
1789801274.153476,2,14.948473,24.661919,0.021621,13.728000,24.702000,19.128000,24.452000,0.016405,1.221021,0.799943,-0.066768,-0.088389,4.184763,0.000000,0.000000,1,0
1789801274.254185,2,14.948473,24.661919,0.021621,13.728000,24.702000,19.128000,24.452000,0.016405,1.221021,0.799943,-0.066768,-0.088389,4.184763,0.000000,0.000000,1,0
1789801274.353528,2,14.948473,24.661919,0.021621,13.728000,24.702000,19.128000,24.452000,0.016405,1.221021,0.799943,-0.066768,-0.088389,4.184763,0.000000,0.000000,1,0
1789801274.453439,2,14.948473,24.661919,0.021621,13.728000,24.702000,19.128000,24.452000,0.016405,1.221021,0.799943,-0.066768,-0.088389,4.184763,0.000000,0.000000,1,0
1789801274.553291,2,14.948473,24.661919,0.021621,13.728000,24.702000,19.128000,24.452000,0.016405,1.221021,0.799943,-0.066768,-0.088389,4.184763,0.000000,0.000000,1,0
1789801274.653383,2,14.948473,24.661919,0.021621,13.728000,24.702000,19.128000,24.452000,0.016405,1.221021,0.799943,-0.066768,-0.088389,4.184763,0.000000,0.000000,1,0
1789801274.753419,2,14.948473,24.661919,0.021621,13.728000,24.702000,19.128000,24.452000,0.016405,1.221021,0.799943,-0.066768,-0.088389,4.184763,0.000000,0.000000,1,0
1789801274.853375,2,14.948473,24.661919,0.021621,13.728000,24.702000,19.128000,24.452000,0.016405,1.221021,0.799943,-0.066768,-0.088389,4.184763,0.000000,0.000000,1,0
1789801274.954046,2,14.948473,24.661919,0.021621,13.728000,24.702000,19.128000,24.452000,0.016405,1.221021,0.799943,-0.066768,-0.088389,4.184763,0.000000,0.000000,1,0
1789801275.055644,2,14.948473,24.661919,0.021621,13.728000,24.702000,19.128000,24.452000,0.016405,1.221021,0.799943,-0.066768,-0.088389,4.184763,0.000000,0.000000,1,0
1789801275.153419,2,14.948473,24.661919,0.021621,13.728000,24.702000,19.128000,24.452000,0.016405,1.221021,0.799943,-0.066768,-0.088389,4.184763,0.000000,0.000000,1,0
1789801275.253248,2,14.948473,24.661919,0.021621,13.728000,24.702000,19.128000,24.452000,0.016405,1.221021,0.799943,-0.066768,-0.088389,4.184763,0.000000,0.000000,1,0
1789801275.353554,2,14.948473,24.661919,0.021621,13.728000,24.702000,19.128000,24.452000,0.016405,1.221021,0.799943,-0.066768,-0.088389,4.184763,0.000000,0.000000,1,0
1789801275.453397,2,14.948473,24.661919,0.021621,13.728000,24.702000,19.128000,24.452000,0.016405,1.221021,0.799943,-0.066768,-0.088389,4.184763,0.000000,0.000000,1,0
1789801275.556014,2,14.948473,24.661919,0.021621,13.728000,24.702000,19.128000,24.452000,0.016405,1.221021,0.799943,-0.066768,-0.088389,4.184763,0.000000,0.000000,1,0
1789801275.653326,2,14.948473,24.661919,0.021621,13.728000,24.702000,19.128000,24.452000,0.016405,1.221021,0.799943,-0.066768,-0.088389,4.184763,0.000000,0.000000,1,0
1789801275.753339,2,14.948473,24.661919,0.021621,13.728000,24.702000,19.128000,24.452000,0.016405,1.221021,0.799943,-0.066768,-0.088389,4.184763,0.000000,0.000000,1,0
1789801275.854951,2,14.948473,24.661919,0.021621,13.728000,24.702000,19.128000,24.452000,0.016405,1.221021,0.799943,-0.066768,-0.088389,4.184763,0.000000,0.000000,1,0
1789801275.954325,2,14.948473,24.661919,0.021621,13.728000,24.702000,19.128000,24.452000,0.016405,1.221021,0.799943,-0.066768,-0.088389,4.184763,0.000000,0.000000,1,0
1789801276.053308,2,14.948473,24.661919,0.021621,13.728000,24.702000,19.128000,24.452000,0.016405,1.221021,0.799943,-0.066768,-0.088389,4.184763,0.000000,0.000000,1,0
1789801276.153291,2,14.948473,24.661919,0.021621,13.728000,24.702000,19.128000,24.452000,0.016405,1.221021,0.799943,-0.066768,-0.088389,4.184763,0.000000,0.000000,1,0
1789801276.253163,2,14.948473,24.661919,0.021621,13.728000,24.702000,19.128000,24.452000,0.016405,1.221021,0.799943,-0.066768,-0.088389,4.184763,0.000000,0.000000,1,0
1789801276.353235,2,14.948473,24.661919,0.021621,13.728000,24.702000,19.128000,24.452000,0.016405,1.221021,0.799943,-0.066768,-0.088389,4.184763,0.000000,0.000000,1,0
1789801276.453181,2,14.948473,24.661919,0.021621,13.728000,24.702000,19.128000,24.452000,0.016405,1.221021,0.799943,-0.066768,-0.088389,4.184763,0.000000,0.000000,1,0
1789801276.553262,2,14.948473,24.661919,0.021621,13.728000,24.702000,19.128000,24.452000,0.016405,1.221021,0.799943,-0.066768,-0.088389,4.184763,0.000000,0.000000,1,0
1789801276.653183,2,14.948473,24.661919,0.021621,13.728000,24.702000,19.128000,24.452000,0.016405,1.221021,0.799943,-0.066768,-0.088389,4.184763,0.000000,0.000000,1,0
1789801276.753199,2,14.948473,24.661919,0.021621,13.728000,24.702000,19.128000,24.452000,0.016405,1.221021,0.799943,-0.066768,-0.088389,4.184763,0.000000,0.000000,1,0
1789801276.853190,2,14.948473,24.661919,0.021621,13.728000,24.702000,19.128000,24.452000,0.016405,1.221021,0.799943,-0.066768,-0.088389,4.184763,0.000000,0.000000,1,0
1789801276.953173,2,14.948473,24.661919,0.021621,13.728000,24.702000,19.128000,24.452000,0.016405,1.221021,0.799943,-0.066768,-0.088389,4.184763,0.000000,0.000000,1,0
1789801277.054240,2,14.948473,24.661919,0.021621,13.728000,24.702000,19.128000,24.452000,0.016405,1.221021,0.799943,-0.066768,-0.088389,4.184763,0.000000,0.000000,1,0
1789801277.153139,2,14.948473,24.661919,0.021621,13.728000,24.702000,19.128000,24.452000,0.016405,1.221021,0.799943,-0.066768,-0.088389,4.184763,0.000000,0.000000,1,0
1789801277.253153,2,14.948473,24.661919,0.021621,13.728000,24.702000,19.128000,24.452000,0.016405,1.221021,0.799943,-0.066768,-0.088389,4.184763,0.000000,0.000000,1,0
1789801277.353235,2,14.948473,24.661919,0.021621,13.728000,24.702000,19.128000,24.452000,0.016405,1.221021,0.799943,-0.066768,-0.088389,4.184763,0.000000,0.000000,1,0
1789801277.454173,2,14.948473,24.661919,0.021621,13.728000,24.702000,19.128000,24.452000,0.016405,1.221021,0.799943,-0.066768,-0.088389,4.184763,0.000000,0.000000,1,0
1789801277.554182,2,14.948473,24.661919,0.021621,13.728000,24.702000,19.128000,24.452000,0.016405,1.221021,0.799943,-0.066768,-0.088389,4.184763,0.000000,0.000000,1,0
1789801277.655611,2,14.948473,24.661919,0.021621,13.728000,24.702000,19.128000,24.452000,0.016405,1.221021,0.799943,-0.066768,-0.088389,4.184763,0.000000,0.000000,1,0
1789801277.754181,2,14.948473,24.661919,0.021621,13.728000,24.702000,19.128000,24.452000,0.016405,1.221021,0.799943,-0.066768,-0.088389,4.184763,0.000000,0.000000,1,0
1789801277.854171,2,14.948473,24.661919,0.021621,13.728000,24.702000,19.128000,24.452000,0.016405,1.221021,0.799943,-0.066768,-0.088389,4.184763,0.000000,0.000000,1,0
1789801277.954209,2,14.948473,24.661919,0.021621,13.728000,24.702000,19.128000,24.452000,0.016405,1.221021,0.799943,-0.066768,-0.088389,4.184763,0.000000,0.000000,1,0
1789801278.053133,2,14.948473,24.661919,0.021621,13.728000,24.702000,19.128000,24.452000,0.016405,1.221021,0.799943,-0.066768,-0.088389,4.184763,0.000000,0.000000,1,0
1789801278.153120,2,14.948473,24.661919,0.021621,13.728000,24.702000,19.128000,24.452000,0.016405,1.221021,0.799943,-0.066768,-0.088389,4.184763,0.000000,0.000000,1,0
1789801278.253078,2,14.948473,24.661919,0.021621,13.728000,24.702000,19.128000,24.452000,0.016405,1.221021,0.799943,-0.066768,-0.088389,4.184763,0.000000,0.000000,1,0
1789801278.353091,2,14.948473,24.661919,0.021621,13.728000,24.702000,19.128000,24.452000,0.016405,1.221021,0.799943,-0.066768,-0.088389,4.184763,0.000000,0.000000,1,0
1789801278.453043,2,14.948473,24.661919,0.021621,13.728000,24.702000,19.128000,24.452000,0.016405,1.221021,0.799943,-0.066768,-0.088389,4.184763,0.000000,0.000000,1,0
1789801278.552996,2,14.948473,24.661919,0.021621,13.728000,24.702000,19.128000,24.452000,0.016405,1.221021,0.799943,-0.066768,-0.088389,4.184763,0.000000,0.000000,1,0
1789801278.653026,2,14.948473,24.661919,0.021621,13.728000,24.702000,19.128000,24.452000,0.016405,1.221021,0.799943,-0.066768,-0.088389,4.184763,0.000000,0.000000,1,0
1789801278.753014,2,14.948473,24.661919,0.021621,13.728000,24.702000,19.128000,24.452000,0.016405,1.221021,0.799943,-0.066768,-0.088389,4.184763,0.000000,0.000000,1,0
1789801278.852983,2,14.948473,24.661919,0.021621,13.728000,24.702000,19.128000,24.452000,0.016405,1.221021,0.799943,-0.066768,-0.088389,4.184763,0.000000,0.000000,1,0
1789801278.953056,2,14.948473,24.661919,0.021621,13.728000,24.702000,19.128000,24.452000,0.016405,1.221021,0.799943,-0.066768,-0.088389,4.184763,0.000000,0.000000,1,0
1789801279.052981,2,14.948473,24.661919,0.021621,13.728000,24.702000,19.128000,24.452000,0.016405,1.221021,0.799943,-0.066768,-0.088389,4.184763,0.000000,0.000000,1,0
1789801279.153002,2,14.948473,24.661919,0.021621,13.728000,24.702000,19.128000,24.452000,0.016405,1.221021,0.799943,-0.066768,-0.088389,4.184763,0.000000,0.000000,1,0
1789801279.252977,2,14.948473,24.661919,0.021621,13.728000,24.702000,19.128000,24.452000,0.016405,1.221021,0.799943,-0.066768,-0.088389,4.184763,0.000000,0.000000,1,0
1789801279.352910,2,14.948473,24.661919,0.021621,13.728000,24.702000,19.128000,24.452000,0.016405,1.221021,0.799943,-0.066768,-0.088389,4.184763,0.000000,0.000000,1,0
1789801279.453041,2,14.948473,24.661919,0.021621,13.728000,24.702000,19.128000,24.452000,0.016405,1.221021,0.799943,-0.066768,-0.088389,4.184763,0.000000,0.000000,1,0
1789801279.552928,2,14.948473,24.661919,0.021621,13.728000,24.702000,19.128000,24.452000,0.016405,1.221021,0.799943,-0.066768,-0.088389,4.184763,0.000000,0.000000,1,0
1789801279.652955,2,14.948473,24.661919,0.021621,13.728000,24.702000,19.128000,24.452000,0.016405,1.221021,0.799943,-0.066768,-0.088389,4.184763,0.000000,0.000000,1,0
1789801279.752918,2,14.948473,24.661919,0.021621,13.728000,24.702000,19.128000,24.452000,0.016405,1.221021,0.799943,-0.066768,-0.088389,4.184763,0.000000,0.000000,1,0
1789801279.852886,2,14.948473,24.661919,0.021621,13.728000,24.702000,19.128000,24.452000,0.016405,1.221021,0.799943,-0.066768,-0.088389,4.184763,0.000000,0.000000,1,0
1789801279.952904,2,14.948473,24.661919,0.021621,13.728000,24.702000,19.128000,24.452000,0.016405,1.221021,0.799943,-0.066768,-0.088389,4.184763,0.000000,0.000000,1,0
1789801280.052917,2,14.948473,24.661919,0.021621,13.728000,24.702000,19.128000,24.452000,0.016405,1.221021,0.799943,-0.066768,-0.088389,4.184763,0.000000,0.000000,1,0
1789801280.152936,2,14.948473,24.661919,0.021621,13.728000,24.702000,19.128000,24.452000,0.016405,1.221021,0.799943,-0.066768,-0.088389,4.184763,0.000000,0.000000,1,0
1789801280.252866,2,14.948473,24.661919,0.021621,13.728000,24.702000,19.128000,24.452000,0.016405,1.221021,0.799943,-0.066768,-0.088389,4.184763,0.000000,0.000000,1,0
1789801280.352854,2,14.948473,24.661919,0.021621,13.728000,24.702000,19.128000,24.452000,0.016405,1.221021,0.799943,-0.066768,-0.088389,4.184763,0.000000,0.000000,1,0
1789801280.452860,2,14.948473,24.661919,0.021621,13.728000,24.702000,19.128000,24.452000,0.016405,1.221021,0.799943,-0.066768,-0.088389,4.184763,0.000000,0.000000,1,0
1789801280.552886,2,14.948473,24.661919,0.021621,13.728000,24.702000,19.128000,24.452000,0.016405,1.221021,0.799943,-0.066768,-0.088389,4.184763,0.000000,0.000000,1,0
1789801280.652864,2,14.948473,24.661919,0.021621,13.728000,24.702000,19.128000,24.452000,0.016405,1.221021,0.799943,-0.066768,-0.088389,4.184763,0.000000,0.000000,1,0
1789801280.752838,2,14.948473,24.661919,0.021621,13.728000,24.702000,19.128000,24.452000,0.016405,1.221021,0.799943,-0.066768,-0.088389,4.184763,0.000000,0.000000,1,0
1789801280.852834,2,14.948473,24.661919,0.021621,13.728000,24.702000,19.128000,24.452000,0.016405,1.221021,0.799943,-0.066768,-0.088389,4.184763,0.000000,0.000000,1,0
1789801280.952815,2,14.948473,24.661919,0.021621,13.728000,24.702000,19.128000,24.452000,0.016405,1.221021,0.799943,-0.066768,-0.088389,4.184763,0.000000,0.000000,1,0
1789801281.052798,2,14.948473,24.661919,0.021621,13.728000,24.702000,19.128000,24.452000,0.016405,1.221021,0.799943,-0.066768,-0.088389,4.184763,0.000000,0.000000,1,0
1789801281.152812,2,14.948473,24.661919,0.021621,13.728000,24.702000,19.128000,24.452000,0.016405,1.221021,0.799943,-0.066768,-0.088389,4.184763,0.000000,0.000000,1,0
1789801281.252794,2,14.948473,24.661919,0.021621,13.728000,24.702000,19.128000,24.452000,0.016405,1.221021,0.799943,-0.066768,-0.088389,4.184763,0.000000,0.000000,1,0
1789801281.352790,2,14.948473,24.661919,0.021621,13.728000,24.702000,19.128000,24.452000,0.016405,1.221021,0.799943,-0.066768,-0.088389,4.184763,0.000000,0.000000,1,0
1789801281.452755,2,14.948473,24.661919,0.021621,13.728000,24.702000,19.128000,24.452000,0.016405,1.221021,0.799943,-0.066768,-0.088389,4.184763,0.000000,0.000000,1,0
1789801281.552936,2,14.948473,24.661919,0.021621,13.728000,24.702000,19.128000,24.452000,0.016405,1.221021,0.799943,-0.066768,-0.088389,4.184763,0.000000,0.000000,1,0
1789801281.652765,2,14.948473,24.661919,0.021621,13.728000,24.702000,19.128000,24.452000,0.016405,1.221021,0.799943,-0.066768,-0.088389,4.184763,0.000000,0.000000,1,0
1789801281.752733,2,14.948473,24.661919,0.021621,13.728000,24.702000,19.128000,24.452000,0.016405,1.221021,0.799943,-0.066768,-0.088389,4.184763,0.000000,0.000000,1,0
1789801281.852753,2,14.948473,24.661919,0.021621,13.728000,24.702000,19.128000,24.452000,0.016405,1.221021,0.799943,-0.066768,-0.088389,4.184763,0.000000,0.000000,1,0
1789801281.952728,2,14.948473,24.661919,0.021621,13.728000,24.702000,19.128000,24.452000,0.016405,1.221021,0.799943,-0.066768,-0.088389,4.184763,0.000000,0.000000,1,0
1789801282.052717,2,14.948473,24.661919,0.021621,13.728000,24.702000,19.128000,24.452000,0.016405,1.221021,0.799943,-0.066768,-0.088389,4.184763,0.000000,0.000000,1,0
1789801282.152747,2,14.948473,24.661919,0.021621,13.728000,24.702000,19.128000,24.452000,0.016405,1.221021,0.799943,-0.066768,-0.088389,4.184763,0.000000,0.000000,1,0
1789801282.252711,2,14.948473,24.661919,0.021621,13.728000,24.702000,19.128000,24.452000,0.016405,1.221021,0.799943,-0.066768,-0.088389,4.184763,0.000000,0.000000,1,0
1789801282.354257,2,14.948473,24.661919,0.021621,13.728000,24.702000,19.128000,24.452000,0.016405,1.221021,0.799943,-0.066768,-0.088389,4.184763,0.000000,0.000000,1,0
1789801282.452671,2,14.948473,24.661919,0.021621,13.728000,24.702000,19.128000,24.452000,0.016405,1.221021,0.799943,-0.066768,-0.088389,4.184763,0.000000,0.000000,1,0
1789801282.552673,2,14.948473,24.661919,0.021621,13.728000,24.702000,19.128000,24.452000,0.016405,1.221021,0.799943,-0.066768,-0.088389,4.184763,0.000000,0.000000,1,0
1789801282.652679,2,14.948473,24.661919,0.021621,13.728000,24.702000,19.128000,24.452000,0.016405,1.221021,0.799943,-0.066768,-0.088389,4.184763,0.000000,0.000000,1,0
1789801282.752658,2,14.948473,24.661919,0.021621,13.728000,24.702000,19.128000,24.452000,0.016405,1.221021,0.799943,-0.066768,-0.088389,4.184763,0.000000,0.000000,1,0
1789801282.852594,2,14.948473,24.661919,0.021621,13.728000,24.702000,19.128000,24.452000,0.016405,1.221021,0.799943,-0.066768,-0.088389,4.184763,0.000000,0.000000,1,0
1789801282.952638,2,14.948473,24.661919,0.021621,13.728000,24.702000,19.128000,24.452000,0.016405,1.221021,0.799943,-0.066768,-0.088389,4.184763,0.000000,0.000000,1,0
1789801283.052641,2,14.948473,24.661919,0.021621,13.728000,24.702000,19.128000,24.452000,0.016405,1.221021,0.799943,-0.066768,-0.088389,4.184763,0.000000,0.000000,1,0
1789801283.152628,2,14.948473,24.661919,0.021621,13.728000,24.702000,19.128000,24.452000,0.016405,1.221021,0.799943,-0.066768,-0.088389,4.184763,0.000000,0.000000,1,0
1789801283.254757,2,14.948473,24.661919,0.021621,13.728000,24.702000,19.128000,24.452000,0.016405,1.221021,0.799943,-0.066768,-0.088389,4.184763,0.000000,0.000000,1,0
1789801283.352603,2,14.948473,24.661919,0.021621,13.728000,24.702000,19.128000,24.452000,0.016405,1.221021,0.799943,-0.066768,-0.088389,4.184763,0.000000,0.000000,1,0
1789801283.452606,2,14.948473,24.661919,0.021621,13.728000,24.702000,19.128000,24.452000,0.016405,1.221021,0.799943,-0.066768,-0.088389,4.184763,0.000000,0.000000,1,0
1789801283.552583,2,14.948473,24.661919,0.021621,13.728000,24.702000,19.128000,24.452000,0.016405,1.221021,0.799943,-0.066768,-0.088389,4.184763,0.000000,0.000000,1,0
1789801283.652559,2,14.948473,24.661919,0.021621,13.728000,24.702000,19.128000,24.452000,0.016405,1.221021,0.799943,-0.066768,-0.088389,4.184763,0.000000,0.000000,1,0
1789801283.753483,2,14.948473,24.661919,0.021621,13.728000,24.702000,19.128000,24.452000,0.016405,1.221021,0.799943,-0.066768,-0.088389,4.184763,0.000000,0.000000,1,0
1789801283.852569,2,14.948473,24.661919,0.021621,13.728000,24.702000,19.128000,24.452000,0.016405,1.221021,0.799943,-0.066768,-0.088389,4.184763,0.000000,0.000000,1,0
1789801283.952643,2,14.948473,24.661919,0.021621,13.728000,24.702000,19.128000,24.452000,0.016405,1.221021,0.799943,-0.066768,-0.088389,4.184763,0.000000,0.000000,1,0
1789801284.054235,2,14.948473,24.661919,0.021621,13.728000,24.702000,19.128000,24.452000,0.016405,1.221021,0.799943,-0.066768,-0.088389,4.184763,0.000000,0.000000,1,0
1789801284.152524,2,14.948473,24.661919,0.021621,13.728000,24.702000,19.128000,24.452000,0.016405,1.221021,0.799943,-0.066768,-0.088389,4.184763,0.000000,0.000000,1,0
1789801284.252507,2,14.948473,24.661919,0.021621,13.728000,24.702000,19.128000,24.452000,0.016405,1.221021,0.799943,-0.066768,-0.088389,4.184763,0.000000,0.000000,1,0
1789801284.352506,2,14.948473,24.661919,0.021621,13.728000,24.702000,19.128000,24.452000,0.016405,1.221021,0.799943,-0.066768,-0.088389,4.184763,0.000000,0.000000,1,0
1789801284.452514,2,14.948473,24.661919,0.021621,13.728000,24.702000,19.128000,24.452000,0.016405,1.221021,0.799943,-0.066768,-0.088389,4.184763,0.000000,0.000000,1,0
1789801284.552510,2,14.948473,24.661919,0.021621,13.728000,24.702000,19.128000,24.452000,0.016405,1.221021,0.799943,-0.066768,-0.088389,4.184763,0.000000,0.000000,1,0
1789801284.654310,2,14.948473,24.661919,0.021621,13.728000,24.702000,19.128000,24.452000,0.016405,1.221021,0.799943,-0.066768,-0.088389,4.184763,0.000000,0.000000,1,0
1789801284.752509,2,14.948473,24.661919,0.021621,13.728000,24.702000,19.128000,24.452000,0.016405,1.221021,0.799943,-0.066768,-0.088389,4.184763,0.000000,0.000000,1,0
1789801284.852641,2,14.948473,24.661919,0.021621,13.728000,24.702000,19.128000,24.452000,0.016405,1.221021,0.799943,-0.066768,-0.088389,4.184763,0.000000,0.000000,1,0
1789801284.952437,2,14.948473,24.661919,0.021621,13.728000,24.702000,19.128000,24.452000,0.016405,1.221021,0.799943,-0.066768,-0.088389,4.184763,0.000000,0.000000,1,0
1789801285.052421,2,14.948473,24.661919,0.021621,13.728000,24.702000,19.128000,24.452000,0.016405,1.221021,0.799943,-0.066768,-0.088389,4.184763,0.000000,0.000000,1,0
1789801285.152431,2,14.948473,24.661919,0.021621,13.728000,24.702000,19.128000,24.452000,0.016405,1.221021,0.799943,-0.066768,-0.088389,4.184763,0.000000,0.000000,1,0
1789801285.252398,2,14.948473,24.661919,0.021621,13.728000,24.702000,19.128000,24.452000,0.016405,1.221021,0.799943,-0.066768,-0.088389,4.184763,0.000000,0.000000,1,0
1789801285.352388,2,14.948473,24.661919,0.021621,13.728000,24.702000,19.128000,24.452000,0.016405,1.221021,0.799943,-0.066768,-0.088389,4.184763,0.000000,0.000000,1,0
1789801285.452371,2,14.948473,24.661919,0.021621,13.728000,24.702000,19.128000,24.452000,0.016405,1.221021,0.799943,-0.066768,-0.088389,4.184763,0.000000,0.000000,1,0
1789801285.552389,2,14.948473,24.661919,0.021621,13.728000,24.702000,19.128000,24.452000,0.016405,1.221021,0.799943,-0.066768,-0.088389,4.184763,0.000000,0.000000,1,0
1789801285.656862,2,14.948473,24.661919,0.021621,13.728000,24.702000,19.128000,24.452000,0.016405,1.221021,0.799943,-0.066768,-0.088389,4.184763,0.000000,0.000000,1,0
1789801285.752419,2,14.948473,24.661919,0.021621,13.728000,24.702000,19.128000,24.452000,0.016405,1.221021,0.799943,-0.066768,-0.088389,4.184763,0.000000,0.000000,1,0
1789801285.852369,2,14.948473,24.661919,0.021621,13.728000,24.702000,19.128000,24.452000,0.016405,1.221021,0.799943,-0.066768,-0.088389,4.184763,0.000000,0.000000,1,0
1789801285.952346,2,14.948473,24.661919,0.021621,13.728000,24.702000,19.128000,24.452000,0.016405,1.221021,0.799943,-0.066768,-0.088389,4.184763,0.000000,0.000000,1,0
1789801286.052360,2,14.948473,24.661919,0.021621,13.728000,24.702000,19.128000,24.452000,0.016405,1.221021,0.799943,-0.066768,-0.088389,4.184763,0.000000,0.000000,1,0
1789801286.152359,2,14.948473,24.661919,0.021621,13.728000,24.702000,19.128000,24.452000,0.016405,1.221021,0.799943,-0.066768,-0.088389,4.184763,0.000000,0.000000,1,0
1789801286.252302,2,14.948473,24.661919,0.021621,13.728000,24.702000,19.128000,24.452000,0.016405,1.221021,0.799943,-0.066768,-0.088389,4.184763,0.000000,0.000000,1,0
1789801286.352288,2,14.948473,24.661919,0.021621,13.728000,24.702000,19.128000,24.452000,0.016405,1.221021,0.799943,-0.066768,-0.088389,4.184763,0.000000,0.000000,1,0
1789801286.452323,2,14.948473,24.661919,0.021621,13.728000,24.702000,19.128000,24.452000,0.016405,1.221021,0.799943,-0.066768,-0.088389,4.184763,0.000000,0.000000,1,0
1789801286.552303,2,14.948473,24.661919,0.021621,13.728000,24.702000,19.128000,24.452000,0.016405,1.221021,0.799943,-0.066768,-0.088389,4.184763,0.000000,0.000000,1,0
1789801286.654319,2,14.948473,24.661919,0.021621,13.728000,24.702000,19.128000,24.452000,0.016405,1.221021,0.799943,-0.066768,-0.088389,4.184763,0.000000,0.000000,1,0
1789801286.752294,2,14.948473,24.661919,0.021621,13.728000,24.702000,19.128000,24.452000,0.016405,1.221021,0.799943,-0.066768,-0.088389,4.184763,0.000000,0.000000,1,0
1789801286.852287,2,14.948473,24.661919,0.021621,13.728000,24.702000,19.128000,24.452000,0.016405,1.221021,0.799943,-0.066768,-0.088389,4.184763,0.000000,0.000000,1,0
1789801286.952287,2,14.948473,24.661919,0.021621,13.728000,24.702000,19.128000,24.452000,0.016405,1.221021,0.799943,-0.066768,-0.088389,4.184763,0.000000,0.000000,1,0
1789801287.052220,2,14.948473,24.661919,0.021621,13.728000,24.702000,19.128000,24.452000,0.016405,1.221021,0.799943,-0.066768,-0.088389,4.184763,0.000000,0.000000,1,0
1789801287.152328,2,14.948473,24.661919,0.021621,13.728000,24.702000,19.128000,24.452000,0.016405,1.221021,0.799943,-0.066768,-0.088389,4.184763,0.000000,0.000000,1,0
1789801287.253288,2,14.948473,24.661919,0.021621,13.728000,24.702000,19.128000,24.452000,0.016405,1.221021,0.799943,-0.066768,-0.088389,4.184763,0.000000,0.000000,1,0
1789801287.354240,2,14.948473,24.661919,0.021621,13.728000,24.702000,19.128000,24.452000,0.016405,1.221021,0.799943,-0.066768,-0.088389,4.184763,0.000000,0.000000,1,0
1789801287.452224,2,14.948473,24.661919,0.021621,13.728000,24.702000,19.128000,24.452000,0.016405,1.221021,0.799943,-0.066768,-0.088389,4.184763,0.000000,0.000000,1,0
1789801287.552190,2,14.948473,24.661919,0.021621,13.728000,24.702000,19.128000,24.452000,0.016405,1.221021,0.799943,-0.066768,-0.088389,4.184763,0.000000,0.000000,1,0
1789801287.652211,2,14.948473,24.661919,0.021621,13.728000,24.702000,19.128000,24.452000,0.016405,1.221021,0.799943,-0.066768,-0.088389,4.184763,0.000000,0.000000,1,0
1789801287.752202,2,14.948473,24.661919,0.021621,13.728000,24.702000,19.128000,24.452000,0.016405,1.221021,0.799943,-0.066768,-0.088389,4.184763,0.000000,0.000000,1,0
1789801287.852143,2,14.948473,24.661919,0.021621,13.728000,24.702000,19.128000,24.452000,0.016405,1.221021,0.799943,-0.066768,-0.088389,4.184763,0.000000,0.000000,1,0
1789801287.952178,2,14.948473,24.661919,0.021621,13.728000,24.702000,19.128000,24.452000,0.016405,1.221021,0.799943,-0.066768,-0.088389,4.184763,0.000000,0.000000,1,0
1789801288.052135,2,14.948473,24.661919,0.021621,13.728000,24.702000,19.128000,24.452000,0.016405,1.221021,0.799943,-0.066768,-0.088389,4.184763,0.000000,0.000000,1,0
1789801288.152146,2,14.948473,24.661919,0.021621,13.728000,24.702000,19.128000,24.452000,0.016405,1.221021,0.799943,-0.066768,-0.088389,4.184763,0.000000,0.000000,1,0
1789801288.252140,2,14.948473,24.661919,0.021621,13.728000,24.702000,19.128000,24.452000,0.016405,1.221021,0.799943,-0.066768,-0.088389,4.184763,0.000000,0.000000,1,0
1789801288.352131,2,14.948473,24.661919,0.021621,13.728000,24.702000,19.128000,24.452000,0.016405,1.221021,0.799943,-0.066768,-0.088389,4.184763,0.000000,0.000000,1,0
1789801288.452132,2,14.948473,24.661919,0.021621,13.728000,24.702000,19.128000,24.452000,0.016405,1.221021,0.799943,-0.066768,-0.088389,4.184763,0.000000,0.000000,1,0
1789801288.554300,2,14.948473,24.661919,0.021621,13.728000,24.702000,19.128000,24.452000,0.016405,1.221021,0.799943,-0.066768,-0.088389,4.184763,0.000000,0.000000,1,0
1789801288.652110,2,14.948473,24.661919,0.021621,13.728000,24.702000,19.128000,24.452000,0.016405,1.221021,0.799943,-0.066768,-0.088389,4.184763,0.000000,0.000000,1,0
1789801288.752100,2,14.948473,24.661919,0.021621,13.728000,24.702000,19.128000,24.452000,0.016405,1.221021,0.799943,-0.066768,-0.088389,4.184763,0.000000,0.000000,1,0
1789801288.854148,2,14.948473,24.661919,0.021621,13.728000,24.702000,19.128000,24.452000,0.016405,1.221021,0.799943,-0.066768,-0.088389,4.184763,0.000000,0.000000,1,0
1789801288.952045,2,14.948473,24.661919,0.021621,13.728000,24.702000,19.128000,24.452000,0.016405,1.221021,0.799943,-0.066768,-0.088389,4.184763,0.000000,0.000000,1,0
1789801289.052075,2,14.948473,24.661919,0.021621,13.728000,24.702000,19.128000,24.452000,0.016405,1.221021,0.799943,-0.066768,-0.088389,4.184763,0.000000,0.000000,1,0
1789801289.152086,2,14.948473,24.661919,0.021621,13.728000,24.702000,19.128000,24.452000,0.016405,1.221021,0.799943,-0.066768,-0.088389,4.184763,0.000000,0.000000,1,0
1789801289.252154,2,14.948473,24.661919,0.021621,13.728000,24.702000,19.128000,24.452000,0.016405,1.221021,0.799943,-0.066768,-0.088389,4.184763,0.000000,0.000000,1,0
1789801289.352026,2,14.948473,24.661919,0.021621,13.728000,24.702000,19.128000,24.452000,0.016405,1.221021,0.799943,-0.066768,-0.088389,4.184763,0.000000,0.000000,1,0
1789801289.452046,2,14.948473,24.661919,0.021621,13.728000,24.702000,19.128000,24.452000,0.016405,1.221021,0.799943,-0.066768,-0.088389,4.184763,0.000000,0.000000,1,0
1789801289.552026,2,14.948473,24.661919,0.021621,13.728000,24.702000,19.128000,24.452000,0.016405,1.221021,0.799943,-0.066768,-0.088389,4.184763,0.000000,0.000000,1,0
1789801289.651989,2,14.948473,24.661919,0.021621,13.728000,24.702000,19.128000,24.452000,0.016405,1.221021,0.799943,-0.066768,-0.088389,4.184763,0.000000,0.000000,1,0
1789801289.752067,2,14.948473,24.661919,0.021621,13.728000,24.702000,19.128000,24.452000,0.016405,1.221021,0.799943,-0.066768,-0.088389,4.184763,0.000000,0.000000,1,0
1789801289.852031,2,14.948473,24.661919,0.021621,13.728000,24.702000,19.128000,24.452000,0.016405,1.221021,0.799943,-0.066768,-0.088389,4.184763,0.000000,0.000000,1,0
1789801289.951986,2,14.948473,24.661919,0.021621,13.728000,24.702000,19.128000,24.452000,0.016405,1.221021,0.799943,-0.066768,-0.088389,4.184763,0.000000,0.000000,1,0
1789801290.052031,2,14.948473,24.661919,0.021621,13.728000,24.702000,19.128000,24.452000,0.016405,1.221021,0.799943,-0.066768,-0.088389,4.184763,0.000000,0.000000,1,0
1789801290.151973,2,14.948473,24.661919,0.021621,13.728000,24.702000,19.128000,24.452000,0.016405,1.221021,0.799943,-0.066768,-0.088389,4.184763,0.000000,0.000000,1,0
1789801290.252040,2,14.948473,24.661919,0.021621,13.728000,24.702000,19.128000,24.452000,0.016405,1.221021,0.799943,-0.066768,-0.088389,4.184763,0.000000,0.000000,1,0
1789801290.351954,2,14.948473,24.661919,0.021621,13.728000,24.702000,19.128000,24.452000,0.016405,1.221021,0.799943,-0.066768,-0.088389,4.184763,0.000000,0.000000,1,0
1789801290.451959,2,14.948473,24.661919,0.021621,13.728000,24.702000,19.128000,24.452000,0.016405,1.221021,0.799943,-0.066768,-0.088389,4.184763,0.000000,0.000000,1,0
1789801290.551914,2,14.948473,24.661919,0.021621,13.728000,24.702000,19.128000,24.452000,0.016405,1.221021,0.799943,-0.066768,-0.088389,4.184763,0.000000,0.000000,1,0
1789801290.654236,2,14.948473,24.661919,0.021621,13.728000,24.702000,19.128000,24.452000,0.016405,1.221021,0.799943,-0.066768,-0.088389,4.184763,0.000000,0.000000,1,0
1789801290.751914,2,14.948473,24.661919,0.021621,13.728000,24.702000,19.128000,24.452000,0.016405,1.221021,0.799943,-0.066768,-0.088389,4.184763,0.000000,0.000000,1,0
1789801290.853816,2,14.948473,24.661919,0.021621,13.728000,24.702000,19.128000,24.452000,0.016405,1.221021,0.799943,-0.066768,-0.088389,4.184763,0.000000,0.000000,1,0
1789801290.951908,2,14.948473,24.661919,0.021621,13.728000,24.702000,19.128000,24.452000,0.016405,1.221021,0.799943,-0.066768,-0.088389,4.184763,0.000000,0.000000,1,0
1789801291.051857,2,14.948473,24.661919,0.021621,13.728000,24.702000,19.128000,24.452000,0.016405,1.221021,0.799943,-0.066768,-0.088389,4.184763,0.000000,0.000000,1,0
1789801291.151874,2,14.948473,24.661919,0.021621,13.728000,24.702000,19.128000,24.452000,0.016405,1.221021,0.799943,-0.066768,-0.088389,4.184763,0.000000,0.000000,1,0
1789801291.251856,2,14.948473,24.661919,0.021621,13.728000,24.702000,19.128000,24.452000,0.016405,1.221021,0.799943,-0.066768,-0.088389,4.184763,0.000000,0.000000,1,0
1789801291.351805,2,14.948473,24.661919,0.021621,13.728000,24.702000,19.128000,24.452000,0.016405,1.221021,0.799943,-0.066768,-0.088389,4.184763,0.000000,0.000000,1,0
1789801291.451827,2,14.948473,24.661919,0.021621,13.728000,24.702000,19.128000,24.452000,0.016405,1.221021,0.799943,-0.066768,-0.088389,4.184763,0.000000,0.000000,1,0
1789801291.551821,2,14.948473,24.661919,0.021621,13.728000,24.702000,19.128000,24.452000,0.016405,1.221021,0.799943,-0.066768,-0.088389,4.184763,0.000000,0.000000,1,0
1789801291.651810,2,14.948473,24.661919,0.021621,13.728000,24.702000,19.128000,24.452000,0.016405,1.221021,0.799943,-0.066768,-0.088389,4.184763,0.000000,0.000000,1,0
1789801291.751883,2,14.948473,24.661919,0.021621,13.728000,24.702000,19.128000,24.452000,0.016405,1.221021,0.799943,-0.066768,-0.088389,4.184763,0.000000,0.000000,1,0
1789801291.851768,2,14.948473,24.661919,0.021621,13.728000,24.702000,19.128000,24.452000,0.016405,1.221021,0.799943,-0.066768,-0.088389,4.184763,0.000000,0.000000,1,0
1789801291.954221,2,14.948473,24.661919,0.021621,13.728000,24.702000,19.128000,24.452000,0.016405,1.221021,0.799943,-0.066768,-0.088389,4.184763,0.000000,0.000000,1,0
1789801292.051847,2,14.948473,24.661919,0.021621,13.728000,24.702000,19.128000,24.452000,0.016405,1.221021,0.799943,-0.066768,-0.088389,4.184763,0.000000,0.000000,1,0
1789801292.151816,2,14.948473,24.661919,0.021621,13.728000,24.702000,19.128000,24.452000,0.016405,1.221021,0.799943,-0.066768,-0.088389,4.184763,0.000000,0.000000,1,0
1789801292.251843,2,14.948473,24.661919,0.021621,13.728000,24.702000,19.128000,24.452000,0.016405,1.221021,0.799943,-0.066768,-0.088389,4.184763,0.000000,0.000000,1,0
1789801292.351804,2,14.948473,24.661919,0.021621,13.728000,24.702000,19.128000,24.452000,0.016405,1.221021,0.799943,-0.066768,-0.088389,4.184763,0.000000,0.000000,1,0
1789801292.451855,2,14.948473,24.661919,0.021621,13.728000,24.702000,19.128000,24.452000,0.016405,1.221021,0.799943,-0.066768,-0.088389,4.184763,0.000000,0.000000,1,0
1789801292.551792,2,14.948473,24.661919,0.021621,13.728000,24.702000,19.128000,24.452000,0.016405,1.221021,0.799943,-0.066768,-0.088389,4.184763,0.000000,0.000000,1,0
1789801292.651742,2,14.948473,24.661919,0.021621,13.728000,24.702000,19.128000,24.452000,0.016405,1.221021,0.799943,-0.066768,-0.088389,4.184763,0.000000,0.000000,1,0
1789801292.751756,2,14.948473,24.661919,0.021621,13.728000,24.702000,19.128000,24.452000,0.016405,1.221021,0.799943,-0.066768,-0.088389,4.184763,0.000000,0.000000,1,0
1789801292.851724,2,14.948473,24.661919,0.021621,13.728000,24.702000,19.128000,24.452000,0.016405,1.221021,0.799943,-0.066768,-0.088389,4.184763,0.000000,0.000000,1,0
1789801292.951668,2,14.948473,24.661919,0.021621,13.728000,24.702000,19.128000,24.452000,0.016405,1.221021,0.799943,-0.066768,-0.088389,4.184763,0.000000,0.000000,1,0
1789801293.051636,2,14.948473,24.661919,0.021621,13.728000,24.702000,19.128000,24.452000,0.016405,1.221021,0.799943,-0.066768,-0.088389,4.184763,0.000000,0.000000,1,0
1789801293.151644,2,14.948473,24.661919,0.021621,13.728000,24.702000,19.128000,24.452000,0.016405,1.221021,0.799943,-0.066768,-0.088389,4.184763,0.000000,0.000000,1,0
1789801293.251605,2,14.948473,24.661919,0.021621,13.728000,24.702000,19.128000,24.452000,0.016405,1.221021,0.799943,-0.066768,-0.088389,4.184763,0.000000,0.000000,1,0
1789801293.351632,2,14.948473,24.661919,0.021621,13.728000,24.702000,19.128000,24.452000,0.016405,1.221021,0.799943,-0.066768,-0.088389,4.184763,0.000000,0.000000,1,0
1789801293.451646,2,14.948473,24.661919,0.021621,13.728000,24.702000,19.128000,24.452000,0.016405,1.221021,0.799943,-0.066768,-0.088389,4.184763,0.000000,0.000000,1,0
1789801293.551636,2,14.948473,24.661919,0.021621,13.728000,24.702000,19.128000,24.452000,0.016405,1.221021,0.799943,-0.066768,-0.088389,4.184763,0.000000,0.000000,1,0
1789801293.651628,2,14.948473,24.661919,0.021621,13.728000,24.702000,19.128000,24.452000,0.016405,1.221021,0.799943,-0.066768,-0.088389,4.184763,0.000000,0.000000,1,0
1789801293.751634,2,14.948473,24.661919,0.021621,13.728000,24.702000,19.128000,24.452000,0.016405,1.221021,0.799943,-0.066768,-0.088389,4.184763,0.000000,0.000000,1,0
1789801293.851620,2,14.948473,24.661919,0.021621,13.728000,24.702000,19.128000,24.452000,0.016405,1.221021,0.799943,-0.066768,-0.088389,4.184763,0.000000,0.000000,1,0
1789801293.951586,2,14.948473,24.661919,0.021621,13.728000,24.702000,19.128000,24.452000,0.016405,1.221021,0.799943,-0.066768,-0.088389,4.184763,0.000000,0.000000,1,0
1789801294.052675,2,14.948473,24.661919,0.021621,13.728000,24.702000,19.128000,24.452000,0.016405,1.221021,0.799943,-0.066768,-0.088389,4.184763,0.000000,0.000000,1,0
1789801294.151582,2,14.948473,24.661919,0.021621,13.728000,24.702000,19.128000,24.452000,0.016405,1.221021,0.799943,-0.066768,-0.088389,4.184763,0.000000,0.000000,1,0
1789801294.251550,2,14.948473,24.661919,0.021621,13.728000,24.702000,19.128000,24.452000,0.016405,1.221021,0.799943,-0.066768,-0.088389,4.184763,0.000000,0.000000,1,0
1789801294.351547,2,14.948473,24.661919,0.021621,13.728000,24.702000,19.128000,24.452000,0.016405,1.221021,0.799943,-0.066768,-0.088389,4.184763,0.000000,0.000000,1,0
1789801294.451525,2,14.948473,24.661919,0.021621,13.728000,24.702000,19.128000,24.452000,0.016405,1.221021,0.799943,-0.066768,-0.088389,4.184763,0.000000,0.000000,1,0
1789801294.551518,2,14.948473,24.661919,0.021621,13.728000,24.702000,19.128000,24.452000,0.016405,1.221021,0.799943,-0.066768,-0.088389,4.184763,0.000000,0.000000,1,0
1789801294.651525,2,14.948473,24.661919,0.021621,13.728000,24.702000,19.128000,24.452000,0.016405,1.221021,0.799943,-0.066768,-0.088389,4.184763,0.000000,0.000000,1,0
1789801294.751536,2,14.948473,24.661919,0.021621,13.728000,24.702000,19.128000,24.452000,0.016405,1.221021,0.799943,-0.066768,-0.088389,4.184763,0.000000,0.000000,1,0
1789801294.851502,2,14.948473,24.661919,0.021621,13.728000,24.702000,19.128000,24.452000,0.016405,1.221021,0.799943,-0.066768,-0.088389,4.184763,0.000000,0.000000,1,0
1789801294.951491,2,14.948473,24.661919,0.021621,13.728000,24.702000,19.128000,24.452000,0.016405,1.221021,0.799943,-0.066768,-0.088389,4.184763,0.000000,0.000000,1,0
1789801295.051481,2,14.948473,24.661919,0.021621,13.728000,24.702000,19.128000,24.452000,0.016405,1.221021,0.799943,-0.066768,-0.088389,4.184763,0.000000,0.000000,1,0
1789801295.151500,2,14.948473,24.661919,0.021621,13.728000,24.702000,19.128000,24.452000,0.016405,1.221021,0.799943,-0.066768,-0.088389,4.184763,0.000000,0.000000,1,0
1789801295.251479,2,14.948473,24.661919,0.021621,13.728000,24.702000,19.128000,24.452000,0.016405,1.221021,0.799943,-0.066768,-0.088389,4.184763,0.000000,0.000000,1,0
1789801295.351435,2,14.948473,24.661919,0.021621,13.728000,24.702000,19.128000,24.452000,0.016405,1.221021,0.799943,-0.066768,-0.088389,4.184763,0.000000,0.000000,1,0
1789801295.451458,2,14.948473,24.661919,0.021621,13.728000,24.702000,19.128000,24.452000,0.016405,1.221021,0.799943,-0.066768,-0.088389,4.184763,0.000000,0.000000,1,0
1789801295.551430,2,14.948473,24.661919,0.021621,13.728000,24.702000,19.128000,24.452000,0.016405,1.221021,0.799943,-0.066768,-0.088389,4.184763,0.000000,0.000000,1,0
1789801295.651413,2,14.948473,24.661919,0.021621,13.728000,24.702000,19.128000,24.452000,0.016405,1.221021,0.799943,-0.066768,-0.088389,4.184763,0.000000,0.000000,1,0
1789801295.751433,2,14.948473,24.661919,0.021621,13.728000,24.702000,19.128000,24.452000,0.016405,1.221021,0.799943,-0.066768,-0.088389,4.184763,0.000000,0.000000,1,0
1789801295.851944,2,14.948473,24.661919,0.021621,13.728000,24.702000,19.128000,24.452000,0.016405,1.221021,0.799943,-0.066768,-0.088389,4.184763,0.000000,0.000000,1,0
1789801295.951396,2,14.948473,24.661919,0.021621,13.728000,24.702000,19.128000,24.452000,0.016405,1.221021,0.799943,-0.066768,-0.088389,4.184763,0.000000,0.000000,1,0
1789801296.054186,2,14.948473,24.661919,0.021621,13.728000,24.702000,19.128000,24.452000,0.016405,1.221021,0.799943,-0.066768,-0.088389,4.184763,0.000000,0.000000,1,0
1789801296.151386,2,14.948473,24.661919,0.021621,13.728000,24.702000,19.128000,24.452000,0.016405,1.221021,0.799943,-0.066768,-0.088389,4.184763,0.000000,0.000000,1,0
1789801296.251953,2,14.948473,24.661919,0.021621,13.728000,24.702000,19.128000,24.452000,0.016405,1.221021,0.799943,-0.066768,-0.088389,4.184763,0.000000,0.000000,1,0
1789801296.351319,2,14.948473,24.661919,0.021621,13.728000,24.702000,19.128000,24.452000,0.016405,1.221021,0.799943,-0.066768,-0.088389,4.184763,0.000000,0.000000,1,0
1789801296.453536,2,14.948473,24.661919,0.021621,13.728000,24.702000,19.128000,24.452000,0.016405,1.221021,0.799943,-0.066768,-0.088389,4.184763,0.000000,0.000000,1,0
1789801296.554053,2,14.948473,24.661919,0.021621,13.728000,24.702000,19.128000,24.452000,0.016405,1.221021,0.799943,-0.066768,-0.088389,4.184763,0.000000,0.000000,1,0
1789801296.651402,2,14.948473,24.661919,0.021621,13.728000,24.702000,19.128000,24.452000,0.016405,1.221021,0.799943,-0.066768,-0.088389,4.184763,0.000000,0.000000,1,0
1789801296.751475,2,14.948473,24.661919,0.021621,13.728000,24.702000,19.128000,24.452000,0.016405,1.221021,0.799943,-0.066768,-0.088389,4.184763,0.000000,0.000000,1,0
1789801296.851339,2,14.948473,24.661919,0.021621,13.728000,24.702000,19.128000,24.452000,0.016405,1.221021,0.799943,-0.066768,-0.088389,4.184763,0.000000,0.000000,1,0
1789801296.951298,2,14.948473,24.661919,0.021621,13.728000,24.702000,19.128000,24.452000,0.016405,1.221021,0.799943,-0.066768,-0.088389,4.184763,0.000000,0.000000,1,0
1789801297.051260,2,14.948473,24.661919,0.021621,13.728000,24.702000,19.128000,24.452000,0.016405,1.221021,0.799943,-0.066768,-0.088389,4.184763,0.000000,0.000000,1,0
1789801297.151257,2,14.948473,24.661919,0.021621,13.728000,24.702000,19.128000,24.452000,0.016405,1.221021,0.799943,-0.066768,-0.088389,4.184763,0.000000,0.000000,1,0
1789801297.251282,2,14.948473,24.661919,0.021621,13.728000,24.702000,19.128000,24.452000,0.016405,1.221021,0.799943,-0.066768,-0.088389,4.184763,0.000000,0.000000,1,0
1789801297.351257,2,14.948473,24.661919,0.021621,13.728000,24.702000,19.128000,24.452000,0.016405,1.221021,0.799943,-0.066768,-0.088389,4.184763,0.000000,0.000000,1,0
1789801297.451270,2,14.948473,24.661919,0.021621,13.728000,24.702000,19.128000,24.452000,0.016405,1.221021,0.799943,-0.066768,-0.088389,4.184763,0.000000,0.000000,1,0
1789801297.551249,2,14.948473,24.661919,0.021621,13.728000,24.702000,19.128000,24.452000,0.016405,1.221021,0.799943,-0.066768,-0.088389,4.184763,0.000000,0.000000,1,0
1789801297.651233,2,14.948473,24.661919,0.021621,13.728000,24.702000,19.128000,24.452000,0.016405,1.221021,0.799943,-0.066768,-0.088389,4.184763,0.000000,0.000000,1,0
1789801297.751230,2,14.948473,24.661919,0.021621,13.728000,24.702000,19.128000,24.452000,0.016405,1.221021,0.799943,-0.066768,-0.088389,4.184763,0.000000,0.000000,1,0
1789801297.851240,2,14.948473,24.661919,0.021621,13.728000,24.702000,19.128000,24.452000,0.016405,1.221021,0.799943,-0.066768,-0.088389,4.184763,0.000000,0.000000,1,0
1789801297.951222,2,14.948473,24.661919,0.021621,13.728000,24.702000,19.128000,24.452000,0.016405,1.221021,0.799943,-0.066768,-0.088389,4.184763,0.000000,0.000000,1,0
1789801298.051188,2,14.948473,24.661919,0.021621,13.728000,24.702000,19.128000,24.452000,0.016405,1.221021,0.799943,-0.066768,-0.088389,4.184763,0.000000,0.000000,1,0
1789801298.151149,2,14.948473,24.661919,0.021621,13.728000,24.702000,19.128000,24.452000,0.016405,1.221021,0.799943,-0.066768,-0.088389,4.184763,0.000000,0.000000,1,0
1789801298.251238,2,14.948473,24.661919,0.021621,13.728000,24.702000,19.128000,24.452000,0.016405,1.221021,0.799943,-0.066768,-0.088389,4.184763,0.000000,0.000000,1,0
1789801298.351165,2,14.948473,24.661919,0.021621,13.728000,24.702000,19.128000,24.452000,0.016405,1.221021,0.799943,-0.066768,-0.088389,4.184763,0.000000,0.000000,1,0
1789801298.451548,2,14.948473,24.661919,0.021621,13.728000,24.702000,19.128000,24.452000,0.016405,1.221021,0.799943,-0.066768,-0.088389,4.184763,0.000000,0.000000,1,0
1789801298.551148,2,14.948473,24.661919,0.021621,13.728000,24.702000,19.128000,24.452000,0.016405,1.221021,0.799943,-0.066768,-0.088389,4.184763,0.000000,0.000000,1,0
1789801298.651154,2,14.948473,24.661919,0.021621,13.728000,24.702000,19.128000,24.452000,0.016405,1.221021,0.799943,-0.066768,-0.088389,4.184763,0.000000,0.000000,1,0
1789801298.751124,2,14.948473,24.661919,0.021621,13.728000,24.702000,19.128000,24.452000,0.016405,1.221021,0.799943,-0.066768,-0.088389,4.184763,0.000000,0.000000,1,0
1789801298.851111,2,14.948473,24.661919,0.021621,13.728000,24.702000,19.128000,24.452000,0.016405,1.221021,0.799943,-0.066768,-0.088389,4.184763,0.000000,0.000000,1,0
1789801298.951145,2,14.948473,24.661919,0.021621,13.728000,24.702000,19.128000,24.452000,0.016405,1.221021,0.799943,-0.066768,-0.088389,4.184763,0.000000,0.000000,1,0
1789801299.051109,2,14.948473,24.661919,0.021621,13.728000,24.702000,19.128000,24.452000,0.016405,1.221021,0.799943,-0.066768,-0.088389,4.184763,0.000000,0.000000,1,0
1789801299.151089,2,14.948473,24.661919,0.021621,13.728000,24.702000,19.128000,24.452000,0.016405,1.221021,0.799943,-0.066768,-0.088389,4.184763,0.000000,0.000000,1,0
1789801299.251063,2,14.948473,24.661919,0.021621,13.728000,24.702000,19.128000,24.452000,0.016405,1.221021,0.799943,-0.066768,-0.088389,4.184763,0.000000,0.000000,1,0
1789801299.351062,2,14.948473,24.661919,0.021621,13.728000,24.702000,19.128000,24.452000,0.016405,1.221021,0.799943,-0.066768,-0.088389,4.184763,0.000000,0.000000,1,0
1789801299.451044,2,14.948473,24.661919,0.021621,13.728000,24.702000,19.128000,24.452000,0.016405,1.221021,0.799943,-0.066768,-0.088389,4.184763,0.000000,0.000000,1,0
1789801299.551067,2,14.948473,24.661919,0.021621,13.728000,24.702000,19.128000,24.452000,0.016405,1.221021,0.799943,-0.066768,-0.088389,4.184763,0.000000,0.000000,1,0
1789801299.652709,2,14.948473,24.661919,0.021621,13.728000,24.702000,19.128000,24.452000,0.016405,1.221021,0.799943,-0.066768,-0.088389,4.184763,0.000000,0.000000,1,0
1789801299.751021,2,14.948473,24.661919,0.021621,13.728000,24.702000,19.128000,24.452000,0.016405,1.221021,0.799943,-0.066768,-0.088389,4.184763,0.000000,0.000000,1,0
1789801299.851024,2,14.948473,24.661919,0.021621,13.728000,24.702000,19.128000,24.452000,0.016405,1.221021,0.799943,-0.066768,-0.088389,4.184763,0.000000,0.000000,1,0
1789801299.950988,2,14.948473,24.661919,0.021621,13.728000,24.702000,19.128000,24.452000,0.016405,1.221021,0.799943,-0.066768,-0.088389,4.184763,0.000000,0.000000,1,0
1789801300.051045,2,14.948473,24.661919,0.021621,13.728000,24.702000,19.128000,24.452000,0.016405,1.221021,0.799943,-0.066768,-0.088389,4.184763,0.000000,0.000000,1,0
1789801300.150985,2,14.948473,24.661919,0.021621,13.728000,24.702000,19.128000,24.452000,0.016405,1.221021,0.799943,-0.066768,-0.088389,4.184763,0.000000,0.000000,1,0
1789801300.250969,2,14.948473,24.661919,0.021621,13.728000,24.702000,19.128000,24.452000,0.016405,1.221021,0.799943,-0.066768,-0.088389,4.184763,0.000000,0.000000,1,0
1789801300.351000,2,14.948473,24.661919,0.021621,13.728000,24.702000,19.128000,24.452000,0.016405,1.221021,0.799943,-0.066768,-0.088389,4.184763,0.000000,0.000000,1,0
1789801300.451001,2,14.948473,24.661919,0.021621,13.728000,24.702000,19.128000,24.452000,0.016405,1.221021,0.799943,-0.066768,-0.088389,4.184763,0.000000,0.000000,1,0
1789801300.550962,2,14.948473,24.661919,0.021621,13.728000,24.702000,19.128000,24.452000,0.016405,1.221021,0.799943,-0.066768,-0.088389,4.184763,0.000000,0.000000,1,0
1789801300.650933,2,14.948473,24.661919,0.021621,13.728000,24.702000,19.128000,24.452000,0.016405,1.221021,0.799943,-0.066768,-0.088389,4.184763,0.000000,0.000000,1,0
1789801300.750963,2,14.948473,24.661919,0.021621,13.728000,24.702000,19.128000,24.452000,0.016405,1.221021,0.799943,-0.066768,-0.088389,4.184763,0.000000,0.000000,1,0
1789801300.850929,2,14.948473,24.661919,0.021621,13.728000,24.702000,19.128000,24.452000,0.016405,1.221021,0.799943,-0.066768,-0.088389,4.184763,0.000000,0.000000,1,0
1789801300.950906,2,14.948473,24.661919,0.021621,13.728000,24.702000,19.128000,24.452000,0.016405,1.221021,0.799943,-0.066768,-0.088389,4.184763,0.000000,0.000000,1,0
1789801301.050930,2,14.948473,24.661919,0.021621,13.728000,24.702000,19.128000,24.452000,0.016405,1.221021,0.799943,-0.066768,-0.088389,4.184763,0.000000,0.000000,1,0
1789801301.150877,2,14.948473,24.661919,0.021621,13.728000,24.702000,19.128000,24.452000,0.016405,1.221021,0.799943,-0.066768,-0.088389,4.184763,0.000000,0.000000,1,0
1789801301.250886,2,14.948473,24.661919,0.021621,13.728000,24.702000,19.128000,24.452000,0.016405,1.221021,0.799943,-0.066768,-0.088389,4.184763,0.000000,0.000000,1,0
1789801301.351207,2,14.948473,24.661919,0.021621,13.728000,24.702000,19.128000,24.452000,0.016405,1.221021,0.799943,-0.066768,-0.088389,4.184763,0.000000,0.000000,1,0
1789801301.451910,2,14.948473,24.661919,0.021621,13.728000,24.702000,19.128000,24.452000,0.016405,1.221021,0.799943,-0.066768,-0.088389,4.184763,0.000000,0.000000,1,0
1789801301.550896,2,14.948473,24.661919,0.021621,13.728000,24.702000,19.128000,24.452000,0.016405,1.221021,0.799943,-0.066768,-0.088389,4.184763,0.000000,0.000000,1,0
1789801301.650869,2,14.948473,24.661919,0.021621,13.728000,24.702000,19.128000,24.452000,0.016405,1.221021,0.799943,-0.066768,-0.088389,4.184763,0.000000,0.000000,1,0
1789801301.750875,2,14.948473,24.661919,0.021621,13.728000,24.702000,19.128000,24.452000,0.016405,1.221021,0.799943,-0.066768,-0.088389,4.184763,0.000000,0.000000,1,0
1789801301.850865,2,14.948473,24.661919,0.021621,13.728000,24.702000,19.128000,24.452000,0.016405,1.221021,0.799943,-0.066768,-0.088389,4.184763,0.000000,0.000000,1,0
1789801301.950799,2,14.948473,24.661919,0.021621,13.728000,24.702000,19.128000,24.452000,0.016405,1.221021,0.799943,-0.066768,-0.088389,4.184763,0.000000,0.000000,1,0
1789801302.050793,2,14.948473,24.661919,0.021621,13.728000,24.702000,19.128000,24.452000,0.016405,1.221021,0.799943,-0.066768,-0.088389,4.184763,0.000000,0.000000,1,0
1789801302.150802,2,14.948473,24.661919,0.021621,13.728000,24.702000,19.128000,24.452000,0.016405,1.221021,0.799943,-0.066768,-0.088389,4.184763,0.000000,0.000000,1,0
1789801302.250805,2,14.948473,24.661919,0.021621,13.728000,24.702000,19.128000,24.452000,0.016405,1.221021,0.799943,-0.066768,-0.088389,4.184763,0.000000,0.000000,1,0
1789801302.350819,2,14.948473,24.661919,0.021621,13.728000,24.702000,19.128000,24.452000,0.016405,1.221021,0.799943,-0.066768,-0.088389,4.184763,0.000000,0.000000,1,0
1789801302.450752,2,14.948473,24.661919,0.021621,13.728000,24.702000,19.128000,24.452000,0.016405,1.221021,0.799943,-0.066768,-0.088389,4.184763,0.000000,0.000000,1,0
1789801302.550738,2,14.948473,24.661919,0.021621,13.728000,24.702000,19.128000,24.452000,0.016405,1.221021,0.799943,-0.066768,-0.088389,4.184763,0.000000,0.000000,1,0
1789801302.651177,2,14.948473,24.661919,0.021621,13.728000,24.702000,19.128000,24.452000,0.016405,1.221021,0.799943,-0.066768,-0.088389,4.184763,0.000000,0.000000,1,0
1789801302.751015,2,14.948473,24.661919,0.021621,13.728000,24.702000,19.128000,24.452000,0.016405,1.221021,0.799943,-0.066768,-0.088389,4.184763,0.000000,0.000000,1,0
1789801302.850739,2,14.948473,24.661919,0.021621,13.728000,24.702000,19.128000,24.452000,0.016405,1.221021,0.799943,-0.066768,-0.088389,4.184763,0.000000,0.000000,1,0
1789801302.950729,2,14.948473,24.661919,0.021621,13.728000,24.702000,19.128000,24.452000,0.016405,1.221021,0.799943,-0.066768,-0.088389,4.184763,0.000000,0.000000,1,0
1789801303.051085,2,14.948473,24.661919,0.021621,13.728000,24.702000,19.128000,24.452000,0.016405,1.221021,0.799943,-0.066768,-0.088389,4.184763,0.000000,0.000000,1,0
1789801303.150709,2,14.948473,24.661919,0.021621,13.728000,24.702000,19.128000,24.452000,0.016405,1.221021,0.799943,-0.066768,-0.088389,4.184763,0.000000,0.000000,1,0
1789801303.250679,2,14.948473,24.661919,0.021621,13.728000,24.702000,19.128000,24.452000,0.016405,1.221021,0.799943,-0.066768,-0.088389,4.184763,0.000000,0.000000,1,0
1789801303.350660,2,14.948473,24.661919,0.021621,13.728000,24.702000,19.128000,24.452000,0.016405,1.221021,0.799943,-0.066768,-0.088389,4.184763,0.000000,0.000000,1,0
1789801303.450641,2,14.948473,24.661919,0.021621,13.728000,24.702000,19.128000,24.452000,0.016405,1.221021,0.799943,-0.066768,-0.088389,4.184763,0.000000,0.000000,1,0
1789801303.550635,2,14.948473,24.661919,0.021621,13.728000,24.702000,19.128000,24.452000,0.016405,1.221021,0.799943,-0.066768,-0.088389,4.184763,0.000000,0.000000,1,0
1789801303.650664,2,14.948473,24.661919,0.021621,13.728000,24.702000,19.128000,24.452000,0.016405,1.221021,0.799943,-0.066768,-0.088389,4.184763,0.000000,0.000000,1,0
1789801303.750654,2,14.948473,24.661919,0.021621,13.728000,24.702000,19.128000,24.452000,0.016405,1.221021,0.799943,-0.066768,-0.088389,4.184763,0.000000,0.000000,1,0
1789801303.850647,2,14.948473,24.661919,0.021621,13.728000,24.702000,19.128000,24.452000,0.016405,1.221021,0.799943,-0.066768,-0.088389,4.184763,0.000000,0.000000,1,0
1789801303.950627,2,14.948473,24.661919,0.021621,13.728000,24.702000,19.128000,24.452000,0.016405,1.221021,0.799943,-0.066768,-0.088389,4.184763,0.000000,0.000000,1,0
1789801304.050627,2,14.948473,24.661919,0.021621,13.728000,24.702000,19.128000,24.452000,0.016405,1.221021,0.799943,-0.066768,-0.088389,4.184763,0.000000,0.000000,1,0
1789801304.150613,2,14.948473,24.661919,0.021621,13.728000,24.702000,19.128000,24.452000,0.016405,1.221021,0.799943,-0.066768,-0.088389,4.184763,0.000000,0.000000,1,0
1789801304.250641,2,14.948473,24.661919,0.021621,13.728000,24.702000,19.128000,24.452000,0.016405,1.221021,0.799943,-0.066768,-0.088389,4.184763,0.000000,0.000000,1,0
1789801304.350655,2,14.948473,24.661919,0.021621,13.728000,24.702000,19.128000,24.452000,0.016405,1.221021,0.799943,-0.066768,-0.088389,4.184763,0.000000,0.000000,1,0
1789801304.450579,2,14.948473,24.661919,0.021621,13.728000,24.702000,19.128000,24.452000,0.016405,1.221021,0.799943,-0.066768,-0.088389,4.184763,0.000000,0.000000,1,0
1789801304.550631,2,14.948473,24.661919,0.021621,13.728000,24.702000,19.128000,24.452000,0.016405,1.221021,0.799943,-0.066768,-0.088389,4.184763,0.000000,0.000000,1,0
1789801304.650577,2,14.948473,24.661919,0.021621,13.728000,24.702000,19.128000,24.452000,0.016405,1.221021,0.799943,-0.066768,-0.088389,4.184763,0.000000,0.000000,1,0
1789801304.750545,2,14.948473,24.661919,0.021621,13.728000,24.702000,19.128000,24.452000,0.016405,1.221021,0.799943,-0.066768,-0.088389,4.184763,0.000000,0.000000,1,0
1789801304.850542,2,14.948473,24.661919,0.021621,13.728000,24.702000,19.128000,24.452000,0.016405,1.221021,0.799943,-0.066768,-0.088389,4.184763,0.000000,0.000000,1,0
1789801304.950504,2,14.948473,24.661919,0.021621,13.728000,24.702000,19.128000,24.452000,0.016405,1.221021,0.799943,-0.066768,-0.088389,4.184763,0.000000,0.000000,1,0
1789801305.050536,2,14.948473,24.661919,0.021621,13.728000,24.702000,19.128000,24.452000,0.016405,1.221021,0.799943,-0.066768,-0.088389,4.184763,0.000000,0.000000,1,0
1789801305.150485,2,14.948473,24.661919,0.021621,13.728000,24.702000,19.128000,24.452000,0.016405,1.221021,0.799943,-0.066768,-0.088389,4.184763,0.000000,0.000000,1,0
1789801305.250630,2,14.948473,24.661919,0.021621,13.728000,24.702000,19.128000,24.452000,0.016405,1.221021,0.799943,-0.066768,-0.088389,4.184763,0.000000,0.000000,1,0
1789801305.350488,2,14.948473,24.661919,0.021621,13.728000,24.702000,19.128000,24.452000,0.016405,1.221021,0.799943,-0.066768,-0.088389,4.184763,0.000000,0.000000,1,0
1789801305.450467,2,14.948473,24.661919,0.021621,13.728000,24.702000,19.128000,24.452000,0.016405,1.221021,0.799943,-0.066768,-0.088389,4.184763,0.000000,0.000000,1,0
1789801305.550467,2,14.948473,24.661919,0.021621,13.728000,24.702000,19.128000,24.452000,0.016405,1.221021,0.799943,-0.066768,-0.088389,4.184763,0.000000,0.000000,1,0
1789801305.650461,2,14.948473,24.661919,0.021621,13.728000,24.702000,19.128000,24.452000,0.016405,1.221021,0.799943,-0.066768,-0.088389,4.184763,0.000000,0.000000,1,0
1789801305.750430,2,14.948473,24.661919,0.021621,13.728000,24.702000,19.128000,24.452000,0.016405,1.221021,0.799943,-0.066768,-0.088389,4.184763,0.000000,0.000000,1,0
1789801305.850440,2,14.948473,24.661919,0.021621,13.728000,24.702000,19.128000,24.452000,0.016405,1.221021,0.799943,-0.066768,-0.088389,4.184763,0.000000,0.000000,1,0
1789801305.950424,2,14.948473,24.661919,0.021621,13.728000,24.702000,19.128000,24.452000,0.016405,1.221021,0.799943,-0.066768,-0.088389,4.184763,0.000000,0.000000,1,0
1789801306.050429,2,14.948473,24.661919,0.021621,13.728000,24.702000,19.128000,24.452000,0.016405,1.221021,0.799943,-0.066768,-0.088389,4.184763,0.000000,0.000000,1,0
1789801306.150462,2,14.948473,24.661919,0.021621,13.728000,24.702000,19.128000,24.452000,0.016405,1.221021,0.799943,-0.066768,-0.088389,4.184763,0.000000,0.000000,1,0
1789801306.250471,2,14.948473,24.661919,0.021621,13.728000,24.702000,19.128000,24.452000,0.016405,1.221021,0.799943,-0.066768,-0.088389,4.184763,0.000000,0.000000,1,0
1789801306.350393,2,14.948473,24.661919,0.021621,13.728000,24.702000,19.128000,24.452000,0.016405,1.221021,0.799943,-0.066768,-0.088389,4.184763,0.000000,0.000000,1,0
1789801306.450366,2,14.948473,24.661919,0.021621,13.728000,24.702000,19.128000,24.452000,0.016405,1.221021,0.799943,-0.066768,-0.088389,4.184763,0.000000,0.000000,1,0
1789801306.550359,2,14.948473,24.661919,0.021621,13.728000,24.702000,19.128000,24.452000,0.016405,1.221021,0.799943,-0.066768,-0.088389,4.184763,0.000000,0.000000,1,0
1789801306.650376,2,14.948473,24.661919,0.021621,13.728000,24.702000,19.128000,24.452000,0.016405,1.221021,0.799943,-0.066768,-0.088389,4.184763,0.000000,0.000000,1,0
1789801306.750386,2,14.948473,24.661919,0.021621,13.728000,24.702000,19.128000,24.452000,0.016405,1.221021,0.799943,-0.066768,-0.088389,4.184763,0.000000,0.000000,1,0
1789801306.850346,2,14.948473,24.661919,0.021621,13.728000,24.702000,19.128000,24.452000,0.016405,1.221021,0.799943,-0.066768,-0.088389,4.184763,0.000000,0.000000,1,0
1789801306.951562,2,14.948473,24.661919,0.021621,13.728000,24.702000,19.128000,24.452000,0.016405,1.221021,0.799943,-0.066768,-0.088389,4.184763,0.000000,0.000000,1,0
1789801307.051982,2,14.948473,24.661919,0.021621,13.728000,24.702000,19.128000,24.452000,0.016405,1.221021,0.799943,-0.066768,-0.088389,4.184763,0.000000,0.000000,1,0
1789801307.150308,2,14.948473,24.661919,0.021621,13.728000,24.702000,19.128000,24.452000,0.016405,1.221021,0.799943,-0.066768,-0.088389,4.184763,0.000000,0.000000,1,0
1789801307.250311,2,14.948473,24.661919,0.021621,13.728000,24.702000,19.128000,24.452000,0.016405,1.221021,0.799943,-0.066768,-0.088389,4.184763,0.000000,0.000000,1,0
1789801307.350318,2,14.948473,24.661919,0.021621,13.728000,24.702000,19.128000,24.452000,0.016405,1.221021,0.799943,-0.066768,-0.088389,4.184763,0.000000,0.000000,1,0
1789801307.450284,2,14.948473,24.661919,0.021621,13.728000,24.702000,19.128000,24.452000,0.016405,1.221021,0.799943,-0.066768,-0.088389,4.184763,0.000000,0.000000,1,0
1789801307.551176,2,14.948473,24.661919,0.021621,13.728000,24.702000,19.128000,24.452000,0.016405,1.221021,0.799943,-0.066768,-0.088389,4.184763,0.000000,0.000000,1,0
1789801307.651761,2,14.948473,24.661919,0.021621,13.728000,24.702000,19.128000,24.452000,0.016405,1.221021,0.799943,-0.066768,-0.088389,4.184763,0.000000,0.000000,1,0
1789801307.750241,2,14.948473,24.661919,0.021621,13.728000,24.702000,19.128000,24.452000,0.016405,1.221021,0.799943,-0.066768,-0.088389,4.184763,0.000000,0.000000,1,0
1789801307.850258,2,14.948473,24.661919,0.021621,13.728000,24.702000,19.128000,24.452000,0.016405,1.221021,0.799943,-0.066768,-0.088389,4.184763,0.000000,0.000000,1,0
1789801307.950993,2,14.948473,24.661919,0.021621,13.728000,24.702000,19.128000,24.452000,0.016405,1.221021,0.799943,-0.066768,-0.088389,4.184763,0.000000,0.000000,1,0
1789801308.050302,2,14.948473,24.661919,0.021621,13.728000,24.702000,19.128000,24.452000,0.016405,1.221021,0.799943,-0.066768,-0.088389,4.184763,0.000000,0.000000,1,0
1789801308.150219,2,14.948473,24.661919,0.021621,13.728000,24.702000,19.128000,24.452000,0.016405,1.221021,0.799943,-0.066768,-0.088389,4.184763,0.000000,0.000000,1,0
1789801308.250201,2,14.948473,24.661919,0.021621,13.728000,24.702000,19.128000,24.452000,0.016405,1.221021,0.799943,-0.066768,-0.088389,4.184763,0.000000,0.000000,1,0
1789801308.350264,2,14.948473,24.661919,0.021621,13.728000,24.702000,19.128000,24.452000,0.016405,1.221021,0.799943,-0.066768,-0.088389,4.184763,0.000000,0.000000,1,0
1789801308.450246,2,14.948473,24.661919,0.021621,13.728000,24.702000,19.128000,24.452000,0.016405,1.221021,0.799943,-0.066768,-0.088389,4.184763,0.000000,0.000000,1,0
1789801308.550262,2,14.948473,24.661919,0.021621,13.728000,24.702000,19.128000,24.452000,0.016405,1.221021,0.799943,-0.066768,-0.088389,4.184763,0.000000,0.000000,1,0
1789801308.650204,2,14.948473,24.661919,0.021621,13.728000,24.702000,19.128000,24.452000,0.016405,1.221021,0.799943,-0.066768,-0.088389,4.184763,0.000000,0.000000,1,0
1789801308.750214,2,14.948473,24.661919,0.021621,13.728000,24.702000,19.128000,24.452000,0.016405,1.221021,0.799943,-0.066768,-0.088389,4.184763,0.000000,0.000000,1,0
1789801308.850154,2,14.948473,24.661919,0.021621,13.728000,24.702000,19.128000,24.452000,0.016405,1.221021,0.799943,-0.066768,-0.088389,4.184763,0.000000,0.000000,1,0
1789801308.950217,2,14.948473,24.661919,0.021621,13.728000,24.702000,19.128000,24.452000,0.016405,1.221021,0.799943,-0.066768,-0.088389,4.184763,0.000000,0.000000,1,0
1789801309.050238,2,14.948473,24.661919,0.021621,13.728000,24.702000,19.128000,24.452000,0.016405,1.221021,0.799943,-0.066768,-0.088389,4.184763,0.000000,0.000000,1,0
1789801309.150175,2,14.948473,24.661919,0.021621,13.728000,24.702000,19.128000,24.452000,0.016405,1.221021,0.799943,-0.066768,-0.088389,4.184763,0.000000,0.000000,1,0
1789801309.250172,2,14.948473,24.661919,0.021621,13.728000,24.702000,19.128000,24.452000,0.016405,1.221021,0.799943,-0.066768,-0.088389,4.184763,0.000000,0.000000,1,0
1789801309.350152,2,14.948473,24.661919,0.021621,13.728000,24.702000,19.128000,24.452000,0.016405,1.221021,0.799943,-0.066768,-0.088389,4.184763,0.000000,0.000000,1,0
1789801309.450190,2,14.948473,24.661919,0.021621,13.728000,24.702000,19.128000,24.452000,0.016405,1.221021,0.799943,-0.066768,-0.088389,4.184763,0.000000,0.000000,1,0
1789801309.550503,2,14.948473,24.661919,0.021621,13.728000,24.702000,19.128000,24.452000,0.016405,1.221021,0.799943,-0.066768,-0.088389,4.184763,0.000000,0.000000,1,0
1789801309.650169,2,14.948473,24.661919,0.021621,13.728000,24.702000,19.128000,24.452000,0.016405,1.221021,0.799943,-0.066768,-0.088389,4.184763,0.000000,0.000000,1,0
1789801309.750110,2,14.948473,24.661919,0.021621,13.728000,24.702000,19.128000,24.452000,0.016405,1.221021,0.799943,-0.066768,-0.088389,4.184763,0.000000,0.000000,1,0
1789801309.850116,2,14.948473,24.661919,0.021621,13.728000,24.702000,19.128000,24.452000,0.016405,1.221021,0.799943,-0.066768,-0.088389,4.184763,0.000000,0.000000,1,0
1789801309.950086,2,14.948473,24.661919,0.021621,13.728000,24.702000,19.128000,24.452000,0.016405,1.221021,0.799943,-0.066768,-0.088389,4.184763,0.000000,0.000000,1,0
1789801310.050096,2,14.948473,24.661919,0.021621,13.728000,24.702000,19.128000,24.452000,0.016405,1.221021,0.799943,-0.066768,-0.088389,4.184763,0.000000,0.000000,1,0
1789801310.150105,2,14.948473,24.661919,0.021621,13.728000,24.702000,19.128000,24.452000,0.016405,1.221021,0.799943,-0.066768,-0.088389,4.184763,0.000000,0.000000,1,0
1789801310.250334,2,14.948473,24.661919,0.021621,13.728000,24.702000,19.128000,24.452000,0.016405,1.221021,0.799943,-0.066768,-0.088389,4.184763,0.000000,0.000000,1,0
1789801310.350281,2,14.948473,24.661919,0.021621,13.728000,24.702000,19.128000,24.452000,0.016405,1.221021,0.799943,-0.066768,-0.088389,4.184763,0.000000,0.000000,1,0
1789801310.450080,2,14.948473,24.661919,0.021621,13.728000,24.702000,19.128000,24.452000,0.016405,1.221021,0.799943,-0.066768,-0.088389,4.184763,0.000000,0.000000,1,0
1789801310.549955,2,14.948473,24.661919,0.021621,13.728000,24.702000,19.128000,24.452000,0.016405,1.221021,0.799943,-0.066768,-0.088389,4.184763,0.000000,0.000000,1,0
1789801310.649960,2,14.948473,24.661919,0.021621,13.728000,24.702000,19.128000,24.452000,0.016405,1.221021,0.799943,-0.066768,-0.088389,4.184763,0.000000,0.000000,1,0
1789801310.749969,2,14.948473,24.661919,0.021621,13.728000,24.702000,19.128000,24.452000,0.016405,1.221021,0.799943,-0.066768,-0.088389,4.184763,0.000000,0.000000,1,0
1789801310.849962,2,14.948473,24.661919,0.021621,13.728000,24.702000,19.128000,24.452000,0.016405,1.221021,0.799943,-0.066768,-0.088389,4.184763,0.000000,0.000000,1,0
1789801310.950091,2,14.948473,24.661919,0.021621,13.728000,24.702000,19.128000,24.452000,0.016405,1.221021,0.799943,-0.066768,-0.088389,4.184763,0.000000,0.000000,1,0
1789801311.049934,2,14.948473,24.661919,0.021621,13.728000,24.702000,19.128000,24.452000,0.016405,1.221021,0.799943,-0.066768,-0.088389,4.184763,0.000000,0.000000,1,0
1789801311.150200,2,14.948473,24.661919,0.021621,13.728000,24.702000,19.128000,24.452000,0.016405,1.221021,0.799943,-0.066768,-0.088389,4.184763,0.000000,0.000000,1,0
1789801311.249933,2,14.948473,24.661919,0.021621,13.728000,24.702000,19.128000,24.452000,0.016405,1.221021,0.799943,-0.066768,-0.088389,4.184763,0.000000,0.000000,1,0
1789801311.349901,2,14.948473,24.661919,0.021621,13.728000,24.702000,19.128000,24.452000,0.016405,1.221021,0.799943,-0.066768,-0.088389,4.184763,0.000000,0.000000,1,0
1789801311.450195,2,14.948473,24.661919,0.021621,13.728000,24.702000,19.128000,24.452000,0.016405,1.221021,0.799943,-0.066768,-0.088389,4.184763,0.000000,0.000000,1,0
1789801311.549906,2,14.948473,24.661919,0.021621,13.728000,24.702000,19.128000,24.452000,0.016405,1.221021,0.799943,-0.066768,-0.088389,4.184763,0.000000,0.000000,1,0
1789801311.649861,2,14.948473,24.661919,0.021621,13.728000,24.702000,19.128000,24.452000,0.016405,1.221021,0.799943,-0.066768,-0.088389,4.184763,0.000000,0.000000,1,0
1789801311.750238,2,14.948473,24.661919,0.021621,13.728000,24.702000,19.128000,24.452000,0.016405,1.221021,0.799943,-0.066768,-0.088389,4.184763,0.000000,0.000000,1,0
1789801311.850052,2,14.948473,24.661919,0.021621,13.728000,24.702000,19.128000,24.452000,0.016405,1.221021,0.799943,-0.066768,-0.088389,4.184763,0.000000,0.000000,1,0
1789801311.950256,2,14.948473,24.661919,0.021621,13.728000,24.702000,19.128000,24.452000,0.016405,1.221021,0.799943,-0.066768,-0.088389,4.184763,0.000000,0.000000,1,0
1789801312.049868,2,14.948473,24.661919,0.021621,13.728000,24.702000,19.128000,24.452000,0.016405,1.221021,0.799943,-0.066768,-0.088389,4.184763,0.000000,0.000000,1,0
1789801312.149966,2,14.948473,24.661919,0.021621,13.728000,24.702000,19.128000,24.452000,0.016405,1.221021,0.799943,-0.066768,-0.088389,4.184763,0.000000,0.000000,1,0
1789801312.249811,2,14.948473,24.661919,0.021621,13.728000,24.702000,19.128000,24.452000,0.016405,1.221021,0.799943,-0.066768,-0.088389,4.184763,0.000000,0.000000,1,0
1789801312.349797,2,14.948473,24.661919,0.021621,13.728000,24.702000,19.128000,24.452000,0.016405,1.221021,0.799943,-0.066768,-0.088389,4.184763,0.000000,0.000000,1,0
1789801312.449833,2,14.948473,24.661919,0.021621,13.728000,24.702000,19.128000,24.452000,0.016405,1.221021,0.799943,-0.066768,-0.088389,4.184763,0.000000,0.000000,1,0
1789801312.549852,2,14.948473,24.661919,0.021621,13.728000,24.702000,19.128000,24.452000,0.016405,1.221021,0.799943,-0.066768,-0.088389,4.184763,0.000000,0.000000,1,0
1789801312.649875,2,14.948473,24.661919,0.021621,13.728000,24.702000,19.128000,24.452000,0.016405,1.221021,0.799943,-0.066768,-0.088389,4.184763,0.000000,0.000000,1,0
1789801312.749848,2,14.948473,24.661919,0.021621,13.728000,24.702000,19.128000,24.452000,0.016405,1.221021,0.799943,-0.066768,-0.088389,4.184763,0.000000,0.000000,1,0
1789801312.849765,2,14.948473,24.661919,0.021621,13.728000,24.702000,19.128000,24.452000,0.016405,1.221021,0.799943,-0.066768,-0.088389,4.184763,0.000000,0.000000,1,0
1789801312.949746,2,14.948473,24.661919,0.021621,13.728000,24.702000,19.128000,24.452000,0.016405,1.221021,0.799943,-0.066768,-0.088389,4.184763,0.000000,0.000000,1,0
1789801313.049762,2,14.948473,24.661919,0.021621,13.728000,24.702000,19.128000,24.452000,0.016405,1.221021,0.799943,-0.066768,-0.088389,4.184763,0.000000,0.000000,1,0
1789801313.149727,2,14.948473,24.661919,0.021621,13.728000,24.702000,19.128000,24.452000,0.016405,1.221021,0.799943,-0.066768,-0.088389,4.184763,0.000000,0.000000,1,0
1789801313.249710,2,14.948473,24.661919,0.021621,13.728000,24.702000,19.128000,24.452000,0.016405,1.221021,0.799943,-0.066768,-0.088389,4.184763,0.000000,0.000000,1,0
1789801313.349726,2,14.948473,24.661919,0.021621,13.728000,24.702000,19.128000,24.452000,0.016405,1.221021,0.799943,-0.066768,-0.088389,4.184763,0.000000,0.000000,1,0
1789801313.449688,2,14.948473,24.661919,0.021621,13.728000,24.702000,19.128000,24.452000,0.016405,1.221021,0.799943,-0.066768,-0.088389,4.184763,0.000000,0.000000,1,0
1789801313.550125,2,14.948473,24.661919,0.021621,13.728000,24.702000,19.128000,24.452000,0.016405,1.221021,0.799943,-0.066768,-0.088389,4.184763,0.000000,0.000000,1,0
1789801313.649692,2,14.948473,24.661919,0.021621,13.728000,24.702000,19.128000,24.452000,0.016405,1.221021,0.799943,-0.066768,-0.088389,4.184763,0.000000,0.000000,1,0
1789801313.749689,2,14.948473,24.661919,0.021621,13.728000,24.702000,19.128000,24.452000,0.016405,1.221021,0.799943,-0.066768,-0.088389,4.184763,0.000000,0.000000,1,0
1789801313.849646,2,14.948473,24.661919,0.021621,13.728000,24.702000,19.128000,24.452000,0.016405,1.221021,0.799943,-0.066768,-0.088389,4.184763,0.000000,0.000000,1,0
1789801313.949751,2,14.948473,24.661919,0.021621,13.728000,24.702000,19.128000,24.452000,0.016405,1.221021,0.799943,-0.066768,-0.088389,4.184763,0.000000,0.000000,1,0
1789801314.049620,2,14.948473,24.661919,0.021621,13.728000,24.702000,19.128000,24.452000,0.016405,1.221021,0.799943,-0.066768,-0.088389,4.184763,0.000000,0.000000,1,0
1789801314.149634,2,14.948473,24.661919,0.021621,13.728000,24.702000,19.128000,24.452000,0.016405,1.221021,0.799943,-0.066768,-0.088389,4.184763,0.000000,0.000000,1,0
1789801314.249813,2,14.948473,24.661919,0.021621,13.728000,24.702000,19.128000,24.452000,0.016405,1.221021,0.799943,-0.066768,-0.088389,4.184763,0.000000,0.000000,1,0
1789801314.350349,2,14.948473,24.661919,0.021621,13.728000,24.702000,19.128000,24.452000,0.016405,1.221021,0.799943,-0.066768,-0.088389,4.184763,0.000000,0.000000,1,0
1789801314.450140,2,14.948473,24.661919,0.021621,13.728000,24.702000,19.128000,24.452000,0.016405,1.221021,0.799943,-0.066768,-0.088389,4.184763,0.000000,0.000000,1,0
1789801314.549589,2,14.948473,24.661919,0.021621,13.728000,24.702000,19.128000,24.452000,0.016405,1.221021,0.799943,-0.066768,-0.088389,4.184763,0.000000,0.000000,1,0
1789801314.650317,2,14.948473,24.661919,0.021621,13.728000,24.702000,19.128000,24.452000,0.016405,1.221021,0.799943,-0.066768,-0.088389,4.184763,0.000000,0.000000,1,0
1789801314.749578,2,14.948473,24.661919,0.021621,13.728000,24.702000,19.128000,24.452000,0.016405,1.221021,0.799943,-0.066768,-0.088389,4.184763,0.000000,0.000000,1,0
1789801314.850231,2,14.948473,24.661919,0.021621,13.728000,24.702000,19.128000,24.452000,0.016405,1.221021,0.799943,-0.066768,-0.088389,4.184763,0.000000,0.000000,1,0
1789801314.949573,2,14.948473,24.661919,0.021621,13.728000,24.702000,19.128000,24.452000,0.016405,1.221021,0.799943,-0.066768,-0.088389,4.184763,0.000000,0.000000,1,0
1789801315.050050,2,14.948473,24.661919,0.021621,13.728000,24.702000,19.128000,24.452000,0.016405,1.221021,0.799943,-0.066768,-0.088389,4.184763,0.000000,0.000000,1,0
1789801315.149924,2,14.948473,24.661919,0.021621,13.728000,24.702000,19.128000,24.452000,0.016405,1.221021,0.799943,-0.066768,-0.088389,4.184763,0.000000,0.000000,1,0
1789801315.250268,2,14.948473,24.661919,0.021621,13.728000,24.702000,19.128000,24.452000,0.016405,1.221021,0.799943,-0.066768,-0.088389,4.184763,0.000000,0.000000,1,0
1789801315.349542,2,14.948473,24.661919,0.021621,13.728000,24.702000,19.128000,24.452000,0.016405,1.221021,0.799943,-0.066768,-0.088389,4.184763,0.000000,0.000000,1,0
1789801315.449484,2,14.948473,24.661919,0.021621,13.728000,24.702000,19.128000,24.452000,0.016405,1.221021,0.799943,-0.066768,-0.088389,4.184763,0.000000,0.000000,1,0
1789801315.549520,2,14.948473,24.661919,0.021621,13.728000,24.702000,19.128000,24.452000,0.016405,1.221021,0.799943,-0.066768,-0.088389,4.184763,0.000000,0.000000,1,0
1789801315.649473,2,14.948473,24.661919,0.021621,13.728000,24.702000,19.128000,24.452000,0.016405,1.221021,0.799943,-0.066768,-0.088389,4.184763,0.000000,0.000000,1,0
1789801315.749460,2,14.948473,24.661919,0.021621,13.728000,24.702000,19.128000,24.452000,0.016405,1.221021,0.799943,-0.066768,-0.088389,4.184763,0.000000,0.000000,1,0
1789801315.850253,2,14.948473,24.661919,0.021621,13.728000,24.702000,19.128000,24.452000,0.016405,1.221021,0.799943,-0.066768,-0.088389,4.184763,0.000000,0.000000,1,0
1789801315.949448,2,14.948473,24.661919,0.021621,13.728000,24.702000,19.128000,24.452000,0.016405,1.221021,0.799943,-0.066768,-0.088389,4.184763,0.000000,0.000000,1,0
1789801316.049463,2,14.948473,24.661919,0.021621,13.728000,24.702000,19.128000,24.452000,0.016405,1.221021,0.799943,-0.066768,-0.088389,4.184763,0.000000,0.000000,1,0
1789801316.149454,2,14.948473,24.661919,0.021621,13.728000,24.702000,19.128000,24.452000,0.016405,1.221021,0.799943,-0.066768,-0.088389,4.184763,0.000000,0.000000,1,0
1789801316.249439,2,14.948473,24.661919,0.021621,13.728000,24.702000,19.128000,24.452000,0.016405,1.221021,0.799943,-0.066768,-0.088389,4.184763,0.000000,0.000000,1,0
1789801316.349442,2,14.948473,24.661919,0.021621,13.728000,24.702000,19.128000,24.452000,0.016405,1.221021,0.799943,-0.066768,-0.088389,4.184763,0.000000,0.000000,1,0
1789801316.449420,2,14.948473,24.661919,0.021621,13.728000,24.702000,19.128000,24.452000,0.016405,1.221021,0.799943,-0.066768,-0.088389,4.184763,0.000000,0.000000,1,0
1789801316.549404,2,14.948473,24.661919,0.021621,13.728000,24.702000,19.128000,24.452000,0.016405,1.221021,0.799943,-0.066768,-0.088389,4.184763,0.000000,0.000000,1,0
1789801316.649386,2,14.948473,24.661919,0.021621,13.728000,24.702000,19.128000,24.452000,0.016405,1.221021,0.799943,-0.066768,-0.088389,4.184763,0.000000,0.000000,1,0
1789801316.749412,2,14.948473,24.661919,0.021621,13.728000,24.702000,19.128000,24.452000,0.016405,1.221021,0.799943,-0.066768,-0.088389,4.184763,0.000000,0.000000,1,0
1789801316.850981,2,14.948473,24.661919,0.021621,13.728000,24.702000,19.128000,24.452000,0.016405,1.221021,0.799943,-0.066768,-0.088389,4.184763,0.000000,0.000000,1,0
1789801316.949624,2,14.948473,24.661919,0.021621,13.728000,24.702000,19.128000,24.452000,0.016405,1.221021,0.799943,-0.066768,-0.088389,4.184763,0.000000,0.000000,1,0
1789801317.049357,2,14.948473,24.661919,0.021621,13.728000,24.702000,19.128000,24.452000,0.016405,1.221021,0.799943,-0.066768,-0.088389,4.184763,0.000000,0.000000,1,0
1789801317.149334,2,14.948473,24.661919,0.021621,13.728000,24.702000,19.128000,24.452000,0.016405,1.221021,0.799943,-0.066768,-0.088389,4.184763,0.000000,0.000000,1,0
1789801317.249728,2,14.948473,24.661919,0.021621,13.728000,24.702000,19.128000,24.452000,0.016405,1.221021,0.799943,-0.066768,-0.088389,4.184763,0.000000,0.000000,1,0
1789801317.350907,2,14.948473,24.661919,0.021621,13.728000,24.702000,19.128000,24.452000,0.016405,1.221021,0.799943,-0.066768,-0.088389,4.184763,0.000000,0.000000,1,0
1789801317.449377,2,14.948473,24.661919,0.021621,13.728000,24.702000,19.128000,24.452000,0.016405,1.221021,0.799943,-0.066768,-0.088389,4.184763,0.000000,0.000000,1,0
1789801317.549326,2,14.948473,24.661919,0.021621,13.728000,24.702000,19.128000,24.452000,0.016405,1.221021,0.799943,-0.066768,-0.088389,4.184763,0.000000,0.000000,1,0
1789801317.649245,2,14.948473,24.661919,0.021621,13.728000,24.702000,19.128000,24.452000,0.016405,1.221021,0.799943,-0.066768,-0.088389,4.184763,0.000000,0.000000,1,0
1789801317.749308,2,14.948473,24.661919,0.021621,13.728000,24.702000,19.128000,24.452000,0.016405,1.221021,0.799943,-0.066768,-0.088389,4.184763,0.000000,0.000000,1,0
1789801317.850946,2,14.948473,24.661919,0.021621,13.728000,24.702000,19.128000,24.452000,0.016405,1.221021,0.799943,-0.066768,-0.088389,4.184763,0.000000,0.000000,1,0
1789801317.950308,2,14.948473,24.661919,0.021621,13.728000,24.702000,19.128000,24.452000,0.016405,1.221021,0.799943,-0.066768,-0.088389,4.184763,0.000000,0.000000,1,0
1789801318.049253,2,14.948473,24.661919,0.021621,13.728000,24.702000,19.128000,24.452000,0.016405,1.221021,0.799943,-0.066768,-0.088389,4.184763,0.000000,0.000000,1,0
1789801318.149261,2,14.948473,24.661919,0.021621,13.728000,24.702000,19.128000,24.452000,0.016405,1.221021,0.799943,-0.066768,-0.088389,4.184763,0.000000,0.000000,1,0
1789801318.249239,2,14.948473,24.661919,0.021621,13.728000,24.702000,19.128000,24.452000,0.016405,1.221021,0.799943,-0.066768,-0.088389,4.184763,0.000000,0.000000,1,0
1789801318.349283,2,14.948473,24.661919,0.021621,13.728000,24.702000,19.128000,24.452000,0.016405,1.221021,0.799943,-0.066768,-0.088389,4.184763,0.000000,0.000000,1,0
1789801318.449244,2,14.948473,24.661919,0.021621,13.728000,24.702000,19.128000,24.452000,0.016405,1.221021,0.799943,-0.066768,-0.088389,4.184763,0.000000,0.000000,1,0
1789801318.549219,2,14.948473,24.661919,0.021621,13.728000,24.702000,19.128000,24.452000,0.016405,1.221021,0.799943,-0.066768,-0.088389,4.184763,0.000000,0.000000,1,0
1789801318.649185,2,14.948473,24.661919,0.021621,13.728000,24.702000,19.128000,24.452000,0.016405,1.221021,0.799943,-0.066768,-0.088389,4.184763,0.000000,0.000000,1,0
1789801318.749186,2,14.948473,24.661919,0.021621,13.728000,24.702000,19.128000,24.452000,0.016405,1.221021,0.799943,-0.066768,-0.088389,4.184763,0.000000,0.000000,1,0
1789801318.849203,2,14.948473,24.661919,0.021621,13.728000,24.702000,19.128000,24.452000,0.016405,1.221021,0.799943,-0.066768,-0.088389,4.184763,0.000000,0.000000,1,0
1789801318.949153,2,14.948473,24.661919,0.021621,13.728000,24.702000,19.128000,24.452000,0.016405,1.221021,0.799943,-0.066768,-0.088389,4.184763,0.000000,0.000000,1,0
1789801319.049165,2,14.948473,24.661919,0.021621,13.728000,24.702000,19.128000,24.452000,0.016405,1.221021,0.799943,-0.066768,-0.088389,4.184763,0.000000,0.000000,1,0
1789801319.149153,2,14.948473,24.661919,0.021621,13.728000,24.702000,19.128000,24.452000,0.016405,1.221021,0.799943,-0.066768,-0.088389,4.184763,0.000000,0.000000,1,0
1789801319.249132,2,14.948473,24.661919,0.021621,13.728000,24.702000,19.128000,24.452000,0.016405,1.221021,0.799943,-0.066768,-0.088389,4.184763,0.000000,0.000000,1,0
1789801319.349133,2,14.948473,24.661919,0.021621,13.728000,24.702000,19.128000,24.452000,0.016405,1.221021,0.799943,-0.066768,-0.088389,4.184763,0.000000,0.000000,1,0
1789801319.449204,2,14.948473,24.661919,0.021621,13.728000,24.702000,19.128000,24.452000,0.016405,1.221021,0.799943,-0.066768,-0.088389,4.184763,0.000000,0.000000,1,0
1789801319.549099,2,14.948473,24.661919,0.021621,13.728000,24.702000,19.128000,24.452000,0.016405,1.221021,0.799943,-0.066768,-0.088389,4.184763,0.000000,0.000000,1,0
1789801319.650507,2,14.948473,24.661919,0.021621,13.728000,24.702000,19.128000,24.452000,0.016405,1.221021,0.799943,-0.066768,-0.088389,4.184763,0.000000,0.000000,1,0
1789801319.750155,2,14.948473,24.661919,0.021621,13.728000,24.702000,19.128000,24.452000,0.016405,1.221021,0.799943,-0.066768,-0.088389,4.184763,0.000000,0.000000,1,0
1789801319.849122,2,14.948473,24.661919,0.021621,13.728000,24.702000,19.128000,24.452000,0.016405,1.221021,0.799943,-0.066768,-0.088389,4.184763,0.000000,0.000000,1,0
1789801319.949254,2,14.948473,24.661919,0.021621,13.728000,24.702000,19.128000,24.452000,0.016405,1.221021,0.799943,-0.066768,-0.088389,4.184763,0.000000,0.000000,1,0
1789801320.051340,2,14.948473,24.661919,0.021621,13.728000,24.702000,19.128000,24.452000,0.016405,1.221021,0.799943,-0.066768,-0.088389,4.184763,0.000000,0.000000,1,0
1789801320.149051,2,14.948473,24.661919,0.021621,13.728000,24.702000,19.128000,24.452000,0.016405,1.221021,0.799943,-0.066768,-0.088389,4.184763,0.000000,0.000000,1,0
1789801320.249050,2,14.948473,24.661919,0.021621,13.728000,24.702000,19.128000,24.452000,0.016405,1.221021,0.799943,-0.066768,-0.088389,4.184763,0.000000,0.000000,1,0
1789801320.349019,2,14.948473,24.661919,0.021621,13.728000,24.702000,19.128000,24.452000,0.016405,1.221021,0.799943,-0.066768,-0.088389,4.184763,0.000000,0.000000,1,0
1789801320.449092,2,14.948473,24.661919,0.021621,13.728000,24.702000,19.128000,24.452000,0.016405,1.221021,0.799943,-0.066768,-0.088389,4.184763,0.000000,0.000000,1,0
1789801320.549117,2,14.948473,24.661919,0.021621,13.728000,24.702000,19.128000,24.452000,0.016405,1.221021,0.799943,-0.066768,-0.088389,4.184763,0.000000,0.000000,1,0
1789801320.649031,2,14.948473,24.661919,0.021621,13.728000,24.702000,19.128000,24.452000,0.016405,1.221021,0.799943,-0.066768,-0.088389,4.184763,0.000000,0.000000,1,0
1789801320.749031,2,14.948473,24.661919,0.021621,13.728000,24.702000,19.128000,24.452000,0.016405,1.221021,0.799943,-0.066768,-0.088389,4.184763,0.000000,0.000000,1,0
1789801320.849048,2,14.948473,24.661919,0.021621,13.728000,24.702000,19.128000,24.452000,0.016405,1.221021,0.799943,-0.066768,-0.088389,4.184763,0.000000,0.000000,1,0
1789801320.950117,2,14.948473,24.661919,0.021621,13.728000,24.702000,19.128000,24.452000,0.016405,1.221021,0.799943,-0.066768,-0.088389,4.184763,0.000000,0.000000,1,0
1789801321.048957,2,14.948473,24.661919,0.021621,13.728000,24.702000,19.128000,24.452000,0.016405,1.221021,0.799943,-0.066768,-0.088389,4.184763,0.000000,0.000000,1,0
1789801321.149084,2,14.948473,24.661919,0.021621,13.728000,24.702000,19.128000,24.452000,0.016405,1.221021,0.799943,-0.066768,-0.088389,4.184763,0.000000,0.000000,1,0
1789801321.248954,2,14.948473,24.661919,0.021621,13.728000,24.702000,19.128000,24.452000,0.016405,1.221021,0.799943,-0.066768,-0.088389,4.184763,0.000000,0.000000,1,0
1789801321.348964,2,14.948473,24.661919,0.021621,13.728000,24.702000,19.128000,24.452000,0.016405,1.221021,0.799943,-0.066768,-0.088389,4.184763,0.000000,0.000000,1,0
1789801321.449890,2,14.948473,24.661919,0.021621,13.728000,24.702000,19.128000,24.452000,0.016405,1.221021,0.799943,-0.066768,-0.088389,4.184763,0.000000,0.000000,1,0
1789801321.550185,2,14.948473,24.661919,0.021621,13.728000,24.702000,19.128000,24.452000,0.016405,1.221021,0.799943,-0.066768,-0.088389,4.184763,0.000000,0.000000,1,0
1789801321.649885,2,14.948473,24.661919,0.021621,13.728000,24.702000,19.128000,24.452000,0.016405,1.221021,0.799943,-0.066768,-0.088389,4.184763,0.000000,0.000000,1,0
1789801321.749078,2,14.948473,24.661919,0.021621,13.728000,24.702000,19.128000,24.452000,0.016405,1.221021,0.799943,-0.066768,-0.088389,4.184763,0.000000,0.000000,1,0
1789801321.850135,2,14.948473,24.661919,0.021621,13.728000,24.702000,19.128000,24.452000,0.016405,1.221021,0.799943,-0.066768,-0.088389,4.184763,0.000000,0.000000,1,0
1789801321.948945,2,14.948473,24.661919,0.021621,13.728000,24.702000,19.128000,24.452000,0.016405,1.221021,0.799943,-0.066768,-0.088389,4.184763,0.000000,0.000000,1,0
1789801322.048998,2,14.948473,24.661919,0.021621,13.728000,24.702000,19.128000,24.452000,0.016405,1.221021,0.799943,-0.066768,-0.088389,4.184763,0.000000,0.000000,1,0
1789801322.148859,2,14.948473,24.661919,0.021621,13.728000,24.702000,19.128000,24.452000,0.016405,1.221021,0.799943,-0.066768,-0.088389,4.184763,0.000000,0.000000,1,0
1789801322.249144,2,14.948473,24.661919,0.021621,13.728000,24.702000,19.128000,24.452000,0.016405,1.221021,0.799943,-0.066768,-0.088389,4.184763,0.000000,0.000000,1,0
1789801322.348857,2,14.948473,24.661919,0.021621,13.728000,24.702000,19.128000,24.452000,0.016405,1.221021,0.799943,-0.066768,-0.088389,4.184763,0.000000,0.000000,1,0
1789801322.448859,2,14.948473,24.661919,0.021621,13.728000,24.702000,19.128000,24.452000,0.016405,1.221021,0.799943,-0.066768,-0.088389,4.184763,0.000000,0.000000,1,0
1789801322.548801,2,14.948473,24.661919,0.021621,13.728000,24.702000,19.128000,24.452000,0.016405,1.221021,0.799943,-0.066768,-0.088389,4.184763,0.000000,0.000000,1,0
1789801322.648821,2,14.948473,24.661919,0.021621,13.728000,24.702000,19.128000,24.452000,0.016405,1.221021,0.799943,-0.066768,-0.088389,4.184763,0.000000,0.000000,1,0
1789801322.748926,2,14.948473,24.661919,0.021621,13.728000,24.702000,19.128000,24.452000,0.016405,1.221021,0.799943,-0.066768,-0.088389,4.184763,0.000000,0.000000,1,0
1789801322.848960,2,14.948473,24.661919,0.021621,13.728000,24.702000,19.128000,24.452000,0.016405,1.221021,0.799943,-0.066768,-0.088389,4.184763,0.000000,0.000000,1,0
1789801322.948834,2,14.948473,24.661919,0.021621,13.728000,24.702000,19.128000,24.452000,0.016405,1.221021,0.799943,-0.066768,-0.088389,4.184763,0.000000,0.000000,1,0
1789801323.048988,2,14.948473,24.661919,0.021621,13.728000,24.702000,19.128000,24.452000,0.016405,1.221021,0.799943,-0.066768,-0.088389,4.184763,0.000000,0.000000,1,0
1789801323.148775,2,14.948473,24.661919,0.021621,13.728000,24.702000,19.128000,24.452000,0.016405,1.221021,0.799943,-0.066768,-0.088389,4.184763,0.000000,0.000000,1,0
1789801323.248784,2,14.948473,24.661919,0.021621,13.728000,24.702000,19.128000,24.452000,0.016405,1.221021,0.799943,-0.066768,-0.088389,4.184763,0.000000,0.000000,1,0
1789801323.348783,2,14.948473,24.661919,0.021621,13.728000,24.702000,19.128000,24.452000,0.016405,1.221021,0.799943,-0.066768,-0.088389,4.184763,0.000000,0.000000,1,0
1789801323.448777,2,14.948473,24.661919,0.021621,13.728000,24.702000,19.128000,24.452000,0.016405,1.221021,0.799943,-0.066768,-0.088389,4.184763,0.000000,0.000000,1,0
1789801323.548766,2,14.948473,24.661919,0.021621,13.728000,24.702000,19.128000,24.452000,0.016405,1.221021,0.799943,-0.066768,-0.088389,4.184763,0.000000,0.000000,1,0
1789801323.648714,2,14.948473,24.661919,0.021621,13.728000,24.702000,19.128000,24.452000,0.016405,1.221021,0.799943,-0.066768,-0.088389,4.184763,0.000000,0.000000,1,0
1789801323.748714,2,14.948473,24.661919,0.021621,13.728000,24.702000,19.128000,24.452000,0.016405,1.221021,0.799943,-0.066768,-0.088389,4.184763,0.000000,0.000000,1,0
1789801323.848716,2,14.948473,24.661919,0.021621,13.728000,24.702000,19.128000,24.452000,0.016405,1.221021,0.799943,-0.066768,-0.088389,4.184763,0.000000,0.000000,1,0
1789801323.948684,2,14.948473,24.661919,0.021621,13.728000,24.702000,19.128000,24.452000,0.016405,1.221021,0.799943,-0.066768,-0.088389,4.184763,0.000000,0.000000,1,0
1789801324.048748,2,14.948473,24.661919,0.021621,13.728000,24.702000,19.128000,24.452000,0.016405,1.221021,0.799943,-0.066768,-0.088389,4.184763,0.000000,0.000000,1,0
1789801324.148676,2,14.948473,24.661919,0.021621,13.728000,24.702000,19.128000,24.452000,0.016405,1.221021,0.799943,-0.066768,-0.088389,4.184763,0.000000,0.000000,1,0
1789801324.248719,2,14.948473,24.661919,0.021621,13.728000,24.702000,19.128000,24.452000,0.016405,1.221021,0.799943,-0.066768,-0.088389,4.184763,0.000000,0.000000,1,0
1789801324.348651,2,14.948473,24.661919,0.021621,13.728000,24.702000,19.128000,24.452000,0.016405,1.221021,0.799943,-0.066768,-0.088389,4.184763,0.000000,0.000000,1,0
1789801324.448656,2,14.948473,24.661919,0.021621,13.728000,24.702000,19.128000,24.452000,0.016405,1.221021,0.799943,-0.066768,-0.088389,4.184763,0.000000,0.000000,1,0
1789801324.548632,2,14.948473,24.661919,0.021621,13.728000,24.702000,19.128000,24.452000,0.016405,1.221021,0.799943,-0.066768,-0.088389,4.184763,0.000000,0.000000,1,0
1789801324.648627,2,14.948473,24.661919,0.021621,13.728000,24.702000,19.128000,24.452000,0.016405,1.221021,0.799943,-0.066768,-0.088389,4.184763,0.000000,0.000000,1,0
1789801324.748596,2,14.948473,24.661919,0.021621,13.728000,24.702000,19.128000,24.452000,0.016405,1.221021,0.799943,-0.066768,-0.088389,4.184763,0.000000,0.000000,1,0
1789801324.848586,2,14.948473,24.661919,0.021621,13.728000,24.702000,19.128000,24.452000,0.016405,1.221021,0.799943,-0.066768,-0.088389,4.184763,0.000000,0.000000,1,0
1789801324.948598,2,14.948473,24.661919,0.021621,13.728000,24.702000,19.128000,24.452000,0.016405,1.221021,0.799943,-0.066768,-0.088389,4.184763,0.000000,0.000000,1,0
1789801325.048588,2,14.948473,24.661919,0.021621,13.728000,24.702000,19.128000,24.452000,0.016405,1.221021,0.799943,-0.066768,-0.088389,4.184763,0.000000,0.000000,1,0
1789801325.148565,2,14.948473,24.661919,0.021621,13.728000,24.702000,19.128000,24.452000,0.016405,1.221021,0.799943,-0.066768,-0.088389,4.184763,0.000000,0.000000,1,0
1789801325.248585,2,14.948473,24.661919,0.021621,13.728000,24.702000,19.128000,24.452000,0.016405,1.221021,0.799943,-0.066768,-0.088389,4.184763,0.000000,0.000000,1,0
1789801325.348643,2,14.948473,24.661919,0.021621,13.728000,24.702000,19.128000,24.452000,0.016405,1.221021,0.799943,-0.066768,-0.088389,4.184763,0.000000,0.000000,1,0
1789801325.448558,2,14.948473,24.661919,0.021621,13.728000,24.702000,19.128000,24.452000,0.016405,1.221021,0.799943,-0.066768,-0.088389,4.184763,0.000000,0.000000,1,0
1789801325.548779,2,14.948473,24.661919,0.021621,13.728000,24.702000,19.128000,24.452000,0.016405,1.221021,0.799943,-0.066768,-0.088389,4.184763,0.000000,0.000000,1,0
1789801325.648821,2,14.948473,24.661919,0.021621,13.728000,24.702000,19.128000,24.452000,0.016405,1.221021,0.799943,-0.066768,-0.088389,4.184763,0.000000,0.000000,1,0
1789801325.748499,2,14.948473,24.661919,0.021621,13.728000,24.702000,19.128000,24.452000,0.016405,1.221021,0.799943,-0.066768,-0.088389,4.184763,0.000000,0.000000,1,0
1789801325.848489,2,14.948473,24.661919,0.021621,13.728000,24.702000,19.128000,24.452000,0.016405,1.221021,0.799943,-0.066768,-0.088389,4.184763,0.000000,0.000000,1,0
1789801325.948476,2,14.948473,24.661919,0.021621,13.728000,24.702000,19.128000,24.452000,0.016405,1.221021,0.799943,-0.066768,-0.088389,4.184763,0.000000,0.000000,1,0
1789801326.048484,2,14.948473,24.661919,0.021621,13.728000,24.702000,19.128000,24.452000,0.016405,1.221021,0.799943,-0.066768,-0.088389,4.184763,0.000000,0.000000,1,0
1789801326.148527,2,14.948473,24.661919,0.021621,13.728000,24.702000,19.128000,24.452000,0.016405,1.221021,0.799943,-0.066768,-0.088389,4.184763,0.000000,0.000000,1,0
1789801326.248495,2,14.948473,24.661919,0.021621,13.728000,24.702000,19.128000,24.452000,0.016405,1.221021,0.799943,-0.066768,-0.088389,4.184763,0.000000,0.000000,1,0
1789801326.348719,2,14.948473,24.661919,0.021621,13.728000,24.702000,19.128000,24.452000,0.016405,1.221021,0.799943,-0.066768,-0.088389,4.184763,0.000000,0.000000,1,0
1789801326.448477,2,14.948473,24.661919,0.021621,13.728000,24.702000,19.128000,24.452000,0.016405,1.221021,0.799943,-0.066768,-0.088389,4.184763,0.000000,0.000000,1,0
1789801326.548488,2,14.948473,24.661919,0.021621,13.728000,24.702000,19.128000,24.452000,0.016405,1.221021,0.799943,-0.066768,-0.088389,4.184763,0.000000,0.000000,1,0
1789801326.648426,2,14.948473,24.661919,0.021621,13.728000,24.702000,19.128000,24.452000,0.016405,1.221021,0.799943,-0.066768,-0.088389,4.184763,0.000000,0.000000,1,0
1789801326.748417,2,14.948473,24.661919,0.021621,13.728000,24.702000,19.128000,24.452000,0.016405,1.221021,0.799943,-0.066768,-0.088389,4.184763,0.000000,0.000000,1,0
1789801326.848411,2,14.948473,24.661919,0.021621,13.728000,24.702000,19.128000,24.452000,0.016405,1.221021,0.799943,-0.066768,-0.088389,4.184763,0.000000,0.000000,1,0
1789801326.948658,2,14.948473,24.661919,0.021621,13.728000,24.702000,19.128000,24.452000,0.016405,1.221021,0.799943,-0.066768,-0.088389,4.184763,0.000000,0.000000,1,0
1789801327.048398,2,14.948473,24.661919,0.021621,13.728000,24.702000,19.128000,24.452000,0.016405,1.221021,0.799943,-0.066768,-0.088389,4.184763,0.000000,0.000000,1,0
1789801327.148493,2,14.948473,24.661919,0.021621,13.728000,24.702000,19.128000,24.452000,0.016405,1.221021,0.799943,-0.066768,-0.088389,4.184763,0.000000,0.000000,1,0
1789801327.248378,2,14.948473,24.661919,0.021621,13.728000,24.702000,19.128000,24.452000,0.016405,1.221021,0.799943,-0.066768,-0.088389,4.184763,0.000000,0.000000,1,0
1789801327.348734,2,14.948473,24.661919,0.021621,13.728000,24.702000,19.128000,24.452000,0.016405,1.221021,0.799943,-0.066768,-0.088389,4.184763,0.000000,0.000000,1,0
1789801327.448351,2,14.948473,24.661919,0.021621,13.728000,24.702000,19.128000,24.452000,0.016405,1.221021,0.799943,-0.066768,-0.088389,4.184763,0.000000,0.000000,1,0
1789801327.548341,2,14.948473,24.661919,0.021621,13.728000,24.702000,19.128000,24.452000,0.016405,1.221021,0.799943,-0.066768,-0.088389,4.184763,0.000000,0.000000,1,0
1789801327.648321,2,14.948473,24.661919,0.021621,13.728000,24.702000,19.128000,24.452000,0.016405,1.221021,0.799943,-0.066768,-0.088389,4.184763,0.000000,0.000000,1,0
1789801327.748737,2,14.948473,24.661919,0.021621,13.728000,24.702000,19.128000,24.452000,0.016405,1.221021,0.799943,-0.066768,-0.088389,4.184763,0.000000,0.000000,1,0
1789801327.848278,2,14.948473,24.661919,0.021621,13.728000,24.702000,19.128000,24.452000,0.016405,1.221021,0.799943,-0.066768,-0.088389,4.184763,0.000000,0.000000,1,0
1789801327.948325,2,14.948473,24.661919,0.021621,13.728000,24.702000,19.128000,24.452000,0.016405,1.221021,0.799943,-0.066768,-0.088389,4.184763,0.000000,0.000000,1,0
1789801328.048324,2,14.948473,24.661919,0.021621,13.728000,24.702000,19.128000,24.452000,0.016405,1.221021,0.799943,-0.066768,-0.088389,4.184763,0.000000,0.000000,1,0
1789801328.148293,2,14.948473,24.661919,0.021621,13.728000,24.702000,19.128000,24.452000,0.016405,1.221021,0.799943,-0.066768,-0.088389,4.184763,0.000000,0.000000,1,0
1789801328.248319,2,14.948473,24.661919,0.021621,13.728000,24.702000,19.128000,24.452000,0.016405,1.221021,0.799943,-0.066768,-0.088389,4.184763,0.000000,0.000000,1,0
1789801328.348285,2,14.948473,24.661919,0.021621,13.728000,24.702000,19.128000,24.452000,0.016405,1.221021,0.799943,-0.066768,-0.088389,4.184763,0.000000,0.000000,1,0
1789801328.448244,2,14.948473,24.661919,0.021621,13.728000,24.702000,19.128000,24.452000,0.016405,1.221021,0.799943,-0.066768,-0.088389,4.184763,0.000000,0.000000,1,0
1789801328.548239,2,14.948473,24.661919,0.021621,13.728000,24.702000,19.128000,24.452000,0.016405,1.221021,0.799943,-0.066768,-0.088389,4.184763,0.000000,0.000000,1,0
1789801328.648238,2,14.948473,24.661919,0.021621,13.728000,24.702000,19.128000,24.452000,0.016405,1.221021,0.799943,-0.066768,-0.088389,4.184763,0.000000,0.000000,1,0
1789801328.748232,2,14.948473,24.661919,0.021621,13.728000,24.702000,19.128000,24.452000,0.016405,1.221021,0.799943,-0.066768,-0.088389,4.184763,0.000000,0.000000,1,0
1789801328.848686,2,14.948473,24.661919,0.021621,13.728000,24.702000,19.128000,24.452000,0.016405,1.221021,0.799943,-0.066768,-0.088389,4.184763,0.000000,0.000000,1,0
1789801328.948215,2,14.948473,24.661919,0.021621,13.728000,24.702000,19.128000,24.452000,0.016405,1.221021,0.799943,-0.066768,-0.088389,4.184763,0.000000,0.000000,1,0
1789801329.048205,2,14.948473,24.661919,0.021621,13.728000,24.702000,19.128000,24.452000,0.016405,1.221021,0.799943,-0.066768,-0.088389,4.184763,0.000000,0.000000,1,0
1789801329.148215,2,14.948473,24.661919,0.021621,13.728000,24.702000,19.128000,24.452000,0.016405,1.221021,0.799943,-0.066768,-0.088389,4.184763,0.000000,0.000000,1,0
1789801329.248194,2,14.948473,24.661919,0.021621,13.728000,24.702000,19.128000,24.452000,0.016405,1.221021,0.799943,-0.066768,-0.088389,4.184763,0.000000,0.000000,1,0
1789801329.348159,2,14.948473,24.661919,0.021621,13.728000,24.702000,19.128000,24.452000,0.016405,1.221021,0.799943,-0.066768,-0.088389,4.184763,0.000000,0.000000,1,0
1789801329.448189,2,14.948473,24.661919,0.021621,13.728000,24.702000,19.128000,24.452000,0.016405,1.221021,0.799943,-0.066768,-0.088389,4.184763,0.000000,0.000000,1,0
1789801329.548258,2,14.948473,24.661919,0.021621,13.728000,24.702000,19.128000,24.452000,0.016405,1.221021,0.799943,-0.066768,-0.088389,4.184763,0.000000,0.000000,1,0
1789801329.648171,2,14.948473,24.661919,0.021621,13.728000,24.702000,19.128000,24.452000,0.016405,1.221021,0.799943,-0.066768,-0.088389,4.184763,0.000000,0.000000,1,0
1789801329.748216,2,14.948473,24.661919,0.021621,13.728000,24.702000,19.128000,24.452000,0.016405,1.221021,0.799943,-0.066768,-0.088389,4.184763,0.000000,0.000000,1,0
1789801329.848145,2,14.948473,24.661919,0.021621,13.728000,24.702000,19.128000,24.452000,0.016405,1.221021,0.799943,-0.066768,-0.088389,4.184763,0.000000,0.000000,1,0
1789801329.948168,2,14.948473,24.661919,0.021621,13.728000,24.702000,19.128000,24.452000,0.016405,1.221021,0.799943,-0.066768,-0.088389,4.184763,0.000000,0.000000,1,0
1789801330.048306,2,14.948473,24.661919,0.021621,13.728000,24.702000,19.128000,24.452000,0.016405,1.221021,0.799943,-0.066768,-0.088389,4.184763,0.000000,0.000000,1,0
1789801330.148136,2,14.948473,24.661919,0.021621,13.728000,24.702000,19.128000,24.452000,0.016405,1.221021,0.799943,-0.066768,-0.088389,4.184763,0.000000,0.000000,1,0
1789801330.248159,2,14.948473,24.661919,0.021621,13.728000,24.702000,19.128000,24.452000,0.016405,1.221021,0.799943,-0.066768,-0.088389,4.184763,0.000000,0.000000,1,0
1789801330.348098,2,14.948473,24.661919,0.021621,13.728000,24.702000,19.128000,24.452000,0.016405,1.221021,0.799943,-0.066768,-0.088389,4.184763,0.000000,0.000000,1,0
1789801330.448097,2,14.948473,24.661919,0.021621,13.728000,24.702000,19.128000,24.452000,0.016405,1.221021,0.799943,-0.066768,-0.088389,4.184763,0.000000,0.000000,1,0
1789801330.548081,2,14.948473,24.661919,0.021621,13.728000,24.702000,19.128000,24.452000,0.016405,1.221021,0.799943,-0.066768,-0.088389,4.184763,0.000000,0.000000,1,0
1789801330.648079,2,14.948473,24.661919,0.021621,13.728000,24.702000,19.128000,24.452000,0.016405,1.221021,0.799943,-0.066768,-0.088389,4.184763,0.000000,0.000000,1,0
1789801330.748105,2,14.948473,24.661919,0.021621,13.728000,24.702000,19.128000,24.452000,0.016405,1.221021,0.799943,-0.066768,-0.088389,4.184763,0.000000,0.000000,1,0
1789801330.848040,2,14.948473,24.661919,0.021621,13.728000,24.702000,19.128000,24.452000,0.016405,1.221021,0.799943,-0.066768,-0.088389,4.184763,0.000000,0.000000,1,0
1789801330.948118,2,14.948473,24.661919,0.021621,13.728000,24.702000,19.128000,24.452000,0.016405,1.221021,0.799943,-0.066768,-0.088389,4.184763,0.000000,0.000000,1,0
1789801331.048029,2,14.948473,24.661919,0.021621,13.728000,24.702000,19.128000,24.452000,0.016405,1.221021,0.799943,-0.066768,-0.088389,4.184763,0.000000,0.000000,1,0
1789801331.148007,2,14.948473,24.661919,0.021621,13.728000,24.702000,19.128000,24.452000,0.016405,1.221021,0.799943,-0.066768,-0.088389,4.184763,0.000000,0.000000,1,0
1789801331.248004,2,14.948473,24.661919,0.021621,13.728000,24.702000,19.128000,24.452000,0.016405,1.221021,0.799943,-0.066768,-0.088389,4.184763,0.000000,0.000000,1,0
1789801331.348008,2,14.948473,24.661919,0.021621,13.728000,24.702000,19.128000,24.452000,0.016405,1.221021,0.799943,-0.066768,-0.088389,4.184763,0.000000,0.000000,1,0
1789801331.447952,2,14.948473,24.661919,0.021621,13.728000,24.702000,19.128000,24.452000,0.016405,1.221021,0.799943,-0.066768,-0.088389,4.184763,0.000000,0.000000,1,0
1789801331.548011,2,14.948473,24.661919,0.021621,13.728000,24.702000,19.128000,24.452000,0.016405,1.221021,0.799943,-0.066768,-0.088389,4.184763,0.000000,0.000000,1,0
1789801331.647962,2,14.948473,24.661919,0.021621,13.728000,24.702000,19.128000,24.452000,0.016405,1.221021,0.799943,-0.066768,-0.088389,4.184763,0.000000,0.000000,1,0
1789801331.747900,2,14.948473,24.661919,0.021621,13.728000,24.702000,19.128000,24.452000,0.016405,1.221021,0.799943,-0.066768,-0.088389,4.184763,0.000000,0.000000,1,0
1789801331.848124,2,14.948473,24.661919,0.021621,13.728000,24.702000,19.128000,24.452000,0.016405,1.221021,0.799943,-0.066768,-0.088389,4.184763,0.000000,0.000000,1,0
1789801331.947984,2,14.948473,24.661919,0.021621,13.728000,24.702000,19.128000,24.452000,0.016405,1.221021,0.799943,-0.066768,-0.088389,4.184763,0.000000,0.000000,1,0
1789801332.047976,2,14.948473,24.661919,0.021621,13.728000,24.702000,19.128000,24.452000,0.016405,1.221021,0.799943,-0.066768,-0.088389,4.184763,0.000000,0.000000,1,0
1789801332.147927,2,14.948473,24.661919,0.021621,13.728000,24.702000,19.128000,24.452000,0.016405,1.221021,0.799943,-0.066768,-0.088389,4.184763,0.000000,0.000000,1,0
1789801332.247912,2,14.948473,24.661919,0.021621,13.728000,24.702000,19.128000,24.452000,0.016405,1.221021,0.799943,-0.066768,-0.088389,4.184763,0.000000,0.000000,1,0
1789801332.347938,2,14.948473,24.661919,0.021621,13.728000,24.702000,19.128000,24.452000,0.016405,1.221021,0.799943,-0.066768,-0.088389,4.184763,0.000000,0.000000,1,0
1789801332.447889,2,14.948473,24.661919,0.021621,13.728000,24.702000,19.128000,24.452000,0.016405,1.221021,0.799943,-0.066768,-0.088389,4.184763,0.000000,0.000000,1,0
1789801332.547878,2,14.948473,24.661919,0.021621,13.728000,24.702000,19.128000,24.452000,0.016405,1.221021,0.799943,-0.066768,-0.088389,4.184763,0.000000,0.000000,1,0
1789801332.647899,2,14.948473,24.661919,0.021621,13.728000,24.702000,19.128000,24.452000,0.016405,1.221021,0.799943,-0.066768,-0.088389,4.184763,0.000000,0.000000,1,0
1789801332.747856,2,14.948473,24.661919,0.021621,13.728000,24.702000,19.128000,24.452000,0.016405,1.221021,0.799943,-0.066768,-0.088389,4.184763,0.000000,0.000000,1,0
1789801332.847880,2,14.948473,24.661919,0.021621,13.728000,24.702000,19.128000,24.452000,0.016405,1.221021,0.799943,-0.066768,-0.088389,4.184763,0.000000,0.000000,1,0
1789801332.947884,2,14.948473,24.661919,0.021621,13.728000,24.702000,19.128000,24.452000,0.016405,1.221021,0.799943,-0.066768,-0.088389,4.184763,0.000000,0.000000,1,0
1789801333.047859,2,14.948473,24.661919,0.021621,13.728000,24.702000,19.128000,24.452000,0.016405,1.221021,0.799943,-0.066768,-0.088389,4.184763,0.000000,0.000000,1,0
1789801333.147829,2,14.948473,24.661919,0.021621,13.728000,24.702000,19.128000,24.452000,0.016405,1.221021,0.799943,-0.066768,-0.088389,4.184763,0.000000,0.000000,1,0
1789801333.247756,2,14.948473,24.661919,0.021621,13.728000,24.702000,19.128000,24.452000,0.016405,1.221021,0.799943,-0.066768,-0.088389,4.184763,0.000000,0.000000,1,0
1789801333.347801,2,14.948473,24.661919,0.021621,13.728000,24.702000,19.128000,24.452000,0.016405,1.221021,0.799943,-0.066768,-0.088389,4.184763,0.000000,0.000000,1,0
1789801333.447798,2,14.948473,24.661919,0.021621,13.728000,24.702000,19.128000,24.452000,0.016405,1.221021,0.799943,-0.066768,-0.088389,4.184763,0.000000,0.000000,1,0
1789801333.547859,2,14.948473,24.661919,0.021621,13.728000,24.702000,19.128000,24.452000,0.016405,1.221021,0.799943,-0.066768,-0.088389,4.184763,0.000000,0.000000,1,0
1789801333.647786,2,14.948473,24.661919,0.021621,13.728000,24.702000,19.128000,24.452000,0.016405,1.221021,0.799943,-0.066768,-0.088389,4.184763,0.000000,0.000000,1,0
1789801333.747782,2,14.948473,24.661919,0.021621,13.728000,24.702000,19.128000,24.452000,0.016405,1.221021,0.799943,-0.066768,-0.088389,4.184763,0.000000,0.000000,1,0
1789801333.847761,2,14.948473,24.661919,0.021621,13.728000,24.702000,19.128000,24.452000,0.016405,1.221021,0.799943,-0.066768,-0.088389,4.184763,0.000000,0.000000,1,0
1789801333.947788,2,14.948473,24.661919,0.021621,13.728000,24.702000,19.128000,24.452000,0.016405,1.221021,0.799943,-0.066768,-0.088389,4.184763,0.000000,0.000000,1,0
1789801334.047740,2,14.948473,24.661919,0.021621,13.728000,24.702000,19.128000,24.452000,0.016405,1.221021,0.799943,-0.066768,-0.088389,4.184763,0.000000,0.000000,1,0
1789801334.147717,2,14.948473,24.661919,0.021621,13.728000,24.702000,19.128000,24.452000,0.016405,1.221021,0.799943,-0.066768,-0.088389,4.184763,0.000000,0.000000,1,0
1789801334.247751,2,14.948473,24.661919,0.021621,13.728000,24.702000,19.128000,24.452000,0.016405,1.221021,0.799943,-0.066768,-0.088389,4.184763,0.000000,0.000000,1,0
1789801334.347732,2,14.948473,24.661919,0.021621,13.728000,24.702000,19.128000,24.452000,0.016405,1.221021,0.799943,-0.066768,-0.088389,4.184763,0.000000,0.000000,1,0
1789801334.447698,2,14.948473,24.661919,0.021621,13.728000,24.702000,19.128000,24.452000,0.016405,1.221021,0.799943,-0.066768,-0.088389,4.184763,0.000000,0.000000,1,0
1789801334.547707,2,14.948473,24.661919,0.021621,13.728000,24.702000,19.128000,24.452000,0.016405,1.221021,0.799943,-0.066768,-0.088389,4.184763,0.000000,0.000000,1,0
1789801334.647703,2,14.948473,24.661919,0.021621,13.728000,24.702000,19.128000,24.452000,0.016405,1.221021,0.799943,-0.066768,-0.088389,4.184763,0.000000,0.000000,1,0
1789801334.747690,2,14.948473,24.661919,0.021621,13.728000,24.702000,19.128000,24.452000,0.016405,1.221021,0.799943,-0.066768,-0.088389,4.184763,0.000000,0.000000,1,0
1789801334.847667,2,14.948473,24.661919,0.021621,13.728000,24.702000,19.128000,24.452000,0.016405,1.221021,0.799943,-0.066768,-0.088389,4.184763,0.000000,0.000000,1,0
1789801334.947722,2,14.948473,24.661919,0.021621,13.728000,24.702000,19.128000,24.452000,0.016405,1.221021,0.799943,-0.066768,-0.088389,4.184763,0.000000,0.000000,1,0
1789801335.047627,2,14.948473,24.661919,0.021621,13.728000,24.702000,19.128000,24.452000,0.016405,1.221021,0.799943,-0.066768,-0.088389,4.184763,0.000000,0.000000,1,0
1789801335.147672,2,14.948473,24.661919,0.021621,13.728000,24.702000,19.128000,24.452000,0.016405,1.221021,0.799943,-0.066768,-0.088389,4.184763,0.000000,0.000000,1,0
1789801335.247627,2,14.948473,24.661919,0.021621,13.728000,24.702000,19.128000,24.452000,0.016405,1.221021,0.799943,-0.066768,-0.088389,4.184763,0.000000,0.000000,1,0
1789801335.347665,2,14.948473,24.661919,0.021621,13.728000,24.702000,19.128000,24.452000,0.016405,1.221021,0.799943,-0.066768,-0.088389,4.184763,0.000000,0.000000,1,0
1789801335.447604,2,14.948473,24.661919,0.021621,13.728000,24.702000,19.128000,24.452000,0.016405,1.221021,0.799943,-0.066768,-0.088389,4.184763,0.000000,0.000000,1,0
1789801335.547598,2,14.948473,24.661919,0.021621,13.728000,24.702000,19.128000,24.452000,0.016405,1.221021,0.799943,-0.066768,-0.088389,4.184763,0.000000,0.000000,1,0
1789801335.647591,2,14.948473,24.661919,0.021621,13.728000,24.702000,19.128000,24.452000,0.016405,1.221021,0.799943,-0.066768,-0.088389,4.184763,0.000000,0.000000,1,0
1789801335.747581,2,14.948473,24.661919,0.021621,13.728000,24.702000,19.128000,24.452000,0.016405,1.221021,0.799943,-0.066768,-0.088389,4.184763,0.000000,0.000000,1,0
1789801335.847558,2,14.948473,24.661919,0.021621,13.728000,24.702000,19.128000,24.452000,0.016405,1.221021,0.799943,-0.066768,-0.088389,4.184763,0.000000,0.000000,1,0
1789801335.947538,2,14.948473,24.661919,0.021621,13.728000,24.702000,19.128000,24.452000,0.016405,1.221021,0.799943,-0.066768,-0.088389,4.184763,0.000000,0.000000,1,0
1789801336.047498,2,14.948473,24.661919,0.021621,13.728000,24.702000,19.128000,24.452000,0.016405,1.221021,0.799943,-0.066768,-0.088389,4.184763,0.000000,0.000000,1,0
1789801336.147533,2,14.948473,24.661919,0.021621,13.728000,24.702000,19.128000,24.452000,0.016405,1.221021,0.799943,-0.066768,-0.088389,4.184763,0.000000,0.000000,1,0
1789801336.247530,2,14.948473,24.661919,0.021621,13.728000,24.702000,19.128000,24.452000,0.016405,1.221021,0.799943,-0.066768,-0.088389,4.184763,0.000000,0.000000,1,0
1789801336.347553,2,14.948473,24.661919,0.021621,13.728000,24.702000,19.128000,24.452000,0.016405,1.221021,0.799943,-0.066768,-0.088389,4.184763,0.000000,0.000000,1,0
1789801336.447515,2,14.948473,24.661919,0.021621,13.728000,24.702000,19.128000,24.452000,0.016405,1.221021,0.799943,-0.066768,-0.088389,4.184763,0.000000,0.000000,1,0
1789801336.547485,2,14.948473,24.661919,0.021621,13.728000,24.702000,19.128000,24.452000,0.016405,1.221021,0.799943,-0.066768,-0.088389,4.184763,0.000000,0.000000,1,0
1789801336.647491,2,14.948473,24.661919,0.021621,13.728000,24.702000,19.128000,24.452000,0.016405,1.221021,0.799943,-0.066768,-0.088389,4.184763,0.000000,0.000000,1,0
1789801336.747428,2,14.948473,24.661919,0.021621,13.728000,24.702000,19.128000,24.452000,0.016405,1.221021,0.799943,-0.066768,-0.088389,4.184763,0.000000,0.000000,1,0
1789801336.847460,2,14.948473,24.661919,0.021621,13.728000,24.702000,19.128000,24.452000,0.016405,1.221021,0.799943,-0.066768,-0.088389,4.184763,0.000000,0.000000,1,0
1789801336.947483,2,14.948473,24.661919,0.021621,13.728000,24.702000,19.128000,24.452000,0.016405,1.221021,0.799943,-0.066768,-0.088389,4.184763,0.000000,0.000000,1,0
1789801337.047525,2,14.948473,24.661919,0.021621,13.728000,24.702000,19.128000,24.452000,0.016405,1.221021,0.799943,-0.066768,-0.088389,4.184763,0.000000,0.000000,1,0
1789801337.147458,2,14.948473,24.661919,0.021621,13.728000,24.702000,19.128000,24.452000,0.016405,1.221021,0.799943,-0.066768,-0.088389,4.184763,0.000000,0.000000,1,0
1789801337.247441,2,14.948473,24.661919,0.021621,13.728000,24.702000,19.128000,24.452000,0.016405,1.221021,0.799943,-0.066768,-0.088389,4.184763,0.000000,0.000000,1,0
1789801337.347442,2,14.948473,24.661919,0.021621,13.728000,24.702000,19.128000,24.452000,0.016405,1.221021,0.799943,-0.066768,-0.088389,4.184763,0.000000,0.000000,1,0
1789801337.447408,2,14.948473,24.661919,0.021621,13.728000,24.702000,19.128000,24.452000,0.016405,1.221021,0.799943,-0.066768,-0.088389,4.184763,0.000000,0.000000,1,0
1789801337.547417,2,14.948473,24.661919,0.021621,13.728000,24.702000,19.128000,24.452000,0.016405,1.221021,0.799943,-0.066768,-0.088389,4.184763,0.000000,0.000000,1,0
1789801337.647373,2,14.948473,24.661919,0.021621,13.728000,24.702000,19.128000,24.452000,0.016405,1.221021,0.799943,-0.066768,-0.088389,4.184763,0.000000,0.000000,1,0
1789801337.747380,2,14.948473,24.661919,0.021621,13.728000,24.702000,19.128000,24.452000,0.016405,1.221021,0.799943,-0.066768,-0.088389,4.184763,0.000000,0.000000,1,0
1789801337.847396,2,14.948473,24.661919,0.021621,13.728000,24.702000,19.128000,24.452000,0.016405,1.221021,0.799943,-0.066768,-0.088389,4.184763,0.000000,0.000000,1,0
1789801337.947353,2,14.948473,24.661919,0.021621,13.728000,24.702000,19.128000,24.452000,0.016405,1.221021,0.799943,-0.066768,-0.088389,4.184763,0.000000,0.000000,1,0
1789801338.047389,2,14.948473,24.661919,0.021621,13.728000,24.702000,19.128000,24.452000,0.016405,1.221021,0.799943,-0.066768,-0.088389,4.184763,0.000000,0.000000,1,0
1789801338.147365,2,14.948473,24.661919,0.021621,13.728000,24.702000,19.128000,24.452000,0.016405,1.221021,0.799943,-0.066768,-0.088389,4.184763,0.000000,0.000000,1,0
1789801338.247396,2,14.948473,24.661919,0.021621,13.728000,24.702000,19.128000,24.452000,0.016405,1.221021,0.799943,-0.066768,-0.088389,4.184763,0.000000,0.000000,1,0
1789801338.347313,2,14.948473,24.661919,0.021621,13.728000,24.702000,19.128000,24.452000,0.016405,1.221021,0.799943,-0.066768,-0.088389,4.184763,0.000000,0.000000,1,0
1789801338.447305,2,14.948473,24.661919,0.021621,13.728000,24.702000,19.128000,24.452000,0.016405,1.221021,0.799943,-0.066768,-0.088389,4.184763,0.000000,0.000000,1,0
1789801338.547369,2,14.948473,24.661919,0.021621,13.728000,24.702000,19.128000,24.452000,0.016405,1.221021,0.799943,-0.066768,-0.088389,4.184763,0.000000,0.000000,1,0
1789801338.647328,2,14.948473,24.661919,0.021621,13.728000,24.702000,19.128000,24.452000,0.016405,1.221021,0.799943,-0.066768,-0.088389,4.184763,0.000000,0.000000,1,0
1789801338.747288,2,14.948473,24.661919,0.021621,13.728000,24.702000,19.128000,24.452000,0.016405,1.221021,0.799943,-0.066768,-0.088389,4.184763,0.000000,0.000000,1,0
1789801338.847348,2,14.948473,24.661919,0.021621,13.728000,24.702000,19.128000,24.452000,0.016405,1.221021,0.799943,-0.066768,-0.088389,4.184763,0.000000,0.000000,1,0
1789801338.947276,2,14.948473,24.661919,0.021621,13.728000,24.702000,19.128000,24.452000,0.016405,1.221021,0.799943,-0.066768,-0.088389,4.184763,0.000000,0.000000,1,0
1789801339.047324,2,14.948473,24.661919,0.021621,13.728000,24.702000,19.128000,24.452000,0.016405,1.221021,0.799943,-0.066768,-0.088389,4.184763,0.000000,0.000000,1,0
1789801339.147248,2,14.948473,24.661919,0.021621,13.728000,24.702000,19.128000,24.452000,0.016405,1.221021,0.799943,-0.066768,-0.088389,4.184763,0.000000,0.000000,1,0
1789801339.247235,2,14.948473,24.661919,0.021621,13.728000,24.702000,19.128000,24.452000,0.016405,1.221021,0.799943,-0.066768,-0.088389,4.184763,0.000000,0.000000,1,0
1789801339.347307,2,14.948473,24.661919,0.021621,13.728000,24.702000,19.128000,24.452000,0.016405,1.221021,0.799943,-0.066768,-0.088389,4.184763,0.000000,0.000000,1,0
1789801339.447206,2,14.948473,24.661919,0.021621,13.728000,24.702000,19.128000,24.452000,0.016405,1.221021,0.799943,-0.066768,-0.088389,4.184763,0.000000,0.000000,1,0
1789801339.547162,2,14.948473,24.661919,0.021621,13.728000,24.702000,19.128000,24.452000,0.016405,1.221021,0.799943,-0.066768,-0.088389,4.184763,0.000000,0.000000,1,0
1789801339.647190,2,14.948473,24.661919,0.021621,13.728000,24.702000,19.128000,24.452000,0.016405,1.221021,0.799943,-0.066768,-0.088389,4.184763,0.000000,0.000000,1,0
1789801339.747223,2,14.948473,24.661919,0.021621,13.728000,24.702000,19.128000,24.452000,0.016405,1.221021,0.799943,-0.066768,-0.088389,4.184763,0.000000,0.000000,1,0
1789801339.847267,2,14.948473,24.661919,0.021621,13.728000,24.702000,19.128000,24.452000,0.016405,1.221021,0.799943,-0.066768,-0.088389,4.184763,0.000000,0.000000,1,0
1789801339.947211,2,14.948473,24.661919,0.021621,13.728000,24.702000,19.128000,24.452000,0.016405,1.221021,0.799943,-0.066768,-0.088389,4.184763,0.000000,0.000000,1,0
1789801340.047284,2,14.948473,24.661919,0.021621,13.728000,24.702000,19.128000,24.452000,0.016405,1.221021,0.799943,-0.066768,-0.088389,4.184763,0.000000,0.000000,1,0
1789801340.147342,2,14.948473,24.661919,0.021621,13.728000,24.702000,19.128000,24.452000,0.016405,1.221021,0.799943,-0.066768,-0.088389,4.184763,0.000000,0.000000,1,0
1789801340.247279,2,14.948473,24.661919,0.021621,13.728000,24.702000,19.128000,24.452000,0.016405,1.221021,0.799943,-0.066768,-0.088389,4.184763,0.000000,0.000000,1,0
1789801340.347179,2,14.948473,24.661919,0.021621,13.728000,24.702000,19.128000,24.452000,0.016405,1.221021,0.799943,-0.066768,-0.088389,4.184763,0.000000,0.000000,1,0
1789801340.447150,2,14.948473,24.661919,0.021621,13.728000,24.702000,19.128000,24.452000,0.016405,1.221021,0.799943,-0.066768,-0.088389,4.184763,0.000000,0.000000,1,0
1789801340.547241,2,14.948473,24.661919,0.021621,13.728000,24.702000,19.128000,24.452000,0.016405,1.221021,0.799943,-0.066768,-0.088389,4.184763,0.000000,0.000000,1,0
1789801340.647131,2,14.948473,24.661919,0.021621,13.728000,24.702000,19.128000,24.452000,0.016405,1.221021,0.799943,-0.066768,-0.088389,4.184763,0.000000,0.000000,1,0
1789801340.747093,2,14.948473,24.661919,0.021621,13.728000,24.702000,19.128000,24.452000,0.016405,1.221021,0.799943,-0.066768,-0.088389,4.184763,0.000000,0.000000,1,0
1789801340.847279,2,14.948473,24.661919,0.021621,13.728000,24.702000,19.128000,24.452000,0.016405,1.221021,0.799943,-0.066768,-0.088389,4.184763,0.000000,0.000000,1,0
1789801340.947136,2,14.948473,24.661919,0.021621,13.728000,24.702000,19.128000,24.452000,0.016405,1.221021,0.799943,-0.066768,-0.088389,4.184763,0.000000,0.000000,1,0
1789801341.047113,2,14.948473,24.661919,0.021621,13.728000,24.702000,19.128000,24.452000,0.016405,1.221021,0.799943,-0.066768,-0.088389,4.184763,0.000000,0.000000,1,0
1789801341.147082,2,14.948473,24.661919,0.021621,13.728000,24.702000,19.128000,24.452000,0.016405,1.221021,0.799943,-0.066768,-0.088389,4.184763,0.000000,0.000000,1,0
1789801341.247084,2,14.948473,24.661919,0.021621,13.728000,24.702000,19.128000,24.452000,0.016405,1.221021,0.799943,-0.066768,-0.088389,4.184763,0.000000,0.000000,1,0
1789801341.347072,2,14.948473,24.661919,0.021621,13.728000,24.702000,19.128000,24.452000,0.016405,1.221021,0.799943,-0.066768,-0.088389,4.184763,0.000000,0.000000,1,0
1789801341.447047,2,14.948473,24.661919,0.021621,13.728000,24.702000,19.128000,24.452000,0.016405,1.221021,0.799943,-0.066768,-0.088389,4.184763,0.000000,0.000000,1,0
1789801341.547046,2,14.948473,24.661919,0.021621,13.728000,24.702000,19.128000,24.452000,0.016405,1.221021,0.799943,-0.066768,-0.088389,4.184763,0.000000,0.000000,1,0
1789801341.647056,2,14.948473,24.661919,0.021621,13.728000,24.702000,19.128000,24.452000,0.016405,1.221021,0.799943,-0.066768,-0.088389,4.184763,0.000000,0.000000,1,0
1789801341.747205,2,14.948473,24.661919,0.021621,13.728000,24.702000,19.128000,24.452000,0.016405,1.221021,0.799943,-0.066768,-0.088389,4.184763,0.000000,0.000000,1,0
1789801341.847026,2,14.948473,24.661919,0.021621,13.728000,24.702000,19.128000,24.452000,0.016405,1.221021,0.799943,-0.066768,-0.088389,4.184763,0.000000,0.000000,1,0
1789801341.947116,2,14.948473,24.661919,0.021621,13.728000,24.702000,19.128000,24.452000,0.016405,1.221021,0.799943,-0.066768,-0.088389,4.184763,0.000000,0.000000,1,0
1789801342.047004,2,14.948473,24.661919,0.021621,13.728000,24.702000,19.128000,24.452000,0.016405,1.221021,0.799943,-0.066768,-0.088389,4.184763,0.000000,0.000000,1,0
1789801342.146969,2,14.948473,24.661919,0.021621,13.728000,24.702000,19.128000,24.452000,0.016405,1.221021,0.799943,-0.066768,-0.088389,4.184763,0.000000,0.000000,1,0
1789801342.246974,2,14.948473,24.661919,0.021621,13.728000,24.702000,19.128000,24.452000,0.016405,1.221021,0.799943,-0.066768,-0.088389,4.184763,0.000000,0.000000,1,0
1789801342.346986,2,14.948473,24.661919,0.021621,13.728000,24.702000,19.128000,24.452000,0.016405,1.221021,0.799943,-0.066768,-0.088389,4.184763,0.000000,0.000000,1,0
1789801342.446903,2,14.948473,24.661919,0.021621,13.728000,24.702000,19.128000,24.452000,0.016405,1.221021,0.799943,-0.066768,-0.088389,4.184763,0.000000,0.000000,1,0
1789801342.546927,2,14.948473,24.661919,0.021621,13.728000,24.702000,19.128000,24.452000,0.016405,1.221021,0.799943,-0.066768,-0.088389,4.184763,0.000000,0.000000,1,0
1789801342.646908,2,14.948473,24.661919,0.021621,13.728000,24.702000,19.128000,24.452000,0.016405,1.221021,0.799943,-0.066768,-0.088389,4.184763,0.000000,0.000000,1,0
1789801342.746918,2,14.948473,24.661919,0.021621,13.728000,24.702000,19.128000,24.452000,0.016405,1.221021,0.799943,-0.066768,-0.088389,4.184763,0.000000,0.000000,1,0
1789801342.846874,2,14.948473,24.661919,0.021621,13.728000,24.702000,19.128000,24.452000,0.016405,1.221021,0.799943,-0.066768,-0.088389,4.184763,0.000000,0.000000,1,0
1789801342.946899,2,14.948473,24.661919,0.021621,13.728000,24.702000,19.128000,24.452000,0.016405,1.221021,0.799943,-0.066768,-0.088389,4.184763,0.000000,0.000000,1,0
1789801343.047961,2,14.948473,24.661919,0.021621,13.728000,24.702000,19.128000,24.452000,0.016405,1.221021,0.799943,-0.066768,-0.088389,4.184763,0.000000,0.000000,1,0
1789801343.146850,2,14.948473,24.661919,0.021621,13.728000,24.702000,19.128000,24.452000,0.016405,1.221021,0.799943,-0.066768,-0.088389,4.184763,0.000000,0.000000,1,0
1789801343.246885,2,14.948473,24.661919,0.021621,13.728000,24.702000,19.128000,24.452000,0.016405,1.221021,0.799943,-0.066768,-0.088389,4.184763,0.000000,0.000000,1,0
1789801343.346958,2,14.948473,24.661919,0.021621,13.728000,24.702000,19.128000,24.452000,0.016405,1.221021,0.799943,-0.066768,-0.088389,4.184763,0.000000,0.000000,1,0
1789801343.446843,2,14.948473,24.661919,0.021621,13.728000,24.702000,19.128000,24.452000,0.016405,1.221021,0.799943,-0.066768,-0.088389,4.184763,0.000000,0.000000,1,0
1789801343.546806,2,14.948473,24.661919,0.021621,13.728000,24.702000,19.128000,24.452000,0.016405,1.221021,0.799943,-0.066768,-0.088389,4.184763,0.000000,0.000000,1,0
1789801343.646815,2,14.948473,24.661919,0.021621,13.728000,24.702000,19.128000,24.452000,0.016405,1.221021,0.799943,-0.066768,-0.088389,4.184763,0.000000,0.000000,1,0
1789801343.747136,2,14.948473,24.661919,0.021621,13.728000,24.702000,19.128000,24.452000,0.016405,1.221021,0.799943,-0.066768,-0.088389,4.184763,0.000000,0.000000,1,0
1789801343.846810,2,14.948473,24.661919,0.021621,13.728000,24.702000,19.128000,24.452000,0.016405,1.221021,0.799943,-0.066768,-0.088389,4.184763,0.000000,0.000000,1,0
1789801343.946814,2,14.948473,24.661919,0.021621,13.728000,24.702000,19.128000,24.452000,0.016405,1.221021,0.799943,-0.066768,-0.088389,4.184763,0.000000,0.000000,1,0
1789801344.046770,2,14.948473,24.661919,0.021621,13.728000,24.702000,19.128000,24.452000,0.016405,1.221021,0.799943,-0.066768,-0.088389,4.184763,0.000000,0.000000,1,0
1789801344.146798,2,14.948473,24.661919,0.021621,13.728000,24.702000,19.128000,24.452000,0.016405,1.221021,0.799943,-0.066768,-0.088389,4.184763,0.000000,0.000000,1,0
1789801344.246784,2,14.948473,24.661919,0.021621,13.728000,24.702000,19.128000,24.452000,0.016405,1.221021,0.799943,-0.066768,-0.088389,4.184763,0.000000,0.000000,1,0
1789801344.346686,2,14.948473,24.661919,0.021621,13.728000,24.702000,19.128000,24.452000,0.016405,1.221021,0.799943,-0.066768,-0.088389,4.184763,0.000000,0.000000,1,0
1789801344.446758,2,14.948473,24.661919,0.021621,13.728000,24.702000,19.128000,24.452000,0.016405,1.221021,0.799943,-0.066768,-0.088389,4.184763,0.000000,0.000000,1,0
1789801344.546752,2,14.948473,24.661919,0.021621,13.728000,24.702000,19.128000,24.452000,0.016405,1.221021,0.799943,-0.066768,-0.088389,4.184763,0.000000,0.000000,1,0
1789801344.646709,2,14.948473,24.661919,0.021621,13.728000,24.702000,19.128000,24.452000,0.016405,1.221021,0.799943,-0.066768,-0.088389,4.184763,0.000000,0.000000,1,0
1789801344.746732,2,14.948473,24.661919,0.021621,13.728000,24.702000,19.128000,24.452000,0.016405,1.221021,0.799943,-0.066768,-0.088389,4.184763,0.000000,0.000000,1,0
1789801344.846676,2,14.948473,24.661919,0.021621,13.728000,24.702000,19.128000,24.452000,0.016405,1.221021,0.799943,-0.066768,-0.088389,4.184763,0.000000,0.000000,1,0
1789801344.946708,2,14.948473,24.661919,0.021621,13.728000,24.702000,19.128000,24.452000,0.016405,1.221021,0.799943,-0.066768,-0.088389,4.184763,0.000000,0.000000,1,0
1789801345.046770,2,14.948473,24.661919,0.021621,13.728000,24.702000,19.128000,24.452000,0.016405,1.221021,0.799943,-0.066768,-0.088389,4.184763,0.000000,0.000000,1,0
1789801345.146677,2,14.948473,24.661919,0.021621,13.728000,24.702000,19.128000,24.452000,0.016405,1.221021,0.799943,-0.066768,-0.088389,4.184763,0.000000,0.000000,1,0
1789801345.246654,2,14.948473,24.661919,0.021621,13.728000,24.702000,19.128000,24.452000,0.016405,1.221021,0.799943,-0.066768,-0.088389,4.184763,0.000000,0.000000,1,0
1789801345.346649,2,14.948473,24.661919,0.021621,13.728000,24.702000,19.128000,24.452000,0.016405,1.221021,0.799943,-0.066768,-0.088389,4.184763,0.000000,0.000000,1,0
1789801345.446644,2,14.948473,24.661919,0.021621,13.728000,24.702000,19.128000,24.452000,0.016405,1.221021,0.799943,-0.066768,-0.088389,4.184763,0.000000,0.000000,1,0
1789801345.546711,2,14.948473,24.661919,0.021621,13.728000,24.702000,19.128000,24.452000,0.016405,1.221021,0.799943,-0.066768,-0.088389,4.184763,0.000000,0.000000,1,0
1789801345.646617,2,14.948473,24.661919,0.021621,13.728000,24.702000,19.128000,24.452000,0.016405,1.221021,0.799943,-0.066768,-0.088389,4.184763,0.000000,0.000000,1,0
1789801345.746626,2,14.948473,24.661919,0.021621,13.728000,24.702000,19.128000,24.452000,0.016405,1.221021,0.799943,-0.066768,-0.088389,4.184763,0.000000,0.000000,1,0
1789801345.846628,2,14.948473,24.661919,0.021621,13.728000,24.702000,19.128000,24.452000,0.016405,1.221021,0.799943,-0.066768,-0.088389,4.184763,0.000000,0.000000,1,0
1789801345.946583,2,14.948473,24.661919,0.021621,13.728000,24.702000,19.128000,24.452000,0.016405,1.221021,0.799943,-0.066768,-0.088389,4.184763,0.000000,0.000000,1,0
1789801346.046600,2,14.948473,24.661919,0.021621,13.728000,24.702000,19.128000,24.452000,0.016405,1.221021,0.799943,-0.066768,-0.088389,4.184763,0.000000,0.000000,1,0
1789801346.146586,2,14.948473,24.661919,0.021621,13.728000,24.702000,19.128000,24.452000,0.016405,1.221021,0.799943,-0.066768,-0.088389,4.184763,0.000000,0.000000,1,0
1789801346.246558,2,14.948473,24.661919,0.021621,13.728000,24.702000,19.128000,24.452000,0.016405,1.221021,0.799943,-0.066768,-0.088389,4.184763,0.000000,0.000000,1,0
1789801346.346595,2,14.948473,24.661919,0.021621,13.728000,24.702000,19.128000,24.452000,0.016405,1.221021,0.799943,-0.066768,-0.088389,4.184763,0.000000,0.000000,1,0
1789801346.446551,2,14.948473,24.661919,0.021621,13.728000,24.702000,19.128000,24.452000,0.016405,1.221021,0.799943,-0.066768,-0.088389,4.184763,0.000000,0.000000,1,0
1789801346.546531,2,14.948473,24.661919,0.021621,13.728000,24.702000,19.128000,24.452000,0.016405,1.221021,0.799943,-0.066768,-0.088389,4.184763,0.000000,0.000000,1,0
1789801346.646522,2,14.948473,24.661919,0.021621,13.728000,24.702000,19.128000,24.452000,0.016405,1.221021,0.799943,-0.066768,-0.088389,4.184763,0.000000,0.000000,1,0
1789801346.746753,2,14.948473,24.661919,0.021621,13.728000,24.702000,19.128000,24.452000,0.016405,1.221021,0.799943,-0.066768,-0.088389,4.184763,0.000000,0.000000,1,0
1789801346.846484,2,14.948473,24.661919,0.021621,13.728000,24.702000,19.128000,24.452000,0.016405,1.221021,0.799943,-0.066768,-0.088389,4.184763,0.000000,0.000000,1,0
1789801346.946496,2,14.948473,24.661919,0.021621,13.728000,24.702000,19.128000,24.452000,0.016405,1.221021,0.799943,-0.066768,-0.088389,4.184763,0.000000,0.000000,1,0
1789801347.046474,2,14.948473,24.661919,0.021621,13.728000,24.702000,19.128000,24.452000,0.016405,1.221021,0.799943,-0.066768,-0.088389,4.184763,0.000000,0.000000,1,0
1789801347.146535,2,14.948473,24.661919,0.021621,13.728000,24.702000,19.128000,24.452000,0.016405,1.221021,0.799943,-0.066768,-0.088389,4.184763,0.000000,0.000000,1,0
1789801347.246634,2,14.948473,24.661919,0.021621,13.728000,24.702000,19.128000,24.452000,0.016405,1.221021,0.799943,-0.066768,-0.088389,4.184763,0.000000,0.000000,1,0
1789801347.346458,2,14.948473,24.661919,0.021621,13.728000,24.702000,19.128000,24.452000,0.016405,1.221021,0.799943,-0.066768,-0.088389,4.184763,0.000000,0.000000,1,0
1789801347.446470,2,14.948473,24.661919,0.021621,13.728000,24.702000,19.128000,24.452000,0.016405,1.221021,0.799943,-0.066768,-0.088389,4.184763,0.000000,0.000000,1,0
1789801347.546426,2,14.948473,24.661919,0.021621,13.728000,24.702000,19.128000,24.452000,0.016405,1.221021,0.799943,-0.066768,-0.088389,4.184763,0.000000,0.000000,1,0
1789801347.646432,2,14.948473,24.661919,0.021621,13.728000,24.702000,19.128000,24.452000,0.016405,1.221021,0.799943,-0.066768,-0.088389,4.184763,0.000000,0.000000,1,0
1789801347.746417,2,14.948473,24.661919,0.021621,13.728000,24.702000,19.128000,24.452000,0.016405,1.221021,0.799943,-0.066768,-0.088389,4.184763,0.000000,0.000000,1,0
1789801347.846394,2,14.948473,24.661919,0.021621,13.728000,24.702000,19.128000,24.452000,0.016405,1.221021,0.799943,-0.066768,-0.088389,4.184763,0.000000,0.000000,1,0
1789801347.946370,2,14.948473,24.661919,0.021621,13.728000,24.702000,19.128000,24.452000,0.016405,1.221021,0.799943,-0.066768,-0.088389,4.184763,0.000000,0.000000,1,0
1789801348.046397,2,14.948473,24.661919,0.021621,13.728000,24.702000,19.128000,24.452000,0.016405,1.221021,0.799943,-0.066768,-0.088389,4.184763,0.000000,0.000000,1,0
1789801348.146377,2,14.948473,24.661919,0.021621,13.728000,24.702000,19.128000,24.452000,0.016405,1.221021,0.799943,-0.066768,-0.088389,4.184763,0.000000,0.000000,1,0
1789801348.246351,2,14.948473,24.661919,0.021621,13.728000,24.702000,19.128000,24.452000,0.016405,1.221021,0.799943,-0.066768,-0.088389,4.184763,0.000000,0.000000,1,0
1789801348.346360,2,14.948473,24.661919,0.021621,13.728000,24.702000,19.128000,24.452000,0.016405,1.221021,0.799943,-0.066768,-0.088389,4.184763,0.000000,0.000000,1,0
1789801348.446317,2,14.948473,24.661919,0.021621,13.728000,24.702000,19.128000,24.452000,0.016405,1.221021,0.799943,-0.066768,-0.088389,4.184763,0.000000,0.000000,1,0
1789801348.546305,2,14.948473,24.661919,0.021621,13.728000,24.702000,19.128000,24.452000,0.016405,1.221021,0.799943,-0.066768,-0.088389,4.184763,0.000000,0.000000,1,0
1789801348.646356,2,14.948473,24.661919,0.021621,13.728000,24.702000,19.128000,24.452000,0.016405,1.221021,0.799943,-0.066768,-0.088389,4.184763,0.000000,0.000000,1,0
1789801348.746306,2,14.948473,24.661919,0.021621,13.728000,24.702000,19.128000,24.452000,0.016405,1.221021,0.799943,-0.066768,-0.088389,4.184763,0.000000,0.000000,1,0
1789801348.846317,2,14.948473,24.661919,0.021621,13.728000,24.702000,19.128000,24.452000,0.016405,1.221021,0.799943,-0.066768,-0.088389,4.184763,0.000000,0.000000,1,0
1789801348.946301,2,14.948473,24.661919,0.021621,13.728000,24.702000,19.128000,24.452000,0.016405,1.221021,0.799943,-0.066768,-0.088389,4.184763,0.000000,0.000000,1,0
1789801349.046295,2,14.948473,24.661919,0.021621,13.728000,24.702000,19.128000,24.452000,0.016405,1.221021,0.799943,-0.066768,-0.088389,4.184763,0.000000,0.000000,1,0
1789801349.146293,2,14.948473,24.661919,0.021621,13.728000,24.702000,19.128000,24.452000,0.016405,1.221021,0.799943,-0.066768,-0.088389,4.184763,0.000000,0.000000,1,0
1789801349.246267,2,14.948473,24.661919,0.021621,13.728000,24.702000,19.128000,24.452000,0.016405,1.221021,0.799943,-0.066768,-0.088389,4.184763,0.000000,0.000000,1,0
1789801349.346246,2,14.948473,24.661919,0.021621,13.728000,24.702000,19.128000,24.452000,0.016405,1.221021,0.799943,-0.066768,-0.088389,4.184763,0.000000,0.000000,1,0
1789801349.446250,2,14.948473,24.661919,0.021621,13.728000,24.702000,19.128000,24.452000,0.016405,1.221021,0.799943,-0.066768,-0.088389,4.184763,0.000000,0.000000,1,0
1789801349.546373,2,14.948473,24.661919,0.021621,13.728000,24.702000,19.128000,24.452000,0.016405,1.221021,0.799943,-0.066768,-0.088389,4.184763,0.000000,0.000000,1,0
1789801349.646339,2,14.948473,24.661919,0.021621,13.728000,24.702000,19.128000,24.452000,0.016405,1.221021,0.799943,-0.066768,-0.088389,4.184763,0.000000,0.000000,1,0
1789801349.746218,2,14.948473,24.661919,0.021621,13.728000,24.702000,19.128000,24.452000,0.016405,1.221021,0.799943,-0.066768,-0.088389,4.184763,0.000000,0.000000,1,0
1789801349.846231,2,14.948473,24.661919,0.021621,13.728000,24.702000,19.128000,24.452000,0.016405,1.221021,0.799943,-0.066768,-0.088389,4.184763,0.000000,0.000000,1,0
1789801349.946216,2,14.948473,24.661919,0.021621,13.728000,24.702000,19.128000,24.452000,0.016405,1.221021,0.799943,-0.066768,-0.088389,4.184763,0.000000,0.000000,1,0
1789801350.046220,2,14.948473,24.661919,0.021621,13.728000,24.702000,19.128000,24.452000,0.016405,1.221021,0.799943,-0.066768,-0.088389,4.184763,0.000000,0.000000,1,0
1789801350.146193,2,14.948473,24.661919,0.021621,13.728000,24.702000,19.128000,24.452000,0.016405,1.221021,0.799943,-0.066768,-0.088389,4.184763,0.000000,0.000000,1,0
1789801350.246243,2,15.058590,24.671140,0.031662,13.728000,24.702000,19.128000,24.452000,0.030708,1.330594,0.799802,-0.084639,-0.116301,4.075190,0.000000,0.000000,1,0
1789801350.346223,2,15.058590,24.671140,0.031662,13.728000,24.702000,19.128000,24.452000,0.030708,1.330594,0.799802,-0.084639,-0.116301,4.075190,0.000000,0.000000,1,0
1789801350.446225,2,15.058590,24.671140,0.031662,13.728000,24.702000,19.128000,24.452000,0.030708,1.330594,0.799802,-0.084639,-0.116301,4.075190,0.000000,0.000000,1,0
1789801350.546232,2,15.058590,24.671140,0.031662,13.728000,24.702000,19.128000,24.452000,0.030708,1.330594,0.799802,-0.084639,-0.116301,4.075190,0.000000,0.000000,1,0
1789801350.646222,2,15.058590,24.671140,0.031662,13.728000,24.702000,19.128000,24.452000,0.030708,1.330594,0.799802,-0.084639,-0.116301,4.075190,0.000000,0.000000,1,0
1789801350.746204,2,15.058590,24.671140,0.031662,13.728000,24.702000,19.128000,24.452000,0.030708,1.330594,0.799802,-0.084639,-0.116301,4.075190,0.000000,0.000000,1,0
1789801350.846194,2,15.171469,24.677051,0.053098,13.728000,24.702000,19.128000,24.452000,0.041833,1.443079,0.799633,-0.098531,-0.151630,3.962705,0.380711,-0.082986,0,0
1789801350.946215,2,15.171469,24.677051,0.053098,13.728000,24.702000,19.128000,24.452000,0.041833,1.443079,0.799633,-0.098531,-0.151630,3.962705,0.380711,-0.091106,0,0
1789801351.046171,2,15.171469,24.677051,0.053098,13.728000,24.702000,19.128000,24.452000,0.041833,1.443079,0.799633,-0.098531,-0.151630,3.962705,0.380711,-0.095691,0,0
1789801351.146142,2,15.171469,24.677051,0.053098,13.728000,24.702000,19.128000,24.452000,0.041833,1.443079,0.799633,-0.098531,-0.151630,3.962705,0.380711,-0.097831,0,0
1789801351.246192,2,15.303467,24.686359,0.059394,13.728000,24.702000,19.128000,24.452000,0.057236,1.574505,0.799313,-0.117748,-0.177142,3.831279,0.352659,-0.108011,0,0
1789801351.346215,2,15.303467,24.686359,0.059394,13.728000,24.702000,19.128000,24.452000,0.057236,1.574505,0.799313,-0.117748,-0.177142,3.831279,0.352659,-0.113748,0,0
1789801351.446199,2,15.303467,24.686359,0.059394,13.728000,24.702000,19.128000,24.452000,0.057236,1.574505,0.799313,-0.117748,-0.177142,3.831279,0.352659,-0.116413,0,0
1789801351.546116,2,15.419364,24.695549,0.066834,13.728000,24.702000,19.128000,24.452000,0.071776,1.689852,0.798920,-0.135864,-0.202698,3.715932,0.326633,-0.126727,0,0
1789801351.646131,2,15.419364,24.695549,0.066834,13.728000,24.702000,19.128000,24.452000,0.071776,1.689852,0.798920,-0.135864,-0.202698,3.715932,0.326633,-0.132313,0,0
1789801351.746087,2,15.419364,24.695549,0.066834,13.728000,24.702000,19.128000,24.452000,0.071776,1.689852,0.798920,-0.135864,-0.202698,3.715932,0.326633,-0.134649,0,0
1789801351.846098,2,15.543793,24.706644,0.066883,13.728000,24.702000,19.128000,24.452000,0.088614,1.813636,0.798356,-0.156806,-0.223689,3.592148,0.306698,-0.142788,0,0
1789801351.946087,2,15.543793,24.706644,0.066883,13.728000,24.702000,19.128000,24.452000,0.088614,1.813636,0.798356,-0.156806,-0.223689,3.592148,0.306698,-0.146759,0,0
1789801352.046058,2,15.543793,24.706644,0.066883,13.728000,24.702000,19.128000,24.452000,0.088614,1.813636,0.798356,-0.156806,-0.223689,3.592148,0.306698,-0.147904,0,0
1789801352.146051,2,15.677858,24.712728,0.064681,13.728000,24.702000,19.128000,24.452000,0.100891,1.947276,0.797870,-0.172047,-0.236728,3.458508,0.300000,-0.152149,0,0
1789801352.247250,2,15.677858,24.712728,0.064681,13.728000,24.702000,19.128000,24.452000,0.100891,1.947276,0.797870,-0.172047,-0.236728,3.458508,0.300000,-0.153515,0,0
1789801352.345977,2,15.677858,24.712728,0.064681,13.728000,24.702000,19.128000,24.452000,0.100891,1.947276,0.797870,-0.172047,-0.236728,3.458508,0.300000,-0.152983,0,0
1789801352.445951,2,15.819283,24.728723,0.068378,13.728000,24.702000,19.128000,24.452000,0.123409,2.087810,0.796819,-0.199920,-0.268298,3.317974,0.300000,-0.163257,0,0
1789801352.545961,2,15.819283,24.728723,0.068378,13.728000,24.702000,19.128000,24.452000,0.123409,2.087810,0.796819,-0.199920,-0.268298,3.317974,0.300000,-0.168667,0,0
1789801352.645886,2,15.819283,24.728723,0.068378,13.728000,24.702000,19.128000,24.452000,0.123409,2.087810,0.796819,-0.199920,-0.268298,3.317974,0.300000,-0.170750,0,0
1789801352.746049,2,15.959885,24.734911,0.065142,13.728000,24.702000,19.128000,24.452000,0.136093,2.227975,0.796136,-0.215569,-0.280711,3.177809,0.300000,-0.175332,0,0
1789801352.845931,2,15.959885,24.734911,0.065142,13.728000,24.702000,19.128000,24.452000,0.136093,2.227975,0.796136,-0.215569,-0.280711,3.177809,0.300000,-0.176866,0,0
1789801352.945926,2,15.959885,24.734911,0.065142,13.728000,24.702000,19.128000,24.452000,0.136093,2.227975,0.796136,-0.215569,-0.280711,3.177809,0.300000,-0.176387,0,0
1789801353.045904,2,16.107818,24.748679,0.067916,13.728000,24.702000,19.128000,24.452000,0.156688,2.375113,0.794888,-0.240887,-0.308803,3.030671,0.300000,-0.185317,0,0
1789801353.145933,2,16.107818,24.748679,0.067916,13.728000,24.702000,19.128000,24.452000,0.156688,2.375113,0.794888,-0.240887,-0.308803,3.030671,0.300000,-0.189795,0,0
1789801353.245868,2,16.107818,24.748679,0.067916,13.728000,24.702000,19.128000,24.452000,0.156688,2.375113,0.794888,-0.240887,-0.308803,3.030671,0.300000,-0.191246,0,0
1789801353.345883,2,16.256017,24.760818,0.062998,13.728000,24.702000,19.128000,24.452000,0.175668,2.522592,0.793589,-0.264109,-0.327107,2.883192,0.300000,-0.197655,0,0
1789801353.445944,2,16.256017,24.760818,0.062998,13.728000,24.702000,19.128000,24.452000,0.175668,2.522592,0.793589,-0.264109,-0.327107,2.883192,0.300000,-0.200393,0,0
1789801353.545852,2,16.256017,24.760818,0.062998,13.728000,24.702000,19.128000,24.452000,0.175668,2.522592,0.793589,-0.264109,-0.327107,2.883192,0.300000,-0.200672,0,0
1789801353.645850,2,16.397611,24.773083,0.052722,13.728000,24.702000,19.128000,24.452000,0.194468,2.663467,0.792162,-0.286993,-0.339714,2.742317,0.300000,-0.204156,0,0
1789801353.745874,2,16.397611,24.773083,0.052722,13.728000,24.702000,19.128000,24.452000,0.194468,2.663467,0.792162,-0.286993,-0.339714,2.742317,0.300000,-0.205014,0,0
1789801353.845821,2,16.397611,24.773083,0.052722,13.728000,24.702000,19.128000,24.452000,0.194468,2.663467,0.792162,-0.286993,-0.339714,2.742317,0.300000,-0.204157,0,0
1789801353.945831,2,16.541971,24.774704,0.044855,13.728000,24.702000,19.128000,24.452000,0.202764,2.807598,0.791489,-0.297050,-0.341905,2.598186,0.300000,-0.203069,0,0
1789801354.045801,2,16.541971,24.774704,0.044855,13.728000,24.702000,19.128000,24.452000,0.202764,2.807598,0.791489,-0.297050,-0.341905,2.598186,0.300000,-0.201088,0,0
1789801354.145852,2,16.541971,24.774704,0.044855,13.728000,24.702000,19.128000,24.452000,0.202764,2.807598,0.791489,-0.297050,-0.341905,2.598186,0.300000,-0.198614,0,0
1789801354.245771,2,16.684978,24.780292,0.042226,13.728000,24.702000,19.128000,24.452000,0.214959,2.950193,0.790452,-0.311787,-0.354013,2.455591,0.300000,-0.200529,0,0
1789801354.345778,2,16.684978,24.780292,0.042226,13.728000,24.702000,19.128000,24.452000,0.214959,2.950193,0.790452,-0.311787,-0.354013,2.455591,0.300000,-0.200813,0,0
1789801354.446577,2,16.684978,24.780292,0.042226,13.728000,24.702000,19.128000,24.452000,0.214959,2.950193,0.790452,-0.311787,-0.354013,2.455591,0.300000,-0.200042,0,0
1789801354.546082,2,16.830902,24.786728,0.037681,13.728000,24.702000,19.128000,24.452000,0.228136,3.095663,0.789267,-0.327643,-0.365324,2.310121,0.300000,-0.202947,0,0
1789801354.645799,2,16.830902,24.786728,0.037681,13.728000,24.702000,19.128000,24.452000,0.228136,3.095663,0.789267,-0.327643,-0.365324,2.310121,0.300000,-0.203995,0,0
1789801354.745782,2,16.830902,24.786728,0.037681,13.728000,24.702000,19.128000,24.452000,0.228136,3.095663,0.789267,-0.327643,-0.365324,2.310121,0.300000,-0.203812,0,0
1789801354.845732,2,16.984452,24.799342,0.040902,13.728000,24.702000,19.128000,24.452000,0.247838,3.248466,0.787374,-0.351211,-0.392113,2.157318,0.300000,-0.213032,0,0
1789801354.945824,2,16.984452,24.799342,0.040902,13.728000,24.702000,19.128000,24.452000,0.247838,3.248466,0.787374,-0.351211,-0.392113,2.157318,0.300000,-0.218254,0,0
1789801355.045758,2,16.984452,24.799342,0.040902,13.728000,24.702000,19.128000,24.452000,0.247838,3.248466,0.787374,-0.351211,-0.392113,2.157318,0.300000,-0.220708,0,0
1789801355.145687,2,17.128515,24.804238,0.027393,13.728000,24.702000,19.128000,24.452000,0.259391,3.392148,0.786198,-0.364948,-0.392342,2.013636,0.300000,-0.221379,0,0
1789801355.245688,2,17.128515,24.804238,0.027393,13.728000,24.702000,19.128000,24.452000,0.259391,3.392148,0.786198,-0.364948,-0.392342,2.013636,0.300000,-0.220801,0,0
1789801355.345696,2,17.128515,24.804238,0.027393,13.728000,24.702000,19.128000,24.452000,0.259391,3.392148,0.786198,-0.364948,-0.392342,2.013636,0.300000,-0.219445,0,0
1789801355.445683,2,17.268386,24.809699,0.024024,13.728000,24.702000,19.128000,24.452000,0.271315,3.531617,0.784933,-0.379061,-0.403085,1.874167,0.300000,-0.221730,0,0
1789801355.545621,2,17.268386,24.809699,0.024024,13.728000,24.702000,19.128000,24.452000,0.271315,3.531617,0.784933,-0.379061,-0.403085,1.874167,0.300000,-0.222385,0,0
1789801355.645673,2,17.268386,24.809699,0.024024,13.728000,24.702000,19.128000,24.452000,0.271315,3.531617,0.784933,-0.379061,-0.403085,1.874167,0.300000,-0.221970,0,0
1789801355.745648,2,17.409853,24.819751,0.028938,13.728000,24.702000,19.128000,24.452000,0.287899,3.672468,0.783089,-0.398570,-0.427509,1.733316,0.300000,-0.230169,0,0
1789801355.845636,2,17.409853,24.819751,0.028938,13.728000,24.702000,19.128000,24.452000,0.287899,3.672468,0.783089,-0.398570,-0.427509,1.733316,0.300000,-0.234759,0,0
1789801355.945645,2,17.409853,24.819751,0.028938,13.728000,24.702000,19.128000,24.452000,0.287899,3.672468,0.783089,-0.398570,-0.427509,1.733316,0.300000,-0.236857,0,0
1789801356.045659,2,17.549541,24.829962,0.024534,13.728000,24.702000,19.128000,24.452000,0.304559,3.811534,0.781140,-0.418025,-0.442559,1.594250,0.300000,-0.242993,0,0
1789801356.145685,2,17.549541,24.829962,0.024534,13.728000,24.702000,19.128000,24.452000,0.304559,3.811534,0.781140,-0.418025,-0.442559,1.594250,0.300000,-0.246052,0,0
1789801356.245592,2,17.549541,24.829962,0.024534,13.728000,24.702000,19.128000,24.452000,0.304559,3.811534,0.781140,-0.418025,-0.442559,1.594250,0.300000,-0.247018,0,0
1789801356.345674,2,17.693025,24.838013,0.028915,13.728000,24.702000,19.128000,24.452000,0.319237,3.954493,0.779344,-0.435038,-0.463952,1.451291,0.300000,-0.254732,0,0
1789801356.445600,2,17.693025,24.838013,0.028915,13.728000,24.702000,19.128000,24.452000,0.319237,3.954493,0.779344,-0.435038,-0.463952,1.451291,0.300000,-0.258759,0,0
1789801356.545598,2,17.693025,24.838013,0.028915,13.728000,24.702000,19.128000,24.452000,0.319237,3.954493,0.779344,-0.435038,-0.463952,1.451291,0.300000,-0.260265,0,0
1789801356.645556,2,17.836053,24.846941,0.028421,13.728000,24.702000,19.128000,24.452000,0.334770,4.096955,0.777365,-0.452908,-0.481329,1.308829,0.300000,-0.266702,0,0
1789801356.745552,2,17.836053,24.846941,0.028421,13.728000,24.702000,19.128000,24.452000,0.334770,4.096955,0.777365,-0.452908,-0.481329,1.308829,0.300000,-0.269781,0,0
1789801356.845541,2,17.836053,24.846941,0.028421,13.728000,24.702000,19.128000,24.452000,0.334770,4.096955,0.777365,-0.452908,-0.481329,1.308829,0.300000,-0.270586,0,0
1789801356.945549,2,17.976379,24.851280,0.013692,13.728000,24.702000,19.128000,24.452000,0.345594,4.236930,0.775938,-0.465276,-0.478968,1.168854,0.300000,-0.269008,0,0
1789801357.045515,2,17.976379,24.851280,0.013692,13.728000,24.702000,19.128000,24.452000,0.345594,4.236930,0.775938,-0.465276,-0.478968,1.168854,0.300000,-0.266817,0,0
1789801357.145544,2,17.976379,24.851280,0.013692,13.728000,24.702000,19.128000,24.452000,0.345594,4.236930,0.775938,-0.465276,-0.478968,1.168854,0.300000,-0.264321,0,0
1789801357.245500,2,18.100835,24.842741,-0.122687,13.728000,24.702000,19.128000,24.452000,0.342820,4.361648,0.776308,-0.462113,-0.339426,1.044136,0.300000,-0.208701,0,0
1789801357.345495,2,18.100835,24.842741,-0.122687,13.728000,24.702000,19.128000,24.452000,0.342820,4.361648,0.776308,-0.462113,-0.339426,1.044136,0.300000,-0.171544,0,0
1789801357.445490,2,18.100835,24.842741,-0.122687,13.728000,24.702000,19.128000,24.452000,0.342820,4.361648,0.776308,-0.462113,-0.339426,1.044136,0.300000,-0.147691,0,0
1789801357.545519,2,18.198049,24.830901,-0.255913,13.728000,24.702000,19.128000,24.452000,0.335489,4.459305,0.777271,-0.453731,-0.197818,0.946479,0.331450,-0.079483,0,0
1789801357.645462,2,18.198049,24.830901,-0.255913,13.728000,24.702000,19.128000,24.452000,0.335489,4.459305,0.777271,-0.453731,-0.197818,0.946479,0.331450,-0.036607,0,0
1789801357.745444,2,18.198049,24.830901,-0.255913,13.728000,24.702000,19.128000,24.452000,0.335489,4.459305,0.777271,-0.453731,-0.197818,0.946479,0.331450,-0.011658,0,0
1789801357.845467,2,18.198049,24.830901,-0.255913,13.728000,24.702000,19.128000,24.452000,0.335489,4.459305,0.777271,-0.453731,-0.197818,0.946479,0.331450,0.000819,0,0
1789801357.945421,2,18.198049,24.830901,-0.255913,13.728000,24.702000,19.128000,24.452000,0.335489,4.459305,0.777271,-0.453731,-0.197818,0.946479,0.331450,0.004815,0,0
1789801358.045527,2,18.198049,24.830901,-0.255913,13.728000,24.702000,19.128000,24.452000,0.335489,4.459305,0.777271,-0.453731,-0.197818,0.946479,0.331450,0.003224,0,0
1789801358.145436,2,18.198049,24.830901,-0.255913,13.728000,24.702000,19.128000,24.452000,0.335489,4.459305,0.777271,-0.453731,-0.197818,0.946479,0.331450,-0.001880,0,0
1789801358.245447,2,18.198049,24.830901,-0.255913,13.728000,24.702000,19.128000,24.452000,0.335489,4.459305,0.777271,-0.453731,-0.197818,0.946479,0.331450,-0.009028,0,0
1789801358.345401,2,18.198049,24.830901,-0.255913,13.728000,24.702000,19.128000,24.452000,0.335489,4.459305,0.777271,-0.453731,-0.197818,0.946479,0.331450,-0.017197,0,0
1789801358.445396,2,18.198049,24.830901,-0.255913,13.728000,24.702000,19.128000,24.452000,0.335489,4.459305,0.777271,-0.453731,-0.197818,0.946479,0.331450,-0.025694,0,0
1789801358.545390,2,18.198049,24.830901,-0.255913,13.728000,24.702000,19.128000,24.452000,0.335489,4.459305,0.777271,-0.453731,-0.197818,0.946479,0.331450,-0.034061,0,0
1789801358.645415,2,18.198049,24.830901,-0.255913,13.728000,24.702000,19.128000,24.452000,0.335489,4.459305,0.777271,-0.453731,-0.197818,0.946479,0.331450,-0.042010,0,0
1789801358.745389,2,18.198049,24.830901,-0.255913,13.728000,24.702000,19.128000,24.452000,0.335489,4.459305,0.777271,-0.453731,-0.197818,0.946479,0.331450,-0.049373,0,0
1789801358.845393,2,18.198049,24.830901,-0.255913,13.728000,24.702000,19.128000,24.452000,0.335489,4.459305,0.777271,-0.453731,-0.197818,0.946479,0.331450,-0.056067,0,0
1789801358.945393,2,18.198049,24.830901,-0.255913,13.728000,24.702000,19.128000,24.452000,0.335489,4.459305,0.777271,-0.453731,-0.197818,0.946479,0.331450,-0.062064,0,0
1789801359.045398,2,18.198049,24.830901,-0.255913,13.728000,24.702000,19.128000,24.452000,0.335489,4.459305,0.777271,-0.453731,-0.197818,0.946479,0.331450,-0.067377,0,0
1789801359.145342,2,18.198049,24.830901,-0.255913,13.728000,24.702000,19.128000,24.452000,0.335489,4.459305,0.777271,-0.453731,-0.197818,0.946479,0.331450,-0.072038,0,0
1789801359.245434,2,18.198049,24.830901,-0.255913,13.728000,24.702000,19.128000,24.452000,0.335489,4.459305,0.777271,-0.453731,-0.197818,0.946479,0.331450,-0.076096,0,0
1789801359.345358,2,18.198049,24.830901,-0.255913,13.728000,24.702000,19.128000,24.452000,0.335489,4.459305,0.777271,-0.453731,-0.197818,0.946479,0.331450,-0.079605,0,0
1789801359.445315,2,18.198049,24.830901,-0.255913,13.728000,24.702000,19.128000,24.452000,0.335489,4.459305,0.777271,-0.453731,-0.197818,0.946479,0.331450,-0.082624,0,0
1789801359.545330,2,18.198049,24.830901,-0.255913,13.728000,24.702000,19.128000,24.452000,0.335489,4.459305,0.777271,-0.453731,-0.197818,0.946479,0.331450,-0.085207,0,0
1789801359.645268,2,18.198049,24.830901,-0.255913,13.728000,24.702000,19.128000,24.452000,0.335489,4.459305,0.777271,-0.453731,-0.197818,0.946479,0.331450,-0.087408,0,0
1789801359.745252,2,18.198049,24.830901,-0.255913,13.728000,24.702000,19.128000,24.452000,0.335489,4.459305,0.777271,-0.453731,-0.197818,0.946479,0.331450,-0.089277,0,0
1789801359.845273,2,18.198049,24.830901,-0.255913,13.728000,24.702000,19.128000,24.452000,0.335489,4.459305,0.777271,-0.453731,-0.197818,0.946479,0.331450,-0.090858,0,0
1789801359.945271,2,18.198049,24.830901,-0.255913,13.728000,24.702000,19.128000,24.452000,0.335489,4.459305,0.777271,-0.453731,-0.197818,0.946479,0.331450,-0.092192,0,0
1789801360.045267,2,18.198049,24.830901,-0.255913,13.728000,24.702000,19.128000,24.452000,0.335489,4.459305,0.777271,-0.453731,-0.197818,0.946479,0.331450,-0.093315,0,0
1789801360.145263,2,18.198049,24.830901,-0.255913,13.728000,24.702000,19.128000,24.452000,0.335489,4.459305,0.777271,-0.453731,-0.197818,0.946479,0.331450,-0.094257,0,0
1789801360.245233,2,18.198049,24.830901,-0.255913,13.728000,24.702000,19.128000,24.452000,0.335489,4.459305,0.777271,-0.453731,-0.197818,0.946479,0.331450,-0.095046,0,0
1789801360.345216,2,18.198049,24.830901,-0.255913,13.728000,24.702000,19.128000,24.452000,0.335489,4.459305,0.777271,-0.453731,-0.197818,0.946479,0.331450,-0.095705,0,0
1789801360.445215,2,18.198049,24.830901,-0.255913,13.728000,24.702000,19.128000,24.452000,0.335489,4.459305,0.777271,-0.453731,-0.197818,0.946479,0.331450,-0.096256,0,0
1789801360.545191,2,18.198049,24.830901,-0.255913,13.728000,24.702000,19.128000,24.452000,0.335489,4.459305,0.777271,-0.453731,-0.197818,0.946479,0.331450,-0.096714,0,0
1789801360.645272,2,18.198049,24.830901,-0.255913,13.728000,24.702000,19.128000,24.452000,0.335489,4.459305,0.777271,-0.453731,-0.197818,0.946479,0.331450,-0.097095,0,0
1789801360.745174,2,18.198049,24.830901,-0.255913,13.728000,24.702000,19.128000,24.452000,0.335489,4.459305,0.777271,-0.453731,-0.197818,0.946479,0.331450,-0.097411,0,0
1789801360.845290,2,18.198049,24.830901,-0.255913,13.728000,24.702000,19.128000,24.452000,0.335489,4.459305,0.777271,-0.453731,-0.197818,0.946479,0.331450,-0.097674,0,0
1789801360.945197,2,18.198049,24.830901,-0.255913,13.728000,24.702000,19.128000,24.452000,0.335489,4.459305,0.777271,-0.453731,-0.197818,0.946479,0.331450,-0.097891,0,0
1789801361.045143,2,18.198049,24.830901,-0.255913,13.728000,24.702000,19.128000,24.452000,0.335489,4.459305,0.777271,-0.453731,-0.197818,0.946479,0.331450,-0.098071,0,0
1789801361.145091,2,18.198049,24.830901,-0.255913,13.728000,24.702000,19.128000,24.452000,0.335489,4.459305,0.777271,-0.453731,-0.197818,0.946479,0.331450,-0.098220,0,0
1789801361.245078,2,18.198049,24.830901,-0.255913,13.728000,24.702000,19.128000,24.452000,0.335489,4.459305,0.777271,-0.453731,-0.197818,0.946479,0.331450,-0.098342,0,0
1789801361.345105,2,18.310598,24.795777,-0.351061,13.728000,24.702000,19.128000,24.452000,0.305607,4.573358,0.781014,-0.419242,-0.068181,0.832426,0.300000,-0.049189,0,0
1789801361.445066,2,18.310598,24.795777,-0.351061,13.728000,24.702000,19.128000,24.452000,0.305607,4.573358,0.781014,-0.419242,-0.068181,0.832426,0.300000,-0.017127,0,0
1789801361.545097,2,18.310598,24.795777,-0.351061,13.728000,24.702000,19.128000,24.452000,0.305607,4.573358,0.781014,-0.419242,-0.068181,0.832426,0.300000,0.002714,0,0
1789801361.645077,2,18.334512,24.783234,-0.510473,13.728000,24.702000,19.128000,24.452000,0.294183,4.597827,0.782365,-0.405926,0.104548,0.807957,0.438468,0.079588,0,0
1789801361.745056,2,18.334512,24.783234,-0.510473,13.728000,24.702000,19.128000,24.452000,0.294183,4.597827,0.782365,-0.405926,0.104548,0.807957,0.438468,0.127695,0,0
1789801361.845080,2,18.350705,24.766139,-0.625630,13.728000,24.702000,19.128000,24.452000,0.277856,4.614793,0.784218,-0.386772,0.238858,0.790991,0.300000,0.206508,0,0
1789801361.945078,2,18.350705,24.766139,-0.625630,13.728000,24.702000,19.128000,24.452000,0.277856,4.614793,0.784218,-0.386772,0.238858,0.790991,0.300000,0.253465,0,0
1789801362.045058,2,18.366509,24.748668,-0.770093,13.728000,24.702000,19.128000,24.452000,0.261134,4.631388,0.786016,-0.367015,0.403078,0.774396,0.300000,0.340575,0,0
1789801362.145101,2,18.366509,24.748668,-0.770093,13.728000,24.702000,19.128000,24.452000,0.261134,4.631388,0.786016,-0.367015,0.403078,0.774396,0.300000,0.390764,0,0
1789801362.245023,2,18.380404,24.727124,-0.938666,13.728000,24.702000,19.128000,24.452000,0.240256,4.646265,0.788120,-0.342161,0.596505,0.759519,0.300000,0.472611,0,0
1789801362.345042,2,18.380404,24.727124,-0.938666,13.728000,24.702000,19.128000,24.452000,0.240256,4.646265,0.788120,-0.342161,0.596505,0.759519,0.300000,0.531008,0,0
1789801362.445016,2,18.398982,24.690374,-1.128259,13.728000,24.702000,19.128000,24.452000,0.204404,4.666522,0.791353,-0.299035,0.829224,0.739262,0.180000,0.584806,0,0
1789801362.545080,2,18.398982,24.690374,-1.128259,13.728000,24.702000,19.128000,24.452000,0.204404,4.666522,0.791353,-0.299035,0.829224,0.739262,0.180000,0.627845,0,0
1789801362.645006,2,18.399139,24.657090,-1.310228,13.728000,24.702000,19.128000,24.452000,0.171163,4.668218,0.793910,-0.258608,1.051620,0.737566,0.180000,0.662276,0,0
1789801362.744989,2,18.399139,24.657090,-1.310228,13.728000,24.702000,19.128000,24.452000,0.171163,4.668218,0.793910,-0.258608,1.051620,0.737566,0.180000,0.689821,0,0
1789801362.844989,2,18.399162,24.608182,-1.493943,13.728000,24.702000,19.128000,24.452000,0.122308,4.670503,0.796875,-0.198560,1.295383,0.735281,0.180000,0.711857,0,0
1789801362.944987,2,18.399162,24.608182,-1.493943,13.728000,24.702000,19.128000,24.452000,0.122308,4.670503,0.796875,-0.198560,1.295383,0.735281,0.180000,0.729485,0,0
1789801363.044980,2,18.388178,24.561296,-1.698689,13.728000,24.702000,19.128000,24.452000,0.074964,4.661699,0.798822,-0.139833,1.558856,0.744085,0.180000,0.743588,0,0
1789801363.144950,2,18.388178,24.561296,-1.698689,13.728000,24.702000,19.128000,24.452000,0.074964,4.661699,0.798822,-0.139833,1.558856,0.744085,0.180000,0.754871,0,0
1789801363.244962,2,18.378703,24.521797,-1.816408,13.728000,24.702000,19.128000,24.452000,0.035069,4.654061,0.799742,-0.090086,1.726322,0.751723,0.180000,0.763896,0,0
1789801363.344991,2,18.378703,24.521797,-1.816408,13.728000,24.702000,19.128000,24.452000,0.035069,4.654061,0.799742,-0.090086,1.726322,0.751723,0.180000,0.771117,0,0
1789801363.444919,2,18.378703,24.521797,-1.816408,13.728000,24.702000,19.128000,24.452000,0.035069,4.654061,0.799742,-0.090086,1.726322,0.751723,0.180000,0.776894,0,0
1789801363.544896,2,18.378703,24.521797,-1.816408,13.728000,24.702000,19.128000,24.452000,0.035069,4.654061,0.799742,-0.090086,1.726322,0.751723,0.180000,0.781515,0,0
1789801363.644882,2,18.378703,24.521797,-1.816408,13.728000,24.702000,19.128000,24.452000,0.035069,4.654061,0.799742,-0.090086,1.726322,0.751723,0.180000,0.785212,0,0
1789801363.744879,2,18.378703,24.521797,-1.816408,13.728000,24.702000,19.128000,24.452000,0.035069,4.654061,0.799742,-0.090086,1.726322,0.751723,0.180000,0.788170,0,0
1789801363.844869,2,18.378703,24.521797,-1.816408,13.728000,24.702000,19.128000,24.452000,0.035069,4.654061,0.799742,-0.090086,1.726322,0.751723,0.180000,0.790536,0,0
1789801363.944850,2,18.378703,24.521797,-1.816408,13.728000,24.702000,19.128000,24.452000,0.035069,4.654061,0.799742,-0.090086,1.726322,0.751723,0.180000,0.792429,0,0
1789801364.044847,2,18.378703,24.521797,-1.816408,13.728000,24.702000,19.128000,24.452000,0.035069,4.654061,0.799742,-0.090086,1.726322,0.751723,0.180000,0.793943,0,0
1789801364.144818,2,18.378703,24.521797,-1.816408,13.728000,24.702000,19.128000,24.452000,0.035069,4.654061,0.799742,-0.090086,1.726322,0.751723,0.180000,0.795154,0,0
1789801364.244822,2,18.378703,24.521797,-1.816408,13.728000,24.702000,19.128000,24.452000,0.035069,4.654061,0.799742,-0.090086,1.726322,0.751723,0.180000,0.796123,0,0
1789801364.344803,2,18.378703,24.521797,-1.816408,13.728000,24.702000,19.128000,24.452000,0.035069,4.654061,0.799742,-0.090086,1.726322,0.751723,0.180000,0.796899,0,0
1789801364.444793,2,18.378703,24.521797,-1.816408,13.728000,24.702000,19.128000,24.452000,0.035069,4.654061,0.799742,-0.090086,1.726322,0.751723,0.180000,0.797519,0,0
1789801364.544776,2,18.378703,24.521797,-1.816408,13.728000,24.702000,19.128000,24.452000,0.035069,4.654061,0.799742,-0.090086,1.726322,0.751723,0.180000,0.798015,0,0
1789801364.644832,2,18.378703,24.521797,-1.816408,13.728000,24.702000,19.128000,24.452000,0.035069,4.654061,0.799742,-0.090086,1.726322,0.751723,0.180000,0.798412,0,0
1789801364.744801,2,18.378703,24.521797,-1.816408,13.728000,24.702000,19.128000,24.452000,0.035069,4.654061,0.799742,-0.090086,1.726322,0.751723,0.180000,0.798730,0,0
1789801364.845182,2,18.378703,24.521797,-1.816408,13.728000,24.702000,19.128000,24.452000,0.035069,4.654061,0.799742,-0.090086,1.726322,0.751723,0.180000,0.798984,0,0
1789801364.944751,2,18.378703,24.521797,-1.816408,13.728000,24.702000,19.128000,24.452000,0.035069,4.654061,0.799742,-0.090086,1.726322,0.751723,0.180000,0.799187,0,0
1789801365.044745,2,18.365337,24.437785,-1.697928,13.728000,24.702000,19.128000,24.452000,-0.049470,4.644594,0.799487,0.015536,1.713464,0.761190,0.180000,0.799350,0,0
1789801365.144744,2,18.365337,24.437785,-1.697928,13.728000,24.702000,19.128000,24.452000,-0.049470,4.644594,0.799487,0.015536,1.713464,0.761190,0.180000,0.799480,0,0
1789801365.244582,2,18.365337,24.437785,-1.697928,13.728000,24.702000,19.128000,24.452000,-0.049470,4.644594,0.799487,0.015536,1.713464,0.761190,0.180000,0.799584,0,0
1789801365.344669,2,18.365337,24.437785,-1.697928,13.728000,24.702000,19.128000,24.452000,-0.049470,4.644594,0.799487,0.015536,1.713464,0.761190,0.180000,0.799667,0,0
1789801365.444654,2,18.365337,24.437785,-1.697928,13.728000,24.702000,19.128000,24.452000,-0.049470,4.644594,0.799487,0.015536,1.713464,0.761190,0.180000,0.799734,0,0
1789801365.544876,2,18.365337,24.437785,-1.697928,13.728000,24.702000,19.128000,24.452000,-0.049470,4.644594,0.799487,0.015536,1.713464,0.761190,0.180000,0.799787,0,0
1789801365.644636,2,18.365337,24.437785,-1.697928,13.728000,24.702000,19.128000,24.452000,-0.049470,4.644594,0.799487,0.015536,1.713464,0.761190,0.180000,0.799830,0,0
1789801365.744754,2,18.365337,24.437785,-1.697928,13.728000,24.702000,19.128000,24.452000,-0.049470,4.644594,0.799487,0.015536,1.713464,0.761190,0.180000,0.799864,0,0
1789801365.844873,2,18.365337,24.437785,-1.697928,13.728000,24.702000,19.128000,24.452000,-0.049470,4.644594,0.799487,0.015536,1.713464,0.761190,0.180000,0.799891,0,0
1789801365.944798,2,18.365337,24.437785,-1.697928,13.728000,24.702000,19.128000,24.452000,-0.049470,4.644594,0.799487,0.015536,1.713464,0.761190,0.180000,0.799913,0,0
1789801366.044633,2,18.365337,24.437785,-1.697928,13.728000,24.702000,19.128000,24.452000,-0.049470,4.644594,0.799487,0.015536,1.713464,0.761190,0.180000,0.799930,0,0
1789801366.144654,2,18.363005,24.412702,-1.594085,13.728000,24.702000,19.128000,24.452000,-0.074634,4.643425,0.798833,0.046895,1.640980,0.762359,0.180000,0.783693,0,0
1789801366.244631,2,18.363005,24.412702,-1.594085,13.728000,24.702000,19.128000,24.452000,-0.074634,4.643425,0.798833,0.046895,1.640980,0.762359,0.180000,0.774772,0,0
1789801366.344554,2,18.363005,24.412702,-1.594085,13.728000,24.702000,19.128000,24.452000,-0.074634,4.643425,0.798833,0.046895,1.640980,0.762359,0.180000,0.770892,0,0
1789801366.444584,2,18.363005,24.412702,-1.594085,13.728000,24.702000,19.128000,24.452000,-0.074634,4.643425,0.798833,0.046895,1.640980,0.762359,0.180000,0.770393,0,0
1789801366.544594,2,18.363005,24.412702,-1.594085,13.728000,24.702000,19.128000,24.452000,-0.074634,4.643425,0.798833,0.046895,1.640980,0.762359,0.180000,0.772077,0,0
1789801366.645279,2,18.363005,24.412702,-1.594085,13.728000,24.702000,19.128000,24.452000,-0.074634,4.643425,0.798833,0.046895,1.640980,0.762359,0.180000,0.775092,0,0
1789801366.744913,2,18.363005,24.412702,-1.594085,13.728000,24.702000,19.128000,24.452000,-0.074634,4.643425,0.798833,0.046895,1.640980,0.762359,0.180000,0.778837,0,0
1789801366.844645,2,18.363005,24.412702,-1.594085,13.728000,24.702000,19.128000,24.452000,-0.074634,4.643425,0.798833,0.046895,1.640980,0.762359,0.180000,0.782900,0,0
1789801366.944501,2,18.363005,24.412702,-1.594085,13.728000,24.702000,19.128000,24.452000,-0.074634,4.643425,0.798833,0.046895,1.640980,0.762359,0.180000,0.786320,0,0
1789801367.044658,2,18.363005,24.412702,-1.594085,13.728000,24.702000,19.128000,24.452000,-0.074634,4.643425,0.798833,0.046895,1.640980,0.762359,0.180000,0.789056,0,0
1789801367.144521,2,18.363005,24.412702,-1.594085,13.728000,24.702000,19.128000,24.452000,-0.074634,4.643425,0.798833,0.046895,1.640980,0.762359,0.180000,0.791245,0,0
1789801367.244438,2,18.363005,24.412702,-1.594085,13.728000,24.702000,19.128000,24.452000,-0.074634,4.643425,0.798833,0.046895,1.640980,0.762359,0.180000,0.792996,0,0
1789801367.344445,2,18.363005,24.412702,-1.594085,13.728000,24.702000,19.128000,24.452000,-0.074634,4.643425,0.798833,0.046895,1.640980,0.762359,0.180000,0.794397,0,0
1789801367.444715,2,18.363005,24.412702,-1.594085,13.728000,24.702000,19.128000,24.452000,-0.074634,4.643425,0.798833,0.046895,1.640980,0.762359,0.180000,0.795517,0,0
1789801367.544757,2,18.363005,24.412702,-1.594085,13.728000,24.702000,19.128000,24.452000,-0.074634,4.643425,0.798833,0.046895,1.640980,0.762359,0.180000,0.796414,0,0
1789801367.644463,2,18.363005,24.412702,-1.594085,13.728000,24.702000,19.128000,24.452000,-0.074634,4.643425,0.798833,0.046895,1.640980,0.762359,0.180000,0.797131,0,0
1789801367.744485,2,18.363005,24.412702,-1.594085,13.728000,24.702000,19.128000,24.452000,-0.074634,4.643425,0.798833,0.046895,1.640980,0.762359,0.180000,0.797705,0,0
1789801367.844456,2,18.363005,24.412702,-1.594085,13.728000,24.702000,19.128000,24.452000,-0.074634,4.643425,0.798833,0.046895,1.640980,0.762359,0.180000,0.798164,0,0
1789801367.944383,2,18.363005,24.412702,-1.594085,13.728000,24.702000,19.128000,24.452000,-0.074634,4.643425,0.798833,0.046895,1.640980,0.762359,0.180000,0.798531,0,0
1789801368.044399,2,18.363005,24.412702,-1.594085,13.728000,24.702000,19.128000,24.452000,-0.074634,4.643425,0.798833,0.046895,1.640980,0.762359,0.180000,0.798825,0,0
1789801368.144447,2,18.363005,24.412702,-1.594085,13.728000,24.702000,19.128000,24.452000,-0.074634,4.643425,0.798833,0.046895,1.640980,0.762359,0.180000,0.799060,0,0
1789801368.244528,2,18.363005,24.412702,-1.594085,13.728000,24.702000,19.128000,24.452000,-0.074634,4.643425,0.798833,0.046895,1.640980,0.762359,0.180000,0.799248,0,0
1789801368.344381,2,18.363005,24.412702,-1.594085,13.728000,24.702000,19.128000,24.452000,-0.074634,4.643425,0.798833,0.046895,1.640980,0.762359,0.000000,0.000000,1,0
1789801368.444441,2,18.363005,24.412702,-1.594085,13.728000,24.702000,19.128000,24.452000,-0.074634,4.643425,0.798833,0.046895,1.640980,0.762359,0.000000,0.000000,1,0
1789801368.544359,2,18.363005,24.412702,-1.594085,13.728000,24.702000,19.128000,24.452000,-0.074634,4.643425,0.798833,0.046895,1.640980,0.762359,0.180000,0.799615,0,0
1789801368.644413,2,18.363005,24.412702,-1.594085,13.728000,24.702000,19.128000,24.452000,-0.074634,4.643425,0.798833,0.046895,1.640980,0.762359,0.180000,0.799692,0,0
1789801368.744323,2,18.363005,24.412702,-1.594085,13.728000,24.702000,19.128000,24.452000,-0.074634,4.643425,0.798833,0.046895,1.640980,0.762359,0.180000,0.799754,0,0
1789801368.844381,2,18.363005,24.412702,-1.594085,13.728000,24.702000,19.128000,24.452000,-0.074634,4.643425,0.798833,0.046895,1.640980,0.762359,0.180000,0.799803,0,0
1789801368.944340,2,18.363005,24.412702,-1.594085,13.728000,24.702000,19.128000,24.452000,-0.074634,4.643425,0.798833,0.046895,1.640980,0.762359,0.180000,0.799842,0,0
1789801369.044337,2,18.363005,24.412702,-1.594085,13.728000,24.702000,19.128000,24.452000,-0.074634,4.643425,0.798833,0.046895,1.640980,0.762359,0.180000,0.799874,0,0
1789801369.144917,2,18.363005,24.412702,-1.594085,13.728000,24.702000,19.128000,24.452000,-0.074634,4.643425,0.798833,0.046895,1.640980,0.762359,0.180000,0.799899,0,0
1789801369.244345,2,18.363005,24.412702,-1.594085,13.728000,24.702000,19.128000,24.452000,-0.074634,4.643425,0.798833,0.046895,1.640980,0.762359,0.180000,0.799919,0,0
1789801369.344310,2,18.363005,24.412702,-1.594085,13.728000,24.702000,19.128000,24.452000,-0.074634,4.643425,0.798833,0.046895,1.640980,0.762359,0.180000,0.799935,0,0
1789801369.444342,2,18.363005,24.412702,-1.594085,13.728000,24.702000,19.128000,24.452000,-0.074634,4.643425,0.798833,0.046895,1.640980,0.762359,0.180000,0.799948,0,0
1789801369.544307,2,18.363005,24.412702,-1.594085,13.728000,24.702000,19.128000,24.452000,-0.074634,4.643425,0.798833,0.046895,1.640980,0.762359,0.180000,0.799959,0,0
1789801369.644272,2,18.363005,24.412702,-1.594085,13.728000,24.702000,19.128000,24.452000,-0.074634,4.643425,0.798833,0.046895,1.640980,0.762359,0.180000,0.799967,0,0
1789801369.744278,2,18.363005,24.412702,-1.594085,13.728000,24.702000,19.128000,24.452000,-0.074634,4.643425,0.798833,0.046895,1.640980,0.762359,0.180000,0.799974,0,0
1789801369.844333,2,18.363005,24.412702,-1.594085,13.728000,24.702000,19.128000,24.452000,-0.074634,4.643425,0.798833,0.046895,1.640980,0.762359,0.180000,0.799979,0,0
1789801369.945018,2,18.363005,24.412702,-1.594085,13.728000,24.702000,19.128000,24.452000,-0.074634,4.643425,0.798833,0.046895,1.640980,0.762359,0.180000,0.799983,0,0
1789801370.044235,2,18.363005,24.412702,-1.594085,13.728000,24.702000,19.128000,24.452000,-0.074634,4.643425,0.798833,0.046895,1.640980,0.762359,0.180000,0.799986,0,0
1789801370.144236,2,18.364161,24.301838,-1.531154,13.728000,24.702000,19.128000,24.452000,-0.185326,4.649707,0.792873,0.183354,1.714508,0.756077,0.180000,0.799989,0,0
1789801370.244196,2,18.364161,24.301838,-1.531154,13.728000,24.702000,19.128000,24.452000,-0.185326,4.649707,0.792873,0.183354,1.714508,0.756077,0.180000,0.799991,0,0
1789801370.344223,2,18.363156,24.270018,-1.427535,13.728000,24.702000,19.128000,24.452000,-0.217159,4.650174,0.790259,0.221912,1.649447,0.755610,0.180000,0.799898,0,0
1789801370.444219,2,18.363156,24.270018,-1.427535,13.728000,24.702000,19.128000,24.452000,-0.217159,4.650174,0.790259,0.221912,1.649447,0.755610,0.180000,0.799918,0,0
1789801370.544369,2,18.374847,24.227329,-1.312661,13.728000,24.702000,19.128000,24.452000,-0.259262,4.663827,0.786211,0.272268,1.584930,0.741957,0.180000,0.777167,0,0
1789801370.644189,2,18.374847,24.227329,-1.312661,13.728000,24.702000,19.128000,24.452000,-0.259262,4.663827,0.786211,0.272268,1.584930,0.741957,0.180000,0.763218,0,0
1789801370.744226,2,18.374847,24.227329,-1.312661,13.728000,24.702000,19.128000,24.452000,-0.259262,4.663827,0.786211,0.272268,1.584930,0.741957,0.180000,0.755461,0,0
1789801370.844172,2,18.395764,24.148900,-1.216260,13.728000,24.702000,19.128000,24.452000,-0.336639,4.688348,0.777121,0.362522,1.578781,0.717436,0.180000,0.749639,0,0
1789801370.944150,2,18.395764,24.148900,-1.216260,13.728000,24.702000,19.128000,24.452000,-0.336639,4.688348,0.777121,0.362522,1.578781,0.717436,0.180000,0.747503,0,0
1789801371.044180,2,18.395764,24.148900,-1.216260,13.728000,24.702000,19.128000,24.452000,-0.336639,4.688348,0.777121,0.362522,1.578781,0.717436,0.180000,0.747812,0,0
1789801371.144138,2,18.440883,24.024330,-1.197859,13.728000,24.702000,19.128000,24.452000,-0.458989,4.739180,0.758867,0.497704,1.695563,0.666604,0.180000,0.758250,0,0
1789801371.244126,2,18.440883,24.024330,-1.197859,13.728000,24.702000,19.128000,24.452000,-0.458989,4.739180,0.758867,0.497704,1.695563,0.666604,0.180000,0.766600,0,0
1789801371.344148,2,18.440883,24.024330,-1.197859,13.728000,24.702000,19.128000,24.452000,-0.458989,4.739180,0.758867,0.497704,1.695563,0.666604,0.180000,0.773280,0,0
1789801371.444104,2,18.490666,23.891921,-1.200031,13.728000,24.702000,19.128000,24.452000,-0.588954,4.795034,0.735327,0.629052,1.829083,0.610750,0.180000,0.778624,0,0
1789801371.544342,2,18.490666,23.891921,-1.200031,13.728000,24.702000,19.128000,24.452000,-0.588954,4.795034,0.735327,0.629052,1.829083,0.610750,0.180000,0.782899,0,0
1789801371.643987,2,18.490666,23.891921,-1.200031,13.728000,24.702000,19.128000,24.452000,-0.588954,4.795034,0.735327,0.629052,1.829083,0.610750,0.180000,0.786319,0,0
1789801371.744072,2,18.538890,23.758409,-1.201911,13.728000,24.702000,19.128000,24.452000,-0.720094,4.849380,0.708681,0.747122,1.949034,0.556404,0.180000,0.789055,0,0
1789801371.844091,2,18.538890,23.758409,-1.201911,13.728000,24.702000,19.128000,24.452000,-0.720094,4.849380,0.708681,0.747122,1.949034,0.556404,0.180000,0.791244,0,0
1789801371.944032,2,18.538890,23.758409,-1.201911,13.728000,24.702000,19.128000,24.452000,-0.720094,4.849380,0.708681,0.747122,1.949034,0.556404,0.180000,0.792995,0,0
1789801372.044222,3,18.592322,23.629996,-1.203949,13.728000,24.702000,19.128000,24.452000,-0.845898,4.908694,0.681799,0.846140,2.050089,0.497090,0.180000,0.794396,0,0
1789801372.144048,3,18.592322,23.629996,-1.203949,19.128000,24.452000,19.128000,20.452000,-0.535678,0.822004,0.745407,-0.947670,0.256279,3.177996,0.300000,0.475517,0,0
1789801372.244038,3,18.592322,23.629996,-1.203949,19.128000,24.452000,19.128000,20.452000,-0.535678,0.822004,0.745407,-0.947670,0.256279,3.177996,0.300000,0.220414,0,0
1789801372.344115,3,18.634105,23.500175,-1.207445,19.128000,24.452000,19.128000,20.452000,-0.493895,0.951825,0.752909,-0.990227,0.217218,3.048175,0.312709,0.016331,0,0
1789801372.444007,3,18.634105,23.500175,-1.207445,19.128000,24.452000,19.128000,20.452000,-0.493895,0.951825,0.752909,-0.990227,0.217218,3.048175,0.312709,-0.146935,0,0
1789801372.545033,3,18.634105,23.500175,-1.207445,19.128000,24.452000,19.128000,20.452000,-0.493895,0.951825,0.752909,-0.990227,0.217218,3.048175,0.312709,-0.277548,0,0
1789801372.644014,3,18.686998,23.363035,-1.211047,19.128000,24.452000,19.128000,20.452000,-0.441002,1.088965,0.761817,-1.046050,0.164997,2.911035,0.365746,-0.375074,0,0
1789801372.743999,3,18.686998,23.363035,-1.211047,19.128000,24.452000,19.128000,20.452000,-0.441002,1.088965,0.761817,-1.046050,0.164997,2.911035,0.365746,-0.419187,0,0
1789801372.843933,3,18.729475,23.222735,-1.211834,19.128000,24.452000,19.128000,20.452000,-0.398525,1.229265,0.768435,-1.092364,0.119470,2.770735,0.419272,-0.444659,0,0
1789801372.944002,3,18.729475,23.222735,-1.211834,19.128000,24.452000,19.128000,20.452000,-0.398525,1.229265,0.768435,-1.092364,0.119470,2.770735,0.419272,-0.440786,0,0
1789801373.044006,3,18.729475,23.222735,-1.211834,19.128000,24.452000,19.128000,20.452000,-0.398525,1.229265,0.768435,-1.092364,0.119470,2.770735,0.419272,-0.418286,0,0
1789801373.143900,3,18.769387,23.078623,-1.224378,19.128000,24.452000,19.128000,20.452000,-0.358613,1.373377,0.774173,-1.137002,0.087375,2.626623,0.393993,-0.396967,0,0
1789801373.243951,3,18.769387,23.078623,-1.224378,19.128000,24.452000,19.128000,20.452000,-0.358613,1.373377,0.774173,-1.137002,0.087375,2.626623,0.393993,-0.365697,0,0
1789801373.343923,3,18.769387,23.078623,-1.224378,19.128000,24.452000,19.128000,20.452000,-0.358613,1.373377,0.774173,-1.137002,0.087375,2.626623,0.393993,-0.329308,0,0
1789801373.443885,3,18.805753,22.937396,-1.237664,19.128000,24.452000,19.128000,20.452000,-0.322247,1.514604,0.778967,-1.178548,0.059116,2.485396,0.372809,-0.301840,0,0
1789801373.543947,3,18.805753,22.937396,-1.237664,19.128000,24.452000,19.128000,20.452000,-0.322247,1.514604,0.778967,-1.178548,0.059116,2.485396,0.372809,-0.271005,0,0
1789801373.644291,3,18.805753,22.937396,-1.237664,19.128000,24.452000,19.128000,20.452000,-0.322247,1.514604,0.778967,-1.178548,0.059116,2.485396,0.372809,-0.239248,0,0
1789801373.745717,3,18.805753,22.937396,-1.237664,19.128000,24.452000,19.128000,20.452000,-0.322247,1.514604,0.778967,-1.178548,0.059116,2.485396,0.372809,-0.208171,0,0
1789801373.843897,3,18.829920,22.792595,-1.269128,19.128000,24.452000,19.128000,20.452000,-0.298080,1.659405,0.781910,-1.206583,0.062544,2.340595,0.351089,-0.177452,0,0
1789801373.943894,3,18.829920,22.792595,-1.269128,19.128000,24.452000,19.128000,20.452000,-0.298080,1.659405,0.781910,-1.206583,0.062544,2.340595,0.351089,-0.149443,0,0
1789801374.045181,3,18.829920,22.792595,-1.269128,19.128000,24.452000,19.128000,20.452000,-0.298080,1.659405,0.781910,-1.206583,0.062544,2.340595,0.351089,-0.124289,0,0
1789801374.143866,3,18.840380,22.646605,-1.298360,19.128000,24.452000,19.128000,20.452000,-0.287620,1.805395,0.783121,-1.218816,0.079544,2.194605,0.329191,-0.095444,0,0
1789801374.243843,3,18.840380,22.646605,-1.298360,19.128000,24.452000,19.128000,20.452000,-0.287620,1.805395,0.783121,-1.218816,0.079544,2.194605,0.329191,-0.071575,0,0
1789801374.343841,3,18.840380,22.646605,-1.298360,19.128000,24.452000,19.128000,20.452000,-0.287620,1.805395,0.783121,-1.218816,0.079544,2.194605,0.329191,-0.051845,0,0
1789801374.443831,3,18.835940,22.508182,-1.329946,19.128000,24.452000,19.128000,20.452000,-0.292060,1.943818,0.782611,-1.213616,0.116330,2.056182,0.423240,-0.021572,0,0
1789801374.544188,3,18.835940,22.508182,-1.329946,19.128000,24.452000,19.128000,20.452000,-0.292060,1.943818,0.782611,-1.213616,0.116330,2.056182,0.423240,0.000992,0,0
1789801374.644234,3,18.815187,22.360275,-1.369830,19.128000,24.452000,19.128000,20.452000,-0.312813,2.091725,0.780139,-1.189453,0.180377,1.908275,0.349254,0.042049,0,0
1789801374.743851,3,18.815187,22.360275,-1.369830,19.128000,24.452000,19.128000,20.452000,-0.312813,2.091725,0.780139,-1.189453,0.180377,1.908275,0.349254,0.070251,0,0
1789801374.843775,3,18.815187,22.360275,-1.369830,19.128000,24.452000,19.128000,20.452000,-0.312813,2.091725,0.780139,-1.189453,0.180377,1.908275,0.349254,0.089098,0,0
1789801374.943801,3,18.815187,22.360275,-1.369830,19.128000,24.452000,19.128000,20.452000,-0.312813,2.091725,0.780139,-1.189453,0.180377,1.908275,0.349254,0.101204,0,0
1789801375.043757,3,18.804271,22.213984,-1.407807,19.128000,24.452000,19.128000,20.452000,-0.323729,2.238016,0.778780,-1.176840,0.230967,1.761984,0.300074,0.127738,0,0
1789801375.143772,3,18.804271,22.213984,-1.407807,19.128000,24.452000,19.128000,20.452000,-0.323729,2.238016,0.778780,-1.176840,0.230967,1.761984,0.300074,0.144230,0,0
1789801375.243794,3,18.804271,22.213984,-1.407807,19.128000,24.452000,19.128000,20.452000,-0.323729,2.238016,0.778780,-1.176840,0.230967,1.761984,0.300074,0.153635,0,0
1789801375.343801,3,18.777853,22.071336,-1.443843,19.128000,24.452000,19.128000,20.452000,-0.350147,2.380664,0.775327,-1.146602,0.297240,1.619336,0.300000,0.183310,0,0
1789801375.443730,3,18.777853,22.071336,-1.443843,19.128000,24.452000,19.128000,20.452000,-0.350147,2.380664,0.775327,-1.146602,0.297240,1.619336,0.300000,0.200915,0,0
1789801375.544010,3,18.777853,22.071336,-1.443843,19.128000,24.452000,19.128000,20.452000,-0.350147,2.380664,0.775327,-1.146602,0.297240,1.619336,0.300000,0.210090,0,0
1789801375.643717,3,18.770680,21.932041,-1.453300,19.128000,24.452000,19.128000,20.452000,-0.357320,2.519959,0.774351,-1.138466,0.314834,1.480041,0.300000,0.220204,0,0
1789801375.743771,3,18.770680,21.932041,-1.453300,19.128000,24.452000,19.128000,20.452000,-0.357320,2.519959,0.774351,-1.138466,0.314834,1.480041,0.300000,0.224165,0,0
1789801375.843688,3,18.770680,21.932041,-1.453300,19.128000,24.452000,19.128000,20.452000,-0.357320,2.519959,0.774351,-1.138466,0.314834,1.480041,0.300000,0.224030,0,0
1789801375.943723,3,18.760461,21.786957,-1.467075,19.128000,24.452000,19.128000,20.452000,-0.367539,2.665043,0.772932,-1.126929,0.340145,1.334957,0.300000,0.230895,0,0
1789801376.043669,3,18.760461,21.786957,-1.467075,19.128000,24.452000,19.128000,20.452000,-0.367539,2.665043,0.772932,-1.126929,0.340145,1.334957,0.300000,0.232856,0,0
1789801376.143685,3,18.762160,21.644229,-1.470013,19.128000,24.452000,19.128000,20.452000,-0.365840,2.807771,0.773170,-1.128843,0.341170,1.192229,0.300000,0.231989,0,0
1789801376.243652,3,18.762160,21.644229,-1.470013,19.128000,24.452000,19.128000,20.452000,-0.365840,2.807771,0.773170,-1.128843,0.341170,1.192229,0.300000,0.228978,0,0
1789801376.343659,3,18.762160,21.644229,-1.470013,19.128000,24.452000,19.128000,20.452000,-0.365840,2.807771,0.773170,-1.128843,0.341170,1.192229,0.300000,0.224715,0,0
1789801376.443646,3,18.780683,21.507047,-1.437088,19.128000,24.452000,19.128000,20.452000,-0.347317,2.944953,0.775708,-1.149822,0.287266,1.055047,0.300000,0.199339,0,0
1789801376.543641,3,18.780683,21.507047,-1.437088,19.128000,24.452000,19.128000,20.452000,-0.347317,2.944953,0.775708,-1.149822,0.287266,1.055047,0.300000,0.180870,0,0
1789801376.644217,3,18.780683,21.507047,-1.437088,19.128000,24.452000,19.128000,20.452000,-0.347317,2.944953,0.775708,-1.149822,0.287266,1.055047,0.300000,0.167560,0,0
1789801376.743617,3,18.780683,21.507047,-1.437088,19.128000,24.452000,19.128000,20.452000,-0.347317,2.944953,0.775708,-1.149822,0.287266,1.055047,0.300000,0.158085,0,0
1789801376.843882,3,18.793027,21.371663,-1.397978,19.128000,24.452000,19.128000,20.452000,-0.334973,3.080337,0.777338,-1.163919,0.234058,0.919663,0.300000,0.131222,0,0
1789801376.943605,3,18.793027,21.371663,-1.397978,19.128000,24.452000,19.128000,20.452000,-0.334973,3.080337,0.777338,-1.163919,0.234058,0.919663,0.300000,0.113462,0,0
1789801377.043566,3,18.851165,21.255850,-1.281120,19.128000,24.452000,19.128000,20.452000,-0.276835,3.196150,0.784330,-1.231490,0.049630,0.803850,0.300000,0.032141,0,0
1789801377.143559,3,18.851165,21.255850,-1.281120,19.128000,24.452000,19.128000,20.452000,-0.276835,3.196150,0.784330,-1.231490,0.049630,0.803850,0.300000,-0.020198,0,0
1789801377.243566,3,18.851165,21.255850,-1.281120,19.128000,24.452000,19.128000,20.452000,-0.276835,3.196150,0.784330,-1.231490,0.049630,0.803850,0.300000,-0.051894,0,0
1789801377.343552,3,18.918049,21.163200,-1.128636,19.128000,24.452000,19.128000,20.452000,-0.209951,3.288800,0.790885,-1.311318,-0.182682,0.711200,0.346847,-0.157406,0,0
1789801377.443598,3,18.918049,21.163200,-1.128636,19.128000,24.452000,19.128000,20.452000,-0.209951,3.288800,0.790885,-1.311318,-0.182682,0.711200,0.346847,-0.222290,0,0
1789801377.543571,3,18.969952,21.104173,-1.007643,19.128000,24.452000,19.128000,20.452000,-0.158048,3.347827,0.794800,-1.374505,-0.366862,0.652173,0.300000,-0.328584,0,0
1789801377.643512,3,18.969952,21.104173,-1.007643,19.128000,24.452000,19.128000,20.452000,-0.158048,3.347827,0.794800,-1.374505,-0.366862,0.652173,0.300000,-0.390805,0,0
1789801377.743514,3,19.017386,21.064146,-0.848535,19.128000,24.452000,19.128000,20.452000,-0.110614,3.387854,0.797442,-1.432965,-0.584430,0.612146,0.300000,-0.472644,0,0
1789801377.843511,3,19.017386,21.064146,-0.848535,19.128000,24.452000,19.128000,20.452000,-0.110614,3.387854,0.797442,-1.432965,-0.584430,0.612146,0.300000,-0.538115,0,0
1789801377.943487,3,19.084628,21.032838,-0.650561,19.128000,24.452000,19.128000,20.452000,-0.043372,3.419162,0.799605,-1.516608,-0.866047,0.580838,0.180000,-0.590492,0,0
1789801378.043447,3,19.084628,21.032838,-0.650561,19.128000,24.452000,19.128000,20.452000,-0.043372,3.419162,0.799605,-1.516608,-0.866047,0.580838,0.180000,-0.632394,0,0
1789801378.143457,3,19.148883,21.013348,-0.460355,19.128000,24.452000,19.128000,20.452000,0.020883,3.438652,0.799908,-1.596897,-1.136542,0.561348,0.180000,-0.665915,0,0
1789801378.243504,3,19.148883,21.013348,-0.460355,19.128000,24.452000,19.128000,20.452000,0.020883,3.438652,0.799908,-1.596897,-1.136542,0.561348,0.180000,-0.692732,0,0
1789801378.343494,3,19.212360,21.001706,-0.293365,19.128000,24.452000,19.128000,20.452000,0.084360,3.450294,0.798509,-1.676053,-1.382687,0.549706,0.180000,-0.714186,0,0
1789801378.443451,3,19.212360,21.001706,-0.293365,19.128000,24.452000,19.128000,20.452000,0.084360,3.450294,0.798509,-1.676053,-1.382687,0.549706,0.180000,-0.731349,0,0
1789801378.543434,3,19.251050,20.998735,-0.162145,19.128000,24.452000,19.128000,20.452000,0.123050,3.453265,0.796837,-1.724009,-1.561864,0.546735,0.180000,-0.745079,0,0
1789801378.643430,3,19.251050,20.998735,-0.162145,19.128000,24.452000,19.128000,20.452000,0.123050,3.453265,0.796837,-1.724009,-1.561864,0.546735,0.180000,-0.756063,0,0
1789801378.743414,3,19.251050,20.998735,-0.162145,19.128000,24.452000,19.128000,20.452000,0.123050,3.453265,0.796837,-1.724009,-1.561864,0.546735,0.180000,-0.764850,0,0
1789801378.843611,3,19.251050,20.998735,-0.162145,19.128000,24.452000,19.128000,20.452000,0.123050,3.453265,0.796837,-1.724009,-1.561864,0.546735,0.180000,-0.771880,0,0
1789801378.943403,3,19.251050,20.998735,-0.162145,19.128000,24.452000,19.128000,20.452000,0.123050,3.453265,0.796837,-1.724009,-1.561864,0.546735,0.180000,-0.777504,0,0
1789801379.043415,3,19.251050,20.998735,-0.162145,19.128000,24.452000,19.128000,20.452000,0.123050,3.453265,0.796837,-1.724009,-1.561864,0.546735,0.180000,-0.782003,0,0
1789801379.143380,3,19.251050,20.998735,-0.162145,19.128000,24.452000,19.128000,20.452000,0.123050,3.453265,0.796837,-1.724009,-1.561864,0.546735,0.180000,-0.785603,0,0
1789801379.243353,3,19.251050,20.998735,-0.162145,19.128000,24.452000,19.128000,20.452000,0.123050,3.453265,0.796837,-1.724009,-1.561864,0.546735,0.180000,-0.788482,0,0
1789801379.343372,3,19.251050,20.998735,-0.162145,19.128000,24.452000,19.128000,20.452000,0.123050,3.453265,0.796837,-1.724009,-1.561864,0.546735,0.180000,-0.790786,0,0
1789801379.443330,3,19.251050,20.998735,-0.162145,19.128000,24.452000,19.128000,20.452000,0.123050,3.453265,0.796837,-1.724009,-1.561864,0.546735,0.180000,-0.792629,0,0
1789801379.543350,3,19.251050,20.998735,-0.162145,19.128000,24.452000,19.128000,20.452000,0.123050,3.453265,0.796837,-1.724009,-1.561864,0.546735,0.180000,-0.794103,0,0
1789801379.643345,3,19.251050,20.998735,-0.162145,19.128000,24.452000,19.128000,20.452000,0.123050,3.453265,0.796837,-1.724009,-1.561864,0.546735,0.180000,-0.795282,0,0
1789801379.743369,3,19.251050,20.998735,-0.162145,19.128000,24.452000,19.128000,20.452000,0.123050,3.453265,0.796837,-1.724009,-1.561864,0.546735,0.180000,-0.796226,0,0
1789801379.843480,3,19.251050,20.998735,-0.162145,19.128000,24.452000,19.128000,20.452000,0.123050,3.453265,0.796837,-1.724009,-1.561864,0.546735,0.180000,-0.796981,0,0
1789801379.943337,3,19.251050,20.998735,-0.162145,19.128000,24.452000,19.128000,20.452000,0.123050,3.453265,0.796837,-1.724009,-1.561864,0.546735,0.180000,-0.797585,0,0
1789801380.043304,3,19.251050,20.998735,-0.162145,19.128000,24.452000,19.128000,20.452000,0.123050,3.453265,0.796837,-1.724009,-1.561864,0.546735,0.180000,-0.798068,0,0
1789801380.143322,3,19.251050,20.998735,-0.162145,19.128000,24.452000,19.128000,20.452000,0.123050,3.453265,0.796837,-1.724009,-1.561864,0.546735,0.180000,-0.798454,0,0
1789801380.244358,3,19.251050,20.998735,-0.162145,19.128000,24.452000,19.128000,20.452000,0.123050,3.453265,0.796837,-1.724009,-1.561864,0.546735,0.180000,-0.798743,0,0
1789801380.343322,3,19.251050,20.998735,-0.162145,19.128000,24.452000,19.128000,20.452000,0.123050,3.453265,0.796837,-1.724009,-1.561864,0.546735,0.180000,-0.798215,0,0
1789801380.443242,3,19.251050,20.998735,-0.162145,19.128000,24.452000,19.128000,20.452000,0.123050,3.453265,0.796837,-1.724009,-1.561864,0.546735,0.180000,-0.797186,0,0
1789801380.543272,3,19.251050,20.998735,-0.162145,19.128000,24.452000,19.128000,20.452000,0.123050,3.453265,0.796837,-1.724009,-1.561864,0.546735,0.180000,-0.795877,0,0
1789801380.643248,3,19.251050,20.998735,-0.162145,19.128000,24.452000,19.128000,20.452000,0.123050,3.453265,0.796837,-1.724009,-1.561864,0.546735,0.180000,-0.794442,0,0
1789801380.743285,3,19.251050,20.998735,-0.162145,19.128000,24.452000,19.128000,20.452000,0.123050,3.453265,0.796837,-1.724009,-1.561864,0.546735,0.180000,-0.792983,0,0
1789801380.843223,3,19.251050,20.998735,-0.162145,19.128000,24.452000,19.128000,20.452000,0.123050,3.453265,0.796837,-1.724009,-1.561864,0.546735,0.180000,-0.791567,0,0
1789801380.943226,3,19.251050,20.998735,-0.162145,19.128000,24.452000,19.128000,20.452000,0.123050,3.453265,0.796837,-1.724009,-1.561864,0.546735,0.180000,-0.790235,0,0
1789801381.043229,3,19.251050,20.998735,-0.162145,19.128000,24.452000,19.128000,20.452000,0.123050,3.453265,0.796837,-1.724009,-1.561864,0.546735,0.180000,-0.789011,0,0
1789801381.145304,3,19.251050,20.998735,-0.162145,19.128000,24.452000,19.128000,20.452000,0.123050,3.453265,0.796837,-1.724009,-1.561864,0.546735,0.180000,-0.787904,0,0
1789801381.243200,3,19.301245,20.996112,-0.050788,19.128000,24.452000,19.128000,20.452000,0.173245,3.455888,0.793763,-1.785684,-1.734896,0.544112,0.180000,-0.790324,0,0
1789801381.343168,3,19.301245,20.996112,-0.050788,19.128000,24.452000,19.128000,20.452000,0.173245,3.455888,0.793763,-1.785684,-1.734896,0.544112,0.180000,-0.792259,0,0
1789801381.443178,3,19.301245,20.996112,-0.050788,19.128000,24.452000,19.128000,20.452000,0.173245,3.455888,0.793763,-1.785684,-1.734896,0.544112,0.180000,-0.793807,0,0
1789801381.543184,3,19.301245,20.996112,-0.050788,19.128000,24.452000,19.128000,20.452000,0.173245,3.455888,0.793763,-1.785684,-1.734896,0.544112,0.180000,-0.795046,0,0
1789801381.643163,3,19.301245,20.996112,-0.050788,19.128000,24.452000,19.128000,20.452000,0.173245,3.455888,0.793763,-1.785684,-1.734896,0.544112,0.180000,-0.796037,0,0
1789801381.743140,3,19.301245,20.996112,-0.050788,19.128000,24.452000,19.128000,20.452000,0.173245,3.455888,0.793763,-1.785684,-1.734896,0.544112,0.180000,-0.796829,0,0
1789801381.843159,3,19.301245,20.996112,-0.050788,19.128000,24.452000,19.128000,20.452000,0.173245,3.455888,0.793763,-1.785684,-1.734896,0.544112,0.180000,-0.797463,0,0
1789801381.943131,3,19.301245,20.996112,-0.050788,19.128000,24.452000,19.128000,20.452000,0.173245,3.455888,0.793763,-1.785684,-1.734896,0.544112,0.180000,-0.797971,0,0
1789801382.043096,3,19.301245,20.996112,-0.050788,19.128000,24.452000,19.128000,20.452000,0.173245,3.455888,0.793763,-1.785684,-1.734896,0.544112,0.180000,-0.798377,0,0
1789801382.143107,3,19.301245,20.996112,-0.050788,19.128000,24.452000,19.128000,20.452000,0.173245,3.455888,0.793763,-1.785684,-1.734896,0.544112,0.180000,-0.798701,0,0
1789801382.243106,3,19.301245,20.996112,-0.050788,19.128000,24.452000,19.128000,20.452000,0.173245,3.455888,0.793763,-1.785684,-1.734896,0.544112,0.180000,-0.798961,0,0
1789801382.343067,3,19.301245,20.996112,-0.050788,19.128000,24.452000,19.128000,20.452000,0.173245,3.455888,0.793763,-1.785684,-1.734896,0.544112,0.180000,-0.799169,0,0
1789801382.443057,3,19.301245,20.996112,-0.050788,19.128000,24.452000,19.128000,20.452000,0.173245,3.455888,0.793763,-1.785684,-1.734896,0.544112,0.180000,-0.799335,0,0
1789801382.543057,3,19.301245,20.996112,-0.050788,19.128000,24.452000,19.128000,20.452000,0.173245,3.455888,0.793763,-1.785684,-1.734896,0.544112,0.180000,-0.799468,0,0
1789801382.643075,3,19.301245,20.996112,-0.050788,19.128000,24.452000,19.128000,20.452000,0.173245,3.455888,0.793763,-1.785684,-1.734896,0.544112,0.180000,-0.799574,0,0
1789801382.743038,3,19.301245,20.996112,-0.050788,19.128000,24.452000,19.128000,20.452000,0.173245,3.455888,0.793763,-1.785684,-1.734896,0.544112,0.180000,-0.799660,0,0
1789801382.843021,3,19.301245,20.996112,-0.050788,19.128000,24.452000,19.128000,20.452000,0.173245,3.455888,0.793763,-1.785684,-1.734896,0.544112,0.180000,-0.799728,0,0
1789801382.943040,3,19.301245,20.996112,-0.050788,19.128000,24.452000,19.128000,20.452000,0.173245,3.455888,0.793763,-1.785684,-1.734896,0.544112,0.180000,-0.799782,0,0
1789801383.042992,3,19.301245,20.996112,-0.050788,19.128000,24.452000,19.128000,20.452000,0.173245,3.455888,0.793763,-1.785684,-1.734896,0.544112,0.180000,-0.799826,0,0
1789801383.143027,3,19.301245,20.996112,-0.050788,19.128000,24.452000,19.128000,20.452000,0.173245,3.455888,0.793763,-1.785684,-1.734896,0.544112,0.180000,-0.799861,0,0
1789801383.243041,3,19.301245,20.996112,-0.050788,19.128000,24.452000,19.128000,20.452000,0.173245,3.455888,0.793763,-1.785684,-1.734896,0.544112,0.180000,-0.799888,0,0
1789801383.343037,3,19.301245,20.996112,-0.050788,19.128000,24.452000,19.128000,20.452000,0.173245,3.455888,0.793763,-1.785684,-1.734896,0.544112,0.180000,-0.799911,0,0
1789801383.442976,3,19.301245,20.996112,-0.050788,19.128000,24.452000,19.128000,20.452000,0.173245,3.455888,0.793763,-1.785684,-1.734896,0.544112,0.180000,-0.799929,0,0
1789801383.543489,3,19.301245,20.996112,-0.050788,19.128000,24.452000,19.128000,20.452000,0.173245,3.455888,0.793763,-1.785684,-1.734896,0.544112,0.180000,-0.799943,0,0
1789801383.642958,3,19.301245,20.996112,-0.050788,19.128000,24.452000,19.128000,20.452000,0.173245,3.455888,0.793763,-1.785684,-1.734896,0.544112,0.180000,-0.799954,0,0
1789801383.742935,3,19.301245,20.996112,-0.050788,19.128000,24.452000,19.128000,20.452000,0.173245,3.455888,0.793763,-1.785684,-1.734896,0.544112,0.180000,-0.799963,0,0
1789801383.843004,3,19.301245,20.996112,-0.050788,19.128000,24.452000,19.128000,20.452000,0.173245,3.455888,0.793763,-1.785684,-1.734896,0.544112,0.180000,-0.799971,0,0
1789801383.942970,3,19.301245,20.996112,-0.050788,19.128000,24.452000,19.128000,20.452000,0.173245,3.455888,0.793763,-1.785684,-1.734896,0.544112,0.180000,-0.799977,0,0
1789801384.042912,3,19.301245,20.996112,-0.050788,19.128000,24.452000,19.128000,20.452000,0.173245,3.455888,0.793763,-1.785684,-1.734896,0.544112,0.180000,-0.799981,0,0
1789801384.142895,3,19.301245,20.996112,-0.050788,19.128000,24.452000,19.128000,20.452000,0.173245,3.455888,0.793763,-1.785684,-1.734896,0.544112,0.180000,-0.799985,0,0
1789801384.242931,3,19.301245,20.996112,-0.050788,19.128000,24.452000,19.128000,20.452000,0.173245,3.455888,0.793763,-1.785684,-1.734896,0.544112,0.180000,-0.799988,0,0
1789801384.342921,3,19.301245,20.996112,-0.050788,19.128000,24.452000,19.128000,20.452000,0.173245,3.455888,0.793763,-1.785684,-1.734896,0.544112,0.180000,-0.799990,0,0
1789801384.442915,3,19.301245,20.996112,-0.050788,19.128000,24.452000,19.128000,20.452000,0.173245,3.455888,0.793763,-1.785684,-1.734896,0.544112,0.180000,-0.799992,0,0
1789801384.542890,3,19.301245,20.996112,-0.050788,19.128000,24.452000,19.128000,20.452000,0.173245,3.455888,0.793763,-1.785684,-1.734896,0.544112,0.180000,-0.799994,0,0
1789801384.642856,3,19.301245,20.996112,-0.050788,19.128000,24.452000,19.128000,20.452000,0.173245,3.455888,0.793763,-1.785684,-1.734896,0.544112,0.180000,-0.799995,0,0
1789801384.742944,3,19.301245,20.996112,-0.050788,19.128000,24.452000,19.128000,20.452000,0.173245,3.455888,0.793763,-1.785684,-1.734896,0.544112,0.180000,-0.799996,0,0
1789801384.842830,3,19.285955,21.000783,-0.145688,19.128000,24.452000,19.128000,20.452000,0.157955,3.451217,0.794806,-1.766975,-1.621286,0.548783,0.180000,-0.770298,0,0
1789801384.942891,3,19.285955,21.000783,-0.145688,19.128000,24.452000,19.128000,20.452000,0.157955,3.451217,0.794806,-1.766975,-1.621286,0.548783,0.180000,-0.752904,0,0
1789801385.042856,3,19.285955,21.000783,-0.145688,19.128000,24.452000,19.128000,20.452000,0.157955,3.451217,0.794806,-1.766975,-1.621286,0.548783,0.180000,-0.744082,0,0
1789801385.142826,3,19.285955,21.000783,-0.145688,19.128000,24.452000,19.128000,20.452000,0.157955,3.451217,0.794806,-1.766975,-1.621286,0.548783,0.180000,-0.741098,0,0
1789801385.242836,3,19.285955,21.000783,-0.145688,19.128000,24.452000,19.128000,20.452000,0.157955,3.451217,0.794806,-1.766975,-1.621286,0.548783,0.180000,-0.741971,0,0
1789801385.342773,3,19.285955,21.000783,-0.145688,19.128000,24.452000,19.128000,20.452000,0.157955,3.451217,0.794806,-1.766975,-1.621286,0.548783,0.180000,-0.745276,0,0
1789801385.442759,3,19.285955,21.000783,-0.145688,19.128000,24.452000,19.128000,20.452000,0.157955,3.451217,0.794806,-1.766975,-1.621286,0.548783,0.180000,-0.750006,0,0
1789801385.542791,3,19.250043,21.012325,-0.254709,19.128000,24.452000,19.128000,20.452000,0.122043,3.439675,0.796888,-1.722765,-1.468056,0.560325,0.180000,-0.697236,0,0
1789801385.643044,3,19.250043,21.012325,-0.254709,19.128000,24.452000,19.128000,20.452000,0.122043,3.439675,0.796888,-1.722765,-1.468056,0.560325,0.180000,-0.664935,0,0
1789801385.742739,3,19.250043,21.012325,-0.254709,19.128000,24.452000,19.128000,20.452000,0.122043,3.439675,0.796888,-1.722765,-1.468056,0.560325,0.180000,-0.647026,0,0
1789801385.842782,3,19.250043,21.012325,-0.254709,19.128000,24.452000,19.128000,20.452000,0.122043,3.439675,0.796888,-1.722765,-1.468056,0.560325,0.180000,-0.639044,0,0
1789801385.942716,3,19.224204,21.025148,-0.346391,19.128000,24.452000,19.128000,20.452000,0.096204,3.426852,0.798063,-1.690765,-1.344374,0.573148,0.180000,-0.590717,0,0
1789801386.042711,3,19.224204,21.025148,-0.346391,19.128000,24.452000,19.128000,20.452000,0.096204,3.426852,0.798063,-1.690765,-1.344374,0.573148,0.180000,-0.563047,0,0
1789801386.142743,3,19.224204,21.025148,-0.346391,19.128000,24.452000,19.128000,20.452000,0.096204,3.426852,0.798063,-1.690765,-1.344374,0.573148,0.180000,-0.549703,0,0
1789801386.242725,3,19.224204,21.025148,-0.346391,19.128000,24.452000,19.128000,20.452000,0.096204,3.426852,0.798063,-1.690765,-1.344374,0.573148,0.180000,-0.546063,0,0
1789801386.342696,3,19.201891,21.044089,-0.439900,19.128000,24.452000,19.128000,20.452000,0.073891,3.407911,0.798856,-1.663030,-1.223129,0.592089,0.180000,-0.502696,0,0
1789801386.442686,3,19.201891,21.044089,-0.439900,19.128000,24.452000,19.128000,20.452000,0.073891,3.407911,0.798856,-1.663030,-1.223129,0.592089,0.180000,-0.479297,0,0
1789801386.542687,3,19.201891,21.044089,-0.439900,19.128000,24.452000,19.128000,20.452000,0.073891,3.407911,0.798856,-1.663030,-1.223129,0.592089,0.180000,-0.469612,0,0
1789801386.642690,3,19.201891,21.044089,-0.439900,19.128000,24.452000,19.128000,20.452000,0.073891,3.407911,0.798856,-1.663030,-1.223129,0.592089,0.180000,-0.469091,0,0
1789801386.742662,3,19.201891,21.044089,-0.439900,19.128000,24.452000,19.128000,20.452000,0.073891,3.407911,0.798856,-1.663030,-1.223129,0.592089,0.180000,-0.474457,0,0
1789801386.842695,3,19.201891,21.044089,-0.439900,19.128000,24.452000,19.128000,20.452000,0.073891,3.407911,0.798856,-1.663030,-1.223129,0.592089,0.180000,-0.483376,0,0
1789801386.942606,3,19.201891,21.044089,-0.439900,19.128000,24.452000,19.128000,20.452000,0.073891,3.407911,0.798856,-1.663030,-1.223129,0.592089,0.180000,-0.494211,0,0
1789801387.042641,3,19.201891,21.044089,-0.439900,19.128000,24.452000,19.128000,20.452000,0.073891,3.407911,0.798856,-1.663030,-1.223129,0.592089,0.180000,-0.505840,0,0
1789801387.142771,3,19.201891,21.044089,-0.439900,19.128000,24.452000,19.128000,20.452000,0.073891,3.407911,0.798856,-1.663030,-1.223129,0.592089,0.180000,-0.517511,0,0
1789801387.242612,3,19.233196,21.038137,-0.320741,19.128000,24.452000,19.128000,20.452000,0.105196,3.413863,0.797685,-1.701917,-1.381175,0.586137,0.180000,-0.574009,0,0
1789801387.342634,3,19.233196,21.038137,-0.320741,19.128000,24.452000,19.128000,20.452000,0.105196,3.413863,0.797685,-1.701917,-1.381175,0.586137,0.180000,-0.619207,0,0
1789801387.442582,3,19.233196,21.038137,-0.320741,19.128000,24.452000,19.128000,20.452000,0.105196,3.413863,0.797685,-1.701917,-1.381175,0.586137,0.180000,-0.655366,0,0
1789801387.542993,3,19.233196,21.038137,-0.320741,19.128000,24.452000,19.128000,20.452000,0.105196,3.413863,0.797685,-1.701917,-1.381175,0.586137,0.180000,-0.681226,0,0
1789801387.642573,3,19.233196,21.038137,-0.320741,19.128000,24.452000,19.128000,20.452000,0.105196,3.413863,0.797685,-1.701917,-1.381175,0.586137,0.180000,-0.698151,0,0
1789801387.742568,3,19.233196,21.038137,-0.320741,19.128000,24.452000,19.128000,20.452000,0.105196,3.413863,0.797685,-1.701917,-1.381175,0.586137,0.180000,-0.708680,0,0
1789801387.843096,3,19.233196,21.038137,-0.320741,19.128000,24.452000,19.128000,20.452000,0.105196,3.413863,0.797685,-1.701917,-1.381175,0.586137,0.180000,-0.714696,0,0
1789801387.942556,3,19.233196,21.038137,-0.320741,19.128000,24.452000,19.128000,20.452000,0.105196,3.413863,0.797685,-1.701917,-1.381175,0.586137,0.180000,-0.717581,0,0
1789801388.043328,3,19.233196,21.038137,-0.320741,19.128000,24.452000,19.128000,20.452000,0.105196,3.413863,0.797685,-1.701917,-1.381175,0.586137,0.180000,-0.718348,0,0
1789801388.142552,3,19.233196,21.038137,-0.320741,19.128000,24.452000,19.128000,20.452000,0.105196,3.413863,0.797685,-1.701917,-1.381175,0.586137,0.180000,-0.717728,0,0
1789801388.243532,3,19.233196,21.038137,-0.320741,19.128000,24.452000,19.128000,20.452000,0.105196,3.413863,0.797685,-1.701917,-1.381175,0.586137,0.180000,-0.716246,0,0
1789801388.342542,3,19.233196,21.038137,-0.320741,19.128000,24.452000,19.128000,20.452000,0.105196,3.413863,0.797685,-1.701917,-1.381175,0.586137,0.180000,-0.714271,0,0
1789801388.442493,3,19.233196,21.038137,-0.320741,19.128000,24.452000,19.128000,20.452000,0.105196,3.413863,0.797685,-1.701917,-1.381175,0.586137,0.180000,-0.712060,0,0
1789801388.542580,3,19.233196,21.038137,-0.320741,19.128000,24.452000,19.128000,20.452000,0.105196,3.413863,0.797685,-1.701917,-1.381175,0.586137,0.180000,-0.709786,0,0
1789801388.642458,3,19.233196,21.038137,-0.320741,19.128000,24.452000,19.128000,20.452000,0.105196,3.413863,0.797685,-1.701917,-1.381175,0.586137,0.180000,-0.707562,0,0
1789801388.742461,3,19.233196,21.038137,-0.320741,19.128000,24.452000,19.128000,20.452000,0.105196,3.413863,0.797685,-1.701917,-1.381175,0.586137,0.180000,-0.705460,0,0
1789801388.842498,3,19.233196,21.038137,-0.320741,19.128000,24.452000,19.128000,20.452000,0.105196,3.413863,0.797685,-1.701917,-1.381175,0.586137,0.180000,-0.703520,0,0
1789801388.942540,3,19.233196,21.038137,-0.320741,19.128000,24.452000,19.128000,20.452000,0.105196,3.413863,0.797685,-1.701917,-1.381175,0.586137,0.180000,-0.701761,0,0
1789801389.042429,3,19.233196,21.038137,-0.320741,19.128000,24.452000,19.128000,20.452000,0.105196,3.413863,0.797685,-1.701917,-1.381175,0.586137,0.180000,-0.700189,0,0
1789801389.142434,3,19.233196,21.038137,-0.320741,19.128000,24.452000,19.128000,20.452000,0.105196,3.413863,0.797685,-1.701917,-1.381175,0.586137,0.180000,-0.698798,0,0
1789801389.242417,3,19.233196,21.038137,-0.320741,19.128000,24.452000,19.128000,20.452000,0.105196,3.413863,0.797685,-1.701917,-1.381175,0.586137,0.180000,-0.697580,0,0
1789801389.342369,3,19.233196,21.038137,-0.320741,19.128000,24.452000,19.128000,20.452000,0.105196,3.413863,0.797685,-1.701917,-1.381175,0.586137,0.180000,-0.696520,0,0
1789801389.442379,3,19.113583,21.069877,-0.286824,19.128000,24.452000,19.128000,20.452000,-0.014417,3.382123,0.799956,-1.552776,-1.265953,0.617877,0.180000,-0.651823,0,0
1789801389.542487,3,19.113583,21.069877,-0.286824,19.128000,24.452000,19.128000,20.452000,-0.014417,3.382123,0.799956,-1.552776,-1.265953,0.617877,0.180000,-0.622463,0,0
1789801389.642414,3,19.113583,21.069877,-0.286824,19.128000,24.452000,19.128000,20.452000,-0.014417,3.382123,0.799956,-1.552776,-1.265953,0.617877,0.180000,-0.604094,0,0
1789801389.742410,3,19.113583,21.069877,-0.286824,19.128000,24.452000,19.128000,20.452000,-0.014417,3.382123,0.799956,-1.552776,-1.265953,0.617877,0.180000,-0.593492,0,0
1789801389.842409,3,19.113583,21.069877,-0.286824,19.128000,24.452000,19.128000,20.452000,-0.014417,3.382123,0.799956,-1.552776,-1.265953,0.617877,0.180000,-0.588287,0,0
1789801389.942402,3,19.113583,21.069877,-0.286824,19.128000,24.452000,19.128000,20.452000,-0.014417,3.382123,0.799956,-1.552776,-1.265953,0.617877,0.180000,-0.586743,0,0
1789801390.042340,3,18.999634,21.105450,-0.382264,19.128000,24.452000,19.128000,20.452000,-0.128366,3.346550,0.796560,-1.411019,-1.028755,0.653450,0.180000,-0.497418,0,0
1789801390.142317,3,18.999634,21.105450,-0.382264,19.128000,24.452000,19.128000,20.452000,-0.128366,3.346550,0.796560,-1.411019,-1.028755,0.653450,0.180000,-0.440928,0,0
1789801390.242312,3,18.999634,21.105450,-0.382264,19.128000,24.452000,19.128000,20.452000,-0.128366,3.346550,0.796560,-1.411019,-1.028755,0.653450,0.180000,-0.407713,0,0
1789801390.342335,3,18.941017,21.130764,-0.478161,19.128000,24.452000,19.128000,20.452000,-0.186983,3.321236,0.792747,-1.339163,-0.861002,0.678764,0.180000,-0.326987,0,0
1789801390.442315,3,18.941017,21.130764,-0.478161,19.128000,24.452000,19.128000,20.452000,-0.186983,3.321236,0.792747,-1.339163,-0.861002,0.678764,0.180000,-0.279462,0,0
1789801390.543638,3,18.920441,21.145374,-0.572882,19.128000,24.452000,19.128000,20.452000,-0.207559,3.306626,0.791088,-1.314209,-0.741327,0.693374,0.180000,-0.210049,0,0
1789801390.642273,3,18.920441,21.145374,-0.572882,19.128000,24.452000,19.128000,20.452000,-0.207559,3.306626,0.791088,-1.314209,-0.741327,0.693374,0.180000,-0.172049,0,0
1789801390.742261,3,18.884891,21.160433,-0.664406,19.128000,24.452000,19.128000,20.452000,-0.243109,3.291567,0.787842,-1.271491,-0.607085,0.708433,0.300000,-0.104657,0,0
1789801390.842274,3,18.884891,21.160433,-0.664406,19.128000,24.452000,19.128000,20.452000,-0.243109,3.291567,0.787842,-1.271491,-0.607085,0.708433,0.300000,-0.069481,0,0
1789801390.942241,3,18.884891,21.160433,-0.664406,19.128000,24.452000,19.128000,20.452000,-0.243109,3.291567,0.787842,-1.271491,-0.607085,0.708433,0.300000,-0.056331,0,0
1789801391.042251,3,18.884891,21.160433,-0.664406,19.128000,24.452000,19.128000,20.452000,-0.243109,3.291567,0.787842,-1.271491,-0.607085,0.708433,0.300000,-0.057804,0,0
1789801391.142273,3,18.884891,21.160433,-0.664406,19.128000,24.452000,19.128000,20.452000,-0.243109,3.291567,0.787842,-1.271491,-0.607085,0.708433,0.300000,-0.068576,0,0
1789801391.242221,3,18.884891,21.160433,-0.664406,19.128000,24.452000,19.128000,20.452000,-0.243109,3.291567,0.787842,-1.271491,-0.607085,0.708433,0.300000,-0.084868,0,0
1789801391.342257,3,18.884891,21.160433,-0.664406,19.128000,24.452000,19.128000,20.452000,-0.243109,3.291567,0.787842,-1.271491,-0.607085,0.708433,0.300000,-0.104043,0,0
1789801391.442586,3,18.884891,21.160433,-0.664406,19.128000,24.452000,19.128000,20.452000,-0.243109,3.291567,0.787842,-1.271491,-0.607085,0.708433,0.300000,-0.124294,0,0
1789801391.542179,3,18.884891,21.160433,-0.664406,19.128000,24.452000,19.128000,20.452000,-0.243109,3.291567,0.787842,-1.271491,-0.607085,0.708433,0.300000,-0.144425,0,0
1789801391.642219,3,18.884891,21.160433,-0.664406,19.128000,24.452000,19.128000,20.452000,-0.243109,3.291567,0.787842,-1.271491,-0.607085,0.708433,0.300000,-0.163674,0,0
1789801391.742260,3,18.884891,21.160433,-0.664406,19.128000,24.452000,19.128000,20.452000,-0.243109,3.291567,0.787842,-1.271491,-0.607085,0.708433,0.300000,-0.181587,0,0
1789801391.842455,3,18.884891,21.160433,-0.664406,19.128000,24.452000,19.128000,20.452000,-0.243109,3.291567,0.787842,-1.271491,-0.607085,0.708433,0.300000,-0.197930,0,0
1789801391.942194,3,18.915565,21.154619,-0.528192,19.128000,24.452000,19.128000,20.452000,-0.212435,3.297381,0.790671,-1.308318,-0.780127,0.702619,0.180000,-0.278500,0,0
1789801392.042365,3,18.915565,21.154619,-0.528192,19.128000,24.452000,19.128000,20.452000,-0.212435,3.297381,0.790671,-1.308318,-0.780127,0.702619,0.180000,-0.334527,0,0
1789801392.142199,3,18.915565,21.154619,-0.528192,19.128000,24.452000,19.128000,20.452000,-0.212435,3.297381,0.790671,-1.308318,-0.780127,0.702619,0.180000,-0.372606,0,0
1789801392.242146,3,18.948956,21.137557,-0.397298,19.128000,24.452000,19.128000,20.452000,-0.179044,3.314443,0.793343,-1.348832,-0.951534,0.685557,0.180000,-0.458085,0,0
1789801392.342257,3,18.948956,21.137557,-0.397298,19.128000,24.452000,19.128000,20.452000,-0.179044,3.314443,0.793343,-1.348832,-0.951534,0.685557,0.180000,-0.517290,0,0
1789801392.442177,3,18.948956,21.137557,-0.397298,19.128000,24.452000,19.128000,20.452000,-0.179044,3.314443,0.793343,-1.348832,-0.951534,0.685557,0.180000,-0.553521,0,0
1789801392.542189,3,19.003087,21.120836,-0.268779,19.128000,24.452000,19.128000,20.452000,-0.124913,3.331164,0.796741,-1.415282,-1.146503,0.668836,0.180000,-0.602817,0,0
1789801392.642151,3,19.003087,21.120836,-0.268779,19.128000,24.452000,19.128000,20.452000,-0.124913,3.331164,0.796741,-1.415282,-1.146503,0.668836,0.180000,-0.642253,0,0
1789801392.742185,3,19.003087,21.120836,-0.268779,19.128000,24.452000,19.128000,20.452000,-0.124913,3.331164,0.796741,-1.415282,-1.146503,0.668836,0.180000,-0.673803,0,0
1789801392.842170,3,19.003087,21.120836,-0.268779,19.128000,24.452000,19.128000,20.452000,-0.124913,3.331164,0.796741,-1.415282,-1.146503,0.668836,0.180000,-0.699042,0,0
1789801392.942175,3,19.003087,21.120836,-0.268779,19.128000,24.452000,19.128000,20.452000,-0.124913,3.331164,0.796741,-1.415282,-1.146503,0.668836,0.180000,-0.710835,0,0
1789801393.042101,3,19.003087,21.120836,-0.268779,19.128000,24.452000,19.128000,20.452000,-0.124913,3.331164,0.796741,-1.415282,-1.146503,0.668836,0.180000,-0.712880,0,0
1789801393.142115,3,19.003087,21.120836,-0.268779,19.128000,24.452000,19.128000,20.452000,-0.124913,3.331164,0.796741,-1.415282,-1.146503,0.668836,0.180000,-0.708603,0,0
1789801393.242126,3,19.054275,21.112117,-0.153963,19.128000,24.452000,19.128000,20.452000,-0.073725,3.339883,0.798861,-1.478769,-1.324806,0.660117,0.180000,-0.726882,0,0
1789801393.342089,3,19.054275,21.112117,-0.153963,19.128000,24.452000,19.128000,20.452000,-0.073725,3.339883,0.798861,-1.478769,-1.324806,0.660117,0.180000,-0.741506,0,0
1789801393.442081,3,19.054275,21.112117,-0.153963,19.128000,24.452000,19.128000,20.452000,-0.073725,3.339883,0.798861,-1.478769,-1.324806,0.660117,0.180000,-0.753205,0,0
1789801393.541961,3,19.054275,21.112117,-0.153963,19.128000,24.452000,19.128000,20.452000,-0.073725,3.339883,0.798861,-1.478769,-1.324806,0.660117,0.180000,-0.762564,0,0
1789801393.642219,3,19.054275,21.112117,-0.153963,19.128000,24.452000,19.128000,20.452000,-0.073725,3.339883,0.798861,-1.478769,-1.324806,0.660117,0.180000,-0.770051,0,0
1789801393.742126,3,19.054275,21.112117,-0.153963,19.128000,24.452000,19.128000,20.452000,-0.073725,3.339883,0.798861,-1.478769,-1.324806,0.660117,0.180000,-0.771079,0,0
1789801393.841970,3,19.054275,21.112117,-0.153963,19.128000,24.452000,19.128000,20.452000,-0.073725,3.339883,0.798861,-1.478769,-1.324806,0.660117,0.180000,-0.767389,0,0
1789801393.941980,3,19.054275,21.112117,-0.153963,19.128000,24.452000,19.128000,20.452000,-0.073725,3.339883,0.798861,-1.478769,-1.324806,0.660117,0.180000,-0.760829,0,0
1789801394.042728,3,19.054275,21.112117,-0.153963,19.128000,24.452000,19.128000,20.452000,-0.073725,3.339883,0.798861,-1.478769,-1.324806,0.660117,0.180000,-0.752693,0,0
1789801394.141898,3,19.054275,21.112117,-0.153963,19.128000,24.452000,19.128000,20.452000,-0.073725,3.339883,0.798861,-1.478769,-1.324806,0.660117,0.180000,-0.743874,0,0
1789801394.241940,3,19.054275,21.112117,-0.153963,19.128000,24.452000,19.128000,20.452000,-0.073725,3.339883,0.798861,-1.478769,-1.324806,0.660117,0.180000,-0.734972,0,0
1789801394.341959,3,19.054275,21.112117,-0.153963,19.128000,24.452000,19.128000,20.452000,-0.073725,3.339883,0.798861,-1.478769,-1.324806,0.660117,0.180000,-0.726371,0,0
1789801394.442032,3,19.054275,21.112117,-0.153963,19.128000,24.452000,19.128000,20.452000,-0.073725,3.339883,0.798861,-1.478769,-1.324806,0.660117,0.180000,-0.718308,0,0
1789801394.541957,3,19.054275,21.112117,-0.153963,19.128000,24.452000,19.128000,20.452000,-0.073725,3.339883,0.798861,-1.478769,-1.324806,0.660117,0.180000,-0.710912,0,0
1789801394.642495,3,19.054275,21.112117,-0.153963,19.128000,24.452000,19.128000,20.452000,-0.073725,3.339883,0.798861,-1.478769,-1.324806,0.660117,0.180000,-0.704237,0,0
1789801394.741917,3,19.054275,21.112117,-0.153963,19.128000,24.452000,19.128000,20.452000,-0.073725,3.339883,0.798861,-1.478769,-1.324806,0.660117,0.180000,-0.698293,0,0
1789801394.841881,3,19.054275,21.112117,-0.153963,19.128000,24.452000,19.128000,20.452000,-0.073725,3.339883,0.798861,-1.478769,-1.324806,0.660117,0.180000,-0.693052,0,0
1789801394.941862,3,18.926878,21.133046,-0.196817,19.128000,24.452000,19.128000,20.452000,-0.201122,3.318954,0.791625,-1.321998,-1.125181,0.681046,0.180000,-0.612611,0,0
1789801395.041904,3,18.926878,21.133046,-0.196817,19.128000,24.452000,19.128000,20.452000,-0.201122,3.318954,0.791625,-1.321998,-1.125181,0.681046,0.180000,-0.559128,0,0
1789801395.141855,3,18.926878,21.133046,-0.196817,19.128000,24.452000,19.128000,20.452000,-0.201122,3.318954,0.791625,-1.321998,-1.125181,0.681046,0.180000,-0.525038,0,0
1789801395.241845,3,18.926878,21.133046,-0.196817,19.128000,24.452000,19.128000,20.452000,-0.201122,3.318954,0.791625,-1.321998,-1.125181,0.681046,0.180000,-0.504722,0,0
1789801395.341830,3,18.807145,21.164863,-0.188973,19.128000,24.452000,19.128000,20.452000,-0.320855,3.287137,0.779141,-1.180154,-0.991181,0.712863,0.180000,-0.443105,0,0
1789801395.442062,3,18.807145,21.164863,-0.188973,19.128000,24.452000,19.128000,20.452000,-0.320855,3.287137,0.779141,-1.180154,-0.991181,0.712863,0.180000,-0.405770,0,0
1789801395.541881,3,18.807145,21.164863,-0.188973,19.128000,24.452000,19.128000,20.452000,-0.320855,3.287137,0.779141,-1.180154,-0.991181,0.712863,0.180000,-0.385468,0,0
1789801395.641802,3,18.807145,21.164863,-0.188973,19.128000,24.452000,19.128000,20.452000,-0.320855,3.287137,0.779141,-1.180154,-0.991181,0.712863,0.180000,-0.376880,0,0
1789801395.741825,3,18.807145,21.164863,-0.188973,19.128000,24.452000,19.128000,20.452000,-0.320855,3.287137,0.779141,-1.180154,-0.991181,0.712863,0.180000,-0.376132,0,0
1789801395.841845,3,18.807145,21.164863,-0.188973,19.128000,24.452000,19.128000,20.452000,-0.320855,3.287137,0.779141,-1.180154,-0.991181,0.712863,0.180000,-0.380432,0,0
1789801395.941792,3,18.705967,21.183029,-0.080348,19.128000,24.452000,19.128000,20.452000,-0.422033,3.268971,0.764834,-1.066575,-0.986227,0.731029,0.180000,-0.385906,0,0
1789801396.042395,3,18.705967,21.183029,-0.080348,19.128000,24.452000,19.128000,20.452000,-0.422033,3.268971,0.764834,-1.066575,-0.986227,0.731029,0.180000,-0.393698,0,0
1789801396.142685,3,18.705967,21.183029,-0.080348,19.128000,24.452000,19.128000,20.452000,-0.422033,3.268971,0.764834,-1.066575,-0.986227,0.731029,0.180000,-0.402662,0,0
1789801396.241791,3,18.705967,21.183029,-0.080348,19.128000,24.452000,19.128000,20.452000,-0.422033,3.268971,0.764834,-1.066575,-0.986227,0.731029,0.180000,-0.412016,0,0
1789801396.341776,3,18.705967,21.183029,-0.080348,19.128000,24.452000,19.128000,20.452000,-0.422033,3.268971,0.764834,-1.066575,-0.986227,0.731029,0.180000,-0.421247,0,0
1789801396.441800,3,18.705967,21.183029,-0.080348,19.128000,24.452000,19.128000,20.452000,-0.422033,3.268971,0.764834,-1.066575,-0.986227,0.731029,0.180000,-0.430030,0,0
1789801396.541823,3,18.705967,21.183029,-0.080348,19.128000,24.452000,19.128000,20.452000,-0.422033,3.268971,0.764834,-1.066575,-0.986227,0.731029,0.180000,-0.438174,0,0
1789801396.641680,3,18.705967,21.183029,-0.080348,19.128000,24.452000,19.128000,20.452000,-0.422033,3.268971,0.764834,-1.066575,-0.986227,0.731029,0.180000,-0.445584,0,0
1789801396.741718,3,18.716056,21.124047,0.053568,19.128000,24.452000,19.128000,20.452000,-0.411944,3.327953,0.766399,-1.077596,-1.131164,0.672047,0.180000,-0.507290,0,0
1789801396.841680,3,18.716056,21.124047,0.053568,19.128000,24.452000,19.128000,20.452000,-0.411944,3.327953,0.766399,-1.077596,-1.131164,0.672047,0.180000,-0.549113,0,0
1789801396.941707,3,18.716056,21.124047,0.053568,19.128000,24.452000,19.128000,20.452000,-0.411944,3.327953,0.766399,-1.077596,-1.131164,0.672047,0.180000,-0.576539,0,0
1789801397.041704,3,18.716056,21.124047,0.053568,19.128000,24.452000,19.128000,20.452000,-0.411944,3.327953,0.766399,-1.077596,-1.131164,0.672047,0.180000,-0.593653,0,0
1789801397.141658,3,18.716056,21.124047,0.053568,19.128000,24.452000,19.128000,20.452000,-0.411944,3.327953,0.766399,-1.077596,-1.131164,0.672047,0.180000,-0.603483,0,0
1789801397.241676,3,18.716056,21.124047,0.053568,19.128000,24.452000,19.128000,20.452000,-0.411944,3.327953,0.766399,-1.077596,-1.131164,0.672047,0.180000,-0.608259,0,0
1789801397.341654,3,18.716056,21.124047,0.053568,19.128000,24.452000,19.128000,20.452000,-0.411944,3.327953,0.766399,-1.077596,-1.131164,0.672047,0.180000,-0.609608,0,0
1789801397.441657,3,18.716056,21.124047,0.053568,19.128000,24.452000,19.128000,20.452000,-0.411944,3.327953,0.766399,-1.077596,-1.131164,0.672047,0.180000,-0.608710,0,0
1789801397.541605,3,18.716056,21.124047,0.053568,19.128000,24.452000,19.128000,20.452000,-0.411944,3.327953,0.766399,-1.077596,-1.131164,0.672047,0.180000,-0.606411,0,0
1789801397.641612,3,18.716056,21.124047,0.053568,19.128000,24.452000,19.128000,20.452000,-0.411944,3.327953,0.766399,-1.077596,-1.131164,0.672047,0.180000,-0.603306,0,0
1789801397.741634,3,18.716056,21.124047,0.053568,19.128000,24.452000,19.128000,20.452000,-0.411944,3.327953,0.766399,-1.077596,-1.131164,0.672047,0.180000,-0.599810,0,0
1789801397.841606,3,18.716056,21.124047,0.053568,19.128000,24.452000,19.128000,20.452000,-0.411944,3.327953,0.766399,-1.077596,-1.131164,0.672047,0.180000,-0.596203,0,0
1789801397.941618,3,18.698680,21.109959,-0.065337,19.128000,24.452000,19.128000,20.452000,-0.429320,3.342041,0.763687,-1.058660,-0.993323,0.657959,0.180000,-0.540290,0,0
1789801398.041569,3,18.698680,21.109959,-0.065337,19.128000,24.452000,19.128000,20.452000,-0.429320,3.342041,0.763687,-1.058660,-0.993323,0.657959,0.180000,-0.502760,0,0
1789801398.141547,3,18.698680,21.109959,-0.065337,19.128000,24.452000,19.128000,20.452000,-0.429320,3.342041,0.763687,-1.058660,-0.993323,0.657959,0.180000,-0.478498,0,0
1789801398.241641,3,18.698680,21.109959,-0.065337,19.128000,24.452000,19.128000,20.452000,-0.429320,3.342041,0.763687,-1.058660,-0.993323,0.657959,0.180000,-0.463696,0,0
1789801398.341556,3,18.698680,21.109959,-0.065337,19.128000,24.452000,19.128000,20.452000,-0.429320,3.342041,0.763687,-1.058660,-0.993323,0.657959,0.180000,-0.455541,0,0
1789801398.441536,3,18.698680,21.109959,-0.065337,19.128000,24.452000,19.128000,20.452000,-0.429320,3.342041,0.763687,-1.058660,-0.993323,0.657959,0.180000,-0.451967,0,0
1789801398.542152,3,18.655527,21.104282,-0.164733,19.128000,24.452000,19.128000,20.452000,-0.472473,3.347718,0.756601,-1.012580,-0.847847,0.652282,0.180000,-0.396434,0,0
1789801398.642206,3,18.655527,21.104282,-0.164733,19.128000,24.452000,19.128000,20.452000,-0.472473,3.347718,0.756601,-1.012580,-0.847847,0.652282,0.180000,-0.361992,0,0
1789801398.741549,3,18.655527,21.104282,-0.164733,19.128000,24.452000,19.128000,20.452000,-0.472473,3.347718,0.756601,-1.012580,-0.847847,0.652282,0.180000,-0.342426,0,0
1789801398.841488,3,18.655527,21.104282,-0.164733,19.128000,24.452000,19.128000,20.452000,-0.472473,3.347718,0.756601,-1.012580,-0.847847,0.652282,0.180000,-0.333164,0,0
1789801398.941803,3,18.655527,21.104282,-0.164733,19.128000,24.452000,19.128000,20.452000,-0.472473,3.347718,0.756601,-1.012580,-0.847847,0.652282,0.180000,-0.330867,0,0
1789801399.042676,3,18.655527,21.104282,-0.164733,19.128000,24.452000,19.128000,20.452000,-0.472473,3.347718,0.756601,-1.012580,-0.847847,0.652282,0.180000,-0.333119,0,0
1789801399.142123,3,18.655527,21.104282,-0.164733,19.128000,24.452000,19.128000,20.452000,-0.472473,3.347718,0.756601,-1.012580,-0.847847,0.652282,0.180000,-0.338192,0,0
1789801399.241454,3,18.655527,21.104282,-0.164733,19.128000,24.452000,19.128000,20.452000,-0.472473,3.347718,0.756601,-1.012580,-0.847847,0.652282,0.180000,-0.344869,0,0
1789801399.342584,3,18.655527,21.104282,-0.164733,19.128000,24.452000,19.128000,20.452000,-0.472473,3.347718,0.756601,-1.012580,-0.847847,0.652282,0.180000,-0.352304,0,0
1789801399.441505,3,18.655527,21.104282,-0.164733,19.128000,24.452000,19.128000,20.452000,-0.472473,3.347718,0.756601,-1.012580,-0.847847,0.652282,0.180000,-0.359927,0,0
1789801399.541476,3,18.655527,21.104282,-0.164733,19.128000,24.452000,19.128000,20.452000,-0.472473,3.347718,0.756601,-1.012580,-0.847847,0.652282,0.180000,-0.367365,0,0
1789801399.641422,3,18.655527,21.104282,-0.164733,19.128000,24.452000,19.128000,20.452000,-0.472473,3.347718,0.756601,-1.012580,-0.847847,0.652282,0.180000,-0.374388,0,0
1789801399.741517,3,18.655527,21.104282,-0.164733,19.128000,24.452000,19.128000,20.452000,-0.472473,3.347718,0.756601,-1.012580,-0.847847,0.652282,0.180000,-0.380865,0,0
1789801399.841563,3,18.655527,21.104282,-0.164733,19.128000,24.452000,19.128000,20.452000,-0.472473,3.347718,0.756601,-1.012580,-0.847847,0.652282,0.180000,-0.386732,0,0
1789801399.941378,3,18.655527,21.104282,-0.164733,19.128000,24.452000,19.128000,20.452000,-0.472473,3.347718,0.756601,-1.012580,-0.847847,0.652282,0.180000,-0.391974,0,0
1789801400.041434,3,18.655527,21.104282,-0.164733,19.128000,24.452000,19.128000,20.452000,-0.472473,3.347718,0.756601,-1.012580,-0.847847,0.652282,0.180000,-0.396608,0,0
1789801400.142083,3,18.655527,21.104282,-0.164733,19.128000,24.452000,19.128000,20.452000,-0.472473,3.347718,0.756601,-1.012580,-0.847847,0.652282,0.180000,-0.400665,0,0
1789801400.241373,3,18.655527,21.104282,-0.164733,19.128000,24.452000,19.128000,20.452000,-0.472473,3.347718,0.756601,-1.012580,-0.847847,0.652282,0.180000,-0.404193,0,0
1789801400.341901,3,18.655527,21.104282,-0.164733,19.128000,24.452000,19.128000,20.452000,-0.472473,3.347718,0.756601,-1.012580,-0.847847,0.652282,0.180000,-0.407240,0,0
1789801400.441370,3,18.655527,21.104282,-0.164733,19.128000,24.452000,19.128000,20.452000,-0.472473,3.347718,0.756601,-1.012580,-0.847847,0.652282,0.180000,-0.409857,0,0
1789801400.541377,3,18.655527,21.104282,-0.164733,19.128000,24.452000,19.128000,20.452000,-0.472473,3.347718,0.756601,-1.012580,-0.847847,0.652282,0.180000,-0.412094,0,0
1789801400.641345,3,18.655527,21.104282,-0.164733,19.128000,24.452000,19.128000,20.452000,-0.472473,3.347718,0.756601,-1.012580,-0.847847,0.652282,0.180000,-0.414000,0,0
1789801400.741340,3,18.655527,21.104282,-0.164733,19.128000,24.452000,19.128000,20.452000,-0.472473,3.347718,0.756601,-1.012580,-0.847847,0.652282,0.180000,-0.415616,0,0
1789801400.841309,3,18.655527,21.104282,-0.164733,19.128000,24.452000,19.128000,20.452000,-0.472473,3.347718,0.756601,-1.012580,-0.847847,0.652282,0.180000,-0.416983,0,0
1789801400.941276,3,18.655527,21.104282,-0.164733,19.128000,24.452000,19.128000,20.452000,-0.472473,3.347718,0.756601,-1.012580,-0.847847,0.652282,0.180000,-0.418135,0,0
1789801401.041296,3,18.655527,21.104282,-0.164733,19.128000,24.452000,19.128000,20.452000,-0.472473,3.347718,0.756601,-1.012580,-0.847847,0.652282,0.180000,-0.419104,0,0
1789801401.141264,3,18.655527,21.104282,-0.164733,19.128000,24.452000,19.128000,20.452000,-0.472473,3.347718,0.756601,-1.012580,-0.847847,0.652282,0.180000,-0.419917,0,0
1789801401.241287,3,18.655527,21.104282,-0.164733,19.128000,24.452000,19.128000,20.452000,-0.472473,3.347718,0.756601,-1.012580,-0.847847,0.652282,0.180000,-0.420598,0,0
1789801401.341276,3,18.655527,21.104282,-0.164733,19.128000,24.452000,19.128000,20.452000,-0.472473,3.347718,0.756601,-1.012580,-0.847847,0.652282,0.180000,-0.421166,0,0
1789801401.441250,3,18.655527,21.104282,-0.164733,19.128000,24.452000,19.128000,20.452000,-0.472473,3.347718,0.756601,-1.012580,-0.847847,0.652282,0.180000,-0.421640,0,0
1789801401.541235,3,18.655527,21.104282,-0.164733,19.128000,24.452000,19.128000,20.452000,-0.472473,3.347718,0.756601,-1.012580,-0.847847,0.652282,0.180000,-0.422035,0,0
1789801401.641228,3,18.655527,21.104282,-0.164733,19.128000,24.452000,19.128000,20.452000,-0.472473,3.347718,0.756601,-1.012580,-0.847847,0.652282,0.180000,-0.422363,0,0
1789801401.741367,3,18.655527,21.104282,-0.164733,19.128000,24.452000,19.128000,20.452000,-0.472473,3.347718,0.756601,-1.012580,-0.847847,0.652282,0.180000,-0.422636,0,0
1789801401.841191,3,18.655527,21.104282,-0.164733,19.128000,24.452000,19.128000,20.452000,-0.472473,3.347718,0.756601,-1.012580,-0.847847,0.652282,0.180000,-0.422862,0,0
1789801401.941224,3,18.655527,21.104282,-0.164733,19.128000,24.452000,19.128000,20.452000,-0.472473,3.347718,0.756601,-1.012580,-0.847847,0.652282,0.180000,-0.423049,0,0
1789801402.041198,3,18.655527,21.104282,-0.164733,19.128000,24.452000,19.128000,20.452000,-0.472473,3.347718,0.756601,-1.012580,-0.847847,0.652282,0.180000,-0.423203,0,0
1789801402.141182,3,18.655527,21.104282,-0.164733,19.128000,24.452000,19.128000,20.452000,-0.472473,3.347718,0.756601,-1.012580,-0.847847,0.652282,0.180000,-0.423331,0,0
1789801402.241214,3,18.655527,21.104282,-0.164733,19.128000,24.452000,19.128000,20.452000,-0.472473,3.347718,0.756601,-1.012580,-0.847847,0.652282,0.180000,-0.423437,0,0
1789801402.341413,3,18.655527,21.104282,-0.164733,19.128000,24.452000,19.128000,20.452000,-0.472473,3.347718,0.756601,-1.012580,-0.847847,0.652282,0.180000,-0.423524,0,0
1789801402.441195,3,18.655527,21.104282,-0.164733,19.128000,24.452000,19.128000,20.452000,-0.472473,3.347718,0.756601,-1.012580,-0.847847,0.652282,0.180000,-0.423595,0,0
1789801402.541155,3,18.655527,21.104282,-0.164733,19.128000,24.452000,19.128000,20.452000,-0.472473,3.347718,0.756601,-1.012580,-0.847847,0.652282,0.180000,-0.423654,0,0
1789801402.641132,3,18.655527,21.104282,-0.164733,19.128000,24.452000,19.128000,20.452000,-0.472473,3.347718,0.756601,-1.012580,-0.847847,0.652282,0.180000,-0.423703,0,0
1789801402.741158,3,18.655527,21.104282,-0.164733,19.128000,24.452000,19.128000,20.452000,-0.472473,3.347718,0.756601,-1.012580,-0.847847,0.652282,0.180000,-0.423743,0,0
1789801402.841180,3,18.655527,21.104282,-0.164733,19.128000,24.452000,19.128000,20.452000,-0.472473,3.347718,0.756601,-1.012580,-0.847847,0.652282,0.180000,-0.423775,0,0
1789801402.941349,3,18.655527,21.104282,-0.164733,19.128000,24.452000,19.128000,20.452000,-0.472473,3.347718,0.756601,-1.012580,-0.847847,0.652282,0.180000,-0.423802,0,0
1789801403.041082,3,18.655527,21.104282,-0.164733,19.128000,24.452000,19.128000,20.452000,-0.472473,3.347718,0.756601,-1.012580,-0.847847,0.652282,0.180000,-0.423824,0,0
1789801403.141103,3,18.655527,21.104282,-0.164733,19.128000,24.452000,19.128000,20.452000,-0.472473,3.347718,0.756601,-1.012580,-0.847847,0.652282,0.180000,-0.423842,0,0
1789801403.241075,3,18.519011,21.138531,-0.193690,19.128000,24.452000,19.128000,20.452000,-0.608989,3.313469,0.731406,-0.876475,-0.682785,0.686531,0.300000,-0.361123,0,0
1789801403.341041,3,18.519011,21.138531,-0.193690,19.128000,24.452000,19.128000,20.452000,-0.608989,3.313469,0.731406,-0.876475,-0.682785,0.686531,0.300000,-0.320193,0,0
1789801403.441417,3,18.519011,21.138531,-0.193690,19.128000,24.452000,19.128000,20.452000,-0.608989,3.313469,0.731406,-0.876475,-0.682785,0.686531,0.300000,-0.294846,0,0
1789801403.541153,3,18.519011,21.138531,-0.193690,19.128000,24.452000,19.128000,20.452000,-0.608989,3.313469,0.731406,-0.876475,-0.682785,0.686531,0.300000,-0.280486,0,0
1789801403.641071,3,18.519011,21.138531,-0.193690,19.128000,24.452000,19.128000,20.452000,-0.608989,3.313469,0.731406,-0.876475,-0.682785,0.686531,0.300000,-0.273732,0,0
1789801403.741531,3,18.519011,21.138531,-0.193690,19.128000,24.452000,19.128000,20.452000,-0.608989,3.313469,0.731406,-0.876475,-0.682785,0.686531,0.300000,-0.272116,0,0
1789801403.842868,3,18.382533,21.179110,-0.254133,19.128000,24.452000,19.128000,20.452000,-0.745467,3.272890,0.703319,-0.756315,-0.502181,0.727110,0.300000,-0.205886,0,0
1789801403.941785,3,18.382533,21.179110,-0.254133,19.128000,24.452000,19.128000,20.452000,-0.745467,3.272890,0.703319,-0.756315,-0.502181,0.727110,0.300000,-0.165307,0,0
1789801404.041253,3,18.382533,21.179110,-0.254133,19.128000,24.452000,19.128000,20.452000,-0.745467,3.272890,0.703319,-0.756315,-0.502181,0.727110,0.300000,-0.142768,0,0
1789801404.141002,3,18.243707,21.227419,-0.300078,19.128000,24.452000,19.128000,20.452000,-0.884293,3.224581,0.673539,-0.650928,-0.350850,0.775419,0.300000,-0.075062,0,0
1789801404.240994,3,18.243707,21.227419,-0.300078,19.128000,24.452000,19.128000,20.452000,-0.884293,3.224581,0.673539,-0.650928,-0.350850,0.775419,0.300000,-0.035745,0,0
1789801404.340994,3,18.243707,21.227419,-0.300078,19.128000,24.452000,19.128000,20.452000,-0.884293,3.224581,0.673539,-0.650928,-0.350850,0.775419,0.300000,-0.016169,0,0
1789801404.441014,3,18.243707,21.227419,-0.300078,19.128000,24.452000,19.128000,20.452000,-0.884293,3.224581,0.673539,-0.650928,-0.350850,0.775419,0.300000,-0.010010,0,0
1789801404.541059,3,18.080488,21.246282,-0.318871,19.128000,24.452000,19.128000,20.452000,-1.047512,3.205718,0.639169,-0.547870,-0.228998,0.794282,0.301851,0.033599,0,0
1789801404.640946,3,18.080488,21.246282,-0.318871,19.128000,24.452000,19.128000,20.452000,-1.047512,3.205718,0.639169,-0.547870,-0.228998,0.794282,0.301851,0.055586,0,0
1789801404.740995,3,18.080488,21.246282,-0.318871,19.128000,24.452000,19.128000,20.452000,-1.047512,3.205718,0.639169,-0.547870,-0.228998,0.794282,0.301851,0.062854,0,0
1789801404.840989,3,18.080488,21.246282,-0.318871,19.128000,24.452000,19.128000,20.452000,-1.047512,3.205718,0.639169,-0.547870,-0.228998,0.794282,0.301851,0.060411,0,0
1789801404.940931,3,18.080488,21.246282,-0.318871,19.128000,24.452000,19.128000,20.452000,-1.047512,3.205718,0.639169,-0.547870,-0.228998,0.794282,0.301851,0.051851,0,0
1789801405.040898,3,17.943711,21.296278,-0.409386,19.128000,24.452000,19.128000,20.452000,-1.184289,3.155722,0.612393,-0.477232,-0.067846,0.844278,0.300000,0.100971,0,0
1789801405.140867,3,17.943711,21.296278,-0.409386,19.128000,24.452000,19.128000,20.452000,-1.184289,3.155722,0.612393,-0.477232,-0.067846,0.844278,0.300000,0.127012,0,0
1789801405.240915,3,17.943711,21.296278,-0.409386,19.128000,24.452000,19.128000,20.452000,-1.184289,3.155722,0.612393,-0.477232,-0.067846,0.844278,0.300000,0.137240,0,0
1789801405.340853,3,17.943711,21.296278,-0.409386,19.128000,24.452000,19.128000,20.452000,-1.184289,3.155722,0.612393,-0.477232,-0.067846,0.844278,0.300000,0.136940,0,0
1789801405.440860,3,17.943711,21.296278,-0.409386,19.128000,24.452000,19.128000,20.452000,-1.184289,3.155722,0.612393,-0.477232,-0.067846,0.844278,0.300000,0.129914,0,0
1789801405.540875,3,17.943711,21.296278,-0.409386,19.128000,24.452000,19.128000,20.452000,-1.184289,3.155722,0.612393,-0.477232,-0.067846,0.844278,0.300000,0.118863,0,0
1789801405.641036,3,17.852634,21.302982,-0.258051,19.128000,24.452000,19.128000,20.452000,-1.275366,3.149018,0.596081,-0.437213,-0.179162,0.850982,0.350529,0.063431,0,0
1789801405.740847,3,17.852634,21.302982,-0.258051,19.128000,24.452000,19.128000,20.452000,-1.275366,3.149018,0.596081,-0.437213,-0.179162,0.850982,0.350529,0.021834,0,0
1789801405.841089,3,17.852634,21.302982,-0.258051,19.128000,24.452000,19.128000,20.452000,-1.275366,3.149018,0.596081,-0.437213,-0.179162,0.850982,0.350529,-0.009244,0,0
1789801405.940828,3,17.852634,21.302982,-0.258051,19.128000,24.452000,19.128000,20.452000,-1.275366,3.149018,0.596081,-0.437213,-0.179162,0.850982,0.350529,-0.032348,0,0
1789801406.040790,3,17.852634,21.302982,-0.258051,19.128000,24.452000,19.128000,20.452000,-1.275366,3.149018,0.596081,-0.437213,-0.179162,0.850982,0.350529,-0.049424,0,0
1789801406.140794,3,17.852634,21.302982,-0.258051,19.128000,24.452000,19.128000,20.452000,-1.275366,3.149018,0.596081,-0.437213,-0.179162,0.850982,0.350529,-0.061959,0,0
1789801406.240879,3,17.874330,21.300761,-0.139221,19.128000,24.452000,19.128000,20.452000,-1.253670,3.151239,0.599843,-0.446276,-0.307055,0.848761,0.300000,-0.119653,0,0
1789801406.340787,3,17.874330,21.300761,-0.139221,19.128000,24.452000,19.128000,20.452000,-1.253670,3.151239,0.599843,-0.446276,-0.307055,0.848761,0.300000,-0.157933,0,0
1789801406.440945,3,17.874330,21.300761,-0.139221,19.128000,24.452000,19.128000,20.452000,-1.253670,3.151239,0.599843,-0.446276,-0.307055,0.848761,0.300000,-0.182256,0,0
1789801406.540851,3,17.874330,21.300761,-0.139221,19.128000,24.452000,19.128000,20.452000,-1.253670,3.151239,0.599843,-0.446276,-0.307055,0.848761,0.300000,-0.196673,0,0
1789801406.640727,3,17.874330,21.300761,-0.139221,19.128000,24.452000,19.128000,20.452000,-1.253670,3.151239,0.599843,-0.446276,-0.307055,0.848761,0.300000,-0.204174,0,0
1789801406.740726,3,17.874330,21.300761,-0.139221,19.128000,24.452000,19.128000,20.452000,-1.253670,3.151239,0.599843,-0.446276,-0.307055,0.848761,0.300000,-0.206949,0,0
1789801406.840822,3,17.874330,21.300761,-0.139221,19.128000,24.452000,19.128000,20.452000,-1.253670,3.151239,0.599843,-0.446276,-0.307055,0.848761,0.300000,-0.206588,0,0
1789801406.940736,3,17.874330,21.300761,-0.139221,19.128000,24.452000,19.128000,20.452000,-1.253670,3.151239,0.599843,-0.446276,-0.307055,0.848761,0.300000,-0.204235,0,0
1789801407.041582,3,17.874330,21.300761,-0.139221,19.128000,24.452000,19.128000,20.452000,-1.253670,3.151239,0.599843,-0.446276,-0.307055,0.848761,0.300000,-0.200700,0,0
1789801407.140704,3,17.874330,21.300761,-0.139221,19.128000,24.452000,19.128000,20.452000,-1.253670,3.151239,0.599843,-0.446276,-0.307055,0.848761,0.300000,-0.196551,0,0
1789801407.240712,3,17.874330,21.300761,-0.139221,19.128000,24.452000,19.128000,20.452000,-1.253670,3.151239,0.599843,-0.446276,-0.307055,0.848761,0.300000,-0.192175,0,0
1789801407.340673,3,17.874330,21.300761,-0.139221,19.128000,24.452000,19.128000,20.452000,-1.253670,3.151239,0.599843,-0.446276,-0.307055,0.848761,0.300000,-0.187828,0,0
1789801407.440691,3,17.874330,21.300761,-0.139221,19.128000,24.452000,19.128000,20.452000,-1.253670,3.151239,0.599843,-0.446276,-0.307055,0.848761,0.300000,-0.183674,0,0
1789801407.540682,3,17.874330,21.300761,-0.139221,19.128000,24.452000,19.128000,20.452000,-1.253670,3.151239,0.599843,-0.446276,-0.307055,0.848761,0.300000,-0.179810,0,0
1789801407.642387,3,17.874330,21.300761,-0.139221,19.128000,24.452000,19.128000,20.452000,-1.253670,3.151239,0.599843,-0.446276,-0.307055,0.848761,0.300000,-0.176285,0,0
1789801407.741569,3,17.874330,21.300761,-0.139221,19.128000,24.452000,19.128000,20.452000,-1.253670,3.151239,0.599843,-0.446276,-0.307055,0.848761,0.300000,-0.173119,0,0
1789801407.841894,3,17.874330,21.300761,-0.139221,19.128000,24.452000,19.128000,20.452000,-1.253670,3.151239,0.599843,-0.446276,-0.307055,0.848761,0.300000,-0.170309,0,0
1789801407.941453,3,17.874330,21.300761,-0.139221,19.128000,24.452000,19.128000,20.452000,-1.253670,3.151239,0.599843,-0.446276,-0.307055,0.848761,0.300000,-0.167840,0,0
1789801408.042158,3,17.874330,21.300761,-0.139221,19.128000,24.452000,19.128000,20.452000,-1.253670,3.151239,0.599843,-0.446276,-0.307055,0.848761,0.300000,-0.165687,0,0
1789801408.140629,3,17.874330,21.300761,-0.139221,19.128000,24.452000,19.128000,20.452000,-1.253670,3.151239,0.599843,-0.446276,-0.307055,0.848761,0.300000,-0.163822,0,0
1789801408.240658,3,17.874330,21.300761,-0.139221,19.128000,24.452000,19.128000,20.452000,-1.253670,3.151239,0.599843,-0.446276,-0.307055,0.848761,0.300000,-0.162217,0,0
1789801408.341418,3,17.874330,21.300761,-0.139221,19.128000,24.452000,19.128000,20.452000,-1.253670,3.151239,0.599843,-0.446276,-0.307055,0.848761,0.300000,-0.160843,0,0
1789801408.440575,3,17.874330,21.300761,-0.139221,19.128000,24.452000,19.128000,20.452000,-1.253670,3.151239,0.599843,-0.446276,-0.307055,0.848761,0.300000,-0.159670,0,0
1789801408.540567,3,17.874330,21.300761,-0.139221,19.128000,24.452000,19.128000,20.452000,-1.253670,3.151239,0.599843,-0.446276,-0.307055,0.848761,0.300000,-0.158674,0,0
1789801408.640794,3,17.874330,21.300761,-0.139221,19.128000,24.452000,19.128000,20.452000,-1.253670,3.151239,0.599843,-0.446276,-0.307055,0.848761,0.300000,-0.157831,0,0
1789801408.740567,3,17.874330,21.300761,-0.139221,19.128000,24.452000,19.128000,20.452000,-1.253670,3.151239,0.599843,-0.446276,-0.307055,0.848761,0.300000,-0.157119,0,0
1789801408.841623,3,17.874330,21.300761,-0.139221,19.128000,24.452000,19.128000,20.452000,-1.253670,3.151239,0.599843,-0.446276,-0.307055,0.848761,0.300000,-0.156520,0,0
1789801408.940523,3,17.874330,21.300761,-0.139221,19.128000,24.452000,19.128000,20.452000,-1.253670,3.151239,0.599843,-0.446276,-0.307055,0.848761,0.300000,-0.156016,0,0
1789801409.041646,3,17.874330,21.300761,-0.139221,19.128000,24.452000,19.128000,20.452000,-1.253670,3.151239,0.599843,-0.446276,-0.307055,0.848761,0.300000,-0.155595,0,0
1789801409.140626,3,17.874330,21.300761,-0.139221,19.128000,24.452000,19.128000,20.452000,-1.253670,3.151239,0.599843,-0.446276,-0.307055,0.848761,0.300000,-0.155242,0,0
1789801409.240598,3,17.874330,21.300761,-0.139221,19.128000,24.452000,19.128000,20.452000,-1.253670,3.151239,0.599843,-0.446276,-0.307055,0.848761,0.300000,-0.154948,0,0
1789801409.341444,3,17.874330,21.300761,-0.139221,19.128000,24.452000,19.128000,20.452000,-1.253670,3.151239,0.599843,-0.446276,-0.307055,0.848761,0.300000,-0.154703,0,0
1789801409.442151,3,17.874330,21.300761,-0.139221,19.128000,24.452000,19.128000,20.452000,-1.253670,3.151239,0.599843,-0.446276,-0.307055,0.848761,0.300000,-0.154499,0,0
1789801409.540469,3,17.874330,21.300761,-0.139221,19.128000,24.452000,19.128000,20.452000,-1.253670,3.151239,0.599843,-0.446276,-0.307055,0.848761,0.300000,-0.154330,0,0
1789801409.641690,3,17.874330,21.300761,-0.139221,19.128000,24.452000,19.128000,20.452000,-1.253670,3.151239,0.599843,-0.446276,-0.307055,0.848761,0.300000,-0.154189,0,0
1789801409.740502,3,17.874330,21.300761,-0.139221,19.128000,24.452000,19.128000,20.452000,-1.253670,3.151239,0.599843,-0.446276,-0.307055,0.848761,0.300000,-0.154073,0,0
1789801409.840555,3,17.874330,21.300761,-0.139221,19.128000,24.452000,19.128000,20.452000,-1.253670,3.151239,0.599843,-0.446276,-0.307055,0.848761,0.300000,-0.153976,0,0
1789801409.940422,3,17.874330,21.300761,-0.139221,19.128000,24.452000,19.128000,20.452000,-1.253670,3.151239,0.599843,-0.446276,-0.307055,0.848761,0.300000,-0.153897,0,0
1789801410.040463,3,17.874330,21.300761,-0.139221,19.128000,24.452000,19.128000,20.452000,-1.253670,3.151239,0.599843,-0.446276,-0.307055,0.848761,0.300000,-0.153831,0,0
1789801410.140411,3,17.874330,21.300761,-0.139221,19.128000,24.452000,19.128000,20.452000,-1.253670,3.151239,0.599843,-0.446276,-0.307055,0.848761,0.300000,-0.153777,0,0
1789801410.240479,3,17.874330,21.300761,-0.139221,19.128000,24.452000,19.128000,20.452000,-1.253670,3.151239,0.599843,-0.446276,-0.307055,0.848761,0.300000,-0.153732,0,0
1789801410.340370,3,17.874330,21.300761,-0.139221,19.128000,24.452000,19.128000,20.452000,-1.253670,3.151239,0.599843,-0.446276,-0.307055,0.848761,0.300000,-0.153695,0,0
1789801410.441881,3,17.874330,21.300761,-0.139221,19.128000,24.452000,19.128000,20.452000,-1.253670,3.151239,0.599843,-0.446276,-0.307055,0.848761,0.300000,-0.153665,0,0
1789801410.540879,3,17.874330,21.300761,-0.139221,19.128000,24.452000,19.128000,20.452000,-1.253670,3.151239,0.599843,-0.446276,-0.307055,0.848761,0.300000,-0.153640,0,0
1789801410.641483,3,17.874330,21.300761,-0.139221,19.128000,24.452000,19.128000,20.452000,-1.253670,3.151239,0.599843,-0.446276,-0.307055,0.848761,0.300000,-0.153620,0,0
1789801410.740337,3,17.874330,21.300761,-0.139221,19.128000,24.452000,19.128000,20.452000,-1.253670,3.151239,0.599843,-0.446276,-0.307055,0.848761,0.300000,-0.153603,0,0
1789801410.840450,3,17.874330,21.300761,-0.139221,19.128000,24.452000,19.128000,20.452000,-1.253670,3.151239,0.599843,-0.446276,-0.307055,0.848761,0.300000,-0.153589,0,0
1789801410.940486,3,17.874330,21.300761,-0.139221,19.128000,24.452000,19.128000,20.452000,-1.253670,3.151239,0.599843,-0.446276,-0.307055,0.848761,0.300000,-0.153578,0,0
1789801411.040353,3,17.874330,21.300761,-0.139221,19.128000,24.452000,19.128000,20.452000,-1.253670,3.151239,0.599843,-0.446276,-0.307055,0.848761,0.300000,-0.153569,0,0
1789801411.140332,3,17.874330,21.300761,-0.139221,19.128000,24.452000,19.128000,20.452000,-1.253670,3.151239,0.599843,-0.446276,-0.307055,0.848761,0.300000,-0.153561,0,0
1789801411.240303,3,17.874330,21.300761,-0.139221,19.128000,24.452000,19.128000,20.452000,-1.253670,3.151239,0.599843,-0.446276,-0.307055,0.848761,0.300000,-0.153555,0,0
1789801411.340333,3,17.874330,21.300761,-0.139221,19.128000,24.452000,19.128000,20.452000,-1.253670,3.151239,0.599843,-0.446276,-0.307055,0.848761,0.300000,-0.153550,0,0
1789801411.440617,3,17.874330,21.300761,-0.139221,19.128000,24.452000,19.128000,20.452000,-1.253670,3.151239,0.599843,-0.446276,-0.307055,0.848761,0.300000,-0.153546,0,0
1789801411.540392,3,17.874330,21.300761,-0.139221,19.128000,24.452000,19.128000,20.452000,-1.253670,3.151239,0.599843,-0.446276,-0.307055,0.848761,0.300000,-0.153542,0,0
1789801411.640338,3,17.874330,21.300761,-0.139221,19.128000,24.452000,19.128000,20.452000,-1.253670,3.151239,0.599843,-0.446276,-0.307055,0.848761,0.300000,-0.153540,0,0
1789801411.740272,3,17.874330,21.300761,-0.139221,19.128000,24.452000,19.128000,20.452000,-1.253670,3.151239,0.599843,-0.446276,-0.307055,0.848761,0.300000,-0.153537,0,0
1789801411.840230,3,17.874330,21.300761,-0.139221,19.128000,24.452000,19.128000,20.452000,-1.253670,3.151239,0.599843,-0.446276,-0.307055,0.848761,0.300000,-0.153535,0,0
1789801411.940266,3,17.874330,21.300761,-0.139221,19.128000,24.452000,19.128000,20.452000,-1.253670,3.151239,0.599843,-0.446276,-0.307055,0.848761,0.300000,-0.153534,0,0
1789801412.040477,3,17.874330,21.300761,-0.139221,19.128000,24.452000,19.128000,20.452000,-1.253670,3.151239,0.599843,-0.446276,-0.307055,0.848761,0.300000,-0.153533,0,0
1789801412.140226,3,17.915189,21.295158,-0.004417,19.128000,24.452000,19.128000,20.452000,-1.212811,3.156842,0.607141,-0.464133,-0.459716,0.843158,0.300000,-0.211649,0,0
1789801412.240269,3,17.915189,21.295158,-0.004417,19.128000,24.452000,19.128000,20.452000,-1.212811,3.156842,0.607141,-0.464133,-0.459716,0.843158,0.300000,-0.249572,0,0
1789801412.340202,3,17.915189,21.295158,-0.004417,19.128000,24.452000,19.128000,20.452000,-1.212811,3.156842,0.607141,-0.464133,-0.459716,0.843158,0.300000,-0.273054,0,0
1789801412.440324,3,17.915189,21.295158,-0.004417,19.128000,24.452000,19.128000,20.452000,-1.212811,3.156842,0.607141,-0.464133,-0.459716,0.843158,0.300000,-0.286355,0,0
1789801412.540670,3,17.915189,21.295158,-0.004417,19.128000,24.452000,19.128000,20.452000,-1.212811,3.156842,0.607141,-0.464133,-0.459716,0.843158,0.300000,-0.292607,0,0
1789801412.640182,3,17.915189,21.295158,-0.004417,19.128000,24.452000,19.128000,20.452000,-1.212811,3.156842,0.607141,-0.464133,-0.459716,0.843158,0.300000,-0.294099,0,0
1789801412.741680,3,17.915189,21.295158,-0.004417,19.128000,24.452000,19.128000,20.452000,-1.212811,3.156842,0.607141,-0.464133,-0.459716,0.843158,0.300000,-0.292484,0,0
1789801412.841027,3,17.915189,21.295158,-0.004417,19.128000,24.452000,19.128000,20.452000,-1.212811,3.156842,0.607141,-0.464133,-0.459716,0.843158,0.300000,-0.288945,0,0
1789801412.940125,3,17.915189,21.295158,-0.004417,19.128000,24.452000,19.128000,20.452000,-1.212811,3.156842,0.607141,-0.464133,-0.459716,0.843158,0.300000,-0.284317,0,0
1789801413.040172,3,17.915189,21.295158,-0.004417,19.128000,24.452000,19.128000,20.452000,-1.212811,3.156842,0.607141,-0.464133,-0.459716,0.843158,0.300000,-0.279177,0,0
1789801413.140145,3,17.915189,21.295158,-0.004417,19.128000,24.452000,19.128000,20.452000,-1.212811,3.156842,0.607141,-0.464133,-0.459716,0.843158,0.300000,-0.273914,0,0
1789801413.240123,3,17.915189,21.295158,-0.004417,19.128000,24.452000,19.128000,20.452000,-1.212811,3.156842,0.607141,-0.464133,-0.459716,0.843158,0.300000,-0.268784,0,0
1789801413.340116,3,17.915189,21.295158,-0.004417,19.128000,24.452000,19.128000,20.452000,-1.212811,3.156842,0.607141,-0.464133,-0.459716,0.843158,0.300000,-0.263943,0,0
1789801413.440123,3,17.915189,21.295158,-0.004417,19.128000,24.452000,19.128000,20.452000,-1.212811,3.156842,0.607141,-0.464133,-0.459716,0.843158,0.300000,-0.259482,0,0
1789801413.540121,3,17.915189,21.295158,-0.004417,19.128000,24.452000,19.128000,20.452000,-1.212811,3.156842,0.607141,-0.464133,-0.459716,0.843158,0.300000,-0.255442,0,0
1789801413.640102,3,17.915189,21.295158,-0.004417,19.128000,24.452000,19.128000,20.452000,-1.212811,3.156842,0.607141,-0.464133,-0.459716,0.843158,0.300000,-0.251833,0,0
1789801413.740087,3,17.915189,21.295158,-0.004417,19.128000,24.452000,19.128000,20.452000,-1.212811,3.156842,0.607141,-0.464133,-0.459716,0.843158,0.300000,-0.248644,0,0
1789801413.840284,3,17.915189,21.295158,-0.004417,19.128000,24.452000,19.128000,20.452000,-1.212811,3.156842,0.607141,-0.464133,-0.459716,0.843158,0.300000,-0.245852,0,0
1789801413.940078,3,17.915189,21.295158,-0.004417,19.128000,24.452000,19.128000,20.452000,-1.212811,3.156842,0.607141,-0.464133,-0.459716,0.843158,0.300000,-0.243425,0,0
1789801414.040037,3,17.915189,21.295158,-0.004417,19.128000,24.452000,19.128000,20.452000,-1.212811,3.156842,0.607141,-0.464133,-0.459716,0.843158,0.300000,-0.241329,0,0
1789801414.140150,3,17.915189,21.295158,-0.004417,19.128000,24.452000,19.128000,20.452000,-1.212811,3.156842,0.607141,-0.464133,-0.459716,0.843158,0.300000,-0.239529,0,0
1789801414.241331,3,17.915189,21.295158,-0.004417,19.128000,24.452000,19.128000,20.452000,-1.212811,3.156842,0.607141,-0.464133,-0.459716,0.843158,0.300000,-0.237990,0,0
1789801414.340319,3,17.915189,21.295158,-0.004417,19.128000,24.452000,19.128000,20.452000,-1.212811,3.156842,0.607141,-0.464133,-0.459716,0.843158,0.300000,-0.236680,0,0
1789801414.440374,3,17.915189,21.295158,-0.004417,19.128000,24.452000,19.128000,20.452000,-1.212811,3.156842,0.607141,-0.464133,-0.459716,0.843158,0.300000,-0.235568,0,0
1789801414.540499,3,17.915189,21.295158,-0.004417,19.128000,24.452000,19.128000,20.452000,-1.212811,3.156842,0.607141,-0.464133,-0.459716,0.843158,0.300000,-0.234628,0,0
1789801414.640578,3,17.915189,21.295158,-0.004417,19.128000,24.452000,19.128000,20.452000,-1.212811,3.156842,0.607141,-0.464133,-0.459716,0.843158,0.300000,-0.233836,0,0
1789801414.740623,3,17.915189,21.295158,-0.004417,19.128000,24.452000,19.128000,20.452000,-1.212811,3.156842,0.607141,-0.464133,-0.459716,0.843158,0.300000,-0.233170,0,0
1789801414.842078,3,17.915189,21.295158,-0.004417,19.128000,24.452000,19.128000,20.452000,-1.212811,3.156842,0.607141,-0.464133,-0.459716,0.843158,0.300000,-0.232611,0,0
1789801414.942302,3,17.915189,21.295158,-0.004417,19.128000,24.452000,19.128000,20.452000,-1.212811,3.156842,0.607141,-0.464133,-0.459716,0.843158,0.300000,-0.232143,0,0
1789801415.042116,3,17.915189,21.295158,-0.004417,19.128000,24.452000,19.128000,20.452000,-1.212811,3.156842,0.607141,-0.464133,-0.459716,0.843158,0.300000,-0.231753,0,0
1789801415.140955,3,17.915189,21.295158,-0.004417,19.128000,24.452000,19.128000,20.452000,-1.212811,3.156842,0.607141,-0.464133,-0.459716,0.843158,0.300000,-0.231427,0,0
1789801415.240994,3,17.915189,21.295158,-0.004417,19.128000,24.452000,19.128000,20.452000,-1.212811,3.156842,0.607141,-0.464133,-0.459716,0.843158,0.300000,-0.231155,0,0
1789801415.341121,3,17.915189,21.295158,-0.004417,19.128000,24.452000,19.128000,20.452000,-1.212811,3.156842,0.607141,-0.464133,-0.459716,0.843158,0.300000,-0.230930,0,0
1789801415.441161,3,17.915189,21.295158,-0.004417,19.128000,24.452000,19.128000,20.452000,-1.212811,3.156842,0.607141,-0.464133,-0.459716,0.843158,0.300000,-0.230743,0,0
1789801415.541971,3,17.915189,21.295158,-0.004417,19.128000,24.452000,19.128000,20.452000,-1.212811,3.156842,0.607141,-0.464133,-0.459716,0.843158,0.300000,-0.230587,0,0
1789801415.641963,3,17.915189,21.295158,-0.004417,19.128000,24.452000,19.128000,20.452000,-1.212811,3.156842,0.607141,-0.464133,-0.459716,0.843158,0.300000,-0.230459,0,0
1789801415.741592,3,17.915189,21.295158,-0.004417,19.128000,24.452000,19.128000,20.452000,-1.212811,3.156842,0.607141,-0.464133,-0.459716,0.843158,0.300000,-0.230353,0,0
1789801415.841965,3,17.915189,21.295158,-0.004417,19.128000,24.452000,19.128000,20.452000,-1.212811,3.156842,0.607141,-0.464133,-0.459716,0.843158,0.300000,-0.230265,0,0
1789801415.942491,3,17.915189,21.295158,-0.004417,19.128000,24.452000,19.128000,20.452000,-1.212811,3.156842,0.607141,-0.464133,-0.459716,0.843158,0.300000,-0.230192,0,0
1789801416.041624,3,17.915189,21.295158,-0.004417,19.128000,24.452000,19.128000,20.452000,-1.212811,3.156842,0.607141,-0.464133,-0.459716,0.843158,0.300000,-0.230132,0,0
1789801416.141712,3,17.915189,21.295158,-0.004417,19.128000,24.452000,19.128000,20.452000,-1.212811,3.156842,0.607141,-0.464133,-0.459716,0.843158,0.300000,-0.230083,0,0
1789801416.241753,3,17.915189,21.295158,-0.004417,19.128000,24.452000,19.128000,20.452000,-1.212811,3.156842,0.607141,-0.464133,-0.459716,0.843158,0.300000,-0.230043,0,0
1789801416.341871,3,17.915189,21.295158,-0.004417,19.128000,24.452000,19.128000,20.452000,-1.212811,3.156842,0.607141,-0.464133,-0.459716,0.843158,0.300000,-0.230009,0,0
1789801416.441854,3,17.915189,21.295158,-0.004417,19.128000,24.452000,19.128000,20.452000,-1.212811,3.156842,0.607141,-0.464133,-0.459716,0.843158,0.300000,-0.229982,0,0
1789801416.542058,3,17.915189,21.295158,-0.004417,19.128000,24.452000,19.128000,20.452000,-1.212811,3.156842,0.607141,-0.464133,-0.459716,0.843158,0.300000,-0.229959,0,0
1789801416.642449,3,17.915189,21.295158,-0.004417,19.128000,24.452000,19.128000,20.452000,-1.212811,3.156842,0.607141,-0.464133,-0.459716,0.843158,0.300000,-0.229941,0,0
1789801416.742194,3,17.915189,21.295158,-0.004417,19.128000,24.452000,19.128000,20.452000,-1.212811,3.156842,0.607141,-0.464133,-0.459716,0.843158,0.300000,-0.229926,0,0
1789801416.842271,3,17.915189,21.295158,-0.004417,19.128000,24.452000,19.128000,20.452000,-1.212811,3.156842,0.607141,-0.464133,-0.459716,0.843158,0.300000,-0.229913,0,0
1789801416.942220,3,17.915189,21.295158,-0.004417,19.128000,24.452000,19.128000,20.452000,-1.212811,3.156842,0.607141,-0.464133,-0.459716,0.843158,0.300000,-0.229903,0,0
1789801417.042407,3,17.915189,21.295158,-0.004417,19.128000,24.452000,19.128000,20.452000,-1.212811,3.156842,0.607141,-0.464133,-0.459716,0.843158,0.300000,-0.229895,0,0
1789801417.142424,3,17.915189,21.295158,-0.004417,19.128000,24.452000,19.128000,20.452000,-1.212811,3.156842,0.607141,-0.464133,-0.459716,0.843158,0.300000,-0.229888,0,0
1789801417.242515,3,17.915189,21.295158,-0.004417,19.128000,24.452000,19.128000,20.452000,-1.212811,3.156842,0.607141,-0.464133,-0.459716,0.843158,0.300000,-0.229883,0,0
1789801417.342578,3,17.915189,21.295158,-0.004417,19.128000,24.452000,19.128000,20.452000,-1.212811,3.156842,0.607141,-0.464133,-0.459716,0.843158,0.300000,-0.229878,0,0
1789801417.442680,3,17.915189,21.295158,-0.004417,19.128000,24.452000,19.128000,20.452000,-1.212811,3.156842,0.607141,-0.464133,-0.459716,0.843158,0.300000,-0.229874,0,0
1789801417.542758,3,17.915189,21.295158,-0.004417,19.128000,24.452000,19.128000,20.452000,-1.212811,3.156842,0.607141,-0.464133,-0.459716,0.843158,0.300000,-0.229871,0,0
1789801417.642784,3,17.915189,21.295158,-0.004417,19.128000,24.452000,19.128000,20.452000,-1.212811,3.156842,0.607141,-0.464133,-0.459716,0.843158,0.300000,-0.229869,0,0
1789801417.742846,3,17.915189,21.295158,-0.004417,19.128000,24.452000,19.128000,20.452000,-1.212811,3.156842,0.607141,-0.464133,-0.459716,0.843158,0.300000,-0.229867,0,0
1789801417.842933,3,17.915189,21.295158,-0.004417,19.128000,24.452000,19.128000,20.452000,-1.212811,3.156842,0.607141,-0.464133,-0.459716,0.843158,0.300000,-0.229865,0,0
1789801417.943027,3,17.915189,21.295158,-0.004417,19.128000,24.452000,19.128000,20.452000,-1.212811,3.156842,0.607141,-0.464133,-0.459716,0.843158,0.300000,-0.229864,0,0
1789801418.043039,3,17.915189,21.295158,-0.004417,19.128000,24.452000,19.128000,20.452000,-1.212811,3.156842,0.607141,-0.464133,-0.459716,0.843158,0.300000,-0.229863,0,0
1789801418.143157,3,17.915189,21.295158,-0.004417,19.128000,24.452000,19.128000,20.452000,-1.212811,3.156842,0.607141,-0.464133,-0.459716,0.843158,0.300000,-0.229862,0,0
1789801418.243218,3,17.915189,21.295158,-0.004417,19.128000,24.452000,19.128000,20.452000,-1.212811,3.156842,0.607141,-0.464133,-0.459716,0.843158,0.300000,-0.229861,0,0
1789801418.343330,3,17.915189,21.295158,-0.004417,19.128000,24.452000,19.128000,20.452000,-1.212811,3.156842,0.607141,-0.464133,-0.459716,0.843158,0.300000,-0.229860,0,0
1789801418.443419,3,17.915189,21.295158,-0.004417,19.128000,24.452000,19.128000,20.452000,-1.212811,3.156842,0.607141,-0.464133,-0.459716,0.843158,0.300000,-0.229860,0,0
1789801418.543493,3,17.915189,21.295158,-0.004417,19.128000,24.452000,19.128000,20.452000,-1.212811,3.156842,0.607141,-0.464133,-0.459716,0.843158,0.300000,-0.229860,0,0
1789801418.643541,3,17.915189,21.295158,-0.004417,19.128000,24.452000,19.128000,20.452000,-1.212811,3.156842,0.607141,-0.464133,-0.459716,0.843158,0.300000,-0.229859,0,0
1789801418.743645,3,17.915189,21.295158,-0.004417,19.128000,24.452000,19.128000,20.452000,-1.212811,3.156842,0.607141,-0.464133,-0.459716,0.843158,0.300000,-0.229859,0,0
1789801418.843665,3,17.915189,21.295158,-0.004417,19.128000,24.452000,19.128000,20.452000,-1.212811,3.156842,0.607141,-0.464133,-0.459716,0.843158,0.300000,-0.229859,0,0
1789801418.943769,3,17.915189,21.295158,-0.004417,19.128000,24.452000,19.128000,20.452000,-1.212811,3.156842,0.607141,-0.464133,-0.459716,0.843158,0.300000,-0.229859,0,0
1789801419.043839,3,17.915189,21.295158,-0.004417,19.128000,24.452000,19.128000,20.452000,-1.212811,3.156842,0.607141,-0.464133,-0.459716,0.843158,0.300000,-0.229858,0,0
1789801419.143862,3,17.915189,21.295158,-0.004417,19.128000,24.452000,19.128000,20.452000,-1.212811,3.156842,0.607141,-0.464133,-0.459716,0.843158,0.300000,-0.229858,0,0
1789801419.243967,3,17.915189,21.295158,-0.004417,19.128000,24.452000,19.128000,20.452000,-1.212811,3.156842,0.607141,-0.464133,-0.459716,0.843158,0.300000,-0.229858,0,0
1789801419.344027,3,17.915189,21.295158,-0.004417,19.128000,24.452000,19.128000,20.452000,-1.212811,3.156842,0.607141,-0.464133,-0.459716,0.843158,0.300000,-0.229858,0,0
1789801419.444093,3,17.915189,21.295158,-0.004417,19.128000,24.452000,19.128000,20.452000,-1.212811,3.156842,0.607141,-0.464133,-0.459716,0.843158,0.300000,-0.229858,0,0
1789801419.544181,3,17.915189,21.295158,-0.004417,19.128000,24.452000,19.128000,20.452000,-1.212811,3.156842,0.607141,-0.464133,-0.459716,0.843158,0.300000,-0.229858,0,0
1789801419.644185,3,17.915189,21.295158,-0.004417,19.128000,24.452000,19.128000,20.452000,-1.212811,3.156842,0.607141,-0.464133,-0.459716,0.843158,0.300000,-0.229858,0,0
1789801419.744341,3,17.915189,21.295158,-0.004417,19.128000,24.452000,19.128000,20.452000,-1.212811,3.156842,0.607141,-0.464133,-0.459716,0.843158,0.300000,-0.229858,0,0
1789801419.844386,3,17.915189,21.295158,-0.004417,19.128000,24.452000,19.128000,20.452000,-1.212811,3.156842,0.607141,-0.464133,-0.459716,0.843158,0.300000,-0.229858,0,0
1789801419.944498,3,17.915189,21.295158,-0.004417,19.128000,24.452000,19.128000,20.452000,-1.212811,3.156842,0.607141,-0.464133,-0.459716,0.843158,0.300000,-0.229858,0,0
1789801420.044554,3,17.915189,21.295158,-0.004417,19.128000,24.452000,19.128000,20.452000,-1.212811,3.156842,0.607141,-0.464133,-0.459716,0.843158,0.300000,-0.229858,0,0
1789801420.144601,3,17.915189,21.295158,-0.004417,19.128000,24.452000,19.128000,20.452000,-1.212811,3.156842,0.607141,-0.464133,-0.459716,0.843158,0.300000,-0.229858,0,0
1789801420.244661,3,17.915189,21.295158,-0.004417,19.128000,24.452000,19.128000,20.452000,-1.212811,3.156842,0.607141,-0.464133,-0.459716,0.843158,0.300000,-0.229858,0,0
1789801420.344737,3,17.915189,21.295158,-0.004417,19.128000,24.452000,19.128000,20.452000,-1.212811,3.156842,0.607141,-0.464133,-0.459716,0.843158,0.300000,-0.229858,0,0
1789801420.444829,3,17.915189,21.295158,-0.004417,19.128000,24.452000,19.128000,20.452000,-1.212811,3.156842,0.607141,-0.464133,-0.459716,0.843158,0.300000,-0.229858,0,0
1789801420.544896,3,17.915189,21.295158,-0.004417,19.128000,24.452000,19.128000,20.452000,-1.212811,3.156842,0.607141,-0.464133,-0.459716,0.843158,0.300000,-0.229858,0,0
1789801420.644966,3,17.915189,21.295158,-0.004417,19.128000,24.452000,19.128000,20.452000,-1.212811,3.156842,0.607141,-0.464133,-0.459716,0.843158,0.300000,-0.229858,0,0
1789801420.745003,3,17.915189,21.295158,-0.004417,19.128000,24.452000,19.128000,20.452000,-1.212811,3.156842,0.607141,-0.464133,-0.459716,0.843158,0.300000,-0.229858,0,0
1789801420.845106,3,17.915189,21.295158,-0.004417,19.128000,24.452000,19.128000,20.452000,-1.212811,3.156842,0.607141,-0.464133,-0.459716,0.843158,0.300000,-0.229858,0,0
1789801420.945152,3,17.915189,21.295158,-0.004417,19.128000,24.452000,19.128000,20.452000,-1.212811,3.156842,0.607141,-0.464133,-0.459716,0.843158,0.300000,-0.229858,0,0
1789801421.045262,3,17.915189,21.295158,-0.004417,19.128000,24.452000,19.128000,20.452000,-1.212811,3.156842,0.607141,-0.464133,-0.459716,0.843158,0.300000,-0.229858,0,0
1789801421.145323,3,17.915189,21.295158,-0.004417,19.128000,24.452000,19.128000,20.452000,-1.212811,3.156842,0.607141,-0.464133,-0.459716,0.843158,0.300000,-0.229858,0,0
1789801421.245414,3,17.915189,21.295158,-0.004417,19.128000,24.452000,19.128000,20.452000,-1.212811,3.156842,0.607141,-0.464133,-0.459716,0.843158,0.300000,-0.229858,0,0
1789801421.345471,3,17.915189,21.295158,-0.004417,19.128000,24.452000,19.128000,20.452000,-1.212811,3.156842,0.607141,-0.464133,-0.459716,0.843158,0.300000,-0.229858,0,0
1789801421.445522,3,17.915189,21.295158,-0.004417,19.128000,24.452000,19.128000,20.452000,-1.212811,3.156842,0.607141,-0.464133,-0.459716,0.843158,0.300000,-0.229858,0,0
1789801421.545610,3,17.915189,21.295158,-0.004417,19.128000,24.452000,19.128000,20.452000,-1.212811,3.156842,0.607141,-0.464133,-0.459716,0.843158,0.300000,-0.229858,0,0
1789801421.645634,3,17.915189,21.295158,-0.004417,19.128000,24.452000,19.128000,20.452000,-1.212811,3.156842,0.607141,-0.464133,-0.459716,0.843158,0.300000,-0.229858,0,0
1789801421.745733,3,17.915189,21.295158,-0.004417,19.128000,24.452000,19.128000,20.452000,-1.212811,3.156842,0.607141,-0.464133,-0.459716,0.843158,0.300000,-0.229858,0,0
1789801421.845831,3,17.915189,21.295158,-0.004417,19.128000,24.452000,19.128000,20.452000,-1.212811,3.156842,0.607141,-0.464133,-0.459716,0.843158,0.300000,-0.229858,0,0
1789801421.945857,3,17.915189,21.295158,-0.004417,19.128000,24.452000,19.128000,20.452000,-1.212811,3.156842,0.607141,-0.464133,-0.459716,0.843158,0.300000,-0.229858,0,0
1789801422.045885,3,17.915189,21.295158,-0.004417,19.128000,24.452000,19.128000,20.452000,-1.212811,3.156842,0.607141,-0.464133,-0.459716,0.843158,0.300000,-0.229858,0,0
1789801422.146091,3,17.915189,21.295158,-0.004417,19.128000,24.452000,19.128000,20.452000,-1.212811,3.156842,0.607141,-0.464133,-0.459716,0.843158,0.300000,-0.229858,0,0
1789801422.246137,3,17.915189,21.295158,-0.004417,19.128000,24.452000,19.128000,20.452000,-1.212811,3.156842,0.607141,-0.464133,-0.459716,0.843158,0.300000,-0.229858,0,0
1789801422.346117,3,17.915189,21.295158,-0.004417,19.128000,24.452000,19.128000,20.452000,-1.212811,3.156842,0.607141,-0.464133,-0.459716,0.843158,0.300000,-0.229858,0,0
1789801422.446215,3,17.915189,21.295158,-0.004417,19.128000,24.452000,19.128000,20.452000,-1.212811,3.156842,0.607141,-0.464133,-0.459716,0.843158,0.300000,-0.229858,0,0
1789801422.546242,3,17.915189,21.295158,-0.004417,19.128000,24.452000,19.128000,20.452000,-1.212811,3.156842,0.607141,-0.464133,-0.459716,0.843158,0.300000,-0.229858,0,0
1789801422.646320,3,17.915189,21.295158,-0.004417,19.128000,24.452000,19.128000,20.452000,-1.212811,3.156842,0.607141,-0.464133,-0.459716,0.843158,0.300000,-0.229858,0,0
1789801422.746394,3,17.915189,21.295158,-0.004417,19.128000,24.452000,19.128000,20.452000,-1.212811,3.156842,0.607141,-0.464133,-0.459716,0.843158,0.300000,-0.229858,0,0
1789801422.846454,3,17.915189,21.295158,-0.004417,19.128000,24.452000,19.128000,20.452000,-1.212811,3.156842,0.607141,-0.464133,-0.459716,0.843158,0.300000,-0.229858,0,0
1789801422.946704,3,17.915189,21.295158,-0.004417,19.128000,24.452000,19.128000,20.452000,-1.212811,3.156842,0.607141,-0.464133,-0.459716,0.843158,0.300000,-0.229858,0,0
1789801423.046600,3,17.915189,21.295158,-0.004417,19.128000,24.452000,19.128000,20.452000,-1.212811,3.156842,0.607141,-0.464133,-0.459716,0.843158,0.300000,-0.229858,0,0
1789801423.146665,3,17.915189,21.295158,-0.004417,19.128000,24.452000,19.128000,20.452000,-1.212811,3.156842,0.607141,-0.464133,-0.459716,0.843158,0.300000,-0.229858,0,0
1789801423.246752,3,17.915189,21.295158,-0.004417,19.128000,24.452000,19.128000,20.452000,-1.212811,3.156842,0.607141,-0.464133,-0.459716,0.843158,0.300000,-0.229858,0,0
1789801423.346809,3,17.915189,21.295158,-0.004417,19.128000,24.452000,19.128000,20.452000,-1.212811,3.156842,0.607141,-0.464133,-0.459716,0.843158,0.300000,-0.229858,0,0
1789801423.446958,3,17.915189,21.295158,-0.004417,19.128000,24.452000,19.128000,20.452000,-1.212811,3.156842,0.607141,-0.464133,-0.459716,0.843158,0.300000,-0.229858,0,0
1789801423.546928,3,17.915189,21.295158,-0.004417,19.128000,24.452000,19.128000,20.452000,-1.212811,3.156842,0.607141,-0.464133,-0.459716,0.843158,0.300000,-0.229858,0,0
1789801423.647032,3,17.915189,21.295158,-0.004417,19.128000,24.452000,19.128000,20.452000,-1.212811,3.156842,0.607141,-0.464133,-0.459716,0.843158,0.300000,-0.229858,0,0
1789801423.747075,3,17.915189,21.295158,-0.004417,19.128000,24.452000,19.128000,20.452000,-1.212811,3.156842,0.607141,-0.464133,-0.459716,0.843158,0.300000,-0.229858,0,0
1789801423.847128,3,17.915189,21.295158,-0.004417,19.128000,24.452000,19.128000,20.452000,-1.212811,3.156842,0.607141,-0.464133,-0.459716,0.843158,0.300000,-0.229858,0,0
1789801423.947373,3,17.915189,21.295158,-0.004417,19.128000,24.452000,19.128000,20.452000,-1.212811,3.156842,0.607141,-0.464133,-0.459716,0.843158,0.300000,-0.229858,0,0
1789801424.047264,3,17.915189,21.295158,-0.004417,19.128000,24.452000,19.128000,20.452000,-1.212811,3.156842,0.607141,-0.464133,-0.459716,0.843158,0.300000,-0.229858,0,0
1789801424.147386,3,17.915189,21.295158,-0.004417,19.128000,24.452000,19.128000,20.452000,-1.212811,3.156842,0.607141,-0.464133,-0.459716,0.843158,0.300000,-0.229858,0,0
1789801424.247396,3,17.915189,21.295158,-0.004417,19.128000,24.452000,19.128000,20.452000,-1.212811,3.156842,0.607141,-0.464133,-0.459716,0.843158,0.300000,-0.229858,0,0
1789801424.347513,3,17.915189,21.295158,-0.004417,19.128000,24.452000,19.128000,20.452000,-1.212811,3.156842,0.607141,-0.464133,-0.459716,0.843158,0.300000,-0.229858,0,0
1789801424.447546,3,17.915189,21.295158,-0.004417,19.128000,24.452000,19.128000,20.452000,-1.212811,3.156842,0.607141,-0.464133,-0.459716,0.843158,0.300000,-0.229858,0,0
1789801424.547602,3,17.915189,21.295158,-0.004417,19.128000,24.452000,19.128000,20.452000,-1.212811,3.156842,0.607141,-0.464133,-0.459716,0.843158,0.300000,-0.229858,0,0
1789801424.647649,3,17.915189,21.295158,-0.004417,19.128000,24.452000,19.128000,20.452000,-1.212811,3.156842,0.607141,-0.464133,-0.459716,0.843158,0.300000,-0.229858,0,0
1789801424.747738,3,17.915189,21.295158,-0.004417,19.128000,24.452000,19.128000,20.452000,-1.212811,3.156842,0.607141,-0.464133,-0.459716,0.843158,0.300000,-0.229858,0,0
1789801424.847776,3,17.915189,21.295158,-0.004417,19.128000,24.452000,19.128000,20.452000,-1.212811,3.156842,0.607141,-0.464133,-0.459716,0.843158,0.300000,-0.229858,0,0
1789801424.947856,3,17.915189,21.295158,-0.004417,19.128000,24.452000,19.128000,20.452000,-1.212811,3.156842,0.607141,-0.464133,-0.459716,0.843158,0.300000,-0.229858,0,0
1789801425.048000,3,17.915189,21.295158,-0.004417,19.128000,24.452000,19.128000,20.452000,-1.212811,3.156842,0.607141,-0.464133,-0.459716,0.843158,0.300000,-0.229858,0,0
1789801425.147961,3,17.915189,21.295158,-0.004417,19.128000,24.452000,19.128000,20.452000,-1.212811,3.156842,0.607141,-0.464133,-0.459716,0.843158,0.300000,-0.229858,0,0
1789801425.248070,3,17.915189,21.295158,-0.004417,19.128000,24.452000,19.128000,20.452000,-1.212811,3.156842,0.607141,-0.464133,-0.459716,0.843158,0.300000,-0.229858,0,0
1789801425.348139,3,17.915189,21.295158,-0.004417,19.128000,24.452000,19.128000,20.452000,-1.212811,3.156842,0.607141,-0.464133,-0.459716,0.843158,0.300000,-0.229858,0,0
1789801425.448194,3,17.915189,21.295158,-0.004417,19.128000,24.452000,19.128000,20.452000,-1.212811,3.156842,0.607141,-0.464133,-0.459716,0.843158,0.300000,-0.229858,0,0
1789801425.548238,3,17.915189,21.295158,-0.004417,19.128000,24.452000,19.128000,20.452000,-1.212811,3.156842,0.607141,-0.464133,-0.459716,0.843158,0.300000,-0.229858,0,0
1789801425.648340,3,17.915189,21.295158,-0.004417,19.128000,24.452000,19.128000,20.452000,-1.212811,3.156842,0.607141,-0.464133,-0.459716,0.843158,0.300000,-0.229858,0,0
1789801425.748378,3,17.915189,21.295158,-0.004417,19.128000,24.452000,19.128000,20.452000,-1.212811,3.156842,0.607141,-0.464133,-0.459716,0.843158,0.300000,-0.229858,0,0
1789801425.848452,3,17.915189,21.295158,-0.004417,19.128000,24.452000,19.128000,20.452000,-1.212811,3.156842,0.607141,-0.464133,-0.459716,0.843158,0.300000,-0.229858,0,0
1789801425.948480,3,17.915189,21.295158,-0.004417,19.128000,24.452000,19.128000,20.452000,-1.212811,3.156842,0.607141,-0.464133,-0.459716,0.843158,0.300000,-0.229858,0,0
1789801426.048689,3,17.915189,21.295158,-0.004417,19.128000,24.452000,19.128000,20.452000,-1.212811,3.156842,0.607141,-0.464133,-0.459716,0.843158,0.300000,-0.229858,0,0
1789801426.148653,3,17.915189,21.295158,-0.004417,19.128000,24.452000,19.128000,20.452000,-1.212811,3.156842,0.607141,-0.464133,-0.459716,0.843158,0.300000,-0.229858,0,0
1789801426.248676,3,17.915189,21.295158,-0.004417,19.128000,24.452000,19.128000,20.452000,-1.212811,3.156842,0.607141,-0.464133,-0.459716,0.843158,0.300000,-0.229858,0,0
1789801426.348800,3,17.915189,21.295158,-0.004417,19.128000,24.452000,19.128000,20.452000,-1.212811,3.156842,0.607141,-0.464133,-0.459716,0.843158,0.300000,-0.229858,0,0
1789801426.448837,3,17.915189,21.295158,-0.004417,19.128000,24.452000,19.128000,20.452000,-1.212811,3.156842,0.607141,-0.464133,-0.459716,0.843158,0.300000,-0.229858,0,0
1789801426.548872,3,17.915189,21.295158,-0.004417,19.128000,24.452000,19.128000,20.452000,-1.212811,3.156842,0.607141,-0.464133,-0.459716,0.843158,0.300000,-0.229858,0,0
1789801426.648960,3,17.915189,21.295158,-0.004417,19.128000,24.452000,19.128000,20.452000,-1.212811,3.156842,0.607141,-0.464133,-0.459716,0.843158,0.300000,-0.229858,0,0
1789801426.749169,3,17.915189,21.295158,-0.004417,19.128000,24.452000,19.128000,20.452000,-1.212811,3.156842,0.607141,-0.464133,-0.459716,0.843158,0.300000,-0.229858,0,0
1789801426.849050,3,17.915189,21.295158,-0.004417,19.128000,24.452000,19.128000,20.452000,-1.212811,3.156842,0.607141,-0.464133,-0.459716,0.843158,0.300000,-0.229858,0,0
1789801426.949129,3,17.915189,21.295158,-0.004417,19.128000,24.452000,19.128000,20.452000,-1.212811,3.156842,0.607141,-0.464133,-0.459716,0.843158,0.300000,-0.229858,0,0
1789801427.049180,3,17.915189,21.295158,-0.004417,19.128000,24.452000,19.128000,20.452000,-1.212811,3.156842,0.607141,-0.464133,-0.459716,0.843158,0.300000,-0.229858,0,0
1789801427.149238,3,17.915189,21.295158,-0.004417,19.128000,24.452000,19.128000,20.452000,-1.212811,3.156842,0.607141,-0.464133,-0.459716,0.843158,0.300000,-0.229858,0,0
1789801427.250277,3,17.915189,21.295158,-0.004417,19.128000,24.452000,19.128000,20.452000,-1.212811,3.156842,0.607141,-0.464133,-0.459716,0.843158,0.300000,-0.229858,0,0
1789801427.350253,3,17.915189,21.295158,-0.004417,19.128000,24.452000,19.128000,20.452000,-1.212811,3.156842,0.607141,-0.464133,-0.459716,0.843158,0.300000,-0.229858,0,0
1789801427.449454,3,17.915189,21.295158,-0.004417,19.128000,24.452000,19.128000,20.452000,-1.212811,3.156842,0.607141,-0.464133,-0.459716,0.843158,0.300000,-0.229858,0,0
1789801427.551153,3,17.915189,21.295158,-0.004417,19.128000,24.452000,19.128000,20.452000,-1.212811,3.156842,0.607141,-0.464133,-0.459716,0.843158,0.300000,-0.229858,0,0
1789801427.649582,3,17.915189,21.295158,-0.004417,19.128000,24.452000,19.128000,20.452000,-1.212811,3.156842,0.607141,-0.464133,-0.459716,0.843158,0.300000,-0.229858,0,0
1789801427.749643,3,17.915189,21.295158,-0.004417,19.128000,24.452000,19.128000,20.452000,-1.212811,3.156842,0.607141,-0.464133,-0.459716,0.843158,0.300000,-0.229858,0,0
1789801427.849729,3,17.915189,21.295158,-0.004417,19.128000,24.452000,19.128000,20.452000,-1.212811,3.156842,0.607141,-0.464133,-0.459716,0.843158,0.300000,-0.229858,0,0
1789801427.949770,3,17.915189,21.295158,-0.004417,19.128000,24.452000,19.128000,20.452000,-1.212811,3.156842,0.607141,-0.464133,-0.459716,0.843158,0.300000,-0.229858,0,0
1789801428.049832,3,17.915189,21.295158,-0.004417,19.128000,24.452000,19.128000,20.452000,-1.212811,3.156842,0.607141,-0.464133,-0.459716,0.843158,0.300000,-0.229858,0,0
1789801428.149908,3,17.915189,21.295158,-0.004417,19.128000,24.452000,19.128000,20.452000,-1.212811,3.156842,0.607141,-0.464133,-0.459716,0.843158,0.300000,-0.229858,0,0
1789801428.249931,3,17.915189,21.295158,-0.004417,19.128000,24.452000,19.128000,20.452000,-1.212811,3.156842,0.607141,-0.464133,-0.459716,0.843158,0.300000,-0.229858,0,0
1789801428.350090,3,17.915189,21.295158,-0.004417,19.128000,24.452000,19.128000,20.452000,-1.212811,3.156842,0.607141,-0.464133,-0.459716,0.843158,0.300000,-0.229858,0,0
1789801428.450134,3,17.915189,21.295158,-0.004417,19.128000,24.452000,19.128000,20.452000,-1.212811,3.156842,0.607141,-0.464133,-0.459716,0.843158,0.300000,-0.229858,0,0
1789801428.550195,3,17.915189,21.295158,-0.004417,19.128000,24.452000,19.128000,20.452000,-1.212811,3.156842,0.607141,-0.464133,-0.459716,0.843158,0.300000,-0.229858,0,0
1789801428.650187,3,17.915189,21.295158,-0.004417,19.128000,24.452000,19.128000,20.452000,-1.212811,3.156842,0.607141,-0.464133,-0.459716,0.843158,0.300000,-0.229858,0,0
1789801428.750289,3,17.915189,21.295158,-0.004417,19.128000,24.452000,19.128000,20.452000,-1.212811,3.156842,0.607141,-0.464133,-0.459716,0.843158,0.300000,-0.229858,0,0
1789801428.850320,3,17.915189,21.295158,-0.004417,19.128000,24.452000,19.128000,20.452000,-1.212811,3.156842,0.607141,-0.464133,-0.459716,0.843158,0.300000,-0.229858,0,0
1789801428.950387,3,17.915189,21.295158,-0.004417,19.128000,24.452000,19.128000,20.452000,-1.212811,3.156842,0.607141,-0.464133,-0.459716,0.843158,0.300000,-0.229858,0,0
1789801429.050486,3,17.915189,21.295158,-0.004417,19.128000,24.452000,19.128000,20.452000,-1.212811,3.156842,0.607141,-0.464133,-0.459716,0.843158,0.300000,-0.229858,0,0
1789801429.150466,3,17.915189,21.295158,-0.004417,19.128000,24.452000,19.128000,20.452000,-1.212811,3.156842,0.607141,-0.464133,-0.459716,0.843158,0.300000,-0.229858,0,0
1789801429.250742,3,17.915189,21.295158,-0.004417,19.128000,24.452000,19.128000,20.452000,-1.212811,3.156842,0.607141,-0.464133,-0.459716,0.843158,0.300000,-0.229858,0,0
1789801429.350712,3,17.915189,21.295158,-0.004417,19.128000,24.452000,19.128000,20.452000,-1.212811,3.156842,0.607141,-0.464133,-0.459716,0.843158,0.300000,-0.229858,0,0
1789801429.450681,3,17.915189,21.295158,-0.004417,19.128000,24.452000,19.128000,20.452000,-1.212811,3.156842,0.607141,-0.464133,-0.459716,0.843158,0.300000,-0.229858,0,0
1789801429.550753,3,17.915189,21.295158,-0.004417,19.128000,24.452000,19.128000,20.452000,-1.212811,3.156842,0.607141,-0.464133,-0.459716,0.843158,0.300000,-0.229858,0,0
1789801429.650768,3,17.915189,21.295158,-0.004417,19.128000,24.452000,19.128000,20.452000,-1.212811,3.156842,0.607141,-0.464133,-0.459716,0.843158,0.300000,-0.229858,0,0
1789801429.750866,3,17.915189,21.295158,-0.004417,19.128000,24.452000,19.128000,20.452000,-1.212811,3.156842,0.607141,-0.464133,-0.459716,0.843158,0.300000,-0.229858,0,0
1789801429.851027,3,17.915189,21.295158,-0.004417,19.128000,24.452000,19.128000,20.452000,-1.212811,3.156842,0.607141,-0.464133,-0.459716,0.843158,0.300000,-0.229858,0,0
1789801429.951045,3,17.915189,21.295158,-0.004417,19.128000,24.452000,19.128000,20.452000,-1.212811,3.156842,0.607141,-0.464133,-0.459716,0.843158,0.300000,-0.229858,0,0
1789801430.051067,3,17.915189,21.295158,-0.004417,19.128000,24.452000,19.128000,20.452000,-1.212811,3.156842,0.607141,-0.464133,-0.459716,0.843158,0.300000,-0.229858,0,0
1789801430.151148,3,17.915189,21.295158,-0.004417,19.128000,24.452000,19.128000,20.452000,-1.212811,3.156842,0.607141,-0.464133,-0.459716,0.843158,0.300000,-0.229858,0,0
1789801430.255090,3,17.915189,21.295158,-0.004417,19.128000,24.452000,19.128000,20.452000,-1.212811,3.156842,0.607141,-0.464133,-0.459716,0.843158,0.300000,-0.229858,0,0
1789801430.354260,3,17.915189,21.295158,-0.004417,19.128000,24.452000,19.128000,20.452000,-1.212811,3.156842,0.607141,-0.464133,-0.459716,0.843158,0.300000,-0.229858,0,0
1789801430.451312,3,17.915189,21.295158,-0.004417,19.128000,24.452000,19.128000,20.452000,-1.212811,3.156842,0.607141,-0.464133,-0.459716,0.843158,0.300000,-0.229858,0,0
1789801430.551344,3,17.915189,21.295158,-0.004417,19.128000,24.452000,19.128000,20.452000,-1.212811,3.156842,0.607141,-0.464133,-0.459716,0.843158,0.300000,-0.229858,0,0
1789801430.651429,3,17.915189,21.295158,-0.004417,19.128000,24.452000,19.128000,20.452000,-1.212811,3.156842,0.607141,-0.464133,-0.459716,0.843158,0.300000,-0.229858,0,0
1789801430.751474,3,17.915189,21.295158,-0.004417,19.128000,24.452000,19.128000,20.452000,-1.212811,3.156842,0.607141,-0.464133,-0.459716,0.843158,0.300000,-0.229858,0,0
1789801430.851557,3,17.915189,21.295158,-0.004417,19.128000,24.452000,19.128000,20.452000,-1.212811,3.156842,0.607141,-0.464133,-0.459716,0.843158,0.300000,-0.229858,0,0
1789801430.951585,3,17.915189,21.295158,-0.004417,19.128000,24.452000,19.128000,20.452000,-1.212811,3.156842,0.607141,-0.464133,-0.459716,0.843158,0.300000,-0.229858,0,0
1789801431.051686,3,17.915189,21.295158,-0.004417,19.128000,24.452000,19.128000,20.452000,-1.212811,3.156842,0.607141,-0.464133,-0.459716,0.843158,0.300000,-0.229858,0,0
1789801431.151889,3,17.915189,21.295158,-0.004417,19.128000,24.452000,19.128000,20.452000,-1.212811,3.156842,0.607141,-0.464133,-0.459716,0.843158,0.300000,-0.229858,0,0
1789801431.251802,3,17.915189,21.295158,-0.004417,19.128000,24.452000,19.128000,20.452000,-1.212811,3.156842,0.607141,-0.464133,-0.459716,0.843158,0.300000,-0.229858,0,0
1789801431.351834,3,17.915189,21.295158,-0.004417,19.128000,24.452000,19.128000,20.452000,-1.212811,3.156842,0.607141,-0.464133,-0.459716,0.843158,0.300000,-0.229858,0,0
1789801431.455593,3,17.915189,21.295158,-0.004417,19.128000,24.452000,19.128000,20.452000,-1.212811,3.156842,0.607141,-0.464133,-0.459716,0.843158,0.300000,-0.229858,0,0
1789801431.551960,3,17.915189,21.295158,-0.004417,19.128000,24.452000,19.128000,20.452000,-1.212811,3.156842,0.607141,-0.464133,-0.459716,0.843158,0.300000,-0.229858,0,0
1789801431.652031,3,17.915189,21.295158,-0.004417,19.128000,24.452000,19.128000,20.452000,-1.212811,3.156842,0.607141,-0.464133,-0.459716,0.843158,0.300000,-0.229858,0,0
1789801431.752077,3,17.915189,21.295158,-0.004417,19.128000,24.452000,19.128000,20.452000,-1.212811,3.156842,0.607141,-0.464133,-0.459716,0.843158,0.300000,-0.229858,0,0
1789801431.852115,3,17.915189,21.295158,-0.004417,19.128000,24.452000,19.128000,20.452000,-1.212811,3.156842,0.607141,-0.464133,-0.459716,0.843158,0.300000,-0.229858,0,0
1789801431.952198,3,17.915189,21.295158,-0.004417,19.128000,24.452000,19.128000,20.452000,-1.212811,3.156842,0.607141,-0.464133,-0.459716,0.843158,0.300000,-0.229858,0,0
1789801432.053279,3,17.915189,21.295158,-0.004417,19.128000,24.452000,19.128000,20.452000,-1.212811,3.156842,0.607141,-0.464133,-0.459716,0.843158,0.300000,-0.229858,0,0
1789801432.152322,3,17.884887,21.291285,-0.111094,19.128000,24.452000,19.128000,20.452000,-1.243113,3.160715,0.601702,-0.450789,-0.339695,0.839285,0.300000,-0.183924,0,0
1789801432.252347,3,17.884887,21.291285,-0.111094,19.128000,24.452000,19.128000,20.452000,-1.243113,3.160715,0.601702,-0.450789,-0.339695,0.839285,0.300000,-0.153963,0,0
1789801432.352401,3,17.884887,21.291285,-0.111094,19.128000,24.452000,19.128000,20.452000,-1.243113,3.160715,0.601702,-0.450789,-0.339695,0.839285,0.300000,-0.135423,0,0
1789801432.452465,3,17.884887,21.291285,-0.111094,19.128000,24.452000,19.128000,20.452000,-1.243113,3.160715,0.601702,-0.450789,-0.339695,0.839285,0.300000,-0.124935,0,0
1789801432.552510,3,17.884887,21.291285,-0.111094,19.128000,24.452000,19.128000,20.452000,-1.243113,3.160715,0.601702,-0.450789,-0.339695,0.839285,0.300000,-0.120019,0,0
1789801432.652619,3,17.884887,21.291285,-0.111094,19.128000,24.452000,19.128000,20.452000,-1.243113,3.160715,0.601702,-0.450789,-0.339695,0.839285,0.300000,-0.118866,0,0
1789801432.752644,3,17.884887,21.291285,-0.111094,19.128000,24.452000,19.128000,20.452000,-1.243113,3.160715,0.601702,-0.450789,-0.339695,0.839285,0.300000,-0.120167,0,0
1789801432.852700,3,17.884887,21.291285,-0.111094,19.128000,24.452000,19.128000,20.452000,-1.243113,3.160715,0.601702,-0.450789,-0.339695,0.839285,0.300000,-0.122987,0,0
1789801432.952786,3,17.884887,21.291285,-0.111094,19.128000,24.452000,19.128000,20.452000,-1.243113,3.160715,0.601702,-0.450789,-0.339695,0.839285,0.300000,-0.126666,0,0
1789801433.052814,3,17.884887,21.291285,-0.111094,19.128000,24.452000,19.128000,20.452000,-1.243113,3.160715,0.601702,-0.450789,-0.339695,0.839285,0.300000,-0.130748,0,0
1789801433.152852,3,17.879662,21.288340,-0.209315,19.128000,24.452000,19.128000,20.452000,-1.248338,3.163660,0.600780,-0.448546,-0.239232,0.836340,0.300000,-0.096757,0,0
1789801433.252966,3,17.879662,21.288340,-0.209315,19.128000,24.452000,19.128000,20.452000,-1.248338,3.163660,0.600780,-0.448546,-0.239232,0.836340,0.300000,-0.075917,0,0
1789801433.352997,3,17.879662,21.288340,-0.209315,19.128000,24.452000,19.128000,20.452000,-1.248338,3.163660,0.600780,-0.448546,-0.239232,0.836340,0.300000,-0.064327,0,0
1789801433.453071,3,17.879662,21.288340,-0.209315,19.128000,24.452000,19.128000,20.452000,-1.248338,3.163660,0.600780,-0.448546,-0.239232,0.836340,0.300000,-0.059121,0,0
1789801433.554367,3,17.879662,21.288340,-0.209315,19.128000,24.452000,19.128000,20.452000,-1.248338,3.163660,0.600780,-0.448546,-0.239232,0.836340,0.300000,-0.058209,0,0
1789801433.653175,3,17.879662,21.288340,-0.209315,19.128000,24.452000,19.128000,20.452000,-1.248338,3.163660,0.600780,-0.448546,-0.239232,0.836340,0.300000,-0.060082,0,0
1789801433.753314,3,17.879662,21.288340,-0.209315,19.128000,24.452000,19.128000,20.452000,-1.248338,3.163660,0.600780,-0.448546,-0.239232,0.836340,0.300000,-0.063662,0,0
1789801433.853296,3,17.879662,21.288340,-0.209315,19.128000,24.452000,19.128000,20.452000,-1.248338,3.163660,0.600780,-0.448546,-0.239232,0.836340,0.300000,-0.068191,0,0
1789801433.953346,3,17.879662,21.288340,-0.209315,19.128000,24.452000,19.128000,20.452000,-1.248338,3.163660,0.600780,-0.448546,-0.239232,0.836340,0.300000,-0.073147,0,0
1789801434.053398,3,17.879662,21.288340,-0.209315,19.128000,24.452000,19.128000,20.452000,-1.248338,3.163660,0.600780,-0.448546,-0.239232,0.836340,0.300000,-0.078177,0,0
1789801434.153590,3,17.879662,21.288340,-0.209315,19.128000,24.452000,19.128000,20.452000,-1.248338,3.163660,0.600780,-0.448546,-0.239232,0.836340,0.300000,-0.083054,0,0
1789801434.253494,3,17.879662,21.288340,-0.209315,19.128000,24.452000,19.128000,20.452000,-1.248338,3.163660,0.600780,-0.448546,-0.239232,0.836340,0.300000,-0.087638,0,0
1789801434.353577,3,17.879662,21.288340,-0.209315,19.128000,24.452000,19.128000,20.452000,-1.248338,3.163660,0.600780,-0.448546,-0.239232,0.836340,0.300000,-0.091851,0,0
1789801434.453601,3,17.879662,21.288340,-0.209315,19.128000,24.452000,19.128000,20.452000,-1.248338,3.163660,0.600780,-0.448546,-0.239232,0.836340,0.300000,-0.095657,0,0
1789801434.553649,3,17.879662,21.288340,-0.209315,19.128000,24.452000,19.128000,20.452000,-1.248338,3.163660,0.600780,-0.448546,-0.239232,0.836340,0.300000,-0.099052,0,0
1789801434.653747,3,17.879662,21.288340,-0.209315,19.128000,24.452000,19.128000,20.452000,-1.248338,3.163660,0.600780,-0.448546,-0.239232,0.836340,0.300000,-0.102047,0,0
1789801434.754159,3,17.879662,21.288340,-0.209315,19.128000,24.452000,19.128000,20.452000,-1.248338,3.163660,0.600780,-0.448546,-0.239232,0.836340,0.300000,-0.104667,0,0
1789801434.853852,3,17.879662,21.288340,-0.209315,19.128000,24.452000,19.128000,20.452000,-1.248338,3.163660,0.600780,-0.448546,-0.239232,0.836340,0.300000,-0.106941,0,0
1789801434.953902,3,17.879662,21.288340,-0.209315,19.128000,24.452000,19.128000,20.452000,-1.248338,3.163660,0.600780,-0.448546,-0.239232,0.836340,0.300000,-0.108904,0,0
1789801435.053945,3,17.879662,21.288340,-0.209315,19.128000,24.452000,19.128000,20.452000,-1.248338,3.163660,0.600780,-0.448546,-0.239232,0.836340,0.300000,-0.110589,0,0
1789801435.154437,3,17.879662,21.288340,-0.209315,19.128000,24.452000,19.128000,20.452000,-1.248338,3.163660,0.600780,-0.448546,-0.239232,0.836340,0.300000,-0.112028,0,0
1789801435.255024,3,17.879662,21.288340,-0.209315,19.128000,24.452000,19.128000,20.452000,-1.248338,3.163660,0.600780,-0.448546,-0.239232,0.836340,0.300000,-0.113252,0,0
1789801435.354209,3,17.879662,21.288340,-0.209315,19.128000,24.452000,19.128000,20.452000,-1.248338,3.163660,0.600780,-0.448546,-0.239232,0.836340,0.300000,-0.114291,0,0
1789801435.454172,3,17.879662,21.288340,-0.209315,19.128000,24.452000,19.128000,20.452000,-1.248338,3.163660,0.600780,-0.448546,-0.239232,0.836340,0.300000,-0.115168,0,0
1789801435.554250,3,17.879662,21.288340,-0.209315,19.128000,24.452000,19.128000,20.452000,-1.248338,3.163660,0.600780,-0.448546,-0.239232,0.836340,0.300000,-0.115908,0,0
1789801435.654297,3,17.879662,21.288340,-0.209315,19.128000,24.452000,19.128000,20.452000,-1.248338,3.163660,0.600780,-0.448546,-0.239232,0.836340,0.300000,-0.116529,0,0
1789801435.754325,3,17.879662,21.288340,-0.209315,19.128000,24.452000,19.128000,20.452000,-1.248338,3.163660,0.600780,-0.448546,-0.239232,0.836340,0.300000,-0.117051,0,0
1789801435.856023,3,17.879662,21.288340,-0.209315,19.128000,24.452000,19.128000,20.452000,-1.248338,3.163660,0.600780,-0.448546,-0.239232,0.836340,0.300000,-0.117487,0,0
1789801435.955801,3,17.879662,21.288340,-0.209315,19.128000,24.452000,19.128000,20.452000,-1.248338,3.163660,0.600780,-0.448546,-0.239232,0.836340,0.300000,-0.117851,0,0
1789801436.055736,3,17.879662,21.288340,-0.209315,19.128000,24.452000,19.128000,20.452000,-1.248338,3.163660,0.600780,-0.448546,-0.239232,0.836340,0.300000,-0.118155,0,0
1789801436.156370,3,17.879662,21.288340,-0.209315,19.128000,24.452000,19.128000,20.452000,-1.248338,3.163660,0.600780,-0.448546,-0.239232,0.836340,0.300000,-0.118408,0,0
1789801436.254632,3,17.879662,21.288340,-0.209315,19.128000,24.452000,19.128000,20.452000,-1.248338,3.163660,0.600780,-0.448546,-0.239232,0.836340,0.300000,-0.118618,0,0
1789801436.354665,3,17.879662,21.288340,-0.209315,19.128000,24.452000,19.128000,20.452000,-1.248338,3.163660,0.600780,-0.448546,-0.239232,0.836340,0.300000,-0.118792,0,0
1789801436.454728,3,17.879662,21.288340,-0.209315,19.128000,24.452000,19.128000,20.452000,-1.248338,3.163660,0.600780,-0.448546,-0.239232,0.836340,0.300000,-0.118937,0,0
1789801436.554780,3,17.879662,21.288340,-0.209315,19.128000,24.452000,19.128000,20.452000,-1.248338,3.163660,0.600780,-0.448546,-0.239232,0.836340,0.300000,-0.119057,0,0
1789801436.654818,3,17.879662,21.288340,-0.209315,19.128000,24.452000,19.128000,20.452000,-1.248338,3.163660,0.600780,-0.448546,-0.239232,0.836340,0.300000,-0.119156,0,0
1789801436.754925,3,17.879662,21.288340,-0.209315,19.128000,24.452000,19.128000,20.452000,-1.248338,3.163660,0.600780,-0.448546,-0.239232,0.836340,0.300000,-0.119237,0,0
1789801436.854981,3,17.949310,21.260530,-0.101724,19.128000,24.452000,19.128000,20.452000,-1.178690,3.191470,0.613439,-0.479866,-0.378143,0.808530,0.300000,-0.172069,0,0
1789801436.955018,3,17.949310,21.260530,-0.101724,19.128000,24.452000,19.128000,20.452000,-1.178690,3.191470,0.613439,-0.479866,-0.378143,0.808530,0.300000,-0.206562,0,0
1789801437.055104,3,17.949310,21.260530,-0.101724,19.128000,24.452000,19.128000,20.452000,-1.178690,3.191470,0.613439,-0.479866,-0.378143,0.808530,0.300000,-0.227937,0,0
1789801437.155120,3,17.949310,21.260530,-0.101724,19.128000,24.452000,19.128000,20.452000,-1.178690,3.191470,0.613439,-0.479866,-0.378143,0.808530,0.300000,-0.240063,0,0
1789801437.255490,3,17.949310,21.260530,-0.101724,19.128000,24.452000,19.128000,20.452000,-1.178690,3.191470,0.613439,-0.479866,-0.378143,0.808530,0.300000,-0.245784,0,0
1789801437.355297,3,17.949310,21.260530,-0.101724,19.128000,24.452000,19.128000,20.452000,-1.178690,3.191470,0.613439,-0.479866,-0.378143,0.808530,0.300000,-0.247177,0,0
1789801437.455265,3,17.949310,21.260530,-0.101724,19.128000,24.452000,19.128000,20.452000,-1.178690,3.191470,0.613439,-0.479866,-0.378143,0.808530,0.300000,-0.245744,0,0
1789801437.555327,3,17.949310,21.260530,-0.101724,19.128000,24.452000,19.128000,20.452000,-1.178690,3.191470,0.613439,-0.479866,-0.378143,0.808530,0.300000,-0.242560,0,0
1789801437.655322,3,17.949310,21.260530,-0.101724,19.128000,24.452000,19.128000,20.452000,-1.178690,3.191470,0.613439,-0.479866,-0.378143,0.808530,0.300000,-0.238383,0,0
1789801437.755412,3,17.949310,21.260530,-0.101724,19.128000,24.452000,19.128000,20.452000,-1.178690,3.191470,0.613439,-0.479866,-0.378143,0.808530,0.300000,-0.233737,0,0
1789801437.855452,3,17.949310,21.260530,-0.101724,19.128000,24.452000,19.128000,20.452000,-1.178690,3.191470,0.613439,-0.479866,-0.378143,0.808530,0.300000,-0.228977,0,0
1789801437.955515,3,17.949310,21.260530,-0.101724,19.128000,24.452000,19.128000,20.452000,-1.178690,3.191470,0.613439,-0.479866,-0.378143,0.808530,0.300000,-0.224334,0,0
1789801438.055565,3,17.949310,21.260530,-0.101724,19.128000,24.452000,19.128000,20.452000,-1.178690,3.191470,0.613439,-0.479866,-0.378143,0.808530,0.300000,-0.219952,0,0
1789801438.155677,3,17.949310,21.260530,-0.101724,19.128000,24.452000,19.128000,20.452000,-1.178690,3.191470,0.613439,-0.479866,-0.378143,0.808530,0.300000,-0.215913,0,0
1789801438.255697,3,17.949310,21.260530,-0.101724,19.128000,24.452000,19.128000,20.452000,-1.178690,3.191470,0.613439,-0.479866,-0.378143,0.808530,0.300000,-0.212254,0,0
1789801438.355749,3,17.949310,21.260530,-0.101724,19.128000,24.452000,19.128000,20.452000,-1.178690,3.191470,0.613439,-0.479866,-0.378143,0.808530,0.300000,-0.208985,0,0
1789801438.455808,3,17.949310,21.260530,-0.101724,19.128000,24.452000,19.128000,20.452000,-1.178690,3.191470,0.613439,-0.479866,-0.378143,0.808530,0.300000,-0.206096,0,0
1789801438.555863,3,17.979155,21.249033,0.021613,19.128000,24.452000,19.128000,20.452000,-1.148845,3.202967,0.619091,-0.494267,-0.515880,0.797033,0.300000,-0.255880,0,0
1789801438.655915,3,17.979155,21.249033,0.021613,19.128000,24.452000,19.128000,20.452000,-1.148845,3.202967,0.619091,-0.494267,-0.515880,0.797033,0.300000,-0.287825,0,0
1789801438.755948,3,17.979155,21.249033,0.021613,19.128000,24.452000,19.128000,20.452000,-1.148845,3.202967,0.619091,-0.494267,-0.515880,0.797033,0.300000,-0.307074,0,0
1789801438.856012,3,17.979155,21.249033,0.021613,19.128000,24.452000,19.128000,20.452000,-1.148845,3.202967,0.619091,-0.494267,-0.515880,0.797033,0.300000,-0.317428,0,0
1789801438.956046,3,17.979155,21.249033,0.021613,19.128000,24.452000,19.128000,20.452000,-1.148845,3.202967,0.619091,-0.494267,-0.515880,0.797033,0.300000,-0.321675,0,0
1789801439.056120,3,17.979155,21.249033,0.021613,19.128000,24.452000,19.128000,20.452000,-1.148845,3.202967,0.619091,-0.494267,-0.515880,0.797033,0.300000,-0.321844,0,0
1789801439.156171,3,17.979155,21.249033,0.021613,19.128000,24.452000,19.128000,20.452000,-1.148845,3.202967,0.619091,-0.494267,-0.515880,0.797033,0.300000,-0.319395,0,0
1789801439.256193,3,17.979155,21.249033,0.021613,19.128000,24.452000,19.128000,20.452000,-1.148845,3.202967,0.619091,-0.494267,-0.515880,0.797033,0.300000,-0.315370,0,0
1789801439.356256,3,17.979155,21.249033,0.021613,19.128000,24.452000,19.128000,20.452000,-1.148845,3.202967,0.619091,-0.494267,-0.515880,0.797033,0.300000,-0.310497,0,0
1789801439.456335,3,18.004846,21.249194,0.128042,19.128000,24.452000,19.128000,20.452000,-1.123154,3.202806,0.624058,-0.507155,-0.635197,0.797194,0.300000,-0.350592,0,0
1789801439.556387,3,18.004846,21.249194,0.128042,19.128000,24.452000,19.128000,20.452000,-1.123154,3.202806,0.624058,-0.507155,-0.635197,0.797194,0.300000,-0.374933,0,0
1789801439.656430,3,18.004846,21.249194,0.128042,19.128000,24.452000,19.128000,20.452000,-1.123154,3.202806,0.624058,-0.507155,-0.635197,0.797194,0.300000,-0.388218,0,0
1789801439.756505,3,18.004846,21.249194,0.128042,19.128000,24.452000,19.128000,20.452000,-1.123154,3.202806,0.624058,-0.507155,-0.635197,0.797194,0.300000,-0.393896,0,0
1789801439.856521,3,18.004846,21.249194,0.128042,19.128000,24.452000,19.128000,20.452000,-1.123154,3.202806,0.624058,-0.507155,-0.635197,0.797194,0.300000,-0.394477,0,0
1789801439.956717,3,18.004846,21.249194,0.128042,19.128000,24.452000,19.128000,20.452000,-1.123154,3.202806,0.624058,-0.507155,-0.635197,0.797194,0.300000,-0.391774,0,0
1789801440.056616,3,18.004846,21.249194,0.128042,19.128000,24.452000,19.128000,20.452000,-1.123154,3.202806,0.624058,-0.507155,-0.635197,0.797194,0.300000,-0.387078,0,0
1789801440.156662,3,18.004846,21.249194,0.128042,19.128000,24.452000,19.128000,20.452000,-1.123154,3.202806,0.624058,-0.507155,-0.635197,0.797194,0.300000,-0.381292,0,0
1789801440.256716,3,18.004846,21.249194,0.128042,19.128000,24.452000,19.128000,20.452000,-1.123154,3.202806,0.624058,-0.507155,-0.635197,0.797194,0.300000,-0.375042,0,0
1789801440.356796,3,18.004846,21.249194,0.128042,19.128000,24.452000,19.128000,20.452000,-1.123154,3.202806,0.624058,-0.507155,-0.635197,0.797194,0.300000,-0.368744,0,0
1789801440.456886,3,17.989820,21.261621,0.010125,19.128000,24.452000,19.128000,20.452000,-1.138180,3.190379,0.621142,-0.499561,-0.509686,0.809621,0.300000,-0.315005,0,0
1789801440.556896,3,17.989820,21.261621,0.010125,19.128000,24.452000,19.128000,20.452000,-1.138180,3.190379,0.621142,-0.499561,-0.509686,0.809621,0.300000,-0.278205,0,0
1789801440.656963,3,17.989820,21.261621,0.010125,19.128000,24.452000,19.128000,20.452000,-1.138180,3.190379,0.621142,-0.499561,-0.509686,0.809621,0.300000,-0.253719,0,0
1789801440.756996,3,17.989820,21.261621,0.010125,19.128000,24.452000,19.128000,20.452000,-1.138180,3.190379,0.621142,-0.499561,-0.509686,0.809621,0.300000,-0.238093,0,0
1789801440.857018,3,17.989820,21.261621,0.010125,19.128000,24.452000,19.128000,20.452000,-1.138180,3.190379,0.621142,-0.499561,-0.509686,0.809621,0.300000,-0.228762,0,0
1789801440.957074,3,17.989820,21.261621,0.010125,19.128000,24.452000,19.128000,20.452000,-1.138180,3.190379,0.621142,-0.499561,-0.509686,0.809621,0.300000,-0.223834,0,0
1789801441.057190,3,17.989820,21.261621,0.010125,19.128000,24.452000,19.128000,20.452000,-1.138180,3.190379,0.621142,-0.499561,-0.509686,0.809621,0.300000,-0.221920,0,0
1789801441.157203,3,17.989820,21.261621,0.010125,19.128000,24.452000,19.128000,20.452000,-1.138180,3.190379,0.621142,-0.499561,-0.509686,0.809621,0.300000,-0.222012,0,0
1789801441.257264,3,17.989820,21.261621,0.010125,19.128000,24.452000,19.128000,20.452000,-1.138180,3.190379,0.621142,-0.499561,-0.509686,0.809621,0.300000,-0.223384,0,0
1789801441.357294,3,17.989820,21.261621,0.010125,19.128000,24.452000,19.128000,20.452000,-1.138180,3.190379,0.621142,-0.499561,-0.509686,0.809621,0.300000,-0.225520,0,0
1789801441.457359,3,17.989820,21.261621,0.010125,19.128000,24.452000,19.128000,20.452000,-1.138180,3.190379,0.621142,-0.499561,-0.509686,0.809621,0.300000,-0.228061,0,0
1789801441.557450,3,17.989820,21.261621,0.010125,19.128000,24.452000,19.128000,20.452000,-1.138180,3.190379,0.621142,-0.499561,-0.509686,0.809621,0.300000,-0.230758,0,0
1789801441.657420,3,17.989820,21.261621,0.010125,19.128000,24.452000,19.128000,20.452000,-1.138180,3.190379,0.621142,-0.499561,-0.509686,0.809621,0.300000,-0.233447,0,0
1789801441.757544,3,17.989820,21.261621,0.010125,19.128000,24.452000,19.128000,20.452000,-1.138180,3.190379,0.621142,-0.499561,-0.509686,0.809621,0.300000,-0.236024,0,0
1789801441.857558,3,17.989820,21.261621,0.010125,19.128000,24.452000,19.128000,20.452000,-1.138180,3.190379,0.621142,-0.499561,-0.509686,0.809621,0.300000,-0.238427,0,0
1789801441.957704,3,17.989820,21.261621,0.010125,19.128000,24.452000,19.128000,20.452000,-1.138180,3.190379,0.621142,-0.499561,-0.509686,0.809621,0.300000,-0.240621,0,0
1789801442.057675,3,17.989820,21.261621,0.010125,19.128000,24.452000,19.128000,20.452000,-1.138180,3.190379,0.621142,-0.499561,-0.509686,0.809621,0.300000,-0.242594,0,0
1789801442.157725,3,17.989820,21.261621,0.010125,19.128000,24.452000,19.128000,20.452000,-1.138180,3.190379,0.621142,-0.499561,-0.509686,0.809621,0.300000,-0.244346,0,0
1789801442.257734,3,17.989820,21.261621,0.010125,19.128000,24.452000,19.128000,20.452000,-1.138180,3.190379,0.621142,-0.499561,-0.509686,0.809621,0.300000,-0.245888,0,0
1789801442.357811,3,17.989820,21.261621,0.010125,19.128000,24.452000,19.128000,20.452000,-1.138180,3.190379,0.621142,-0.499561,-0.509686,0.809621,0.300000,-0.247233,0,0
1789801442.457858,3,17.989820,21.261621,0.010125,19.128000,24.452000,19.128000,20.452000,-1.138180,3.190379,0.621142,-0.499561,-0.509686,0.809621,0.300000,-0.248398,0,0
1789801442.557902,3,17.989820,21.261621,0.010125,19.128000,24.452000,19.128000,20.452000,-1.138180,3.190379,0.621142,-0.499561,-0.509686,0.809621,0.300000,-0.249401,0,0
1789801442.657925,3,17.989820,21.261621,0.010125,19.128000,24.452000,19.128000,20.452000,-1.138180,3.190379,0.621142,-0.499561,-0.509686,0.809621,0.300000,-0.250261,0,0
1789801442.758058,3,17.989820,21.261621,0.010125,19.128000,24.452000,19.128000,20.452000,-1.138180,3.190379,0.621142,-0.499561,-0.509686,0.809621,0.300000,-0.250995,0,0
1789801442.858140,3,17.989820,21.261621,0.010125,19.128000,24.452000,19.128000,20.452000,-1.138180,3.190379,0.621142,-0.499561,-0.509686,0.809621,0.300000,-0.251618,0,0
1789801442.958194,3,17.989820,21.261621,0.010125,19.128000,24.452000,19.128000,20.452000,-1.138180,3.190379,0.621142,-0.499561,-0.509686,0.809621,0.300000,-0.252146,0,0
1789801443.058183,3,17.989820,21.261621,0.010125,19.128000,24.452000,19.128000,20.452000,-1.138180,3.190379,0.621142,-0.499561,-0.509686,0.809621,0.300000,-0.252592,0,0
1789801443.158201,3,17.989820,21.261621,0.010125,19.128000,24.452000,19.128000,20.452000,-1.138180,3.190379,0.621142,-0.499561,-0.509686,0.809621,0.300000,-0.252967,0,0
1789801443.258247,3,17.989820,21.261621,0.010125,19.128000,24.452000,19.128000,20.452000,-1.138180,3.190379,0.621142,-0.499561,-0.509686,0.809621,0.300000,-0.253282,0,0
1789801443.358272,3,17.989820,21.261621,0.010125,19.128000,24.452000,19.128000,20.452000,-1.138180,3.190379,0.621142,-0.499561,-0.509686,0.809621,0.300000,-0.253547,0,0
1789801443.458359,3,17.989820,21.261621,0.010125,19.128000,24.452000,19.128000,20.452000,-1.138180,3.190379,0.621142,-0.499561,-0.509686,0.809621,0.300000,-0.253768,0,0
1789801443.558392,3,17.989820,21.261621,0.010125,19.128000,24.452000,19.128000,20.452000,-1.138180,3.190379,0.621142,-0.499561,-0.509686,0.809621,0.300000,-0.253952,0,0
1789801443.658453,3,17.989820,21.261621,0.010125,19.128000,24.452000,19.128000,20.452000,-1.138180,3.190379,0.621142,-0.499561,-0.509686,0.809621,0.300000,-0.254106,0,0
1789801443.758486,3,17.989820,21.261621,0.010125,19.128000,24.452000,19.128000,20.452000,-1.138180,3.190379,0.621142,-0.499561,-0.509686,0.809621,0.300000,-0.254233,0,0
1789801443.858835,3,17.989820,21.261621,0.010125,19.128000,24.452000,19.128000,20.452000,-1.138180,3.190379,0.621142,-0.499561,-0.509686,0.809621,0.300000,-0.254340,0,0
1789801443.958611,3,17.989820,21.261621,0.010125,19.128000,24.452000,19.128000,20.452000,-1.138180,3.190379,0.621142,-0.499561,-0.509686,0.809621,0.300000,-0.254428,0,0
1789801444.058686,3,17.989820,21.261621,0.010125,19.128000,24.452000,19.128000,20.452000,-1.138180,3.190379,0.621142,-0.499561,-0.509686,0.809621,0.300000,-0.254501,0,0
1789801444.158713,3,17.989820,21.261621,0.010125,19.128000,24.452000,19.128000,20.452000,-1.138180,3.190379,0.621142,-0.499561,-0.509686,0.809621,0.300000,-0.254561,0,0
1789801444.258712,3,17.989820,21.261621,0.010125,19.128000,24.452000,19.128000,20.452000,-1.138180,3.190379,0.621142,-0.499561,-0.509686,0.809621,0.300000,-0.254611,0,0
1789801444.358788,3,17.989820,21.261621,0.010125,19.128000,24.452000,19.128000,20.452000,-1.138180,3.190379,0.621142,-0.499561,-0.509686,0.809621,0.300000,-0.254652,0,0
1789801444.458830,3,17.989820,21.261621,0.010125,19.128000,24.452000,19.128000,20.452000,-1.138180,3.190379,0.621142,-0.499561,-0.509686,0.809621,0.300000,-0.254686,0,0
1789801444.558875,3,17.989820,21.261621,0.010125,19.128000,24.452000,19.128000,20.452000,-1.138180,3.190379,0.621142,-0.499561,-0.509686,0.809621,0.300000,-0.254714,0,0
1789801444.658929,3,17.989820,21.261621,0.010125,19.128000,24.452000,19.128000,20.452000,-1.138180,3.190379,0.621142,-0.499561,-0.509686,0.809621,0.300000,-0.254737,0,0
1789801444.758966,3,17.989820,21.261621,0.010125,19.128000,24.452000,19.128000,20.452000,-1.138180,3.190379,0.621142,-0.499561,-0.509686,0.809621,0.300000,-0.254756,0,0
1789801444.858975,3,17.989820,21.261621,0.010125,19.128000,24.452000,19.128000,20.452000,-1.138180,3.190379,0.621142,-0.499561,-0.509686,0.809621,0.300000,-0.254772,0,0
1789801444.959078,3,17.911268,21.272704,0.104896,19.128000,24.452000,19.128000,20.452000,-1.216732,3.179296,0.606429,-0.462373,-0.567270,0.820704,0.300000,-0.276649,0,0
1789801445.059378,3,17.911268,21.272704,0.104896,19.128000,24.452000,19.128000,20.452000,-1.216732,3.179296,0.606429,-0.462373,-0.567270,0.820704,0.300000,-0.290929,0,0
1789801445.159146,3,17.911268,21.272704,0.104896,19.128000,24.452000,19.128000,20.452000,-1.216732,3.179296,0.606429,-0.462373,-0.567270,0.820704,0.300000,-0.299777,0,0
1789801445.259525,3,17.911268,21.272704,0.104896,19.128000,24.452000,19.128000,20.452000,-1.216732,3.179296,0.606429,-0.462373,-0.567270,0.820704,0.300000,-0.304794,0,0
1789801445.359634,3,17.911268,21.272704,0.104896,19.128000,24.452000,19.128000,20.452000,-1.216732,3.179296,0.606429,-0.462373,-0.567270,0.820704,0.300000,-0.307158,0,0
1789801445.459328,3,17.911268,21.272704,0.104896,19.128000,24.452000,19.128000,20.452000,-1.216732,3.179296,0.606429,-0.462373,-0.567270,0.820704,0.300000,-0.307731,0,0
1789801445.559443,3,17.911268,21.272704,0.104896,19.128000,24.452000,19.128000,20.452000,-1.216732,3.179296,0.606429,-0.462373,-0.567270,0.820704,0.300000,-0.307133,0,0
1789801445.659416,3,17.911268,21.272704,0.104896,19.128000,24.452000,19.128000,20.452000,-1.216732,3.179296,0.606429,-0.462373,-0.567270,0.820704,0.300000,-0.305811,0,0
1789801445.759559,3,17.911268,21.272704,0.104896,19.128000,24.452000,19.128000,20.452000,-1.216732,3.179296,0.606429,-0.462373,-0.567270,0.820704,0.300000,-0.304077,0,0
1789801445.859550,3,17.911268,21.272704,0.104896,19.128000,24.452000,19.128000,20.452000,-1.216732,3.179296,0.606429,-0.462373,-0.567270,0.820704,0.300000,-0.302150,0,0
1789801445.959501,3,17.911268,21.272704,0.104896,19.128000,24.452000,19.128000,20.452000,-1.216732,3.179296,0.606429,-0.462373,-0.567270,0.820704,0.300000,-0.300176,0,0
1789801446.059606,3,17.911268,21.272704,0.104896,19.128000,24.452000,19.128000,20.452000,-1.216732,3.179296,0.606429,-0.462373,-0.567270,0.820704,0.300000,-0.298251,0,0
1789801446.159678,3,17.911268,21.272704,0.104896,19.128000,24.452000,19.128000,20.452000,-1.216732,3.179296,0.606429,-0.462373,-0.567270,0.820704,0.300000,-0.296435,0,0
1789801446.260273,3,17.911268,21.272704,0.104896,19.128000,24.452000,19.128000,20.452000,-1.216732,3.179296,0.606429,-0.462373,-0.567270,0.820704,0.300000,-0.294760,0,0
1789801446.359727,3,17.911268,21.272704,0.104896,19.128000,24.452000,19.128000,20.452000,-1.216732,3.179296,0.606429,-0.462373,-0.567270,0.820704,0.300000,-0.293243,0,0
1789801446.460075,3,17.911268,21.272704,0.104896,19.128000,24.452000,19.128000,20.452000,-1.216732,3.179296,0.606429,-0.462373,-0.567270,0.820704,0.300000,-0.291888,0,0
1789801446.559819,3,17.911268,21.272704,0.104896,19.128000,24.452000,19.128000,20.452000,-1.216732,3.179296,0.606429,-0.462373,-0.567270,0.820704,0.300000,-0.290691,0,0
1789801446.659866,3,17.911268,21.272704,0.104896,19.128000,24.452000,19.128000,20.452000,-1.216732,3.179296,0.606429,-0.462373,-0.567270,0.820704,0.300000,-0.289642,0,0
1789801446.760283,3,17.911268,21.272704,0.104896,19.128000,24.452000,19.128000,20.452000,-1.216732,3.179296,0.606429,-0.462373,-0.567270,0.820704,0.300000,-0.288731,0,0
1789801446.860164,3,17.911268,21.272704,0.104896,19.128000,24.452000,19.128000,20.452000,-1.216732,3.179296,0.606429,-0.462373,-0.567270,0.820704,0.300000,-0.287944,0,0
1789801446.959997,3,17.911268,21.272704,0.104896,19.128000,24.452000,19.128000,20.452000,-1.216732,3.179296,0.606429,-0.462373,-0.567270,0.820704,0.300000,-0.287268,0,0
1789801447.060041,3,17.911268,21.272704,0.104896,19.128000,24.452000,19.128000,20.452000,-1.216732,3.179296,0.606429,-0.462373,-0.567270,0.820704,0.300000,-0.286690,0,0
1789801447.160099,3,17.911268,21.272704,0.104896,19.128000,24.452000,19.128000,20.452000,-1.216732,3.179296,0.606429,-0.462373,-0.567270,0.820704,0.300000,-0.286197,0,0
1789801447.260139,3,17.911268,21.272704,0.104896,19.128000,24.452000,19.128000,20.452000,-1.216732,3.179296,0.606429,-0.462373,-0.567270,0.820704,0.300000,-0.285780,0,0
1789801447.360194,3,17.911268,21.272704,0.104896,19.128000,24.452000,19.128000,20.452000,-1.216732,3.179296,0.606429,-0.462373,-0.567270,0.820704,0.300000,-0.285427,0,0
1789801447.460219,3,17.911268,21.272704,0.104896,19.128000,24.452000,19.128000,20.452000,-1.216732,3.179296,0.606429,-0.462373,-0.567270,0.820704,0.300000,-0.285129,0,0
1789801447.560278,3,17.911268,21.272704,0.104896,19.128000,24.452000,19.128000,20.452000,-1.216732,3.179296,0.606429,-0.462373,-0.567270,0.820704,0.300000,-0.284879,0,0
1789801447.660323,3,17.911268,21.272704,0.104896,19.128000,24.452000,19.128000,20.452000,-1.216732,3.179296,0.606429,-0.462373,-0.567270,0.820704,0.300000,-0.284669,0,0
1789801447.760522,3,17.911268,21.272704,0.104896,19.128000,24.452000,19.128000,20.452000,-1.216732,3.179296,0.606429,-0.462373,-0.567270,0.820704,0.300000,-0.284493,0,0
1789801447.862338,3,17.911268,21.272704,0.104896,19.128000,24.452000,19.128000,20.452000,-1.216732,3.179296,0.606429,-0.462373,-0.567270,0.820704,0.300000,-0.284347,0,0
1789801447.960507,3,17.911268,21.272704,0.104896,19.128000,24.452000,19.128000,20.452000,-1.216732,3.179296,0.606429,-0.462373,-0.567270,0.820704,0.300000,-0.284224,0,0
1789801448.060566,3,17.911268,21.272704,0.104896,19.128000,24.452000,19.128000,20.452000,-1.216732,3.179296,0.606429,-0.462373,-0.567270,0.820704,0.300000,-0.284122,0,0
1789801448.160705,3,17.911268,21.272704,0.104896,19.128000,24.452000,19.128000,20.452000,-1.216732,3.179296,0.606429,-0.462373,-0.567270,0.820704,0.300000,-0.284038,0,0
1789801448.260562,3,17.911268,21.272704,0.104896,19.128000,24.452000,19.128000,20.452000,-1.216732,3.179296,0.606429,-0.462373,-0.567270,0.820704,0.300000,-0.283967,0,0
1789801448.360694,3,17.911268,21.272704,0.104896,19.128000,24.452000,19.128000,20.452000,-1.216732,3.179296,0.606429,-0.462373,-0.567270,0.820704,0.300000,-0.283909,0,0
1789801448.460830,3,17.911268,21.272704,0.104896,19.128000,24.452000,19.128000,20.452000,-1.216732,3.179296,0.606429,-0.462373,-0.567270,0.820704,0.300000,-0.283861,0,0
1789801448.560749,3,17.911268,21.272704,0.104896,19.128000,24.452000,19.128000,20.452000,-1.216732,3.179296,0.606429,-0.462373,-0.567270,0.820704,0.300000,-0.283821,0,0
1789801448.660817,3,17.911268,21.272704,0.104896,19.128000,24.452000,19.128000,20.452000,-1.216732,3.179296,0.606429,-0.462373,-0.567270,0.820704,0.300000,-0.283788,0,0
1789801448.760891,3,17.911268,21.272704,0.104896,19.128000,24.452000,19.128000,20.452000,-1.216732,3.179296,0.606429,-0.462373,-0.567270,0.820704,0.300000,-0.283760,0,0
1789801448.861904,3,17.911268,21.272704,0.104896,19.128000,24.452000,19.128000,20.452000,-1.216732,3.179296,0.606429,-0.462373,-0.567270,0.820704,0.300000,-0.283738,0,0
1789801448.960887,3,17.911268,21.272704,0.104896,19.128000,24.452000,19.128000,20.452000,-1.216732,3.179296,0.606429,-0.462373,-0.567270,0.820704,0.300000,-0.283719,0,0
1789801449.060941,3,17.911268,21.272704,0.104896,19.128000,24.452000,19.128000,20.452000,-1.216732,3.179296,0.606429,-0.462373,-0.567270,0.820704,0.300000,-0.283704,0,0
1789801449.161003,3,17.911268,21.272704,0.104896,19.128000,24.452000,19.128000,20.452000,-1.216732,3.179296,0.606429,-0.462373,-0.567270,0.820704,0.300000,-0.283692,0,0
1789801449.261036,3,17.911268,21.272704,0.104896,19.128000,24.452000,19.128000,20.452000,-1.216732,3.179296,0.606429,-0.462373,-0.567270,0.820704,0.300000,-0.283681,0,0
1789801449.361176,3,17.911268,21.272704,0.104896,19.128000,24.452000,19.128000,20.452000,-1.216732,3.179296,0.606429,-0.462373,-0.567270,0.820704,0.300000,-0.283673,0,0
1789801449.461176,3,17.911268,21.272704,0.104896,19.128000,24.452000,19.128000,20.452000,-1.216732,3.179296,0.606429,-0.462373,-0.567270,0.820704,0.300000,-0.283666,0,0
1789801449.561217,3,17.911268,21.272704,0.104896,19.128000,24.452000,19.128000,20.452000,-1.216732,3.179296,0.606429,-0.462373,-0.567270,0.820704,0.300000,-0.283660,0,0
1789801449.661225,3,17.911268,21.272704,0.104896,19.128000,24.452000,19.128000,20.452000,-1.216732,3.179296,0.606429,-0.462373,-0.567270,0.820704,0.300000,-0.283656,0,0
1789801449.761265,3,17.911268,21.272704,0.104896,19.128000,24.452000,19.128000,20.452000,-1.216732,3.179296,0.606429,-0.462373,-0.567270,0.820704,0.300000,-0.283652,0,0
1789801449.861369,3,17.911268,21.272704,0.104896,19.128000,24.452000,19.128000,20.452000,-1.216732,3.179296,0.606429,-0.462373,-0.567270,0.820704,0.300000,-0.283649,0,0
1789801449.961429,3,17.911268,21.272704,0.104896,19.128000,24.452000,19.128000,20.452000,-1.216732,3.179296,0.606429,-0.462373,-0.567270,0.820704,0.300000,-0.283646,0,0
1789801450.061416,3,17.911268,21.272704,0.104896,19.128000,24.452000,19.128000,20.452000,-1.216732,3.179296,0.606429,-0.462373,-0.567270,0.820704,0.300000,-0.283644,0,0
1789801450.161429,3,17.911268,21.272704,0.104896,19.128000,24.452000,19.128000,20.452000,-1.216732,3.179296,0.606429,-0.462373,-0.567270,0.820704,0.300000,-0.283642,0,0
1789801450.261495,3,17.911268,21.272704,0.104896,19.128000,24.452000,19.128000,20.452000,-1.216732,3.179296,0.606429,-0.462373,-0.567270,0.820704,0.300000,-0.283641,0,0
1789801450.361551,3,17.911268,21.272704,0.104896,19.128000,24.452000,19.128000,20.452000,-1.216732,3.179296,0.606429,-0.462373,-0.567270,0.820704,0.300000,-0.283640,0,0
1789801450.461571,3,17.911268,21.272704,0.104896,19.128000,24.452000,19.128000,20.452000,-1.216732,3.179296,0.606429,-0.462373,-0.567270,0.820704,0.300000,-0.283639,0,0
1789801450.561599,3,17.911268,21.272704,0.104896,19.128000,24.452000,19.128000,20.452000,-1.216732,3.179296,0.606429,-0.462373,-0.567270,0.820704,0.300000,-0.283638,0,0
1789801450.661660,3,17.911268,21.272704,0.104896,19.128000,24.452000,19.128000,20.452000,-1.216732,3.179296,0.606429,-0.462373,-0.567270,0.820704,0.300000,-0.283638,0,0
1789801450.761724,3,17.911268,21.272704,0.104896,19.128000,24.452000,19.128000,20.452000,-1.216732,3.179296,0.606429,-0.462373,-0.567270,0.820704,0.300000,-0.283637,0,0
1789801450.861744,3,17.911268,21.272704,0.104896,19.128000,24.452000,19.128000,20.452000,-1.216732,3.179296,0.606429,-0.462373,-0.567270,0.820704,0.300000,-0.283637,0,0
1789801450.961851,3,17.911268,21.272704,0.104896,19.128000,24.452000,19.128000,20.452000,-1.216732,3.179296,0.606429,-0.462373,-0.567270,0.820704,0.300000,-0.283636,0,0
1789801451.061869,3,17.911268,21.272704,0.104896,19.128000,24.452000,19.128000,20.452000,-1.216732,3.179296,0.606429,-0.462373,-0.567270,0.820704,0.300000,-0.283636,0,0
1789801451.161903,3,17.911268,21.272704,0.104896,19.128000,24.452000,19.128000,20.452000,-1.216732,3.179296,0.606429,-0.462373,-0.567270,0.820704,0.300000,-0.283636,0,0
1789801451.261934,3,17.911268,21.272704,0.104896,19.128000,24.452000,19.128000,20.452000,-1.216732,3.179296,0.606429,-0.462373,-0.567270,0.820704,0.300000,-0.283636,0,0
1789801451.361976,3,17.911268,21.272704,0.104896,19.128000,24.452000,19.128000,20.452000,-1.216732,3.179296,0.606429,-0.462373,-0.567270,0.820704,0.300000,-0.283635,0,0
1789801451.462113,3,17.911268,21.272704,0.104896,19.128000,24.452000,19.128000,20.452000,-1.216732,3.179296,0.606429,-0.462373,-0.567270,0.820704,0.300000,-0.283635,0,0
1789801451.562183,3,17.911268,21.272704,0.104896,19.128000,24.452000,19.128000,20.452000,-1.216732,3.179296,0.606429,-0.462373,-0.567270,0.820704,0.300000,-0.283635,0,0
1789801451.662143,3,17.911268,21.272704,0.104896,19.128000,24.452000,19.128000,20.452000,-1.216732,3.179296,0.606429,-0.462373,-0.567270,0.820704,0.300000,-0.283635,0,0
1789801451.762186,3,17.911268,21.272704,0.104896,19.128000,24.452000,19.128000,20.452000,-1.216732,3.179296,0.606429,-0.462373,-0.567270,0.820704,0.300000,-0.283635,0,0
1789801451.862252,3,17.911268,21.272704,0.104896,19.128000,24.452000,19.128000,20.452000,-1.216732,3.179296,0.606429,-0.462373,-0.567270,0.820704,0.300000,-0.283635,0,0
1789801451.962286,3,17.911268,21.272704,0.104896,19.128000,24.452000,19.128000,20.452000,-1.216732,3.179296,0.606429,-0.462373,-0.567270,0.820704,0.300000,-0.283635,0,0
1789801452.062278,3,17.911268,21.272704,0.104896,19.128000,24.452000,19.128000,20.452000,-1.216732,3.179296,0.606429,-0.462373,-0.567270,0.820704,0.300000,-0.283635,0,0
1789801452.162328,3,17.911268,21.272704,0.104896,19.128000,24.452000,19.128000,20.452000,-1.216732,3.179296,0.606429,-0.462373,-0.567270,0.820704,0.300000,-0.283635,0,0
1789801452.262408,3,17.911268,21.272704,0.104896,19.128000,24.452000,19.128000,20.452000,-1.216732,3.179296,0.606429,-0.462373,-0.567270,0.820704,0.300000,-0.283635,0,0
1789801452.362443,3,17.911268,21.272704,0.104896,19.128000,24.452000,19.128000,20.452000,-1.216732,3.179296,0.606429,-0.462373,-0.567270,0.820704,0.300000,-0.283635,0,0
1789801452.462446,3,17.911268,21.272704,0.104896,19.128000,24.452000,19.128000,20.452000,-1.216732,3.179296,0.606429,-0.462373,-0.567270,0.820704,0.300000,-0.283635,0,0
1789801452.562510,3,17.911268,21.272704,0.104896,19.128000,24.452000,19.128000,20.452000,-1.216732,3.179296,0.606429,-0.462373,-0.567270,0.820704,0.300000,-0.283635,0,0
1789801452.662507,3,17.911268,21.272704,0.104896,19.128000,24.452000,19.128000,20.452000,-1.216732,3.179296,0.606429,-0.462373,-0.567270,0.820704,0.300000,-0.283635,0,0
1789801452.762563,3,17.911268,21.272704,0.104896,19.128000,24.452000,19.128000,20.452000,-1.216732,3.179296,0.606429,-0.462373,-0.567270,0.820704,0.300000,-0.283635,0,0
1789801452.862603,3,17.911268,21.272704,0.104896,19.128000,24.452000,19.128000,20.452000,-1.216732,3.179296,0.606429,-0.462373,-0.567270,0.820704,0.300000,-0.283635,0,0
1789801452.962646,3,17.911268,21.272704,0.104896,19.128000,24.452000,19.128000,20.452000,-1.216732,3.179296,0.606429,-0.462373,-0.567270,0.820704,0.300000,-0.283635,0,0
1789801453.062701,3,17.911268,21.272704,0.104896,19.128000,24.452000,19.128000,20.452000,-1.216732,3.179296,0.606429,-0.462373,-0.567270,0.820704,0.300000,-0.283635,0,0
1789801453.162743,3,17.911268,21.272704,0.104896,19.128000,24.452000,19.128000,20.452000,-1.216732,3.179296,0.606429,-0.462373,-0.567270,0.820704,0.300000,-0.283635,0,0
1789801453.262787,3,17.911268,21.272704,0.104896,19.128000,24.452000,19.128000,20.452000,-1.216732,3.179296,0.606429,-0.462373,-0.567270,0.820704,0.300000,-0.283635,0,0
1789801453.362838,3,17.911268,21.272704,0.104896,19.128000,24.452000,19.128000,20.452000,-1.216732,3.179296,0.606429,-0.462373,-0.567270,0.820704,0.300000,-0.283635,0,0
1789801453.462883,3,17.911268,21.272704,0.104896,19.128000,24.452000,19.128000,20.452000,-1.216732,3.179296,0.606429,-0.462373,-0.567270,0.820704,0.300000,-0.283635,0,0
1789801453.562919,3,17.911268,21.272704,0.104896,19.128000,24.452000,19.128000,20.452000,-1.216732,3.179296,0.606429,-0.462373,-0.567270,0.820704,0.300000,-0.283635,0,0
1789801453.662958,3,17.911268,21.272704,0.104896,19.128000,24.452000,19.128000,20.452000,-1.216732,3.179296,0.606429,-0.462373,-0.567270,0.820704,0.300000,-0.283635,0,0
1789801453.763002,3,17.911268,21.272704,0.104896,19.128000,24.452000,19.128000,20.452000,-1.216732,3.179296,0.606429,-0.462373,-0.567270,0.820704,0.300000,-0.283635,0,0
1789801453.863059,3,17.911268,21.272704,0.104896,19.128000,24.452000,19.128000,20.452000,-1.216732,3.179296,0.606429,-0.462373,-0.567270,0.820704,0.300000,-0.283635,0,0
1789801453.963098,3,17.911268,21.272704,0.104896,19.128000,24.452000,19.128000,20.452000,-1.216732,3.179296,0.606429,-0.462373,-0.567270,0.820704,0.300000,-0.283635,0,0
1789801454.063107,3,17.911268,21.272704,0.104896,19.128000,24.452000,19.128000,20.452000,-1.216732,3.179296,0.606429,-0.462373,-0.567270,0.820704,0.300000,-0.283635,0,0
1789801454.163139,3,17.911268,21.272704,0.104896,19.128000,24.452000,19.128000,20.452000,-1.216732,3.179296,0.606429,-0.462373,-0.567270,0.820704,0.300000,-0.283635,0,0
1789801454.263222,3,17.911268,21.272704,0.104896,19.128000,24.452000,19.128000,20.452000,-1.216732,3.179296,0.606429,-0.462373,-0.567270,0.820704,0.300000,-0.283635,0,0
1789801454.363236,3,17.911268,21.272704,0.104896,19.128000,24.452000,19.128000,20.452000,-1.216732,3.179296,0.606429,-0.462373,-0.567270,0.820704,0.300000,-0.283635,0,0
1789801454.463303,3,17.911268,21.272704,0.104896,19.128000,24.452000,19.128000,20.452000,-1.216732,3.179296,0.606429,-0.462373,-0.567270,0.820704,0.300000,-0.283635,0,0
1789801454.563304,3,17.911268,21.272704,0.104896,19.128000,24.452000,19.128000,20.452000,-1.216732,3.179296,0.606429,-0.462373,-0.567270,0.820704,0.300000,-0.283635,0,0
1789801454.663358,3,17.911268,21.272704,0.104896,19.128000,24.452000,19.128000,20.452000,-1.216732,3.179296,0.606429,-0.462373,-0.567270,0.820704,0.300000,-0.283635,0,0
1789801454.763365,3,17.911268,21.272704,0.104896,19.128000,24.452000,19.128000,20.452000,-1.216732,3.179296,0.606429,-0.462373,-0.567270,0.820704,0.300000,-0.283635,0,0
1789801454.863471,3,17.911268,21.272704,0.104896,19.128000,24.452000,19.128000,20.452000,-1.216732,3.179296,0.606429,-0.462373,-0.567270,0.820704,0.300000,-0.283635,0,0
1789801454.963490,3,17.911268,21.272704,0.104896,19.128000,24.452000,19.128000,20.452000,-1.216732,3.179296,0.606429,-0.462373,-0.567270,0.820704,0.300000,-0.283635,0,0
1789801455.063505,3,17.911268,21.272704,0.104896,19.128000,24.452000,19.128000,20.452000,-1.216732,3.179296,0.606429,-0.462373,-0.567270,0.820704,0.300000,-0.283635,0,0
1789801455.163575,3,17.911268,21.272704,0.104896,19.128000,24.452000,19.128000,20.452000,-1.216732,3.179296,0.606429,-0.462373,-0.567270,0.820704,0.300000,-0.283635,0,0
1789801455.263620,3,17.911268,21.272704,0.104896,19.128000,24.452000,19.128000,20.452000,-1.216732,3.179296,0.606429,-0.462373,-0.567270,0.820704,0.300000,-0.283635,0,0
1789801455.363631,3,17.911268,21.272704,0.104896,19.128000,24.452000,19.128000,20.452000,-1.216732,3.179296,0.606429,-0.462373,-0.567270,0.820704,0.300000,-0.283635,0,0
1789801455.463680,3,17.911268,21.272704,0.104896,19.128000,24.452000,19.128000,20.452000,-1.216732,3.179296,0.606429,-0.462373,-0.567270,0.820704,0.300000,-0.283635,0,0
1789801455.563745,3,17.911268,21.272704,0.104896,19.128000,24.452000,19.128000,20.452000,-1.216732,3.179296,0.606429,-0.462373,-0.567270,0.820704,0.300000,-0.283635,0,0
1789801455.663768,3,17.911268,21.272704,0.104896,19.128000,24.452000,19.128000,20.452000,-1.216732,3.179296,0.606429,-0.462373,-0.567270,0.820704,0.300000,-0.283635,0,0
1789801455.763799,3,17.911268,21.272704,0.104896,19.128000,24.452000,19.128000,20.452000,-1.216732,3.179296,0.606429,-0.462373,-0.567270,0.820704,0.300000,-0.283635,0,0
1789801455.863843,3,17.911268,21.272704,0.104896,19.128000,24.452000,19.128000,20.452000,-1.216732,3.179296,0.606429,-0.462373,-0.567270,0.820704,0.300000,-0.283635,0,0
1789801455.963878,3,17.911268,21.272704,0.104896,19.128000,24.452000,19.128000,20.452000,-1.216732,3.179296,0.606429,-0.462373,-0.567270,0.820704,0.300000,-0.283635,0,0
1789801456.063946,3,17.911268,21.272704,0.104896,19.128000,24.452000,19.128000,20.452000,-1.216732,3.179296,0.606429,-0.462373,-0.567270,0.820704,0.300000,-0.283635,0,0
1789801456.163958,3,17.911268,21.272704,0.104896,19.128000,24.452000,19.128000,20.452000,-1.216732,3.179296,0.606429,-0.462373,-0.567270,0.820704,0.300000,-0.283635,0,0
1789801456.264014,3,17.911268,21.272704,0.104896,19.128000,24.452000,19.128000,20.452000,-1.216732,3.179296,0.606429,-0.462373,-0.567270,0.820704,0.300000,-0.283635,0,0
1789801456.364035,3,17.911268,21.272704,0.104896,19.128000,24.452000,19.128000,20.452000,-1.216732,3.179296,0.606429,-0.462373,-0.567270,0.820704,0.300000,-0.283635,0,0
1789801456.464117,3,17.911268,21.272704,0.104896,19.128000,24.452000,19.128000,20.452000,-1.216732,3.179296,0.606429,-0.462373,-0.567270,0.820704,0.300000,-0.283635,0,0
1789801456.564134,3,17.911268,21.272704,0.104896,19.128000,24.452000,19.128000,20.452000,-1.216732,3.179296,0.606429,-0.462373,-0.567270,0.820704,0.300000,-0.283635,0,0
1789801456.664182,3,17.911268,21.272704,0.104896,19.128000,24.452000,19.128000,20.452000,-1.216732,3.179296,0.606429,-0.462373,-0.567270,0.820704,0.300000,-0.283635,0,0
1789801456.764203,3,17.911268,21.272704,0.104896,19.128000,24.452000,19.128000,20.452000,-1.216732,3.179296,0.606429,-0.462373,-0.567270,0.820704,0.300000,-0.283635,0,0
1789801456.864218,3,17.911268,21.272704,0.104896,19.128000,24.452000,19.128000,20.452000,-1.216732,3.179296,0.606429,-0.462373,-0.567270,0.820704,0.300000,-0.283635,0,0
1789801456.964273,3,17.911268,21.272704,0.104896,19.128000,24.452000,19.128000,20.452000,-1.216732,3.179296,0.606429,-0.462373,-0.567270,0.820704,0.300000,-0.283635,0,0
1789801457.064451,3,17.911268,21.272704,0.104896,19.128000,24.452000,19.128000,20.452000,-1.216732,3.179296,0.606429,-0.462373,-0.567270,0.820704,0.300000,-0.283635,0,0
1789801457.164442,3,17.911268,21.272704,0.104896,19.128000,24.452000,19.128000,20.452000,-1.216732,3.179296,0.606429,-0.462373,-0.567270,0.820704,0.300000,-0.283635,0,0
1789801457.264411,3,17.911268,21.272704,0.104896,19.128000,24.452000,19.128000,20.452000,-1.216732,3.179296,0.606429,-0.462373,-0.567270,0.820704,0.300000,-0.283635,0,0
1789801457.364488,3,17.911268,21.272704,0.104896,19.128000,24.452000,19.128000,20.452000,-1.216732,3.179296,0.606429,-0.462373,-0.567270,0.820704,0.300000,-0.283635,0,0
1789801457.464497,3,17.911268,21.272704,0.104896,19.128000,24.452000,19.128000,20.452000,-1.216732,3.179296,0.606429,-0.462373,-0.567270,0.820704,0.300000,-0.283635,0,0
1789801457.564533,3,17.911268,21.272704,0.104896,19.128000,24.452000,19.128000,20.452000,-1.216732,3.179296,0.606429,-0.462373,-0.567270,0.820704,0.300000,-0.283635,0,0
1789801457.664572,3,17.911268,21.272704,0.104896,19.128000,24.452000,19.128000,20.452000,-1.216732,3.179296,0.606429,-0.462373,-0.567270,0.820704,0.300000,-0.283635,0,0
1789801457.764600,3,17.911268,21.272704,0.104896,19.128000,24.452000,19.128000,20.452000,-1.216732,3.179296,0.606429,-0.462373,-0.567270,0.820704,0.300000,-0.283635,0,0
1789801457.866289,3,17.911268,21.272704,0.104896,19.128000,24.452000,19.128000,20.452000,-1.216732,3.179296,0.606429,-0.462373,-0.567270,0.820704,0.300000,-0.283635,0,0
1789801457.964694,3,17.911268,21.272704,0.104896,19.128000,24.452000,19.128000,20.452000,-1.216732,3.179296,0.606429,-0.462373,-0.567270,0.820704,0.300000,-0.283635,0,0
1789801458.064732,3,17.911268,21.272704,0.104896,19.128000,24.452000,19.128000,20.452000,-1.216732,3.179296,0.606429,-0.462373,-0.567270,0.820704,0.300000,-0.283635,0,0
1789801458.164805,3,17.911268,21.272704,0.104896,19.128000,24.452000,19.128000,20.452000,-1.216732,3.179296,0.606429,-0.462373,-0.567270,0.820704,0.300000,-0.283635,0,0
1789801458.264802,3,17.911268,21.272704,0.104896,19.128000,24.452000,19.128000,20.452000,-1.216732,3.179296,0.606429,-0.462373,-0.567270,0.820704,0.300000,-0.283635,0,0
1789801458.364773,3,17.911268,21.272704,0.104896,19.128000,24.452000,19.128000,20.452000,-1.216732,3.179296,0.606429,-0.462373,-0.567270,0.820704,0.300000,-0.283635,0,0
1789801458.464899,3,17.911268,21.272704,0.104896,19.128000,24.452000,19.128000,20.452000,-1.216732,3.179296,0.606429,-0.462373,-0.567270,0.820704,0.300000,-0.283635,0,0
1789801458.564890,3,17.911268,21.272704,0.104896,19.128000,24.452000,19.128000,20.452000,-1.216732,3.179296,0.606429,-0.462373,-0.567270,0.820704,0.300000,-0.283635,0,0
1789801458.664935,3,17.911268,21.272704,0.104896,19.128000,24.452000,19.128000,20.452000,-1.216732,3.179296,0.606429,-0.462373,-0.567270,0.820704,0.300000,-0.283635,0,0
1789801458.765026,3,17.911268,21.272704,0.104896,19.128000,24.452000,19.128000,20.452000,-1.216732,3.179296,0.606429,-0.462373,-0.567270,0.820704,0.300000,-0.283635,0,0
1789801458.865106,3,17.911268,21.272704,0.104896,19.128000,24.452000,19.128000,20.452000,-1.216732,3.179296,0.606429,-0.462373,-0.567270,0.820704,0.300000,-0.283635,0,0
1789801458.965079,3,17.911268,21.272704,0.104896,19.128000,24.452000,19.128000,20.452000,-1.216732,3.179296,0.606429,-0.462373,-0.567270,0.820704,0.300000,-0.283635,0,0
1789801459.065147,3,17.911268,21.272704,0.104896,19.128000,24.452000,19.128000,20.452000,-1.216732,3.179296,0.606429,-0.462373,-0.567270,0.820704,0.300000,-0.283635,0,0
1789801459.165193,3,17.911268,21.272704,0.104896,19.128000,24.452000,19.128000,20.452000,-1.216732,3.179296,0.606429,-0.462373,-0.567270,0.820704,0.300000,-0.283635,0,0
1789801459.265165,3,17.911268,21.272704,0.104896,19.128000,24.452000,19.128000,20.452000,-1.216732,3.179296,0.606429,-0.462373,-0.567270,0.820704,0.300000,-0.283635,0,0
1789801459.365192,3,17.911268,21.272704,0.104896,19.128000,24.452000,19.128000,20.452000,-1.216732,3.179296,0.606429,-0.462373,-0.567270,0.820704,0.300000,-0.283635,0,0
1789801459.465248,3,17.911268,21.272704,0.104896,19.128000,24.452000,19.128000,20.452000,-1.216732,3.179296,0.606429,-0.462373,-0.567270,0.820704,0.300000,-0.283635,0,0
1789801459.565310,3,17.911268,21.272704,0.104896,19.128000,24.452000,19.128000,20.452000,-1.216732,3.179296,0.606429,-0.462373,-0.567270,0.820704,0.300000,-0.283635,0,0
1789801459.665315,3,17.911268,21.272704,0.104896,19.128000,24.452000,19.128000,20.452000,-1.216732,3.179296,0.606429,-0.462373,-0.567270,0.820704,0.300000,-0.283635,0,0
1789801459.765418,3,17.911268,21.272704,0.104896,19.128000,24.452000,19.128000,20.452000,-1.216732,3.179296,0.606429,-0.462373,-0.567270,0.820704,0.300000,-0.283635,0,0
1789801459.865411,3,17.911268,21.272704,0.104896,19.128000,24.452000,19.128000,20.452000,-1.216732,3.179296,0.606429,-0.462373,-0.567270,0.820704,0.300000,-0.283635,0,0
1789801459.965537,3,17.911268,21.272704,0.104896,19.128000,24.452000,19.128000,20.452000,-1.216732,3.179296,0.606429,-0.462373,-0.567270,0.820704,0.300000,-0.283635,0,0
1789801460.065531,3,17.911268,21.272704,0.104896,19.128000,24.452000,19.128000,20.452000,-1.216732,3.179296,0.606429,-0.462373,-0.567270,0.820704,0.300000,-0.283635,0,0
1789801460.165522,3,17.911268,21.272704,0.104896,19.128000,24.452000,19.128000,20.452000,-1.216732,3.179296,0.606429,-0.462373,-0.567270,0.820704,0.300000,-0.283635,0,0
1789801460.265637,3,17.911268,21.272704,0.104896,19.128000,24.452000,19.128000,20.452000,-1.216732,3.179296,0.606429,-0.462373,-0.567270,0.820704,0.300000,-0.283635,0,0
1789801460.365654,3,17.911268,21.272704,0.104896,19.128000,24.452000,19.128000,20.452000,-1.216732,3.179296,0.606429,-0.462373,-0.567270,0.820704,0.300000,-0.283635,0,0
1789801460.465735,3,17.911268,21.272704,0.104896,19.128000,24.452000,19.128000,20.452000,-1.216732,3.179296,0.606429,-0.462373,-0.567270,0.820704,0.300000,-0.283635,0,0
1789801460.565655,3,17.911268,21.272704,0.104896,19.128000,24.452000,19.128000,20.452000,-1.216732,3.179296,0.606429,-0.462373,-0.567270,0.820704,0.300000,-0.283635,0,0
1789801460.665739,3,17.911268,21.272704,0.104896,19.128000,24.452000,19.128000,20.452000,-1.216732,3.179296,0.606429,-0.462373,-0.567270,0.820704,0.300000,-0.283635,0,0
1789801460.765764,3,17.911268,21.272704,0.104896,19.128000,24.452000,19.128000,20.452000,-1.216732,3.179296,0.606429,-0.462373,-0.567270,0.820704,0.300000,-0.283635,0,0
1789801460.865867,3,17.911268,21.272704,0.104896,19.128000,24.452000,19.128000,20.452000,-1.216732,3.179296,0.606429,-0.462373,-0.567270,0.820704,0.300000,-0.283635,0,0
1789801460.965790,3,17.911268,21.272704,0.104896,19.128000,24.452000,19.128000,20.452000,-1.216732,3.179296,0.606429,-0.462373,-0.567270,0.820704,0.300000,-0.283635,0,0
1789801461.065912,3,17.911268,21.272704,0.104896,19.128000,24.452000,19.128000,20.452000,-1.216732,3.179296,0.606429,-0.462373,-0.567270,0.820704,0.300000,-0.283635,0,0
1789801461.166046,3,17.911268,21.272704,0.104896,19.128000,24.452000,19.128000,20.452000,-1.216732,3.179296,0.606429,-0.462373,-0.567270,0.820704,0.300000,-0.283635,0,0
1789801461.265888,3,17.911268,21.272704,0.104896,19.128000,24.452000,19.128000,20.452000,-1.216732,3.179296,0.606429,-0.462373,-0.567270,0.820704,0.300000,-0.283635,0,0
1789801461.365941,3,17.911268,21.272704,0.104896,19.128000,24.452000,19.128000,20.452000,-1.216732,3.179296,0.606429,-0.462373,-0.567270,0.820704,0.300000,-0.283635,0,0
1789801461.466114,3,17.911268,21.272704,0.104896,19.128000,24.452000,19.128000,20.452000,-1.216732,3.179296,0.606429,-0.462373,-0.567270,0.820704,0.300000,-0.283635,0,0
1789801461.566187,3,17.911268,21.272704,0.104896,19.128000,24.452000,19.128000,20.452000,-1.216732,3.179296,0.606429,-0.462373,-0.567270,0.820704,0.300000,-0.283635,0,0
1789801461.670276,3,17.911268,21.272704,0.104896,19.128000,24.452000,19.128000,20.452000,-1.216732,3.179296,0.606429,-0.462373,-0.567270,0.820704,0.300000,-0.283635,0,0
1789801461.766189,3,17.911268,21.272704,0.104896,19.128000,24.452000,19.128000,20.452000,-1.216732,3.179296,0.606429,-0.462373,-0.567270,0.820704,0.300000,-0.283635,0,0
1789801461.866473,3,17.911268,21.272704,0.104896,19.128000,24.452000,19.128000,20.452000,-1.216732,3.179296,0.606429,-0.462373,-0.567270,0.820704,0.300000,-0.283635,0,0
1789801461.969880,3,17.911268,21.272704,0.104896,19.128000,24.452000,19.128000,20.452000,-1.216732,3.179296,0.606429,-0.462373,-0.567270,0.820704,0.300000,-0.283635,0,0
1789801462.071383,3,17.911268,21.272704,0.104896,19.128000,24.452000,19.128000,20.452000,-1.216732,3.179296,0.606429,-0.462373,-0.567270,0.820704,0.300000,-0.283635,0,0
1789801462.166343,3,17.911268,21.272704,0.104896,19.128000,24.452000,19.128000,20.452000,-1.216732,3.179296,0.606429,-0.462373,-0.567270,0.820704,0.300000,-0.283635,0,0
1789801462.266311,3,17.911268,21.272704,0.104896,19.128000,24.452000,19.128000,20.452000,-1.216732,3.179296,0.606429,-0.462373,-0.567270,0.820704,0.300000,-0.283635,0,0
1789801462.366302,3,17.911268,21.272704,0.104896,19.128000,24.452000,19.128000,20.452000,-1.216732,3.179296,0.606429,-0.462373,-0.567270,0.820704,0.300000,-0.283635,0,0
1789801462.466405,3,17.911268,21.272704,0.104896,19.128000,24.452000,19.128000,20.452000,-1.216732,3.179296,0.606429,-0.462373,-0.567270,0.820704,0.300000,-0.283635,0,0
1789801462.566407,3,17.911268,21.272704,0.104896,19.128000,24.452000,19.128000,20.452000,-1.216732,3.179296,0.606429,-0.462373,-0.567270,0.820704,0.300000,-0.283635,0,0
1789801462.666471,3,17.911268,21.272704,0.104896,19.128000,24.452000,19.128000,20.452000,-1.216732,3.179296,0.606429,-0.462373,-0.567270,0.820704,0.300000,-0.283635,0,0
1789801462.766485,3,17.911268,21.272704,0.104896,19.128000,24.452000,19.128000,20.452000,-1.216732,3.179296,0.606429,-0.462373,-0.567270,0.820704,0.300000,-0.283635,0,0
1789801462.866573,3,17.911268,21.272704,0.104896,19.128000,24.452000,19.128000,20.452000,-1.216732,3.179296,0.606429,-0.462373,-0.567270,0.820704,0.300000,-0.283635,0,0
1789801462.969531,3,17.865101,21.273108,0.013381,19.128000,24.452000,19.128000,20.452000,-1.262899,3.178892,0.598233,-0.442386,-0.455766,0.821108,0.300000,-0.242140,0,0
1789801463.067696,3,17.865101,21.273108,0.013381,19.128000,24.452000,19.128000,20.452000,-1.262899,3.178892,0.598233,-0.442386,-0.455766,0.821108,0.300000,-0.215014,0,0
1789801463.166623,3,17.865101,21.273108,0.013381,19.128000,24.452000,19.128000,20.452000,-1.262899,3.178892,0.598233,-0.442386,-0.455766,0.821108,0.300000,-0.198167,0,0
1789801463.270458,3,17.865101,21.273108,0.013381,19.128000,24.452000,19.128000,20.452000,-1.262899,3.178892,0.598233,-0.442386,-0.455766,0.821108,0.300000,-0.188574,0,0
1789801463.366667,3,17.865101,21.273108,0.013381,19.128000,24.452000,19.128000,20.452000,-1.262899,3.178892,0.598233,-0.442386,-0.455766,0.821108,0.300000,-0.184007,0,0
1789801463.466731,3,17.865101,21.273108,0.013381,19.128000,24.452000,19.128000,20.452000,-1.262899,3.178892,0.598233,-0.442386,-0.455766,0.821108,0.300000,-0.182839,0,0
1789801463.566746,3,17.865101,21.273108,0.013381,19.128000,24.452000,19.128000,20.452000,-1.262899,3.178892,0.598233,-0.442386,-0.455766,0.821108,0.300000,-0.183894,0,0
1789801463.666848,3,17.865101,21.273108,0.013381,19.128000,24.452000,19.128000,20.452000,-1.262899,3.178892,0.598233,-0.442386,-0.455766,0.821108,0.300000,-0.186328,0,0
1789801463.766814,3,17.865101,21.273108,0.013381,19.128000,24.452000,19.128000,20.452000,-1.262899,3.178892,0.598233,-0.442386,-0.455766,0.821108,0.300000,-0.189548,0,0
1789801463.866910,3,17.865101,21.273108,0.013381,19.128000,24.452000,19.128000,20.452000,-1.262899,3.178892,0.598233,-0.442386,-0.455766,0.821108,0.300000,-0.193142,0,0
1789801463.966889,3,17.865101,21.273108,0.013381,19.128000,24.452000,19.128000,20.452000,-1.262899,3.178892,0.598233,-0.442386,-0.455766,0.821108,0.300000,-0.196832,0,0
1789801464.066976,3,17.838145,21.269123,-0.097864,19.128000,24.452000,19.128000,20.452000,-1.289855,3.182877,0.593613,-0.431318,-0.333454,0.817123,0.300000,-0.153981,0,0
1789801464.167003,3,17.838145,21.269123,-0.097864,19.128000,24.452000,19.128000,20.452000,-1.289855,3.182877,0.593613,-0.431318,-0.333454,0.817123,0.300000,-0.127067,0,0
1789801464.267054,3,17.838145,21.269123,-0.097864,19.128000,24.452000,19.128000,20.452000,-1.289855,3.182877,0.593613,-0.431318,-0.333454,0.817123,0.300000,-0.111428,0,0
1789801464.370761,3,17.838145,21.269123,-0.097864,19.128000,24.452000,19.128000,20.452000,-1.289855,3.182877,0.593613,-0.431318,-0.333454,0.817123,0.300000,-0.103631,0,0
1789801464.467247,3,17.838145,21.269123,-0.097864,19.128000,24.452000,19.128000,20.452000,-1.289855,3.182877,0.593613,-0.431318,-0.333454,0.817123,0.300000,-0.101164,0,0
1789801464.567149,3,17.838145,21.269123,-0.097864,19.128000,24.452000,19.128000,20.452000,-1.289855,3.182877,0.593613,-0.431318,-0.333454,0.817123,0.300000,-0.102209,0,0
1789801464.667152,3,17.838145,21.269123,-0.097864,19.128000,24.452000,19.128000,20.452000,-1.289855,3.182877,0.593613,-0.431318,-0.333454,0.817123,0.300000,-0.105458,0,0
1789801464.767216,3,17.838145,21.269123,-0.097864,19.128000,24.452000,19.128000,20.452000,-1.289855,3.182877,0.593613,-0.431318,-0.333454,0.817123,0.300000,-0.109988,0,0
1789801464.867206,3,17.838145,21.269123,-0.097864,19.128000,24.452000,19.128000,20.452000,-1.289855,3.182877,0.593613,-0.431318,-0.333454,0.817123,0.300000,-0.115157,0,0
1789801464.967245,3,17.838145,21.269123,-0.097864,19.128000,24.452000,19.128000,20.452000,-1.289855,3.182877,0.593613,-0.431318,-0.333454,0.817123,0.300000,-0.120527,0,0
1789801465.067298,3,17.838145,21.269123,-0.097864,19.128000,24.452000,19.128000,20.452000,-1.289855,3.182877,0.593613,-0.431318,-0.333454,0.817123,0.300000,-0.125813,0,0
1789801465.169148,3,17.838145,21.269123,-0.097864,19.128000,24.452000,19.128000,20.452000,-1.289855,3.182877,0.593613,-0.431318,-0.333454,0.817123,0.300000,-0.130832,0,0
1789801465.267349,3,17.838145,21.269123,-0.097864,19.128000,24.452000,19.128000,20.452000,-1.289855,3.182877,0.593613,-0.431318,-0.333454,0.817123,0.300000,-0.135480,0,0
1789801465.367420,3,17.838145,21.269123,-0.097864,19.128000,24.452000,19.128000,20.452000,-1.289855,3.182877,0.593613,-0.431318,-0.333454,0.817123,0.300000,-0.139705,0,0
1789801465.467387,3,17.838145,21.269123,-0.097864,19.128000,24.452000,19.128000,20.452000,-1.289855,3.182877,0.593613,-0.431318,-0.333454,0.817123,0.300000,-0.143489,0,0
1789801465.567383,3,17.838145,21.269123,-0.097864,19.128000,24.452000,19.128000,20.452000,-1.289855,3.182877,0.593613,-0.431318,-0.333454,0.817123,0.300000,-0.146841,0,0
1789801465.667511,3,17.838145,21.269123,-0.097864,19.128000,24.452000,19.128000,20.452000,-1.289855,3.182877,0.593613,-0.431318,-0.333454,0.817123,0.300000,-0.149782,0,0
1789801465.767534,3,17.838145,21.269123,-0.097864,19.128000,24.452000,19.128000,20.452000,-1.289855,3.182877,0.593613,-0.431318,-0.333454,0.817123,0.300000,-0.152341,0,0
1789801465.867532,3,17.838145,21.269123,-0.097864,19.128000,24.452000,19.128000,20.452000,-1.289855,3.182877,0.593613,-0.431318,-0.333454,0.817123,0.300000,-0.154555,0,0
1789801465.967610,3,17.838145,21.269123,-0.097864,19.128000,24.452000,19.128000,20.452000,-1.289855,3.182877,0.593613,-0.431318,-0.333454,0.817123,0.300000,-0.156459,0,0
1789801466.067685,3,17.838145,21.269123,-0.097864,19.128000,24.452000,19.128000,20.452000,-1.289855,3.182877,0.593613,-0.431318,-0.333454,0.817123,0.300000,-0.158088,0,0
1789801466.167736,3,17.838145,21.269123,-0.097864,19.128000,24.452000,19.128000,20.452000,-1.289855,3.182877,0.593613,-0.431318,-0.333454,0.817123,0.300000,-0.159476,0,0
1789801466.267749,3,17.838145,21.269123,-0.097864,19.128000,24.452000,19.128000,20.452000,-1.289855,3.182877,0.593613,-0.431318,-0.333454,0.817123,0.300000,-0.160654,0,0
1789801466.367733,3,17.838145,21.269123,-0.097864,19.128000,24.452000,19.128000,20.452000,-1.289855,3.182877,0.593613,-0.431318,-0.333454,0.817123,0.300000,-0.161652,0,0
1789801466.470991,3,17.838145,21.269123,-0.097864,19.128000,24.452000,19.128000,20.452000,-1.289855,3.182877,0.593613,-0.431318,-0.333454,0.817123,0.300000,-0.162493,0,0
1789801466.567846,3,17.838145,21.269123,-0.097864,19.128000,24.452000,19.128000,20.452000,-1.289855,3.182877,0.593613,-0.431318,-0.333454,0.817123,0.300000,-0.163200,0,0
1789801466.667823,3,17.838145,21.269123,-0.097864,19.128000,24.452000,19.128000,20.452000,-1.289855,3.182877,0.593613,-0.431318,-0.333454,0.817123,0.300000,-0.163795,0,0
1789801466.767890,3,17.796215,21.282028,-0.254786,19.128000,24.452000,19.128000,20.452000,-1.331785,3.169972,0.586680,-0.414944,-0.160158,0.830028,0.371094,-0.098468,0,0
1789801466.867920,3,17.796215,21.282028,-0.254786,19.128000,24.452000,19.128000,20.452000,-1.331785,3.169972,0.586680,-0.414944,-0.160158,0.830028,0.371094,-0.055923,0,0
1789801466.967963,3,17.796215,21.282028,-0.254786,19.128000,24.452000,19.128000,20.452000,-1.331785,3.169972,0.586680,-0.414944,-0.160158,0.830028,0.371094,-0.029660,0,0
1789801467.068009,3,17.796215,21.282028,-0.254786,19.128000,24.452000,19.128000,20.452000,-1.331785,3.169972,0.586680,-0.414944,-0.160158,0.830028,0.371094,-0.014869,0,0
1789801467.168013,3,17.796215,21.282028,-0.254786,19.128000,24.452000,19.128000,20.452000,-1.331785,3.169972,0.586680,-0.414944,-0.160158,0.830028,0.371094,-0.008011,0,0
1789801467.268009,3,17.796215,21.282028,-0.254786,19.128000,24.452000,19.128000,20.452000,-1.331785,3.169972,0.586680,-0.414944,-0.160158,0.830028,0.371094,-0.006505,0,0
1789801467.368125,3,17.796215,21.282028,-0.254786,19.128000,24.452000,19.128000,20.452000,-1.331785,3.169972,0.586680,-0.414944,-0.160158,0.830028,0.371094,-0.008484,0,0
1789801467.468146,3,17.796215,21.282028,-0.254786,19.128000,24.452000,19.128000,20.452000,-1.331785,3.169972,0.586680,-0.414944,-0.160158,0.830028,0.371094,-0.012614,0,0
1789801467.568138,3,17.796215,21.282028,-0.254786,19.128000,24.452000,19.128000,20.452000,-1.331785,3.169972,0.586680,-0.414944,-0.160158,0.830028,0.371094,-0.017956,0,0
1789801467.668208,3,17.796215,21.282028,-0.254786,19.128000,24.452000,19.128000,20.452000,-1.331785,3.169972,0.586680,-0.414944,-0.160158,0.830028,0.371094,-0.023860,0,0
1789801467.768212,3,17.796215,21.282028,-0.254786,19.128000,24.452000,19.128000,20.452000,-1.331785,3.169972,0.586680,-0.414944,-0.160158,0.830028,0.371094,-0.029887,0,0
1789801467.868292,3,17.796215,21.282028,-0.254786,19.128000,24.452000,19.128000,20.452000,-1.331785,3.169972,0.586680,-0.414944,-0.160158,0.830028,0.371094,-0.035752,0,0
1789801467.968322,3,17.796215,21.282028,-0.254786,19.128000,24.452000,19.128000,20.452000,-1.331785,3.169972,0.586680,-0.414944,-0.160158,0.830028,0.371094,-0.041279,0,0
1789801468.068317,3,17.796215,21.282028,-0.254786,19.128000,24.452000,19.128000,20.452000,-1.331785,3.169972,0.586680,-0.414944,-0.160158,0.830028,0.371094,-0.046368,0,0
1789801468.168362,3,17.796215,21.282028,-0.254786,19.128000,24.452000,19.128000,20.452000,-1.331785,3.169972,0.586680,-0.414944,-0.160158,0.830028,0.371094,-0.050974,0,0
1789801468.268417,3,17.799945,21.285344,-0.142415,19.128000,24.452000,19.128000,20.452000,-1.328055,3.166656,0.587284,-0.416360,-0.273946,0.833344,0.300000,-0.098304,0,0
1789801468.368528,3,17.799945,21.285344,-0.142415,19.128000,24.452000,19.128000,20.452000,-1.328055,3.166656,0.587284,-0.416360,-0.273946,0.833344,0.300000,-0.130143,0,0
1789801468.468496,3,17.799945,21.285344,-0.142415,19.128000,24.452000,19.128000,20.452000,-1.328055,3.166656,0.587284,-0.416360,-0.273946,0.833344,0.300000,-0.150792,0,0
1789801468.568482,3,17.799945,21.285344,-0.142415,19.128000,24.452000,19.128000,20.452000,-1.328055,3.166656,0.587284,-0.416360,-0.273946,0.833344,0.300000,-0.163455,0,0
1789801468.668814,3,17.812505,21.267570,-0.028105,19.128000,24.452000,19.128000,20.452000,-1.315495,3.184430,0.589337,-0.421186,-0.393081,0.815570,0.300000,-0.215661,0,0
1789801468.768569,3,17.812505,21.267570,-0.028105,19.128000,24.452000,19.128000,20.452000,-1.315495,3.184430,0.589337,-0.421186,-0.393081,0.815570,0.300000,-0.248307,0,0
1789801468.868576,3,17.812505,21.267570,-0.028105,19.128000,24.452000,19.128000,20.452000,-1.315495,3.184430,0.589337,-0.421186,-0.393081,0.815570,0.300000,-0.267130,0,0
1789801468.969185,3,17.846924,21.272636,0.083298,19.128000,24.452000,19.128000,20.452000,-1.281076,3.179364,0.595104,-0.434875,-0.518173,0.820636,0.300000,-0.323675,0,0
1789801469.068683,3,17.846924,21.272636,0.083298,19.128000,24.452000,19.128000,20.452000,-1.281076,3.179364,0.595104,-0.434875,-0.518173,0.820636,0.300000,-0.357280,0,0
1789801469.168757,3,17.846924,21.272636,0.083298,19.128000,24.452000,19.128000,20.452000,-1.281076,3.179364,0.595104,-0.434875,-0.518173,0.820636,0.300000,-0.374859,0,0
1789801469.268708,3,17.846924,21.272636,0.083298,19.128000,24.452000,19.128000,20.452000,-1.281076,3.179364,0.595104,-0.434875,-0.518173,0.820636,0.300000,-0.381479,0,0
1789801469.368883,3,17.846924,21.272636,0.083298,19.128000,24.452000,19.128000,20.452000,-1.281076,3.179364,0.595104,-0.434875,-0.518173,0.820636,0.300000,-0.380820,0,0
1789801469.468814,3,17.846924,21.272636,0.083298,19.128000,24.452000,19.128000,20.452000,-1.281076,3.179364,0.595104,-0.434875,-0.518173,0.820636,0.300000,-0.375529,0,0
1789801469.568860,3,17.846924,21.272636,0.083298,19.128000,24.452000,19.128000,20.452000,-1.281076,3.179364,0.595104,-0.434875,-0.518173,0.820636,0.300000,-0.367485,0,0
1789801469.670196,3,17.846924,21.272636,0.083298,19.128000,24.452000,19.128000,20.452000,-1.281076,3.179364,0.595104,-0.434875,-0.518173,0.820636,0.300000,-0.358001,0,0
1789801469.769152,3,17.846924,21.272636,0.083298,19.128000,24.452000,19.128000,20.452000,-1.281076,3.179364,0.595104,-0.434875,-0.518173,0.820636,0.300000,-0.347974,0,0
1789801469.868925,3,17.846924,21.272636,0.083298,19.128000,24.452000,19.128000,20.452000,-1.281076,3.179364,0.595104,-0.434875,-0.518173,0.820636,0.300000,-0.338002,0,0
1789801469.974568,3,17.846924,21.272636,0.083298,19.128000,24.452000,19.128000,20.452000,-1.281076,3.179364,0.595104,-0.434875,-0.518173,0.820636,0.300000,-0.328463,0,0
1789801470.068977,3,17.846924,21.272636,0.083298,19.128000,24.452000,19.128000,20.452000,-1.281076,3.179364,0.595104,-0.434875,-0.518173,0.820636,0.300000,-0.319583,0,0
1789801470.170333,3,17.846924,21.272636,0.083298,19.128000,24.452000,19.128000,20.452000,-1.281076,3.179364,0.595104,-0.434875,-0.518173,0.820636,0.300000,-0.311480,0,0
1789801470.269083,3,17.846924,21.272636,0.083298,19.128000,24.452000,19.128000,20.452000,-1.281076,3.179364,0.595104,-0.434875,-0.518173,0.820636,0.300000,-0.304198,0,0
1789801470.369087,3,17.846924,21.272636,0.083298,19.128000,24.452000,19.128000,20.452000,-1.281076,3.179364,0.595104,-0.434875,-0.518173,0.820636,0.300000,-0.297733,0,0
1789801470.469113,3,17.846924,21.272636,0.083298,19.128000,24.452000,19.128000,20.452000,-1.281076,3.179364,0.595104,-0.434875,-0.518173,0.820636,0.300000,-0.292050,0,0
1789801470.569143,3,17.846924,21.272636,0.083298,19.128000,24.452000,19.128000,20.452000,-1.281076,3.179364,0.595104,-0.434875,-0.518173,0.820636,0.300000,-0.287094,0,0
1789801470.669205,3,17.846924,21.272636,0.083298,19.128000,24.452000,19.128000,20.452000,-1.281076,3.179364,0.595104,-0.434875,-0.518173,0.820636,0.300000,-0.282802,0,0
1789801470.769213,3,17.846924,21.272636,0.083298,19.128000,24.452000,19.128000,20.452000,-1.281076,3.179364,0.595104,-0.434875,-0.518173,0.820636,0.300000,-0.279107,0,0
1789801470.871857,3,17.846924,21.272636,0.083298,19.128000,24.452000,19.128000,20.452000,-1.281076,3.179364,0.595104,-0.434875,-0.518173,0.820636,0.300000,-0.275941,0,0
1789801470.969314,3,17.846924,21.272636,0.083298,19.128000,24.452000,19.128000,20.452000,-1.281076,3.179364,0.595104,-0.434875,-0.518173,0.820636,0.300000,-0.273240,0,0
1789801471.069321,3,17.846924,21.272636,0.083298,19.128000,24.452000,19.128000,20.452000,-1.281076,3.179364,0.595104,-0.434875,-0.518173,0.820636,0.300000,-0.270946,0,0
1789801471.169392,3,17.846924,21.272636,0.083298,19.128000,24.452000,19.128000,20.452000,-1.281076,3.179364,0.595104,-0.434875,-0.518173,0.820636,0.300000,-0.269003,0,0
1789801471.269371,3,17.846924,21.272636,0.083298,19.128000,24.452000,19.128000,20.452000,-1.281076,3.179364,0.595104,-0.434875,-0.518173,0.820636,0.300000,-0.267363,0,0
1789801471.369451,3,17.846924,21.272636,0.083298,19.128000,24.452000,19.128000,20.452000,-1.281076,3.179364,0.595104,-0.434875,-0.518173,0.820636,0.300000,-0.265982,0,0
1789801471.469388,3,17.872256,21.282458,0.191842,19.128000,24.452000,19.128000,20.452000,-1.255744,3.169542,0.599480,-0.445397,-0.637239,0.830458,0.300000,-0.310083,0,0
1789801471.569409,3,17.872256,21.282458,0.191842,19.128000,24.452000,19.128000,20.452000,-1.255744,3.169542,0.599480,-0.445397,-0.637239,0.830458,0.300000,-0.338648,0,0
1789801471.669505,3,17.872256,21.282458,0.191842,19.128000,24.452000,19.128000,20.452000,-1.255744,3.169542,0.599480,-0.445397,-0.637239,0.830458,0.300000,-0.356129,0,0
1789801471.769498,3,17.872256,21.282458,0.191842,19.128000,24.452000,19.128000,20.452000,-1.255744,3.169542,0.599480,-0.445397,-0.637239,0.830458,0.300000,-0.365817,0,0
1789801471.869551,3,17.872256,21.282458,0.191842,19.128000,24.452000,19.128000,20.452000,-1.255744,3.169542,0.599480,-0.445397,-0.637239,0.830458,0.300000,-0.370129,0,0
1789801471.969574,3,17.872256,21.282458,0.191842,19.128000,24.452000,19.128000,20.452000,-1.255744,3.169542,0.599480,-0.445397,-0.637239,0.830458,0.300000,-0.370828,0,0
1789801472.069659,3,17.872256,21.282458,0.191842,19.128000,24.452000,19.128000,20.452000,-1.255744,3.169542,0.599480,-0.445397,-0.637239,0.830458,0.300000,-0.369187,0,0
1789801472.169669,3,17.872256,21.282458,0.191842,19.128000,24.452000,19.128000,20.452000,-1.255744,3.169542,0.599480,-0.445397,-0.637239,0.830458,0.300000,-0.366114,0,0
1789801472.269718,3,17.872256,21.282458,0.191842,19.128000,24.452000,19.128000,20.452000,-1.255744,3.169542,0.599480,-0.445397,-0.637239,0.830458,0.300000,-0.362248,0,0
1789801472.369685,3,17.872256,21.282458,0.191842,19.128000,24.452000,19.128000,20.452000,-1.255744,3.169542,0.599480,-0.445397,-0.637239,0.830458,0.300000,-0.358028,0,0
1789801472.469750,3,17.872256,21.282458,0.191842,19.128000,24.452000,19.128000,20.452000,-1.255744,3.169542,0.599480,-0.445397,-0.637239,0.830458,0.300000,-0.353752,0,0
1789801472.569758,3,17.872256,21.282458,0.191842,19.128000,24.452000,19.128000,20.452000,-1.255744,3.169542,0.599480,-0.445397,-0.637239,0.830458,0.300000,-0.349609,0,0
1789801472.669850,3,17.872256,21.282458,0.191842,19.128000,24.452000,19.128000,20.452000,-1.255744,3.169542,0.599480,-0.445397,-0.637239,0.830458,0.300000,-0.345718,0,0
1789801472.769804,3,17.906763,21.281295,0.286772,19.128000,24.452000,19.128000,20.452000,-1.221237,3.170705,0.605614,-0.460364,-0.747136,0.829295,0.180000,-0.383914,0,0
1789801472.869861,3,17.906763,21.281295,0.286772,19.128000,24.452000,19.128000,20.452000,-1.221237,3.170705,0.605614,-0.460364,-0.747136,0.829295,0.180000,-0.407945,0,0
1789801472.969941,3,17.906763,21.281295,0.286772,19.128000,24.452000,19.128000,20.452000,-1.221237,3.170705,0.605614,-0.460364,-0.747136,0.829295,0.180000,-0.421950,0,0
1789801473.069905,3,17.906763,21.281295,0.286772,19.128000,24.452000,19.128000,20.452000,-1.221237,3.170705,0.605614,-0.460364,-0.747136,0.829295,0.180000,-0.428978,0,0
1789801473.169944,3,17.906763,21.281295,0.286772,19.128000,24.452000,19.128000,20.452000,-1.221237,3.170705,0.605614,-0.460364,-0.747136,0.829295,0.180000,-0.431259,0,0
1789801473.269957,3,17.906763,21.281295,0.286772,19.128000,24.452000,19.128000,20.452000,-1.221237,3.170705,0.605614,-0.460364,-0.747136,0.829295,0.180000,-0.430412,0,0
1789801473.370045,3,17.906763,21.281295,0.286772,19.128000,24.452000,19.128000,20.452000,-1.221237,3.170705,0.605614,-0.460364,-0.747136,0.829295,0.180000,-0.427595,0,0
1789801473.470121,3,17.906763,21.281295,0.286772,19.128000,24.452000,19.128000,20.452000,-1.221237,3.170705,0.605614,-0.460364,-0.747136,0.829295,0.180000,-0.423632,0,0
1789801473.570170,3,17.906763,21.281295,0.286772,19.128000,24.452000,19.128000,20.452000,-1.221237,3.170705,0.605614,-0.460364,-0.747136,0.829295,0.180000,-0.419093,0,0
1789801473.670159,3,17.906763,21.281295,0.286772,19.128000,24.452000,19.128000,20.452000,-1.221237,3.170705,0.605614,-0.460364,-0.747136,0.829295,0.180000,-0.414367,0,0
1789801473.770194,3,17.906763,21.281295,0.286772,19.128000,24.452000,19.128000,20.452000,-1.221237,3.170705,0.605614,-0.460364,-0.747136,0.829295,0.180000,-0.409710,0,0
1789801473.870222,3,17.906763,21.281295,0.286772,19.128000,24.452000,19.128000,20.452000,-1.221237,3.170705,0.605614,-0.460364,-0.747136,0.829295,0.180000,-0.405284,0,0
1789801473.970213,3,17.906763,21.281295,0.286772,19.128000,24.452000,19.128000,20.452000,-1.221237,3.170705,0.605614,-0.460364,-0.747136,0.829295,0.180000,-0.401183,0,0
1789801474.070245,3,17.906763,21.281295,0.286772,19.128000,24.452000,19.128000,20.452000,-1.221237,3.170705,0.605614,-0.460364,-0.747136,0.829295,0.180000,-0.397454,0,0
1789801474.170259,3,17.906763,21.281295,0.286772,19.128000,24.452000,19.128000,20.452000,-1.221237,3.170705,0.605614,-0.460364,-0.747136,0.829295,0.180000,-0.394111,0,0
1789801474.270307,3,17.906763,21.281295,0.286772,19.128000,24.452000,19.128000,20.452000,-1.221237,3.170705,0.605614,-0.460364,-0.747136,0.829295,0.180000,-0.391151,0,0
1789801474.370326,3,17.906763,21.281295,0.286772,19.128000,24.452000,19.128000,20.452000,-1.221237,3.170705,0.605614,-0.460364,-0.747136,0.829295,0.180000,-0.388552,0,0
1789801474.470361,3,17.906763,21.281295,0.286772,19.128000,24.452000,19.128000,20.452000,-1.221237,3.170705,0.605614,-0.460364,-0.747136,0.829295,0.180000,-0.386290,0,0
1789801474.570389,3,17.906763,21.281295,0.286772,19.128000,24.452000,19.128000,20.452000,-1.221237,3.170705,0.605614,-0.460364,-0.747136,0.829295,0.180000,-0.384334,0,0
1789801474.670401,3,17.906763,21.281295,0.286772,19.128000,24.452000,19.128000,20.452000,-1.221237,3.170705,0.605614,-0.460364,-0.747136,0.829295,0.180000,-0.382651,0,0
1789801474.770414,3,17.906763,21.281295,0.286772,19.128000,24.452000,19.128000,20.452000,-1.221237,3.170705,0.605614,-0.460364,-0.747136,0.829295,0.180000,-0.381210,0,0
1789801474.870453,3,17.906763,21.281295,0.286772,19.128000,24.452000,19.128000,20.452000,-1.221237,3.170705,0.605614,-0.460364,-0.747136,0.829295,0.180000,-0.379983,0,0
1789801474.970484,3,17.906763,21.281295,0.286772,19.128000,24.452000,19.128000,20.452000,-1.221237,3.170705,0.605614,-0.460364,-0.747136,0.829295,0.180000,-0.378941,0,0
1789801475.070574,3,17.906763,21.281295,0.286772,19.128000,24.452000,19.128000,20.452000,-1.221237,3.170705,0.605614,-0.460364,-0.747136,0.829295,0.180000,-0.378059,0,0
1789801475.170564,3,17.906763,21.281295,0.286772,19.128000,24.452000,19.128000,20.452000,-1.221237,3.170705,0.605614,-0.460364,-0.747136,0.829295,0.180000,-0.377315,0,0
1789801475.270599,3,17.906763,21.281295,0.286772,19.128000,24.452000,19.128000,20.452000,-1.221237,3.170705,0.605614,-0.460364,-0.747136,0.829295,0.180000,-0.376689,0,0
1789801475.370591,3,17.947057,21.263907,0.370966,19.128000,24.452000,19.128000,20.452000,-1.180943,3.188093,0.613018,-0.478804,-0.849770,0.811907,0.180000,-0.415163,0,0
1789801475.470643,3,17.947057,21.263907,0.370966,19.128000,24.452000,19.128000,20.452000,-1.180943,3.188093,0.613018,-0.478804,-0.849770,0.811907,0.180000,-0.440176,0,0
1789801475.570670,3,17.947057,21.263907,0.370966,19.128000,24.452000,19.128000,20.452000,-1.180943,3.188093,0.613018,-0.478804,-0.849770,0.811907,0.180000,-0.455573,0,0
1789801475.670686,3,17.947057,21.263907,0.370966,19.128000,24.452000,19.128000,20.452000,-1.180943,3.188093,0.613018,-0.478804,-0.849770,0.811907,0.180000,-0.464199,0,0
1789801475.770709,3,17.947057,21.263907,0.370966,19.128000,24.452000,19.128000,20.452000,-1.180943,3.188093,0.613018,-0.478804,-0.849770,0.811907,0.180000,-0.468147,0,0
1789801475.870770,3,17.947057,21.263907,0.370966,19.128000,24.452000,19.128000,20.452000,-1.180943,3.188093,0.613018,-0.478804,-0.849770,0.811907,0.180000,-0.468944,0,0
1789801475.970783,3,17.947057,21.263907,0.370966,19.128000,24.452000,19.128000,20.452000,-1.180943,3.188093,0.613018,-0.478804,-0.849770,0.811907,0.180000,-0.467691,0,0
1789801476.070813,3,17.947057,21.263907,0.370966,19.128000,24.452000,19.128000,20.452000,-1.180943,3.188093,0.613018,-0.478804,-0.849770,0.811907,0.180000,-0.465177,0,0
1789801476.170856,3,17.947057,21.263907,0.370966,19.128000,24.452000,19.128000,20.452000,-1.180943,3.188093,0.613018,-0.478804,-0.849770,0.811907,0.180000,-0.461957,0,0
1789801476.270912,3,17.947057,21.263907,0.370966,19.128000,24.452000,19.128000,20.452000,-1.180943,3.188093,0.613018,-0.478804,-0.849770,0.811907,0.180000,-0.458413,0,0
1789801476.370893,3,17.947057,21.263907,0.370966,19.128000,24.452000,19.128000,20.452000,-1.180943,3.188093,0.613018,-0.478804,-0.849770,0.811907,0.180000,-0.454803,0,0
1789801476.470926,3,17.947057,21.263907,0.370966,19.128000,24.452000,19.128000,20.452000,-1.180943,3.188093,0.613018,-0.478804,-0.849770,0.811907,0.180000,-0.451297,0,0
1789801476.571015,3,17.947057,21.263907,0.370966,19.128000,24.452000,19.128000,20.452000,-1.180943,3.188093,0.613018,-0.478804,-0.849770,0.811907,0.180000,-0.447996,0,0
1789801476.670999,3,17.947057,21.263907,0.370966,19.128000,24.452000,19.128000,20.452000,-1.180943,3.188093,0.613018,-0.478804,-0.849770,0.811907,0.180000,-0.444959,0,0
1789801476.771035,3,17.947057,21.263907,0.370966,19.128000,24.452000,19.128000,20.452000,-1.180943,3.188093,0.613018,-0.478804,-0.849770,0.811907,0.180000,-0.442212,0,0
1789801476.871102,3,17.947057,21.263907,0.370966,19.128000,24.452000,19.128000,20.452000,-1.180943,3.188093,0.613018,-0.478804,-0.849770,0.811907,0.180000,-0.439762,0,0
1789801476.971130,3,17.947057,21.263907,0.370966,19.128000,24.452000,19.128000,20.452000,-1.180943,3.188093,0.613018,-0.478804,-0.849770,0.811907,0.180000,-0.437598,0,0
1789801477.071105,3,17.947057,21.263907,0.370966,19.128000,24.452000,19.128000,20.452000,-1.180943,3.188093,0.613018,-0.478804,-0.849770,0.811907,0.180000,-0.435705,0,0
1789801477.171114,3,17.947057,21.263907,0.370966,19.128000,24.452000,19.128000,20.452000,-1.180943,3.188093,0.613018,-0.478804,-0.849770,0.811907,0.180000,-0.434060,0,0
1789801477.271154,3,17.947057,21.263907,0.370966,19.128000,24.452000,19.128000,20.452000,-1.180943,3.188093,0.613018,-0.478804,-0.849770,0.811907,0.180000,-0.432641,0,0
1789801477.371262,3,17.947057,21.263907,0.370966,19.128000,24.452000,19.128000,20.452000,-1.180943,3.188093,0.613018,-0.478804,-0.849770,0.811907,0.180000,-0.431422,0,0
1789801477.471295,3,17.947057,21.263907,0.370966,19.128000,24.452000,19.128000,20.452000,-1.180943,3.188093,0.613018,-0.478804,-0.849770,0.811907,0.180000,-0.430381,0,0
1789801477.571284,3,17.947057,21.263907,0.370966,19.128000,24.452000,19.128000,20.452000,-1.180943,3.188093,0.613018,-0.478804,-0.849770,0.811907,0.180000,-0.429494,0,0
1789801477.671811,3,17.947057,21.263907,0.370966,19.128000,24.452000,19.128000,20.452000,-1.180943,3.188093,0.613018,-0.478804,-0.849770,0.811907,0.180000,-0.428743,0,0
1789801477.771544,3,17.950656,21.255469,0.249150,19.128000,24.452000,19.128000,20.452000,-1.177344,3.196531,0.613691,-0.480503,-0.729654,0.803469,0.180000,-0.382531,0,0
1789801477.871403,3,17.950656,21.255469,0.249150,19.128000,24.452000,19.128000,20.452000,-1.177344,3.196531,0.613691,-0.480503,-0.729654,0.803469,0.180000,-0.352248,0,0
1789801477.971700,3,17.950656,21.255469,0.249150,19.128000,24.452000,19.128000,20.452000,-1.177344,3.196531,0.613691,-0.480503,-0.729654,0.803469,0.180000,-0.333369,0,0
1789801478.071438,3,17.950656,21.255469,0.249150,19.128000,24.452000,19.128000,20.452000,-1.177344,3.196531,0.613691,-0.480503,-0.729654,0.803469,0.180000,-0.322546,0,0
1789801478.171590,3,17.950656,21.255469,0.249150,19.128000,24.452000,19.128000,20.452000,-1.177344,3.196531,0.613691,-0.480503,-0.729654,0.803469,0.180000,-0.317310,0,0
1789801478.271558,3,17.950656,21.255469,0.249150,19.128000,24.452000,19.128000,20.452000,-1.177344,3.196531,0.613691,-0.480503,-0.729654,0.803469,0.180000,-0.315859,0,0
1789801478.371433,3,17.937825,21.239804,0.132469,19.128000,24.452000,19.128000,20.452000,-1.190175,3.212196,0.611299,-0.474485,-0.606954,0.787804,0.300000,-0.270252,0,0
1789801478.471546,3,17.937825,21.239804,0.132469,19.128000,24.452000,19.128000,20.452000,-1.190175,3.212196,0.611299,-0.474485,-0.606954,0.787804,0.300000,-0.242393,0,0
1789801478.571528,3,17.937825,21.239804,0.132469,19.128000,24.452000,19.128000,20.452000,-1.190175,3.212196,0.611299,-0.474485,-0.606954,0.787804,0.300000,-0.227006,0,0
1789801478.671543,3,17.937825,21.239804,0.132469,19.128000,24.452000,19.128000,20.452000,-1.190175,3.212196,0.611299,-0.474485,-0.606954,0.787804,0.300000,-0.220217,0,0
1789801478.771652,3,17.937825,21.239804,0.132469,19.128000,24.452000,19.128000,20.452000,-1.190175,3.212196,0.611299,-0.474485,-0.606954,0.787804,0.300000,-0.219203,0,0
1789801478.871724,3,17.937825,21.239804,0.132469,19.128000,24.452000,19.128000,20.452000,-1.190175,3.212196,0.611299,-0.474485,-0.606954,0.787804,0.300000,-0.221925,0,0
1789801478.971736,3,17.937825,21.239804,0.132469,19.128000,24.452000,19.128000,20.452000,-1.190175,3.212196,0.611299,-0.474485,-0.606954,0.787804,0.300000,-0.226929,0,0
1789801479.071735,3,17.937825,21.239804,0.132469,19.128000,24.452000,19.128000,20.452000,-1.190175,3.212196,0.611299,-0.474485,-0.606954,0.787804,0.300000,-0.233193,0,0
1789801479.171759,3,17.937825,21.239804,0.132469,19.128000,24.452000,19.128000,20.452000,-1.190175,3.212196,0.611299,-0.474485,-0.606954,0.787804,0.300000,-0.240014,0,0
1789801479.271714,3,17.937825,21.239804,0.132469,19.128000,24.452000,19.128000,20.452000,-1.190175,3.212196,0.611299,-0.474485,-0.606954,0.787804,0.300000,-0.246918,0,0
1789801479.371759,3,17.937825,21.239804,0.132469,19.128000,24.452000,19.128000,20.452000,-1.190175,3.212196,0.611299,-0.474485,-0.606954,0.787804,0.300000,-0.253598,0,0
1789801479.471835,3,17.937825,21.239804,0.132469,19.128000,24.452000,19.128000,20.452000,-1.190175,3.212196,0.611299,-0.474485,-0.606954,0.787804,0.300000,-0.259869,0,0
1789801479.571824,3,17.937825,21.239804,0.132469,19.128000,24.452000,19.128000,20.452000,-1.190175,3.212196,0.611299,-0.474485,-0.606954,0.787804,0.300000,-0.265627,0,0
1789801479.671929,3,17.937825,21.239804,0.132469,19.128000,24.452000,19.128000,20.452000,-1.190175,3.212196,0.611299,-0.474485,-0.606954,0.787804,0.300000,-0.270826,0,0
1789801479.771994,3,17.937825,21.239804,0.132469,19.128000,24.452000,19.128000,20.452000,-1.190175,3.212196,0.611299,-0.474485,-0.606954,0.787804,0.300000,-0.275459,0,0
1789801479.871935,3,17.937825,21.239804,0.132469,19.128000,24.452000,19.128000,20.452000,-1.190175,3.212196,0.611299,-0.474485,-0.606954,0.787804,0.300000,-0.279545,0,0
1789801479.972115,3,17.937825,21.239804,0.132469,19.128000,24.452000,19.128000,20.452000,-1.190175,3.212196,0.611299,-0.474485,-0.606954,0.787804,0.300000,-0.283117,0,0
1789801480.072057,3,17.937825,21.239804,0.132469,19.128000,24.452000,19.128000,20.452000,-1.190175,3.212196,0.611299,-0.474485,-0.606954,0.787804,0.300000,-0.286218,0,0
1789801480.172055,3,17.937825,21.239804,0.132469,19.128000,24.452000,19.128000,20.452000,-1.190175,3.212196,0.611299,-0.474485,-0.606954,0.787804,0.300000,-0.288893,0,0
1789801480.272139,3,17.937825,21.239804,0.132469,19.128000,24.452000,19.128000,20.452000,-1.190175,3.212196,0.611299,-0.474485,-0.606954,0.787804,0.300000,-0.291188,0,0
1789801480.372102,3,17.937825,21.239804,0.132469,19.128000,24.452000,19.128000,20.452000,-1.190175,3.212196,0.611299,-0.474485,-0.606954,0.787804,0.300000,-0.293149,0,0
1789801480.472194,3,17.937825,21.239804,0.132469,19.128000,24.452000,19.128000,20.452000,-1.190175,3.212196,0.611299,-0.474485,-0.606954,0.787804,0.300000,-0.294816,0,0
1789801480.572211,3,17.937825,21.239804,0.132469,19.128000,24.452000,19.128000,20.452000,-1.190175,3.212196,0.611299,-0.474485,-0.606954,0.787804,0.300000,-0.296230,0,0
1789801480.672142,3,17.937825,21.239804,0.132469,19.128000,24.452000,19.128000,20.452000,-1.190175,3.212196,0.611299,-0.474485,-0.606954,0.787804,0.300000,-0.297425,0,0
1789801480.772230,3,17.937825,21.239804,0.132469,19.128000,24.452000,19.128000,20.452000,-1.190175,3.212196,0.611299,-0.474485,-0.606954,0.787804,0.300000,-0.298432,0,0
1789801480.872200,3,17.937825,21.239804,0.132469,19.128000,24.452000,19.128000,20.452000,-1.190175,3.212196,0.611299,-0.474485,-0.606954,0.787804,0.300000,-0.299278,0,0
1789801480.972229,3,17.937825,21.239804,0.132469,19.128000,24.452000,19.128000,20.452000,-1.190175,3.212196,0.611299,-0.474485,-0.606954,0.787804,0.300000,-0.299987,0,0
1789801481.072435,3,17.937825,21.239804,0.132469,19.128000,24.452000,19.128000,20.452000,-1.190175,3.212196,0.611299,-0.474485,-0.606954,0.787804,0.300000,-0.300581,0,0
1789801481.172443,3,17.937825,21.239804,0.132469,19.128000,24.452000,19.128000,20.452000,-1.190175,3.212196,0.611299,-0.474485,-0.606954,0.787804,0.300000,-0.301077,0,0
1789801481.272477,3,17.937825,21.239804,0.132469,19.128000,24.452000,19.128000,20.452000,-1.190175,3.212196,0.611299,-0.474485,-0.606954,0.787804,0.300000,-0.301490,0,0
1789801481.372412,3,17.937825,21.239804,0.132469,19.128000,24.452000,19.128000,20.452000,-1.190175,3.212196,0.611299,-0.474485,-0.606954,0.787804,0.300000,-0.301834,0,0
1789801481.472415,3,17.937825,21.239804,0.132469,19.128000,24.452000,19.128000,20.452000,-1.190175,3.212196,0.611299,-0.474485,-0.606954,0.787804,0.300000,-0.302120,0,0
1789801481.572810,3,17.937825,21.239804,0.132469,19.128000,24.452000,19.128000,20.452000,-1.190175,3.212196,0.611299,-0.474485,-0.606954,0.787804,0.300000,-0.302357,0,0
1789801481.674294,3,17.937825,21.239804,0.132469,19.128000,24.452000,19.128000,20.452000,-1.190175,3.212196,0.611299,-0.474485,-0.606954,0.787804,0.300000,-0.302554,0,0
1789801481.772488,3,17.937825,21.239804,0.132469,19.128000,24.452000,19.128000,20.452000,-1.190175,3.212196,0.611299,-0.474485,-0.606954,0.787804,0.300000,-0.302716,0,0
1789801481.872535,3,17.937825,21.239804,0.132469,19.128000,24.452000,19.128000,20.452000,-1.190175,3.212196,0.611299,-0.474485,-0.606954,0.787804,0.300000,-0.302851,0,0
1789801481.972478,3,17.937825,21.239804,0.132469,19.128000,24.452000,19.128000,20.452000,-1.190175,3.212196,0.611299,-0.474485,-0.606954,0.787804,0.300000,-0.302962,0,0
1789801482.072506,3,17.937825,21.239804,0.132469,19.128000,24.452000,19.128000,20.452000,-1.190175,3.212196,0.611299,-0.474485,-0.606954,0.787804,0.300000,-0.303054,0,0
1789801482.172604,3,17.937825,21.239804,0.132469,19.128000,24.452000,19.128000,20.452000,-1.190175,3.212196,0.611299,-0.474485,-0.606954,0.787804,0.300000,-0.303130,0,0
1789801482.272554,3,17.937825,21.239804,0.132469,19.128000,24.452000,19.128000,20.452000,-1.190175,3.212196,0.611299,-0.474485,-0.606954,0.787804,0.300000,-0.303192,0,0
1789801482.372639,3,17.937825,21.239804,0.132469,19.128000,24.452000,19.128000,20.452000,-1.190175,3.212196,0.611299,-0.474485,-0.606954,0.787804,0.300000,-0.303243,0,0
1789801482.472642,3,17.937825,21.239804,0.132469,19.128000,24.452000,19.128000,20.452000,-1.190175,3.212196,0.611299,-0.474485,-0.606954,0.787804,0.300000,-0.303285,0,0
1789801482.572939,3,17.937825,21.239804,0.132469,19.128000,24.452000,19.128000,20.452000,-1.190175,3.212196,0.611299,-0.474485,-0.606954,0.787804,0.300000,-0.303320,0,0
1789801482.672876,3,17.937825,21.239804,0.132469,19.128000,24.452000,19.128000,20.452000,-1.190175,3.212196,0.611299,-0.474485,-0.606954,0.787804,0.300000,-0.303348,0,0
1789801482.772737,3,17.937825,21.239804,0.132469,19.128000,24.452000,19.128000,20.452000,-1.190175,3.212196,0.611299,-0.474485,-0.606954,0.787804,0.300000,-0.303372,0,0
1789801482.872779,3,17.937825,21.239804,0.132469,19.128000,24.452000,19.128000,20.452000,-1.190175,3.212196,0.611299,-0.474485,-0.606954,0.787804,0.300000,-0.303391,0,0
1789801482.972822,3,17.937825,21.239804,0.132469,19.128000,24.452000,19.128000,20.452000,-1.190175,3.212196,0.611299,-0.474485,-0.606954,0.787804,0.300000,-0.303407,0,0
1789801483.072882,3,17.937825,21.239804,0.132469,19.128000,24.452000,19.128000,20.452000,-1.190175,3.212196,0.611299,-0.474485,-0.606954,0.787804,0.300000,-0.303419,0,0
1789801483.172844,3,17.937825,21.239804,0.132469,19.128000,24.452000,19.128000,20.452000,-1.190175,3.212196,0.611299,-0.474485,-0.606954,0.787804,0.300000,-0.303430,0,0
1789801483.272787,3,17.937825,21.239804,0.132469,19.128000,24.452000,19.128000,20.452000,-1.190175,3.212196,0.611299,-0.474485,-0.606954,0.787804,0.300000,-0.303439,0,0
1789801483.372864,3,17.937825,21.239804,0.132469,19.128000,24.452000,19.128000,20.452000,-1.190175,3.212196,0.611299,-0.474485,-0.606954,0.787804,0.300000,-0.303446,0,0
1789801483.472896,3,17.937825,21.239804,0.132469,19.128000,24.452000,19.128000,20.452000,-1.190175,3.212196,0.611299,-0.474485,-0.606954,0.787804,0.300000,-0.303451,0,0
1789801483.572977,3,17.937825,21.239804,0.132469,19.128000,24.452000,19.128000,20.452000,-1.190175,3.212196,0.611299,-0.474485,-0.606954,0.787804,0.300000,-0.303456,0,0
1789801483.672927,3,17.937825,21.239804,0.132469,19.128000,24.452000,19.128000,20.452000,-1.190175,3.212196,0.611299,-0.474485,-0.606954,0.787804,0.300000,-0.303460,0,0
1789801483.773110,3,17.937825,21.239804,0.132469,19.128000,24.452000,19.128000,20.452000,-1.190175,3.212196,0.611299,-0.474485,-0.606954,0.787804,0.300000,-0.303463,0,0
1789801483.873027,3,17.937825,21.239804,0.132469,19.128000,24.452000,19.128000,20.452000,-1.190175,3.212196,0.611299,-0.474485,-0.606954,0.787804,0.300000,-0.303466,0,0
1789801483.973061,3,17.937825,21.239804,0.132469,19.128000,24.452000,19.128000,20.452000,-1.190175,3.212196,0.611299,-0.474485,-0.606954,0.787804,0.300000,-0.303468,0,0
1789801484.073062,3,17.937825,21.239804,0.132469,19.128000,24.452000,19.128000,20.452000,-1.190175,3.212196,0.611299,-0.474485,-0.606954,0.787804,0.300000,-0.303469,0,0
1789801484.173108,3,17.937825,21.239804,0.132469,19.128000,24.452000,19.128000,20.452000,-1.190175,3.212196,0.611299,-0.474485,-0.606954,0.787804,0.300000,-0.303471,0,0
1789801484.273064,3,17.937825,21.239804,0.132469,19.128000,24.452000,19.128000,20.452000,-1.190175,3.212196,0.611299,-0.474485,-0.606954,0.787804,0.300000,-0.303472,0,0
1789801484.373628,3,17.937825,21.239804,0.132469,19.128000,24.452000,19.128000,20.452000,-1.190175,3.212196,0.611299,-0.474485,-0.606954,0.787804,0.300000,-0.303473,0,0
1789801484.473157,3,17.937825,21.239804,0.132469,19.128000,24.452000,19.128000,20.452000,-1.190175,3.212196,0.611299,-0.474485,-0.606954,0.787804,0.300000,-0.303474,0,0
1789801484.573187,3,17.937825,21.239804,0.132469,19.128000,24.452000,19.128000,20.452000,-1.190175,3.212196,0.611299,-0.474485,-0.606954,0.787804,0.300000,-0.303474,0,0
1789801484.673380,3,17.937825,21.239804,0.132469,19.128000,24.452000,19.128000,20.452000,-1.190175,3.212196,0.611299,-0.474485,-0.606954,0.787804,0.300000,-0.303475,0,0
1789801484.773380,3,17.937825,21.239804,0.132469,19.128000,24.452000,19.128000,20.452000,-1.190175,3.212196,0.611299,-0.474485,-0.606954,0.787804,0.300000,-0.303475,0,0
1789801484.873323,3,17.937825,21.239804,0.132469,19.128000,24.452000,19.128000,20.452000,-1.190175,3.212196,0.611299,-0.474485,-0.606954,0.787804,0.300000,-0.303475,0,0
1789801484.973388,3,17.937825,21.239804,0.132469,19.128000,24.452000,19.128000,20.452000,-1.190175,3.212196,0.611299,-0.474485,-0.606954,0.787804,0.300000,-0.303476,0,0
1789801485.073362,3,17.937825,21.239804,0.132469,19.128000,24.452000,19.128000,20.452000,-1.190175,3.212196,0.611299,-0.474485,-0.606954,0.787804,0.300000,-0.303476,0,0
1789801485.173352,3,17.937825,21.239804,0.132469,19.128000,24.452000,19.128000,20.452000,-1.190175,3.212196,0.611299,-0.474485,-0.606954,0.787804,0.300000,-0.303476,0,0
1789801485.273650,3,17.937825,21.239804,0.132469,19.128000,24.452000,19.128000,20.452000,-1.190175,3.212196,0.611299,-0.474485,-0.606954,0.787804,0.300000,-0.303476,0,0
1789801485.373350,3,17.937825,21.239804,0.132469,19.128000,24.452000,19.128000,20.452000,-1.190175,3.212196,0.611299,-0.474485,-0.606954,0.787804,0.300000,-0.303476,0,0
1789801485.473407,3,17.937825,21.239804,0.132469,19.128000,24.452000,19.128000,20.452000,-1.190175,3.212196,0.611299,-0.474485,-0.606954,0.787804,0.300000,-0.303476,0,0
1789801485.573439,3,17.937825,21.239804,0.132469,19.128000,24.452000,19.128000,20.452000,-1.190175,3.212196,0.611299,-0.474485,-0.606954,0.787804,0.300000,-0.303477,0,0
1789801485.673457,3,17.937825,21.239804,0.132469,19.128000,24.452000,19.128000,20.452000,-1.190175,3.212196,0.611299,-0.474485,-0.606954,0.787804,0.300000,-0.303477,0,0
1789801485.773462,3,17.937825,21.239804,0.132469,19.128000,24.452000,19.128000,20.452000,-1.190175,3.212196,0.611299,-0.474485,-0.606954,0.787804,0.300000,-0.303477,0,0
1789801485.873505,3,17.937825,21.239804,0.132469,19.128000,24.452000,19.128000,20.452000,-1.190175,3.212196,0.611299,-0.474485,-0.606954,0.787804,0.300000,-0.303477,0,0
1789801485.973921,3,17.937825,21.239804,0.132469,19.128000,24.452000,19.128000,20.452000,-1.190175,3.212196,0.611299,-0.474485,-0.606954,0.787804,0.300000,-0.303477,0,0
1789801486.073579,3,17.937825,21.239804,0.132469,19.128000,24.452000,19.128000,20.452000,-1.190175,3.212196,0.611299,-0.474485,-0.606954,0.787804,0.300000,-0.303477,0,0
1789801486.173670,3,17.937825,21.239804,0.132469,19.128000,24.452000,19.128000,20.452000,-1.190175,3.212196,0.611299,-0.474485,-0.606954,0.787804,0.300000,-0.303477,0,0
1789801486.273555,3,17.937825,21.239804,0.132469,19.128000,24.452000,19.128000,20.452000,-1.190175,3.212196,0.611299,-0.474485,-0.606954,0.787804,0.300000,-0.303477,0,0
1789801486.373744,3,17.937825,21.239804,0.132469,19.128000,24.452000,19.128000,20.452000,-1.190175,3.212196,0.611299,-0.474485,-0.606954,0.787804,0.300000,-0.303477,0,0
1789801486.473639,3,17.937825,21.239804,0.132469,19.128000,24.452000,19.128000,20.452000,-1.190175,3.212196,0.611299,-0.474485,-0.606954,0.787804,0.300000,-0.303477,0,0
1789801486.573709,3,17.937825,21.239804,0.132469,19.128000,24.452000,19.128000,20.452000,-1.190175,3.212196,0.611299,-0.474485,-0.606954,0.787804,0.300000,-0.303477,0,0
1789801486.673731,3,17.937825,21.239804,0.132469,19.128000,24.452000,19.128000,20.452000,-1.190175,3.212196,0.611299,-0.474485,-0.606954,0.787804,0.300000,-0.303477,0,0
1789801486.773721,3,17.937825,21.239804,0.132469,19.128000,24.452000,19.128000,20.452000,-1.190175,3.212196,0.611299,-0.474485,-0.606954,0.787804,0.300000,-0.303477,0,0
1789801486.873766,3,17.937825,21.239804,0.132469,19.128000,24.452000,19.128000,20.452000,-1.190175,3.212196,0.611299,-0.474485,-0.606954,0.787804,0.300000,-0.303477,0,0
1789801486.973773,3,17.937825,21.239804,0.132469,19.128000,24.452000,19.128000,20.452000,-1.190175,3.212196,0.611299,-0.474485,-0.606954,0.787804,0.300000,-0.303477,0,0
1789801487.073758,3,17.937825,21.239804,0.132469,19.128000,24.452000,19.128000,20.452000,-1.190175,3.212196,0.611299,-0.474485,-0.606954,0.787804,0.300000,-0.303477,0,0
1789801487.173778,3,17.937825,21.239804,0.132469,19.128000,24.452000,19.128000,20.452000,-1.190175,3.212196,0.611299,-0.474485,-0.606954,0.787804,0.300000,-0.303477,0,0
1789801487.273787,3,17.937825,21.239804,0.132469,19.128000,24.452000,19.128000,20.452000,-1.190175,3.212196,0.611299,-0.474485,-0.606954,0.787804,0.300000,-0.303477,0,0
1789801487.374418,3,17.937825,21.239804,0.132469,19.128000,24.452000,19.128000,20.452000,-1.190175,3.212196,0.611299,-0.474485,-0.606954,0.787804,0.300000,-0.303477,0,0
1789801487.473910,3,17.937825,21.239804,0.132469,19.128000,24.452000,19.128000,20.452000,-1.190175,3.212196,0.611299,-0.474485,-0.606954,0.787804,0.300000,-0.303477,0,0
1789801487.574076,3,17.937825,21.239804,0.132469,19.128000,24.452000,19.128000,20.452000,-1.190175,3.212196,0.611299,-0.474485,-0.606954,0.787804,0.300000,-0.303477,0,0
1789801487.673897,3,17.937825,21.239804,0.132469,19.128000,24.452000,19.128000,20.452000,-1.190175,3.212196,0.611299,-0.474485,-0.606954,0.787804,0.300000,-0.303477,0,0
1789801487.773967,3,17.937825,21.239804,0.132469,19.128000,24.452000,19.128000,20.452000,-1.190175,3.212196,0.611299,-0.474485,-0.606954,0.787804,0.300000,-0.303477,0,0
1789801487.874050,3,17.937825,21.239804,0.132469,19.128000,24.452000,19.128000,20.452000,-1.190175,3.212196,0.611299,-0.474485,-0.606954,0.787804,0.300000,-0.303477,0,0
1789801487.974292,3,17.937825,21.239804,0.132469,19.128000,24.452000,19.128000,20.452000,-1.190175,3.212196,0.611299,-0.474485,-0.606954,0.787804,0.300000,-0.303477,0,0
1789801488.074156,3,17.937825,21.239804,0.132469,19.128000,24.452000,19.128000,20.452000,-1.190175,3.212196,0.611299,-0.474485,-0.606954,0.787804,0.300000,-0.303477,0,0
1789801488.174184,3,17.937825,21.239804,0.132469,19.128000,24.452000,19.128000,20.452000,-1.190175,3.212196,0.611299,-0.474485,-0.606954,0.787804,0.300000,-0.303477,0,0
1789801488.274074,3,17.937825,21.239804,0.132469,19.128000,24.452000,19.128000,20.452000,-1.190175,3.212196,0.611299,-0.474485,-0.606954,0.787804,0.300000,-0.303477,0,0
1789801488.374179,3,17.937825,21.239804,0.132469,19.128000,24.452000,19.128000,20.452000,-1.190175,3.212196,0.611299,-0.474485,-0.606954,0.787804,0.300000,-0.303477,0,0
1789801488.474212,3,17.937825,21.239804,0.132469,19.128000,24.452000,19.128000,20.452000,-1.190175,3.212196,0.611299,-0.474485,-0.606954,0.787804,0.300000,-0.303477,0,0
1789801488.574369,3,17.937825,21.239804,0.132469,19.128000,24.452000,19.128000,20.452000,-1.190175,3.212196,0.611299,-0.474485,-0.606954,0.787804,0.300000,-0.303477,0,0
1789801488.674184,3,17.937825,21.239804,0.132469,19.128000,24.452000,19.128000,20.452000,-1.190175,3.212196,0.611299,-0.474485,-0.606954,0.787804,0.300000,-0.303477,0,0
1789801488.774302,3,17.937825,21.239804,0.132469,19.128000,24.452000,19.128000,20.452000,-1.190175,3.212196,0.611299,-0.474485,-0.606954,0.787804,0.300000,-0.303477,0,0
1789801488.874301,3,17.937825,21.239804,0.132469,19.128000,24.452000,19.128000,20.452000,-1.190175,3.212196,0.611299,-0.474485,-0.606954,0.787804,0.300000,-0.303477,0,0
1789801488.974287,3,17.937825,21.239804,0.132469,19.128000,24.452000,19.128000,20.452000,-1.190175,3.212196,0.611299,-0.474485,-0.606954,0.787804,0.300000,-0.303477,0,0
1789801489.074288,3,17.937825,21.239804,0.132469,19.128000,24.452000,19.128000,20.452000,-1.190175,3.212196,0.611299,-0.474485,-0.606954,0.787804,0.300000,-0.303477,0,0
1789801489.174490,3,17.937825,21.239804,0.132469,19.128000,24.452000,19.128000,20.452000,-1.190175,3.212196,0.611299,-0.474485,-0.606954,0.787804,0.300000,-0.303477,0,0
1789801489.274320,3,17.937825,21.239804,0.132469,19.128000,24.452000,19.128000,20.452000,-1.190175,3.212196,0.611299,-0.474485,-0.606954,0.787804,0.300000,-0.303477,0,0
1789801489.374367,3,17.937825,21.239804,0.132469,19.128000,24.452000,19.128000,20.452000,-1.190175,3.212196,0.611299,-0.474485,-0.606954,0.787804,0.300000,-0.303477,0,0
1789801489.474388,3,17.937825,21.239804,0.132469,19.128000,24.452000,19.128000,20.452000,-1.190175,3.212196,0.611299,-0.474485,-0.606954,0.787804,0.300000,-0.303477,0,0
1789801489.574490,3,17.937825,21.239804,0.132469,19.128000,24.452000,19.128000,20.452000,-1.190175,3.212196,0.611299,-0.474485,-0.606954,0.787804,0.300000,-0.303477,0,0
1789801489.674400,3,17.937825,21.239804,0.132469,19.128000,24.452000,19.128000,20.452000,-1.190175,3.212196,0.611299,-0.474485,-0.606954,0.787804,0.300000,-0.303477,0,0
1789801489.774433,3,17.937825,21.239804,0.132469,19.128000,24.452000,19.128000,20.452000,-1.190175,3.212196,0.611299,-0.474485,-0.606954,0.787804,0.300000,-0.303477,0,0
1789801489.874506,3,17.937825,21.239804,0.132469,19.128000,24.452000,19.128000,20.452000,-1.190175,3.212196,0.611299,-0.474485,-0.606954,0.787804,0.300000,-0.303477,0,0
1789801489.974535,3,17.937825,21.239804,0.132469,19.128000,24.452000,19.128000,20.452000,-1.190175,3.212196,0.611299,-0.474485,-0.606954,0.787804,0.300000,-0.303477,0,0
1789801490.074574,3,17.937825,21.239804,0.132469,19.128000,24.452000,19.128000,20.452000,-1.190175,3.212196,0.611299,-0.474485,-0.606954,0.787804,0.300000,-0.303477,0,0
1789801490.174567,3,17.937825,21.239804,0.132469,19.128000,24.452000,19.128000,20.452000,-1.190175,3.212196,0.611299,-0.474485,-0.606954,0.787804,0.300000,-0.303477,0,0
1789801490.274546,3,17.937825,21.239804,0.132469,19.128000,24.452000,19.128000,20.452000,-1.190175,3.212196,0.611299,-0.474485,-0.606954,0.787804,0.300000,-0.303477,0,0
1789801490.374563,3,17.937825,21.239804,0.132469,19.128000,24.452000,19.128000,20.452000,-1.190175,3.212196,0.611299,-0.474485,-0.606954,0.787804,0.300000,-0.303477,0,0
1789801490.474643,3,17.937825,21.239804,0.132469,19.128000,24.452000,19.128000,20.452000,-1.190175,3.212196,0.611299,-0.474485,-0.606954,0.787804,0.300000,-0.303477,0,0
1789801490.574862,3,17.937825,21.239804,0.132469,19.128000,24.452000,19.128000,20.452000,-1.190175,3.212196,0.611299,-0.474485,-0.606954,0.787804,0.300000,-0.303477,0,0
1789801490.674679,3,17.937825,21.239804,0.132469,19.128000,24.452000,19.128000,20.452000,-1.190175,3.212196,0.611299,-0.474485,-0.606954,0.787804,0.300000,-0.303477,0,0
1789801490.774672,3,17.937825,21.239804,0.132469,19.128000,24.452000,19.128000,20.452000,-1.190175,3.212196,0.611299,-0.474485,-0.606954,0.787804,0.300000,-0.303477,0,0
1789801490.874727,3,17.937825,21.239804,0.132469,19.128000,24.452000,19.128000,20.452000,-1.190175,3.212196,0.611299,-0.474485,-0.606954,0.787804,0.300000,-0.303477,0,0
1789801490.974740,3,17.937825,21.239804,0.132469,19.128000,24.452000,19.128000,20.452000,-1.190175,3.212196,0.611299,-0.474485,-0.606954,0.787804,0.300000,-0.303477,0,0
1789801491.074744,3,17.937825,21.239804,0.132469,19.128000,24.452000,19.128000,20.452000,-1.190175,3.212196,0.611299,-0.474485,-0.606954,0.787804,0.300000,-0.303477,0,0
1789801491.174793,3,17.937825,21.239804,0.132469,19.128000,24.452000,19.128000,20.452000,-1.190175,3.212196,0.611299,-0.474485,-0.606954,0.787804,0.300000,-0.303477,0,0
1789801491.274757,3,17.937825,21.239804,0.132469,19.128000,24.452000,19.128000,20.452000,-1.190175,3.212196,0.611299,-0.474485,-0.606954,0.787804,0.300000,-0.303477,0,0
1789801491.374842,3,17.937825,21.239804,0.132469,19.128000,24.452000,19.128000,20.452000,-1.190175,3.212196,0.611299,-0.474485,-0.606954,0.787804,0.300000,-0.303477,0,0
1789801491.474886,3,17.937825,21.239804,0.132469,19.128000,24.452000,19.128000,20.452000,-1.190175,3.212196,0.611299,-0.474485,-0.606954,0.787804,0.300000,-0.303477,0,0
1789801491.574879,3,17.937825,21.239804,0.132469,19.128000,24.452000,19.128000,20.452000,-1.190175,3.212196,0.611299,-0.474485,-0.606954,0.787804,0.300000,-0.303477,0,0
1789801491.676157,3,17.937825,21.239804,0.132469,19.128000,24.452000,19.128000,20.452000,-1.190175,3.212196,0.611299,-0.474485,-0.606954,0.787804,0.300000,-0.303477,0,0
1789801491.774942,3,17.937825,21.239804,0.132469,19.128000,24.452000,19.128000,20.452000,-1.190175,3.212196,0.611299,-0.474485,-0.606954,0.787804,0.300000,-0.303477,0,0
1789801491.875005,3,17.937825,21.239804,0.132469,19.128000,24.452000,19.128000,20.452000,-1.190175,3.212196,0.611299,-0.474485,-0.606954,0.787804,0.300000,-0.303477,0,0
1789801491.974982,3,17.937825,21.239804,0.132469,19.128000,24.452000,19.128000,20.452000,-1.190175,3.212196,0.611299,-0.474485,-0.606954,0.787804,0.300000,-0.303477,0,0
1789801492.075035,3,17.937825,21.239804,0.132469,19.128000,24.452000,19.128000,20.452000,-1.190175,3.212196,0.611299,-0.474485,-0.606954,0.787804,0.300000,-0.303477,0,0
1789801492.175044,3,17.937825,21.239804,0.132469,19.128000,24.452000,19.128000,20.452000,-1.190175,3.212196,0.611299,-0.474485,-0.606954,0.787804,0.300000,-0.303477,0,0
1789801492.275036,3,17.937825,21.239804,0.132469,19.128000,24.452000,19.128000,20.452000,-1.190175,3.212196,0.611299,-0.474485,-0.606954,0.787804,0.300000,-0.303477,0,0
1789801492.374992,3,17.937825,21.239804,0.132469,19.128000,24.452000,19.128000,20.452000,-1.190175,3.212196,0.611299,-0.474485,-0.606954,0.787804,0.300000,-0.303477,0,0
1789801492.475096,3,17.937825,21.239804,0.132469,19.128000,24.452000,19.128000,20.452000,-1.190175,3.212196,0.611299,-0.474485,-0.606954,0.787804,0.300000,-0.303477,0,0
1789801492.575155,3,17.937825,21.239804,0.132469,19.128000,24.452000,19.128000,20.452000,-1.190175,3.212196,0.611299,-0.474485,-0.606954,0.787804,0.300000,-0.303477,0,0
1789801492.675134,3,17.937825,21.239804,0.132469,19.128000,24.452000,19.128000,20.452000,-1.190175,3.212196,0.611299,-0.474485,-0.606954,0.787804,0.300000,-0.303477,0,0
1789801492.775234,3,17.937825,21.239804,0.132469,19.128000,24.452000,19.128000,20.452000,-1.190175,3.212196,0.611299,-0.474485,-0.606954,0.787804,0.300000,-0.303477,0,0
1789801492.875292,3,17.937825,21.239804,0.132469,19.128000,24.452000,19.128000,20.452000,-1.190175,3.212196,0.611299,-0.474485,-0.606954,0.787804,0.300000,-0.303477,0,0
1789801492.975451,3,17.937825,21.239804,0.132469,19.128000,24.452000,19.128000,20.452000,-1.190175,3.212196,0.611299,-0.474485,-0.606954,0.787804,0.300000,-0.303477,0,0
1789801493.075266,3,17.937825,21.239804,0.132469,19.128000,24.452000,19.128000,20.452000,-1.190175,3.212196,0.611299,-0.474485,-0.606954,0.787804,0.300000,-0.303477,0,0
1789801493.175192,3,17.937825,21.239804,0.132469,19.128000,24.452000,19.128000,20.452000,-1.190175,3.212196,0.611299,-0.474485,-0.606954,0.787804,0.300000,-0.303477,0,0
1789801493.275259,3,17.937825,21.239804,0.132469,19.128000,24.452000,19.128000,20.452000,-1.190175,3.212196,0.611299,-0.474485,-0.606954,0.787804,0.300000,-0.303477,0,0
1789801493.375348,3,17.937825,21.239804,0.132469,19.128000,24.452000,19.128000,20.452000,-1.190175,3.212196,0.611299,-0.474485,-0.606954,0.787804,0.300000,-0.303477,0,0
1789801493.475300,3,17.937825,21.239804,0.132469,19.128000,24.452000,19.128000,20.452000,-1.190175,3.212196,0.611299,-0.474485,-0.606954,0.787804,0.300000,-0.303477,0,0
1789801493.575315,3,17.937825,21.239804,0.132469,19.128000,24.452000,19.128000,20.452000,-1.190175,3.212196,0.611299,-0.474485,-0.606954,0.787804,0.300000,-0.303477,0,0
1789801493.675341,3,17.937825,21.239804,0.132469,19.128000,24.452000,19.128000,20.452000,-1.190175,3.212196,0.611299,-0.474485,-0.606954,0.787804,0.300000,-0.303477,0,0
1789801493.775325,3,17.937825,21.239804,0.132469,19.128000,24.452000,19.128000,20.452000,-1.190175,3.212196,0.611299,-0.474485,-0.606954,0.787804,0.300000,-0.303477,0,0
1789801493.875554,3,17.937825,21.239804,0.132469,19.128000,24.452000,19.128000,20.452000,-1.190175,3.212196,0.611299,-0.474485,-0.606954,0.787804,0.300000,-0.303477,0,0
1789801493.975548,3,17.937825,21.239804,0.132469,19.128000,24.452000,19.128000,20.452000,-1.190175,3.212196,0.611299,-0.474485,-0.606954,0.787804,0.300000,-0.303477,0,0
1789801494.076710,3,17.937825,21.239804,0.132469,19.128000,24.452000,19.128000,20.452000,-1.190175,3.212196,0.611299,-0.474485,-0.606954,0.787804,0.300000,-0.303477,0,0
1789801494.175754,3,17.937825,21.239804,0.132469,19.128000,24.452000,19.128000,20.452000,-1.190175,3.212196,0.611299,-0.474485,-0.606954,0.787804,0.300000,-0.303477,0,0
1789801494.275425,3,17.937825,21.239804,0.132469,19.128000,24.452000,19.128000,20.452000,-1.190175,3.212196,0.611299,-0.474485,-0.606954,0.787804,0.300000,-0.303477,0,0
1789801494.375521,3,17.937825,21.239804,0.132469,19.128000,24.452000,19.128000,20.452000,-1.190175,3.212196,0.611299,-0.474485,-0.606954,0.787804,0.300000,-0.303477,0,0
1789801494.475553,3,17.937825,21.239804,0.132469,19.128000,24.452000,19.128000,20.452000,-1.190175,3.212196,0.611299,-0.474485,-0.606954,0.787804,0.300000,-0.303477,0,0
1789801494.575564,3,17.937825,21.239804,0.132469,19.128000,24.452000,19.128000,20.452000,-1.190175,3.212196,0.611299,-0.474485,-0.606954,0.787804,0.300000,-0.303477,0,0
1789801494.675576,3,17.937825,21.239804,0.132469,19.128000,24.452000,19.128000,20.452000,-1.190175,3.212196,0.611299,-0.474485,-0.606954,0.787804,0.300000,-0.303477,0,0
1789801494.775586,3,17.937825,21.239804,0.132469,19.128000,24.452000,19.128000,20.452000,-1.190175,3.212196,0.611299,-0.474485,-0.606954,0.787804,0.300000,-0.303477,0,0
1789801494.875541,3,17.937825,21.239804,0.132469,19.128000,24.452000,19.128000,20.452000,-1.190175,3.212196,0.611299,-0.474485,-0.606954,0.787804,0.300000,-0.303477,0,0
1789801494.975645,3,17.937825,21.239804,0.132469,19.128000,24.452000,19.128000,20.452000,-1.190175,3.212196,0.611299,-0.474485,-0.606954,0.787804,0.300000,-0.303477,0,0
1789801495.075639,3,17.937825,21.239804,0.132469,19.128000,24.452000,19.128000,20.452000,-1.190175,3.212196,0.611299,-0.474485,-0.606954,0.787804,0.300000,-0.303477,0,0
1789801495.175622,3,17.937825,21.239804,0.132469,19.128000,24.452000,19.128000,20.452000,-1.190175,3.212196,0.611299,-0.474485,-0.606954,0.787804,0.300000,-0.303477,0,0
1789801495.275710,3,17.937825,21.239804,0.132469,19.128000,24.452000,19.128000,20.452000,-1.190175,3.212196,0.611299,-0.474485,-0.606954,0.787804,0.300000,-0.303477,0,0
1789801495.375707,3,17.937825,21.239804,0.132469,19.128000,24.452000,19.128000,20.452000,-1.190175,3.212196,0.611299,-0.474485,-0.606954,0.787804,0.300000,-0.303477,0,0
1789801495.475893,3,17.937825,21.239804,0.132469,19.128000,24.452000,19.128000,20.452000,-1.190175,3.212196,0.611299,-0.474485,-0.606954,0.787804,0.300000,-0.303477,0,0
1789801495.575855,3,17.937825,21.239804,0.132469,19.128000,24.452000,19.128000,20.452000,-1.190175,3.212196,0.611299,-0.474485,-0.606954,0.787804,0.300000,-0.303477,0,0
1789801495.675821,3,17.937825,21.239804,0.132469,19.128000,24.452000,19.128000,20.452000,-1.190175,3.212196,0.611299,-0.474485,-0.606954,0.787804,0.300000,-0.303477,0,0
1789801495.775806,3,17.937825,21.239804,0.132469,19.128000,24.452000,19.128000,20.452000,-1.190175,3.212196,0.611299,-0.474485,-0.606954,0.787804,0.300000,-0.303477,0,0
1789801495.875856,3,17.937825,21.239804,0.132469,19.128000,24.452000,19.128000,20.452000,-1.190175,3.212196,0.611299,-0.474485,-0.606954,0.787804,0.300000,-0.303477,0,0
1789801495.975950,3,17.937825,21.239804,0.132469,19.128000,24.452000,19.128000,20.452000,-1.190175,3.212196,0.611299,-0.474485,-0.606954,0.787804,0.300000,-0.303477,0,0
1789801496.075993,3,17.937825,21.239804,0.132469,19.128000,24.452000,19.128000,20.452000,-1.190175,3.212196,0.611299,-0.474485,-0.606954,0.787804,0.300000,-0.303477,0,0
1789801496.175909,3,17.937825,21.239804,0.132469,19.128000,24.452000,19.128000,20.452000,-1.190175,3.212196,0.611299,-0.474485,-0.606954,0.787804,0.300000,-0.303477,0,0
1789801496.275892,3,17.937825,21.239804,0.132469,19.128000,24.452000,19.128000,20.452000,-1.190175,3.212196,0.611299,-0.474485,-0.606954,0.787804,0.300000,-0.303477,0,0
1789801496.376693,3,17.937825,21.239804,0.132469,19.128000,24.452000,19.128000,20.452000,-1.190175,3.212196,0.611299,-0.474485,-0.606954,0.787804,0.300000,-0.303477,0,0
1789801496.476002,3,17.937825,21.239804,0.132469,19.128000,24.452000,19.128000,20.452000,-1.190175,3.212196,0.611299,-0.474485,-0.606954,0.787804,0.300000,-0.303477,0,0
1789801496.576105,3,17.937825,21.239804,0.132469,19.128000,24.452000,19.128000,20.452000,-1.190175,3.212196,0.611299,-0.474485,-0.606954,0.787804,0.300000,-0.303477,0,0
1789801496.676227,3,17.937825,21.239804,0.132469,19.128000,24.452000,19.128000,20.452000,-1.190175,3.212196,0.611299,-0.474485,-0.606954,0.787804,0.300000,-0.303477,0,0
1789801496.775971,3,17.937825,21.239804,0.132469,19.128000,24.452000,19.128000,20.452000,-1.190175,3.212196,0.611299,-0.474485,-0.606954,0.787804,0.300000,-0.303477,0,0
1789801496.876049,3,17.937825,21.239804,0.132469,19.128000,24.452000,19.128000,20.452000,-1.190175,3.212196,0.611299,-0.474485,-0.606954,0.787804,0.300000,-0.303477,0,0
1789801496.976094,3,17.937825,21.239804,0.132469,19.128000,24.452000,19.128000,20.452000,-1.190175,3.212196,0.611299,-0.474485,-0.606954,0.787804,0.300000,-0.303477,0,0
1789801497.076192,3,17.937825,21.239804,0.132469,19.128000,24.452000,19.128000,20.452000,-1.190175,3.212196,0.611299,-0.474485,-0.606954,0.787804,0.300000,-0.303477,0,0
1789801497.176240,3,17.937825,21.239804,0.132469,19.128000,24.452000,19.128000,20.452000,-1.190175,3.212196,0.611299,-0.474485,-0.606954,0.787804,0.300000,-0.303477,0,0
1789801497.276108,3,17.937825,21.239804,0.132469,19.128000,24.452000,19.128000,20.452000,-1.190175,3.212196,0.611299,-0.474485,-0.606954,0.787804,0.300000,-0.303477,0,0
1789801497.376166,3,17.937825,21.239804,0.132469,19.128000,24.452000,19.128000,20.452000,-1.190175,3.212196,0.611299,-0.474485,-0.606954,0.787804,0.300000,-0.303477,0,0
1789801497.476212,3,17.937825,21.239804,0.132469,19.128000,24.452000,19.128000,20.452000,-1.190175,3.212196,0.611299,-0.474485,-0.606954,0.787804,0.300000,-0.303477,0,0
1789801497.576277,3,17.937825,21.239804,0.132469,19.128000,24.452000,19.128000,20.452000,-1.190175,3.212196,0.611299,-0.474485,-0.606954,0.787804,0.300000,-0.303477,0,0
1789801497.676272,3,17.937825,21.239804,0.132469,19.128000,24.452000,19.128000,20.452000,-1.190175,3.212196,0.611299,-0.474485,-0.606954,0.787804,0.300000,-0.303477,0,0
1789801497.776501,3,17.937825,21.239804,0.132469,19.128000,24.452000,19.128000,20.452000,-1.190175,3.212196,0.611299,-0.474485,-0.606954,0.787804,0.300000,-0.303477,0,0
1789801497.876343,3,17.937825,21.239804,0.132469,19.128000,24.452000,19.128000,20.452000,-1.190175,3.212196,0.611299,-0.474485,-0.606954,0.787804,0.300000,-0.303477,0,0
1789801497.976394,3,17.937825,21.239804,0.132469,19.128000,24.452000,19.128000,20.452000,-1.190175,3.212196,0.611299,-0.474485,-0.606954,0.787804,0.300000,-0.303477,0,0
1789801498.076359,3,17.937825,21.239804,0.132469,19.128000,24.452000,19.128000,20.452000,-1.190175,3.212196,0.611299,-0.474485,-0.606954,0.787804,0.300000,-0.303477,0,0
1789801498.176324,3,17.937825,21.239804,0.132469,19.128000,24.452000,19.128000,20.452000,-1.190175,3.212196,0.611299,-0.474485,-0.606954,0.787804,0.300000,-0.303477,0,0
1789801498.276283,3,17.961057,21.227506,0.233111,19.128000,24.452000,19.128000,20.452000,-1.166943,3.224494,0.615648,-0.485463,-0.718574,0.775506,0.180000,-0.345907,0,0
1789801498.376307,3,17.961057,21.227506,0.233111,19.128000,24.452000,19.128000,20.452000,-1.166943,3.224494,0.615648,-0.485463,-0.718574,0.775506,0.180000,-0.373597,0,0
1789801498.476386,3,17.961057,21.227506,0.233111,19.128000,24.452000,19.128000,20.452000,-1.166943,3.224494,0.615648,-0.485463,-0.718574,0.775506,0.180000,-0.390747,0,0
1789801498.576356,3,17.961057,21.227506,0.233111,19.128000,24.452000,19.128000,20.452000,-1.166943,3.224494,0.615648,-0.485463,-0.718574,0.775506,0.180000,-0.400464,0,0
1789801498.676376,3,17.961057,21.227506,0.233111,19.128000,24.452000,19.128000,20.452000,-1.166943,3.224494,0.615648,-0.485463,-0.718574,0.775506,0.180000,-0.405036,0,0
1789801498.776407,3,17.961057,21.227506,0.233111,19.128000,24.452000,19.128000,20.452000,-1.166943,3.224494,0.615648,-0.485463,-0.718574,0.775506,0.180000,-0.406132,0,0
1789801498.876498,3,17.961057,21.227506,0.233111,19.128000,24.452000,19.128000,20.452000,-1.166943,3.224494,0.615648,-0.485463,-0.718574,0.775506,0.180000,-0.404960,0,0
1789801498.976512,3,17.961057,21.227506,0.233111,19.128000,24.452000,19.128000,20.452000,-1.166943,3.224494,0.615648,-0.485463,-0.718574,0.775506,0.180000,-0.402382,0,0
1789801499.076491,3,17.961057,21.227506,0.233111,19.128000,24.452000,19.128000,20.452000,-1.166943,3.224494,0.615648,-0.485463,-0.718574,0.775506,0.180000,-0.399009,0,0
1789801499.176603,3,17.961057,21.227506,0.233111,19.128000,24.452000,19.128000,20.452000,-1.166943,3.224494,0.615648,-0.485463,-0.718574,0.775506,0.180000,-0.395261,0,0
1789801499.276505,3,17.961057,21.227506,0.233111,19.128000,24.452000,19.128000,20.452000,-1.166943,3.224494,0.615648,-0.485463,-0.718574,0.775506,0.180000,-0.391424,0,0
1789801499.376585,3,17.961057,21.227506,0.233111,19.128000,24.452000,19.128000,20.452000,-1.166943,3.224494,0.615648,-0.485463,-0.718574,0.775506,0.180000,-0.387682,0,0
1789801499.476666,3,17.961057,21.227506,0.233111,19.128000,24.452000,19.128000,20.452000,-1.166943,3.224494,0.615648,-0.485463,-0.718574,0.775506,0.180000,-0.384152,0,0
1789801499.576578,3,17.961057,21.227506,0.233111,19.128000,24.452000,19.128000,20.452000,-1.166943,3.224494,0.615648,-0.485463,-0.718574,0.775506,0.180000,-0.380898,0,0
1789801499.676666,3,17.961057,21.227506,0.233111,19.128000,24.452000,19.128000,20.452000,-1.166943,3.224494,0.615648,-0.485463,-0.718574,0.775506,0.180000,-0.377951,0,0
1789801499.776776,3,17.961057,21.227506,0.233111,19.128000,24.452000,19.128000,20.452000,-1.166943,3.224494,0.615648,-0.485463,-0.718574,0.775506,0.180000,-0.375318,0,0
1789801499.876723,3,17.961057,21.227506,0.233111,19.128000,24.452000,19.128000,20.452000,-1.166943,3.224494,0.615648,-0.485463,-0.718574,0.775506,0.180000,-0.372992,0,0
1789801499.976707,3,17.961057,21.227506,0.233111,19.128000,24.452000,19.128000,20.452000,-1.166943,3.224494,0.615648,-0.485463,-0.718574,0.775506,0.180000,-0.370955,0,0
1789801500.076645,3,17.982299,21.213902,0.323865,19.128000,24.452000,19.128000,20.452000,-1.145701,3.238098,0.619694,-0.495820,-0.819685,0.761902,0.180000,-0.407627,0,0
1789801500.176711,3,17.982299,21.213902,0.323865,19.128000,24.452000,19.128000,20.452000,-1.145701,3.238098,0.619694,-0.495820,-0.819685,0.761902,0.180000,-0.431186,0,0
1789801500.276666,3,17.982299,21.213902,0.323865,19.128000,24.452000,19.128000,20.452000,-1.145701,3.238098,0.619694,-0.495820,-0.819685,0.761902,0.180000,-0.445410,0,0
1789801500.376763,3,17.982299,21.213902,0.323865,19.128000,24.452000,19.128000,20.452000,-1.145701,3.238098,0.619694,-0.495820,-0.819685,0.761902,0.180000,-0.453090,0,0
1789801500.476874,3,17.982299,21.213902,0.323865,19.128000,24.452000,19.128000,20.452000,-1.145701,3.238098,0.619694,-0.495820,-0.819685,0.761902,0.180000,-0.456276,0,0
1789801500.576839,3,17.982299,21.213902,0.323865,19.128000,24.452000,19.128000,20.452000,-1.145701,3.238098,0.619694,-0.495820,-0.819685,0.761902,0.180000,-0.456457,0,0
1789801500.676807,3,17.982299,21.213902,0.323865,19.128000,24.452000,19.128000,20.452000,-1.145701,3.238098,0.619694,-0.495820,-0.819685,0.761902,0.180000,-0.454709,0,0
1789801500.776840,3,17.982299,21.213902,0.323865,19.128000,24.452000,19.128000,20.452000,-1.145701,3.238098,0.619694,-0.495820,-0.819685,0.761902,0.180000,-0.451795,0,0
1789801500.876850,3,17.982299,21.213902,0.323865,19.128000,24.452000,19.128000,20.452000,-1.145701,3.238098,0.619694,-0.495820,-0.819685,0.761902,0.180000,-0.448252,0,0
1789801500.976899,3,17.982299,21.213902,0.323865,19.128000,24.452000,19.128000,20.452000,-1.145701,3.238098,0.619694,-0.495820,-0.819685,0.761902,0.180000,-0.444448,0,0
1789801501.076921,3,17.982299,21.213902,0.323865,19.128000,24.452000,19.128000,20.452000,-1.145701,3.238098,0.619694,-0.495820,-0.819685,0.761902,0.180000,-0.440630,0,0
1789801501.176932,3,17.982299,21.213902,0.323865,19.128000,24.452000,19.128000,20.452000,-1.145701,3.238098,0.619694,-0.495820,-0.819685,0.761902,0.180000,-0.436954,0,0
1789801501.276879,3,17.982299,21.213902,0.323865,19.128000,24.452000,19.128000,20.452000,-1.145701,3.238098,0.619694,-0.495820,-0.819685,0.761902,0.000000,0.000000,1,0
1789801501.376917,3,17.982299,21.213902,0.323865,19.128000,24.452000,19.128000,20.452000,-1.145701,3.238098,0.619694,-0.495820,-0.819685,0.761902,0.000000,0.000000,1,0
1789801501.477019,3,17.982299,21.213902,0.323865,19.128000,24.452000,19.128000,20.452000,-1.145701,3.238098,0.619694,-0.495820,-0.819685,0.761902,0.180000,-0.427536,0,0
1789801501.577000,3,17.982299,21.213902,0.323865,19.128000,24.452000,19.128000,20.452000,-1.145701,3.238098,0.619694,-0.495820,-0.819685,0.761902,0.180000,-0.425014,0,0
1789801501.676984,3,17.982299,21.213902,0.323865,19.128000,24.452000,19.128000,20.452000,-1.145701,3.238098,0.619694,-0.495820,-0.819685,0.761902,0.180000,-0.422793,0,0
1789801501.776953,3,17.982299,21.213902,0.323865,19.128000,24.452000,19.128000,20.452000,-1.145701,3.238098,0.619694,-0.495820,-0.819685,0.761902,0.000000,0.000000,1,0
1789801501.877001,3,17.982299,21.213902,0.323865,19.128000,24.452000,19.128000,20.452000,-1.145701,3.238098,0.619694,-0.495820,-0.819685,0.761902,0.000000,0.000000,1,0
1789801501.977123,3,17.982299,21.213902,0.323865,19.128000,24.452000,19.128000,20.452000,-1.145701,3.238098,0.619694,-0.495820,-0.819685,0.761902,0.180000,-0.417722,0,0
1789801502.077115,3,17.982299,21.213902,0.323865,19.128000,24.452000,19.128000,20.452000,-1.145701,3.238098,0.619694,-0.495820,-0.819685,0.761902,0.180000,-0.416479,0,0
1789801502.177111,3,17.982299,21.213902,0.323865,19.128000,24.452000,19.128000,20.452000,-1.145701,3.238098,0.619694,-0.495820,-0.819685,0.761902,0.180000,-0.415418,0,0
1789801502.277109,3,17.982299,21.213902,0.323865,19.128000,24.452000,19.128000,20.452000,-1.145701,3.238098,0.619694,-0.495820,-0.819685,0.761902,0.180000,-0.414516,0,0
1789801502.377167,3,17.982299,21.213902,0.323865,19.128000,24.452000,19.128000,20.452000,-1.145701,3.238098,0.619694,-0.495820,-0.819685,0.761902,0.180000,-0.413752,0,0
1789801502.477170,3,17.982299,21.213902,0.323865,19.128000,24.452000,19.128000,20.452000,-1.145701,3.238098,0.619694,-0.495820,-0.819685,0.761902,0.180000,-0.413107,0,0
1789801502.577284,3,17.982299,21.213902,0.323865,19.128000,24.452000,19.128000,20.452000,-1.145701,3.238098,0.619694,-0.495820,-0.819685,0.761902,0.180000,-0.412563,0,0
1789801502.677279,3,17.982299,21.213902,0.323865,19.128000,24.452000,19.128000,20.452000,-1.145701,3.238098,0.619694,-0.495820,-0.819685,0.761902,0.180000,-0.412106,0,0
1789801502.777151,3,17.982299,21.213902,0.323865,19.128000,24.452000,19.128000,20.452000,-1.145701,3.238098,0.619694,-0.495820,-0.819685,0.761902,0.180000,-0.411723,0,0
1789801502.877261,3,17.982299,21.213902,0.323865,19.128000,24.452000,19.128000,20.452000,-1.145701,3.238098,0.619694,-0.495820,-0.819685,0.761902,0.180000,-0.411403,0,0
1789801502.977262,3,17.982299,21.213902,0.323865,19.128000,24.452000,19.128000,20.452000,-1.145701,3.238098,0.619694,-0.495820,-0.819685,0.761902,0.180000,-0.411135,0,0
1789801503.077260,3,17.982299,21.213902,0.323865,19.128000,24.452000,19.128000,20.452000,-1.145701,3.238098,0.619694,-0.495820,-0.819685,0.761902,0.000000,0.000000,1,0
1789801503.177356,3,17.982299,21.213902,0.323865,19.128000,24.452000,19.128000,20.452000,-1.145701,3.238098,0.619694,-0.495820,-0.819685,0.761902,0.000000,0.000000,1,0
1789801503.277229,3,17.982299,21.213902,0.323865,19.128000,24.452000,19.128000,20.452000,-1.145701,3.238098,0.619694,-0.495820,-0.819685,0.761902,0.180000,-0.410573,0,0
1789801503.377318,3,17.982299,21.213902,0.323865,19.128000,24.452000,19.128000,20.452000,-1.145701,3.238098,0.619694,-0.495820,-0.819685,0.761902,0.180000,-0.410445,0,0
1789801503.477375,3,17.982299,21.213902,0.323865,19.128000,24.452000,19.128000,20.452000,-1.145701,3.238098,0.619694,-0.495820,-0.819685,0.761902,0.000000,0.000000,1,0
1789801503.577368,3,17.982299,21.213902,0.323865,19.128000,24.452000,19.128000,20.452000,-1.145701,3.238098,0.619694,-0.495820,-0.819685,0.761902,0.000000,0.000000,1,0
1789801503.677376,3,17.982299,21.213902,0.323865,19.128000,24.452000,19.128000,20.452000,-1.145701,3.238098,0.619694,-0.495820,-0.819685,0.761902,0.180000,-0.410179,0,0
1789801503.777481,3,17.982299,21.213902,0.323865,19.128000,24.452000,19.128000,20.452000,-1.145701,3.238098,0.619694,-0.495820,-0.819685,0.761902,0.180000,-0.410119,0,0
1789801503.877445,3,17.982299,21.213902,0.323865,19.128000,24.452000,19.128000,20.452000,-1.145701,3.238098,0.619694,-0.495820,-0.819685,0.761902,0.000000,0.000000,1,0
1789801503.977486,3,17.982299,21.213902,0.323865,19.128000,24.452000,19.128000,20.452000,-1.145701,3.238098,0.619694,-0.495820,-0.819685,0.761902,0.000000,0.000000,1,0
1789801504.077472,3,17.982299,21.213902,0.323865,19.128000,24.452000,19.128000,20.452000,-1.145701,3.238098,0.619694,-0.495820,-0.819685,0.761902,0.000000,0.000000,1,0
1789801504.177476,3,17.982299,21.213902,0.323865,19.128000,24.452000,19.128000,20.452000,-1.145701,3.238098,0.619694,-0.495820,-0.819685,0.761902,0.180000,-0.409968,0,0
1789801504.277424,3,17.982299,21.213902,0.323865,19.128000,24.452000,19.128000,20.452000,-1.145701,3.238098,0.619694,-0.495820,-0.819685,0.761902,0.180000,-0.409945,0,0
1789801504.377512,3,17.982299,21.213902,0.323865,19.128000,24.452000,19.128000,20.452000,-1.145701,3.238098,0.619694,-0.495820,-0.819685,0.761902,0.180000,-0.409927,0,0
1789801504.477541,3,17.982299,21.213902,0.323865,19.128000,24.452000,19.128000,20.452000,-1.145701,3.238098,0.619694,-0.495820,-0.819685,0.761902,0.180000,-0.409911,0,0
1789801504.577596,3,17.982299,21.213902,0.323865,19.128000,24.452000,19.128000,20.452000,-1.145701,3.238098,0.619694,-0.495820,-0.819685,0.761902,0.180000,-0.409899,0,0
1789801504.677612,3,17.982299,21.213902,0.323865,19.128000,24.452000,19.128000,20.452000,-1.145701,3.238098,0.619694,-0.495820,-0.819685,0.761902,0.000000,0.000000,1,0
1789801504.777596,3,17.982299,21.213902,0.323865,19.128000,24.452000,19.128000,20.452000,-1.145701,3.238098,0.619694,-0.495820,-0.819685,0.761902,0.000000,0.000000,1,0
1789801504.877630,3,17.982299,21.213902,0.323865,19.128000,24.452000,19.128000,20.452000,-1.145701,3.238098,0.619694,-0.495820,-0.819685,0.761902,0.000000,0.000000,1,0
1789801504.977683,3,17.982299,21.213902,0.323865,19.128000,24.452000,19.128000,20.452000,-1.145701,3.238098,0.619694,-0.495820,-0.819685,0.761902,0.000000,0.000000,1,0
1789801505.077629,3,17.982299,21.213902,0.323865,19.128000,24.452000,19.128000,20.452000,-1.145701,3.238098,0.619694,-0.495820,-0.819685,0.761902,0.000000,0.000000,1,0
1789801505.177633,3,17.982299,21.213902,0.323865,19.128000,24.452000,19.128000,20.452000,-1.145701,3.238098,0.619694,-0.495820,-0.819685,0.761902,0.000000,0.000000,1,0
1789801505.277688,3,17.982299,21.213902,0.323865,19.128000,24.452000,19.128000,20.452000,-1.145701,3.238098,0.619694,-0.495820,-0.819685,0.761902,0.000000,0.000000,1,0
1789801505.377678,3,17.982299,21.213902,0.323865,19.128000,24.452000,19.128000,20.452000,-1.145701,3.238098,0.619694,-0.495820,-0.819685,0.761902,0.000000,0.000000,1,0
1789801505.477698,3,17.982299,21.213902,0.323865,19.128000,24.452000,19.128000,20.452000,-1.145701,3.238098,0.619694,-0.495820,-0.819685,0.761902,0.000000,0.000000,1,0
1789801505.577767,3,17.982299,21.213902,0.323865,19.128000,24.452000,19.128000,20.452000,-1.145701,3.238098,0.619694,-0.495820,-0.819685,0.761902,0.180000,-0.409850,0,0
1789801505.677747,3,17.982299,21.213902,0.323865,19.128000,24.452000,19.128000,20.452000,-1.145701,3.238098,0.619694,-0.495820,-0.819685,0.761902,0.000000,0.000000,1,0
1789801505.777750,3,17.982299,21.213902,0.323865,19.128000,24.452000,19.128000,20.452000,-1.145701,3.238098,0.619694,-0.495820,-0.819685,0.761902,0.000000,0.000000,1,0
1789801505.877836,3,17.982299,21.213902,0.323865,19.128000,24.452000,19.128000,20.452000,-1.145701,3.238098,0.619694,-0.495820,-0.819685,0.761902,0.000000,0.000000,1,0
1789801505.977804,3,17.982299,21.213902,0.323865,19.128000,24.452000,19.128000,20.452000,-1.145701,3.238098,0.619694,-0.495820,-0.819685,0.761902,0.000000,0.000000,1,0
1789801506.077816,3,17.982299,21.213902,0.323865,19.128000,24.452000,19.128000,20.452000,-1.145701,3.238098,0.619694,-0.495820,-0.819685,0.761902,0.000000,0.000000,1,0
1789801506.177898,3,17.982299,21.213902,0.323865,19.128000,24.452000,19.128000,20.452000,-1.145701,3.238098,0.619694,-0.495820,-0.819685,0.761902,0.000000,0.000000,1,0
1789801506.277792,3,17.982299,21.213902,0.323865,19.128000,24.452000,19.128000,20.452000,-1.145701,3.238098,0.619694,-0.495820,-0.819685,0.761902,0.000000,0.000000,1,0
1789801506.377914,3,17.982299,21.213902,0.323865,19.128000,24.452000,19.128000,20.452000,-1.145701,3.238098,0.619694,-0.495820,-0.819685,0.761902,0.000000,0.000000,1,0
1789801506.477901,3,17.982299,21.213902,0.323865,19.128000,24.452000,19.128000,20.452000,-1.145701,3.238098,0.619694,-0.495820,-0.819685,0.761902,0.000000,0.000000,1,0
1789801506.577895,3,17.982299,21.213902,0.323865,19.128000,24.452000,19.128000,20.452000,-1.145701,3.238098,0.619694,-0.495820,-0.819685,0.761902,0.000000,0.000000,1,0
1789801506.677959,3,17.982299,21.213902,0.323865,19.128000,24.452000,19.128000,20.452000,-1.145701,3.238098,0.619694,-0.495820,-0.819685,0.761902,0.000000,0.000000,1,0
1789801506.777900,3,17.982299,21.213902,0.323865,19.128000,24.452000,19.128000,20.452000,-1.145701,3.238098,0.619694,-0.495820,-0.819685,0.761902,0.000000,0.000000,1,0
1789801506.878081,3,17.982299,21.213902,0.323865,19.128000,24.452000,19.128000,20.452000,-1.145701,3.238098,0.619694,-0.495820,-0.819685,0.761902,0.000000,0.000000,1,0
1789801506.978064,3,17.982299,21.213902,0.323865,19.128000,24.452000,19.128000,20.452000,-1.145701,3.238098,0.619694,-0.495820,-0.819685,0.761902,0.000000,0.000000,1,0
1789801507.077938,3,17.982299,21.213902,0.323865,19.128000,24.452000,19.128000,20.452000,-1.145701,3.238098,0.619694,-0.495820,-0.819685,0.761902,0.000000,0.000000,1,0
1789801507.178088,3,17.982299,21.213902,0.323865,19.128000,24.452000,19.128000,20.452000,-1.145701,3.238098,0.619694,-0.495820,-0.819685,0.761902,0.180000,-0.409843,0,0
1789801507.278053,3,17.982299,21.213902,0.323865,19.128000,24.452000,19.128000,20.452000,-1.145701,3.238098,0.619694,-0.495820,-0.819685,0.761902,0.180000,-0.409842,0,0
1789801507.378175,3,17.982299,21.213902,0.323865,19.128000,24.452000,19.128000,20.452000,-1.145701,3.238098,0.619694,-0.495820,-0.819685,0.761902,0.180000,-0.409842,0,0
1789801507.478155,3,17.982299,21.213902,0.323865,19.128000,24.452000,19.128000,20.452000,-1.145701,3.238098,0.619694,-0.495820,-0.819685,0.761902,0.180000,-0.409842,0,0
1789801507.578226,3,17.982299,21.213902,0.323865,19.128000,24.452000,19.128000,20.452000,-1.145701,3.238098,0.619694,-0.495820,-0.819685,0.761902,0.180000,-0.409842,0,0
1789801507.678295,3,17.982299,21.213902,0.323865,19.128000,24.452000,19.128000,20.452000,-1.145701,3.238098,0.619694,-0.495820,-0.819685,0.761902,0.180000,-0.409842,0,0
1789801507.778197,3,17.982299,21.213902,0.323865,19.128000,24.452000,19.128000,20.452000,-1.145701,3.238098,0.619694,-0.495820,-0.819685,0.761902,0.180000,-0.409842,0,0
1789801507.878239,3,17.982299,21.213902,0.323865,19.128000,24.452000,19.128000,20.452000,-1.145701,3.238098,0.619694,-0.495820,-0.819685,0.761902,0.000000,0.000000,1,0
1789801507.978248,3,17.982299,21.213902,0.323865,19.128000,24.452000,19.128000,20.452000,-1.145701,3.238098,0.619694,-0.495820,-0.819685,0.761902,0.000000,0.000000,1,0
1789801508.078404,3,17.982299,21.213902,0.323865,19.128000,24.452000,19.128000,20.452000,-1.145701,3.238098,0.619694,-0.495820,-0.819685,0.761902,0.000000,0.000000,1,0
1789801508.178283,3,17.982299,21.213902,0.323865,19.128000,24.452000,19.128000,20.452000,-1.145701,3.238098,0.619694,-0.495820,-0.819685,0.761902,0.000000,0.000000,1,0
1789801508.278199,3,17.982299,21.213902,0.323865,19.128000,24.452000,19.128000,20.452000,-1.145701,3.238098,0.619694,-0.495820,-0.819685,0.761902,0.000000,0.000000,1,0
1789801508.378247,3,17.982299,21.213902,0.323865,19.128000,24.452000,19.128000,20.452000,-1.145701,3.238098,0.619694,-0.495820,-0.819685,0.761902,0.000000,0.000000,1,0
1789801508.478268,3,17.982299,21.213902,0.323865,19.128000,24.452000,19.128000,20.452000,-1.145701,3.238098,0.619694,-0.495820,-0.819685,0.761902,0.000000,0.000000,1,0
1789801508.578273,3,17.982299,21.213902,0.323865,19.128000,24.452000,19.128000,20.452000,-1.145701,3.238098,0.619694,-0.495820,-0.819685,0.761902,0.000000,0.000000,1,0
1789801508.678244,3,17.982299,21.213902,0.323865,19.128000,24.452000,19.128000,20.452000,-1.145701,3.238098,0.619694,-0.495820,-0.819685,0.761902,0.000000,0.000000,1,0
1789801508.778320,3,17.982299,21.213902,0.323865,19.128000,24.452000,19.128000,20.452000,-1.145701,3.238098,0.619694,-0.495820,-0.819685,0.761902,0.000000,0.000000,1,0
1789801508.878342,3,17.982299,21.213902,0.323865,19.128000,24.452000,19.128000,20.452000,-1.145701,3.238098,0.619694,-0.495820,-0.819685,0.761902,0.000000,0.000000,1,0
1789801508.978354,3,17.982299,21.213902,0.323865,19.128000,24.452000,19.128000,20.452000,-1.145701,3.238098,0.619694,-0.495820,-0.819685,0.761902,0.000000,0.000000,1,0
1789801509.078385,3,17.982299,21.213902,0.323865,19.128000,24.452000,19.128000,20.452000,-1.145701,3.238098,0.619694,-0.495820,-0.819685,0.761902,0.000000,0.000000,1,0
1789801509.178400,3,17.982299,21.213902,0.323865,19.128000,24.452000,19.128000,20.452000,-1.145701,3.238098,0.619694,-0.495820,-0.819685,0.761902,0.000000,0.000000,1,0
1789801509.278389,3,17.982299,21.213902,0.323865,19.128000,24.452000,19.128000,20.452000,-1.145701,3.238098,0.619694,-0.495820,-0.819685,0.761902,0.000000,0.000000,1,0
1789801509.378385,3,17.982299,21.213902,0.323865,19.128000,24.452000,19.128000,20.452000,-1.145701,3.238098,0.619694,-0.495820,-0.819685,0.761902,0.000000,0.000000,1,0
1789801509.478468,3,17.982299,21.213902,0.323865,19.128000,24.452000,19.128000,20.452000,-1.145701,3.238098,0.619694,-0.495820,-0.819685,0.761902,0.000000,0.000000,1,0
1789801509.578495,3,17.982299,21.213902,0.323865,19.128000,24.452000,19.128000,20.452000,-1.145701,3.238098,0.619694,-0.495820,-0.819685,0.761902,0.000000,0.000000,1,0
1789801509.678472,3,17.982299,21.213902,0.323865,19.128000,24.452000,19.128000,20.452000,-1.145701,3.238098,0.619694,-0.495820,-0.819685,0.761902,0.000000,0.000000,1,0
1789801509.778472,3,17.982299,21.213902,0.323865,19.128000,24.452000,19.128000,20.452000,-1.145701,3.238098,0.619694,-0.495820,-0.819685,0.761902,0.000000,0.000000,1,0
1789801509.878503,3,17.982299,21.213902,0.323865,19.128000,24.452000,19.128000,20.452000,-1.145701,3.238098,0.619694,-0.495820,-0.819685,0.761902,0.000000,0.000000,1,0
1789801509.978546,3,17.982299,21.213902,0.323865,19.128000,24.452000,19.128000,20.452000,-1.145701,3.238098,0.619694,-0.495820,-0.819685,0.761902,0.000000,0.000000,1,0
1789801510.078520,3,17.982299,21.213902,0.323865,19.128000,24.452000,19.128000,20.452000,-1.145701,3.238098,0.619694,-0.495820,-0.819685,0.761902,0.000000,0.000000,1,0
1789801510.178598,3,17.982299,21.213902,0.323865,19.128000,24.452000,19.128000,20.452000,-1.145701,3.238098,0.619694,-0.495820,-0.819685,0.761902,0.000000,0.000000,1,0
1789801510.278559,3,17.982299,21.213902,0.323865,19.128000,24.452000,19.128000,20.452000,-1.145701,3.238098,0.619694,-0.495820,-0.819685,0.761902,0.000000,0.000000,1,0
1789801510.378593,3,17.982299,21.213902,0.323865,19.128000,24.452000,19.128000,20.452000,-1.145701,3.238098,0.619694,-0.495820,-0.819685,0.761902,0.000000,0.000000,1,0
1789801510.478622,3,17.982299,21.213902,0.323865,19.128000,24.452000,19.128000,20.452000,-1.145701,3.238098,0.619694,-0.495820,-0.819685,0.761902,0.000000,0.000000,1,0
1789801510.578585,3,17.982299,21.213902,0.323865,19.128000,24.452000,19.128000,20.452000,-1.145701,3.238098,0.619694,-0.495820,-0.819685,0.761902,0.000000,0.000000,1,0
1789801510.678659,3,17.982299,21.213902,0.323865,19.128000,24.452000,19.128000,20.452000,-1.145701,3.238098,0.619694,-0.495820,-0.819685,0.761902,0.000000,0.000000,1,0
1789801510.778925,3,17.982299,21.213902,0.323865,19.128000,24.452000,19.128000,20.452000,-1.145701,3.238098,0.619694,-0.495820,-0.819685,0.761902,0.000000,0.000000,1,0
1789801510.878689,3,17.982299,21.213902,0.323865,19.128000,24.452000,19.128000,20.452000,-1.145701,3.238098,0.619694,-0.495820,-0.819685,0.761902,0.000000,0.000000,1,0
1789801510.978713,3,17.982299,21.213902,0.323865,19.128000,24.452000,19.128000,20.452000,-1.145701,3.238098,0.619694,-0.495820,-0.819685,0.761902,0.000000,0.000000,1,0
1789801511.078733,3,17.982299,21.213902,0.323865,19.128000,24.452000,19.128000,20.452000,-1.145701,3.238098,0.619694,-0.495820,-0.819685,0.761902,0.000000,0.000000,1,0
1789801511.178780,3,17.982299,21.213902,0.323865,19.128000,24.452000,19.128000,20.452000,-1.145701,3.238098,0.619694,-0.495820,-0.819685,0.761902,0.000000,0.000000,1,0
1789801511.278808,3,17.982299,21.213902,0.323865,19.128000,24.452000,19.128000,20.452000,-1.145701,3.238098,0.619694,-0.495820,-0.819685,0.761902,0.180000,-0.409842,0,0
1789801511.378731,3,17.982299,21.213902,0.323865,19.128000,24.452000,19.128000,20.452000,-1.145701,3.238098,0.619694,-0.495820,-0.819685,0.761902,0.180000,-0.409842,0,0
1789801511.478776,3,17.982299,21.213902,0.323865,19.128000,24.452000,19.128000,20.452000,-1.145701,3.238098,0.619694,-0.495820,-0.819685,0.761902,0.000000,0.000000,1,0
1789801511.578835,3,17.982299,21.213902,0.323865,19.128000,24.452000,19.128000,20.452000,-1.145701,3.238098,0.619694,-0.495820,-0.819685,0.761902,0.000000,0.000000,1,0
1789801511.678833,3,17.982299,21.213902,0.323865,19.128000,24.452000,19.128000,20.452000,-1.145701,3.238098,0.619694,-0.495820,-0.819685,0.761902,0.180000,-0.409842,0,0
1789801511.778855,3,17.982299,21.213902,0.323865,19.128000,24.452000,19.128000,20.452000,-1.145701,3.238098,0.619694,-0.495820,-0.819685,0.761902,0.180000,-0.409842,0,0
1789801511.878870,3,17.982299,21.213902,0.323865,19.128000,24.452000,19.128000,20.452000,-1.145701,3.238098,0.619694,-0.495820,-0.819685,0.761902,0.000000,0.000000,1,0
1789801511.978839,3,17.982299,21.213902,0.323865,19.128000,24.452000,19.128000,20.452000,-1.145701,3.238098,0.619694,-0.495820,-0.819685,0.761902,0.000000,0.000000,1,0
1789801512.078926,3,17.982299,21.213902,0.323865,19.128000,24.452000,19.128000,20.452000,-1.145701,3.238098,0.619694,-0.495820,-0.819685,0.761902,0.180000,-0.409842,0,0
1789801512.178876,3,17.982299,21.213902,0.323865,19.128000,24.452000,19.128000,20.452000,-1.145701,3.238098,0.619694,-0.495820,-0.819685,0.761902,0.180000,-0.409842,0,0
1789801512.278854,3,17.982299,21.213902,0.323865,19.128000,24.452000,19.128000,20.452000,-1.145701,3.238098,0.619694,-0.495820,-0.819685,0.761902,0.180000,-0.409842,0,0
1789801512.379108,3,17.982299,21.213902,0.323865,19.128000,24.452000,19.128000,20.452000,-1.145701,3.238098,0.619694,-0.495820,-0.819685,0.761902,0.180000,-0.409842,0,0
1789801512.478941,3,17.982299,21.213902,0.323865,19.128000,24.452000,19.128000,20.452000,-1.145701,3.238098,0.619694,-0.495820,-0.819685,0.761902,0.180000,-0.409842,0,0
1789801512.579057,3,17.982299,21.213902,0.323865,19.128000,24.452000,19.128000,20.452000,-1.145701,3.238098,0.619694,-0.495820,-0.819685,0.761902,0.180000,-0.409842,0,0
1789801512.678944,3,17.982299,21.213902,0.323865,19.128000,24.452000,19.128000,20.452000,-1.145701,3.238098,0.619694,-0.495820,-0.819685,0.761902,0.180000,-0.409842,0,0
1789801512.779037,3,17.982299,21.213902,0.323865,19.128000,24.452000,19.128000,20.452000,-1.145701,3.238098,0.619694,-0.495820,-0.819685,0.761902,0.180000,-0.409842,0,0
1789801512.879012,3,17.982299,21.213902,0.323865,19.128000,24.452000,19.128000,20.452000,-1.145701,3.238098,0.619694,-0.495820,-0.819685,0.761902,0.180000,-0.409842,0,0
1789801512.979043,3,17.982299,21.213902,0.323865,19.128000,24.452000,19.128000,20.452000,-1.145701,3.238098,0.619694,-0.495820,-0.819685,0.761902,0.180000,-0.409842,0,0
1789801513.079047,3,17.982299,21.213902,0.323865,19.128000,24.452000,19.128000,20.452000,-1.145701,3.238098,0.619694,-0.495820,-0.819685,0.761902,0.000000,0.000000,1,0
1789801513.179030,3,17.982299,21.213902,0.323865,19.128000,24.452000,19.128000,20.452000,-1.145701,3.238098,0.619694,-0.495820,-0.819685,0.761902,0.000000,0.000000,1,0
1789801513.279039,3,17.982299,21.213902,0.323865,19.128000,24.452000,19.128000,20.452000,-1.145701,3.238098,0.619694,-0.495820,-0.819685,0.761902,0.000000,0.000000,1,0
1789801513.379067,3,17.982299,21.213902,0.323865,19.128000,24.452000,19.128000,20.452000,-1.145701,3.238098,0.619694,-0.495820,-0.819685,0.761902,0.000000,0.000000,1,0
1789801513.479151,3,17.982299,21.213902,0.323865,19.128000,24.452000,19.128000,20.452000,-1.145701,3.238098,0.619694,-0.495820,-0.819685,0.761902,0.000000,0.000000,1,0
1789801513.579164,3,17.982299,21.213902,0.323865,19.128000,24.452000,19.128000,20.452000,-1.145701,3.238098,0.619694,-0.495820,-0.819685,0.761902,0.000000,0.000000,1,0
1789801513.679157,3,17.982299,21.213902,0.323865,19.128000,24.452000,19.128000,20.452000,-1.145701,3.238098,0.619694,-0.495820,-0.819685,0.761902,0.000000,0.000000,1,0
1789801513.779287,3,17.982299,21.213902,0.323865,19.128000,24.452000,19.128000,20.452000,-1.145701,3.238098,0.619694,-0.495820,-0.819685,0.761902,0.000000,0.000000,1,0
1789801513.879143,3,17.990970,21.224543,0.201986,19.128000,24.452000,19.128000,20.452000,-1.137030,3.227457,0.621364,-0.500137,-0.702123,0.772543,0.000000,0.000000,1,0
1789801513.979223,3,17.990970,21.224543,0.201986,19.128000,24.452000,19.128000,20.452000,-1.137030,3.227457,0.621364,-0.500137,-0.702123,0.772543,0.000000,0.000000,1,0
1789801514.079204,3,17.990970,21.224543,0.201986,19.128000,24.452000,19.128000,20.452000,-1.137030,3.227457,0.621364,-0.500137,-0.702123,0.772543,0.000000,0.000000,1,0
1789801514.179204,3,17.958105,21.212621,0.087476,19.128000,24.452000,19.128000,20.452000,-1.169895,3.239379,0.615091,-0.484047,-0.571523,0.760621,0.000000,0.000000,1,0
1789801514.279203,3,17.958105,21.212621,0.087476,19.128000,24.452000,19.128000,20.452000,-1.169895,3.239379,0.615091,-0.484047,-0.571523,0.760621,0.000000,0.000000,1,0
1789801514.379242,3,17.958105,21.212621,0.087476,19.128000,24.452000,19.128000,20.452000,-1.169895,3.239379,0.615091,-0.484047,-0.571523,0.760621,0.000000,0.000000,1,0
1789801514.479239,3,17.921105,21.213395,-0.043363,19.128000,24.452000,19.128000,20.452000,-1.206895,3.238605,0.608220,-0.466806,-0.423443,0.761395,0.000000,0.000000,1,0
1789801514.579287,3,17.921105,21.213395,-0.043363,19.128000,24.452000,19.128000,20.452000,-1.206895,3.238605,0.608220,-0.466806,-0.423443,0.761395,0.000000,0.000000,1,0
1789801514.679262,3,17.870407,21.475913,-0.254857,19.128000,24.452000,19.128000,20.452000,-1.257593,2.976087,0.599157,-0.444616,-0.189759,1.023913,0.000000,0.000000,1,0
1789801514.779272,3,17.870407,21.475913,-0.254857,19.128000,24.452000,19.128000,20.452000,-1.257593,2.976087,0.599157,-0.444616,-0.189759,1.023913,0.000000,0.000000,1,0
1789801514.879346,3,17.842931,21.493038,-0.369584,19.128000,24.452000,19.128000,20.452000,-1.285069,2.958962,0.594424,-0.433251,-0.063668,1.041038,0.000000,0.000000,1,0
1789801514.979332,3,17.842931,21.493038,-0.369584,19.128000,24.452000,19.128000,20.452000,-1.285069,2.958962,0.594424,-0.433251,-0.063668,1.041038,0.000000,0.000000,1,0
1789801515.079405,3,17.842931,21.493038,-0.369584,19.128000,24.452000,19.128000,20.452000,-1.285069,2.958962,0.594424,-0.433251,-0.063668,1.041038,0.000000,0.000000,1,0
1789801515.179448,3,17.808349,21.520306,-0.502713,19.128000,24.452000,19.128000,20.452000,-1.319651,2.931694,0.588655,-0.419580,0.083133,1.068306,0.000000,0.000000,1,0
1789801515.279343,3,17.808349,21.520306,-0.502713,19.128000,24.452000,19.128000,20.452000,-1.319651,2.931694,0.588655,-0.419580,0.083133,1.068306,0.000000,0.000000,1,0
1789801515.379351,3,17.808349,21.520306,-0.502713,19.128000,24.452000,19.128000,20.452000,-1.319651,2.931694,0.588655,-0.419580,0.083133,1.068306,0.000000,0.000000,1,0
1789801515.479422,3,17.808349,21.520306,-0.502713,19.128000,24.452000,19.128000,20.452000,-1.319651,2.931694,0.588655,-0.419580,0.083133,1.068306,0.300000,0.312620,0,0
1789801515.579443,3,17.808349,21.520306,-0.502713,19.128000,24.452000,19.128000,20.452000,-1.319651,2.931694,0.588655,-0.419580,0.083133,1.068306,0.300000,0.297334,0,0
1789801515.679403,3,17.808349,21.520306,-0.502713,19.128000,24.452000,19.128000,20.452000,-1.319651,2.931694,0.588655,-0.419580,0.083133,1.068306,0.300000,0.277320,0,0
1789801515.779435,3,17.808349,21.520306,-0.502713,19.128000,24.452000,19.128000,20.452000,-1.319651,2.931694,0.588655,-0.419580,0.083133,1.068306,0.300000,0.255081,0,0
1789801515.879480,3,17.808349,21.520306,-0.502713,19.128000,24.452000,19.128000,20.452000,-1.319651,2.931694,0.588655,-0.419580,0.083133,1.068306,0.300000,0.232307,0,0
1789801515.979506,3,17.808349,21.520306,-0.502713,19.128000,24.452000,19.128000,20.452000,-1.319651,2.931694,0.588655,-0.419580,0.083133,1.068306,0.300000,0.210102,0,0
1789801516.079557,3,17.808349,21.520306,-0.502713,19.128000,24.452000,19.128000,20.452000,-1.319651,2.931694,0.588655,-0.419580,0.083133,1.068306,0.300000,0.189150,0,0
1789801516.179552,3,17.808349,21.520306,-0.502713,19.128000,24.452000,19.128000,20.452000,-1.319651,2.931694,0.588655,-0.419580,0.083133,1.068306,0.300000,0.169837,0,0
1789801516.279534,3,17.808349,21.520306,-0.502713,19.128000,24.452000,19.128000,20.452000,-1.319651,2.931694,0.588655,-0.419580,0.083133,1.068306,0.300000,0.152346,0,0
1789801516.379613,3,17.808349,21.520306,-0.502713,19.128000,24.452000,19.128000,20.452000,-1.319651,2.931694,0.588655,-0.419580,0.083133,1.068306,0.300000,0.136720,0,0
1789801516.479573,3,17.808349,21.520306,-0.502713,19.128000,24.452000,19.128000,20.452000,-1.319651,2.931694,0.588655,-0.419580,0.083133,1.068306,0.300000,0.122914,0,0
1789801516.579623,3,17.808349,21.520306,-0.502713,19.128000,24.452000,19.128000,20.452000,-1.319651,2.931694,0.588655,-0.419580,0.083133,1.068306,0.300000,0.110824,0,0
1789801516.679641,3,17.808349,21.520306,-0.502713,19.128000,24.452000,19.128000,20.452000,-1.319651,2.931694,0.588655,-0.419580,0.083133,1.068306,0.300000,0.100316,0,0
1789801516.779757,3,17.808349,21.520306,-0.502713,19.128000,24.452000,19.128000,20.452000,-1.319651,2.931694,0.588655,-0.419580,0.083133,1.068306,0.300000,0.091241,0,0
1789801516.879665,3,17.808349,21.520306,-0.502713,19.128000,24.452000,19.128000,20.452000,-1.319651,2.931694,0.588655,-0.419580,0.083133,1.068306,0.300000,0.083446,0,0
1789801516.979632,3,17.808349,21.520306,-0.502713,19.128000,24.452000,19.128000,20.452000,-1.319651,2.931694,0.588655,-0.419580,0.083133,1.068306,0.300000,0.076782,0,0
1789801517.079642,3,17.808349,21.520306,-0.502713,19.128000,24.452000,19.128000,20.452000,-1.319651,2.931694,0.588655,-0.419580,0.083133,1.068306,0.300000,0.071108,0,0
1789801517.179648,3,17.808349,21.520306,-0.502713,19.128000,24.452000,19.128000,20.452000,-1.319651,2.931694,0.588655,-0.419580,0.083133,1.068306,0.300000,0.066296,0,0
1789801517.279644,3,17.808349,21.520306,-0.502713,19.128000,24.452000,19.128000,20.452000,-1.319651,2.931694,0.588655,-0.419580,0.083133,1.068306,0.300000,0.062226,0,0
1789801517.379775,3,17.808349,21.520306,-0.502713,19.128000,24.452000,19.128000,20.452000,-1.319651,2.931694,0.588655,-0.419580,0.083133,1.068306,0.300000,0.058796,0,0
1789801517.479790,3,17.808349,21.520306,-0.502713,19.128000,24.452000,19.128000,20.452000,-1.319651,2.931694,0.588655,-0.419580,0.083133,1.068306,0.300000,0.055911,0,0
1789801517.579777,3,17.808349,21.520306,-0.502713,19.128000,24.452000,19.128000,20.452000,-1.319651,2.931694,0.588655,-0.419580,0.083133,1.068306,0.300000,0.053491,0,0
1789801517.679710,3,17.808349,21.520306,-0.502713,19.128000,24.452000,19.128000,20.452000,-1.319651,2.931694,0.588655,-0.419580,0.083133,1.068306,0.300000,0.051465,0,0
1789801517.779704,3,17.808349,21.520306,-0.502713,19.128000,24.452000,19.128000,20.452000,-1.319651,2.931694,0.588655,-0.419580,0.083133,1.068306,0.300000,0.049772,0,0
1789801517.879764,3,17.808349,21.520306,-0.502713,19.128000,24.452000,19.128000,20.452000,-1.319651,2.931694,0.588655,-0.419580,0.083133,1.068306,0.300000,0.048361,0,0
1789801517.979869,3,17.808349,21.520306,-0.502713,19.128000,24.452000,19.128000,20.452000,-1.319651,2.931694,0.588655,-0.419580,0.083133,1.068306,0.300000,0.047186,0,0
1789801518.079782,3,17.808349,21.520306,-0.502713,19.128000,24.452000,19.128000,20.452000,-1.319651,2.931694,0.588655,-0.419580,0.083133,1.068306,0.300000,0.046209,0,0
1789801518.179826,3,17.808349,21.520306,-0.502713,19.128000,24.452000,19.128000,20.452000,-1.319651,2.931694,0.588655,-0.419580,0.083133,1.068306,0.300000,0.045398,0,0
1789801518.279792,3,17.808349,21.520306,-0.502713,19.128000,24.452000,19.128000,20.452000,-1.319651,2.931694,0.588655,-0.419580,0.083133,1.068306,0.300000,0.044726,0,0
1789801518.379900,3,17.808349,21.520306,-0.502713,19.128000,24.452000,19.128000,20.452000,-1.319651,2.931694,0.588655,-0.419580,0.083133,1.068306,0.300000,0.044169,0,0
1789801518.479867,3,17.808349,21.520306,-0.502713,19.128000,24.452000,19.128000,20.452000,-1.319651,2.931694,0.588655,-0.419580,0.083133,1.068306,0.300000,0.043709,0,0
1789801518.579920,3,17.808349,21.520306,-0.502713,19.128000,24.452000,19.128000,20.452000,-1.319651,2.931694,0.588655,-0.419580,0.083133,1.068306,0.300000,0.043329,0,0
1789801518.679962,3,17.808349,21.520306,-0.502713,19.128000,24.452000,19.128000,20.452000,-1.319651,2.931694,0.588655,-0.419580,0.083133,1.068306,0.300000,0.043015,0,0
1789801518.779929,3,17.808349,21.520306,-0.502713,19.128000,24.452000,19.128000,20.452000,-1.319651,2.931694,0.588655,-0.419580,0.083133,1.068306,0.300000,0.042756,0,0
1789801518.879946,3,17.808349,21.520306,-0.502713,19.128000,24.452000,19.128000,20.452000,-1.319651,2.931694,0.588655,-0.419580,0.083133,1.068306,0.300000,0.042543,0,0
1789801518.979958,3,17.808349,21.520306,-0.502713,19.128000,24.452000,19.128000,20.452000,-1.319651,2.931694,0.588655,-0.419580,0.083133,1.068306,0.300000,0.042367,0,0
1789801519.079954,3,17.808349,21.520306,-0.502713,19.128000,24.452000,19.128000,20.452000,-1.319651,2.931694,0.588655,-0.419580,0.083133,1.068306,0.300000,0.042223,0,0
1789801519.180001,3,17.808349,21.520306,-0.502713,19.128000,24.452000,19.128000,20.452000,-1.319651,2.931694,0.588655,-0.419580,0.083133,1.068306,0.300000,0.042104,0,0
1789801519.279954,3,17.934654,21.456828,-0.459042,19.128000,24.452000,19.128000,20.452000,-1.193346,2.995172,0.610712,-0.473015,-0.013973,1.004828,0.300000,0.005092,0,0
1789801519.380074,3,17.934654,21.456828,-0.459042,19.128000,24.452000,19.128000,20.452000,-1.193346,2.995172,0.610712,-0.473015,-0.013973,1.004828,0.300000,-0.019080,0,0
1789801519.480015,3,17.934654,21.456828,-0.459042,19.128000,24.452000,19.128000,20.452000,-1.193346,2.995172,0.610712,-0.473015,-0.013973,1.004828,0.300000,-0.034065,0,0
1789801519.580100,3,17.934654,21.456828,-0.459042,19.128000,24.452000,19.128000,20.452000,-1.193346,2.995172,0.610712,-0.473015,-0.013973,1.004828,0.300000,-0.042573,0,0
1789801519.680042,3,18.045096,21.407604,-0.405223,19.128000,24.452000,19.128000,20.452000,-1.082904,3.044396,0.632014,-0.528294,-0.123072,0.955604,0.414766,-0.088068,0,0
1789801519.780097,3,18.045096,21.407604,-0.405223,19.128000,24.452000,19.128000,20.452000,-1.082904,3.044396,0.632014,-0.528294,-0.123072,0.955604,0.414766,-0.116123,0,0
1789801519.880152,3,18.045096,21.407604,-0.405223,19.128000,24.452000,19.128000,20.452000,-1.082904,3.044396,0.632014,-0.528294,-0.123072,0.955604,0.414766,-0.131895,0,0
1789801519.980121,3,18.045096,21.407604,-0.405223,19.128000,24.452000,19.128000,20.452000,-1.082904,3.044396,0.632014,-0.528294,-0.123072,0.955604,0.414766,-0.139175,0,0
1789801520.080161,3,18.152972,21.364800,-0.354031,19.128000,24.452000,19.128000,20.452000,-0.975028,3.087200,0.654209,-0.590972,-0.236941,0.912800,0.300000,-0.183980,0,0
1789801520.180193,3,18.152972,21.364800,-0.354031,19.128000,24.452000,19.128000,20.452000,-0.975028,3.087200,0.654209,-0.590972,-0.236941,0.912800,0.300000,-0.210035,0,0
1789801520.280100,3,18.152972,21.364800,-0.354031,19.128000,24.452000,19.128000,20.452000,-0.975028,3.087200,0.654209,-0.590972,-0.236941,0.912800,0.300000,-0.223047,0,0
1789801520.380158,3,18.152972,21.364800,-0.354031,19.128000,24.452000,19.128000,20.452000,-0.975028,3.087200,0.654209,-0.590972,-0.236941,0.912800,0.300000,-0.227192,0,0
1789801520.480158,3,18.269014,21.326162,-0.302272,19.128000,24.452000,19.128000,20.452000,-0.858986,3.125838,0.678981,-0.668888,-0.366615,0.874162,0.300000,-0.274763,0,0
1789801520.580183,3,18.269014,21.326162,-0.302272,19.128000,24.452000,19.128000,20.452000,-0.858986,3.125838,0.678981,-0.668888,-0.366615,0.874162,0.300000,-0.301550,0,0
1789801520.680249,3,18.269014,21.326162,-0.302272,19.128000,24.452000,19.128000,20.452000,-0.858986,3.125838,0.678981,-0.668888,-0.366615,0.874162,0.300000,-0.313964,0,0
1789801520.780212,3,18.269014,21.326162,-0.302272,19.128000,24.452000,19.128000,20.452000,-0.858986,3.125838,0.678981,-0.668888,-0.366615,0.874162,0.300000,-0.316683,0,0
1789801520.880208,3,18.392970,21.284483,-0.267535,19.128000,24.452000,19.128000,20.452000,-0.735030,3.167517,0.705530,-0.764923,-0.497389,0.832483,0.300000,-0.362776,0,0
1789801520.980243,3,18.392970,21.284483,-0.267535,19.128000,24.452000,19.128000,20.452000,-0.735030,3.167517,0.705530,-0.764923,-0.497389,0.832483,0.300000,-0.387713,0,0
1789801521.080259,3,18.392970,21.284483,-0.267535,19.128000,24.452000,19.128000,20.452000,-0.735030,3.167517,0.705530,-0.764923,-0.497389,0.832483,0.300000,-0.398111,0,0
1789801521.180369,3,18.508222,21.248184,-0.273742,19.128000,24.452000,19.128000,20.452000,-0.619778,3.203816,0.729269,-0.866382,-0.592640,0.796184,0.300000,-0.434958,0,0
1789801521.280260,3,18.508222,21.248184,-0.273742,19.128000,24.452000,19.128000,20.452000,-0.619778,3.203816,0.729269,-0.866382,-0.592640,0.796184,0.300000,-0.452994,0,0
1789801521.380343,3,18.508222,21.248184,-0.273742,19.128000,24.452000,19.128000,20.452000,-0.619778,3.203816,0.729269,-0.866382,-0.592640,0.796184,0.300000,-0.458271,0,0
1789801521.480328,3,18.643079,21.205693,-0.293975,19.128000,24.452000,19.128000,20.452000,-0.484921,3.246307,0.754469,-0.999548,-0.705573,0.753693,0.180000,-0.498088,0,0
1789801521.580333,3,18.643079,21.205693,-0.293975,19.128000,24.452000,19.128000,20.452000,-0.484921,3.246307,0.754469,-0.999548,-0.705573,0.753693,0.180000,-0.517759,0,0
1789801521.680475,3,18.643079,21.205693,-0.293975,19.128000,24.452000,19.128000,20.452000,-0.484921,3.246307,0.754469,-0.999548,-0.705573,0.753693,0.180000,-0.523749,0,0
1789801521.780360,3,18.760898,21.159314,-0.370878,19.128000,24.452000,19.128000,20.452000,-0.367102,3.292686,0.772993,-1.127422,-0.756544,0.707314,0.180000,-0.540125,0,0
1789801521.880391,3,18.760898,21.159314,-0.370878,19.128000,24.452000,19.128000,20.452000,-0.367102,3.292686,0.772993,-1.127422,-0.756544,0.707314,0.180000,-0.544131,0,0
1789801521.980387,3,18.760898,21.159314,-0.370878,19.128000,24.452000,19.128000,20.452000,-0.367102,3.292686,0.772993,-1.127422,-0.756544,0.707314,0.180000,-0.540061,0,0
1789801522.080385,3,18.848294,21.106253,-0.497360,19.128000,24.452000,19.128000,20.452000,-0.279706,3.345747,0.784012,-1.228110,-0.730750,0.654253,0.180000,-0.521182,0,0
1789801522.180407,3,18.848294,21.106253,-0.497360,19.128000,24.452000,19.128000,20.452000,-0.279706,3.345747,0.784012,-1.228110,-0.730750,0.654253,0.180000,-0.502868,0,0
1789801522.280372,3,18.848294,21.106253,-0.497360,19.128000,24.452000,19.128000,20.452000,-0.279706,3.345747,0.784012,-1.228110,-0.730750,0.654253,0.180000,-0.485647,0,0
1789801522.380469,3,18.848294,21.106253,-0.497360,19.128000,24.452000,19.128000,20.452000,-0.279706,3.345747,0.784012,-1.228110,-0.730750,0.654253,0.180000,-0.469815,0,0
1789801522.480446,3,18.848294,21.106253,-0.497360,19.128000,24.452000,19.128000,20.452000,-0.279706,3.345747,0.784012,-1.228110,-0.730750,0.654253,0.180000,-0.455505,0,0
1789801522.580449,3,18.848294,21.106253,-0.497360,19.128000,24.452000,19.128000,20.452000,-0.279706,3.345747,0.784012,-1.228110,-0.730750,0.654253,0.180000,-0.442741,0,0
1789801522.680462,3,18.848294,21.106253,-0.497360,19.128000,24.452000,19.128000,20.452000,-0.279706,3.345747,0.784012,-1.228110,-0.730750,0.654253,0.180000,-0.431477,0,0
1789801522.780513,3,18.848294,21.106253,-0.497360,19.128000,24.452000,19.128000,20.452000,-0.279706,3.345747,0.784012,-1.228110,-0.730750,0.654253,0.180000,-0.421625,0,0
1789801522.880588,3,18.848294,21.106253,-0.497360,19.128000,24.452000,19.128000,20.452000,-0.279706,3.345747,0.784012,-1.228110,-0.730750,0.654253,0.180000,-0.413069,0,0
1789801522.980575,3,18.848294,21.106253,-0.497360,19.128000,24.452000,19.128000,20.452000,-0.279706,3.345747,0.784012,-1.228110,-0.730750,0.654253,0.180000,-0.405685,0,0
1789801523.080606,3,18.848294,21.106253,-0.497360,19.128000,24.452000,19.128000,20.452000,-0.279706,3.345747,0.784012,-1.228110,-0.730750,0.654253,0.180000,-0.399348,0,0
1789801523.180586,3,18.848294,21.106253,-0.497360,19.128000,24.452000,19.128000,20.452000,-0.279706,3.345747,0.784012,-1.228110,-0.730750,0.654253,0.180000,-0.393933,0,0
1789801523.280523,3,18.848294,21.106253,-0.497360,19.128000,24.452000,19.128000,20.452000,-0.279706,3.345747,0.784012,-1.228110,-0.730750,0.654253,0.180000,-0.389325,0,0
1789801523.380570,3,18.848294,21.106253,-0.497360,19.128000,24.452000,19.128000,20.452000,-0.279706,3.345747,0.784012,-1.228110,-0.730750,0.654253,0.180000,-0.385417,0,0
1789801523.480599,3,18.848294,21.106253,-0.497360,19.128000,24.452000,19.128000,20.452000,-0.279706,3.345747,0.784012,-1.228110,-0.730750,0.654253,0.180000,-0.382115,0,0
1789801523.580568,3,18.848294,21.106253,-0.497360,19.128000,24.452000,19.128000,20.452000,-0.279706,3.345747,0.784012,-1.228110,-0.730750,0.654253,0.180000,-0.379332,0,0
1789801523.680636,3,18.848294,21.106253,-0.497360,19.128000,24.452000,19.128000,20.452000,-0.279706,3.345747,0.784012,-1.228110,-0.730750,0.654253,0.180000,-0.376993,0,0
1789801523.780661,3,18.848294,21.106253,-0.497360,19.128000,24.452000,19.128000,20.452000,-0.279706,3.345747,0.784012,-1.228110,-0.730750,0.654253,0.180000,-0.375031,0,0
1789801523.880676,3,18.848294,21.106253,-0.497360,19.128000,24.452000,19.128000,20.452000,-0.279706,3.345747,0.784012,-1.228110,-0.730750,0.654253,0.180000,-0.373389,0,0
1789801523.980704,3,18.848294,21.106253,-0.497360,19.128000,24.452000,19.128000,20.452000,-0.279706,3.345747,0.784012,-1.228110,-0.730750,0.654253,0.180000,-0.372018,0,0
1789801524.080694,3,18.848294,21.106253,-0.497360,19.128000,24.452000,19.128000,20.452000,-0.279706,3.345747,0.784012,-1.228110,-0.730750,0.654253,0.180000,-0.370874,0,0
1789801524.180717,3,18.848294,21.106253,-0.497360,19.128000,24.452000,19.128000,20.452000,-0.279706,3.345747,0.784012,-1.228110,-0.730750,0.654253,0.180000,-0.369922,0,0
1789801524.280674,3,18.848294,21.106253,-0.497360,19.128000,24.452000,19.128000,20.452000,-0.279706,3.345747,0.784012,-1.228110,-0.730750,0.654253,0.180000,-0.369131,0,0
1789801524.380723,3,18.848294,21.106253,-0.497360,19.128000,24.452000,19.128000,20.452000,-0.279706,3.345747,0.784012,-1.228110,-0.730750,0.654253,0.180000,-0.368475,0,0
1789801524.480840,3,18.848294,21.106253,-0.497360,19.128000,24.452000,19.128000,20.452000,-0.279706,3.345747,0.784012,-1.228110,-0.730750,0.654253,0.180000,-0.367931,0,0
1789801524.580755,3,18.848294,21.106253,-0.497360,19.128000,24.452000,19.128000,20.452000,-0.279706,3.345747,0.784012,-1.228110,-0.730750,0.654253,0.180000,-0.367480,0,0
1789801524.680720,3,18.848294,21.106253,-0.497360,19.128000,24.452000,19.128000,20.452000,-0.279706,3.345747,0.784012,-1.228110,-0.730750,0.654253,0.180000,-0.367108,0,0
1789801524.780838,3,18.848294,21.106253,-0.497360,19.128000,24.452000,19.128000,20.452000,-0.279706,3.345747,0.784012,-1.228110,-0.730750,0.654253,0.180000,-0.366800,0,0
1789801524.880865,3,18.848294,21.106253,-0.497360,19.128000,24.452000,19.128000,20.452000,-0.279706,3.345747,0.784012,-1.228110,-0.730750,0.654253,0.180000,-0.366546,0,0
1789801524.980831,3,18.848294,21.106253,-0.497360,19.128000,24.452000,19.128000,20.452000,-0.279706,3.345747,0.784012,-1.228110,-0.730750,0.654253,0.180000,-0.366337,0,0
1789801525.080844,3,18.848294,21.106253,-0.497360,19.128000,24.452000,19.128000,20.452000,-0.279706,3.345747,0.784012,-1.228110,-0.730750,0.654253,0.180000,-0.366164,0,0
1789801525.180868,3,18.848294,21.106253,-0.497360,19.128000,24.452000,19.128000,20.452000,-0.279706,3.345747,0.784012,-1.228110,-0.730750,0.654253,0.180000,-0.366022,0,0
1789801525.280885,3,18.848294,21.106253,-0.497360,19.128000,24.452000,19.128000,20.452000,-0.279706,3.345747,0.784012,-1.228110,-0.730750,0.654253,0.180000,-0.365905,0,0
1789801525.381016,3,18.848294,21.106253,-0.497360,19.128000,24.452000,19.128000,20.452000,-0.279706,3.345747,0.784012,-1.228110,-0.730750,0.654253,0.180000,-0.365810,0,0
1789801525.481029,3,18.848294,21.106253,-0.497360,19.128000,24.452000,19.128000,20.452000,-0.279706,3.345747,0.784012,-1.228110,-0.730750,0.654253,0.180000,-0.365731,0,0
1789801525.581078,3,18.848294,21.106253,-0.497360,19.128000,24.452000,19.128000,20.452000,-0.279706,3.345747,0.784012,-1.228110,-0.730750,0.654253,0.180000,-0.365666,0,0
1789801525.680870,3,18.848294,21.106253,-0.497360,19.128000,24.452000,19.128000,20.452000,-0.279706,3.345747,0.784012,-1.228110,-0.730750,0.654253,0.180000,-0.365613,0,0
1789801525.780941,3,18.848294,21.106253,-0.497360,19.128000,24.452000,19.128000,20.452000,-0.279706,3.345747,0.784012,-1.228110,-0.730750,0.654253,0.180000,-0.365570,0,0
1789801525.880909,3,18.848294,21.106253,-0.497360,19.128000,24.452000,19.128000,20.452000,-0.279706,3.345747,0.784012,-1.228110,-0.730750,0.654253,0.180000,-0.365534,0,0
1789801525.981086,3,18.848294,21.106253,-0.497360,19.128000,24.452000,19.128000,20.452000,-0.279706,3.345747,0.784012,-1.228110,-0.730750,0.654253,0.180000,-0.365505,0,0
1789801526.080925,3,18.848294,21.106253,-0.497360,19.128000,24.452000,19.128000,20.452000,-0.279706,3.345747,0.784012,-1.228110,-0.730750,0.654253,0.180000,-0.365481,0,0
1789801526.180958,3,18.848294,21.106253,-0.497360,19.128000,24.452000,19.128000,20.452000,-0.279706,3.345747,0.784012,-1.228110,-0.730750,0.654253,0.180000,-0.365461,0,0
1789801526.280963,3,18.848294,21.106253,-0.497360,19.128000,24.452000,19.128000,20.452000,-0.279706,3.345747,0.784012,-1.228110,-0.730750,0.654253,0.180000,-0.365445,0,0
1789801526.381001,3,18.848294,21.106253,-0.497360,19.128000,24.452000,19.128000,20.452000,-0.279706,3.345747,0.784012,-1.228110,-0.730750,0.654253,0.180000,-0.365432,0,0
1789801526.481051,3,18.848294,21.106253,-0.497360,19.128000,24.452000,19.128000,20.452000,-0.279706,3.345747,0.784012,-1.228110,-0.730750,0.654253,0.180000,-0.365422,0,0
1789801526.581048,3,18.848294,21.106253,-0.497360,19.128000,24.452000,19.128000,20.452000,-0.279706,3.345747,0.784012,-1.228110,-0.730750,0.654253,0.180000,-0.365413,0,0
1789801526.681008,3,18.848294,21.106253,-0.497360,19.128000,24.452000,19.128000,20.452000,-0.279706,3.345747,0.784012,-1.228110,-0.730750,0.654253,0.180000,-0.365406,0,0
1789801526.781029,3,18.848294,21.106253,-0.497360,19.128000,24.452000,19.128000,20.452000,-0.279706,3.345747,0.784012,-1.228110,-0.730750,0.654253,0.180000,-0.365400,0,0
1789801526.881235,3,18.848294,21.106253,-0.497360,19.128000,24.452000,19.128000,20.452000,-0.279706,3.345747,0.784012,-1.228110,-0.730750,0.654253,0.180000,-0.365396,0,0
1789801526.981210,3,18.848294,21.106253,-0.497360,19.128000,24.452000,19.128000,20.452000,-0.279706,3.345747,0.784012,-1.228110,-0.730750,0.654253,0.180000,-0.365392,0,0
1789801527.081364,3,18.848294,21.106253,-0.497360,19.128000,24.452000,19.128000,20.452000,-0.279706,3.345747,0.784012,-1.228110,-0.730750,0.654253,0.180000,-0.365389,0,0
1789801527.181171,3,18.848294,21.106253,-0.497360,19.128000,24.452000,19.128000,20.452000,-0.279706,3.345747,0.784012,-1.228110,-0.730750,0.654253,0.180000,-0.365386,0,0
1789801527.281076,3,18.848294,21.106253,-0.497360,19.128000,24.452000,19.128000,20.452000,-0.279706,3.345747,0.784012,-1.228110,-0.730750,0.654253,0.180000,-0.365384,0,0
1789801527.381171,3,18.848294,21.106253,-0.497360,19.128000,24.452000,19.128000,20.452000,-0.279706,3.345747,0.784012,-1.228110,-0.730750,0.654253,0.180000,-0.365382,0,0
1789801527.481150,3,18.848294,21.106253,-0.497360,19.128000,24.452000,19.128000,20.452000,-0.279706,3.345747,0.784012,-1.228110,-0.730750,0.654253,0.180000,-0.365381,0,0
1789801527.581179,3,18.848294,21.106253,-0.497360,19.128000,24.452000,19.128000,20.452000,-0.279706,3.345747,0.784012,-1.228110,-0.730750,0.654253,0.180000,-0.365380,0,0
1789801527.681195,3,18.848294,21.106253,-0.497360,19.128000,24.452000,19.128000,20.452000,-0.279706,3.345747,0.784012,-1.228110,-0.730750,0.654253,0.180000,-0.365379,0,0
1789801527.781235,3,18.744505,21.149004,-0.502783,19.128000,24.452000,19.128000,20.452000,-0.383495,3.302996,0.770652,-1.109051,-0.606268,0.697004,0.300000,-0.318076,0,0
1789801527.881233,3,18.744505,21.149004,-0.502783,19.128000,24.452000,19.128000,20.452000,-0.383495,3.302996,0.770652,-1.109051,-0.606268,0.697004,0.300000,-0.287205,0,0
1789801527.981313,3,18.744505,21.149004,-0.502783,19.128000,24.452000,19.128000,20.452000,-0.383495,3.302996,0.770652,-1.109051,-0.606268,0.697004,0.300000,-0.268084,0,0
1789801528.081282,3,18.744505,21.149004,-0.502783,19.128000,24.452000,19.128000,20.452000,-0.383495,3.302996,0.770652,-1.109051,-0.606268,0.697004,0.300000,-0.257249,0,0
1789801528.181259,3,18.744505,21.149004,-0.502783,19.128000,24.452000,19.128000,20.452000,-0.383495,3.302996,0.770652,-1.109051,-0.606268,0.697004,0.300000,-0.252150,0,0
1789801528.281261,3,18.744505,21.149004,-0.502783,19.128000,24.452000,19.128000,20.452000,-0.383495,3.302996,0.770652,-1.109051,-0.606268,0.697004,0.300000,-0.250926,0,0
1789801528.381318,3,18.744505,21.149004,-0.502783,19.128000,24.452000,19.128000,20.452000,-0.383495,3.302996,0.770652,-1.109051,-0.606268,0.697004,0.300000,-0.252231,0,0
1789801528.481428,3,18.744505,21.149004,-0.502783,19.128000,24.452000,19.128000,20.452000,-0.383495,3.302996,0.770652,-1.109051,-0.606268,0.697004,0.300000,-0.255102,0,0
1789801528.581355,3,18.744505,21.149004,-0.502783,19.128000,24.452000,19.128000,20.452000,-0.383495,3.302996,0.770652,-1.109051,-0.606268,0.697004,0.300000,-0.258861,0,0
1789801528.681368,3,18.744505,21.149004,-0.502783,19.128000,24.452000,19.128000,20.452000,-0.383495,3.302996,0.770652,-1.109051,-0.606268,0.697004,0.300000,-0.263038,0,0
1789801528.781415,3,18.744505,21.149004,-0.502783,19.128000,24.452000,19.128000,20.452000,-0.383495,3.302996,0.770652,-1.109051,-0.606268,0.697004,0.300000,-0.267315,0,0
1789801528.881411,3,18.744505,21.149004,-0.502783,19.128000,24.452000,19.128000,20.452000,-0.383495,3.302996,0.770652,-1.109051,-0.606268,0.697004,0.300000,-0.271485,0,0
1789801528.981399,3,18.744505,21.149004,-0.502783,19.128000,24.452000,19.128000,20.452000,-0.383495,3.302996,0.770652,-1.109051,-0.606268,0.697004,0.300000,-0.275419,0,0
1789801529.081420,3,18.744505,21.149004,-0.502783,19.128000,24.452000,19.128000,20.452000,-0.383495,3.302996,0.770652,-1.109051,-0.606268,0.697004,0.300000,-0.279046,0,0
1789801529.181478,3,18.744505,21.149004,-0.502783,19.128000,24.452000,19.128000,20.452000,-0.383495,3.302996,0.770652,-1.109051,-0.606268,0.697004,0.300000,-0.282331,0,0
1789801529.281297,3,18.744505,21.149004,-0.502783,19.128000,24.452000,19.128000,20.452000,-0.383495,3.302996,0.770652,-1.109051,-0.606268,0.697004,0.300000,-0.285265,0,0
1789801529.381402,3,18.712786,21.180453,-0.373701,19.128000,24.452000,19.128000,20.452000,-0.415214,3.271547,0.765895,-1.074016,-0.700315,0.728453,0.180000,-0.323575,0,0
1789801529.481415,3,18.712786,21.180453,-0.373701,19.128000,24.452000,19.128000,20.452000,-0.415214,3.271547,0.765895,-1.074016,-0.700315,0.728453,0.180000,-0.349156,0,0
1789801529.581410,3,18.712786,21.180453,-0.373701,19.128000,24.452000,19.128000,20.452000,-0.415214,3.271547,0.765895,-1.074016,-0.700315,0.728453,0.180000,-0.365568,0,0
1789801529.681465,3,18.712786,21.180453,-0.373701,19.128000,24.452000,19.128000,20.452000,-0.415214,3.271547,0.765895,-1.074016,-0.700315,0.728453,0.180000,-0.375455,0,0
1789801529.781400,3,18.712786,21.180453,-0.373701,19.128000,24.452000,19.128000,20.452000,-0.415214,3.271547,0.765895,-1.074016,-0.700315,0.728453,0.180000,-0.380771,0,0
1789801529.881466,3,18.712786,21.180453,-0.373701,19.128000,24.452000,19.128000,20.452000,-0.415214,3.271547,0.765895,-1.074016,-0.700315,0.728453,0.180000,-0.382949,0,0
1789801529.981512,3,18.712786,21.180453,-0.373701,19.128000,24.452000,19.128000,20.452000,-0.415214,3.271547,0.765895,-1.074016,-0.700315,0.728453,0.180000,-0.383031,0,0
1789801530.081528,3,18.712786,21.180453,-0.373701,19.128000,24.452000,19.128000,20.452000,-0.415214,3.271547,0.765895,-1.074016,-0.700315,0.728453,0.180000,-0.381769,0,0
1789801530.181486,3,18.712786,21.180453,-0.373701,19.128000,24.452000,19.128000,20.452000,-0.415214,3.271547,0.765895,-1.074016,-0.700315,0.728453,0.180000,-0.379696,0,0
1789801530.281489,3,18.712786,21.180453,-0.373701,19.128000,24.452000,19.128000,20.452000,-0.415214,3.271547,0.765895,-1.074016,-0.700315,0.728453,0.180000,-0.377189,0,0
1789801530.381561,3,18.712786,21.180453,-0.373701,19.128000,24.452000,19.128000,20.452000,-0.415214,3.271547,0.765895,-1.074016,-0.700315,0.728453,0.180000,-0.374502,0,0
1789801530.481628,3,18.712786,21.180453,-0.373701,19.128000,24.452000,19.128000,20.452000,-0.415214,3.271547,0.765895,-1.074016,-0.700315,0.728453,0.180000,-0.371809,0,0
1789801530.582093,3,18.712786,21.180453,-0.373701,19.128000,24.452000,19.128000,20.452000,-0.415214,3.271547,0.765895,-1.074016,-0.700315,0.728453,0.180000,-0.369220,0,0
1789801530.681524,3,18.712786,21.180453,-0.373701,19.128000,24.452000,19.128000,20.452000,-0.415214,3.271547,0.765895,-1.074016,-0.700315,0.728453,0.180000,-0.366800,0,0
1789801530.781728,3,18.712786,21.180453,-0.373701,19.128000,24.452000,19.128000,20.452000,-0.415214,3.271547,0.765895,-1.074016,-0.700315,0.728453,0.180000,-0.364585,0,0
1789801530.881660,3,18.712786,21.180453,-0.373701,19.128000,24.452000,19.128000,20.452000,-0.415214,3.271547,0.765895,-1.074016,-0.700315,0.728453,0.180000,-0.362591,0,0
1789801530.981600,3,18.712786,21.180453,-0.373701,19.128000,24.452000,19.128000,20.452000,-0.415214,3.271547,0.765895,-1.074016,-0.700315,0.728453,0.180000,-0.360818,0,0
1789801531.081676,3,18.712786,21.180453,-0.373701,19.128000,24.452000,19.128000,20.452000,-0.415214,3.271547,0.765895,-1.074016,-0.700315,0.728453,0.180000,-0.359256,0,0
1789801531.181663,3,18.712786,21.180453,-0.373701,19.128000,24.452000,19.128000,20.452000,-0.415214,3.271547,0.765895,-1.074016,-0.700315,0.728453,0.180000,-0.357893,0,0
1789801531.281615,3,18.712786,21.180453,-0.373701,19.128000,24.452000,19.128000,20.452000,-0.415214,3.271547,0.765895,-1.074016,-0.700315,0.728453,0.180000,-0.356711,0,0
1789801531.381617,3,18.712786,21.180453,-0.373701,19.128000,24.452000,19.128000,20.452000,-0.415214,3.271547,0.765895,-1.074016,-0.700315,0.728453,0.180000,-0.355692,0,0
1789801531.481682,3,18.608962,21.199207,-0.315600,19.128000,24.452000,19.128000,20.452000,-0.519038,3.252793,0.748440,-0.964451,-0.648851,0.747207,0.300000,-0.335272,0,0
1789801531.582572,3,18.608962,21.199207,-0.315600,19.128000,24.452000,19.128000,20.452000,-0.519038,3.252793,0.748440,-0.964451,-0.648851,0.747207,0.300000,-0.321770,0,0
1789801531.681592,3,18.608962,21.199207,-0.315600,19.128000,24.452000,19.128000,20.452000,-0.519038,3.252793,0.748440,-0.964451,-0.648851,0.747207,0.300000,-0.313234,0,0
1789801531.781790,3,18.608962,21.199207,-0.315600,19.128000,24.452000,19.128000,20.452000,-0.519038,3.252793,0.748440,-0.964451,-0.648851,0.747207,0.300000,-0.308219,0,0
1789801531.881728,3,18.608962,21.199207,-0.315600,19.128000,24.452000,19.128000,20.452000,-0.519038,3.252793,0.748440,-0.964451,-0.648851,0.747207,0.300000,-0.305658,0,0
1789801531.981715,3,18.473380,21.234745,-0.384173,19.128000,24.452000,19.128000,20.452000,-0.654620,3.217255,0.722252,-0.834479,-0.450306,0.782745,0.300000,-0.229326,0,0
1789801532.081722,3,18.473380,21.234745,-0.384173,19.128000,24.452000,19.128000,20.452000,-0.654620,3.217255,0.722252,-0.834479,-0.450306,0.782745,0.300000,-0.180306,0,0
1789801532.181809,3,18.473380,21.234745,-0.384173,19.128000,24.452000,19.128000,20.452000,-0.654620,3.217255,0.722252,-0.834479,-0.450306,0.782745,0.300000,-0.150728,0,0
1789801532.281693,3,18.473380,21.234745,-0.384173,19.128000,24.452000,19.128000,20.452000,-0.654620,3.217255,0.722252,-0.834479,-0.450306,0.782745,0.300000,-0.134774,0,0
1789801532.381776,3,18.473380,21.234745,-0.384173,19.128000,24.452000,19.128000,20.452000,-0.654620,3.217255,0.722252,-0.834479,-0.450306,0.782745,0.300000,-0.128179,0,0
1789801532.481839,3,18.391283,21.277785,-0.290600,19.128000,24.452000,19.128000,20.452000,-0.736717,3.174215,0.705174,-0.763525,-0.472925,0.825785,0.300000,-0.136428,0,0
1789801532.581762,3,18.391283,21.277785,-0.290600,19.128000,24.452000,19.128000,20.452000,-0.736717,3.174215,0.705174,-0.763525,-0.472925,0.825785,0.300000,-0.145709,0,0
1789801532.681684,3,18.391283,21.277785,-0.290600,19.128000,24.452000,19.128000,20.452000,-0.736717,3.174215,0.705174,-0.763525,-0.472925,0.825785,0.300000,-0.155279,0,0
1789801532.781803,3,18.391283,21.277785,-0.290600,19.128000,24.452000,19.128000,20.452000,-0.736717,3.174215,0.705174,-0.763525,-0.472925,0.825785,0.300000,-0.164651,0,0
1789801532.882049,3,18.375769,21.286985,-0.202842,19.128000,24.452000,19.128000,20.452000,-0.752231,3.165015,0.701883,-0.750787,-0.547945,0.834985,0.300000,-0.201989,0,0
1789801532.981854,3,18.375769,21.286985,-0.202842,19.128000,24.452000,19.128000,20.452000,-0.752231,3.165015,0.701883,-0.750787,-0.547945,0.834985,0.300000,-0.228765,0,0
1789801533.081869,3,18.375769,21.286985,-0.202842,19.128000,24.452000,19.128000,20.452000,-0.752231,3.165015,0.701883,-0.750787,-0.547945,0.834985,0.300000,-0.247710,0,0
1789801533.181892,3,18.375769,21.286985,-0.202842,19.128000,24.452000,19.128000,20.452000,-0.752231,3.165015,0.701883,-0.750787,-0.547945,0.834985,0.300000,-0.260885,0,0
1789801533.282166,3,18.375769,21.286985,-0.202842,19.128000,24.452000,19.128000,20.452000,-0.752231,3.165015,0.701883,-0.750787,-0.547945,0.834985,0.300000,-0.269840,0,0
1789801533.381945,3,18.375769,21.286985,-0.202842,19.128000,24.452000,19.128000,20.452000,-0.752231,3.165015,0.701883,-0.750787,-0.547945,0.834985,0.300000,-0.275737,0,0
1789801533.482563,3,18.375769,21.286985,-0.202842,19.128000,24.452000,19.128000,20.452000,-0.752231,3.165015,0.701883,-0.750787,-0.547945,0.834985,0.300000,-0.279441,0,0
1789801533.581911,3,18.418178,21.276084,-0.099998,19.128000,24.452000,19.128000,20.452000,-0.709822,3.175916,0.710838,-0.786113,-0.686116,0.824084,0.300000,-0.334090,0,0
1789801533.682143,3,18.418178,21.276084,-0.099998,19.128000,24.452000,19.128000,20.452000,-0.709822,3.175916,0.710838,-0.786113,-0.686116,0.824084,0.300000,-0.369425,0,0
1789801533.782048,3,18.418178,21.276084,-0.099998,19.128000,24.452000,19.128000,20.452000,-0.709822,3.175916,0.710838,-0.786113,-0.686116,0.824084,0.300000,-0.390984,0,0
1789801533.881962,3,18.418178,21.276084,-0.099998,19.128000,24.452000,19.128000,20.452000,-0.709822,3.175916,0.710838,-0.786113,-0.686116,0.824084,0.300000,-0.402865,0,0
1789801533.982063,3,18.418178,21.276084,-0.099998,19.128000,24.452000,19.128000,20.452000,-0.709822,3.175916,0.710838,-0.786113,-0.686116,0.824084,0.300000,-0.408076,0,0
1789801534.082057,3,18.418178,21.276084,-0.099998,19.128000,24.452000,19.128000,20.452000,-0.709822,3.175916,0.710838,-0.786113,-0.686116,0.824084,0.300000,-0.408811,0,0
1789801534.182035,3,18.418178,21.276084,-0.099998,19.128000,24.452000,19.128000,20.452000,-0.709822,3.175916,0.710838,-0.786113,-0.686116,0.824084,0.300000,-0.406651,0,0
1789801534.282044,3,18.418178,21.276084,-0.099998,19.128000,24.452000,19.128000,20.452000,-0.709822,3.175916,0.710838,-0.786113,-0.686116,0.824084,0.300000,-0.402725,0,0
1789801534.382123,3,18.418178,21.276084,-0.099998,19.128000,24.452000,19.128000,20.452000,-0.709822,3.175916,0.710838,-0.786113,-0.686116,0.824084,0.300000,-0.397826,0,0
1789801534.482271,3,18.418178,21.276084,-0.099998,19.128000,24.452000,19.128000,20.452000,-0.709822,3.175916,0.710838,-0.786113,-0.686116,0.824084,0.300000,-0.392499,0,0
1789801534.582160,3,18.418178,21.276084,-0.099998,19.128000,24.452000,19.128000,20.452000,-0.709822,3.175916,0.710838,-0.786113,-0.686116,0.824084,0.300000,-0.387113,0,0
1789801534.681974,3,18.418178,21.276084,-0.099998,19.128000,24.452000,19.128000,20.452000,-0.709822,3.175916,0.710838,-0.786113,-0.686116,0.824084,0.300000,-0.381903,0,0
1789801534.782164,3,18.418178,21.276084,-0.099998,19.128000,24.452000,19.128000,20.452000,-0.709822,3.175916,0.710838,-0.786113,-0.686116,0.824084,0.300000,-0.377015,0,0
1789801534.882122,3,18.418178,21.276084,-0.099998,19.128000,24.452000,19.128000,20.452000,-0.709822,3.175916,0.710838,-0.786113,-0.686116,0.824084,0.300000,-0.372529,0,0
1789801534.982187,3,18.418178,21.276084,-0.099998,19.128000,24.452000,19.128000,20.452000,-0.709822,3.175916,0.710838,-0.786113,-0.686116,0.824084,0.300000,-0.368478,0,0
1789801535.082162,3,18.418178,21.276084,-0.099998,19.128000,24.452000,19.128000,20.452000,-0.709822,3.175916,0.710838,-0.786113,-0.686116,0.824084,0.300000,-0.364869,0,0
1789801535.182713,3,18.418178,21.276084,-0.099998,19.128000,24.452000,19.128000,20.452000,-0.709822,3.175916,0.710838,-0.786113,-0.686116,0.824084,0.300000,-0.361687,0,0
1789801535.282091,3,18.418178,21.276084,-0.099998,19.128000,24.452000,19.128000,20.452000,-0.709822,3.175916,0.710838,-0.786113,-0.686116,0.824084,0.300000,-0.358905,0,0
1789801535.382301,3,18.418178,21.276084,-0.099998,19.128000,24.452000,19.128000,20.452000,-0.709822,3.175916,0.710838,-0.786113,-0.686116,0.824084,0.300000,-0.356491,0,0
1789801535.482457,3,18.418178,21.276084,-0.099998,19.128000,24.452000,19.128000,20.452000,-0.709822,3.175916,0.710838,-0.786113,-0.686116,0.824084,0.300000,-0.354409,0,0
1789801535.582292,3,18.302473,21.290264,-0.110909,19.128000,24.452000,19.128000,20.452000,-0.825527,3.161736,0.686184,-0.693482,-0.582574,0.838264,0.300000,-0.313230,0,0
1789801535.682366,3,18.302473,21.290264,-0.110909,19.128000,24.452000,19.128000,20.452000,-0.825527,3.161736,0.686184,-0.693482,-0.582574,0.838264,0.300000,-0.285998,0,0
1789801535.782211,3,18.302473,21.290264,-0.110909,19.128000,24.452000,19.128000,20.452000,-0.825527,3.161736,0.686184,-0.693482,-0.582574,0.838264,0.300000,-0.268781,0,0
1789801535.882302,3,18.302473,21.290264,-0.110909,19.128000,24.452000,19.128000,20.452000,-0.825527,3.161736,0.686184,-0.693482,-0.582574,0.838264,0.300000,-0.258662,0,0
1789801535.982229,3,18.200013,21.307984,-0.155516,19.128000,24.452000,19.128000,20.452000,-0.927987,3.144016,0.664181,-0.621200,-0.465685,0.855984,0.300000,-0.209059,0,0
1789801536.082203,3,18.200013,21.307984,-0.155516,19.128000,24.452000,19.128000,20.452000,-0.927987,3.144016,0.664181,-0.621200,-0.465685,0.855984,0.300000,-0.178265,0,0
1789801536.182240,3,18.200013,21.307984,-0.155516,19.128000,24.452000,19.128000,20.452000,-0.927987,3.144016,0.664181,-0.621200,-0.465685,0.855984,0.300000,-0.160739,0,0
1789801536.282299,3,18.200013,21.307984,-0.155516,19.128000,24.452000,19.128000,20.452000,-0.927987,3.144016,0.664181,-0.621200,-0.465685,0.855984,0.300000,-0.152407,0,0
1789801536.382244,3,18.200013,21.307984,-0.155516,19.128000,24.452000,19.128000,20.452000,-0.927987,3.144016,0.664181,-0.621200,-0.465685,0.855984,0.300000,-0.150292,0,0
1789801536.482296,3,18.080815,21.328134,-0.121102,19.128000,24.452000,19.128000,20.452000,-1.047185,3.123866,0.639235,-0.548055,-0.426952,0.876134,0.300000,-0.137525,0,0
1789801536.582628,3,18.080815,21.328134,-0.121102,19.128000,24.452000,19.128000,20.452000,-1.047185,3.123866,0.639235,-0.548055,-0.426952,0.876134,0.300000,-0.132392,0,0
1789801536.682326,3,18.080815,21.328134,-0.121102,19.128000,24.452000,19.128000,20.452000,-1.047185,3.123866,0.639235,-0.548055,-0.426952,0.876134,0.300000,-0.132350,0,0
1789801536.782570,3,18.080815,21.328134,-0.121102,19.128000,24.452000,19.128000,20.452000,-1.047185,3.123866,0.639235,-0.548055,-0.426952,0.876134,0.300000,-0.135569,0,0
1789801536.882392,3,18.080815,21.328134,-0.121102,19.128000,24.452000,19.128000,20.452000,-1.047185,3.123866,0.639235,-0.548055,-0.426952,0.876134,0.300000,-0.140745,0,0
1789801536.982491,3,18.080815,21.328134,-0.121102,19.128000,24.452000,19.128000,20.452000,-1.047185,3.123866,0.639235,-0.548055,-0.426952,0.876134,0.300000,-0.146967,0,0
1789801537.082506,3,18.080815,21.328134,-0.121102,19.128000,24.452000,19.128000,20.452000,-1.047185,3.123866,0.639235,-0.548055,-0.426952,0.876134,0.300000,-0.153609,0,0
1789801537.182301,3,18.080815,21.328134,-0.121102,19.128000,24.452000,19.128000,20.452000,-1.047185,3.123866,0.639235,-0.548055,-0.426952,0.876134,0.300000,-0.160255,0,0
1789801537.282281,3,18.080815,21.328134,-0.121102,19.128000,24.452000,19.128000,20.452000,-1.047185,3.123866,0.639235,-0.548055,-0.426952,0.876134,0.300000,-0.166637,0,0
1789801537.382300,3,18.084991,21.323760,-0.024167,19.128000,24.452000,19.128000,20.452000,-1.043009,3.128240,0.640088,-0.550428,-0.526260,0.871760,0.300000,-0.210331,0,0
1789801537.482497,3,18.084991,21.323760,-0.024167,19.128000,24.452000,19.128000,20.452000,-1.043009,3.128240,0.640088,-0.550428,-0.526260,0.871760,0.300000,-0.240407,0,0
1789801537.582501,3,18.084991,21.323760,-0.024167,19.128000,24.452000,19.128000,20.452000,-1.043009,3.128240,0.640088,-0.550428,-0.526260,0.871760,0.300000,-0.260564,0,0
1789801537.682413,3,18.084991,21.323760,-0.024167,19.128000,24.452000,19.128000,20.452000,-1.043009,3.128240,0.640088,-0.550428,-0.526260,0.871760,0.300000,-0.273568,0,0
1789801537.782422,3,18.084991,21.323760,-0.024167,19.128000,24.452000,19.128000,20.452000,-1.043009,3.128240,0.640088,-0.550428,-0.526260,0.871760,0.300000,-0.281472,0,0
1789801537.882379,3,18.084991,21.323760,-0.024167,19.128000,24.452000,19.128000,20.452000,-1.043009,3.128240,0.640088,-0.550428,-0.526260,0.871760,0.300000,-0.285798,0,0
1789801537.982563,3,18.084991,21.323760,-0.024167,19.128000,24.452000,19.128000,20.452000,-1.043009,3.128240,0.640088,-0.550428,-0.526260,0.871760,0.300000,-0.287659,0,0
1789801538.083010,3,18.084991,21.323760,-0.024167,19.128000,24.452000,19.128000,20.452000,-1.043009,3.128240,0.640088,-0.550428,-0.526260,0.871760,0.300000,-0.287869,0,0
1789801538.182633,3,18.084991,21.323760,-0.024167,19.128000,24.452000,19.128000,20.452000,-1.043009,3.128240,0.640088,-0.550428,-0.526260,0.871760,0.300000,-0.287014,0,0
1789801538.282394,3,18.084991,21.323760,-0.024167,19.128000,24.452000,19.128000,20.452000,-1.043009,3.128240,0.640088,-0.550428,-0.526260,0.871760,0.300000,-0.285512,0,0
1789801538.382584,3,18.084991,21.323760,-0.024167,19.128000,24.452000,19.128000,20.452000,-1.043009,3.128240,0.640088,-0.550428,-0.526260,0.871760,0.300000,-0.283655,0,0
1789801538.482476,3,18.084991,21.323760,-0.024167,19.128000,24.452000,19.128000,20.452000,-1.043009,3.128240,0.640088,-0.550428,-0.526260,0.871760,0.300000,-0.281645,0,0
1789801538.582629,3,18.084991,21.323760,-0.024167,19.128000,24.452000,19.128000,20.452000,-1.043009,3.128240,0.640088,-0.550428,-0.526260,0.871760,0.300000,-0.279619,0,0
1789801538.682521,3,18.084991,21.323760,-0.024167,19.128000,24.452000,19.128000,20.452000,-1.043009,3.128240,0.640088,-0.550428,-0.526260,0.871760,0.300000,-0.277662,0,0
1789801538.782615,3,18.084991,21.323760,-0.024167,19.128000,24.452000,19.128000,20.452000,-1.043009,3.128240,0.640088,-0.550428,-0.526260,0.871760,0.300000,-0.275829,0,0
1789801538.882480,3,18.084991,21.323760,-0.024167,19.128000,24.452000,19.128000,20.452000,-1.043009,3.128240,0.640088,-0.550428,-0.526260,0.871760,0.300000,-0.274147,0,0
1789801538.982682,3,18.084991,21.323760,-0.024167,19.128000,24.452000,19.128000,20.452000,-1.043009,3.128240,0.640088,-0.550428,-0.526260,0.871760,0.300000,-0.272631,0,0
1789801539.082724,3,18.084991,21.323760,-0.024167,19.128000,24.452000,19.128000,20.452000,-1.043009,3.128240,0.640088,-0.550428,-0.526260,0.871760,0.300000,-0.271280,0,0
1789801539.182575,3,18.084991,21.323760,-0.024167,19.128000,24.452000,19.128000,20.452000,-1.043009,3.128240,0.640088,-0.550428,-0.526260,0.871760,0.300000,-0.270089,0,0
1789801539.282475,3,18.084991,21.323760,-0.024167,19.128000,24.452000,19.128000,20.452000,-1.043009,3.128240,0.640088,-0.550428,-0.526260,0.871760,0.300000,-0.269049,0,0
1789801539.382800,3,18.084991,21.323760,-0.024167,19.128000,24.452000,19.128000,20.452000,-1.043009,3.128240,0.640088,-0.550428,-0.526260,0.871760,0.300000,-0.268147,0,0
1789801539.482605,3,17.978913,21.328891,-0.078064,19.128000,24.452000,19.128000,20.452000,-1.149087,3.123109,0.619045,-0.494148,-0.416084,0.876891,0.300000,-0.225446,0,0
1789801539.582593,3,17.978913,21.328891,-0.078064,19.128000,24.452000,19.128000,20.452000,-1.149087,3.123109,0.619045,-0.494148,-0.416084,0.876891,0.000000,0.000000,1,0
1789801539.682477,3,17.978913,21.328891,-0.078064,19.128000,24.452000,19.128000,20.452000,-1.149087,3.123109,0.619045,-0.494148,-0.416084,0.876891,0.000000,0.000000,1,0
1789801539.782645,3,17.978913,21.328891,-0.078064,19.128000,24.452000,19.128000,20.452000,-1.149087,3.123109,0.619045,-0.494148,-0.416084,0.876891,0.000000,0.000000,1,0
1789801539.882700,3,17.978913,21.328891,-0.078064,19.128000,24.452000,19.128000,20.452000,-1.149087,3.123109,0.619045,-0.494148,-0.416084,0.876891,0.000000,0.000000,1,0
1789801539.982746,3,17.978913,21.328891,-0.078064,19.128000,24.452000,19.128000,20.452000,-1.149087,3.123109,0.619045,-0.494148,-0.416084,0.876891,0.000000,0.000000,1,0
1789801540.083062,3,17.978913,21.328891,-0.078064,19.128000,24.452000,19.128000,20.452000,-1.149087,3.123109,0.619045,-0.494148,-0.416084,0.876891,0.000000,0.000000,1,0
1789801540.182570,3,17.873254,21.353745,-0.135811,19.128000,24.452000,19.128000,20.452000,-1.254746,3.098255,0.599655,-0.445819,-0.310009,0.901745,0.000000,0.000000,1,0
1789801540.282653,3,17.873254,21.353745,-0.135811,19.128000,24.452000,19.128000,20.452000,-1.254746,3.098255,0.599655,-0.445819,-0.310009,0.901745,0.000000,0.000000,1,0
1789801540.382871,3,17.873254,21.353745,-0.135811,19.128000,24.452000,19.128000,20.452000,-1.254746,3.098255,0.599655,-0.445819,-0.310009,0.901745,0.000000,0.000000,1,0
1789801540.482742,3,17.873254,21.353745,-0.135811,19.128000,24.452000,19.128000,20.452000,-1.254746,3.098255,0.599655,-0.445819,-0.310009,0.901745,0.000000,0.000000,1,0
1789801540.582973,3,17.873254,21.353745,-0.135811,19.128000,24.452000,19.128000,20.452000,-1.254746,3.098255,0.599655,-0.445819,-0.310009,0.901745,0.000000,0.000000,1,0
1789801540.682729,3,17.873254,21.353745,-0.135811,19.128000,24.452000,19.128000,20.452000,-1.254746,3.098255,0.599655,-0.445819,-0.310009,0.901745,0.000000,0.000000,1,0
1789801540.783260,3,17.873254,21.353745,-0.135811,19.128000,24.452000,19.128000,20.452000,-1.254746,3.098255,0.599655,-0.445819,-0.310009,0.901745,0.000000,0.000000,1,0
1789801540.882705,3,17.862364,21.365209,-0.039394,19.128000,24.452000,19.128000,20.452000,-1.265636,3.086791,0.597758,-0.441242,-0.401848,0.913209,0.000000,0.000000,1,0
1789801540.982859,3,17.862364,21.365209,-0.039394,19.128000,24.452000,19.128000,20.452000,-1.265636,3.086791,0.597758,-0.441242,-0.401848,0.913209,0.000000,0.000000,1,0
1789801541.082803,3,17.862364,21.365209,-0.039394,19.128000,24.452000,19.128000,20.452000,-1.265636,3.086791,0.597758,-0.441242,-0.401848,0.913209,0.000000,0.000000,1,0
1789801541.182901,3,17.862364,21.365209,-0.039394,19.128000,24.452000,19.128000,20.452000,-1.265636,3.086791,0.597758,-0.441242,-0.401848,0.913209,0.000000,0.000000,1,0
1789801541.282819,3,17.862364,21.365209,-0.039394,19.128000,24.452000,19.128000,20.452000,-1.265636,3.086791,0.597758,-0.441242,-0.401848,0.913209,0.000000,0.000000,1,0
1789801541.382756,3,17.862364,21.365209,-0.039394,19.128000,24.452000,19.128000,20.452000,-1.265636,3.086791,0.597758,-0.441242,-0.401848,0.913209,0.000000,0.000000,1,0
1789801541.482903,3,17.862364,21.365209,-0.039394,19.128000,24.452000,19.128000,20.452000,-1.265636,3.086791,0.597758,-0.441242,-0.401848,0.913209,0.000000,0.000000,1,0
1789801541.582850,3,17.862364,21.365209,-0.039394,19.128000,24.452000,19.128000,20.452000,-1.265636,3.086791,0.597758,-0.441242,-0.401848,0.913209,0.000000,0.000000,1,0
1789801541.682787,3,17.862364,21.365209,-0.039394,19.128000,24.452000,19.128000,20.452000,-1.265636,3.086791,0.597758,-0.441242,-0.401848,0.913209,0.000000,0.000000,1,0
1789801541.782794,3,17.862364,21.365209,-0.039394,19.128000,24.452000,19.128000,20.452000,-1.265636,3.086791,0.597758,-0.441242,-0.401848,0.913209,0.300000,-0.213549,0,0
1789801541.882830,3,17.862364,21.365209,-0.039394,19.128000,24.452000,19.128000,20.452000,-1.265636,3.086791,0.597758,-0.441242,-0.401848,0.913209,0.300000,-0.212984,0,0
1789801541.982841,3,17.862364,21.365209,-0.039394,19.128000,24.452000,19.128000,20.452000,-1.265636,3.086791,0.597758,-0.441242,-0.401848,0.913209,0.300000,-0.212139,0,0
1789801542.082860,3,17.862364,21.365209,-0.039394,19.128000,24.452000,19.128000,20.452000,-1.265636,3.086791,0.597758,-0.441242,-0.401848,0.913209,0.300000,-0.211150,0,0
1789801542.182891,3,17.862364,21.365209,-0.039394,19.128000,24.452000,19.128000,20.452000,-1.265636,3.086791,0.597758,-0.441242,-0.401848,0.913209,0.300000,-0.210108,0,0
1789801542.282826,3,17.862364,21.365209,-0.039394,19.128000,24.452000,19.128000,20.452000,-1.265636,3.086791,0.597758,-0.441242,-0.401848,0.913209,0.300000,-0.209074,0,0
1789801542.382914,3,17.862364,21.365209,-0.039394,19.128000,24.452000,19.128000,20.452000,-1.265636,3.086791,0.597758,-0.441242,-0.401848,0.913209,0.300000,-0.208086,0,0
1789801542.482922,3,17.862364,21.365209,-0.039394,19.128000,24.452000,19.128000,20.452000,-1.265636,3.086791,0.597758,-0.441242,-0.401848,0.913209,0.300000,-0.207167,0,0
1789801542.583108,3,17.862364,21.365209,-0.039394,19.128000,24.452000,19.128000,20.452000,-1.265636,3.086791,0.597758,-0.441242,-0.401848,0.913209,0.300000,-0.206329,0,0
1789801542.682893,3,17.862364,21.365209,-0.039394,19.128000,24.452000,19.128000,20.452000,-1.265636,3.086791,0.597758,-0.441242,-0.401848,0.913209,0.000000,0.000000,1,0
1789801542.783002,3,17.862364,21.365209,-0.039394,19.128000,24.452000,19.128000,20.452000,-1.265636,3.086791,0.597758,-0.441242,-0.401848,0.913209,0.300000,-0.204909,0,0
1789801542.882927,3,17.862364,21.365209,-0.039394,19.128000,24.452000,19.128000,20.452000,-1.265636,3.086791,0.597758,-0.441242,-0.401848,0.913209,0.300000,-0.204323,0,0
1789801542.982923,3,17.862364,21.365209,-0.039394,19.128000,24.452000,19.128000,20.452000,-1.265636,3.086791,0.597758,-0.441242,-0.401848,0.913209,0.300000,-0.203811,0,0
1789801543.083404,3,17.862364,21.365209,-0.039394,19.128000,24.452000,19.128000,20.452000,-1.265636,3.086791,0.597758,-0.441242,-0.401848,0.913209,0.300000,-0.203368,0,0
1789801543.183259,3,17.862364,21.365209,-0.039394,19.128000,24.452000,19.128000,20.452000,-1.265636,3.086791,0.597758,-0.441242,-0.401848,0.913209,0.300000,-0.202987,0,0
1789801543.282917,3,17.862364,21.365209,-0.039394,19.128000,24.452000,19.128000,20.452000,-1.265636,3.086791,0.597758,-0.441242,-0.401848,0.913209,0.000000,0.000000,1,0
1789801543.384187,3,17.878735,21.314515,-0.096062,19.128000,24.452000,19.128000,20.452000,-1.249265,3.137485,0.600617,-0.448150,-0.352088,0.862515,0.000000,0.000000,1,0
1789801543.482962,3,17.878735,21.314515,-0.096062,19.128000,24.452000,19.128000,20.452000,-1.249265,3.137485,0.600617,-0.448150,-0.352088,0.862515,0.000000,0.000000,1,0
1789801543.583238,3,17.878735,21.314515,-0.096062,19.128000,24.452000,19.128000,20.452000,-1.249265,3.137485,0.600617,-0.448150,-0.352088,0.862515,0.000000,0.000000,1,0
1789801543.682989,3,17.878735,21.314515,-0.096062,19.128000,24.452000,19.128000,20.452000,-1.249265,3.137485,0.600617,-0.448150,-0.352088,0.862515,0.000000,0.000000,1,0
1789801543.783059,3,17.878735,21.314515,-0.096062,19.128000,24.452000,19.128000,20.452000,-1.249265,3.137485,0.600617,-0.448150,-0.352088,0.862515,0.000000,0.000000,1,0
1789801543.883050,3,17.878735,21.314515,-0.096062,19.128000,24.452000,19.128000,20.452000,-1.249265,3.137485,0.600617,-0.448150,-0.352088,0.862515,0.000000,0.000000,1,0
1789801543.983042,3,17.878735,21.314515,-0.096062,19.128000,24.452000,19.128000,20.452000,-1.249265,3.137485,0.600617,-0.448150,-0.352088,0.862515,0.000000,0.000000,1,0
1789801544.083098,3,17.878735,21.314515,-0.096062,19.128000,24.452000,19.128000,20.452000,-1.249265,3.137485,0.600617,-0.448150,-0.352088,0.862515,0.000000,0.000000,1,0
1789801544.183054,3,17.878735,21.314515,-0.096062,19.128000,24.452000,19.128000,20.452000,-1.249265,3.137485,0.600617,-0.448150,-0.352088,0.862515,0.000000,0.000000,1,0
1789801544.283027,3,17.878735,21.314515,-0.096062,19.128000,24.452000,19.128000,20.452000,-1.249265,3.137485,0.600617,-0.448150,-0.352088,0.862515,0.000000,0.000000,1,0
1789801544.383064,3,17.878735,21.314515,-0.096062,19.128000,24.452000,19.128000,20.452000,-1.249265,3.137485,0.600617,-0.448150,-0.352088,0.862515,0.000000,0.000000,1,0
1789801544.483214,3,17.878735,21.314515,-0.096062,19.128000,24.452000,19.128000,20.452000,-1.249265,3.137485,0.600617,-0.448150,-0.352088,0.862515,0.000000,0.000000,1,0
1789801544.583087,3,17.878735,21.314515,-0.096062,19.128000,24.452000,19.128000,20.452000,-1.249265,3.137485,0.600617,-0.448150,-0.352088,0.862515,0.000000,0.000000,1,0
1789801544.683136,3,17.878735,21.314515,-0.096062,19.128000,24.452000,19.128000,20.452000,-1.249265,3.137485,0.600617,-0.448150,-0.352088,0.862515,0.000000,0.000000,1,0
1789801544.783123,3,17.878735,21.314515,-0.096062,19.128000,24.452000,19.128000,20.452000,-1.249265,3.137485,0.600617,-0.448150,-0.352088,0.862515,0.000000,0.000000,1,0
1789801544.883143,3,17.878735,21.314515,-0.096062,19.128000,24.452000,19.128000,20.452000,-1.249265,3.137485,0.600617,-0.448150,-0.352088,0.862515,0.000000,0.000000,1,0
1789801544.983236,3,17.878735,21.314515,-0.096062,19.128000,24.452000,19.128000,20.452000,-1.249265,3.137485,0.600617,-0.448150,-0.352088,0.862515,0.000000,0.000000,1,0
1789801545.083296,3,17.878735,21.314515,-0.096062,19.128000,24.452000,19.128000,20.452000,-1.249265,3.137485,0.600617,-0.448150,-0.352088,0.862515,0.000000,0.000000,1,0
1789801545.183130,3,17.878735,21.314515,-0.096062,19.128000,24.452000,19.128000,20.452000,-1.249265,3.137485,0.600617,-0.448150,-0.352088,0.862515,0.000000,0.000000,1,0
1789801545.283097,3,17.878735,21.314515,-0.096062,19.128000,24.452000,19.128000,20.452000,-1.249265,3.137485,0.600617,-0.448150,-0.352088,0.862515,0.000000,0.000000,1,0
1789801545.383190,3,17.878735,21.314515,-0.096062,19.128000,24.452000,19.128000,20.452000,-1.249265,3.137485,0.600617,-0.448150,-0.352088,0.862515,0.000000,0.000000,1,0
1789801545.483262,3,17.878735,21.314515,-0.096062,19.128000,24.452000,19.128000,20.452000,-1.249265,3.137485,0.600617,-0.448150,-0.352088,0.862515,0.000000,0.000000,1,0
1789801545.583283,3,17.878735,21.314515,-0.096062,19.128000,24.452000,19.128000,20.452000,-1.249265,3.137485,0.600617,-0.448150,-0.352088,0.862515,0.000000,0.000000,1,0
1789801545.683158,3,17.878735,21.314515,-0.096062,19.128000,24.452000,19.128000,20.452000,-1.249265,3.137485,0.600617,-0.448150,-0.352088,0.862515,0.000000,0.000000,1,0
1789801545.783323,3,17.878735,21.314515,-0.096062,19.128000,24.452000,19.128000,20.452000,-1.249265,3.137485,0.600617,-0.448150,-0.352088,0.862515,0.000000,0.000000,1,0
1789801545.883312,3,17.878735,21.314515,-0.096062,19.128000,24.452000,19.128000,20.452000,-1.249265,3.137485,0.600617,-0.448150,-0.352088,0.862515,0.000000,0.000000,1,0
1789801545.983382,3,17.878735,21.314515,-0.096062,19.128000,24.452000,19.128000,20.452000,-1.249265,3.137485,0.600617,-0.448150,-0.352088,0.862515,0.000000,0.000000,1,0
1789801546.083294,3,17.878735,21.314515,-0.096062,19.128000,24.452000,19.128000,20.452000,-1.249265,3.137485,0.600617,-0.448150,-0.352088,0.862515,0.000000,0.000000,1,0
1789801546.183297,3,17.878735,21.314515,-0.096062,19.128000,24.452000,19.128000,20.452000,-1.249265,3.137485,0.600617,-0.448150,-0.352088,0.862515,0.000000,0.000000,1,0
1789801546.283198,3,17.878735,21.314515,-0.096062,19.128000,24.452000,19.128000,20.452000,-1.249265,3.137485,0.600617,-0.448150,-0.352088,0.862515,0.000000,0.000000,1,0
1789801546.383401,3,17.878735,21.314515,-0.096062,19.128000,24.452000,19.128000,20.452000,-1.249265,3.137485,0.600617,-0.448150,-0.352088,0.862515,0.000000,0.000000,1,0
1789801546.483385,3,17.878735,21.314515,-0.096062,19.128000,24.452000,19.128000,20.452000,-1.249265,3.137485,0.600617,-0.448150,-0.352088,0.862515,0.000000,0.000000,1,0
1789801546.583430,3,17.878735,21.314515,-0.096062,19.128000,24.452000,19.128000,20.452000,-1.249265,3.137485,0.600617,-0.448150,-0.352088,0.862515,0.000000,0.000000,1,0
1789801546.683604,3,17.878735,21.314515,-0.096062,19.128000,24.452000,19.128000,20.452000,-1.249265,3.137485,0.600617,-0.448150,-0.352088,0.862515,0.000000,0.000000,1,0
1789801546.783530,3,17.878735,21.314515,-0.096062,19.128000,24.452000,19.128000,20.452000,-1.249265,3.137485,0.600617,-0.448150,-0.352088,0.862515,0.000000,0.000000,1,0
1789801546.883390,3,17.878735,21.314515,-0.096062,19.128000,24.452000,19.128000,20.452000,-1.249265,3.137485,0.600617,-0.448150,-0.352088,0.862515,0.000000,0.000000,1,0
1789801546.983381,3,17.878735,21.314515,-0.096062,19.128000,24.452000,19.128000,20.452000,-1.249265,3.137485,0.600617,-0.448150,-0.352088,0.862515,0.000000,0.000000,1,0
1789801547.083424,3,17.878735,21.314515,-0.096062,19.128000,24.452000,19.128000,20.452000,-1.249265,3.137485,0.600617,-0.448150,-0.352088,0.862515,0.000000,0.000000,1,0
1789801547.183359,3,17.878735,21.314515,-0.096062,19.128000,24.452000,19.128000,20.452000,-1.249265,3.137485,0.600617,-0.448150,-0.352088,0.862515,0.000000,0.000000,1,0
1789801547.283327,3,17.878735,21.314515,-0.096062,19.128000,24.452000,19.128000,20.452000,-1.249265,3.137485,0.600617,-0.448150,-0.352088,0.862515,0.000000,0.000000,1,0
1789801547.383320,3,17.878735,21.314515,-0.096062,19.128000,24.452000,19.128000,20.452000,-1.249265,3.137485,0.600617,-0.448150,-0.352088,0.862515,0.000000,0.000000,1,0
1789801547.483386,3,17.878735,21.314515,-0.096062,19.128000,24.452000,19.128000,20.452000,-1.249265,3.137485,0.600617,-0.448150,-0.352088,0.862515,0.000000,0.000000,1,0
1789801547.583380,3,17.878735,21.314515,-0.096062,19.128000,24.452000,19.128000,20.452000,-1.249265,3.137485,0.600617,-0.448150,-0.352088,0.862515,0.000000,0.000000,1,0
1789801547.683385,3,17.878735,21.314515,-0.096062,19.128000,24.452000,19.128000,20.452000,-1.249265,3.137485,0.600617,-0.448150,-0.352088,0.862515,0.000000,0.000000,1,0
1789801547.783818,3,17.878735,21.314515,-0.096062,19.128000,24.452000,19.128000,20.452000,-1.249265,3.137485,0.600617,-0.448150,-0.352088,0.862515,0.000000,0.000000,1,0
1789801547.883392,3,17.878735,21.314515,-0.096062,19.128000,24.452000,19.128000,20.452000,-1.249265,3.137485,0.600617,-0.448150,-0.352088,0.862515,0.000000,0.000000,1,0
1789801547.983444,3,17.878735,21.314515,-0.096062,19.128000,24.452000,19.128000,20.452000,-1.249265,3.137485,0.600617,-0.448150,-0.352088,0.862515,0.000000,0.000000,1,0
1789801548.083460,3,17.878735,21.314515,-0.096062,19.128000,24.452000,19.128000,20.452000,-1.249265,3.137485,0.600617,-0.448150,-0.352088,0.862515,0.000000,0.000000,1,0
1789801548.183459,3,17.878735,21.314515,-0.096062,19.128000,24.452000,19.128000,20.452000,-1.249265,3.137485,0.600617,-0.448150,-0.352088,0.862515,0.000000,0.000000,1,0
1789801548.283367,3,17.878735,21.314515,-0.096062,19.128000,24.452000,19.128000,20.452000,-1.249265,3.137485,0.600617,-0.448150,-0.352088,0.862515,0.300000,-0.176032,0,0
1789801548.383474,3,17.878735,21.314515,-0.096062,19.128000,24.452000,19.128000,20.452000,-1.249265,3.137485,0.600617,-0.448150,-0.352088,0.862515,0.300000,-0.176034,0,0
1789801548.483464,3,17.878735,21.314515,-0.096062,19.128000,24.452000,19.128000,20.452000,-1.249265,3.137485,0.600617,-0.448150,-0.352088,0.862515,0.300000,-0.176036,0,0
1789801548.583529,3,17.878735,21.314515,-0.096062,19.128000,24.452000,19.128000,20.452000,-1.249265,3.137485,0.600617,-0.448150,-0.352088,0.862515,0.300000,-0.176038,0,0
1789801548.683464,3,17.878735,21.314515,-0.096062,19.128000,24.452000,19.128000,20.452000,-1.249265,3.137485,0.600617,-0.448150,-0.352088,0.862515,0.300000,-0.176039,0,0
1789801548.783559,3,17.878735,21.314515,-0.096062,19.128000,24.452000,19.128000,20.452000,-1.249265,3.137485,0.600617,-0.448150,-0.352088,0.862515,0.300000,-0.176040,0,0
1789801548.883526,3,17.878735,21.314515,-0.096062,19.128000,24.452000,19.128000,20.452000,-1.249265,3.137485,0.600617,-0.448150,-0.352088,0.862515,0.300000,-0.176041,0,0
1789801548.983591,3,17.878735,21.314515,-0.096062,19.128000,24.452000,19.128000,20.452000,-1.249265,3.137485,0.600617,-0.448150,-0.352088,0.862515,0.300000,-0.176041,0,0
1789801549.083554,3,17.878735,21.314515,-0.096062,19.128000,24.452000,19.128000,20.452000,-1.249265,3.137485,0.600617,-0.448150,-0.352088,0.862515,0.300000,-0.176042,0,0
1789801549.183591,3,17.878735,21.314515,-0.096062,19.128000,24.452000,19.128000,20.452000,-1.249265,3.137485,0.600617,-0.448150,-0.352088,0.862515,0.300000,-0.176042,0,0
1789801549.283516,3,17.878735,21.314515,-0.096062,19.128000,24.452000,19.128000,20.452000,-1.249265,3.137485,0.600617,-0.448150,-0.352088,0.862515,0.300000,-0.176043,0,0
1789801549.383659,3,17.878735,21.314515,-0.096062,19.128000,24.452000,19.128000,20.452000,-1.249265,3.137485,0.600617,-0.448150,-0.352088,0.862515,0.000000,0.000000,1,0
1789801549.483616,3,17.878735,21.314515,-0.096062,19.128000,24.452000,19.128000,20.452000,-1.249265,3.137485,0.600617,-0.448150,-0.352088,0.862515,0.000000,0.000000,1,0
1789801549.583666,3,17.878735,21.314515,-0.096062,19.128000,24.452000,19.128000,20.452000,-1.249265,3.137485,0.600617,-0.448150,-0.352088,0.862515,0.000000,0.000000,1,0
1789801549.683654,3,17.878735,21.314515,-0.096062,19.128000,24.452000,19.128000,20.452000,-1.249265,3.137485,0.600617,-0.448150,-0.352088,0.862515,0.000000,0.000000,1,0
1789801549.783723,3,17.878735,21.314515,-0.096062,19.128000,24.452000,19.128000,20.452000,-1.249265,3.137485,0.600617,-0.448150,-0.352088,0.862515,0.000000,0.000000,1,0
1789801549.883703,3,17.878735,21.314515,-0.096062,19.128000,24.452000,19.128000,20.452000,-1.249265,3.137485,0.600617,-0.448150,-0.352088,0.862515,0.000000,0.000000,1,0
1789801549.983674,3,17.878735,21.314515,-0.096062,19.128000,24.452000,19.128000,20.452000,-1.249265,3.137485,0.600617,-0.448150,-0.352088,0.862515,0.300000,-0.176044,0,0
1789801550.083654,3,17.878735,21.314515,-0.096062,19.128000,24.452000,19.128000,20.452000,-1.249265,3.137485,0.600617,-0.448150,-0.352088,0.862515,0.300000,-0.176044,0,0
1789801550.183728,3,17.878735,21.314515,-0.096062,19.128000,24.452000,19.128000,20.452000,-1.249265,3.137485,0.600617,-0.448150,-0.352088,0.862515,0.300000,-0.176044,0,0
1789801550.283783,3,17.878735,21.314515,-0.096062,19.128000,24.452000,19.128000,20.452000,-1.249265,3.137485,0.600617,-0.448150,-0.352088,0.862515,0.300000,-0.176044,0,0
1789801550.383655,3,17.878735,21.314515,-0.096062,19.128000,24.452000,19.128000,20.452000,-1.249265,3.137485,0.600617,-0.448150,-0.352088,0.862515,0.300000,-0.176044,0,0
1789801550.483849,3,17.878735,21.314515,-0.096062,19.128000,24.452000,19.128000,20.452000,-1.249265,3.137485,0.600617,-0.448150,-0.352088,0.862515,0.300000,-0.176044,0,0
1789801550.583742,3,17.878735,21.314515,-0.096062,19.128000,24.452000,19.128000,20.452000,-1.249265,3.137485,0.600617,-0.448150,-0.352088,0.862515,0.000000,0.000000,1,0
1789801550.683650,3,17.878735,21.314515,-0.096062,19.128000,24.452000,19.128000,20.452000,-1.249265,3.137485,0.600617,-0.448150,-0.352088,0.862515,0.000000,0.000000,1,0
1789801550.783756,3,17.878735,21.314515,-0.096062,19.128000,24.452000,19.128000,20.452000,-1.249265,3.137485,0.600617,-0.448150,-0.352088,0.862515,0.000000,0.000000,1,0
1789801550.883743,3,17.878735,21.314515,-0.096062,19.128000,24.452000,19.128000,20.452000,-1.249265,3.137485,0.600617,-0.448150,-0.352088,0.862515,0.000000,0.000000,1,0
1789801550.983761,3,17.878735,21.314515,-0.096062,19.128000,24.452000,19.128000,20.452000,-1.249265,3.137485,0.600617,-0.448150,-0.352088,0.862515,0.300000,-0.176044,0,0
1789801551.083755,3,17.878735,21.314515,-0.096062,19.128000,24.452000,19.128000,20.452000,-1.249265,3.137485,0.600617,-0.448150,-0.352088,0.862515,0.300000,-0.176044,0,0
1789801551.183723,3,17.878735,21.314515,-0.096062,19.128000,24.452000,19.128000,20.452000,-1.249265,3.137485,0.600617,-0.448150,-0.352088,0.862515,0.300000,-0.176044,0,0
1789801551.283682,3,17.878735,21.314515,-0.096062,19.128000,24.452000,19.128000,20.452000,-1.249265,3.137485,0.600617,-0.448150,-0.352088,0.862515,0.300000,-0.176044,0,0
1789801551.383746,3,17.878735,21.314515,-0.096062,19.128000,24.452000,19.128000,20.452000,-1.249265,3.137485,0.600617,-0.448150,-0.352088,0.862515,0.300000,-0.176044,0,0
1789801551.483757,3,17.878735,21.314515,-0.096062,19.128000,24.452000,19.128000,20.452000,-1.249265,3.137485,0.600617,-0.448150,-0.352088,0.862515,0.300000,-0.176044,0,0
1789801551.583839,3,17.878735,21.314515,-0.096062,19.128000,24.452000,19.128000,20.452000,-1.249265,3.137485,0.600617,-0.448150,-0.352088,0.862515,0.300000,-0.176044,0,0
1789801551.683803,3,17.878735,21.314515,-0.096062,19.128000,24.452000,19.128000,20.452000,-1.249265,3.137485,0.600617,-0.448150,-0.352088,0.862515,0.300000,-0.176044,0,0
1789801551.784168,3,17.878735,21.314515,-0.096062,19.128000,24.452000,19.128000,20.452000,-1.249265,3.137485,0.600617,-0.448150,-0.352088,0.862515,0.300000,-0.176044,0,0
1789801551.883775,3,17.878735,21.314515,-0.096062,19.128000,24.452000,19.128000,20.452000,-1.249265,3.137485,0.600617,-0.448150,-0.352088,0.862515,0.300000,-0.176044,0,0
1789801551.983832,3,17.878735,21.314515,-0.096062,19.128000,24.452000,19.128000,20.452000,-1.249265,3.137485,0.600617,-0.448150,-0.352088,0.862515,0.300000,-0.176044,0,0
1789801552.083748,3,17.878735,21.314515,-0.096062,19.128000,24.452000,19.128000,20.452000,-1.249265,3.137485,0.600617,-0.448150,-0.352088,0.862515,0.300000,-0.176044,0,0
1789801552.183811,3,17.878735,21.314515,-0.096062,19.128000,24.452000,19.128000,20.452000,-1.249265,3.137485,0.600617,-0.448150,-0.352088,0.862515,0.300000,-0.176044,0,0
1789801552.283764,3,17.878735,21.314515,-0.096062,19.128000,24.452000,19.128000,20.452000,-1.249265,3.137485,0.600617,-0.448150,-0.352088,0.862515,0.300000,-0.176044,0,0
1789801552.383887,3,17.878735,21.314515,-0.096062,19.128000,24.452000,19.128000,20.452000,-1.249265,3.137485,0.600617,-0.448150,-0.352088,0.862515,0.000000,0.000000,1,0
1789801552.483893,3,17.878735,21.314515,-0.096062,19.128000,24.452000,19.128000,20.452000,-1.249265,3.137485,0.600617,-0.448150,-0.352088,0.862515,0.000000,0.000000,1,0
1789801552.583857,3,17.878735,21.314515,-0.096062,19.128000,24.452000,19.128000,20.452000,-1.249265,3.137485,0.600617,-0.448150,-0.352088,0.862515,0.000000,0.000000,1,0
1789801552.683862,3,17.878735,21.314515,-0.096062,19.128000,24.452000,19.128000,20.452000,-1.249265,3.137485,0.600617,-0.448150,-0.352088,0.862515,0.000000,0.000000,1,0
1789801552.783861,3,17.878735,21.314515,-0.096062,19.128000,24.452000,19.128000,20.452000,-1.249265,3.137485,0.600617,-0.448150,-0.352088,0.862515,0.000000,0.000000,1,0
1789801552.883868,3,17.878735,21.314515,-0.096062,19.128000,24.452000,19.128000,20.452000,-1.249265,3.137485,0.600617,-0.448150,-0.352088,0.862515,0.000000,0.000000,1,0
1789801552.983839,3,17.878735,21.314515,-0.096062,19.128000,24.452000,19.128000,20.452000,-1.249265,3.137485,0.600617,-0.448150,-0.352088,0.862515,0.000000,0.000000,1,0
1789801553.083883,3,17.878735,21.314515,-0.096062,19.128000,24.452000,19.128000,20.452000,-1.249265,3.137485,0.600617,-0.448150,-0.352088,0.862515,0.000000,0.000000,1,0
1789801553.183926,3,17.878735,21.314515,-0.096062,19.128000,24.452000,19.128000,20.452000,-1.249265,3.137485,0.600617,-0.448150,-0.352088,0.862515,0.000000,0.000000,1,0
1789801553.283922,3,17.878735,21.314515,-0.096062,19.128000,24.452000,19.128000,20.452000,-1.249265,3.137485,0.600617,-0.448150,-0.352088,0.862515,0.000000,0.000000,1,0
1789801553.383937,3,17.878735,21.314515,-0.096062,19.128000,24.452000,19.128000,20.452000,-1.249265,3.137485,0.600617,-0.448150,-0.352088,0.862515,0.000000,0.000000,1,0
1789801553.483961,3,17.878735,21.314515,-0.096062,19.128000,24.452000,19.128000,20.452000,-1.249265,3.137485,0.600617,-0.448150,-0.352088,0.862515,0.000000,0.000000,1,0
1789801553.584014,3,17.878735,21.314515,-0.096062,19.128000,24.452000,19.128000,20.452000,-1.249265,3.137485,0.600617,-0.448150,-0.352088,0.862515,0.000000,0.000000,1,0
1789801553.683997,3,17.878735,21.314515,-0.096062,19.128000,24.452000,19.128000,20.452000,-1.249265,3.137485,0.600617,-0.448150,-0.352088,0.862515,0.000000,0.000000,1,0
1789801553.783968,3,17.878735,21.314515,-0.096062,19.128000,24.452000,19.128000,20.452000,-1.249265,3.137485,0.600617,-0.448150,-0.352088,0.862515,0.000000,0.000000,1,0
1789801553.883971,3,17.878735,21.314515,-0.096062,19.128000,24.452000,19.128000,20.452000,-1.249265,3.137485,0.600617,-0.448150,-0.352088,0.862515,0.000000,0.000000,1,0
1789801553.984072,3,17.878735,21.314515,-0.096062,19.128000,24.452000,19.128000,20.452000,-1.249265,3.137485,0.600617,-0.448150,-0.352088,0.862515,0.000000,0.000000,1,0
1789801554.083986,3,17.878735,21.314515,-0.096062,19.128000,24.452000,19.128000,20.452000,-1.249265,3.137485,0.600617,-0.448150,-0.352088,0.862515,0.000000,0.000000,1,0
1789801554.184046,3,17.878735,21.314515,-0.096062,19.128000,24.452000,19.128000,20.452000,-1.249265,3.137485,0.600617,-0.448150,-0.352088,0.862515,0.000000,0.000000,1,0
1789801554.284002,3,17.878735,21.314515,-0.096062,19.128000,24.452000,19.128000,20.452000,-1.249265,3.137485,0.600617,-0.448150,-0.352088,0.862515,0.000000,0.000000,1,0
1789801554.384044,3,17.878735,21.314515,-0.096062,19.128000,24.452000,19.128000,20.452000,-1.249265,3.137485,0.600617,-0.448150,-0.352088,0.862515,0.000000,0.000000,1,0
1789801554.483951,3,17.878735,21.314515,-0.096062,19.128000,24.452000,19.128000,20.452000,-1.249265,3.137485,0.600617,-0.448150,-0.352088,0.862515,0.000000,0.000000,1,0
1789801554.584028,3,17.878735,21.314515,-0.096062,19.128000,24.452000,19.128000,20.452000,-1.249265,3.137485,0.600617,-0.448150,-0.352088,0.862515,0.000000,0.000000,1,0
1789801554.683975,3,17.878735,21.314515,-0.096062,19.128000,24.452000,19.128000,20.452000,-1.249265,3.137485,0.600617,-0.448150,-0.352088,0.862515,0.000000,0.000000,1,0
1789801554.783971,3,17.878735,21.314515,-0.096062,19.128000,24.452000,19.128000,20.452000,-1.249265,3.137485,0.600617,-0.448150,-0.352088,0.862515,0.000000,0.000000,1,0
1789801554.884057,3,17.878735,21.314515,-0.096062,19.128000,24.452000,19.128000,20.452000,-1.249265,3.137485,0.600617,-0.448150,-0.352088,0.862515,0.000000,0.000000,1,0
1789801554.984109,3,17.878735,21.314515,-0.096062,19.128000,24.452000,19.128000,20.452000,-1.249265,3.137485,0.600617,-0.448150,-0.352088,0.862515,0.000000,0.000000,1,0
1789801555.084073,3,17.878735,21.314515,-0.096062,19.128000,24.452000,19.128000,20.452000,-1.249265,3.137485,0.600617,-0.448150,-0.352088,0.862515,0.000000,0.000000,1,0
1789801555.184026,3,17.821449,21.312761,-0.198904,19.128000,24.452000,19.128000,20.452000,-1.306551,3.139239,0.590816,-0.424678,-0.225773,0.860761,0.000000,0.000000,1,0
1789801555.284014,3,17.821449,21.312761,-0.198904,19.128000,24.452000,19.128000,20.452000,-1.306551,3.139239,0.590816,-0.424678,-0.225773,0.860761,0.000000,0.000000,1,0
1789801555.384073,3,17.821449,21.312761,-0.198904,19.128000,24.452000,19.128000,20.452000,-1.306551,3.139239,0.590816,-0.424678,-0.225773,0.860761,0.000000,0.000000,1,0
1789801555.484069,3,17.821449,21.312761,-0.198904,19.128000,24.452000,19.128000,20.452000,-1.306551,3.139239,0.590816,-0.424678,-0.225773,0.860761,0.000000,0.000000,1,0
1789801555.584216,3,17.821449,21.312761,-0.198904,19.128000,24.452000,19.128000,20.452000,-1.306551,3.139239,0.590816,-0.424678,-0.225773,0.860761,0.000000,0.000000,1,0
1789801555.684165,3,17.821449,21.312761,-0.198904,19.128000,24.452000,19.128000,20.452000,-1.306551,3.139239,0.590816,-0.424678,-0.225773,0.860761,0.000000,0.000000,1,0
1789801555.784134,3,17.821449,21.312761,-0.198904,19.128000,24.452000,19.128000,20.452000,-1.306551,3.139239,0.590816,-0.424678,-0.225773,0.860761,0.000000,0.000000,1,0
1789801555.884160,3,17.821449,21.312761,-0.198904,19.128000,24.452000,19.128000,20.452000,-1.306551,3.139239,0.590816,-0.424678,-0.225773,0.860761,0.000000,0.000000,1,0
1789801555.984136,3,17.821449,21.312761,-0.198904,19.128000,24.452000,19.128000,20.452000,-1.306551,3.139239,0.590816,-0.424678,-0.225773,0.860761,0.000000,0.000000,1,0
1789801556.084184,3,17.821449,21.312761,-0.198904,19.128000,24.452000,19.128000,20.452000,-1.306551,3.139239,0.590816,-0.424678,-0.225773,0.860761,0.000000,0.000000,1,0
1789801556.184060,3,17.821449,21.312761,-0.198904,19.128000,24.452000,19.128000,20.452000,-1.306551,3.139239,0.590816,-0.424678,-0.225773,0.860761,0.000000,0.000000,1,0
1789801556.284142,3,17.821449,21.312761,-0.198904,19.128000,24.452000,19.128000,20.452000,-1.306551,3.139239,0.590816,-0.424678,-0.225773,0.860761,0.000000,0.000000,1,0
1789801556.384168,3,17.821449,21.312761,-0.198904,19.128000,24.452000,19.128000,20.452000,-1.306551,3.139239,0.590816,-0.424678,-0.225773,0.860761,0.000000,0.000000,1,0
1789801556.484173,3,17.821449,21.312761,-0.198904,19.128000,24.452000,19.128000,20.452000,-1.306551,3.139239,0.590816,-0.424678,-0.225773,0.860761,0.000000,0.000000,1,0
1789801556.584230,3,17.821449,21.312761,-0.198904,19.128000,24.452000,19.128000,20.452000,-1.306551,3.139239,0.590816,-0.424678,-0.225773,0.860761,0.000000,0.000000,1,0
1789801556.684198,3,17.821449,21.312761,-0.198904,19.128000,24.452000,19.128000,20.452000,-1.306551,3.139239,0.590816,-0.424678,-0.225773,0.860761,0.000000,0.000000,1,0
1789801556.784227,3,17.821449,21.312761,-0.198904,19.128000,24.452000,19.128000,20.452000,-1.306551,3.139239,0.590816,-0.424678,-0.225773,0.860761,0.000000,0.000000,1,0
1789801556.884261,3,17.821449,21.312761,-0.198904,19.128000,24.452000,19.128000,20.452000,-1.306551,3.139239,0.590816,-0.424678,-0.225773,0.860761,0.000000,0.000000,1,0
1789801556.984259,3,17.821449,21.312761,-0.198904,19.128000,24.452000,19.128000,20.452000,-1.306551,3.139239,0.590816,-0.424678,-0.225773,0.860761,0.000000,0.000000,1,0
1789801557.084278,3,17.821449,21.312761,-0.198904,19.128000,24.452000,19.128000,20.452000,-1.306551,3.139239,0.590816,-0.424678,-0.225773,0.860761,0.000000,0.000000,1,0
1789801557.184417,3,17.821449,21.312761,-0.198904,19.128000,24.452000,19.128000,20.452000,-1.306551,3.139239,0.590816,-0.424678,-0.225773,0.860761,0.000000,0.000000,1,0
1789801557.284250,3,17.821449,21.312761,-0.198904,19.128000,24.452000,19.128000,20.452000,-1.306551,3.139239,0.590816,-0.424678,-0.225773,0.860761,0.000000,0.000000,1,0
1789801557.384184,3,17.821449,21.312761,-0.198904,19.128000,24.452000,19.128000,20.452000,-1.306551,3.139239,0.590816,-0.424678,-0.225773,0.860761,0.000000,0.000000,1,0
1789801557.484297,3,17.821449,21.312761,-0.198904,19.128000,24.452000,19.128000,20.452000,-1.306551,3.139239,0.590816,-0.424678,-0.225773,0.860761,0.000000,0.000000,1,0
1789801557.584251,3,17.821449,21.312761,-0.198904,19.128000,24.452000,19.128000,20.452000,-1.306551,3.139239,0.590816,-0.424678,-0.225773,0.860761,0.000000,0.000000,1,0
1789801557.684268,3,17.821449,21.312761,-0.198904,19.128000,24.452000,19.128000,20.452000,-1.306551,3.139239,0.590816,-0.424678,-0.225773,0.860761,0.000000,0.000000,1,0
1789801557.784318,3,17.821449,21.312761,-0.198904,19.128000,24.452000,19.128000,20.452000,-1.306551,3.139239,0.590816,-0.424678,-0.225773,0.860761,0.000000,0.000000,1,0
1789801557.884274,3,17.821449,21.312761,-0.198904,19.128000,24.452000,19.128000,20.452000,-1.306551,3.139239,0.590816,-0.424678,-0.225773,0.860761,0.000000,0.000000,1,0
1789801557.984341,3,17.821449,21.312761,-0.198904,19.128000,24.452000,19.128000,20.452000,-1.306551,3.139239,0.590816,-0.424678,-0.225773,0.860761,0.000000,0.000000,1,0
1789801558.084322,3,17.821449,21.312761,-0.198904,19.128000,24.452000,19.128000,20.452000,-1.306551,3.139239,0.590816,-0.424678,-0.225773,0.860761,0.000000,0.000000,1,0
1789801558.184303,3,17.821449,21.312761,-0.198904,19.128000,24.452000,19.128000,20.452000,-1.306551,3.139239,0.590816,-0.424678,-0.225773,0.860761,0.000000,0.000000,1,0
1789801558.284301,3,17.821449,21.312761,-0.198904,19.128000,24.452000,19.128000,20.452000,-1.306551,3.139239,0.590816,-0.424678,-0.225773,0.860761,0.000000,0.000000,1,0
1789801558.384386,3,17.821449,21.312761,-0.198904,19.128000,24.452000,19.128000,20.452000,-1.306551,3.139239,0.590816,-0.424678,-0.225773,0.860761,0.000000,0.000000,1,0
1789801558.484412,3,17.821449,21.312761,-0.198904,19.128000,24.452000,19.128000,20.452000,-1.306551,3.139239,0.590816,-0.424678,-0.225773,0.860761,0.000000,0.000000,1,0
1789801558.584373,3,17.821449,21.312761,-0.198904,19.128000,24.452000,19.128000,20.452000,-1.306551,3.139239,0.590816,-0.424678,-0.225773,0.860761,0.000000,0.000000,1,0
1789801558.684442,3,17.821449,21.312761,-0.198904,19.128000,24.452000,19.128000,20.452000,-1.306551,3.139239,0.590816,-0.424678,-0.225773,0.860761,0.000000,0.000000,1,0
1789801558.784453,3,17.821449,21.312761,-0.198904,19.128000,24.452000,19.128000,20.452000,-1.306551,3.139239,0.590816,-0.424678,-0.225773,0.860761,0.000000,0.000000,1,0
1789801558.884364,3,17.821449,21.312761,-0.198904,19.128000,24.452000,19.128000,20.452000,-1.306551,3.139239,0.590816,-0.424678,-0.225773,0.860761,0.000000,0.000000,1,0
1789801558.984383,3,17.821449,21.312761,-0.198904,19.128000,24.452000,19.128000,20.452000,-1.306551,3.139239,0.590816,-0.424678,-0.225773,0.860761,0.000000,0.000000,1,0
1789801559.084402,3,17.821449,21.312761,-0.198904,19.128000,24.452000,19.128000,20.452000,-1.306551,3.139239,0.590816,-0.424678,-0.225773,0.860761,0.000000,0.000000,1,0
1789801559.184416,3,17.821449,21.312761,-0.198904,19.128000,24.452000,19.128000,20.452000,-1.306551,3.139239,0.590816,-0.424678,-0.225773,0.860761,0.000000,0.000000,1,0
1789801559.284410,3,17.821449,21.312761,-0.198904,19.128000,24.452000,19.128000,20.452000,-1.306551,3.139239,0.590816,-0.424678,-0.225773,0.860761,0.000000,0.000000,1,0
1789801559.384340,3,17.821449,21.312761,-0.198904,19.128000,24.452000,19.128000,20.452000,-1.306551,3.139239,0.590816,-0.424678,-0.225773,0.860761,0.000000,0.000000,1,0
1789801559.484405,3,17.821449,21.312761,-0.198904,19.128000,24.452000,19.128000,20.452000,-1.306551,3.139239,0.590816,-0.424678,-0.225773,0.860761,0.000000,0.000000,1,0
1789801559.584409,3,17.821449,21.312761,-0.198904,19.128000,24.452000,19.128000,20.452000,-1.306551,3.139239,0.590816,-0.424678,-0.225773,0.860761,0.000000,0.000000,1,0
1789801559.684426,3,17.821449,21.312761,-0.198904,19.128000,24.452000,19.128000,20.452000,-1.306551,3.139239,0.590816,-0.424678,-0.225773,0.860761,0.000000,0.000000,1,0
1789801559.784438,3,17.821449,21.312761,-0.198904,19.128000,24.452000,19.128000,20.452000,-1.306551,3.139239,0.590816,-0.424678,-0.225773,0.860761,0.000000,0.000000,1,0
1789801559.884389,3,17.821449,21.312761,-0.198904,19.128000,24.452000,19.128000,20.452000,-1.306551,3.139239,0.590816,-0.424678,-0.225773,0.860761,0.000000,0.000000,1,0
1789801559.984511,3,17.821449,21.312761,-0.198904,19.128000,24.452000,19.128000,20.452000,-1.306551,3.139239,0.590816,-0.424678,-0.225773,0.860761,0.000000,0.000000,1,0
1789801560.084432,3,17.821449,21.312761,-0.198904,19.128000,24.452000,19.128000,20.452000,-1.306551,3.139239,0.590816,-0.424678,-0.225773,0.860761,0.000000,0.000000,1,0
1789801560.184470,3,17.821449,21.312761,-0.198904,19.128000,24.452000,19.128000,20.452000,-1.306551,3.139239,0.590816,-0.424678,-0.225773,0.860761,0.000000,0.000000,1,0
1789801560.284595,3,17.821449,21.312761,-0.198904,19.128000,24.452000,19.128000,20.452000,-1.306551,3.139239,0.590816,-0.424678,-0.225773,0.860761,0.000000,0.000000,1,0
1789801560.384567,3,17.821449,21.312761,-0.198904,19.128000,24.452000,19.128000,20.452000,-1.306551,3.139239,0.590816,-0.424678,-0.225773,0.860761,0.000000,0.000000,1,0
1789801560.484562,3,17.821449,21.312761,-0.198904,19.128000,24.452000,19.128000,20.452000,-1.306551,3.139239,0.590816,-0.424678,-0.225773,0.860761,0.000000,0.000000,1,0
1789801560.584520,3,17.821449,21.312761,-0.198904,19.128000,24.452000,19.128000,20.452000,-1.306551,3.139239,0.590816,-0.424678,-0.225773,0.860761,0.000000,0.000000,1,0
1789801560.684470,3,17.821449,21.312761,-0.198904,19.128000,24.452000,19.128000,20.452000,-1.306551,3.139239,0.590816,-0.424678,-0.225773,0.860761,0.000000,0.000000,1,0
1789801560.784485,3,17.821449,21.312761,-0.198904,19.128000,24.452000,19.128000,20.452000,-1.306551,3.139239,0.590816,-0.424678,-0.225773,0.860761,0.000000,0.000000,1,0
1789801560.884582,3,17.821449,21.312761,-0.198904,19.128000,24.452000,19.128000,20.452000,-1.306551,3.139239,0.590816,-0.424678,-0.225773,0.860761,0.000000,0.000000,1,0
1789801560.984530,3,17.821449,21.312761,-0.198904,19.128000,24.452000,19.128000,20.452000,-1.306551,3.139239,0.590816,-0.424678,-0.225773,0.860761,0.000000,0.000000,1,0
1789801561.084582,3,17.821449,21.312761,-0.198904,19.128000,24.452000,19.128000,20.452000,-1.306551,3.139239,0.590816,-0.424678,-0.225773,0.860761,0.000000,0.000000,1,0
1789801561.184510,3,17.821449,21.312761,-0.198904,19.128000,24.452000,19.128000,20.452000,-1.306551,3.139239,0.590816,-0.424678,-0.225773,0.860761,0.000000,0.000000,1,0
1789801561.284499,3,17.821449,21.312761,-0.198904,19.128000,24.452000,19.128000,20.452000,-1.306551,3.139239,0.590816,-0.424678,-0.225773,0.860761,0.000000,0.000000,1,0
1789801561.384560,3,17.821449,21.312761,-0.198904,19.128000,24.452000,19.128000,20.452000,-1.306551,3.139239,0.590816,-0.424678,-0.225773,0.860761,0.000000,0.000000,1,0
1789801561.484563,3,17.821449,21.312761,-0.198904,19.128000,24.452000,19.128000,20.452000,-1.306551,3.139239,0.590816,-0.424678,-0.225773,0.860761,0.000000,0.000000,1,0
1789801561.584757,3,17.821449,21.312761,-0.198904,19.128000,24.452000,19.128000,20.452000,-1.306551,3.139239,0.590816,-0.424678,-0.225773,0.860761,0.000000,0.000000,1,0
1789801561.684566,3,17.821449,21.312761,-0.198904,19.128000,24.452000,19.128000,20.452000,-1.306551,3.139239,0.590816,-0.424678,-0.225773,0.860761,0.000000,0.000000,1,0
1789801561.784538,3,17.821449,21.312761,-0.198904,19.128000,24.452000,19.128000,20.452000,-1.306551,3.139239,0.590816,-0.424678,-0.225773,0.860761,0.000000,0.000000,1,0
1789801561.884563,3,17.821449,21.312761,-0.198904,19.128000,24.452000,19.128000,20.452000,-1.306551,3.139239,0.590816,-0.424678,-0.225773,0.860761,0.000000,0.000000,1,0
1789801561.984676,3,17.821449,21.312761,-0.198904,19.128000,24.452000,19.128000,20.452000,-1.306551,3.139239,0.590816,-0.424678,-0.225773,0.860761,0.000000,0.000000,1,0
1789801562.084588,3,17.821449,21.312761,-0.198904,19.128000,24.452000,19.128000,20.452000,-1.306551,3.139239,0.590816,-0.424678,-0.225773,0.860761,0.000000,0.000000,1,0
1789801562.184547,3,17.821449,21.312761,-0.198904,19.128000,24.452000,19.128000,20.452000,-1.306551,3.139239,0.590816,-0.424678,-0.225773,0.860761,0.000000,0.000000,1,0
1789801562.284592,3,17.821449,21.312761,-0.198904,19.128000,24.452000,19.128000,20.452000,-1.306551,3.139239,0.590816,-0.424678,-0.225773,0.860761,0.000000,0.000000,1,0
1789801562.384632,3,17.821449,21.312761,-0.198904,19.128000,24.452000,19.128000,20.452000,-1.306551,3.139239,0.590816,-0.424678,-0.225773,0.860761,0.000000,0.000000,1,0
1789801562.484623,3,17.821449,21.312761,-0.198904,19.128000,24.452000,19.128000,20.452000,-1.306551,3.139239,0.590816,-0.424678,-0.225773,0.860761,0.000000,0.000000,1,0
1789801562.584686,3,17.821449,21.312761,-0.198904,19.128000,24.452000,19.128000,20.452000,-1.306551,3.139239,0.590816,-0.424678,-0.225773,0.860761,0.000000,0.000000,1,0
1789801562.684733,3,17.821449,21.312761,-0.198904,19.128000,24.452000,19.128000,20.452000,-1.306551,3.139239,0.590816,-0.424678,-0.225773,0.860761,0.304786,-0.112886,0,0
1789801562.784713,3,17.821449,21.312761,-0.198904,19.128000,24.452000,19.128000,20.452000,-1.306551,3.139239,0.590816,-0.424678,-0.225773,0.860761,0.000000,0.000000,1,0
1789801562.884711,3,17.821449,21.312761,-0.198904,19.128000,24.452000,19.128000,20.452000,-1.306551,3.139239,0.590816,-0.424678,-0.225773,0.860761,0.000000,0.000000,1,0
1789801562.984686,3,17.821449,21.312761,-0.198904,19.128000,24.452000,19.128000,20.452000,-1.306551,3.139239,0.590816,-0.424678,-0.225773,0.860761,0.000000,0.000000,1,0
1789801563.084727,3,17.821449,21.312761,-0.198904,19.128000,24.452000,19.128000,20.452000,-1.306551,3.139239,0.590816,-0.424678,-0.225773,0.860761,0.000000,0.000000,1,0
1789801563.184747,3,17.821449,21.312761,-0.198904,19.128000,24.452000,19.128000,20.452000,-1.306551,3.139239,0.590816,-0.424678,-0.225773,0.860761,0.000000,0.000000,1,0
1789801563.284675,3,17.821449,21.312761,-0.198904,19.128000,24.452000,19.128000,20.452000,-1.306551,3.139239,0.590816,-0.424678,-0.225773,0.860761,0.000000,0.000000,1,0
1789801563.384758,3,17.821449,21.312761,-0.198904,19.128000,24.452000,19.128000,20.452000,-1.306551,3.139239,0.590816,-0.424678,-0.225773,0.860761,0.000000,0.000000,1,0
1789801563.484715,3,17.821449,21.312761,-0.198904,19.128000,24.452000,19.128000,20.452000,-1.306551,3.139239,0.590816,-0.424678,-0.225773,0.860761,0.304786,-0.112887,0,0
1789801563.584666,3,17.821449,21.312761,-0.198904,19.128000,24.452000,19.128000,20.452000,-1.306551,3.139239,0.590816,-0.424678,-0.225773,0.860761,0.304786,-0.112887,0,0
1789801563.684784,3,17.821449,21.312761,-0.198904,19.128000,24.452000,19.128000,20.452000,-1.306551,3.139239,0.590816,-0.424678,-0.225773,0.860761,0.304786,-0.112887,0,0
1789801563.784787,3,17.821449,21.312761,-0.198904,19.128000,24.452000,19.128000,20.452000,-1.306551,3.139239,0.590816,-0.424678,-0.225773,0.860761,0.304786,-0.112887,0,0
1789801563.884753,3,17.821449,21.312761,-0.198904,19.128000,24.452000,19.128000,20.452000,-1.306551,3.139239,0.590816,-0.424678,-0.225773,0.860761,0.304786,-0.112887,0,0
1789801563.984840,3,17.821449,21.312761,-0.198904,19.128000,24.452000,19.128000,20.452000,-1.306551,3.139239,0.590816,-0.424678,-0.225773,0.860761,0.304786,-0.112887,0,0
1789801564.084828,3,17.821449,21.312761,-0.198904,19.128000,24.452000,19.128000,20.452000,-1.306551,3.139239,0.590816,-0.424678,-0.225773,0.860761,0.304786,-0.112887,0,0
1789801564.184718,3,17.821449,21.312761,-0.198904,19.128000,24.452000,19.128000,20.452000,-1.306551,3.139239,0.590816,-0.424678,-0.225773,0.860761,0.304786,-0.112887,0,0
1789801564.284762,3,17.821449,21.312761,-0.198904,19.128000,24.452000,19.128000,20.452000,-1.306551,3.139239,0.590816,-0.424678,-0.225773,0.860761,0.304786,-0.112887,0,0
1789801564.384838,3,17.821449,21.312761,-0.198904,19.128000,24.452000,19.128000,20.452000,-1.306551,3.139239,0.590816,-0.424678,-0.225773,0.860761,0.304786,-0.112887,0,0
1789801564.484783,3,17.821449,21.312761,-0.198904,19.128000,24.452000,19.128000,20.452000,-1.306551,3.139239,0.590816,-0.424678,-0.225773,0.860761,0.304786,-0.112887,0,0
1789801564.584880,3,17.821449,21.312761,-0.198904,19.128000,24.452000,19.128000,20.452000,-1.306551,3.139239,0.590816,-0.424678,-0.225773,0.860761,0.304786,-0.112887,0,0
1789801564.684771,3,17.821449,21.312761,-0.198904,19.128000,24.452000,19.128000,20.452000,-1.306551,3.139239,0.590816,-0.424678,-0.225773,0.860761,0.304786,-0.112887,0,0
1789801564.784865,3,17.821449,21.312761,-0.198904,19.128000,24.452000,19.128000,20.452000,-1.306551,3.139239,0.590816,-0.424678,-0.225773,0.860761,0.304786,-0.112887,0,0
1789801564.884969,3,17.821449,21.312761,-0.198904,19.128000,24.452000,19.128000,20.452000,-1.306551,3.139239,0.590816,-0.424678,-0.225773,0.860761,0.304786,-0.112887,0,0
1789801564.984822,3,17.821449,21.312761,-0.198904,19.128000,24.452000,19.128000,20.452000,-1.306551,3.139239,0.590816,-0.424678,-0.225773,0.860761,0.304786,-0.112887,0,0
1789801565.084925,3,17.821449,21.312761,-0.198904,19.128000,24.452000,19.128000,20.452000,-1.306551,3.139239,0.590816,-0.424678,-0.225773,0.860761,0.304786,-0.112887,0,0
1789801565.184911,3,17.821449,21.312761,-0.198904,19.128000,24.452000,19.128000,20.452000,-1.306551,3.139239,0.590816,-0.424678,-0.225773,0.860761,0.304786,-0.112887,0,0
1789801565.284849,3,17.821449,21.312761,-0.198904,19.128000,24.452000,19.128000,20.452000,-1.306551,3.139239,0.590816,-0.424678,-0.225773,0.860761,0.304786,-0.112887,0,0
1789801565.385031,3,17.821449,21.312761,-0.198904,19.128000,24.452000,19.128000,20.452000,-1.306551,3.139239,0.590816,-0.424678,-0.225773,0.860761,0.304786,-0.112887,0,0
1789801565.484884,3,17.821449,21.312761,-0.198904,19.128000,24.452000,19.128000,20.452000,-1.306551,3.139239,0.590816,-0.424678,-0.225773,0.860761,0.304786,-0.112887,0,0
1789801565.585939,3,17.821449,21.312761,-0.198904,19.128000,24.452000,19.128000,20.452000,-1.306551,3.139239,0.590816,-0.424678,-0.225773,0.860761,0.304786,-0.112887,0,0
1789801565.685441,3,17.821449,21.312761,-0.198904,19.128000,24.452000,19.128000,20.452000,-1.306551,3.139239,0.590816,-0.424678,-0.225773,0.860761,0.304786,-0.112887,0,0
1789801565.785577,3,17.821449,21.312761,-0.198904,19.128000,24.452000,19.128000,20.452000,-1.306551,3.139239,0.590816,-0.424678,-0.225773,0.860761,0.304786,-0.112887,0,0
1789801565.884998,3,17.821449,21.312761,-0.198904,19.128000,24.452000,19.128000,20.452000,-1.306551,3.139239,0.590816,-0.424678,-0.225773,0.860761,0.304786,-0.112887,0,0
1789801565.984780,3,17.821449,21.312761,-0.198904,19.128000,24.452000,19.128000,20.452000,-1.306551,3.139239,0.590816,-0.424678,-0.225773,0.860761,0.304786,-0.112887,0,0
1789801566.085417,3,17.821449,21.312761,-0.198904,19.128000,24.452000,19.128000,20.452000,-1.306551,3.139239,0.590816,-0.424678,-0.225773,0.860761,0.304786,-0.112887,0,0
1789801566.185121,3,17.821449,21.312761,-0.198904,19.128000,24.452000,19.128000,20.452000,-1.306551,3.139239,0.590816,-0.424678,-0.225773,0.860761,0.304786,-0.112887,0,0
1789801566.284904,3,17.821449,21.312761,-0.198904,19.128000,24.452000,19.128000,20.452000,-1.306551,3.139239,0.590816,-0.424678,-0.225773,0.860761,0.304786,-0.112887,0,0
1789801566.385813,3,17.821449,21.312761,-0.198904,19.128000,24.452000,19.128000,20.452000,-1.306551,3.139239,0.590816,-0.424678,-0.225773,0.860761,0.304786,-0.112887,0,0
1789801566.485906,3,17.821449,21.312761,-0.198904,19.128000,24.452000,19.128000,20.452000,-1.306551,3.139239,0.590816,-0.424678,-0.225773,0.860761,0.304786,-0.112887,0,0
1789801566.586387,3,17.821449,21.312761,-0.198904,19.128000,24.452000,19.128000,20.452000,-1.306551,3.139239,0.590816,-0.424678,-0.225773,0.860761,0.304786,-0.112887,0,0
1789801566.684951,3,17.821449,21.312761,-0.198904,19.128000,24.452000,19.128000,20.452000,-1.306551,3.139239,0.590816,-0.424678,-0.225773,0.860761,0.304786,-0.112887,0,0
1789801566.784857,3,17.821449,21.312761,-0.198904,19.128000,24.452000,19.128000,20.452000,-1.306551,3.139239,0.590816,-0.424678,-0.225773,0.860761,0.304786,-0.112887,0,0
1789801566.884971,3,17.821449,21.312761,-0.198904,19.128000,24.452000,19.128000,20.452000,-1.306551,3.139239,0.590816,-0.424678,-0.225773,0.860761,0.304786,-0.112887,0,0
1789801566.985233,3,17.821449,21.312761,-0.198904,19.128000,24.452000,19.128000,20.452000,-1.306551,3.139239,0.590816,-0.424678,-0.225773,0.860761,0.304786,-0.112887,0,0
1789801567.085093,3,17.821449,21.312761,-0.198904,19.128000,24.452000,19.128000,20.452000,-1.306551,3.139239,0.590816,-0.424678,-0.225773,0.860761,0.304786,-0.112887,0,0
1789801567.185070,3,17.821449,21.312761,-0.198904,19.128000,24.452000,19.128000,20.452000,-1.306551,3.139239,0.590816,-0.424678,-0.225773,0.860761,0.304786,-0.112887,0,0
1789801567.284983,3,17.821449,21.312761,-0.198904,19.128000,24.452000,19.128000,20.452000,-1.306551,3.139239,0.590816,-0.424678,-0.225773,0.860761,0.304786,-0.112887,0,0
1789801567.385058,3,17.821449,21.312761,-0.198904,19.128000,24.452000,19.128000,20.452000,-1.306551,3.139239,0.590816,-0.424678,-0.225773,0.860761,0.304786,-0.112887,0,0
1789801567.485134,3,17.821449,21.312761,-0.198904,19.128000,24.452000,19.128000,20.452000,-1.306551,3.139239,0.590816,-0.424678,-0.225773,0.860761,0.304786,-0.112887,0,0
1789801567.585492,3,17.821449,21.312761,-0.198904,19.128000,24.452000,19.128000,20.452000,-1.306551,3.139239,0.590816,-0.424678,-0.225773,0.860761,0.304786,-0.112887,0,0
1789801567.685081,3,17.821449,21.312761,-0.198904,19.128000,24.452000,19.128000,20.452000,-1.306551,3.139239,0.590816,-0.424678,-0.225773,0.860761,0.304786,-0.112887,0,0
1789801567.785003,3,17.821449,21.312761,-0.198904,19.128000,24.452000,19.128000,20.452000,-1.306551,3.139239,0.590816,-0.424678,-0.225773,0.860761,0.304786,-0.112887,0,0
1789801567.885013,3,17.821449,21.312761,-0.198904,19.128000,24.452000,19.128000,20.452000,-1.306551,3.139239,0.590816,-0.424678,-0.225773,0.860761,0.304786,-0.112887,0,0
1789801567.985110,3,17.821449,21.312761,-0.198904,19.128000,24.452000,19.128000,20.452000,-1.306551,3.139239,0.590816,-0.424678,-0.225773,0.860761,0.304786,-0.112887,0,0
1789801568.085443,3,17.821449,21.312761,-0.198904,19.128000,24.452000,19.128000,20.452000,-1.306551,3.139239,0.590816,-0.424678,-0.225773,0.860761,0.304786,-0.112887,0,0
1789801568.185223,3,17.821449,21.312761,-0.198904,19.128000,24.452000,19.128000,20.452000,-1.306551,3.139239,0.590816,-0.424678,-0.225773,0.860761,0.304786,-0.112887,0,0
1789801568.285066,3,17.821449,21.312761,-0.198904,19.128000,24.452000,19.128000,20.452000,-1.306551,3.139239,0.590816,-0.424678,-0.225773,0.860761,0.304786,-0.112887,0,0
1789801568.385947,3,17.821449,21.312761,-0.198904,19.128000,24.452000,19.128000,20.452000,-1.306551,3.139239,0.590816,-0.424678,-0.225773,0.860761,0.304786,-0.112887,0,0
1789801568.485006,3,17.821449,21.312761,-0.198904,19.128000,24.452000,19.128000,20.452000,-1.306551,3.139239,0.590816,-0.424678,-0.225773,0.860761,0.304786,-0.112887,0,0
1789801568.585056,3,17.821449,21.312761,-0.198904,19.128000,24.452000,19.128000,20.452000,-1.306551,3.139239,0.590816,-0.424678,-0.225773,0.860761,0.304786,-0.112887,0,0
1789801568.685114,3,17.821449,21.312761,-0.198904,19.128000,24.452000,19.128000,20.452000,-1.306551,3.139239,0.590816,-0.424678,-0.225773,0.860761,0.304786,-0.112887,0,0
1789801568.785037,3,17.821449,21.312761,-0.198904,19.128000,24.452000,19.128000,20.452000,-1.306551,3.139239,0.590816,-0.424678,-0.225773,0.860761,0.304786,-0.112887,0,0
1789801568.884970,3,17.821449,21.312761,-0.198904,19.128000,24.452000,19.128000,20.452000,-1.306551,3.139239,0.590816,-0.424678,-0.225773,0.860761,0.304786,-0.112887,0,0
1789801568.985051,3,17.821449,21.312761,-0.198904,19.128000,24.452000,19.128000,20.452000,-1.306551,3.139239,0.590816,-0.424678,-0.225773,0.860761,0.304786,-0.112887,0,0
1789801569.085111,3,17.821449,21.312761,-0.198904,19.128000,24.452000,19.128000,20.452000,-1.306551,3.139239,0.590816,-0.424678,-0.225773,0.860761,0.304786,-0.112887,0,0
1789801569.185143,3,17.821449,21.312761,-0.198904,19.128000,24.452000,19.128000,20.452000,-1.306551,3.139239,0.590816,-0.424678,-0.225773,0.860761,0.304786,-0.112887,0,0
1789801569.285084,3,17.821449,21.312761,-0.198904,19.128000,24.452000,19.128000,20.452000,-1.306551,3.139239,0.590816,-0.424678,-0.225773,0.860761,0.304786,-0.112887,0,0
1789801569.385165,3,17.821449,21.312761,-0.198904,19.128000,24.452000,19.128000,20.452000,-1.306551,3.139239,0.590816,-0.424678,-0.225773,0.860761,0.304786,-0.112887,0,0
1789801569.485284,3,17.821449,21.312761,-0.198904,19.128000,24.452000,19.128000,20.452000,-1.306551,3.139239,0.590816,-0.424678,-0.225773,0.860761,0.304786,-0.112887,0,0
1789801569.585195,3,17.821449,21.312761,-0.198904,19.128000,24.452000,19.128000,20.452000,-1.306551,3.139239,0.590816,-0.424678,-0.225773,0.860761,0.304786,-0.112887,0,0
1789801569.685071,3,17.821449,21.312761,-0.198904,19.128000,24.452000,19.128000,20.452000,-1.306551,3.139239,0.590816,-0.424678,-0.225773,0.860761,0.304786,-0.112887,0,0
1789801569.785152,3,17.821449,21.312761,-0.198904,19.128000,24.452000,19.128000,20.452000,-1.306551,3.139239,0.590816,-0.424678,-0.225773,0.860761,0.304786,-0.112887,0,0
1789801569.885448,3,17.821449,21.312761,-0.198904,19.128000,24.452000,19.128000,20.452000,-1.306551,3.139239,0.590816,-0.424678,-0.225773,0.860761,0.304786,-0.112887,0,0
1789801569.985164,3,17.821449,21.312761,-0.198904,19.128000,24.452000,19.128000,20.452000,-1.306551,3.139239,0.590816,-0.424678,-0.225773,0.860761,0.304786,-0.112887,0,0
1789801570.085158,3,17.821449,21.312761,-0.198904,19.128000,24.452000,19.128000,20.452000,-1.306551,3.139239,0.590816,-0.424678,-0.225773,0.860761,0.304786,-0.112887,0,0
1789801570.185137,3,17.821449,21.312761,-0.198904,19.128000,24.452000,19.128000,20.452000,-1.306551,3.139239,0.590816,-0.424678,-0.225773,0.860761,0.304786,-0.112887,0,0
1789801570.285100,3,17.821449,21.312761,-0.198904,19.128000,24.452000,19.128000,20.452000,-1.306551,3.139239,0.590816,-0.424678,-0.225773,0.860761,0.304786,-0.112887,0,0
1789801570.385217,3,17.821449,21.312761,-0.198904,19.128000,24.452000,19.128000,20.452000,-1.306551,3.139239,0.590816,-0.424678,-0.225773,0.860761,0.304786,-0.112887,0,0
1789801570.485148,3,17.821449,21.312761,-0.198904,19.128000,24.452000,19.128000,20.452000,-1.306551,3.139239,0.590816,-0.424678,-0.225773,0.860761,0.304786,-0.112887,0,0
1789801570.585171,3,17.821449,21.312761,-0.198904,19.128000,24.452000,19.128000,20.452000,-1.306551,3.139239,0.590816,-0.424678,-0.225773,0.860761,0.304786,-0.112887,0,0
1789801570.685180,3,17.821449,21.312761,-0.198904,19.128000,24.452000,19.128000,20.452000,-1.306551,3.139239,0.590816,-0.424678,-0.225773,0.860761,0.304786,-0.112887,0,0
1789801570.785190,3,17.821449,21.312761,-0.198904,19.128000,24.452000,19.128000,20.452000,-1.306551,3.139239,0.590816,-0.424678,-0.225773,0.860761,0.304786,-0.112887,0,0
1789801570.885161,3,17.821449,21.312761,-0.198904,19.128000,24.452000,19.128000,20.452000,-1.306551,3.139239,0.590816,-0.424678,-0.225773,0.860761,0.304786,-0.112887,0,0
1789801570.985209,3,17.821449,21.312761,-0.198904,19.128000,24.452000,19.128000,20.452000,-1.306551,3.139239,0.590816,-0.424678,-0.225773,0.860761,0.304786,-0.112887,0,0
1789801571.085261,3,17.821449,21.312761,-0.198904,19.128000,24.452000,19.128000,20.452000,-1.306551,3.139239,0.590816,-0.424678,-0.225773,0.860761,0.304786,-0.112887,0,0
1789801571.185251,3,17.821449,21.312761,-0.198904,19.128000,24.452000,19.128000,20.452000,-1.306551,3.139239,0.590816,-0.424678,-0.225773,0.860761,0.304786,-0.112887,0,0
1789801571.285201,3,17.821449,21.312761,-0.198904,19.128000,24.452000,19.128000,20.452000,-1.306551,3.139239,0.590816,-0.424678,-0.225773,0.860761,0.304786,-0.112887,0,0
1789801571.385331,3,17.821449,21.312761,-0.198904,19.128000,24.452000,19.128000,20.452000,-1.306551,3.139239,0.590816,-0.424678,-0.225773,0.860761,0.304786,-0.112887,0,0
1789801571.485218,3,17.821449,21.312761,-0.198904,19.128000,24.452000,19.128000,20.452000,-1.306551,3.139239,0.590816,-0.424678,-0.225773,0.860761,0.304786,-0.112887,0,0
1789801571.585267,3,17.821449,21.312761,-0.198904,19.128000,24.452000,19.128000,20.452000,-1.306551,3.139239,0.590816,-0.424678,-0.225773,0.860761,0.304786,-0.112887,0,0
1789801571.685251,3,17.821449,21.312761,-0.198904,19.128000,24.452000,19.128000,20.452000,-1.306551,3.139239,0.590816,-0.424678,-0.225773,0.860761,0.304786,-0.112887,0,0
1789801571.785251,3,17.821449,21.312761,-0.198904,19.128000,24.452000,19.128000,20.452000,-1.306551,3.139239,0.590816,-0.424678,-0.225773,0.860761,0.304786,-0.112887,0,0
1789801571.885272,3,17.821449,21.312761,-0.198904,19.128000,24.452000,19.128000,20.452000,-1.306551,3.139239,0.590816,-0.424678,-0.225773,0.860761,0.304786,-0.112887,0,0
1789801571.985382,3,17.821449,21.312761,-0.198904,19.128000,24.452000,19.128000,20.452000,-1.306551,3.139239,0.590816,-0.424678,-0.225773,0.860761,0.304786,-0.112887,0,0
1789801572.085322,3,17.821449,21.312761,-0.198904,19.128000,24.452000,19.128000,20.452000,-1.306551,3.139239,0.590816,-0.424678,-0.225773,0.860761,0.304786,-0.112887,0,0
1789801572.185301,3,17.821449,21.312761,-0.198904,19.128000,24.452000,19.128000,20.452000,-1.306551,3.139239,0.590816,-0.424678,-0.225773,0.860761,0.304786,-0.112887,0,0
1789801572.285292,3,17.821449,21.312761,-0.198904,19.128000,24.452000,19.128000,20.452000,-1.306551,3.139239,0.590816,-0.424678,-0.225773,0.860761,0.304786,-0.112887,0,0
1789801572.385306,3,17.821449,21.312761,-0.198904,19.128000,24.452000,19.128000,20.452000,-1.306551,3.139239,0.590816,-0.424678,-0.225773,0.860761,0.000000,0.000000,1,0
1789801572.485298,3,17.821449,21.312761,-0.198904,19.128000,24.452000,19.128000,20.452000,-1.306551,3.139239,0.590816,-0.424678,-0.225773,0.860761,0.000000,0.000000,1,0
1789801572.585303,3,17.821449,21.312761,-0.198904,19.128000,24.452000,19.128000,20.452000,-1.306551,3.139239,0.590816,-0.424678,-0.225773,0.860761,0.000000,0.000000,1,0
1789801572.685287,3,17.821449,21.312761,-0.198904,19.128000,24.452000,19.128000,20.452000,-1.306551,3.139239,0.590816,-0.424678,-0.225773,0.860761,0.000000,0.000000,1,0
1789801572.785302,3,17.821449,21.312761,-0.198904,19.128000,24.452000,19.128000,20.452000,-1.306551,3.139239,0.590816,-0.424678,-0.225773,0.860761,0.000000,0.000000,1,0
1789801572.885327,3,17.821449,21.312761,-0.198904,19.128000,24.452000,19.128000,20.452000,-1.306551,3.139239,0.590816,-0.424678,-0.225773,0.860761,0.000000,0.000000,1,0
1789801572.985317,3,17.821449,21.312761,-0.198904,19.128000,24.452000,19.128000,20.452000,-1.306551,3.139239,0.590816,-0.424678,-0.225773,0.860761,0.000000,0.000000,1,0
1789801573.085343,3,17.821449,21.312761,-0.198904,19.128000,24.452000,19.128000,20.452000,-1.306551,3.139239,0.590816,-0.424678,-0.225773,0.860761,0.000000,0.000000,1,0
1789801573.185364,3,17.821449,21.312761,-0.198904,19.128000,24.452000,19.128000,20.452000,-1.306551,3.139239,0.590816,-0.424678,-0.225773,0.860761,0.000000,0.000000,1,0
1789801573.285311,3,17.821449,21.312761,-0.198904,19.128000,24.452000,19.128000,20.452000,-1.306551,3.139239,0.590816,-0.424678,-0.225773,0.860761,0.000000,0.000000,1,0
1789801573.385333,3,17.821449,21.312761,-0.198904,19.128000,24.452000,19.128000,20.452000,-1.306551,3.139239,0.590816,-0.424678,-0.225773,0.860761,0.000000,0.000000,1,0
1789801573.485373,3,17.821449,21.312761,-0.198904,19.128000,24.452000,19.128000,20.452000,-1.306551,3.139239,0.590816,-0.424678,-0.225773,0.860761,0.000000,0.000000,1,0
1789801573.587068,3,17.821449,21.312761,-0.198904,19.128000,24.452000,19.128000,20.452000,-1.306551,3.139239,0.590816,-0.424678,-0.225773,0.860761,0.000000,0.000000,1,0
1789801573.685347,3,17.821449,21.312761,-0.198904,19.128000,24.452000,19.128000,20.452000,-1.306551,3.139239,0.590816,-0.424678,-0.225773,0.860761,0.000000,0.000000,1,0
1789801573.785355,3,17.821449,21.312761,-0.198904,19.128000,24.452000,19.128000,20.452000,-1.306551,3.139239,0.590816,-0.424678,-0.225773,0.860761,0.000000,0.000000,1,0
1789801573.886518,3,17.821449,21.312761,-0.198904,19.128000,24.452000,19.128000,20.452000,-1.306551,3.139239,0.590816,-0.424678,-0.225773,0.860761,0.000000,0.000000,1,0
1789801573.986526,3,17.821449,21.312761,-0.198904,19.128000,24.452000,19.128000,20.452000,-1.306551,3.139239,0.590816,-0.424678,-0.225773,0.860761,0.000000,0.000000,1,0
1789801574.085419,3,17.821449,21.312761,-0.198904,19.128000,24.452000,19.128000,20.452000,-1.306551,3.139239,0.590816,-0.424678,-0.225773,0.860761,0.000000,0.000000,1,0
1789801574.185408,3,17.821449,21.312761,-0.198904,19.128000,24.452000,19.128000,20.452000,-1.306551,3.139239,0.590816,-0.424678,-0.225773,0.860761,0.000000,0.000000,1,0
1789801574.285415,3,17.821449,21.312761,-0.198904,19.128000,24.452000,19.128000,20.452000,-1.306551,3.139239,0.590816,-0.424678,-0.225773,0.860761,0.000000,0.000000,1,0
1789801574.385890,3,17.821449,21.312761,-0.198904,19.128000,24.452000,19.128000,20.452000,-1.306551,3.139239,0.590816,-0.424678,-0.225773,0.860761,0.000000,0.000000,1,0
1789801574.485409,3,17.821449,21.312761,-0.198904,19.128000,24.452000,19.128000,20.452000,-1.306551,3.139239,0.590816,-0.424678,-0.225773,0.860761,0.000000,0.000000,1,0
1789801574.585453,3,17.821449,21.312761,-0.198904,19.128000,24.452000,19.128000,20.452000,-1.306551,3.139239,0.590816,-0.424678,-0.225773,0.860761,0.000000,0.000000,1,0
1789801574.685493,3,17.821449,21.312761,-0.198904,19.128000,24.452000,19.128000,20.452000,-1.306551,3.139239,0.590816,-0.424678,-0.225773,0.860761,0.000000,0.000000,1,0
1789801574.785750,3,17.821449,21.312761,-0.198904,19.128000,24.452000,19.128000,20.452000,-1.306551,3.139239,0.590816,-0.424678,-0.225773,0.860761,0.000000,0.000000,1,0
1789801574.885447,3,17.821449,21.312761,-0.198904,19.128000,24.452000,19.128000,20.452000,-1.306551,3.139239,0.590816,-0.424678,-0.225773,0.860761,0.000000,0.000000,1,0
1789801574.985462,3,17.821449,21.312761,-0.198904,19.128000,24.452000,19.128000,20.452000,-1.306551,3.139239,0.590816,-0.424678,-0.225773,0.860761,0.000000,0.000000,1,0
1789801575.085472,3,17.821449,21.312761,-0.198904,19.128000,24.452000,19.128000,20.452000,-1.306551,3.139239,0.590816,-0.424678,-0.225773,0.860761,0.000000,0.000000,1,0
1789801575.185468,3,17.821449,21.312761,-0.198904,19.128000,24.452000,19.128000,20.452000,-1.306551,3.139239,0.590816,-0.424678,-0.225773,0.860761,0.000000,0.000000,1,0
1789801575.285466,3,17.821449,21.312761,-0.198904,19.128000,24.452000,19.128000,20.452000,-1.306551,3.139239,0.590816,-0.424678,-0.225773,0.860761,0.000000,0.000000,1,0
1789801575.385486,3,17.821449,21.312761,-0.198904,19.128000,24.452000,19.128000,20.452000,-1.306551,3.139239,0.590816,-0.424678,-0.225773,0.860761,0.000000,0.000000,1,0
1789801575.485495,3,17.821449,21.312761,-0.198904,19.128000,24.452000,19.128000,20.452000,-1.306551,3.139239,0.590816,-0.424678,-0.225773,0.860761,0.000000,0.000000,1,0
1789801575.585504,3,17.821449,21.312761,-0.198904,19.128000,24.452000,19.128000,20.452000,-1.306551,3.139239,0.590816,-0.424678,-0.225773,0.860761,0.000000,0.000000,1,0
1789801575.685503,3,17.821449,21.312761,-0.198904,19.128000,24.452000,19.128000,20.452000,-1.306551,3.139239,0.590816,-0.424678,-0.225773,0.860761,0.000000,0.000000,1,0
1789801575.785516,3,17.821449,21.312761,-0.198904,19.128000,24.452000,19.128000,20.452000,-1.306551,3.139239,0.590816,-0.424678,-0.225773,0.860761,0.000000,0.000000,1,0
1789801575.885526,3,17.821449,21.312761,-0.198904,19.128000,24.452000,19.128000,20.452000,-1.306551,3.139239,0.590816,-0.424678,-0.225773,0.860761,0.000000,0.000000,1,0
1789801575.985544,3,17.821449,21.312761,-0.198904,19.128000,24.452000,19.128000,20.452000,-1.306551,3.139239,0.590816,-0.424678,-0.225773,0.860761,0.000000,0.000000,1,0
1789801576.085538,3,17.821449,21.312761,-0.198904,19.128000,24.452000,19.128000,20.452000,-1.306551,3.139239,0.590816,-0.424678,-0.225773,0.860761,0.000000,0.000000,1,0
1789801576.185583,3,17.821449,21.312761,-0.198904,19.128000,24.452000,19.128000,20.452000,-1.306551,3.139239,0.590816,-0.424678,-0.225773,0.860761,0.000000,0.000000,1,0
1789801576.285493,3,17.821449,21.312761,-0.198904,19.128000,24.452000,19.128000,20.452000,-1.306551,3.139239,0.590816,-0.424678,-0.225773,0.860761,0.000000,0.000000,1,0
1789801576.385586,3,17.821449,21.312761,-0.198904,19.128000,24.452000,19.128000,20.452000,-1.306551,3.139239,0.590816,-0.424678,-0.225773,0.860761,0.000000,0.000000,1,0
1789801576.485523,3,17.821449,21.312761,-0.198904,19.128000,24.452000,19.128000,20.452000,-1.306551,3.139239,0.590816,-0.424678,-0.225773,0.860761,0.000000,0.000000,1,0
1789801576.585564,3,17.821449,21.312761,-0.198904,19.128000,24.452000,19.128000,20.452000,-1.306551,3.139239,0.590816,-0.424678,-0.225773,0.860761,0.000000,0.000000,1,0
1789801576.685560,3,17.821449,21.312761,-0.198904,19.128000,24.452000,19.128000,20.452000,-1.306551,3.139239,0.590816,-0.424678,-0.225773,0.860761,0.000000,0.000000,1,0
1789801576.785568,3,17.821449,21.312761,-0.198904,19.128000,24.452000,19.128000,20.452000,-1.306551,3.139239,0.590816,-0.424678,-0.225773,0.860761,0.000000,0.000000,1,0
1789801576.885638,3,17.821449,21.312761,-0.198904,19.128000,24.452000,19.128000,20.452000,-1.306551,3.139239,0.590816,-0.424678,-0.225773,0.860761,0.000000,0.000000,1,0
1789801576.985546,3,17.821449,21.312761,-0.198904,19.128000,24.452000,19.128000,20.452000,-1.306551,3.139239,0.590816,-0.424678,-0.225773,0.860761,0.000000,0.000000,1,0
1789801577.085621,3,17.821449,21.312761,-0.198904,19.128000,24.452000,19.128000,20.452000,-1.306551,3.139239,0.590816,-0.424678,-0.225773,0.860761,0.000000,0.000000,1,0
1789801577.185603,3,17.821449,21.312761,-0.198904,19.128000,24.452000,19.128000,20.452000,-1.306551,3.139239,0.590816,-0.424678,-0.225773,0.860761,0.000000,0.000000,1,0
1789801577.285757,3,17.821449,21.312761,-0.198904,19.128000,24.452000,19.128000,20.452000,-1.306551,3.139239,0.590816,-0.424678,-0.225773,0.860761,0.000000,0.000000,1,0
1789801577.385621,3,17.821449,21.312761,-0.198904,19.128000,24.452000,19.128000,20.452000,-1.306551,3.139239,0.590816,-0.424678,-0.225773,0.860761,0.000000,0.000000,1,0
1789801577.485666,3,17.821449,21.312761,-0.198904,19.128000,24.452000,19.128000,20.452000,-1.306551,3.139239,0.590816,-0.424678,-0.225773,0.860761,0.000000,0.000000,1,0
1789801577.585627,3,17.821449,21.312761,-0.198904,19.128000,24.452000,19.128000,20.452000,-1.306551,3.139239,0.590816,-0.424678,-0.225773,0.860761,0.000000,0.000000,1,0
1789801577.685665,3,17.821449,21.312761,-0.198904,19.128000,24.452000,19.128000,20.452000,-1.306551,3.139239,0.590816,-0.424678,-0.225773,0.860761,0.000000,0.000000,1,0
1789801577.785613,3,17.821449,21.312761,-0.198904,19.128000,24.452000,19.128000,20.452000,-1.306551,3.139239,0.590816,-0.424678,-0.225773,0.860761,0.000000,0.000000,1,0
1789801577.885621,3,17.821449,21.312761,-0.198904,19.128000,24.452000,19.128000,20.452000,-1.306551,3.139239,0.590816,-0.424678,-0.225773,0.860761,0.000000,0.000000,1,0
1789801577.985622,3,17.821449,21.312761,-0.198904,19.128000,24.452000,19.128000,20.452000,-1.306551,3.139239,0.590816,-0.424678,-0.225773,0.860761,0.000000,0.000000,1,0
1789801578.085624,3,17.821449,21.312761,-0.198904,19.128000,24.452000,19.128000,20.452000,-1.306551,3.139239,0.590816,-0.424678,-0.225773,0.860761,0.000000,0.000000,1,0
1789801578.185632,3,17.821449,21.312761,-0.198904,19.128000,24.452000,19.128000,20.452000,-1.306551,3.139239,0.590816,-0.424678,-0.225773,0.860761,0.000000,0.000000,1,0
1789801578.285636,3,17.821449,21.312761,-0.198904,19.128000,24.452000,19.128000,20.452000,-1.306551,3.139239,0.590816,-0.424678,-0.225773,0.860761,0.000000,0.000000,1,0
1789801578.385684,3,17.821449,21.312761,-0.198904,19.128000,24.452000,19.128000,20.452000,-1.306551,3.139239,0.590816,-0.424678,-0.225773,0.860761,0.000000,0.000000,1,0
1789801578.485674,3,17.821449,21.312761,-0.198904,19.128000,24.452000,19.128000,20.452000,-1.306551,3.139239,0.590816,-0.424678,-0.225773,0.860761,0.000000,0.000000,1,0
1789801578.585674,3,17.821449,21.312761,-0.198904,19.128000,24.452000,19.128000,20.452000,-1.306551,3.139239,0.590816,-0.424678,-0.225773,0.860761,0.000000,0.000000,1,0
1789801578.685689,3,17.821449,21.312761,-0.198904,19.128000,24.452000,19.128000,20.452000,-1.306551,3.139239,0.590816,-0.424678,-0.225773,0.860761,0.000000,0.000000,1,0
1789801578.785855,3,17.821449,21.312761,-0.198904,19.128000,24.452000,19.128000,20.452000,-1.306551,3.139239,0.590816,-0.424678,-0.225773,0.860761,0.000000,0.000000,1,0
1789801578.885693,3,17.821449,21.312761,-0.198904,19.128000,24.452000,19.128000,20.452000,-1.306551,3.139239,0.590816,-0.424678,-0.225773,0.860761,0.000000,0.000000,1,0
1789801578.985693,3,17.821449,21.312761,-0.198904,19.128000,24.452000,19.128000,20.452000,-1.306551,3.139239,0.590816,-0.424678,-0.225773,0.860761,0.000000,0.000000,1,0
1789801579.085701,3,17.821449,21.312761,-0.198904,19.128000,24.452000,19.128000,20.452000,-1.306551,3.139239,0.590816,-0.424678,-0.225773,0.860761,0.000000,0.000000,1,0
1789801579.185719,3,17.821449,21.312761,-0.198904,19.128000,24.452000,19.128000,20.452000,-1.306551,3.139239,0.590816,-0.424678,-0.225773,0.860761,0.000000,0.000000,1,0
1789801579.285713,3,17.821449,21.312761,-0.198904,19.128000,24.452000,19.128000,20.452000,-1.306551,3.139239,0.590816,-0.424678,-0.225773,0.860761,0.000000,0.000000,1,0
1789801579.385715,3,17.821449,21.312761,-0.198904,19.128000,24.452000,19.128000,20.452000,-1.306551,3.139239,0.590816,-0.424678,-0.225773,0.860761,0.000000,0.000000,1,0
1789801579.485719,3,17.821449,21.312761,-0.198904,19.128000,24.452000,19.128000,20.452000,-1.306551,3.139239,0.590816,-0.424678,-0.225773,0.860761,0.000000,0.000000,1,0
1789801579.585735,3,17.821449,21.312761,-0.198904,19.128000,24.452000,19.128000,20.452000,-1.306551,3.139239,0.590816,-0.424678,-0.225773,0.860761,0.000000,0.000000,1,0
1789801579.685732,3,17.821449,21.312761,-0.198904,19.128000,24.452000,19.128000,20.452000,-1.306551,3.139239,0.590816,-0.424678,-0.225773,0.860761,0.000000,0.000000,1,0
1789801579.785714,3,17.821449,21.312761,-0.198904,19.128000,24.452000,19.128000,20.452000,-1.306551,3.139239,0.590816,-0.424678,-0.225773,0.860761,0.000000,0.000000,1,0
1789801579.885755,3,17.821449,21.312761,-0.198904,19.128000,24.452000,19.128000,20.452000,-1.306551,3.139239,0.590816,-0.424678,-0.225773,0.860761,0.000000,0.000000,1,0
1789801579.985790,3,17.821449,21.312761,-0.198904,19.128000,24.452000,19.128000,20.452000,-1.306551,3.139239,0.590816,-0.424678,-0.225773,0.860761,0.000000,0.000000,1,0
1789801580.085747,3,17.821449,21.312761,-0.198904,19.128000,24.452000,19.128000,20.452000,-1.306551,3.139239,0.590816,-0.424678,-0.225773,0.860761,0.000000,0.000000,1,0
1789801580.185703,3,17.821449,21.312761,-0.198904,19.128000,24.452000,19.128000,20.452000,-1.306551,3.139239,0.590816,-0.424678,-0.225773,0.860761,0.000000,0.000000,1,0
1789801580.285786,3,17.821449,21.312761,-0.198904,19.128000,24.452000,19.128000,20.452000,-1.306551,3.139239,0.590816,-0.424678,-0.225773,0.860761,0.000000,0.000000,1,0
1789801580.385767,3,17.821449,21.312761,-0.198904,19.128000,24.452000,19.128000,20.452000,-1.306551,3.139239,0.590816,-0.424678,-0.225773,0.860761,0.000000,0.000000,1,0
1789801580.485771,3,17.821449,21.312761,-0.198904,19.128000,24.452000,19.128000,20.452000,-1.306551,3.139239,0.590816,-0.424678,-0.225773,0.860761,0.000000,0.000000,1,0
1789801580.586090,3,17.821449,21.312761,-0.198904,19.128000,24.452000,19.128000,20.452000,-1.306551,3.139239,0.590816,-0.424678,-0.225773,0.860761,0.000000,0.000000,1,0
1789801580.685798,3,17.821449,21.312761,-0.198904,19.128000,24.452000,19.128000,20.452000,-1.306551,3.139239,0.590816,-0.424678,-0.225773,0.860761,0.000000,0.000000,1,0
1789801580.785799,3,17.821449,21.312761,-0.198904,19.128000,24.452000,19.128000,20.452000,-1.306551,3.139239,0.590816,-0.424678,-0.225773,0.860761,0.000000,0.000000,1,0
1789801580.885776,3,17.821449,21.312761,-0.198904,19.128000,24.452000,19.128000,20.452000,-1.306551,3.139239,0.590816,-0.424678,-0.225773,0.860761,0.000000,0.000000,1,0
1789801580.985818,3,17.821449,21.312761,-0.198904,19.128000,24.452000,19.128000,20.452000,-1.306551,3.139239,0.590816,-0.424678,-0.225773,0.860761,0.000000,0.000000,1,0
1789801581.085800,3,17.821449,21.312761,-0.198904,19.128000,24.452000,19.128000,20.452000,-1.306551,3.139239,0.590816,-0.424678,-0.225773,0.860761,0.000000,0.000000,1,0
1789801581.185808,3,17.821449,21.312761,-0.198904,19.128000,24.452000,19.128000,20.452000,-1.306551,3.139239,0.590816,-0.424678,-0.225773,0.860761,0.000000,0.000000,1,0
1789801581.285758,3,17.821449,21.312761,-0.198904,19.128000,24.452000,19.128000,20.452000,-1.306551,3.139239,0.590816,-0.424678,-0.225773,0.860761,0.000000,0.000000,1,0
1789801581.385843,3,17.821449,21.312761,-0.198904,19.128000,24.452000,19.128000,20.452000,-1.306551,3.139239,0.590816,-0.424678,-0.225773,0.860761,0.000000,0.000000,1,0
1789801581.485930,3,17.821449,21.312761,-0.198904,19.128000,24.452000,19.128000,20.452000,-1.306551,3.139239,0.590816,-0.424678,-0.225773,0.860761,0.000000,0.000000,1,0
1789801581.585847,3,17.821449,21.312761,-0.198904,19.128000,24.452000,19.128000,20.452000,-1.306551,3.139239,0.590816,-0.424678,-0.225773,0.860761,0.000000,0.000000,1,0
1789801581.685863,3,17.821449,21.312761,-0.198904,19.128000,24.452000,19.128000,20.452000,-1.306551,3.139239,0.590816,-0.424678,-0.225773,0.860761,0.000000,0.000000,1,0
1789801581.785864,3,17.821449,21.312761,-0.198904,19.128000,24.452000,19.128000,20.452000,-1.306551,3.139239,0.590816,-0.424678,-0.225773,0.860761,0.000000,0.000000,1,0
1789801581.885866,3,17.821449,21.312761,-0.198904,19.128000,24.452000,19.128000,20.452000,-1.306551,3.139239,0.590816,-0.424678,-0.225773,0.860761,0.000000,0.000000,1,0
1789801581.985902,3,17.821449,21.312761,-0.198904,19.128000,24.452000,19.128000,20.452000,-1.306551,3.139239,0.590816,-0.424678,-0.225773,0.860761,0.000000,0.000000,1,0
1789801582.085825,3,17.821449,21.312761,-0.198904,19.128000,24.452000,19.128000,20.452000,-1.306551,3.139239,0.590816,-0.424678,-0.225773,0.860761,0.000000,0.000000,1,0
1789801582.185867,3,17.821449,21.312761,-0.198904,19.128000,24.452000,19.128000,20.452000,-1.306551,3.139239,0.590816,-0.424678,-0.225773,0.860761,0.000000,0.000000,1,0
1789801582.285901,3,17.821449,21.312761,-0.198904,19.128000,24.452000,19.128000,20.452000,-1.306551,3.139239,0.590816,-0.424678,-0.225773,0.860761,0.000000,0.000000,1,0
1789801582.385865,3,17.821449,21.312761,-0.198904,19.128000,24.452000,19.128000,20.452000,-1.306551,3.139239,0.590816,-0.424678,-0.225773,0.860761,0.000000,0.000000,1,0
1789801582.485918,3,17.821449,21.312761,-0.198904,19.128000,24.452000,19.128000,20.452000,-1.306551,3.139239,0.590816,-0.424678,-0.225773,0.860761,0.000000,0.000000,1,0
1789801582.585908,3,17.821449,21.312761,-0.198904,19.128000,24.452000,19.128000,20.452000,-1.306551,3.139239,0.590816,-0.424678,-0.225773,0.860761,0.000000,0.000000,1,0
1789801582.690495,3,17.821449,21.312761,-0.198904,19.128000,24.452000,19.128000,20.452000,-1.306551,3.139239,0.590816,-0.424678,-0.225773,0.860761,0.000000,0.000000,1,0
