time_s,segment,amcl_x,amcl_y,amcl_yaw,start_x,start_y,goal_x,goal_y,cross_track,long_track,lookahead,target_heading,heading_error,remaining_distance,linear_cmd,angular_cmd,safety_stop,finished
1789814239.264364,0,18.236502,20.867174,0.008026,0.000000,0.000000,0.000000,0.000000,0.000000,0.000000,0.000000,0.000000,0.000000,0.000000,0.000000,0.000000,1,0
1789814239.364349,0,18.150442,20.838337,0.024267,0.000000,0.000000,0.000000,0.000000,0.000000,0.000000,0.000000,0.000000,0.000000,0.000000,0.000000,0.000000,1,0
1789814239.464407,0,18.150442,20.838337,0.024267,0.000000,0.000000,0.000000,0.000000,0.000000,0.000000,0.000000,0.000000,0.000000,0.000000,0.000000,0.000000,1,0
1789814239.564359,0,18.150442,20.838337,0.024267,0.000000,0.000000,0.000000,0.000000,0.000000,0.000000,0.000000,0.000000,0.000000,0.000000,0.000000,0.000000,1,0
1789814239.664361,0,18.150442,20.838337,0.024267,0.000000,0.000000,0.000000,0.000000,0.000000,0.000000,0.000000,0.000000,0.000000,0.000000,0.000000,0.000000,1,0
1789814239.764365,0,18.150442,20.838337,0.024267,0.000000,0.000000,0.000000,0.000000,0.000000,0.000000,0.000000,0.000000,0.000000,0.000000,0.000000,0.000000,1,0
1789814239.864391,0,18.150442,20.838337,0.024267,0.000000,0.000000,0.000000,0.000000,0.000000,0.000000,0.000000,0.000000,0.000000,0.000000,0.000000,0.000000,1,0
1789814239.964409,0,18.150442,20.838337,0.024267,0.000000,0.000000,0.000000,0.000000,0.000000,0.000000,0.000000,0.000000,0.000000,0.000000,0.000000,0.000000,1,0
1789814240.064468,0,18.150442,20.838337,0.024267,0.000000,0.000000,0.000000,0.000000,0.000000,0.000000,0.000000,0.000000,0.000000,0.000000,0.000000,0.000000,1,0
1789814240.164400,0,18.150442,20.838337,0.024267,0.000000,0.000000,0.000000,0.000000,0.000000,0.000000,0.000000,0.000000,0.000000,0.000000,0.000000,0.000000,1,0
1789814240.264376,0,18.150442,20.838337,0.024267,0.000000,0.000000,0.000000,0.000000,0.000000,0.000000,0.000000,0.000000,0.000000,0.000000,0.000000,0.000000,1,0
1789814240.364436,0,18.150442,20.838337,0.024267,0.000000,0.000000,0.000000,0.000000,0.000000,0.000000,0.000000,0.000000,0.000000,0.000000,0.000000,0.000000,1,0
1789814240.464385,0,18.150442,20.838337,0.024267,0.000000,0.000000,0.000000,0.000000,0.000000,0.000000,0.000000,0.000000,0.000000,0.000000,0.000000,0.000000,1,0
1789814240.564422,0,18.150442,20.838337,0.024267,0.000000,0.000000,0.000000,0.000000,0.000000,0.000000,0.000000,0.000000,0.000000,0.000000,0.000000,0.000000,1,0
1789814240.664836,0,18.150442,20.838337,0.024267,0.000000,0.000000,0.000000,0.000000,0.000000,0.000000,0.000000,0.000000,0.000000,0.000000,0.000000,0.000000,1,0
1789814240.764484,0,18.150442,20.838337,0.024267,0.000000,0.000000,0.000000,0.000000,0.000000,0.000000,0.000000,0.000000,0.000000,0.000000,0.000000,0.000000,1,0
1789814240.864370,0,18.150442,20.838337,0.024267,0.000000,0.000000,0.000000,0.000000,0.000000,0.000000,0.000000,0.000000,0.000000,0.000000,0.000000,0.000000,1,0
1789814240.965301,0,18.150442,20.838337,0.024267,0.000000,0.000000,0.000000,0.000000,0.000000,0.000000,0.000000,0.000000,0.000000,0.000000,0.000000,0.000000,1,0
1789814241.064440,0,18.150442,20.838337,0.024267,0.000000,0.000000,0.000000,0.000000,0.000000,0.000000,0.000000,0.000000,0.000000,0.000000,0.000000,0.000000,1,0
1789814241.164461,0,18.150442,20.838337,0.024267,0.000000,0.000000,0.000000,0.000000,0.000000,0.000000,0.000000,0.000000,0.000000,0.000000,0.000000,0.000000,1,0
1789814241.264436,0,18.150442,20.838337,0.024267,0.000000,0.000000,0.000000,0.000000,0.000000,0.000000,0.000000,0.000000,0.000000,0.000000,0.000000,0.000000,1,0
1789814241.364469,0,18.150442,20.838337,0.024267,0.000000,0.000000,0.000000,0.000000,0.000000,0.000000,0.000000,0.000000,0.000000,0.000000,0.000000,0.000000,1,0
1789814241.464458,0,18.150442,20.838337,0.024267,0.000000,0.000000,0.000000,0.000000,0.000000,0.000000,0.000000,0.000000,0.000000,0.000000,0.000000,0.000000,1,0
1789814241.564536,0,18.150442,20.838337,0.024267,0.000000,0.000000,0.000000,0.000000,0.000000,0.000000,0.000000,0.000000,0.000000,0.000000,0.000000,0.000000,1,0
1789814241.664473,0,18.150442,20.838337,0.024267,0.000000,0.000000,0.000000,0.000000,0.000000,0.000000,0.000000,0.000000,0.000000,0.000000,0.000000,0.000000,1,0
1789814241.764476,0,18.150442,20.838337,0.024267,0.000000,0.000000,0.000000,0.000000,0.000000,0.000000,0.000000,0.000000,0.000000,0.000000,0.000000,0.000000,1,0
1789814241.865052,0,18.150442,20.838337,0.024267,0.000000,0.000000,0.000000,0.000000,0.000000,0.000000,0.000000,0.000000,0.000000,0.000000,0.000000,0.000000,1,0
1789814241.964497,0,18.150442,20.838337,0.024267,0.000000,0.000000,0.000000,0.000000,0.000000,0.000000,0.000000,0.000000,0.000000,0.000000,0.000000,0.000000,1,0
1789814242.065119,0,18.150442,20.838337,0.024267,0.000000,0.000000,0.000000,0.000000,0.000000,0.000000,0.000000,0.000000,0.000000,0.000000,0.000000,0.000000,1,0
1789814242.164796,0,18.150442,20.838337,0.024267,0.000000,0.000000,0.000000,0.000000,0.000000,0.000000,0.000000,0.000000,0.000000,0.000000,0.000000,0.000000,1,0
1789814242.264542,0,18.150442,20.838337,0.024267,0.000000,0.000000,0.000000,0.000000,0.000000,0.000000,0.000000,0.000000,0.000000,0.000000,0.000000,0.000000,1,0
1789814242.364506,0,18.150442,20.838337,0.024267,0.000000,0.000000,0.000000,0.000000,0.000000,0.000000,0.000000,0.000000,0.000000,0.000000,0.000000,0.000000,1,0
1789814242.464461,0,18.150442,20.838337,0.024267,0.000000,0.000000,0.000000,0.000000,0.000000,0.000000,0.000000,0.000000,0.000000,0.000000,0.000000,0.000000,1,0
1789814242.564758,0,18.150442,20.838337,0.024267,0.000000,0.000000,0.000000,0.000000,0.000000,0.000000,0.000000,0.000000,0.000000,0.000000,0.000000,0.000000,1,0
1789814242.664549,0,18.150442,20.838337,0.024267,0.000000,0.000000,0.000000,0.000000,0.000000,0.000000,0.000000,0.000000,0.000000,0.000000,0.000000,0.000000,1,0
1789814242.764538,0,18.150442,20.838337,0.024267,0.000000,0.000000,0.000000,0.000000,0.000000,0.000000,0.000000,0.000000,0.000000,0.000000,0.000000,0.000000,1,0
1789814242.864507,0,18.150442,20.838337,0.024267,0.000000,0.000000,0.000000,0.000000,0.000000,0.000000,0.000000,0.000000,0.000000,0.000000,0.000000,0.000000,1,0
1789814242.964503,0,18.150442,20.838337,0.024267,0.000000,0.000000,0.000000,0.000000,0.000000,0.000000,0.000000,0.000000,0.000000,0.000000,0.000000,0.000000,1,0
1789814243.064540,0,18.150442,20.838337,0.024267,0.000000,0.000000,0.000000,0.000000,0.000000,0.000000,0.000000,0.000000,0.000000,0.000000,0.000000,0.000000,1,0
1789814243.164591,0,18.150442,20.838337,0.024267,0.000000,0.000000,0.000000,0.000000,0.000000,0.000000,0.000000,0.000000,0.000000,0.000000,0.000000,0.000000,1,0
1789814243.264592,0,18.150442,20.838337,0.024267,0.000000,0.000000,0.000000,0.000000,0.000000,0.000000,0.000000,0.000000,0.000000,0.000000,0.000000,0.000000,1,0
1789814243.364596,0,18.150442,20.838337,0.024267,0.000000,0.000000,0.000000,0.000000,0.000000,0.000000,0.000000,0.000000,0.000000,0.000000,0.000000,0.000000,1,0
1789814243.464605,0,18.150442,20.838337,0.024267,0.000000,0.000000,0.000000,0.000000,0.000000,0.000000,0.000000,0.000000,0.000000,0.000000,0.000000,0.000000,1,0
1789814243.565131,0,18.150442,20.838337,0.024267,0.000000,0.000000,0.000000,0.000000,0.000000,0.000000,0.000000,0.000000,0.000000,0.000000,0.000000,0.000000,1,0
1789814243.664596,0,18.150442,20.838337,0.024267,0.000000,0.000000,0.000000,0.000000,0.000000,0.000000,0.000000,0.000000,0.000000,0.000000,0.000000,0.000000,1,0
1789814243.764568,0,18.150442,20.838337,0.024267,0.000000,0.000000,0.000000,0.000000,0.000000,0.000000,0.000000,0.000000,0.000000,0.000000,0.000000,0.000000,1,0
1789814243.864605,0,18.150442,20.838337,0.024267,0.000000,0.000000,0.000000,0.000000,0.000000,0.000000,0.000000,0.000000,0.000000,0.000000,0.000000,0.000000,1,0
1789814243.964583,0,18.150442,20.838337,0.024267,0.000000,0.000000,0.000000,0.000000,0.000000,0.000000,0.000000,0.000000,0.000000,0.000000,0.000000,0.000000,1,0
1789814244.064594,0,18.150442,20.838337,0.024267,0.000000,0.000000,0.000000,0.000000,0.000000,0.000000,0.000000,0.000000,0.000000,0.000000,0.000000,0.000000,1,0
1789814244.164683,0,18.150442,20.838337,0.024267,0.000000,0.000000,0.000000,0.000000,0.000000,0.000000,0.000000,0.000000,0.000000,0.000000,0.000000,0.000000,1,0
1789814244.264635,0,18.150442,20.838337,0.024267,0.000000,0.000000,0.000000,0.000000,0.000000,0.000000,0.000000,0.000000,0.000000,0.000000,0.000000,0.000000,1,0
1789814244.364812,0,18.150442,20.838337,0.024267,0.000000,0.000000,0.000000,0.000000,0.000000,0.000000,0.000000,0.000000,0.000000,0.000000,0.000000,0.000000,1,0
1789814244.464597,0,18.150442,20.838337,0.024267,0.000000,0.000000,0.000000,0.000000,0.000000,0.000000,0.000000,0.000000,0.000000,0.000000,0.000000,0.000000,1,0
1789814244.564660,0,18.150442,20.838337,0.024267,0.000000,0.000000,0.000000,0.000000,0.000000,0.000000,0.000000,0.000000,0.000000,0.000000,0.000000,0.000000,1,0
1789814244.664615,0,18.150442,20.838337,0.024267,0.000000,0.000000,0.000000,0.000000,0.000000,0.000000,0.000000,0.000000,0.000000,0.000000,0.000000,0.000000,1,0
1789814244.764566,0,18.150442,20.838337,0.024267,0.000000,0.000000,0.000000,0.000000,0.000000,0.000000,0.000000,0.000000,0.000000,0.000000,0.000000,0.000000,1,0
1789814244.864617,0,18.150442,20.838337,0.024267,0.000000,0.000000,0.000000,0.000000,0.000000,0.000000,0.000000,0.000000,0.000000,0.000000,0.000000,0.000000,1,0
1789814244.964618,0,18.150442,20.838337,0.024267,0.000000,0.000000,0.000000,0.000000,0.000000,0.000000,0.000000,0.000000,0.000000,0.000000,0.000000,0.000000,1,0
1789814245.064593,0,18.150442,20.838337,0.024267,0.000000,0.000000,0.000000,0.000000,0.000000,0.000000,0.000000,0.000000,0.000000,0.000000,0.000000,0.000000,1,0
1789814245.164656,0,18.150442,20.838337,0.024267,0.000000,0.000000,0.000000,0.000000,0.000000,0.000000,0.000000,0.000000,0.000000,0.000000,0.000000,0.000000,1,0
1789814245.264683,0,18.150442,20.838337,0.024267,0.000000,0.000000,0.000000,0.000000,0.000000,0.000000,0.000000,0.000000,0.000000,0.000000,0.000000,0.000000,1,0
1789814245.364702,0,18.150442,20.838337,0.024267,0.000000,0.000000,0.000000,0.000000,0.000000,0.000000,0.000000,0.000000,0.000000,0.000000,0.000000,0.000000,1,0
1789814245.464674,0,18.150442,20.838337,0.024267,0.000000,0.000000,0.000000,0.000000,0.000000,0.000000,0.000000,0.000000,0.000000,0.000000,0.000000,0.000000,1,0
1789814245.565231,0,18.150442,20.838337,0.024267,0.000000,0.000000,0.000000,0.000000,0.000000,0.000000,0.000000,0.000000,0.000000,0.000000,0.000000,0.000000,1,0
1789814245.664967,0,17.986067,20.793306,-0.046593,0.000000,0.000000,0.000000,0.000000,0.000000,0.000000,0.000000,0.000000,0.000000,0.000000,0.000000,0.000000,1,0
1789814245.764690,0,17.986067,20.793306,-0.046593,0.000000,0.000000,0.000000,0.000000,0.000000,0.000000,0.000000,0.000000,0.000000,0.000000,0.000000,0.000000,1,0
1789814245.864678,0,17.986067,20.793306,-0.046593,0.000000,0.000000,0.000000,0.000000,0.000000,0.000000,0.000000,0.000000,0.000000,0.000000,0.000000,0.000000,1,0
1789814245.964689,0,17.986067,20.793306,-0.046593,0.000000,0.000000,0.000000,0.000000,0.000000,0.000000,0.000000,0.000000,0.000000,0.000000,0.000000,0.000000,1,0
1789814246.064696,0,17.986067,20.793306,-0.046593,0.000000,0.000000,0.000000,0.000000,0.000000,0.000000,0.000000,0.000000,0.000000,0.000000,0.000000,0.000000,1,0
1789814246.164724,0,17.986067,20.793306,-0.046593,0.000000,0.000000,0.000000,0.000000,0.000000,0.000000,0.000000,0.000000,0.000000,0.000000,0.000000,0.000000,1,0
1789814246.264683,0,17.986067,20.793306,-0.046593,0.000000,0.000000,0.000000,0.000000,0.000000,0.000000,0.000000,0.000000,0.000000,0.000000,0.000000,0.000000,1,0
1789814246.364703,0,17.986067,20.793306,-0.046593,0.000000,0.000000,0.000000,0.000000,0.000000,0.000000,0.000000,0.000000,0.000000,0.000000,0.000000,0.000000,1,0
1789814246.464686,0,17.986067,20.793306,-0.046593,0.000000,0.000000,0.000000,0.000000,0.000000,0.000000,0.000000,0.000000,0.000000,0.000000,0.000000,0.000000,1,0
1789814246.564735,0,17.986067,20.793306,-0.046593,0.000000,0.000000,0.000000,0.000000,0.000000,0.000000,0.000000,0.000000,0.000000,0.000000,0.000000,0.000000,1,0
1789814246.664684,0,17.986067,20.793306,-0.046593,0.000000,0.000000,0.000000,0.000000,0.000000,0.000000,0.000000,0.000000,0.000000,0.000000,0.000000,0.000000,1,0
1789814246.764723,0,17.986067,20.793306,-0.046593,0.000000,0.000000,0.000000,0.000000,0.000000,0.000000,0.000000,0.000000,0.000000,0.000000,0.000000,0.000000,1,0
1789814246.864718,0,17.986067,20.793306,-0.046593,0.000000,0.000000,0.000000,0.000000,0.000000,0.000000,0.000000,0.000000,0.000000,0.000000,0.000000,0.000000,1,0
1789814246.964714,0,17.986067,20.793306,-0.046593,0.000000,0.000000,0.000000,0.000000,0.000000,0.000000,0.000000,0.000000,0.000000,0.000000,0.000000,0.000000,1,0
1789814247.064807,0,17.986067,20.793306,-0.046593,0.000000,0.000000,0.000000,0.000000,0.000000,0.000000,0.000000,0.000000,0.000000,0.000000,0.000000,0.000000,1,0
1789814247.164725,0,17.986067,20.793306,-0.046593,0.000000,0.000000,0.000000,0.000000,0.000000,0.000000,0.000000,0.000000,0.000000,0.000000,0.000000,0.000000,1,0
1789814247.264779,0,17.986067,20.793306,-0.046593,0.000000,0.000000,0.000000,0.000000,0.000000,0.000000,0.000000,0.000000,0.000000,0.000000,0.000000,0.000000,1,0
1789814247.365230,0,17.986067,20.793306,-0.046593,0.000000,0.000000,0.000000,0.000000,0.000000,0.000000,0.000000,0.000000,0.000000,0.000000,0.000000,0.000000,1,0
1789814247.464771,0,17.986067,20.793306,-0.046593,0.000000,0.000000,0.000000,0.000000,0.000000,0.000000,0.000000,0.000000,0.000000,0.000000,0.000000,0.000000,1,0
1789814247.565676,0,17.986067,20.793306,-0.046593,0.000000,0.000000,0.000000,0.000000,0.000000,0.000000,0.000000,0.000000,0.000000,0.000000,0.000000,0.000000,1,0
1789814247.664845,0,17.986067,20.793306,-0.046593,0.000000,0.000000,0.000000,0.000000,0.000000,0.000000,0.000000,0.000000,0.000000,0.000000,0.000000,0.000000,1,0
1789814247.764790,0,17.986067,20.793306,-0.046593,0.000000,0.000000,0.000000,0.000000,0.000000,0.000000,0.000000,0.000000,0.000000,0.000000,0.000000,0.000000,1,0
1789814247.865170,0,17.986067,20.793306,-0.046593,0.000000,0.000000,0.000000,0.000000,0.000000,0.000000,0.000000,0.000000,0.000000,0.000000,0.000000,0.000000,1,0
1789814247.964784,0,17.986067,20.793306,-0.046593,0.000000,0.000000,0.000000,0.000000,0.000000,0.000000,0.000000,0.000000,0.000000,0.000000,0.000000,0.000000,1,0
1789814248.064780,0,17.986067,20.793306,-0.046593,0.000000,0.000000,0.000000,0.000000,0.000000,0.000000,0.000000,0.000000,0.000000,0.000000,0.000000,0.000000,1,0
1789814248.164684,0,17.986067,20.793306,-0.046593,0.000000,0.000000,0.000000,0.000000,0.000000,0.000000,0.000000,0.000000,0.000000,0.000000,0.000000,0.000000,1,0
1789814248.264679,0,17.986067,20.793306,-0.046593,0.000000,0.000000,0.000000,0.000000,0.000000,0.000000,0.000000,0.000000,0.000000,0.000000,0.000000,0.000000,1,0
1789814248.364851,0,17.986067,20.793306,-0.046593,0.000000,0.000000,0.000000,0.000000,0.000000,0.000000,0.000000,0.000000,0.000000,0.000000,0.000000,0.000000,1,0
1789814248.465486,0,17.986067,20.793306,-0.046593,0.000000,0.000000,0.000000,0.000000,0.000000,0.000000,0.000000,0.000000,0.000000,0.000000,0.000000,0.000000,1,0
1789814248.564918,0,17.986067,20.793306,-0.046593,0.000000,0.000000,0.000000,0.000000,0.000000,0.000000,0.000000,0.000000,0.000000,0.000000,0.000000,0.000000,0,0
1789814248.665366,0,17.986067,20.793306,-0.046593,0.000000,0.000000,0.000000,0.000000,0.000000,0.000000,0.000000,0.000000,0.000000,0.000000,0.000000,0.000000,0,0
1789814248.766621,0,17.986067,20.793306,-0.046593,0.000000,0.000000,0.000000,0.000000,0.000000,0.000000,0.000000,0.000000,0.000000,0.000000,0.000000,0.000000,0,0
1789814248.870161,0,17.986067,20.793306,-0.046593,0.000000,0.000000,0.000000,0.000000,0.000000,0.000000,0.000000,0.000000,0.000000,0.000000,0.000000,0.000000,0,0
1789814248.966251,0,17.986067,20.793306,-0.046593,0.000000,0.000000,0.000000,0.000000,0.000000,0.000000,0.000000,0.000000,0.000000,0.000000,0.000000,0.000000,0,0
1789814249.065387,0,17.986067,20.793306,-0.046593,0.000000,0.000000,0.000000,0.000000,0.000000,0.000000,0.000000,0.000000,0.000000,0.000000,0.000000,0.000000,0,0
1789814249.165675,0,17.986067,20.793306,-0.046593,0.000000,0.000000,0.000000,0.000000,0.000000,0.000000,0.000000,0.000000,0.000000,0.000000,0.000000,0.000000,0,0
1789814249.265731,0,17.986067,20.793306,-0.046593,0.000000,0.000000,0.000000,0.000000,0.000000,0.000000,0.000000,0.000000,0.000000,0.000000,0.000000,0.000000,0,0
1789814249.365489,0,17.986067,20.793306,-0.046593,0.000000,0.000000,0.000000,0.000000,0.000000,0.000000,0.000000,0.000000,0.000000,0.000000,0.000000,0.000000,0,0
1789814249.464846,0,17.986067,20.793306,-0.046593,0.000000,0.000000,0.000000,0.000000,0.000000,0.000000,0.000000,0.000000,0.000000,0.000000,0.000000,0.000000,0,0
1789814249.565026,0,17.986067,20.793306,-0.046593,0.000000,0.000000,0.000000,0.000000,0.000000,0.000000,0.000000,0.000000,0.000000,0.000000,0.000000,0.000000,0,0
1789814249.664927,0,17.986067,20.793306,-0.046593,0.000000,0.000000,0.000000,0.000000,0.000000,0.000000,0.000000,0.000000,0.000000,0.000000,0.000000,0.000000,0,0
1789814249.764840,0,17.986067,20.793306,-0.046593,0.000000,0.000000,0.000000,0.000000,0.000000,0.000000,0.000000,0.000000,0.000000,0.000000,0.000000,0.000000,0,0
1789814249.866277,0,17.986067,20.793306,-0.046593,0.000000,0.000000,0.000000,0.000000,0.000000,0.000000,0.000000,0.000000,0.000000,0.000000,0.000000,0.000000,0,0
1789814249.964832,0,17.986067,20.793306,-0.046593,0.000000,0.000000,0.000000,0.000000,0.000000,0.000000,0.000000,0.000000,0.000000,0.000000,0.000000,0.000000,0,0
1789814250.064868,0,17.986067,20.793306,-0.046593,0.000000,0.000000,0.000000,0.000000,0.000000,0.000000,0.000000,0.000000,0.000000,0.000000,0.000000,0.000000,0,0
1789814250.164845,0,17.986067,20.793306,-0.046593,0.000000,0.000000,0.000000,0.000000,0.000000,0.000000,0.000000,0.000000,0.000000,0.000000,0.000000,0.000000,0,0
1789814250.264806,0,17.986067,20.793306,-0.046593,0.000000,0.000000,0.000000,0.000000,0.000000,0.000000,0.000000,0.000000,0.000000,0.000000,0.000000,0.000000,0,0
1789814250.364883,0,17.986067,20.793306,-0.046593,0.000000,0.000000,0.000000,0.000000,0.000000,0.000000,0.000000,0.000000,0.000000,0.000000,0.000000,0.000000,0,0
1789814250.465552,0,17.986067,20.793306,-0.046593,0.000000,0.000000,0.000000,0.000000,0.000000,0.000000,0.000000,0.000000,0.000000,0.000000,0.000000,0.000000,0,0
1789814250.565615,0,17.986067,20.793306,-0.046593,0.000000,0.000000,0.000000,0.000000,0.000000,0.000000,0.000000,0.000000,0.000000,0.000000,0.000000,0.000000,0,0
1789814250.665152,0,17.986067,20.793306,-0.046593,0.000000,0.000000,0.000000,0.000000,0.000000,0.000000,0.000000,0.000000,0.000000,0.000000,0.000000,0.000000,0,0
1789814250.765170,0,17.986067,20.793306,-0.046593,0.000000,0.000000,0.000000,0.000000,0.000000,0.000000,0.000000,0.000000,0.000000,0.000000,0.000000,0.000000,0,0
1789814250.864932,0,17.986067,20.793306,-0.046593,0.000000,0.000000,0.000000,0.000000,0.000000,0.000000,0.000000,0.000000,0.000000,0.000000,0.000000,0.000000,0,0
1789814250.964938,0,17.986067,20.793306,-0.046593,0.000000,0.000000,0.000000,0.000000,0.000000,0.000000,0.000000,0.000000,0.000000,0.000000,0.000000,0.000000,0,0
1789814251.065070,0,17.986067,20.793306,-0.046593,0.000000,0.000000,0.000000,0.000000,0.000000,0.000000,0.000000,0.000000,0.000000,0.000000,0.000000,0.000000,0,0
1789814251.165967,0,17.986067,20.793306,-0.046593,0.000000,0.000000,0.000000,0.000000,0.000000,0.000000,0.000000,0.000000,0.000000,0.000000,0.000000,0.000000,0,0
1789814251.264918,0,17.986067,20.793306,-0.046593,0.000000,0.000000,0.000000,0.000000,0.000000,0.000000,0.000000,0.000000,0.000000,0.000000,0.000000,0.000000,0,0
1789814251.364914,0,17.986067,20.793306,-0.046593,0.000000,0.000000,0.000000,0.000000,0.000000,0.000000,0.000000,0.000000,0.000000,0.000000,0.000000,0.000000,0,0
1789814251.464900,0,17.986067,20.793306,-0.046593,0.000000,0.000000,0.000000,0.000000,0.000000,0.000000,0.000000,0.000000,0.000000,0.000000,0.000000,0.000000,0,0
1789814251.565065,0,17.986067,20.793306,-0.046593,0.000000,0.000000,0.000000,0.000000,0.000000,0.000000,0.000000,0.000000,0.000000,0.000000,0.000000,0.000000,0,0
1789814251.665528,0,17.986067,20.793306,-0.046593,0.000000,0.000000,0.000000,0.000000,0.000000,0.000000,0.000000,0.000000,0.000000,0.000000,0.000000,0.000000,0,0
1789814251.764930,0,17.986067,20.793306,-0.046593,0.000000,0.000000,0.000000,0.000000,0.000000,0.000000,0.000000,0.000000,0.000000,0.000000,0.000000,0.000000,0,0
1789814251.864969,0,17.986067,20.793306,-0.046593,0.000000,0.000000,0.000000,0.000000,0.000000,0.000000,0.000000,0.000000,0.000000,0.000000,0.000000,0.000000,0,0
1789814251.964969,0,17.986067,20.793306,-0.046593,0.000000,0.000000,0.000000,0.000000,0.000000,0.000000,0.000000,0.000000,0.000000,0.000000,0.000000,0.000000,0,0
1789814252.065065,0,17.986067,20.793306,-0.046593,0.000000,0.000000,0.000000,0.000000,0.000000,0.000000,0.000000,0.000000,0.000000,0.000000,0.000000,0.000000,0,0
1789814252.164937,0,17.986067,20.793306,-0.046593,0.000000,0.000000,0.000000,0.000000,0.000000,0.000000,0.000000,0.000000,0.000000,0.000000,0.000000,0.000000,0,0
1789814252.264948,0,17.986067,20.793306,-0.046593,0.000000,0.000000,0.000000,0.000000,0.000000,0.000000,0.000000,0.000000,0.000000,0.000000,0.000000,0.000000,1,0
1789814252.365721,0,17.986067,20.793306,-0.046593,0.000000,0.000000,0.000000,0.000000,0.000000,0.000000,0.000000,0.000000,0.000000,0.000000,0.000000,0.000000,1,0
1789814252.464974,0,17.986067,20.793306,-0.046593,0.000000,0.000000,0.000000,0.000000,0.000000,0.000000,0.000000,0.000000,0.000000,0.000000,0.000000,0.000000,1,0
1789814252.565059,0,17.986067,20.793306,-0.046593,0.000000,0.000000,0.000000,0.000000,0.000000,0.000000,0.000000,0.000000,0.000000,0.000000,0.000000,0.000000,1,0
1789814252.665072,0,17.986067,20.793306,-0.046593,0.000000,0.000000,0.000000,0.000000,0.000000,0.000000,0.000000,0.000000,0.000000,0.000000,0.000000,0.000000,1,0
1789814252.765009,0,17.986067,20.793306,-0.046593,0.000000,0.000000,0.000000,0.000000,0.000000,0.000000,0.000000,0.000000,0.000000,0.000000,0.000000,0.000000,1,0
1789814252.864958,0,17.986067,20.793306,-0.046593,0.000000,0.000000,0.000000,0.000000,0.000000,0.000000,0.000000,0.000000,0.000000,0.000000,0.000000,0.000000,1,0
1789814252.965015,0,17.986067,20.793306,-0.046593,0.000000,0.000000,0.000000,0.000000,0.000000,0.000000,0.000000,0.000000,0.000000,0.000000,0.000000,0.000000,1,0
1789814253.065155,0,17.986067,20.793306,-0.046593,0.000000,0.000000,0.000000,0.000000,0.000000,0.000000,0.000000,0.000000,0.000000,0.000000,0.000000,0.000000,1,0
1789814253.165056,0,17.986067,20.793306,-0.046593,0.000000,0.000000,0.000000,0.000000,0.000000,0.000000,0.000000,0.000000,0.000000,0.000000,0.000000,0.000000,1,0
1789814253.264995,0,17.986067,20.793306,-0.046593,0.000000,0.000000,0.000000,0.000000,0.000000,0.000000,0.000000,0.000000,0.000000,0.000000,0.000000,0.000000,0,0
1789814253.365059,0,17.986067,20.793306,-0.046593,0.000000,0.000000,0.000000,0.000000,0.000000,0.000000,0.000000,0.000000,0.000000,0.000000,0.000000,0.000000,0,0
1789814253.465072,0,17.986067,20.793306,-0.046593,0.000000,0.000000,0.000000,0.000000,0.000000,0.000000,0.000000,0.000000,0.000000,0.000000,0.000000,0.000000,1,0
1789814253.565098,0,17.986067,20.793306,-0.046593,0.000000,0.000000,0.000000,0.000000,0.000000,0.000000,0.000000,0.000000,0.000000,0.000000,0.000000,0.000000,1,0
1789814253.665039,0,17.986067,20.793306,-0.046593,0.000000,0.000000,0.000000,0.000000,0.000000,0.000000,0.000000,0.000000,0.000000,0.000000,0.000000,0.000000,1,0
1789814253.765065,0,17.986067,20.793306,-0.046593,0.000000,0.000000,0.000000,0.000000,0.000000,0.000000,0.000000,0.000000,0.000000,0.000000,0.000000,0.000000,1,0
1789814253.865068,0,17.986067,20.793306,-0.046593,0.000000,0.000000,0.000000,0.000000,0.000000,0.000000,0.000000,0.000000,0.000000,0.000000,0.000000,0.000000,1,0
1789814253.966499,0,17.986067,20.793306,-0.046593,0.000000,0.000000,0.000000,0.000000,0.000000,0.000000,0.000000,0.000000,0.000000,0.000000,0.000000,0.000000,1,0
1789814254.068913,0,17.986067,20.793306,-0.046593,0.000000,0.000000,0.000000,0.000000,0.000000,0.000000,0.000000,0.000000,0.000000,0.000000,0.000000,0.000000,1,0
1789814254.165049,0,17.986067,20.793306,-0.046593,0.000000,0.000000,0.000000,0.000000,0.000000,0.000000,0.000000,0.000000,0.000000,0.000000,0.000000,0.000000,1,0
1789814254.265101,0,17.986067,20.793306,-0.046593,0.000000,0.000000,0.000000,0.000000,0.000000,0.000000,0.000000,0.000000,0.000000,0.000000,0.000000,0.000000,1,0
1789814254.365131,0,17.986067,20.793306,-0.046593,0.000000,0.000000,0.000000,0.000000,0.000000,0.000000,0.000000,0.000000,0.000000,0.000000,0.000000,0.000000,1,0
1789814254.465112,0,17.986067,20.793306,-0.046593,0.000000,0.000000,0.000000,0.000000,0.000000,0.000000,0.000000,0.000000,0.000000,0.000000,0.000000,0.000000,1,0
1789814254.565246,0,17.986067,20.793306,-0.046593,0.000000,0.000000,0.000000,0.000000,0.000000,0.000000,0.000000,0.000000,0.000000,0.000000,0.000000,0.000000,1,0
1789814254.665048,0,17.986067,20.793306,-0.046593,0.000000,0.000000,0.000000,0.000000,0.000000,0.000000,0.000000,0.000000,0.000000,0.000000,0.000000,0.000000,1,0
1789814254.765144,0,17.986067,20.793306,-0.046593,0.000000,0.000000,0.000000,0.000000,0.000000,0.000000,0.000000,0.000000,0.000000,0.000000,0.000000,0.000000,1,0
1789814254.865199,0,17.986067,20.793306,-0.046593,0.000000,0.000000,0.000000,0.000000,0.000000,0.000000,0.000000,0.000000,0.000000,0.000000,0.000000,0.000000,1,0
1789814254.965117,0,17.986067,20.793306,-0.046593,0.000000,0.000000,0.000000,0.000000,0.000000,0.000000,0.000000,0.000000,0.000000,0.000000,0.000000,0.000000,1,0
1789814255.065103,0,17.986067,20.793306,-0.046593,0.000000,0.000000,0.000000,0.000000,0.000000,0.000000,0.000000,0.000000,0.000000,0.000000,0.000000,0.000000,1,0
1789814255.165078,0,17.986067,20.793306,-0.046593,0.000000,0.000000,0.000000,0.000000,0.000000,0.000000,0.000000,0.000000,0.000000,0.000000,0.000000,0.000000,1,0
1789814255.265163,0,17.986067,20.793306,-0.046593,0.000000,0.000000,0.000000,0.000000,0.000000,0.000000,0.000000,0.000000,0.000000,0.000000,0.000000,0.000000,1,0
1789814255.365255,0,17.986067,20.793306,-0.046593,0.000000,0.000000,0.000000,0.000000,0.000000,0.000000,0.000000,0.000000,0.000000,0.000000,0.000000,0.000000,1,0
1789814255.465235,0,17.986067,20.793306,-0.046593,0.000000,0.000000,0.000000,0.000000,0.000000,0.000000,0.000000,0.000000,0.000000,0.000000,0.000000,0.000000,1,0
1789814255.565114,0,17.986067,20.793306,-0.046593,0.000000,0.000000,0.000000,0.000000,0.000000,0.000000,0.000000,0.000000,0.000000,0.000000,0.000000,0.000000,1,0
1789814255.665206,0,17.986067,20.793306,-0.046593,0.000000,0.000000,0.000000,0.000000,0.000000,0.000000,0.000000,0.000000,0.000000,0.000000,0.000000,0.000000,1,0
1789814255.765143,0,17.986067,20.793306,-0.046593,0.000000,0.000000,0.000000,0.000000,0.000000,0.000000,0.000000,0.000000,0.000000,0.000000,0.000000,0.000000,1,0
1789814255.865157,0,17.986067,20.793306,-0.046593,0.000000,0.000000,0.000000,0.000000,0.000000,0.000000,0.000000,0.000000,0.000000,0.000000,0.000000,0.000000,1,0
1789814255.965228,0,17.986067,20.793306,-0.046593,0.000000,0.000000,0.000000,0.000000,0.000000,0.000000,0.000000,0.000000,0.000000,0.000000,0.000000,0.000000,1,0
1789814256.065143,0,17.986067,20.793306,-0.046593,0.000000,0.000000,0.000000,0.000000,0.000000,0.000000,0.000000,0.000000,0.000000,0.000000,0.000000,0.000000,1,0
1789814256.165254,0,17.986067,20.793306,-0.046593,0.000000,0.000000,0.000000,0.000000,0.000000,0.000000,0.000000,0.000000,0.000000,0.000000,0.000000,0.000000,1,0
1789814256.265226,0,17.986067,20.793306,-0.046593,0.000000,0.000000,0.000000,0.000000,0.000000,0.000000,0.000000,0.000000,0.000000,0.000000,0.000000,0.000000,1,0
1789814256.365502,0,17.986067,20.793306,-0.046593,0.000000,0.000000,0.000000,0.000000,0.000000,0.000000,0.000000,0.000000,0.000000,0.000000,0.000000,0.000000,1,0
1789814256.466216,0,17.986067,20.793306,-0.046593,0.000000,0.000000,0.000000,0.000000,0.000000,0.000000,0.000000,0.000000,0.000000,0.000000,0.000000,0.000000,1,0
1789814256.565641,0,17.986067,20.793306,-0.046593,0.000000,0.000000,0.000000,0.000000,0.000000,0.000000,0.000000,0.000000,0.000000,0.000000,0.000000,0.000000,1,0
1789814256.665229,0,17.986067,20.793306,-0.046593,0.000000,0.000000,0.000000,0.000000,0.000000,0.000000,0.000000,0.000000,0.000000,0.000000,0.000000,0.000000,1,0
1789814256.765255,0,17.986067,20.793306,-0.046593,0.000000,0.000000,0.000000,0.000000,0.000000,0.000000,0.000000,0.000000,0.000000,0.000000,0.000000,0.000000,1,0
1789814256.865236,0,17.986067,20.793306,-0.046593,0.000000,0.000000,0.000000,0.000000,0.000000,0.000000,0.000000,0.000000,0.000000,0.000000,0.000000,0.000000,1,0
1789814256.968702,0,17.986067,20.793306,-0.046593,0.000000,0.000000,0.000000,0.000000,0.000000,0.000000,0.000000,0.000000,0.000000,0.000000,0.000000,0.000000,1,0
1789814257.065275,0,17.986067,20.793306,-0.046593,0.000000,0.000000,0.000000,0.000000,0.000000,0.000000,0.000000,0.000000,0.000000,0.000000,0.000000,0.000000,1,0
1789814257.165238,0,17.986067,20.793306,-0.046593,0.000000,0.000000,0.000000,0.000000,0.000000,0.000000,0.000000,0.000000,0.000000,0.000000,0.000000,0.000000,1,0
1789814257.265233,0,17.986067,20.793306,-0.046593,0.000000,0.000000,0.000000,0.000000,0.000000,0.000000,0.000000,0.000000,0.000000,0.000000,0.000000,0.000000,1,0
1789814257.365237,0,17.986067,20.793306,-0.046593,0.000000,0.000000,0.000000,0.000000,0.000000,0.000000,0.000000,0.000000,0.000000,0.000000,0.000000,0.000000,1,0
1789814257.465250,0,17.986067,20.793306,-0.046593,0.000000,0.000000,0.000000,0.000000,0.000000,0.000000,0.000000,0.000000,0.000000,0.000000,0.000000,0.000000,1,0
1789814257.565283,0,17.986067,20.793306,-0.046593,0.000000,0.000000,0.000000,0.000000,0.000000,0.000000,0.000000,0.000000,0.000000,0.000000,0.000000,0.000000,1,0
1789814257.666529,0,17.986067,20.793306,-0.046593,0.000000,0.000000,0.000000,0.000000,0.000000,0.000000,0.000000,0.000000,0.000000,0.000000,0.000000,0.000000,1,0
1789814257.765275,0,17.986067,20.793306,-0.046593,0.000000,0.000000,0.000000,0.000000,0.000000,0.000000,0.000000,0.000000,0.000000,0.000000,0.000000,0.000000,1,0
1789814257.865629,0,17.986067,20.793306,-0.046593,0.000000,0.000000,0.000000,0.000000,0.000000,0.000000,0.000000,0.000000,0.000000,0.000000,0.000000,0.000000,1,0
1789814257.965274,0,17.986067,20.793306,-0.046593,0.000000,0.000000,0.000000,0.000000,0.000000,0.000000,0.000000,0.000000,0.000000,0.000000,0.000000,0.000000,1,0
1789814258.065273,0,17.986067,20.793306,-0.046593,0.000000,0.000000,0.000000,0.000000,0.000000,0.000000,0.000000,0.000000,0.000000,0.000000,0.000000,0.000000,1,0
1789814258.165449,0,17.986067,20.793306,-0.046593,0.000000,0.000000,0.000000,0.000000,0.000000,0.000000,0.000000,0.000000,0.000000,0.000000,0.000000,0.000000,1,0
1789814258.266276,0,17.986067,20.793306,-0.046593,0.000000,0.000000,0.000000,0.000000,0.000000,0.000000,0.000000,0.000000,0.000000,0.000000,0.000000,0.000000,1,0
1789814258.365289,0,17.986067,20.793306,-0.046593,0.000000,0.000000,0.000000,0.000000,0.000000,0.000000,0.000000,0.000000,0.000000,0.000000,0.000000,0.000000,1,0
1789814258.465269,0,17.986067,20.793306,-0.046593,0.000000,0.000000,0.000000,0.000000,0.000000,0.000000,0.000000,0.000000,0.000000,0.000000,0.000000,0.000000,1,0
1789814258.565346,0,17.986067,20.793306,-0.046593,0.000000,0.000000,0.000000,0.000000,0.000000,0.000000,0.000000,0.000000,0.000000,0.000000,0.000000,0.000000,1,0
1789814258.665320,0,17.986067,20.793306,-0.046593,0.000000,0.000000,0.000000,0.000000,0.000000,0.000000,0.000000,0.000000,0.000000,0.000000,0.000000,0.000000,1,0
1789814258.765882,0,17.986067,20.793306,-0.046593,0.000000,0.000000,0.000000,0.000000,0.000000,0.000000,0.000000,0.000000,0.000000,0.000000,0.000000,0.000000,1,0
1789814258.865326,0,17.986067,20.793306,-0.046593,0.000000,0.000000,0.000000,0.000000,0.000000,0.000000,0.000000,0.000000,0.000000,0.000000,0.000000,0.000000,1,0
1789814258.965325,0,17.986067,20.793306,-0.046593,0.000000,0.000000,0.000000,0.000000,0.000000,0.000000,0.000000,0.000000,0.000000,0.000000,0.000000,0.000000,1,0
1789814259.065448,0,17.986067,20.793306,-0.046593,0.000000,0.000000,0.000000,0.000000,0.000000,0.000000,0.000000,0.000000,0.000000,0.000000,0.000000,0.000000,1,0
1789814259.165447,0,17.986067,20.793306,-0.046593,0.000000,0.000000,0.000000,0.000000,0.000000,0.000000,0.000000,0.000000,0.000000,0.000000,0.000000,0.000000,1,0
1789814259.265480,0,17.986067,20.793306,-0.046593,0.000000,0.000000,0.000000,0.000000,0.000000,0.000000,0.000000,0.000000,0.000000,0.000000,0.000000,0.000000,1,0
1789814259.365355,0,17.986067,20.793306,-0.046593,0.000000,0.000000,0.000000,0.000000,0.000000,0.000000,0.000000,0.000000,0.000000,0.000000,0.000000,0.000000,1,0
1789814259.465383,0,17.986067,20.793306,-0.046593,0.000000,0.000000,0.000000,0.000000,0.000000,0.000000,0.000000,0.000000,0.000000,0.000000,0.000000,0.000000,1,0
1789814259.565411,0,17.986067,20.793306,-0.046593,0.000000,0.000000,0.000000,0.000000,0.000000,0.000000,0.000000,0.000000,0.000000,0.000000,0.000000,0.000000,1,0
1789814259.665383,0,17.986067,20.793306,-0.046593,0.000000,0.000000,0.000000,0.000000,0.000000,0.000000,0.000000,0.000000,0.000000,0.000000,0.000000,0.000000,1,0
1789814259.765394,0,17.986067,20.793306,-0.046593,0.000000,0.000000,0.000000,0.000000,0.000000,0.000000,0.000000,0.000000,0.000000,0.000000,0.000000,0.000000,1,0
1789814259.865374,0,17.986067,20.793306,-0.046593,0.000000,0.000000,0.000000,0.000000,0.000000,0.000000,0.000000,0.000000,0.000000,0.000000,0.000000,0.000000,1,0
1789814259.965410,0,17.986067,20.793306,-0.046593,0.000000,0.000000,0.000000,0.000000,0.000000,0.000000,0.000000,0.000000,0.000000,0.000000,0.000000,0.000000,1,0
1789814260.065402,0,17.986067,20.793306,-0.046593,0.000000,0.000000,0.000000,0.000000,0.000000,0.000000,0.000000,0.000000,0.000000,0.000000,0.000000,0.000000,1,0
1789814260.165390,0,17.986067,20.793306,-0.046593,0.000000,0.000000,0.000000,0.000000,0.000000,0.000000,0.000000,0.000000,0.000000,0.000000,0.000000,0.000000,1,0
1789814260.265409,0,17.986067,20.793306,-0.046593,0.000000,0.000000,0.000000,0.000000,0.000000,0.000000,0.000000,0.000000,0.000000,0.000000,0.000000,0.000000,1,0
1789814260.365426,0,17.986067,20.793306,-0.046593,0.000000,0.000000,0.000000,0.000000,0.000000,0.000000,0.000000,0.000000,0.000000,0.000000,0.000000,0.000000,1,0
1789814260.465420,0,17.986067,20.793306,-0.046593,0.000000,0.000000,0.000000,0.000000,0.000000,0.000000,0.000000,0.000000,0.000000,0.000000,0.000000,0.000000,1,0
1789814260.565417,0,17.986067,20.793306,-0.046593,0.000000,0.000000,0.000000,0.000000,0.000000,0.000000,0.000000,0.000000,0.000000,0.000000,0.000000,0.000000,1,0
1789814260.665423,0,17.986067,20.793306,-0.046593,0.000000,0.000000,0.000000,0.000000,0.000000,0.000000,0.000000,0.000000,0.000000,0.000000,0.000000,0.000000,1,0
1789814260.765895,0,17.986067,20.793306,-0.046593,0.000000,0.000000,0.000000,0.000000,0.000000,0.000000,0.000000,0.000000,0.000000,0.000000,0.000000,0.000000,1,0
1789814260.865435,0,17.986067,20.793306,-0.046593,0.000000,0.000000,0.000000,0.000000,0.000000,0.000000,0.000000,0.000000,0.000000,0.000000,0.000000,0.000000,1,0
1789814260.965769,0,17.963205,20.834652,-0.010399,0.000000,0.000000,0.000000,0.000000,0.000000,0.000000,0.000000,0.000000,0.000000,0.000000,0.000000,0.000000,1,0
1789814261.065457,0,17.949632,20.824863,-0.016502,0.000000,0.000000,0.000000,0.000000,0.000000,0.000000,0.000000,0.000000,0.000000,0.000000,0.000000,0.000000,1,0
1789814261.165542,0,17.949632,20.824863,-0.016502,0.000000,0.000000,0.000000,0.000000,0.000000,0.000000,0.000000,0.000000,0.000000,0.000000,0.000000,0.000000,1,0
1789814261.265465,0,17.949632,20.824863,-0.016502,0.000000,0.000000,0.000000,0.000000,0.000000,0.000000,0.000000,0.000000,0.000000,0.000000,0.000000,0.000000,1,0
1789814261.365476,0,17.949632,20.824863,-0.016502,0.000000,0.000000,0.000000,0.000000,0.000000,0.000000,0.000000,0.000000,0.000000,0.000000,0.000000,0.000000,1,0
1789814261.465490,0,17.949632,20.824863,-0.016502,0.000000,0.000000,0.000000,0.000000,0.000000,0.000000,0.000000,0.000000,0.000000,0.000000,0.000000,0.000000,1,0
1789814261.565466,0,17.949632,20.824863,-0.016502,0.000000,0.000000,0.000000,0.000000,0.000000,0.000000,0.000000,0.000000,0.000000,0.000000,0.000000,0.000000,1,0
1789814261.665442,0,17.949632,20.824863,-0.016502,0.000000,0.000000,0.000000,0.000000,0.000000,0.000000,0.000000,0.000000,0.000000,0.000000,0.000000,0.000000,1,0
1789814261.765491,0,17.949632,20.824863,-0.016502,0.000000,0.000000,0.000000,0.000000,0.000000,0.000000,0.000000,0.000000,0.000000,0.000000,0.000000,0.000000,1,0
1789814261.865633,0,17.949632,20.824863,-0.016502,0.000000,0.000000,0.000000,0.000000,0.000000,0.000000,0.000000,0.000000,0.000000,0.000000,0.000000,0.000000,1,0
1789814261.965481,0,17.949632,20.824863,-0.016502,0.000000,0.000000,0.000000,0.000000,0.000000,0.000000,0.000000,0.000000,0.000000,0.000000,0.000000,0.000000,1,0
1789814262.065504,0,17.949632,20.824863,-0.016502,0.000000,0.000000,0.000000,0.000000,0.000000,0.000000,0.000000,0.000000,0.000000,0.000000,0.000000,0.000000,1,0
1789814262.165477,0,17.949632,20.824863,-0.016502,0.000000,0.000000,0.000000,0.000000,0.000000,0.000000,0.000000,0.000000,0.000000,0.000000,0.000000,0.000000,1,0
1789814262.266282,0,17.949632,20.824863,-0.016502,0.000000,0.000000,0.000000,0.000000,0.000000,0.000000,0.000000,0.000000,0.000000,0.000000,0.000000,0.000000,1,0
1789814262.365544,0,17.949632,20.824863,-0.016502,0.000000,0.000000,0.000000,0.000000,0.000000,0.000000,0.000000,0.000000,0.000000,0.000000,0.000000,0.000000,1,0
1789814262.465544,0,17.949632,20.824863,-0.016502,0.000000,0.000000,0.000000,0.000000,0.000000,0.000000,0.000000,0.000000,0.000000,0.000000,0.000000,0.000000,1,0
1789814262.565568,0,17.949632,20.824863,-0.016502,0.000000,0.000000,0.000000,0.000000,0.000000,0.000000,0.000000,0.000000,0.000000,0.000000,0.000000,0.000000,1,0
1789814262.665520,0,17.949632,20.824863,-0.016502,0.000000,0.000000,0.000000,0.000000,0.000000,0.000000,0.000000,0.000000,0.000000,0.000000,0.000000,0.000000,1,0
1789814262.765533,0,17.949632,20.824863,-0.016502,0.000000,0.000000,0.000000,0.000000,0.000000,0.000000,0.000000,0.000000,0.000000,0.000000,0.000000,0.000000,1,0
1789814262.865508,0,17.949632,20.824863,-0.016502,0.000000,0.000000,0.000000,0.000000,0.000000,0.000000,0.000000,0.000000,0.000000,0.000000,0.000000,0.000000,1,0
1789814262.965543,0,17.949632,20.824863,-0.016502,0.000000,0.000000,0.000000,0.000000,0.000000,0.000000,0.000000,0.000000,0.000000,0.000000,0.000000,0.000000,1,0
1789814263.065563,0,17.949632,20.824863,-0.016502,0.000000,0.000000,0.000000,0.000000,0.000000,0.000000,0.000000,0.000000,0.000000,0.000000,0.000000,0.000000,1,0
1789814263.165567,0,17.949632,20.824863,-0.016502,0.000000,0.000000,0.000000,0.000000,0.000000,0.000000,0.000000,0.000000,0.000000,0.000000,0.000000,0.000000,1,0
1789814263.265562,0,17.949632,20.824863,-0.016502,0.000000,0.000000,0.000000,0.000000,0.000000,0.000000,0.000000,0.000000,0.000000,0.000000,0.000000,0.000000,1,0
1789814263.368019,0,17.949632,20.824863,-0.016502,0.000000,0.000000,0.000000,0.000000,0.000000,0.000000,0.000000,0.000000,0.000000,0.000000,0.000000,0.000000,1,0
1789814263.465592,0,17.949632,20.824863,-0.016502,0.000000,0.000000,0.000000,0.000000,0.000000,0.000000,0.000000,0.000000,0.000000,0.000000,0.000000,0.000000,1,0
1789814263.565566,0,17.949632,20.824863,-0.016502,0.000000,0.000000,0.000000,0.000000,0.000000,0.000000,0.000000,0.000000,0.000000,0.000000,0.000000,0.000000,1,0
1789814263.665547,0,17.949632,20.824863,-0.016502,0.000000,0.000000,0.000000,0.000000,0.000000,0.000000,0.000000,0.000000,0.000000,0.000000,0.000000,0.000000,1,0
1789814263.765567,0,17.949632,20.824863,-0.016502,0.000000,0.000000,0.000000,0.000000,0.000000,0.000000,0.000000,0.000000,0.000000,0.000000,0.000000,0.000000,1,0
1789814263.865831,0,17.949632,20.824863,-0.016502,0.000000,0.000000,0.000000,0.000000,0.000000,0.000000,0.000000,0.000000,0.000000,0.000000,0.000000,0.000000,1,0
1789814263.965622,0,17.949632,20.824863,-0.016502,0.000000,0.000000,0.000000,0.000000,0.000000,0.000000,0.000000,0.000000,0.000000,0.000000,0.000000,0.000000,1,0
1789814264.065582,0,17.949632,20.824863,-0.016502,0.000000,0.000000,0.000000,0.000000,0.000000,0.000000,0.000000,0.000000,0.000000,0.000000,0.000000,0.000000,0,0
1789814264.165646,0,17.949632,20.824863,-0.016502,0.000000,0.000000,0.000000,0.000000,0.000000,0.000000,0.000000,0.000000,0.000000,0.000000,0.000000,0.000000,0,0
1789814264.265610,0,17.949632,20.824863,-0.016502,0.000000,0.000000,0.000000,0.000000,0.000000,0.000000,0.000000,0.000000,0.000000,0.000000,0.000000,0.000000,0,0
1789814264.369611,0,17.949632,20.824863,-0.016502,0.000000,0.000000,0.000000,0.000000,0.000000,0.000000,0.000000,0.000000,0.000000,0.000000,0.000000,0.000000,0,0
1789814264.465631,0,17.949632,20.824863,-0.016502,0.000000,0.000000,0.000000,0.000000,0.000000,0.000000,0.000000,0.000000,0.000000,0.000000,0.000000,0.000000,0,0
1789814264.565632,0,17.949632,20.824863,-0.016502,0.000000,0.000000,0.000000,0.000000,0.000000,0.000000,0.000000,0.000000,0.000000,0.000000,0.000000,0.000000,0,0
1789814264.665639,0,17.949632,20.824863,-0.016502,0.000000,0.000000,0.000000,0.000000,0.000000,0.000000,0.000000,0.000000,0.000000,0.000000,0.000000,0.000000,0,0
1789814264.765633,0,17.949632,20.824863,-0.016502,0.000000,0.000000,0.000000,0.000000,0.000000,0.000000,0.000000,0.000000,0.000000,0.000000,0.000000,0.000000,0,0
1789814264.865741,0,17.949632,20.824863,-0.016502,0.000000,0.000000,0.000000,0.000000,0.000000,0.000000,0.000000,0.000000,0.000000,0.000000,0.000000,0.000000,0,0
1789814264.965655,0,17.949632,20.824863,-0.016502,0.000000,0.000000,0.000000,0.000000,0.000000,0.000000,0.000000,0.000000,0.000000,0.000000,0.000000,0.000000,0,0
1789814265.065671,0,17.949632,20.824863,-0.016502,0.000000,0.000000,0.000000,0.000000,0.000000,0.000000,0.000000,0.000000,0.000000,0.000000,0.000000,0.000000,0,0
1789814265.165682,0,17.949632,20.824863,-0.016502,0.000000,0.000000,0.000000,0.000000,0.000000,0.000000,0.000000,0.000000,0.000000,0.000000,0.000000,0.000000,0,0
1789814265.265687,0,17.949632,20.824863,-0.016502,0.000000,0.000000,0.000000,0.000000,0.000000,0.000000,0.000000,0.000000,0.000000,0.000000,0.000000,0.000000,0,0
1789814265.365663,0,17.949632,20.824863,-0.016502,0.000000,0.000000,0.000000,0.000000,0.000000,0.000000,0.000000,0.000000,0.000000,0.000000,0.000000,0.000000,0,0
1789814265.465693,0,17.949632,20.824863,-0.016502,0.000000,0.000000,0.000000,0.000000,0.000000,0.000000,0.000000,0.000000,0.000000,0.000000,0.000000,0.000000,0,0
1789814265.565652,0,17.949632,20.824863,-0.016502,0.000000,0.000000,0.000000,0.000000,0.000000,0.000000,0.000000,0.000000,0.000000,0.000000,0.000000,0.000000,0,0
1789814265.665683,0,17.949632,20.824863,-0.016502,0.000000,0.000000,0.000000,0.000000,0.000000,0.000000,0.000000,0.000000,0.000000,0.000000,0.000000,0.000000,0,0
1789814265.765743,0,17.949632,20.824863,-0.016502,0.000000,0.000000,0.000000,0.000000,0.000000,0.000000,0.000000,0.000000,0.000000,0.000000,0.000000,0.000000,0,0
1789814265.865688,0,17.949632,20.824863,-0.016502,0.000000,0.000000,0.000000,0.000000,0.000000,0.000000,0.000000,0.000000,0.000000,0.000000,0.000000,0.000000,0,0
1789814265.965711,0,17.949632,20.824863,-0.016502,0.000000,0.000000,0.000000,0.000000,0.000000,0.000000,0.000000,0.000000,0.000000,0.000000,0.000000,0.000000,0,0
1789814266.065756,0,17.949632,20.824863,-0.016502,0.000000,0.000000,0.000000,0.000000,0.000000,0.000000,0.000000,0.000000,0.000000,0.000000,0.000000,0.000000,0,0
1789814266.165721,0,17.949632,20.824863,-0.016502,0.000000,0.000000,0.000000,0.000000,0.000000,0.000000,0.000000,0.000000,0.000000,0.000000,0.000000,0.000000,0,0
1789814266.265710,0,17.949632,20.824863,-0.016502,0.000000,0.000000,0.000000,0.000000,0.000000,0.000000,0.000000,0.000000,0.000000,0.000000,0.000000,0.000000,0,0
1789814266.366535,0,17.949632,20.824863,-0.016502,0.000000,0.000000,0.000000,0.000000,0.000000,0.000000,0.000000,0.000000,0.000000,0.000000,0.000000,0.000000,1,0
1789814266.465722,0,17.949632,20.824863,-0.016502,0.000000,0.000000,0.000000,0.000000,0.000000,0.000000,0.000000,0.000000,0.000000,0.000000,0.000000,0.000000,1,0
1789814266.565745,0,17.949632,20.824863,-0.016502,0.000000,0.000000,0.000000,0.000000,0.000000,0.000000,0.000000,0.000000,0.000000,0.000000,0.000000,0.000000,1,0
1789814266.667619,0,17.949632,20.824863,-0.016502,0.000000,0.000000,0.000000,0.000000,0.000000,0.000000,0.000000,0.000000,0.000000,0.000000,0.000000,0.000000,1,0
1789814266.765745,0,17.949632,20.824863,-0.016502,0.000000,0.000000,0.000000,0.000000,0.000000,0.000000,0.000000,0.000000,0.000000,0.000000,0.000000,0.000000,1,0
1789814266.865748,0,17.949632,20.824863,-0.016502,0.000000,0.000000,0.000000,0.000000,0.000000,0.000000,0.000000,0.000000,0.000000,0.000000,0.000000,0.000000,1,0
1789814266.965754,0,17.949632,20.824863,-0.016502,0.000000,0.000000,0.000000,0.000000,0.000000,0.000000,0.000000,0.000000,0.000000,0.000000,0.000000,0.000000,1,0
1789814267.065761,0,17.949632,20.824863,-0.016502,0.000000,0.000000,0.000000,0.000000,0.000000,0.000000,0.000000,0.000000,0.000000,0.000000,0.000000,0.000000,1,0
1789814267.165761,0,17.949632,20.824863,-0.016502,0.000000,0.000000,0.000000,0.000000,0.000000,0.000000,0.000000,0.000000,0.000000,0.000000,0.000000,0.000000,1,0
1789814267.265826,0,17.949632,20.824863,-0.016502,0.000000,0.000000,0.000000,0.000000,0.000000,0.000000,0.000000,0.000000,0.000000,0.000000,0.000000,0.000000,1,0
1789814267.365853,0,17.949632,20.824863,-0.016502,0.000000,0.000000,0.000000,0.000000,0.000000,0.000000,0.000000,0.000000,0.000000,0.000000,0.000000,0.000000,1,0
1789814267.465980,0,17.949632,20.824863,-0.016502,0.000000,0.000000,0.000000,0.000000,0.000000,0.000000,0.000000,0.000000,0.000000,0.000000,0.000000,0.000000,1,0
1789814267.565780,0,17.949632,20.824863,-0.016502,0.000000,0.000000,0.000000,0.000000,0.000000,0.000000,0.000000,0.000000,0.000000,0.000000,0.000000,0.000000,1,0
1789814267.666144,0,17.949632,20.824863,-0.016502,0.000000,0.000000,0.000000,0.000000,0.000000,0.000000,0.000000,0.000000,0.000000,0.000000,0.000000,0.000000,1,0
1789814267.765821,0,17.949632,20.824863,-0.016502,0.000000,0.000000,0.000000,0.000000,0.000000,0.000000,0.000000,0.000000,0.000000,0.000000,0.000000,0.000000,1,0
1789814267.865812,0,17.949632,20.824863,-0.016502,0.000000,0.000000,0.000000,0.000000,0.000000,0.000000,0.000000,0.000000,0.000000,0.000000,0.000000,0.000000,1,0
1789814267.965777,0,17.949632,20.824863,-0.016502,0.000000,0.000000,0.000000,0.000000,0.000000,0.000000,0.000000,0.000000,0.000000,0.000000,0.000000,0.000000,1,0
1789814268.065790,0,17.949632,20.824863,-0.016502,0.000000,0.000000,0.000000,0.000000,0.000000,0.000000,0.000000,0.000000,0.000000,0.000000,0.000000,0.000000,1,0
1789814268.165771,0,17.949632,20.824863,-0.016502,0.000000,0.000000,0.000000,0.000000,0.000000,0.000000,0.000000,0.000000,0.000000,0.000000,0.000000,0.000000,1,0
1789814268.265790,0,17.949632,20.824863,-0.016502,0.000000,0.000000,0.000000,0.000000,0.000000,0.000000,0.000000,0.000000,0.000000,0.000000,0.000000,0.000000,1,0
1789814268.365940,0,17.949632,20.824863,-0.016502,0.000000,0.000000,0.000000,0.000000,0.000000,0.000000,0.000000,0.000000,0.000000,0.000000,0.000000,0.000000,1,0
1789814268.465825,0,17.949632,20.824863,-0.016502,0.000000,0.000000,0.000000,0.000000,0.000000,0.000000,0.000000,0.000000,0.000000,0.000000,0.000000,0.000000,1,0
1789814268.565907,0,17.949632,20.824863,-0.016502,0.000000,0.000000,0.000000,0.000000,0.000000,0.000000,0.000000,0.000000,0.000000,0.000000,0.000000,0.000000,1,0
1789814268.665836,0,17.949632,20.824863,-0.016502,0.000000,0.000000,0.000000,0.000000,0.000000,0.000000,0.000000,0.000000,0.000000,0.000000,0.000000,0.000000,1,0
1789814268.765824,0,17.949632,20.824863,-0.016502,0.000000,0.000000,0.000000,0.000000,0.000000,0.000000,0.000000,0.000000,0.000000,0.000000,0.000000,0.000000,1,0
1789814268.869697,0,17.949632,20.824863,-0.016502,0.000000,0.000000,0.000000,0.000000,0.000000,0.000000,0.000000,0.000000,0.000000,0.000000,0.000000,0.000000,1,0
1789814268.966089,0,17.949632,20.824863,-0.016502,0.000000,0.000000,0.000000,0.000000,0.000000,0.000000,0.000000,0.000000,0.000000,0.000000,0.000000,0.000000,1,0
1789814269.065851,0,17.949632,20.824863,-0.016502,0.000000,0.000000,0.000000,0.000000,0.000000,0.000000,0.000000,0.000000,0.000000,0.000000,0.000000,0.000000,1,0
1789814269.166212,0,17.949632,20.824863,-0.016502,0.000000,0.000000,0.000000,0.000000,0.000000,0.000000,0.000000,0.000000,0.000000,0.000000,0.000000,0.000000,1,0
1789814269.265957,0,17.949632,20.824863,-0.016502,0.000000,0.000000,0.000000,0.000000,0.000000,0.000000,0.000000,0.000000,0.000000,0.000000,0.000000,0.000000,1,0
1789814269.365941,0,17.949632,20.824863,-0.016502,0.000000,0.000000,0.000000,0.000000,0.000000,0.000000,0.000000,0.000000,0.000000,0.000000,0.000000,0.000000,1,0
1789814269.466317,0,17.949632,20.824863,-0.016502,0.000000,0.000000,0.000000,0.000000,0.000000,0.000000,0.000000,0.000000,0.000000,0.000000,0.000000,0.000000,1,0
1789814269.565885,0,17.949632,20.824863,-0.016502,0.000000,0.000000,0.000000,0.000000,0.000000,0.000000,0.000000,0.000000,0.000000,0.000000,0.000000,0.000000,1,0
1789814269.665862,0,17.949632,20.824863,-0.016502,0.000000,0.000000,0.000000,0.000000,0.000000,0.000000,0.000000,0.000000,0.000000,0.000000,0.000000,0.000000,1,0
1789814269.767811,0,17.949632,20.824863,-0.016502,0.000000,0.000000,0.000000,0.000000,0.000000,0.000000,0.000000,0.000000,0.000000,0.000000,0.000000,0.000000,1,0
1789814269.866047,0,17.949632,20.824863,-0.016502,0.000000,0.000000,0.000000,0.000000,0.000000,0.000000,0.000000,0.000000,0.000000,0.000000,0.000000,0.000000,1,0
1789814269.966361,0,17.949632,20.824863,-0.016502,0.000000,0.000000,0.000000,0.000000,0.000000,0.000000,0.000000,0.000000,0.000000,0.000000,0.000000,0.000000,1,0
1789814270.065938,0,17.949632,20.824863,-0.016502,0.000000,0.000000,0.000000,0.000000,0.000000,0.000000,0.000000,0.000000,0.000000,0.000000,0.000000,0.000000,1,0
1789814270.166058,0,17.949632,20.824863,-0.016502,0.000000,0.000000,0.000000,0.000000,0.000000,0.000000,0.000000,0.000000,0.000000,0.000000,0.000000,0.000000,1,0
1789814270.265905,0,17.949632,20.824863,-0.016502,0.000000,0.000000,0.000000,0.000000,0.000000,0.000000,0.000000,0.000000,0.000000,0.000000,0.000000,0.000000,1,0
1789814270.365951,0,17.949632,20.824863,-0.016502,0.000000,0.000000,0.000000,0.000000,0.000000,0.000000,0.000000,0.000000,0.000000,0.000000,0.000000,0.000000,1,0
1789814270.465915,0,17.949632,20.824863,-0.016502,0.000000,0.000000,0.000000,0.000000,0.000000,0.000000,0.000000,0.000000,0.000000,0.000000,0.000000,0.000000,1,0
1789814270.566041,0,17.949632,20.824863,-0.016502,0.000000,0.000000,0.000000,0.000000,0.000000,0.000000,0.000000,0.000000,0.000000,0.000000,0.000000,0.000000,1,0
1789814270.665959,0,17.949632,20.824863,-0.016502,0.000000,0.000000,0.000000,0.000000,0.000000,0.000000,0.000000,0.000000,0.000000,0.000000,0.000000,0.000000,1,0
1789814270.766073,0,17.949632,20.824863,-0.016502,0.000000,0.000000,0.000000,0.000000,0.000000,0.000000,0.000000,0.000000,0.000000,0.000000,0.000000,0.000000,1,0
1789814270.865963,0,17.949632,20.824863,-0.016502,0.000000,0.000000,0.000000,0.000000,0.000000,0.000000,0.000000,0.000000,0.000000,0.000000,0.000000,0.000000,1,0
1789814270.966047,0,17.949632,20.824863,-0.016502,0.000000,0.000000,0.000000,0.000000,0.000000,0.000000,0.000000,0.000000,0.000000,0.000000,0.000000,0.000000,1,0
1789814271.065969,0,17.949632,20.824863,-0.016502,0.000000,0.000000,0.000000,0.000000,0.000000,0.000000,0.000000,0.000000,0.000000,0.000000,0.000000,0.000000,1,0
1789814271.166170,0,17.949632,20.824863,-0.016502,0.000000,0.000000,0.000000,0.000000,0.000000,0.000000,0.000000,0.000000,0.000000,0.000000,0.000000,0.000000,1,0
1789814271.266199,0,17.949632,20.824863,-0.016502,0.000000,0.000000,0.000000,0.000000,0.000000,0.000000,0.000000,0.000000,0.000000,0.000000,0.000000,0.000000,1,0
1789814271.366036,0,17.949632,20.824863,-0.016502,0.000000,0.000000,0.000000,0.000000,0.000000,0.000000,0.000000,0.000000,0.000000,0.000000,0.000000,0.000000,1,0
1789814271.466075,0,17.949632,20.824863,-0.016502,0.000000,0.000000,0.000000,0.000000,0.000000,0.000000,0.000000,0.000000,0.000000,0.000000,0.000000,0.000000,1,0
1789814271.566117,0,17.949632,20.824863,-0.016502,0.000000,0.000000,0.000000,0.000000,0.000000,0.000000,0.000000,0.000000,0.000000,0.000000,0.000000,0.000000,1,0
1789814271.666089,0,17.949632,20.824863,-0.016502,0.000000,0.000000,0.000000,0.000000,0.000000,0.000000,0.000000,0.000000,0.000000,0.000000,0.000000,0.000000,1,0
1789814271.766069,0,17.949632,20.824863,-0.016502,0.000000,0.000000,0.000000,0.000000,0.000000,0.000000,0.000000,0.000000,0.000000,0.000000,0.000000,0.000000,1,0
1789814271.866548,0,17.949632,20.824863,-0.016502,0.000000,0.000000,0.000000,0.000000,0.000000,0.000000,0.000000,0.000000,0.000000,0.000000,0.000000,0.000000,1,0
1789814271.966048,0,17.949632,20.824863,-0.016502,0.000000,0.000000,0.000000,0.000000,0.000000,0.000000,0.000000,0.000000,0.000000,0.000000,0.000000,0.000000,1,0
1789814272.066070,0,17.949632,20.824863,-0.016502,0.000000,0.000000,0.000000,0.000000,0.000000,0.000000,0.000000,0.000000,0.000000,0.000000,0.000000,0.000000,1,0
1789814272.166080,0,17.949632,20.824863,-0.016502,0.000000,0.000000,0.000000,0.000000,0.000000,0.000000,0.000000,0.000000,0.000000,0.000000,0.000000,0.000000,1,0
1789814272.266063,0,17.949632,20.824863,-0.016502,0.000000,0.000000,0.000000,0.000000,0.000000,0.000000,0.000000,0.000000,0.000000,0.000000,0.000000,0.000000,1,0
1789814272.366071,0,17.949632,20.824863,-0.016502,0.000000,0.000000,0.000000,0.000000,0.000000,0.000000,0.000000,0.000000,0.000000,0.000000,0.000000,0.000000,1,0
1789814272.466051,0,17.949632,20.824863,-0.016502,0.000000,0.000000,0.000000,0.000000,0.000000,0.000000,0.000000,0.000000,0.000000,0.000000,0.000000,0.000000,1,0
1789814272.566097,0,17.949632,20.824863,-0.016502,0.000000,0.000000,0.000000,0.000000,0.000000,0.000000,0.000000,0.000000,0.000000,0.000000,0.000000,0.000000,1,0
1789814272.666086,0,17.949632,20.824863,-0.016502,0.000000,0.000000,0.000000,0.000000,0.000000,0.000000,0.000000,0.000000,0.000000,0.000000,0.000000,0.000000,1,0
1789814272.766225,0,17.949632,20.824863,-0.016502,0.000000,0.000000,0.000000,0.000000,0.000000,0.000000,0.000000,0.000000,0.000000,0.000000,0.000000,0.000000,1,0
1789814272.866091,0,17.949632,20.824863,-0.016502,0.000000,0.000000,0.000000,0.000000,0.000000,0.000000,0.000000,0.000000,0.000000,0.000000,0.000000,0.000000,1,0
1789814272.966082,0,17.949632,20.824863,-0.016502,0.000000,0.000000,0.000000,0.000000,0.000000,0.000000,0.000000,0.000000,0.000000,0.000000,0.000000,0.000000,1,0
1789814273.066085,0,17.949632,20.824863,-0.016502,0.000000,0.000000,0.000000,0.000000,0.000000,0.000000,0.000000,0.000000,0.000000,0.000000,0.000000,0.000000,1,0
1789814273.166110,0,17.949632,20.824863,-0.016502,0.000000,0.000000,0.000000,0.000000,0.000000,0.000000,0.000000,0.000000,0.000000,0.000000,0.000000,0.000000,1,0
1789814273.266147,0,17.949632,20.824863,-0.016502,0.000000,0.000000,0.000000,0.000000,0.000000,0.000000,0.000000,0.000000,0.000000,0.000000,0.000000,0.000000,1,0
1789814273.366770,0,17.949632,20.824863,-0.016502,0.000000,0.000000,0.000000,0.000000,0.000000,0.000000,0.000000,0.000000,0.000000,0.000000,0.000000,0.000000,1,0
1789814273.466156,0,17.949632,20.824863,-0.016502,0.000000,0.000000,0.000000,0.000000,0.000000,0.000000,0.000000,0.000000,0.000000,0.000000,0.000000,0.000000,1,0
1789814273.566130,0,17.949632,20.824863,-0.016502,0.000000,0.000000,0.000000,0.000000,0.000000,0.000000,0.000000,0.000000,0.000000,0.000000,0.000000,0.000000,1,0
1789814273.666164,0,17.949632,20.824863,-0.016502,0.000000,0.000000,0.000000,0.000000,0.000000,0.000000,0.000000,0.000000,0.000000,0.000000,0.000000,0.000000,1,0
1789814273.766185,0,17.949632,20.824863,-0.016502,0.000000,0.000000,0.000000,0.000000,0.000000,0.000000,0.000000,0.000000,0.000000,0.000000,0.000000,0.000000,1,0
1789814273.866144,0,17.880268,20.858427,-0.010112,0.000000,0.000000,0.000000,0.000000,0.000000,0.000000,0.000000,0.000000,0.000000,0.000000,0.000000,0.000000,1,0
1789814273.966147,0,17.904535,20.831501,-0.011715,0.000000,0.000000,0.000000,0.000000,0.000000,0.000000,0.000000,0.000000,0.000000,0.000000,0.000000,0.000000,1,0
1789814274.066224,0,17.904535,20.831501,-0.011715,0.000000,0.000000,0.000000,0.000000,0.000000,0.000000,0.000000,0.000000,0.000000,0.000000,0.000000,0.000000,1,0
1789814274.166189,0,17.904535,20.831501,-0.011715,0.000000,0.000000,0.000000,0.000000,0.000000,0.000000,0.000000,0.000000,0.000000,0.000000,0.000000,0.000000,1,0
1789814274.266244,0,17.904535,20.831501,-0.011715,0.000000,0.000000,0.000000,0.000000,0.000000,0.000000,0.000000,0.000000,0.000000,0.000000,0.000000,0.000000,1,0
1789814274.366166,0,17.904535,20.831501,-0.011715,0.000000,0.000000,0.000000,0.000000,0.000000,0.000000,0.000000,0.000000,0.000000,0.000000,0.000000,0.000000,1,0
1789814274.466184,0,17.904535,20.831501,-0.011715,0.000000,0.000000,0.000000,0.000000,0.000000,0.000000,0.000000,0.000000,0.000000,0.000000,0.000000,0.000000,1,0
1789814274.566180,0,17.904535,20.831501,-0.011715,0.000000,0.000000,0.000000,0.000000,0.000000,0.000000,0.000000,0.000000,0.000000,0.000000,0.000000,0.000000,1,0
1789814274.666401,0,17.904535,20.831501,-0.011715,0.000000,0.000000,0.000000,0.000000,0.000000,0.000000,0.000000,0.000000,0.000000,0.000000,0.000000,0.000000,1,0
1789814274.766190,0,17.904535,20.831501,-0.011715,0.000000,0.000000,0.000000,0.000000,0.000000,0.000000,0.000000,0.000000,0.000000,0.000000,0.000000,0.000000,1,0
1789814274.866170,0,17.904535,20.831501,-0.011715,0.000000,0.000000,0.000000,0.000000,0.000000,0.000000,0.000000,0.000000,0.000000,0.000000,0.000000,0.000000,1,0
1789814274.966185,0,17.904535,20.831501,-0.011715,0.000000,0.000000,0.000000,0.000000,0.000000,0.000000,0.000000,0.000000,0.000000,0.000000,0.000000,0.000000,1,0
1789814275.067856,0,17.904535,20.831501,-0.011715,0.000000,0.000000,0.000000,0.000000,0.000000,0.000000,0.000000,0.000000,0.000000,0.000000,0.000000,0.000000,1,0
1789814275.166174,0,17.904535,20.831501,-0.011715,0.000000,0.000000,0.000000,0.000000,0.000000,0.000000,0.000000,0.000000,0.000000,0.000000,0.000000,0.000000,1,0
1789814275.266156,0,17.904535,20.831501,-0.011715,0.000000,0.000000,0.000000,0.000000,0.000000,0.000000,0.000000,0.000000,0.000000,0.000000,0.000000,0.000000,1,0
1789814275.366289,0,17.904535,20.831501,-0.011715,0.000000,0.000000,0.000000,0.000000,0.000000,0.000000,0.000000,0.000000,0.000000,0.000000,0.000000,0.000000,1,0
1789814275.466389,0,17.904535,20.831501,-0.011715,0.000000,0.000000,0.000000,0.000000,0.000000,0.000000,0.000000,0.000000,0.000000,0.000000,0.000000,0.000000,1,0
1789814275.570958,0,17.904535,20.831501,-0.011715,0.000000,0.000000,0.000000,0.000000,0.000000,0.000000,0.000000,0.000000,0.000000,0.000000,0.000000,0.000000,1,0
1789814275.666195,0,17.904535,20.831501,-0.011715,0.000000,0.000000,0.000000,0.000000,0.000000,0.000000,0.000000,0.000000,0.000000,0.000000,0.000000,0.000000,1,0
1789814275.766679,0,17.904535,20.831501,-0.011715,0.000000,0.000000,0.000000,0.000000,0.000000,0.000000,0.000000,0.000000,0.000000,0.000000,0.000000,0.000000,1,0
1789814275.866191,0,17.904535,20.831501,-0.011715,0.000000,0.000000,0.000000,0.000000,0.000000,0.000000,0.000000,0.000000,0.000000,0.000000,0.000000,0.000000,1,0
1789814275.966202,0,17.904535,20.831501,-0.011715,0.000000,0.000000,0.000000,0.000000,0.000000,0.000000,0.000000,0.000000,0.000000,0.000000,0.000000,0.000000,1,0
1789814276.066254,0,17.904535,20.831501,-0.011715,0.000000,0.000000,0.000000,0.000000,0.000000,0.000000,0.000000,0.000000,0.000000,0.000000,0.000000,0.000000,1,0
1789814276.166314,0,17.904535,20.831501,-0.011715,0.000000,0.000000,0.000000,0.000000,0.000000,0.000000,0.000000,0.000000,0.000000,0.000000,0.000000,0.000000,1,0
1789814276.266242,0,17.904535,20.831501,-0.011715,0.000000,0.000000,0.000000,0.000000,0.000000,0.000000,0.000000,0.000000,0.000000,0.000000,0.000000,0.000000,1,0
1789814276.366235,0,17.904535,20.831501,-0.011715,0.000000,0.000000,0.000000,0.000000,0.000000,0.000000,0.000000,0.000000,0.000000,0.000000,0.000000,0.000000,1,0
1789814276.466239,0,17.904535,20.831501,-0.011715,0.000000,0.000000,0.000000,0.000000,0.000000,0.000000,0.000000,0.000000,0.000000,0.000000,0.000000,0.000000,1,0
1789814276.566286,0,17.904535,20.831501,-0.011715,0.000000,0.000000,0.000000,0.000000,0.000000,0.000000,0.000000,0.000000,0.000000,0.000000,0.000000,0.000000,1,0
1789814276.667119,0,17.904535,20.831501,-0.011715,0.000000,0.000000,0.000000,0.000000,0.000000,0.000000,0.000000,0.000000,0.000000,0.000000,0.000000,0.000000,1,0
1789814276.766219,0,17.904535,20.831501,-0.011715,0.000000,0.000000,0.000000,0.000000,0.000000,0.000000,0.000000,0.000000,0.000000,0.000000,0.000000,0.000000,1,0
1789814276.866268,0,17.904535,20.831501,-0.011715,0.000000,0.000000,0.000000,0.000000,0.000000,0.000000,0.000000,0.000000,0.000000,0.000000,0.000000,0.000000,1,0
1789814276.967845,0,17.904535,20.831501,-0.011715,0.000000,0.000000,0.000000,0.000000,0.000000,0.000000,0.000000,0.000000,0.000000,0.000000,0.000000,0.000000,1,0
1789814277.066259,0,17.904535,20.831501,-0.011715,0.000000,0.000000,0.000000,0.000000,0.000000,0.000000,0.000000,0.000000,0.000000,0.000000,0.000000,0.000000,1,0
1789814277.166320,0,17.904535,20.831501,-0.011715,0.000000,0.000000,0.000000,0.000000,0.000000,0.000000,0.000000,0.000000,0.000000,0.000000,0.000000,0.000000,1,0
1789814277.266315,0,17.904535,20.831501,-0.011715,0.000000,0.000000,0.000000,0.000000,0.000000,0.000000,0.000000,0.000000,0.000000,0.000000,0.000000,0.000000,1,0
1789814277.366292,0,17.904535,20.831501,-0.011715,0.000000,0.000000,0.000000,0.000000,0.000000,0.000000,0.000000,0.000000,0.000000,0.000000,0.000000,0.000000,1,0
1789814277.466264,0,17.904535,20.831501,-0.011715,0.000000,0.000000,0.000000,0.000000,0.000000,0.000000,0.000000,0.000000,0.000000,0.000000,0.000000,0.000000,1,0
1789814277.566276,0,17.904535,20.831501,-0.011715,0.000000,0.000000,0.000000,0.000000,0.000000,0.000000,0.000000,0.000000,0.000000,0.000000,0.000000,0.000000,1,0
1789814277.666328,0,17.904535,20.831501,-0.011715,0.000000,0.000000,0.000000,0.000000,0.000000,0.000000,0.000000,0.000000,0.000000,0.000000,0.000000,0.000000,1,0
1789814277.767526,0,17.904535,20.831501,-0.011715,0.000000,0.000000,0.000000,0.000000,0.000000,0.000000,0.000000,0.000000,0.000000,0.000000,0.000000,0.000000,1,0
1789814277.867015,0,17.904535,20.831501,-0.011715,0.000000,0.000000,0.000000,0.000000,0.000000,0.000000,0.000000,0.000000,0.000000,0.000000,0.000000,0.000000,1,0
1789814277.966317,0,17.904535,20.831501,-0.011715,0.000000,0.000000,0.000000,0.000000,0.000000,0.000000,0.000000,0.000000,0.000000,0.000000,0.000000,0.000000,1,0
1789814278.066331,0,17.904535,20.831501,-0.011715,0.000000,0.000000,0.000000,0.000000,0.000000,0.000000,0.000000,0.000000,0.000000,0.000000,0.000000,0.000000,1,0
1789814278.166349,0,17.904535,20.831501,-0.011715,0.000000,0.000000,0.000000,0.000000,0.000000,0.000000,0.000000,0.000000,0.000000,0.000000,0.000000,0.000000,1,0
1789814278.266309,0,17.904535,20.831501,-0.011715,0.000000,0.000000,0.000000,0.000000,0.000000,0.000000,0.000000,0.000000,0.000000,0.000000,0.000000,0.000000,1,0
1789814278.366317,0,17.904535,20.831501,-0.011715,0.000000,0.000000,0.000000,0.000000,0.000000,0.000000,0.000000,0.000000,0.000000,0.000000,0.000000,0.000000,1,0
1789814278.466329,0,17.904535,20.831501,-0.011715,0.000000,0.000000,0.000000,0.000000,0.000000,0.000000,0.000000,0.000000,0.000000,0.000000,0.000000,0.000000,1,0
1789814278.566367,0,17.904535,20.831501,-0.011715,0.000000,0.000000,0.000000,0.000000,0.000000,0.000000,0.000000,0.000000,0.000000,0.000000,0.000000,0.000000,1,0
1789814278.666358,0,17.904535,20.831501,-0.011715,0.000000,0.000000,0.000000,0.000000,0.000000,0.000000,0.000000,0.000000,0.000000,0.000000,0.000000,0.000000,1,0
1789814278.766350,0,17.904535,20.831501,-0.011715,0.000000,0.000000,0.000000,0.000000,0.000000,0.000000,0.000000,0.000000,0.000000,0.000000,0.000000,0.000000,1,0
1789814278.866370,0,17.904535,20.831501,-0.011715,0.000000,0.000000,0.000000,0.000000,0.000000,0.000000,0.000000,0.000000,0.000000,0.000000,0.000000,0.000000,1,0
1789814278.966323,0,17.904535,20.831501,-0.011715,0.000000,0.000000,0.000000,0.000000,0.000000,0.000000,0.000000,0.000000,0.000000,0.000000,0.000000,0.000000,1,0
1789814279.067187,0,17.904535,20.831501,-0.011715,0.000000,0.000000,0.000000,0.000000,0.000000,0.000000,0.000000,0.000000,0.000000,0.000000,0.000000,0.000000,1,0
1789814279.166381,0,17.904535,20.831501,-0.011715,0.000000,0.000000,0.000000,0.000000,0.000000,0.000000,0.000000,0.000000,0.000000,0.000000,0.000000,0.000000,1,0
1789814279.266353,0,17.904535,20.831501,-0.011715,0.000000,0.000000,0.000000,0.000000,0.000000,0.000000,0.000000,0.000000,0.000000,0.000000,0.000000,0.000000,1,0
1789814279.367875,0,17.904535,20.831501,-0.011715,0.000000,0.000000,0.000000,0.000000,0.000000,0.000000,0.000000,0.000000,0.000000,0.000000,0.000000,0.000000,1,0
1789814279.466370,0,17.904535,20.831501,-0.011715,0.000000,0.000000,0.000000,0.000000,0.000000,0.000000,0.000000,0.000000,0.000000,0.000000,0.000000,0.000000,1,0
1789814279.566435,0,17.904535,20.831501,-0.011715,0.000000,0.000000,0.000000,0.000000,0.000000,0.000000,0.000000,0.000000,0.000000,0.000000,0.000000,0.000000,1,0
1789814279.666380,0,17.904535,20.831501,-0.011715,0.000000,0.000000,0.000000,0.000000,0.000000,0.000000,0.000000,0.000000,0.000000,0.000000,0.000000,0.000000,1,0
1789814279.766391,0,17.904535,20.831501,-0.011715,0.000000,0.000000,0.000000,0.000000,0.000000,0.000000,0.000000,0.000000,0.000000,0.000000,0.000000,0.000000,1,0
1789814279.866790,0,17.904535,20.831501,-0.011715,0.000000,0.000000,0.000000,0.000000,0.000000,0.000000,0.000000,0.000000,0.000000,0.000000,0.000000,0.000000,1,0
1789814279.966435,0,17.904535,20.831501,-0.011715,0.000000,0.000000,0.000000,0.000000,0.000000,0.000000,0.000000,0.000000,0.000000,0.000000,0.000000,0.000000,1,0
1789814280.066513,0,17.904535,20.831501,-0.011715,0.000000,0.000000,0.000000,0.000000,0.000000,0.000000,0.000000,0.000000,0.000000,0.000000,0.000000,0.000000,1,0
1789814280.166397,0,17.904535,20.831501,-0.011715,0.000000,0.000000,0.000000,0.000000,0.000000,0.000000,0.000000,0.000000,0.000000,0.000000,0.000000,0.000000,1,0
1789814280.266413,0,17.904535,20.831501,-0.011715,0.000000,0.000000,0.000000,0.000000,0.000000,0.000000,0.000000,0.000000,0.000000,0.000000,0.000000,0.000000,1,0
1789814280.366395,0,17.904535,20.831501,-0.011715,0.000000,0.000000,0.000000,0.000000,0.000000,0.000000,0.000000,0.000000,0.000000,0.000000,0.000000,0.000000,1,0
1789814280.466403,0,17.904535,20.831501,-0.011715,0.000000,0.000000,0.000000,0.000000,0.000000,0.000000,0.000000,0.000000,0.000000,0.000000,0.000000,0.000000,1,0
1789814280.566468,0,17.904535,20.831501,-0.011715,0.000000,0.000000,0.000000,0.000000,0.000000,0.000000,0.000000,0.000000,0.000000,0.000000,0.000000,0.000000,1,0
1789814280.666412,0,17.904535,20.831501,-0.011715,0.000000,0.000000,0.000000,0.000000,0.000000,0.000000,0.000000,0.000000,0.000000,0.000000,0.000000,0.000000,1,0
1789814280.766447,0,17.904535,20.831501,-0.011715,0.000000,0.000000,0.000000,0.000000,0.000000,0.000000,0.000000,0.000000,0.000000,0.000000,0.000000,0.000000,1,0
1789814280.866447,0,17.904535,20.831501,-0.011715,0.000000,0.000000,0.000000,0.000000,0.000000,0.000000,0.000000,0.000000,0.000000,0.000000,0.000000,0.000000,1,0
1789814280.966471,0,17.904535,20.831501,-0.011715,0.000000,0.000000,0.000000,0.000000,0.000000,0.000000,0.000000,0.000000,0.000000,0.000000,0.000000,0.000000,1,0
1789814281.066466,0,17.904535,20.831501,-0.011715,0.000000,0.000000,0.000000,0.000000,0.000000,0.000000,0.000000,0.000000,0.000000,0.000000,0.000000,0.000000,1,0
1789814281.166466,0,17.904535,20.831501,-0.011715,0.000000,0.000000,0.000000,0.000000,0.000000,0.000000,0.000000,0.000000,0.000000,0.000000,0.000000,0.000000,1,0
1789814281.266485,0,17.904535,20.831501,-0.011715,0.000000,0.000000,0.000000,0.000000,0.000000,0.000000,0.000000,0.000000,0.000000,0.000000,0.000000,0.000000,1,0
1789814281.366466,0,17.904535,20.831501,-0.011715,0.000000,0.000000,0.000000,0.000000,0.000000,0.000000,0.000000,0.000000,0.000000,0.000000,0.000000,0.000000,1,0
1789814281.466475,0,17.904535,20.831501,-0.011715,0.000000,0.000000,0.000000,0.000000,0.000000,0.000000,0.000000,0.000000,0.000000,0.000000,0.000000,0.000000,1,0
1789814281.566496,0,17.904535,20.831501,-0.011715,0.000000,0.000000,0.000000,0.000000,0.000000,0.000000,0.000000,0.000000,0.000000,0.000000,0.000000,0.000000,1,0
1789814281.666480,0,17.904535,20.831501,-0.011715,0.000000,0.000000,0.000000,0.000000,0.000000,0.000000,0.000000,0.000000,0.000000,0.000000,0.000000,0.000000,1,0
1789814281.766536,0,17.819237,20.796073,0.001850,0.000000,0.000000,0.000000,0.000000,0.000000,0.000000,0.000000,0.000000,0.000000,0.000000,0.000000,0.000000,1,0
1789814281.866585,0,17.819237,20.796073,0.001850,0.000000,0.000000,0.000000,0.000000,0.000000,0.000000,0.000000,0.000000,0.000000,0.000000,0.000000,0.000000,1,0
1789814281.966495,0,17.819237,20.796073,0.001850,0.000000,0.000000,0.000000,0.000000,0.000000,0.000000,0.000000,0.000000,0.000000,0.000000,0.000000,0.000000,1,0
1789814282.066497,0,17.819237,20.796073,0.001850,0.000000,0.000000,0.000000,0.000000,0.000000,0.000000,0.000000,0.000000,0.000000,0.000000,0.000000,0.000000,1,0
1789814282.166515,0,17.819237,20.796073,0.001850,0.000000,0.000000,0.000000,0.000000,0.000000,0.000000,0.000000,0.000000,0.000000,0.000000,0.000000,0.000000,1,0
1789814282.266497,0,17.819237,20.796073,0.001850,0.000000,0.000000,0.000000,0.000000,0.000000,0.000000,0.000000,0.000000,0.000000,0.000000,0.000000,0.000000,1,0
1789814282.366499,0,17.819237,20.796073,0.001850,0.000000,0.000000,0.000000,0.000000,0.000000,0.000000,0.000000,0.000000,0.000000,0.000000,0.000000,0.000000,1,0
1789814282.467870,0,17.819237,20.796073,0.001850,0.000000,0.000000,0.000000,0.000000,0.000000,0.000000,0.000000,0.000000,0.000000,0.000000,0.000000,0.000000,1,0
1789814282.566550,0,17.819237,20.796073,0.001850,0.000000,0.000000,0.000000,0.000000,0.000000,0.000000,0.000000,0.000000,0.000000,0.000000,0.000000,0.000000,1,0
1789814282.666512,0,17.819237,20.796073,0.001850,0.000000,0.000000,0.000000,0.000000,0.000000,0.000000,0.000000,0.000000,0.000000,0.000000,0.000000,0.000000,1,0
1789814282.766540,0,17.819237,20.796073,0.001850,0.000000,0.000000,0.000000,0.000000,0.000000,0.000000,0.000000,0.000000,0.000000,0.000000,0.000000,0.000000,1,0
1789814282.866565,0,17.819237,20.796073,0.001850,0.000000,0.000000,0.000000,0.000000,0.000000,0.000000,0.000000,0.000000,0.000000,0.000000,0.000000,0.000000,1,0
1789814282.966570,0,17.819237,20.796073,0.001850,0.000000,0.000000,0.000000,0.000000,0.000000,0.000000,0.000000,0.000000,0.000000,0.000000,0.000000,0.000000,1,0
1789814283.066589,0,17.819237,20.796073,0.001850,0.000000,0.000000,0.000000,0.000000,0.000000,0.000000,0.000000,0.000000,0.000000,0.000000,0.000000,0.000000,1,0
1789814283.168509,0,17.819237,20.796073,0.001850,0.000000,0.000000,0.000000,0.000000,0.000000,0.000000,0.000000,0.000000,0.000000,0.000000,0.000000,0.000000,1,0
1789814283.266572,0,17.819237,20.796073,0.001850,0.000000,0.000000,0.000000,0.000000,0.000000,0.000000,0.000000,0.000000,0.000000,0.000000,0.000000,0.000000,1,0
1789814283.366603,0,17.819237,20.796073,0.001850,0.000000,0.000000,0.000000,0.000000,0.000000,0.000000,0.000000,0.000000,0.000000,0.000000,0.000000,0.000000,1,0
1789814283.466583,0,17.819237,20.796073,0.001850,0.000000,0.000000,0.000000,0.000000,0.000000,0.000000,0.000000,0.000000,0.000000,0.000000,0.000000,0.000000,1,0
1789814283.566581,0,17.819237,20.796073,0.001850,0.000000,0.000000,0.000000,0.000000,0.000000,0.000000,0.000000,0.000000,0.000000,0.000000,0.000000,0.000000,1,0
1789814283.668057,0,17.819237,20.796073,0.001850,0.000000,0.000000,0.000000,0.000000,0.000000,0.000000,0.000000,0.000000,0.000000,0.000000,0.000000,0.000000,1,0
1789814283.766602,0,17.819237,20.796073,0.001850,0.000000,0.000000,0.000000,0.000000,0.000000,0.000000,0.000000,0.000000,0.000000,0.000000,0.000000,0.000000,1,0
1789814283.866880,0,17.819237,20.796073,0.001850,0.000000,0.000000,0.000000,0.000000,0.000000,0.000000,0.000000,0.000000,0.000000,0.000000,0.000000,0.000000,1,0
1789814283.966617,0,17.819237,20.796073,0.001850,0.000000,0.000000,0.000000,0.000000,0.000000,0.000000,0.000000,0.000000,0.000000,0.000000,0.000000,0.000000,1,0
1789814284.066607,0,17.819237,20.796073,0.001850,0.000000,0.000000,0.000000,0.000000,0.000000,0.000000,0.000000,0.000000,0.000000,0.000000,0.000000,0.000000,1,0
1789814284.166640,0,17.819237,20.796073,0.001850,0.000000,0.000000,0.000000,0.000000,0.000000,0.000000,0.000000,0.000000,0.000000,0.000000,0.000000,0.000000,1,0
1789814284.266631,0,17.819237,20.796073,0.001850,0.000000,0.000000,0.000000,0.000000,0.000000,0.000000,0.000000,0.000000,0.000000,0.000000,0.000000,0.000000,1,0
1789814284.366635,0,17.819237,20.796073,0.001850,0.000000,0.000000,0.000000,0.000000,0.000000,0.000000,0.000000,0.000000,0.000000,0.000000,0.000000,0.000000,1,0
1789814284.466703,0,17.819237,20.796073,0.001850,0.000000,0.000000,0.000000,0.000000,0.000000,0.000000,0.000000,0.000000,0.000000,0.000000,0.000000,0.000000,1,0
1789814284.566627,0,17.819237,20.796073,0.001850,0.000000,0.000000,0.000000,0.000000,0.000000,0.000000,0.000000,0.000000,0.000000,0.000000,0.000000,0.000000,1,0
1789814284.666670,0,17.819237,20.796073,0.001850,0.000000,0.000000,0.000000,0.000000,0.000000,0.000000,0.000000,0.000000,0.000000,0.000000,0.000000,0.000000,1,0
1789814284.766644,0,17.819237,20.796073,0.001850,0.000000,0.000000,0.000000,0.000000,0.000000,0.000000,0.000000,0.000000,0.000000,0.000000,0.000000,0.000000,1,0
1789814284.866676,0,17.819237,20.796073,0.001850,0.000000,0.000000,0.000000,0.000000,0.000000,0.000000,0.000000,0.000000,0.000000,0.000000,0.000000,0.000000,1,0
1789814284.966627,0,17.819237,20.796073,0.001850,0.000000,0.000000,0.000000,0.000000,0.000000,0.000000,0.000000,0.000000,0.000000,0.000000,0.000000,0.000000,1,0
1789814285.067772,0,17.819237,20.796073,0.001850,0.000000,0.000000,0.000000,0.000000,0.000000,0.000000,0.000000,0.000000,0.000000,0.000000,0.000000,0.000000,1,0
1789814285.167031,0,17.819237,20.796073,0.001850,0.000000,0.000000,0.000000,0.000000,0.000000,0.000000,0.000000,0.000000,0.000000,0.000000,0.000000,0.000000,1,0
1789814285.270413,0,17.819237,20.796073,0.001850,0.000000,0.000000,0.000000,0.000000,0.000000,0.000000,0.000000,0.000000,0.000000,0.000000,0.000000,0.000000,1,0
1789814285.366667,0,17.819237,20.796073,0.001850,0.000000,0.000000,0.000000,0.000000,0.000000,0.000000,0.000000,0.000000,0.000000,0.000000,0.000000,0.000000,1,0
1789814285.466660,0,17.819237,20.796073,0.001850,0.000000,0.000000,0.000000,0.000000,0.000000,0.000000,0.000000,0.000000,0.000000,0.000000,0.000000,0.000000,1,0
1789814285.566709,0,17.819237,20.796073,0.001850,0.000000,0.000000,0.000000,0.000000,0.000000,0.000000,0.000000,0.000000,0.000000,0.000000,0.000000,0.000000,1,0
1789814285.666656,0,17.819237,20.796073,0.001850,0.000000,0.000000,0.000000,0.000000,0.000000,0.000000,0.000000,0.000000,0.000000,0.000000,0.000000,0.000000,1,0
1789814285.766666,0,17.819237,20.796073,0.001850,0.000000,0.000000,0.000000,0.000000,0.000000,0.000000,0.000000,0.000000,0.000000,0.000000,0.000000,0.000000,1,0
1789814285.866710,0,17.819237,20.796073,0.001850,0.000000,0.000000,0.000000,0.000000,0.000000,0.000000,0.000000,0.000000,0.000000,0.000000,0.000000,0.000000,1,0
1789814285.969055,0,17.819237,20.796073,0.001850,0.000000,0.000000,0.000000,0.000000,0.000000,0.000000,0.000000,0.000000,0.000000,0.000000,0.000000,0.000000,1,0
1789814286.066714,0,17.819237,20.796073,0.001850,0.000000,0.000000,0.000000,0.000000,0.000000,0.000000,0.000000,0.000000,0.000000,0.000000,0.000000,0.000000,1,0
1789814286.166747,0,17.819237,20.796073,0.001850,0.000000,0.000000,0.000000,0.000000,0.000000,0.000000,0.000000,0.000000,0.000000,0.000000,0.000000,0.000000,1,0
1789814286.267102,0,17.819237,20.796073,0.001850,0.000000,0.000000,0.000000,0.000000,0.000000,0.000000,0.000000,0.000000,0.000000,0.000000,0.000000,0.000000,1,0
1789814286.366761,0,17.819237,20.796073,0.001850,0.000000,0.000000,0.000000,0.000000,0.000000,0.000000,0.000000,0.000000,0.000000,0.000000,0.000000,0.000000,1,0
1789814286.466727,0,17.819237,20.796073,0.001850,0.000000,0.000000,0.000000,0.000000,0.000000,0.000000,0.000000,0.000000,0.000000,0.000000,0.000000,0.000000,1,0
1789814286.566725,0,17.819237,20.796073,0.001850,0.000000,0.000000,0.000000,0.000000,0.000000,0.000000,0.000000,0.000000,0.000000,0.000000,0.000000,0.000000,1,0
1789814286.666745,0,17.819237,20.796073,0.001850,0.000000,0.000000,0.000000,0.000000,0.000000,0.000000,0.000000,0.000000,0.000000,0.000000,0.000000,0.000000,1,0
1789814286.766761,0,17.819237,20.796073,0.001850,0.000000,0.000000,0.000000,0.000000,0.000000,0.000000,0.000000,0.000000,0.000000,0.000000,0.000000,0.000000,1,0
1789814286.866742,0,17.819237,20.796073,0.001850,0.000000,0.000000,0.000000,0.000000,0.000000,0.000000,0.000000,0.000000,0.000000,0.000000,0.000000,0.000000,1,0
1789814286.970303,0,17.819237,20.796073,0.001850,0.000000,0.000000,0.000000,0.000000,0.000000,0.000000,0.000000,0.000000,0.000000,0.000000,0.000000,0.000000,1,0
1789814287.066807,0,17.819237,20.796073,0.001850,0.000000,0.000000,0.000000,0.000000,0.000000,0.000000,0.000000,0.000000,0.000000,0.000000,0.000000,0.000000,1,0
1789814287.166768,0,17.819237,20.796073,0.001850,0.000000,0.000000,0.000000,0.000000,0.000000,0.000000,0.000000,0.000000,0.000000,0.000000,0.000000,0.000000,1,0
1789814287.266778,0,17.819237,20.796073,0.001850,0.000000,0.000000,0.000000,0.000000,0.000000,0.000000,0.000000,0.000000,0.000000,0.000000,0.000000,0.000000,1,0
1789814287.366794,0,17.819237,20.796073,0.001850,0.000000,0.000000,0.000000,0.000000,0.000000,0.000000,0.000000,0.000000,0.000000,0.000000,0.000000,0.000000,1,0
1789814287.466823,0,17.819237,20.796073,0.001850,0.000000,0.000000,0.000000,0.000000,0.000000,0.000000,0.000000,0.000000,0.000000,0.000000,0.000000,0.000000,1,0
1789814287.566804,0,17.819237,20.796073,0.001850,0.000000,0.000000,0.000000,0.000000,0.000000,0.000000,0.000000,0.000000,0.000000,0.000000,0.000000,0.000000,1,0
1789814287.666781,0,17.819237,20.796073,0.001850,0.000000,0.000000,0.000000,0.000000,0.000000,0.000000,0.000000,0.000000,0.000000,0.000000,0.000000,0.000000,1,0
1789814287.766799,0,17.819237,20.796073,0.001850,0.000000,0.000000,0.000000,0.000000,0.000000,0.000000,0.000000,0.000000,0.000000,0.000000,0.000000,0.000000,1,0
1789814287.866821,0,17.819237,20.796073,0.001850,0.000000,0.000000,0.000000,0.000000,0.000000,0.000000,0.000000,0.000000,0.000000,0.000000,0.000000,0.000000,1,0
1789814287.966802,0,17.819237,20.796073,0.001850,0.000000,0.000000,0.000000,0.000000,0.000000,0.000000,0.000000,0.000000,0.000000,0.000000,0.000000,0.000000,1,0
1789814288.066822,0,17.819237,20.796073,0.001850,0.000000,0.000000,0.000000,0.000000,0.000000,0.000000,0.000000,0.000000,0.000000,0.000000,0.000000,0.000000,1,0
1789814288.166826,0,17.819237,20.796073,0.001850,0.000000,0.000000,0.000000,0.000000,0.000000,0.000000,0.000000,0.000000,0.000000,0.000000,0.000000,0.000000,1,0
1789814288.266823,0,17.819237,20.796073,0.001850,0.000000,0.000000,0.000000,0.000000,0.000000,0.000000,0.000000,0.000000,0.000000,0.000000,0.000000,0.000000,1,0
1789814288.366848,0,17.819237,20.796073,0.001850,0.000000,0.000000,0.000000,0.000000,0.000000,0.000000,0.000000,0.000000,0.000000,0.000000,0.000000,0.000000,1,0
1789814288.466884,0,17.819237,20.796073,0.001850,0.000000,0.000000,0.000000,0.000000,0.000000,0.000000,0.000000,0.000000,0.000000,0.000000,0.000000,0.000000,1,0
1789814288.568699,0,17.819237,20.796073,0.001850,0.000000,0.000000,0.000000,0.000000,0.000000,0.000000,0.000000,0.000000,0.000000,0.000000,0.000000,0.000000,1,0
1789814288.666853,0,17.819237,20.796073,0.001850,0.000000,0.000000,0.000000,0.000000,0.000000,0.000000,0.000000,0.000000,0.000000,0.000000,0.000000,0.000000,1,0
1789814288.766896,0,17.819237,20.796073,0.001850,0.000000,0.000000,0.000000,0.000000,0.000000,0.000000,0.000000,0.000000,0.000000,0.000000,0.000000,0.000000,1,0
1789814288.867342,0,17.819237,20.796073,0.001850,0.000000,0.000000,0.000000,0.000000,0.000000,0.000000,0.000000,0.000000,0.000000,0.000000,0.000000,0.000000,1,0
1789814288.966848,0,17.819237,20.796073,0.001850,0.000000,0.000000,0.000000,0.000000,0.000000,0.000000,0.000000,0.000000,0.000000,0.000000,0.000000,0.000000,1,0
1789814289.066881,0,17.819237,20.796073,0.001850,0.000000,0.000000,0.000000,0.000000,0.000000,0.000000,0.000000,0.000000,0.000000,0.000000,0.000000,0.000000,1,0
1789814289.166814,0,17.819237,20.796073,0.001850,0.000000,0.000000,0.000000,0.000000,0.000000,0.000000,0.000000,0.000000,0.000000,0.000000,0.000000,0.000000,1,0
1789814289.266867,0,17.819237,20.796073,0.001850,0.000000,0.000000,0.000000,0.000000,0.000000,0.000000,0.000000,0.000000,0.000000,0.000000,0.000000,0.000000,1,0
1789814289.366920,0,17.819237,20.796073,0.001850,0.000000,0.000000,0.000000,0.000000,0.000000,0.000000,0.000000,0.000000,0.000000,0.000000,0.000000,0.000000,1,0
1789814289.466922,0,17.819237,20.796073,0.001850,0.000000,0.000000,0.000000,0.000000,0.000000,0.000000,0.000000,0.000000,0.000000,0.000000,0.000000,0.000000,1,0
1789814289.566873,0,17.819237,20.796073,0.001850,0.000000,0.000000,0.000000,0.000000,0.000000,0.000000,0.000000,0.000000,0.000000,0.000000,0.000000,0.000000,1,0
1789814289.666891,0,17.819237,20.796073,0.001850,0.000000,0.000000,0.000000,0.000000,0.000000,0.000000,0.000000,0.000000,0.000000,0.000000,0.000000,0.000000,1,0
1789814289.766976,0,17.819237,20.796073,0.001850,0.000000,0.000000,0.000000,0.000000,0.000000,0.000000,0.000000,0.000000,0.000000,0.000000,0.000000,0.000000,1,0
1789814289.867836,0,17.819237,20.796073,0.001850,0.000000,0.000000,0.000000,0.000000,0.000000,0.000000,0.000000,0.000000,0.000000,0.000000,0.000000,0.000000,1,0
1789814289.966923,0,17.819237,20.796073,0.001850,0.000000,0.000000,0.000000,0.000000,0.000000,0.000000,0.000000,0.000000,0.000000,0.000000,0.000000,0.000000,1,0
1789814290.066939,0,17.819237,20.796073,0.001850,0.000000,0.000000,0.000000,0.000000,0.000000,0.000000,0.000000,0.000000,0.000000,0.000000,0.000000,0.000000,1,0
1789814290.166894,0,17.819237,20.796073,0.001850,0.000000,0.000000,0.000000,0.000000,0.000000,0.000000,0.000000,0.000000,0.000000,0.000000,0.000000,0.000000,1,0
1789814290.266962,0,17.819237,20.796073,0.001850,0.000000,0.000000,0.000000,0.000000,0.000000,0.000000,0.000000,0.000000,0.000000,0.000000,0.000000,0.000000,1,0
1789814290.366919,0,17.819237,20.796073,0.001850,0.000000,0.000000,0.000000,0.000000,0.000000,0.000000,0.000000,0.000000,0.000000,0.000000,0.000000,0.000000,1,0
1789814290.467014,0,17.819237,20.796073,0.001850,0.000000,0.000000,0.000000,0.000000,0.000000,0.000000,0.000000,0.000000,0.000000,0.000000,0.000000,0.000000,1,0
1789814290.566945,0,17.819237,20.796073,0.001850,0.000000,0.000000,0.000000,0.000000,0.000000,0.000000,0.000000,0.000000,0.000000,0.000000,0.000000,0.000000,1,0
1789814290.666929,0,17.819237,20.796073,0.001850,0.000000,0.000000,0.000000,0.000000,0.000000,0.000000,0.000000,0.000000,0.000000,0.000000,0.000000,0.000000,1,0
1789814290.766952,0,17.819237,20.796073,0.001850,0.000000,0.000000,0.000000,0.000000,0.000000,0.000000,0.000000,0.000000,0.000000,0.000000,0.000000,0.000000,1,0
1789814290.866959,0,17.819237,20.796073,0.001850,0.000000,0.000000,0.000000,0.000000,0.000000,0.000000,0.000000,0.000000,0.000000,0.000000,0.000000,0.000000,1,0
1789814290.966953,0,17.819237,20.796073,0.001850,0.000000,0.000000,0.000000,0.000000,0.000000,0.000000,0.000000,0.000000,0.000000,0.000000,0.000000,0.000000,0,0
1789814291.066967,0,17.819237,20.796073,0.001850,0.000000,0.000000,0.000000,0.000000,0.000000,0.000000,0.000000,0.000000,0.000000,0.000000,0.000000,0.000000,0,0
1789814291.166956,0,17.819237,20.796073,0.001850,0.000000,0.000000,0.000000,0.000000,0.000000,0.000000,0.000000,0.000000,0.000000,0.000000,0.000000,0.000000,0,0
1789814291.266955,0,17.819237,20.796073,0.001850,0.000000,0.000000,0.000000,0.000000,0.000000,0.000000,0.000000,0.000000,0.000000,0.000000,0.000000,0.000000,0,0
1789814291.369523,0,17.819237,20.796073,0.001850,0.000000,0.000000,0.000000,0.000000,0.000000,0.000000,0.000000,0.000000,0.000000,0.000000,0.000000,0.000000,0,0
1789814291.467033,0,17.819237,20.796073,0.001850,0.000000,0.000000,0.000000,0.000000,0.000000,0.000000,0.000000,0.000000,0.000000,0.000000,0.000000,0.000000,0,0
1789814291.566987,0,17.819237,20.796073,0.001850,0.000000,0.000000,0.000000,0.000000,0.000000,0.000000,0.000000,0.000000,0.000000,0.000000,0.000000,0.000000,0,0
1789814291.667006,0,17.819237,20.796073,0.001850,0.000000,0.000000,0.000000,0.000000,0.000000,0.000000,0.000000,0.000000,0.000000,0.000000,0.000000,0.000000,0,0
1789814291.767574,0,17.819237,20.796073,0.001850,0.000000,0.000000,0.000000,0.000000,0.000000,0.000000,0.000000,0.000000,0.000000,0.000000,0.000000,0.000000,0,0
1789814291.867183,0,17.819237,20.796073,0.001850,0.000000,0.000000,0.000000,0.000000,0.000000,0.000000,0.000000,0.000000,0.000000,0.000000,0.000000,0.000000,0,0
1789814291.967034,0,17.819237,20.796073,0.001850,0.000000,0.000000,0.000000,0.000000,0.000000,0.000000,0.000000,0.000000,0.000000,0.000000,0.000000,0.000000,0,0
1789814292.067052,0,17.819237,20.796073,0.001850,0.000000,0.000000,0.000000,0.000000,0.000000,0.000000,0.000000,0.000000,0.000000,0.000000,0.000000,0.000000,0,0
1789814292.166991,0,17.819237,20.796073,0.001850,0.000000,0.000000,0.000000,0.000000,0.000000,0.000000,0.000000,0.000000,0.000000,0.000000,0.000000,0.000000,0,0
1789814292.267025,0,17.819237,20.796073,0.001850,0.000000,0.000000,0.000000,0.000000,0.000000,0.000000,0.000000,0.000000,0.000000,0.000000,0.000000,0.000000,0,0
1789814292.367088,0,17.819237,20.796073,0.001850,0.000000,0.000000,0.000000,0.000000,0.000000,0.000000,0.000000,0.000000,0.000000,0.000000,0.000000,0.000000,0,0
1789814292.467021,0,17.819237,20.796073,0.001850,0.000000,0.000000,0.000000,0.000000,0.000000,0.000000,0.000000,0.000000,0.000000,0.000000,0.000000,0.000000,0,0
1789814292.567091,0,17.819237,20.796073,0.001850,0.000000,0.000000,0.000000,0.000000,0.000000,0.000000,0.000000,0.000000,0.000000,0.000000,0.000000,0.000000,0,0
1789814292.667083,0,17.819237,20.796073,0.001850,0.000000,0.000000,0.000000,0.000000,0.000000,0.000000,0.000000,0.000000,0.000000,0.000000,0.000000,0.000000,0,0
1789814292.767051,0,17.819237,20.796073,0.001850,0.000000,0.000000,0.000000,0.000000,0.000000,0.000000,0.000000,0.000000,0.000000,0.000000,0.000000,0.000000,0,0
1789814292.867118,0,17.819237,20.796073,0.001850,0.000000,0.000000,0.000000,0.000000,0.000000,0.000000,0.000000,0.000000,0.000000,0.000000,0.000000,0.000000,0,0
1789814292.967111,0,17.819237,20.796073,0.001850,0.000000,0.000000,0.000000,0.000000,0.000000,0.000000,0.000000,0.000000,0.000000,0.000000,0.000000,0.000000,0,0
1789814293.067079,0,17.819237,20.796073,0.001850,0.000000,0.000000,0.000000,0.000000,0.000000,0.000000,0.000000,0.000000,0.000000,0.000000,0.000000,0.000000,0,0
1789814293.168218,0,17.819237,20.796073,0.001850,0.000000,0.000000,0.000000,0.000000,0.000000,0.000000,0.000000,0.000000,0.000000,0.000000,0.000000,0.000000,0,0
1789814293.267174,0,17.819237,20.796073,0.001850,0.000000,0.000000,0.000000,0.000000,0.000000,0.000000,0.000000,0.000000,0.000000,0.000000,0.000000,0.000000,0,0
1789814293.367108,0,17.819237,20.796073,0.001850,0.000000,0.000000,0.000000,0.000000,0.000000,0.000000,0.000000,0.000000,0.000000,0.000000,0.000000,0.000000,0,0
1789814293.467093,0,17.819237,20.796073,0.001850,0.000000,0.000000,0.000000,0.000000,0.000000,0.000000,0.000000,0.000000,0.000000,0.000000,0.000000,0.000000,0,0
1789814293.567106,0,17.819237,20.796073,0.001850,0.000000,0.000000,0.000000,0.000000,0.000000,0.000000,0.000000,0.000000,0.000000,0.000000,0.000000,0.000000,0,0
1789814293.667122,0,17.819237,20.796073,0.001850,0.000000,0.000000,0.000000,0.000000,0.000000,0.000000,0.000000,0.000000,0.000000,0.000000,0.000000,0.000000,0,0
1789814293.768694,0,17.819237,20.796073,0.001850,0.000000,0.000000,0.000000,0.000000,0.000000,0.000000,0.000000,0.000000,0.000000,0.000000,0.000000,0.000000,0,0
1789814293.867136,0,17.819237,20.796073,0.001850,0.000000,0.000000,0.000000,0.000000,0.000000,0.000000,0.000000,0.000000,0.000000,0.000000,0.000000,0.000000,0,0
1789814293.967212,0,17.819237,20.796073,0.001850,0.000000,0.000000,0.000000,0.000000,0.000000,0.000000,0.000000,0.000000,0.000000,0.000000,0.000000,0.000000,0,0
1789814294.067121,0,17.819237,20.796073,0.001850,0.000000,0.000000,0.000000,0.000000,0.000000,0.000000,0.000000,0.000000,0.000000,0.000000,0.000000,0.000000,0,0
1789814294.167150,0,17.819237,20.796073,0.001850,0.000000,0.000000,0.000000,0.000000,0.000000,0.000000,0.000000,0.000000,0.000000,0.000000,0.000000,0.000000,0,0
1789814294.267135,0,17.819237,20.796073,0.001850,0.000000,0.000000,0.000000,0.000000,0.000000,0.000000,0.000000,0.000000,0.000000,0.000000,0.000000,0.000000,0,0
1789814294.367119,0,17.819237,20.796073,0.001850,0.000000,0.000000,0.000000,0.000000,0.000000,0.000000,0.000000,0.000000,0.000000,0.000000,0.000000,0.000000,0,0
1789814294.467114,0,17.819237,20.796073,0.001850,0.000000,0.000000,0.000000,0.000000,0.000000,0.000000,0.000000,0.000000,0.000000,0.000000,0.000000,0.000000,0,0
1789814294.567178,0,17.819237,20.796073,0.001850,0.000000,0.000000,0.000000,0.000000,0.000000,0.000000,0.000000,0.000000,0.000000,0.000000,0.000000,0.000000,0,0
1789814294.667142,0,17.819237,20.796073,0.001850,0.000000,0.000000,0.000000,0.000000,0.000000,0.000000,0.000000,0.000000,0.000000,0.000000,0.000000,0.000000,0,0
1789814294.767234,0,17.819237,20.796073,0.001850,0.000000,0.000000,0.000000,0.000000,0.000000,0.000000,0.000000,0.000000,0.000000,0.000000,0.000000,0.000000,0,0
1789814294.867167,0,17.819237,20.796073,0.001850,0.000000,0.000000,0.000000,0.000000,0.000000,0.000000,0.000000,0.000000,0.000000,0.000000,0.000000,0.000000,0,0
1789814294.967144,0,17.819237,20.796073,0.001850,0.000000,0.000000,0.000000,0.000000,0.000000,0.000000,0.000000,0.000000,0.000000,0.000000,0.000000,0.000000,0,0
1789814295.067172,0,17.819237,20.796073,0.001850,0.000000,0.000000,0.000000,0.000000,0.000000,0.000000,0.000000,0.000000,0.000000,0.000000,0.000000,0.000000,0,0
1789814295.168111,0,17.819237,20.796073,0.001850,0.000000,0.000000,0.000000,0.000000,0.000000,0.000000,0.000000,0.000000,0.000000,0.000000,0.000000,0.000000,0,0
1789814295.267582,0,17.819237,20.796073,0.001850,0.000000,0.000000,0.000000,0.000000,0.000000,0.000000,0.000000,0.000000,0.000000,0.000000,0.000000,0.000000,0,0
1789814295.367181,0,17.819237,20.796073,0.001850,0.000000,0.000000,0.000000,0.000000,0.000000,0.000000,0.000000,0.000000,0.000000,0.000000,0.000000,0.000000,0,0
1789814295.467217,0,17.819237,20.796073,0.001850,0.000000,0.000000,0.000000,0.000000,0.000000,0.000000,0.000000,0.000000,0.000000,0.000000,0.000000,0.000000,0,0
1789814295.570334,0,17.819237,20.796073,0.001850,0.000000,0.000000,0.000000,0.000000,0.000000,0.000000,0.000000,0.000000,0.000000,0.000000,0.000000,0.000000,0,0
1789814295.667236,0,17.819237,20.796073,0.001850,0.000000,0.000000,0.000000,0.000000,0.000000,0.000000,0.000000,0.000000,0.000000,0.000000,0.000000,0.000000,0,0
1789814295.768514,0,17.819237,20.796073,0.001850,0.000000,0.000000,0.000000,0.000000,0.000000,0.000000,0.000000,0.000000,0.000000,0.000000,0.000000,0.000000,0,0
1789814295.867992,0,17.819237,20.796073,0.001850,0.000000,0.000000,0.000000,0.000000,0.000000,0.000000,0.000000,0.000000,0.000000,0.000000,0.000000,0.000000,0,0
1789814295.967206,0,17.819237,20.796073,0.001850,0.000000,0.000000,0.000000,0.000000,0.000000,0.000000,0.000000,0.000000,0.000000,0.000000,0.000000,0.000000,0,0
1789814296.067386,0,17.819237,20.796073,0.001850,0.000000,0.000000,0.000000,0.000000,0.000000,0.000000,0.000000,0.000000,0.000000,0.000000,0.000000,0.000000,0,0
1789814296.167247,0,17.819237,20.796073,0.001850,0.000000,0.000000,0.000000,0.000000,0.000000,0.000000,0.000000,0.000000,0.000000,0.000000,0.000000,0.000000,0,0
1789814296.267262,0,17.819237,20.796073,0.001850,0.000000,0.000000,0.000000,0.000000,0.000000,0.000000,0.000000,0.000000,0.000000,0.000000,0.000000,0.000000,0,0
1789814296.367218,0,17.819237,20.796073,0.001850,0.000000,0.000000,0.000000,0.000000,0.000000,0.000000,0.000000,0.000000,0.000000,0.000000,0.000000,0.000000,0,0
1789814296.467262,0,17.819237,20.796073,0.001850,0.000000,0.000000,0.000000,0.000000,0.000000,0.000000,0.000000,0.000000,0.000000,0.000000,0.000000,0.000000,0,0
1789814296.567242,0,17.819237,20.796073,0.001850,0.000000,0.000000,0.000000,0.000000,0.000000,0.000000,0.000000,0.000000,0.000000,0.000000,0.000000,0.000000,0,0
1789814296.667283,0,17.819237,20.796073,0.001850,0.000000,0.000000,0.000000,0.000000,0.000000,0.000000,0.000000,0.000000,0.000000,0.000000,0.000000,0.000000,0,0
1789814296.767257,0,17.819237,20.796073,0.001850,0.000000,0.000000,0.000000,0.000000,0.000000,0.000000,0.000000,0.000000,0.000000,0.000000,0.000000,0.000000,0,0
1789814296.867311,0,17.819237,20.796073,0.001850,0.000000,0.000000,0.000000,0.000000,0.000000,0.000000,0.000000,0.000000,0.000000,0.000000,0.000000,0.000000,0,0
1789814296.970512,0,17.819237,20.796073,0.001850,0.000000,0.000000,0.000000,0.000000,0.000000,0.000000,0.000000,0.000000,0.000000,0.000000,0.000000,0.000000,0,0
1789814297.067258,0,17.819237,20.796073,0.001850,0.000000,0.000000,0.000000,0.000000,0.000000,0.000000,0.000000,0.000000,0.000000,0.000000,0.000000,0.000000,0,0
1789814297.167338,0,17.819237,20.796073,0.001850,0.000000,0.000000,0.000000,0.000000,0.000000,0.000000,0.000000,0.000000,0.000000,0.000000,0.000000,0.000000,0,0
1789814297.267297,0,17.819237,20.796073,0.001850,0.000000,0.000000,0.000000,0.000000,0.000000,0.000000,0.000000,0.000000,0.000000,0.000000,0.000000,0.000000,0,0
1789814297.367301,0,17.819237,20.796073,0.001850,0.000000,0.000000,0.000000,0.000000,0.000000,0.000000,0.000000,0.000000,0.000000,0.000000,0.000000,0.000000,0,0
1789814297.467290,0,17.819237,20.796073,0.001850,0.000000,0.000000,0.000000,0.000000,0.000000,0.000000,0.000000,0.000000,0.000000,0.000000,0.000000,0.000000,0,0
1789814297.568268,0,17.819237,20.796073,0.001850,0.000000,0.000000,0.000000,0.000000,0.000000,0.000000,0.000000,0.000000,0.000000,0.000000,0.000000,0.000000,0,0
1789814297.667334,0,17.819237,20.796073,0.001850,0.000000,0.000000,0.000000,0.000000,0.000000,0.000000,0.000000,0.000000,0.000000,0.000000,0.000000,0.000000,0,0
1789814297.767314,0,17.819237,20.796073,0.001850,0.000000,0.000000,0.000000,0.000000,0.000000,0.000000,0.000000,0.000000,0.000000,0.000000,0.000000,0.000000,0,0
1789814297.867290,0,17.819237,20.796073,0.001850,0.000000,0.000000,0.000000,0.000000,0.000000,0.000000,0.000000,0.000000,0.000000,0.000000,0.000000,0.000000,0,0
1789814297.967314,0,17.819237,20.796073,0.001850,0.000000,0.000000,0.000000,0.000000,0.000000,0.000000,0.000000,0.000000,0.000000,0.000000,0.000000,0.000000,0,0
1789814298.070975,0,17.819237,20.796073,0.001850,0.000000,0.000000,0.000000,0.000000,0.000000,0.000000,0.000000,0.000000,0.000000,0.000000,0.000000,0.000000,0,0
1789814298.167384,0,17.819237,20.796073,0.001850,0.000000,0.000000,0.000000,0.000000,0.000000,0.000000,0.000000,0.000000,0.000000,0.000000,0.000000,0.000000,0,0
1789814298.267395,0,17.819237,20.796073,0.001850,0.000000,0.000000,0.000000,0.000000,0.000000,0.000000,0.000000,0.000000,0.000000,0.000000,0.000000,0.000000,0,0
1789814298.367314,0,17.819237,20.796073,0.001850,0.000000,0.000000,0.000000,0.000000,0.000000,0.000000,0.000000,0.000000,0.000000,0.000000,0.000000,0.000000,0,0
1789814298.467416,0,17.819237,20.796073,0.001850,0.000000,0.000000,0.000000,0.000000,0.000000,0.000000,0.000000,0.000000,0.000000,0.000000,0.000000,0.000000,0,0
1789814298.567391,0,17.819237,20.796073,0.001850,0.000000,0.000000,0.000000,0.000000,0.000000,0.000000,0.000000,0.000000,0.000000,0.000000,0.000000,0.000000,0,0
1789814298.667360,0,17.819237,20.796073,0.001850,0.000000,0.000000,0.000000,0.000000,0.000000,0.000000,0.000000,0.000000,0.000000,0.000000,0.000000,0.000000,0,0
1789814298.767334,0,17.819237,20.796073,0.001850,0.000000,0.000000,0.000000,0.000000,0.000000,0.000000,0.000000,0.000000,0.000000,0.000000,0.000000,0.000000,0,0
1789814298.867566,0,17.819237,20.796073,0.001850,0.000000,0.000000,0.000000,0.000000,0.000000,0.000000,0.000000,0.000000,0.000000,0.000000,0.000000,0.000000,0,0
1789814298.967447,0,17.819237,20.796073,0.001850,0.000000,0.000000,0.000000,0.000000,0.000000,0.000000,0.000000,0.000000,0.000000,0.000000,0.000000,0.000000,0,0
1789814299.067368,0,17.819237,20.796073,0.001850,0.000000,0.000000,0.000000,0.000000,0.000000,0.000000,0.000000,0.000000,0.000000,0.000000,0.000000,0.000000,0,0
1789814299.167335,0,17.819237,20.796073,0.001850,0.000000,0.000000,0.000000,0.000000,0.000000,0.000000,0.000000,0.000000,0.000000,0.000000,0.000000,0.000000,0,0
1789814299.267378,0,17.819237,20.796073,0.001850,0.000000,0.000000,0.000000,0.000000,0.000000,0.000000,0.000000,0.000000,0.000000,0.000000,0.000000,0.000000,0,0
1789814299.367370,0,17.819237,20.796073,0.001850,0.000000,0.000000,0.000000,0.000000,0.000000,0.000000,0.000000,0.000000,0.000000,0.000000,0.000000,0.000000,0,0
1789814299.467426,0,17.819237,20.796073,0.001850,0.000000,0.000000,0.000000,0.000000,0.000000,0.000000,0.000000,0.000000,0.000000,0.000000,0.000000,0.000000,0,0
1789814299.567399,0,17.819237,20.796073,0.001850,0.000000,0.000000,0.000000,0.000000,0.000000,0.000000,0.000000,0.000000,0.000000,0.000000,0.000000,0.000000,0,0
1789814299.667446,0,17.819237,20.796073,0.001850,0.000000,0.000000,0.000000,0.000000,0.000000,0.000000,0.000000,0.000000,0.000000,0.000000,0.000000,0.000000,0,0
1789814299.767374,0,17.819237,20.796073,0.001850,0.000000,0.000000,0.000000,0.000000,0.000000,0.000000,0.000000,0.000000,0.000000,0.000000,0.000000,0.000000,0,0
1789814299.869116,0,17.819237,20.796073,0.001850,0.000000,0.000000,0.000000,0.000000,0.000000,0.000000,0.000000,0.000000,0.000000,0.000000,0.000000,0.000000,0,0
1789814299.967505,0,17.819237,20.796073,0.001850,0.000000,0.000000,0.000000,0.000000,0.000000,0.000000,0.000000,0.000000,0.000000,0.000000,0.000000,0.000000,0,0
1789814300.067496,0,17.819237,20.796073,0.001850,17.819237,20.796073,19.128000,20.952000,0.000000,0.000000,0.800000,0.118581,0.116732,1.318019,0.422730,0.160000,0,0
1789814300.167449,0,17.819237,20.796073,0.001850,17.819237,20.796073,19.128000,20.952000,0.000000,0.000000,0.800000,0.118581,0.116732,1.318019,0.422730,0.288000,0,0
1789814300.267453,0,17.819237,20.796073,0.001850,17.819237,20.796073,19.128000,20.952000,0.000000,0.000000,0.800000,0.118581,0.116732,1.318019,0.422730,0.390400,0,0
1789814300.367480,0,17.819237,20.796073,0.001850,17.819237,20.796073,19.128000,20.952000,0.000000,0.000000,0.800000,0.118581,0.116732,1.318019,0.422730,0.472320,0,0
1789814300.467433,0,17.819237,20.796073,0.001850,17.819237,20.796073,19.128000,20.952000,0.000000,0.000000,0.800000,0.118581,0.116732,1.318019,0.422730,0.523407,0,0
1789814300.567450,0,17.819237,20.796073,0.001850,17.819237,20.796073,19.128000,20.952000,0.000000,0.000000,0.800000,0.118581,0.116732,1.318019,0.422730,0.537501,0,0
1789814300.667499,0,17.819237,20.796073,0.001850,17.819237,20.796073,19.128000,20.952000,0.000000,0.000000,0.800000,0.118581,0.116732,1.318019,0.422730,0.527355,0,0
1789814300.767440,0,17.819237,20.796073,0.001850,17.819237,20.796073,19.128000,20.952000,0.000000,0.000000,0.800000,0.118581,0.116732,1.318019,0.422730,0.502103,0,0
1789814300.867504,0,17.819237,20.796073,0.001850,17.819237,20.796073,19.128000,20.952000,0.000000,0.000000,0.800000,0.118581,0.116732,1.318019,0.422730,0.468192,0,0
1789814300.967469,0,17.819237,20.796073,0.001850,17.819237,20.796073,19.128000,20.952000,0.000000,0.000000,0.800000,0.118581,0.116732,1.318019,0.422730,0.430095,0,0
1789814301.067461,0,17.819237,20.796073,0.001850,17.819237,20.796073,19.128000,20.952000,0.000000,0.000000,0.800000,0.118581,0.116732,1.318019,0.422730,0.390845,0,0
1789814301.167472,0,17.819237,20.796073,0.001850,17.819237,20.796073,19.128000,20.952000,0.000000,0.000000,0.800000,0.118581,0.116732,1.318019,0.422730,0.352425,0,0
1789814301.267468,0,17.819237,20.796073,0.001850,17.819237,20.796073,19.128000,20.952000,0.000000,0.000000,0.800000,0.118581,0.116732,1.318019,0.422730,0.316074,0,0
1789814301.367498,0,17.819237,20.796073,0.001850,17.819237,20.796073,19.128000,20.952000,0.000000,0.000000,0.800000,0.118581,0.116732,1.318019,0.422730,0.282501,0,0
1789814301.467517,0,17.819237,20.796073,0.001850,17.819237,20.796073,19.128000,20.952000,0.000000,0.000000,0.800000,0.118581,0.116732,1.318019,0.422730,0.252049,0,0
1789814301.567511,0,17.819237,20.796073,0.001850,17.819237,20.796073,19.128000,20.952000,0.000000,0.000000,0.800000,0.118581,0.116732,1.318019,0.422730,0.224813,0,0
1789814301.667496,0,17.819237,20.796073,0.001850,17.819237,20.796073,19.128000,20.952000,0.000000,0.000000,0.800000,0.118581,0.116732,1.318019,0.422730,0.200723,0,0
1789814301.767527,0,17.819237,20.796073,0.001850,17.819237,20.796073,19.128000,20.952000,0.000000,0.000000,0.800000,0.118581,0.116732,1.318019,0.422730,0.179612,0,0
1789814301.867530,0,17.819237,20.796073,0.001850,17.819237,20.796073,19.128000,20.952000,0.000000,0.000000,0.800000,0.118581,0.116732,1.318019,0.422730,0.161251,0,0
1789814301.967554,0,17.819237,20.796073,0.001850,17.819237,20.796073,19.128000,20.952000,0.000000,0.000000,0.800000,0.118581,0.116732,1.318019,0.422730,0.145384,0,0
1789814302.067551,0,17.819237,20.796073,0.001850,17.819237,20.796073,19.128000,20.952000,0.000000,0.000000,0.800000,0.118581,0.116732,1.318019,0.422730,0.131749,0,0
1789814302.167608,0,17.819237,20.796073,0.001850,17.819237,20.796073,19.128000,20.952000,0.000000,0.000000,0.800000,0.118581,0.116732,1.318019,0.422730,0.120087,0,0
1789814302.267544,0,17.819237,20.796073,0.001850,17.819237,20.796073,19.128000,20.952000,0.000000,0.000000,0.800000,0.118581,0.116732,1.318019,0.422730,0.110154,0,0
1789814302.370388,0,17.819237,20.796073,0.001850,17.819237,20.796073,19.128000,20.952000,0.000000,0.000000,0.800000,0.118581,0.116732,1.318019,0.422730,0.101726,0,0
1789814302.467577,0,18.020542,20.794113,0.039571,17.819237,20.796073,19.128000,20.952000,-0.025762,0.199659,0.799861,0.150778,0.111207,1.118359,0.429795,0.092496,0,0
1789814302.567607,0,18.020542,20.794113,0.039571,17.819237,20.796073,19.128000,20.952000,-0.025762,0.199659,0.799861,0.150778,0.111207,1.118359,0.429795,0.085113,0,0
1789814302.667545,0,18.020542,20.794113,0.039571,17.819237,20.796073,19.128000,20.952000,-0.025762,0.199659,0.799861,0.150778,0.111207,1.118359,0.429795,0.079207,0,0
1789814302.767821,0,18.020542,20.794113,0.039571,17.819237,20.796073,19.128000,20.952000,-0.025762,0.199659,0.799861,0.150778,0.111207,1.118359,0.429795,0.074484,0,0
1789814302.867620,0,18.020542,20.794113,0.039571,17.819237,20.796073,19.128000,20.952000,-0.025762,0.199659,0.799861,0.150778,0.111207,1.118359,0.429795,0.070705,0,0
1789814302.967619,0,18.233599,20.757665,0.032299,17.819237,20.796073,19.128000,20.952000,-0.087159,0.406909,0.798409,0.227317,0.195018,0.911110,0.334245,0.099532,0,0
1789814303.067575,0,18.233599,20.757665,0.032299,17.819237,20.796073,19.128000,20.952000,-0.087159,0.406909,0.798409,0.227317,0.195018,0.911110,0.334245,0.117900,0,0
1789814303.167628,0,18.233599,20.757665,0.032299,17.819237,20.796073,19.128000,20.952000,-0.087159,0.406909,0.798409,0.227317,0.195018,0.911110,0.334245,0.128840,0,0
1789814303.267584,0,18.233599,20.757665,0.032299,17.819237,20.796073,19.128000,20.952000,-0.087159,0.406909,0.798409,0.227317,0.195018,0.911110,0.334245,0.134589,0,0
1789814303.368360,0,18.406629,20.739184,0.015767,17.819237,20.796073,19.128000,20.952000,-0.125981,0.576537,0.796686,0.275414,0.259646,0.741482,0.300000,0.161251,0,0
1789814303.467623,0,18.406629,20.739184,0.015767,17.819237,20.796073,19.128000,20.952000,-0.125981,0.576537,0.796686,0.275414,0.259646,0.741482,0.300000,0.177058,0,0
1789814303.567755,0,18.406629,20.739184,0.015767,17.819237,20.796073,19.128000,20.952000,-0.125981,0.576537,0.796686,0.275414,0.259646,0.741482,0.300000,0.185286,0,0
1789814303.667614,0,18.545726,20.725428,-0.012211,17.819237,20.796073,19.128000,20.952000,-0.156096,0.713030,0.794927,0.312480,0.324690,0.604989,0.300000,0.213068,0,0
1789814303.767638,0,18.545726,20.725428,-0.012211,17.819237,20.796073,19.128000,20.952000,-0.156096,0.713030,0.794927,0.312480,0.324690,0.604989,0.300000,0.228820,0,0
1789814303.867643,0,18.545726,20.725428,-0.012211,17.819237,20.796073,19.128000,20.952000,-0.156096,0.713030,0.794927,0.312480,0.324690,0.604989,0.300000,0.236243,0,0
1789814303.967839,1,18.665110,20.699686,0.005426,17.819237,20.796073,19.128000,20.952000,-0.195780,0.828530,0.792058,0.360904,0.355477,0.489489,0.300000,0.249736,0,0
1789814304.067649,1,18.665110,20.699686,0.005426,19.128000,20.952000,19.128000,24.452000,0.462890,-0.252314,0.758216,1.022693,1.017267,3.752314,0.180000,0.359789,0,0
1789814304.167772,1,18.665110,20.699686,0.005426,19.128000,20.952000,19.128000,24.452000,0.462890,-0.252314,0.758216,1.022693,1.017267,3.752314,0.180000,0.447831,0,0
1789814304.267622,1,18.665110,20.699686,0.005426,19.128000,20.952000,19.128000,24.452000,0.462890,-0.252314,0.758216,1.022693,1.017267,3.752314,0.180000,0.518265,0,0
1789814304.367620,1,18.803124,20.702710,0.078836,19.128000,20.952000,19.128000,24.452000,0.324876,-0.249290,0.778635,1.175519,1.096683,3.749290,0.180000,0.574612,0,0
1789814304.467646,1,18.803124,20.702710,0.078836,19.128000,20.952000,19.128000,24.452000,0.324876,-0.249290,0.778635,1.175519,1.096683,3.749290,0.180000,0.619690,0,0
1789814304.567654,1,18.803124,20.702710,0.078836,19.128000,20.952000,19.128000,24.452000,0.324876,-0.249290,0.778635,1.175519,1.096683,3.749290,0.180000,0.655752,0,0
1789814304.668345,1,18.803124,20.702710,0.078836,19.128000,20.952000,19.128000,24.452000,0.324876,-0.249290,0.778635,1.175519,1.096683,3.749290,0.180000,0.684601,0,0
1789814304.767718,1,18.920150,20.708573,0.153263,19.128000,20.952000,19.128000,24.452000,0.207850,-0.243427,0.791063,1.313856,1.160593,3.743427,0.180000,0.707681,0,0
1789814304.867672,1,18.920150,20.708573,0.153263,19.128000,20.952000,19.128000,24.452000,0.207850,-0.243427,0.791063,1.313856,1.160593,3.743427,0.180000,0.726145,0,0
1789814304.967746,1,18.920150,20.708573,0.153263,19.128000,20.952000,19.128000,24.452000,0.207850,-0.243427,0.791063,1.313856,1.160593,3.743427,0.180000,0.740916,0,0
1789814305.067655,1,18.920150,20.708573,0.153263,19.128000,20.952000,19.128000,24.452000,0.207850,-0.243427,0.791063,1.313856,1.160593,3.743427,0.180000,0.744747,0,0
1789814305.167688,1,19.022633,20.728835,0.269899,19.128000,20.952000,19.128000,24.452000,0.105367,-0.223165,0.797678,1.439464,1.169565,3.723165,0.180000,0.744029,0,0
1789814305.267838,1,19.022633,20.728835,0.269899,19.128000,20.952000,19.128000,24.452000,0.105367,-0.223165,0.797678,1.439464,1.169565,3.723165,0.180000,0.737200,0,0
1789814305.367674,1,19.053595,20.742816,0.418633,19.128000,20.952000,19.128000,24.452000,0.074405,-0.209184,0.798840,1.477923,1.059290,3.709184,0.180000,0.684780,0,0
1789814305.467682,1,19.053595,20.742816,0.418633,19.128000,20.952000,19.128000,24.452000,0.074405,-0.209184,0.798840,1.477923,1.059290,3.709184,0.180000,0.645026,0,0
1789814305.567719,1,19.088034,20.770199,0.566703,19.128000,20.952000,19.128000,24.452000,0.039966,-0.181801,0.799665,1.520860,0.954157,3.681801,0.180000,0.575021,0,0
1789814305.667714,1,19.088034,20.770199,0.566703,19.128000,20.952000,19.128000,24.452000,0.039966,-0.181801,0.799665,1.520860,0.954157,3.681801,0.180000,0.526301,0,0
1789814305.767690,1,19.119119,20.790654,0.725657,19.128000,20.952000,19.128000,24.452000,0.008881,-0.161346,0.799983,1.559695,0.834038,3.661346,0.180000,0.447498,0,0
1789814305.867680,1,19.119119,20.790654,0.725657,19.128000,20.952000,19.128000,24.452000,0.008881,-0.161346,0.799983,1.559695,0.834038,3.661346,0.180000,0.395845,0,0
1789814305.967805,1,19.143238,20.822457,0.884177,19.128000,20.952000,19.128000,24.452000,-0.015238,-0.129543,0.799951,1.589843,0.705666,3.629543,0.180000,0.314881,0,0
1789814306.067709,1,19.143238,20.822457,0.884177,19.128000,20.952000,19.128000,24.452000,-0.015238,-0.129543,0.799951,1.589843,0.705666,3.629543,0.180000,0.264582,0,0
1789814306.167750,1,19.162109,20.855762,1.043837,19.128000,20.952000,19.128000,24.452000,-0.034109,-0.096238,0.799756,1.613419,0.569583,3.596238,0.300000,0.184225,0,0
1789814306.267751,1,19.162109,20.855762,1.043837,19.128000,20.952000,19.128000,24.452000,-0.034109,-0.096238,0.799756,1.613419,0.569583,3.596238,0.300000,0.136819,0,0
1789814306.367736,1,19.173364,20.877178,1.172260,19.128000,20.952000,19.128000,24.452000,-0.045364,-0.074822,0.799568,1.627471,0.455210,3.574822,0.300000,0.068932,0,0
1789814306.467751,1,19.173364,20.877178,1.172260,19.128000,20.952000,19.128000,24.452000,-0.045364,-0.074822,0.799568,1.627471,0.455210,3.574822,0.300000,0.031831,0,0
1789814306.567766,1,19.182400,20.912922,1.278230,19.128000,20.952000,19.128000,24.452000,-0.054400,-0.039078,0.799379,1.638744,0.360514,3.539078,0.300000,-0.020070,0,0
1789814306.667786,1,19.182400,20.912922,1.278230,19.128000,20.952000,19.128000,24.452000,-0.054400,-0.039078,0.799379,1.638744,0.360514,3.539078,0.300000,-0.045274,0,0
1789814306.767790,1,19.182400,20.912922,1.278230,19.128000,20.952000,19.128000,24.452000,-0.054400,-0.039078,0.799379,1.638744,0.360514,3.539078,0.300000,-0.052383,0,0
1789814306.867750,1,19.183175,20.964041,1.393515,19.128000,20.952000,19.128000,24.452000,-0.055175,0.012041,0.799361,1.639710,0.246195,3.487959,0.300000,-0.091080,0,0
1789814306.967779,1,19.183175,20.964041,1.393515,19.128000,20.952000,19.128000,24.452000,-0.055175,0.012041,0.799361,1.639710,0.246195,3.487959,0.300000,-0.107279,0,0
1789814307.067883,1,19.183175,20.964041,1.393515,19.128000,20.952000,19.128000,24.452000,-0.055175,0.012041,0.799361,1.639710,0.246195,3.487959,0.300000,-0.108431,0,0
1789814307.167800,1,19.183175,20.964041,1.393515,19.128000,20.952000,19.128000,24.452000,-0.055175,0.012041,0.799361,1.639710,0.246195,3.487959,0.300000,-0.099907,0,0
1789814307.267810,1,19.184303,21.045192,1.504042,19.128000,20.952000,19.128000,24.452000,-0.056303,0.093192,0.799335,1.641118,0.137075,3.406808,0.397703,-0.126990,0,0
1789814307.367782,1,19.184303,21.045192,1.504042,19.128000,20.952000,19.128000,24.452000,-0.056303,0.093192,0.799335,1.641118,0.137075,3.406808,0.397703,-0.136502,0,0
1789814307.467843,1,19.184303,21.045192,1.504042,19.128000,20.952000,19.128000,24.452000,-0.056303,0.093192,0.799335,1.641118,0.137075,3.406808,0.397703,-0.134388,0,0
1789814307.567800,1,19.184303,21.045192,1.504042,19.128000,20.952000,19.128000,24.452000,-0.056303,0.093192,0.799335,1.641118,0.137075,3.406808,0.397703,-0.124919,0,0
1789814307.667849,1,19.184303,21.045192,1.504042,19.128000,20.952000,19.128000,24.452000,-0.056303,0.093192,0.799335,1.641118,0.137075,3.406808,0.397703,-0.111120,0,0
1789814307.767823,1,19.196285,21.161846,1.559795,19.128000,20.952000,19.128000,24.452000,-0.068285,0.209846,0.799022,1.656050,0.096254,3.290154,0.564026,-0.110617,0,0
1789814307.867968,1,19.196285,21.161846,1.559795,19.128000,20.952000,19.128000,24.452000,-0.068285,0.209846,0.799022,1.656050,0.096254,3.290154,0.564026,-0.103945,0,0
1789814307.968967,1,19.196285,21.161846,1.559795,19.128000,20.952000,19.128000,24.452000,-0.068285,0.209846,0.799022,1.656050,0.096254,3.290154,0.564026,-0.093593,0,0
1789814308.067864,1,19.196285,21.161846,1.559795,19.128000,20.952000,19.128000,24.452000,-0.068285,0.209846,0.799022,1.656050,0.096254,3.290154,0.564026,-0.081298,0,0
1789814308.167883,1,19.196285,21.161846,1.559795,19.128000,20.952000,19.128000,24.452000,-0.068285,0.209846,0.799022,1.656050,0.096254,3.290154,0.564026,-0.068253,0,0
1789814308.267864,1,19.196279,21.276105,1.581781,19.128000,20.952000,19.128000,24.452000,-0.068279,0.324105,0.799023,1.656042,0.074261,3.175895,0.544439,-0.063606,0,0
1789814308.367853,1,19.196279,21.276105,1.581781,19.128000,20.952000,19.128000,24.452000,-0.068279,0.324105,0.799023,1.656042,0.074261,3.175895,0.544439,-0.056603,0,0
1789814308.467862,1,19.196279,21.276105,1.581781,19.128000,20.952000,19.128000,24.452000,-0.068279,0.324105,0.799023,1.656042,0.074261,3.175895,0.544439,-0.048372,0,0
1789814308.567904,1,19.196279,21.276105,1.581781,19.128000,20.952000,19.128000,24.452000,-0.068279,0.324105,0.799023,1.656042,0.074261,3.175895,0.544439,-0.039684,0,0
1789814308.667853,1,19.194535,21.379338,1.562766,19.128000,20.952000,19.128000,24.452000,-0.066535,0.427338,0.799072,1.653870,0.091104,3.072662,0.526742,-0.024649,0,0
1789814308.767876,1,19.194535,21.379338,1.562766,19.128000,20.952000,19.128000,24.452000,-0.066535,0.427338,0.799072,1.653870,0.091104,3.072662,0.526742,-0.012218,0,0
1789814308.867875,1,19.194535,21.379338,1.562766,19.128000,20.952000,19.128000,24.452000,-0.066535,0.427338,0.799072,1.653870,0.091104,3.072662,0.526742,-0.001952,0,0
1789814308.967865,1,19.194535,21.379338,1.562766,19.128000,20.952000,19.128000,24.452000,-0.066535,0.427338,0.799072,1.653870,0.091104,3.072662,0.526742,0.006519,0,0
1789814309.069178,1,19.205298,21.505403,1.526630,19.128000,20.952000,19.128000,24.452000,-0.077298,0.553403,0.798748,1.667270,0.140639,2.946597,0.393473,0.032142,0,0
1789814309.167893,1,19.205298,21.505403,1.526630,19.128000,20.952000,19.128000,24.452000,-0.077298,0.553403,0.798748,1.667270,0.140639,2.946597,0.393473,0.050069,0,0
1789814309.267901,1,19.205298,21.505403,1.526630,19.128000,20.952000,19.128000,24.452000,-0.077298,0.553403,0.798748,1.667270,0.140639,2.946597,0.393473,0.062352,0,0
1789814309.367908,1,19.220481,21.617410,1.490339,19.128000,20.952000,19.128000,24.452000,-0.092481,0.665410,0.798209,1.686142,0.195803,2.834590,0.333459,0.091495,0,0
1789814309.467874,1,19.220481,21.617410,1.490339,19.128000,20.952000,19.128000,24.452000,-0.092481,0.665410,0.798209,1.686142,0.195803,2.834590,0.333459,0.110403,0,0
1789814309.567867,1,19.220481,21.617410,1.490339,19.128000,20.952000,19.128000,24.452000,-0.092481,0.665410,0.798209,1.686142,0.195803,2.834590,0.333459,0.122004,0,0
1789814309.667909,1,19.249662,21.740023,1.441555,19.128000,20.952000,19.128000,24.452000,-0.121662,0.788023,0.796908,1.722294,0.280738,2.711977,0.300000,0.160731,0,0
1789814309.767929,1,19.249662,21.740023,1.441555,19.128000,20.952000,19.128000,24.452000,-0.121662,0.788023,0.796908,1.722294,0.280738,2.711977,0.300000,0.184702,0,0
1789814309.867909,1,19.249662,21.740023,1.441555,19.128000,20.952000,19.128000,24.452000,-0.121662,0.788023,0.796908,1.722294,0.280738,2.711977,0.300000,0.198270,0,0
1789814309.967947,1,19.283879,21.875738,1.394449,19.128000,20.952000,19.128000,24.452000,-0.155879,0.923738,0.794940,1.764429,0.369980,2.576262,0.300000,0.238544,0,0
1789814310.067919,1,19.283879,21.875738,1.394449,19.128000,20.952000,19.128000,24.452000,-0.155879,0.923738,0.794940,1.764429,0.369980,2.576262,0.300000,0.262178,0,0
1789814310.167879,1,19.283879,21.875738,1.394449,19.128000,20.952000,19.128000,24.452000,-0.155879,0.923738,0.794940,1.764429,0.369980,2.576262,0.300000,0.274216,0,0
1789814310.267960,1,19.311632,22.004543,1.384084,19.128000,20.952000,19.128000,24.452000,-0.183632,1.052543,0.793002,1.798351,0.414267,2.447457,0.300000,0.295170,0,0
1789814310.367937,1,19.311632,22.004543,1.384084,19.128000,20.952000,19.128000,24.452000,-0.183632,1.052543,0.793002,1.798351,0.414267,2.447457,0.300000,0.305060,0,0
1789814310.467954,1,19.311632,22.004543,1.384084,19.128000,20.952000,19.128000,24.452000,-0.183632,1.052543,0.793002,1.798351,0.414267,2.447457,0.300000,0.307472,0,0
1789814310.567945,1,19.328157,22.108972,1.407761,19.128000,20.952000,19.128000,24.452000,-0.200157,1.156972,0.791704,1.818425,0.410664,2.343028,0.300000,0.303633,0,0
1789814310.667956,1,19.328157,22.108972,1.407761,19.128000,20.952000,19.128000,24.452000,-0.200157,1.156972,0.791704,1.818425,0.410664,2.343028,0.300000,0.297245,0,0
1789814310.767956,1,19.328157,22.108972,1.407761,19.128000,20.952000,19.128000,24.452000,-0.200157,1.156972,0.791704,1.818425,0.410664,2.343028,0.300000,0.289479,0,0
1789814310.869046,1,19.328157,22.108972,1.407761,19.128000,20.952000,19.128000,24.452000,-0.200157,1.156972,0.791704,1.818425,0.410664,2.343028,0.300000,0.281143,0,0
1789814310.967971,1,19.340295,22.228971,1.493699,19.128000,20.952000,19.128000,24.452000,-0.212295,1.276971,0.790683,1.833106,0.339407,2.223029,0.300000,0.245483,0,0
1789814311.068001,1,19.340295,22.228971,1.493699,19.128000,20.952000,19.128000,24.452000,-0.212295,1.276971,0.790683,1.833106,0.339407,2.223029,0.300000,0.219629,0,0
1789814311.168026,1,19.340295,22.228971,1.493699,19.128000,20.952000,19.128000,24.452000,-0.212295,1.276971,0.790683,1.833106,0.339407,2.223029,0.300000,0.201085,0,0
1789814311.267993,1,19.340295,22.228971,1.493699,19.128000,20.952000,19.128000,24.452000,-0.212295,1.276971,0.790683,1.833106,0.339407,2.223029,0.300000,0.187962,0,0
1789814311.368026,1,19.332484,22.357902,1.626220,19.128000,20.952000,19.128000,24.452000,-0.204484,1.405902,0.791346,1.823665,0.197444,2.094098,0.331821,0.124898,0,0
1789814311.468513,1,19.332484,22.357902,1.626220,19.128000,20.952000,19.128000,24.452000,-0.204484,1.405902,0.791346,1.823665,0.197444,2.094098,0.331821,0.083490,0,0
1789814311.568041,1,19.332484,22.357902,1.626220,19.128000,20.952000,19.128000,24.452000,-0.204484,1.405902,0.791346,1.823665,0.197444,2.094098,0.331821,0.057599,0,0
1789814311.668052,1,19.332484,22.357902,1.626220,19.128000,20.952000,19.128000,24.452000,-0.204484,1.405902,0.791346,1.823665,0.197444,2.094098,0.331821,0.042673,0,0
1789814311.768032,1,19.317300,22.477202,1.748564,19.128000,20.952000,19.128000,24.452000,-0.189300,1.525202,0.792568,1.805248,0.056685,1.974798,0.338537,-0.018133,0,0
1789814311.868055,1,19.317300,22.477202,1.748564,19.128000,20.952000,19.128000,24.452000,-0.189300,1.525202,0.792568,1.805248,0.056685,1.974798,0.338537,-0.055190,0,0
1789814311.968040,1,19.317300,22.477202,1.748564,19.128000,20.952000,19.128000,24.452000,-0.189300,1.525202,0.792568,1.805248,0.056685,1.974798,0.338537,-0.075565,0,0
1789814312.068065,1,19.317300,22.477202,1.748564,19.128000,20.952000,19.128000,24.452000,-0.189300,1.525202,0.792568,1.805248,0.056685,1.974798,0.338537,-0.084449,0,0
1789814312.168061,1,19.283744,22.598883,1.839746,19.128000,20.952000,19.128000,24.452000,-0.155744,1.646883,0.794949,1.764263,-0.075483,1.853117,0.317677,-0.135846,0,0
1789814312.268107,1,19.283744,22.598883,1.839746,19.128000,20.952000,19.128000,24.452000,-0.155744,1.646883,0.794949,1.764263,-0.075483,1.853117,0.317677,-0.164815,0,0
1789814312.368042,1,19.283744,22.598883,1.839746,19.128000,20.952000,19.128000,24.452000,-0.155744,1.646883,0.794949,1.764263,-0.075483,1.853117,0.317677,-0.178273,0,0
1789814312.468071,1,19.283744,22.598883,1.839746,19.128000,20.952000,19.128000,24.452000,-0.155744,1.646883,0.794949,1.764263,-0.075483,1.853117,0.317677,-0.181265,0,0
1789814312.568047,1,19.250137,22.727774,1.864262,19.128000,20.952000,19.128000,24.452000,-0.122137,1.775774,0.796884,1.722881,-0.141382,1.724226,0.392597,-0.202483,0,0
1789814312.668291,1,19.250137,22.727774,1.864262,19.128000,20.952000,19.128000,24.452000,-0.122137,1.775774,0.796884,1.722881,-0.141382,1.724226,0.392597,-0.210791,0,0
1789814312.768102,1,19.250137,22.727774,1.864262,19.128000,20.952000,19.128000,24.452000,-0.122137,1.775774,0.796884,1.722881,-0.141382,1.724226,0.392597,-0.210504,0,0
1789814312.868078,1,19.250137,22.727774,1.864262,19.128000,20.952000,19.128000,24.452000,-0.122137,1.775774,0.796884,1.722881,-0.141382,1.724226,0.392597,-0.204728,0,0
1789814312.970065,1,19.220439,22.867232,1.797246,19.128000,20.952000,19.128000,24.452000,-0.092439,1.915232,0.798211,1.686090,-0.111156,1.584768,0.429861,-0.184343,0,0
1789814313.068081,1,19.220439,22.867232,1.797246,19.128000,20.952000,19.128000,24.452000,-0.092439,1.915232,0.798211,1.686090,-0.111156,1.584768,0.429861,-0.166146,0,0
1789814313.168092,1,19.220439,22.867232,1.797246,19.128000,20.952000,19.128000,24.452000,-0.092439,1.915232,0.798211,1.686090,-0.111156,1.584768,0.429861,-0.150077,0,0
1789814313.268152,1,19.220439,22.867232,1.797246,19.128000,20.952000,19.128000,24.452000,-0.092439,1.915232,0.798211,1.686090,-0.111156,1.584768,0.429861,-0.136013,0,0
1789814313.368091,1,19.206365,23.000563,1.705003,19.128000,20.952000,19.128000,24.452000,-0.078365,2.048563,0.798713,1.668597,-0.036406,1.451437,0.300000,-0.095379,0,0
1789814313.468136,1,19.206365,23.000563,1.705003,19.128000,20.952000,19.128000,24.452000,-0.078365,2.048563,0.798713,1.668597,-0.036406,1.451437,0.300000,-0.066286,0,0
1789814313.568122,1,19.206365,23.000563,1.705003,19.128000,20.952000,19.128000,24.452000,-0.078365,2.048563,0.798713,1.668597,-0.036406,1.451437,0.300000,-0.045743,0,0
1789814313.668094,1,19.202721,23.107756,1.630745,19.128000,20.952000,19.128000,24.452000,-0.074721,2.155756,0.798830,1.664063,0.033318,1.344244,0.300000,-0.004995,0,0
1789814313.768149,1,19.202721,23.107756,1.630745,19.128000,20.952000,19.128000,24.452000,-0.074721,2.155756,0.798830,1.664063,0.033318,1.344244,0.300000,0.021949,0,0
1789814313.868116,1,19.202721,23.107756,1.630745,19.128000,20.952000,19.128000,24.452000,-0.074721,2.155756,0.798830,1.664063,0.033318,1.344244,0.300000,0.038982,0,0
1789814313.968108,1,19.201072,23.243530,1.559073,19.128000,20.952000,19.128000,24.452000,-0.073072,2.291530,0.798881,1.662011,0.102937,1.208470,0.440591,0.075447,0,0
1789814314.068158,1,19.201072,23.243530,1.559073,19.128000,20.952000,19.128000,24.452000,-0.073072,2.291530,0.798881,1.662011,0.102937,1.208470,0.440591,0.097825,0,0
1789814314.170180,1,19.201072,23.243530,1.559073,19.128000,20.952000,19.128000,24.452000,-0.073072,2.291530,0.798881,1.662011,0.102937,1.208470,0.440591,0.110293,0,0
1789814314.268157,1,19.200486,23.350828,1.538952,19.128000,20.952000,19.128000,24.452000,-0.072486,2.398828,0.798899,1.661281,0.122329,1.101172,0.415691,0.123400,0,0
1789814314.368171,1,19.200486,23.350828,1.538952,19.128000,20.952000,19.128000,24.452000,-0.072486,2.398828,0.798899,1.661281,0.122329,1.101172,0.415691,0.129299,0,0
1789814314.468157,1,19.200486,23.350828,1.538952,19.128000,20.952000,19.128000,24.452000,-0.072486,2.398828,0.798899,1.661281,0.122329,1.101172,0.415691,0.130349,0,0
1789814314.568153,1,19.200486,23.350828,1.538952,19.128000,20.952000,19.128000,24.452000,-0.072486,2.398828,0.798899,1.661281,0.122329,1.101172,0.415691,0.128254,0,0
1789814314.668220,1,19.199572,23.478086,1.558594,19.128000,20.952000,19.128000,24.452000,-0.071572,2.526086,0.798926,1.660143,0.101548,0.973914,0.442431,0.116335,0,0
1789814314.768188,1,19.199572,23.478086,1.558594,19.128000,20.952000,19.128000,24.452000,-0.071572,2.526086,0.798926,1.660143,0.101548,0.973914,0.442431,0.106084,0,0
1789814314.868197,1,19.199572,23.478086,1.558594,19.128000,20.952000,19.128000,24.452000,-0.071572,2.526086,0.798926,1.660143,0.101548,0.973914,0.442431,0.097311,0,0
1789814314.968188,1,19.199572,23.478086,1.558594,19.128000,20.952000,19.128000,24.452000,-0.071572,2.526086,0.798926,1.660143,0.101548,0.973914,0.442431,0.089835,0,0
1789814315.068186,1,19.192575,23.632124,1.596749,19.128000,20.952000,19.128000,24.452000,-0.064575,2.680124,0.799126,1.651429,0.054679,0.819876,0.300000,0.065679,0,0
1789814315.168165,1,19.192575,23.632124,1.596749,19.128000,20.952000,19.128000,24.452000,-0.064575,2.680124,0.799126,1.651429,0.054679,0.819876,0.300000,0.048685,0,0
1789814315.268192,1,19.192575,23.632124,1.596749,19.128000,20.952000,19.128000,24.452000,-0.064575,2.680124,0.799126,1.651429,0.054679,0.819876,0.300000,0.036955,0,0
1789814315.368175,1,19.180057,23.761736,1.618231,19.128000,20.952000,19.128000,24.452000,-0.052057,2.809736,0.799431,1.635822,0.017590,0.690264,0.300000,0.014969,0,0
1789814315.468185,1,19.180057,23.761736,1.618231,19.128000,20.952000,19.128000,24.452000,-0.052057,2.809736,0.799431,1.635822,0.017590,0.690264,0.300000,0.000652,0,0
1789814315.568208,1,19.180057,23.761736,1.618231,19.128000,20.952000,19.128000,24.452000,-0.052057,2.809736,0.799431,1.635822,0.017590,0.690264,0.300000,-0.008186,0,0
1789814315.668233,1,19.165240,23.897866,1.644356,19.128000,20.952000,19.128000,24.452000,-0.037240,2.945866,0.799709,1.617330,-0.027026,0.554134,0.300000,-0.030114,0,0
1789814315.768231,1,19.165240,23.897866,1.644356,19.128000,20.952000,19.128000,24.452000,-0.037240,2.945866,0.799709,1.617330,-0.027026,0.554134,0.300000,-0.043484,0,0
1789814315.868234,1,19.165240,23.897866,1.644356,19.128000,20.952000,19.128000,24.452000,-0.037240,2.945866,0.799709,1.617330,-0.027026,0.554134,0.300000,-0.050842,0,0
1789814315.970499,2,19.153945,24.022270,1.656253,19.128000,20.952000,19.128000,24.452000,-0.025945,3.070270,0.799859,1.603222,-0.053031,0.429730,0.300000,-0.063920,0,0
1789814316.068206,2,19.153945,24.022270,1.656253,19.128000,24.452000,19.128000,26.252000,-0.025945,-0.429730,0.799859,1.603222,-0.053031,2.229730,0.600000,-0.070794,0,0
1789814316.168270,2,19.153945,24.022270,1.656253,19.128000,24.452000,19.128000,26.252000,-0.025945,-0.429730,0.799859,1.603222,-0.053031,2.229730,0.600000,-0.073422,0,0
1789814316.269898,2,19.153945,24.022270,1.656253,19.128000,24.452000,19.128000,26.252000,-0.025945,-0.429730,0.799859,1.603222,-0.053031,2.229730,0.600000,-0.073228,0,0
1789814316.368214,2,19.138854,24.146627,1.654617,19.128000,24.452000,19.128000,26.252000,-0.010854,-0.305373,0.799975,1.584363,-0.070253,2.105373,0.600000,-0.077861,0,0
1789814316.468276,2,19.138854,24.146627,1.654617,19.128000,24.452000,19.128000,26.252000,-0.010854,-0.305373,0.799975,1.584363,-0.070253,2.105373,0.600000,-0.079118,0,0
1789814316.568394,2,19.138854,24.146627,1.654617,19.128000,24.452000,19.128000,26.252000,-0.010854,-0.305373,0.799975,1.584363,-0.070253,2.105373,0.600000,-0.078162,0,0
1789814316.668856,2,19.138854,24.146627,1.654617,19.128000,24.452000,19.128000,26.252000,-0.010854,-0.305373,0.799975,1.584363,-0.070253,2.105373,0.600000,-0.075829,0,0
1789814316.768241,2,19.132344,24.269919,1.622574,19.128000,24.452000,19.128000,26.252000,-0.004344,-0.182081,0.799996,1.576226,-0.046348,1.982081,0.600000,-0.063583,0,0
1789814316.868276,2,19.132344,24.269919,1.622574,19.128000,24.452000,19.128000,26.252000,-0.004344,-0.182081,0.799996,1.576226,-0.046348,1.982081,0.600000,-0.054129,0,0
1789814316.968272,2,19.132344,24.269919,1.622574,19.128000,24.452000,19.128000,26.252000,-0.004344,-0.182081,0.799996,1.576226,-0.046348,1.982081,0.600000,-0.046840,0,0
1789814317.068354,2,19.132344,24.269919,1.622574,19.128000,24.452000,19.128000,26.252000,-0.004344,-0.182081,0.799996,1.576226,-0.046348,1.982081,0.600000,-0.041229,0,0
1789814317.168312,2,19.125701,24.405188,1.590799,19.128000,24.452000,19.128000,26.252000,0.002299,-0.046812,0.799999,1.567923,-0.022876,1.846812,0.600000,-0.027994,0,0
1789814317.268319,2,19.125701,24.405188,1.590799,19.128000,24.452000,19.128000,26.252000,0.002299,-0.046812,0.799999,1.567923,-0.022876,1.846812,0.600000,-0.018861,0,0
1789814317.368298,2,19.125701,24.405188,1.590799,19.128000,24.452000,19.128000,26.252000,0.002299,-0.046812,0.799999,1.567923,-0.022876,1.846812,0.600000,-0.012720,0,0
1789814317.468353,2,19.119292,24.518567,1.574959,19.128000,24.452000,19.128000,26.252000,0.008708,0.066567,0.799984,1.559912,-0.015047,1.733433,0.577811,-0.005764,0,0
1789814317.568315,2,19.119292,24.518567,1.574959,19.128000,24.452000,19.128000,26.252000,0.008708,0.066567,0.799984,1.559912,-0.015047,1.733433,0.577811,-0.001383,0,0
1789814317.668344,2,19.119292,24.518567,1.574959,19.128000,24.452000,19.128000,26.252000,0.008708,0.066567,0.799984,1.559912,-0.015047,1.733433,0.577811,0.001176,0,0
1789814317.768342,2,19.119486,24.644931,1.554894,19.128000,24.452000,19.128000,26.252000,0.008514,0.192931,0.799985,1.560154,0.005260,1.607069,0.535690,0.010183,0,0
1789814317.868321,2,19.119486,24.644931,1.554894,19.128000,24.452000,19.128000,26.252000,0.008514,0.192931,0.799985,1.560154,0.005260,1.607069,0.535690,0.015645,0,0
1789814317.968347,2,19.119486,24.644931,1.554894,19.128000,24.452000,19.128000,26.252000,0.008514,0.192931,0.799985,1.560154,0.005260,1.607069,0.535690,0.018621,0,0
1789814318.068363,2,19.123124,24.789457,1.531913,19.128000,24.452000,19.128000,26.252000,0.004876,0.337457,0.799995,1.564702,0.032788,1.462543,0.487514,0.030344,0,0
1789814318.168509,2,19.123124,24.789457,1.531913,19.128000,24.452000,19.128000,26.252000,0.004876,0.337457,0.799995,1.564702,0.032788,1.462543,0.487514,0.037288,0,0
1789814318.268346,2,19.128771,24.898113,1.512974,19.128000,24.452000,19.128000,26.252000,-0.000771,0.446113,0.800000,1.571760,0.058785,1.353887,0.451296,0.050778,0,0
1789814318.368396,2,19.128771,24.898113,1.512974,19.128000,24.452000,19.128000,26.252000,-0.000771,0.446113,0.800000,1.571760,0.058785,1.353887,0.451296,0.058556,0,0
1789814318.468369,2,19.132671,25.012651,1.510844,19.128000,24.452000,19.128000,26.252000,-0.004671,0.560651,0.799995,1.576634,0.065790,1.239349,0.413116,0.065029,0,0
1789814318.568353,2,19.132671,25.012651,1.510844,19.128000,24.452000,19.128000,26.252000,-0.004671,0.560651,0.799995,1.576634,0.065790,1.239349,0.413116,0.067887,0,0
1789814318.668447,2,19.132472,25.125565,1.521294,19.128000,24.452000,19.128000,26.252000,-0.004472,0.673565,0.799996,1.576387,0.055093,1.126435,0.375478,0.064252,0,0
1789814318.768326,2,19.132472,25.125565,1.521294,19.128000,24.452000,19.128000,26.252000,-0.004472,0.673565,0.799996,1.576387,0.055093,1.126435,0.375478,0.060458,0,0
1789814318.872310,2,19.130156,25.237330,1.528806,19.128000,24.452000,19.128000,26.252000,-0.002156,0.785330,0.799999,1.573492,0.044686,1.014670,0.338223,0.052870,0,0
1789814318.968373,2,19.130156,25.237330,1.528806,19.128000,24.452000,19.128000,26.252000,-0.002156,0.785330,0.799999,1.573492,0.044686,1.014670,0.338223,0.046792,0,0
1789814319.068373,2,19.127560,25.347900,1.534276,19.128000,24.452000,19.128000,26.252000,0.000440,0.895900,0.800000,1.570247,0.035971,0.904100,0.301367,0.038613,0,0
1789814319.168948,2,19.127560,25.347900,1.534276,19.128000,24.452000,19.128000,26.252000,0.000440,0.895900,0.800000,1.570247,0.035971,0.904100,0.301367,0.032553,0,0
1789814319.268390,2,19.127560,25.347900,1.534276,19.128000,24.452000,19.128000,26.252000,0.000440,0.895900,0.800000,1.570247,0.035971,0.904100,0.301367,0.028092,0,0
1789814319.368427,2,19.122487,25.485813,1.541752,19.128000,24.452000,19.128000,26.252000,0.005513,1.033813,0.799994,1.563905,0.022153,0.766187,0.300000,0.019583,0,0
1789814319.468418,2,19.122487,25.485813,1.541752,19.128000,24.452000,19.128000,26.252000,0.005513,1.033813,0.799994,1.563905,0.022153,0.766187,0.300000,0.013797,0,0
1789814319.568399,2,19.122487,25.485813,1.541752,19.128000,24.452000,19.128000,26.252000,0.005513,1.033813,0.799994,1.563905,0.022153,0.766187,0.300000,0.009985,0,0
1789814319.668438,2,19.121917,25.615331,1.548618,19.128000,24.452000,19.128000,26.252000,0.006083,1.163331,0.799992,1.563193,0.014575,0.636669,0.300000,0.004710,0,0
1789814319.768476,2,19.121917,25.615331,1.548618,19.128000,24.452000,19.128000,26.252000,0.006083,1.163331,0.799992,1.563193,0.014575,0.636669,0.300000,0.001437,0,0
1789814319.868483,2,19.121917,25.615331,1.548618,19.128000,24.452000,19.128000,26.252000,0.006083,1.163331,0.799992,1.563193,0.014575,0.636669,0.300000,-0.000424,0,0
1789814319.968550,2,19.121917,25.615331,1.548618,19.128000,24.452000,19.128000,26.252000,0.006083,1.163331,0.799992,1.563193,0.014575,0.636669,0.300000,-0.001306,0,0
1789814320.068429,2,19.116868,25.743980,1.563580,19.128000,24.452000,19.128000,26.252000,0.011132,1.291980,0.799974,1.556881,-0.006698,0.508020,0.300000,-0.009617,0,0
1789814320.168412,2,19.116868,25.743980,1.563580,19.128000,24.452000,19.128000,26.252000,0.011132,1.291980,0.799974,1.556881,-0.006698,0.508020,0.300000,-0.014686,0,0
1789814320.268449,2,19.116868,25.743980,1.563580,19.128000,24.452000,19.128000,26.252000,0.011132,1.291980,0.799974,1.556881,-0.006698,0.508020,0.300000,-0.017476,0,0
1789814320.368483,2,19.116868,25.743980,1.563580,19.128000,24.452000,19.128000,26.252000,0.011132,1.291980,0.799974,1.556881,-0.006698,0.508020,0.300000,-0.018697,0,0
1789814320.468781,3,19.111637,25.858013,1.575593,19.128000,24.452000,19.128000,26.252000,0.016363,1.406013,0.799944,1.550345,-0.025248,0.393987,0.300000,-0.025916,0,0
1789814320.568476,3,19.111637,25.858013,1.575593,19.128000,26.252000,13.628000,26.252000,0.393987,0.016363,0.769111,2.668183,1.092590,5.483637,0.180000,0.139267,0,0
1789814320.669070,3,19.111637,25.858013,1.575593,19.128000,26.252000,13.628000,26.252000,0.393987,0.016363,0.769111,2.668183,1.092590,5.483637,0.180000,0.271414,0,0
1789814320.768539,3,19.111637,25.858013,1.575593,19.128000,26.252000,13.628000,26.252000,0.393987,0.016363,0.769111,2.668183,1.092590,5.483637,0.180000,0.377131,0,0
1789814320.868488,3,19.106368,25.977699,1.579712,19.128000,26.252000,13.628000,26.252000,0.274301,0.021632,0.784608,2.805272,1.225560,5.478368,0.180000,0.461705,0,0
1789814320.968507,3,19.106368,25.977699,1.579712,19.128000,26.252000,13.628000,26.252000,0.274301,0.021632,0.784608,2.805272,1.225560,5.478368,0.180000,0.529364,0,0
1789814321.068507,3,19.106368,25.977699,1.579712,19.128000,26.252000,13.628000,26.252000,0.274301,0.021632,0.784608,2.805272,1.225560,5.478368,0.180000,0.583491,0,0
1789814321.168503,3,19.106368,25.977699,1.579712,19.128000,26.252000,13.628000,26.252000,0.274301,0.021632,0.784608,2.805272,1.225560,5.478368,0.180000,0.626793,0,0
1789814321.268460,3,19.096224,26.095664,1.591634,19.128000,26.252000,13.628000,26.252000,0.156336,0.031776,0.794911,2.947399,1.355766,5.468224,0.180000,0.661434,0,0
1789814321.368593,3,19.096224,26.095664,1.591634,19.128000,26.252000,13.628000,26.252000,0.156336,0.031776,0.794911,2.947399,1.355766,5.468224,0.180000,0.689147,0,0
1789814321.468562,3,19.096224,26.095664,1.591634,19.128000,26.252000,13.628000,26.252000,0.156336,0.031776,0.794911,2.947399,1.355766,5.468224,0.180000,0.711318,0,0
1789814321.568650,3,19.096224,26.095664,1.591634,19.128000,26.252000,13.628000,26.252000,0.156336,0.031776,0.794911,2.947399,1.355766,5.468224,0.180000,0.729054,0,0
1789814321.668552,3,19.095898,26.209281,1.602311,19.128000,26.252000,13.628000,26.252000,0.042719,0.032102,0.799617,3.088219,1.485908,5.467898,0.180000,0.743244,0,0
1789814321.768530,3,19.095898,26.209281,1.602311,19.128000,26.252000,13.628000,26.252000,0.042719,0.032102,0.799617,3.088219,1.485908,5.467898,0.180000,0.754595,0,0
1789814321.868497,3,19.095898,26.209281,1.602311,19.128000,26.252000,13.628000,26.252000,0.042719,0.032102,0.799617,3.088219,1.485908,5.467898,0.180000,0.763676,0,0
1789814321.968540,3,19.087791,26.260161,1.752968,19.128000,26.252000,13.628000,26.252000,-0.008161,0.040209,0.799986,-3.131392,1.398826,5.459791,0.180000,0.769435,0,0
1789814322.074368,3,19.087791,26.260161,1.752968,19.128000,26.252000,13.628000,26.252000,-0.008161,0.040209,0.799986,-3.131392,1.398826,5.459791,0.180000,0.770320,0,0
1789814322.169387,3,19.074050,26.291648,1.905698,19.128000,26.252000,13.628000,26.252000,-0.039648,0.053950,0.799670,-3.092053,1.285435,5.446050,0.180000,0.723318,0,0
1789814322.268844,3,19.074050,26.291648,1.905698,19.128000,26.252000,13.628000,26.252000,-0.039648,0.053950,0.799670,-3.092053,1.285435,5.446050,0.180000,0.690012,0,0
1789814322.368567,3,19.054337,26.321484,2.064646,19.128000,26.252000,13.628000,26.252000,-0.069484,0.073663,0.798988,-3.054846,1.163694,5.426337,0.180000,0.620446,0,0
1789814322.468562,3,19.054337,26.321484,2.064646,19.128000,26.252000,13.628000,26.252000,-0.069484,0.073663,0.798988,-3.054846,1.163694,5.426337,0.180000,0.574379,0,0
1789814322.568638,3,19.028739,26.348423,2.250027,19.128000,26.252000,13.628000,26.252000,-0.096423,0.099261,0.798054,-3.021353,1.011805,5.400739,0.180000,0.487510,0,0
1789814322.668575,3,19.028739,26.348423,2.250027,19.128000,26.252000,13.628000,26.252000,-0.096423,0.099261,0.798054,-3.021353,1.011805,5.400739,0.180000,0.432649,0,0
1789814322.768567,3,18.996831,26.365564,2.442605,19.128000,26.252000,13.628000,26.252000,-0.113564,0.131169,0.797304,-3.000109,0.840471,5.368831,0.180000,0.335363,0,0
1789814322.868567,3,18.996831,26.365564,2.442605,19.128000,26.252000,13.628000,26.252000,-0.113564,0.131169,0.797304,-3.000109,0.840471,5.368831,0.180000,0.276495,0,0
1789814322.968586,3,18.961275,26.379689,2.608860,19.128000,26.252000,13.628000,26.252000,-0.127689,0.166725,0.796596,-2.982652,0.691674,5.333275,0.300000,0.188031,0,0
1789814323.068568,3,18.961275,26.379689,2.608860,19.128000,26.252000,13.628000,26.252000,-0.127689,0.166725,0.796596,-2.982652,0.691674,5.333275,0.300000,0.137727,0,0
1789814323.169792,3,18.929345,26.380763,2.764761,19.128000,26.252000,13.628000,26.252000,-0.128763,0.198655,0.796538,-2.981326,0.537098,5.301345,0.300000,0.055640,0,0
1789814323.268614,3,18.929345,26.380763,2.764761,19.128000,26.252000,13.628000,26.252000,-0.128763,0.198655,0.796538,-2.981326,0.537098,5.301345,0.300000,0.011620,0,0
1789814323.368584,3,18.896427,26.382363,2.888528,19.128000,26.252000,13.628000,26.252000,-0.130363,0.231573,0.796452,-2.979352,0.415306,5.268427,0.300000,-0.052566,0,0
1789814323.468652,3,18.896427,26.382363,2.888528,19.128000,26.252000,13.628000,26.252000,-0.130363,0.231573,0.796452,-2.979352,0.415306,5.268427,0.300000,-0.083237,0,0
1789814323.568673,3,18.896427,26.382363,2.888528,19.128000,26.252000,13.628000,26.252000,-0.130363,0.231573,0.796452,-2.979352,0.415306,5.268427,0.300000,-0.091230,0,0
1789814323.672582,3,18.850170,26.387762,3.018307,19.128000,26.252000,13.628000,26.252000,-0.135762,0.277830,0.796154,-2.972695,0.292183,5.222170,0.300000,-0.129881,0,0
1789814323.768621,3,18.850170,26.387762,3.018307,19.128000,26.252000,13.628000,26.252000,-0.135762,0.277830,0.796154,-2.972695,0.292183,5.222170,0.300000,-0.143578,0,0
1789814323.868634,3,18.850170,26.387762,3.018307,19.128000,26.252000,13.628000,26.252000,-0.135762,0.277830,0.796154,-2.972695,0.292183,5.222170,0.300000,-0.140757,0,0
1789814323.970076,3,18.807761,26.388816,3.129111,19.128000,26.252000,13.628000,26.252000,-0.136816,0.320239,0.796095,-2.971396,0.182678,5.179761,0.346851,-0.168669,0,0
1789814324.068608,3,18.807761,26.388816,3.129111,19.128000,26.252000,13.628000,26.252000,-0.136816,0.320239,0.796095,-2.971396,0.182678,5.179761,0.346851,-0.176132,0,0
1789814324.168625,3,18.807761,26.388816,3.129111,19.128000,26.252000,13.628000,26.252000,-0.136816,0.320239,0.796095,-2.971396,0.182678,5.179761,0.346851,-0.170210,0,0
1789814324.268673,3,18.807761,26.388816,3.129111,19.128000,26.252000,13.628000,26.252000,-0.136816,0.320239,0.796095,-2.971396,0.182678,5.179761,0.346851,-0.155958,0,0
1789814324.368628,3,18.724794,26.385383,-3.046561,19.128000,26.252000,13.628000,26.252000,-0.133383,0.403206,0.796287,-2.975627,0.070934,5.096794,0.556014,-0.179420,0,0
1789814324.468611,3,18.724794,26.385383,-3.046561,19.128000,26.252000,13.628000,26.252000,-0.133383,0.403206,0.796287,-2.975627,0.070934,5.096794,0.556014,-0.185841,0,0
1789814324.568659,3,18.724794,26.385383,-3.046561,19.128000,26.252000,13.628000,26.252000,-0.133383,0.403206,0.796287,-2.975627,0.070934,5.096794,0.556014,-0.181098,0,0
1789814324.668660,3,18.724794,26.385383,-3.046561,19.128000,26.252000,13.628000,26.252000,-0.133383,0.403206,0.796287,-2.975627,0.070934,5.096794,0.556014,-0.169400,0,0
1789814324.768684,3,18.724794,26.385383,-3.046561,19.128000,26.252000,13.628000,26.252000,-0.133383,0.403206,0.796287,-2.975627,0.070934,5.096794,0.556014,-0.153718,0,0
1789814324.868679,3,18.607263,26.374247,-2.986954,19.128000,26.252000,13.628000,26.252000,-0.122247,0.520737,0.796878,-2.989371,-0.002418,4.979263,0.543192,-0.163988,0,0
1789814324.968671,3,18.607263,26.374247,-2.986954,19.128000,26.252000,13.628000,26.252000,-0.122247,0.520737,0.796878,-2.989371,-0.002418,4.979263,0.543192,-0.164049,0,0
1789814325.068717,3,18.607263,26.374247,-2.986954,19.128000,26.252000,13.628000,26.252000,-0.122247,0.520737,0.796878,-2.989371,-0.002418,4.979263,0.543192,-0.157575,0,0
1789814325.168687,3,18.607263,26.374247,-2.986954,19.128000,26.252000,13.628000,26.252000,-0.122247,0.520737,0.796878,-2.989371,-0.002418,4.979263,0.543192,-0.147176,0,0
1789814325.268713,3,18.505821,26.362786,-2.976981,19.128000,26.252000,13.628000,26.252000,-0.110786,0.622179,0.797434,-3.003548,-0.026567,4.877821,0.532126,-0.143858,0,0
1789814325.368690,3,18.505821,26.362786,-2.976981,19.128000,26.252000,13.628000,26.252000,-0.110786,0.622179,0.797434,-3.003548,-0.026567,4.877821,0.532126,-0.136511,0,0
1789814325.468677,3,18.505821,26.362786,-2.976981,19.128000,26.252000,13.628000,26.252000,-0.110786,0.622179,0.797434,-3.003548,-0.026567,4.877821,0.532126,-0.126880,0,0
1789814325.569005,3,18.505821,26.362786,-2.976981,19.128000,26.252000,13.628000,26.252000,-0.110786,0.622179,0.797434,-3.003548,-0.026567,4.877821,0.532126,-0.116172,0,0
1789814325.668705,3,18.363405,26.353975,-2.996921,19.128000,26.252000,13.628000,26.252000,-0.101975,0.764595,0.797824,-3.014465,-0.017544,4.735405,0.516590,-0.101768,0,0
1789814325.768745,3,18.363405,26.353975,-2.996921,19.128000,26.252000,13.628000,26.252000,-0.101975,0.764595,0.797824,-3.014465,-0.017544,4.735405,0.516590,-0.088829,0,0
1789814325.868760,3,18.363405,26.353975,-2.996921,19.128000,26.252000,13.628000,26.252000,-0.101975,0.764595,0.797824,-3.014465,-0.017544,4.735405,0.516590,-0.077346,0,0
1789814325.969137,3,18.245257,26.350304,-3.010147,19.128000,26.252000,13.628000,26.252000,-0.098304,0.882743,0.797977,-3.019019,-0.008872,4.617257,0.503701,-0.063968,0,0
1789814326.068841,3,18.245257,26.350304,-3.010147,19.128000,26.252000,13.628000,26.252000,-0.098304,0.882743,0.797977,-3.019019,-0.008872,4.617257,0.503701,-0.053024,0,0
1789814326.168723,3,18.245257,26.350304,-3.010147,19.128000,26.252000,13.628000,26.252000,-0.098304,0.882743,0.797977,-3.019019,-0.008872,4.617257,0.503701,-0.044077,0,0
1789814326.268727,3,18.106941,26.347674,-3.028600,19.128000,26.252000,13.628000,26.252000,-0.095674,1.021059,0.798084,-3.022282,0.006317,4.478941,0.488612,-0.030993,0,0
1789814326.368755,3,18.106941,26.347674,-3.028600,19.128000,26.252000,13.628000,26.252000,-0.095674,1.021059,0.798084,-3.022282,0.006317,4.478941,0.488612,-0.021254,0,0
1789814326.468739,3,18.106941,26.347674,-3.028600,19.128000,26.252000,13.628000,26.252000,-0.095674,1.021059,0.798084,-3.022282,0.006317,4.478941,0.488612,-0.014044,0,0
1789814326.568789,3,17.959646,26.343711,-3.063937,19.128000,26.252000,13.628000,26.252000,-0.091711,1.168354,0.798239,-3.027202,0.036735,4.331646,0.472543,0.002813,0,0
1789814326.668763,3,17.959646,26.343711,-3.063937,19.128000,26.252000,13.628000,26.252000,-0.091711,1.168354,0.798239,-3.027202,0.036735,4.331646,0.472543,0.014224,0,0
1789814326.769429,3,17.959646,26.343711,-3.063937,19.128000,26.252000,13.628000,26.252000,-0.091711,1.168354,0.798239,-3.027202,0.036735,4.331646,0.472543,0.021692,0,0
1789814326.868767,3,17.805418,26.350506,-3.109366,19.128000,26.252000,13.628000,26.252000,-0.098506,1.322582,0.797969,-3.018768,0.090598,4.177418,0.455718,0.046907,0,0
1789814326.968788,3,17.805418,26.350506,-3.109366,19.128000,26.252000,13.628000,26.252000,-0.098506,1.322582,0.797969,-3.018768,0.090598,4.177418,0.455718,0.062980,0,0
1789814327.068933,3,17.805418,26.350506,-3.109366,19.128000,26.252000,13.628000,26.252000,-0.098506,1.322582,0.797969,-3.018768,0.090598,4.177418,0.455718,0.072560,0,0
1789814327.168808,3,17.655580,26.352281,-3.135415,19.128000,26.252000,13.628000,26.252000,-0.100281,1.472420,0.797896,-3.016567,0.118848,4.027580,0.420054,0.088345,0,0
1789814327.268793,3,17.655580,26.352281,-3.135415,19.128000,26.252000,13.628000,26.252000,-0.100281,1.472420,0.797896,-3.016567,0.118848,4.027580,0.420054,0.097291,0,0
1789814327.368814,3,17.655580,26.352281,-3.135415,19.128000,26.252000,13.628000,26.252000,-0.100281,1.472420,0.797896,-3.016567,0.118848,4.027580,0.420054,0.101501,0,0
1789814327.468789,3,17.504284,26.360057,3.127123,19.128000,26.252000,13.628000,26.252000,-0.108057,1.623716,0.797558,-3.006928,0.149134,3.876284,0.383572,0.114024,0,0
1789814327.568799,3,17.504284,26.360057,3.127123,19.128000,26.252000,13.628000,26.252000,-0.108057,1.623716,0.797558,-3.006928,0.149134,3.876284,0.383572,0.120461,0,0
1789814327.668818,3,17.504284,26.360057,3.127123,19.128000,26.252000,13.628000,26.252000,-0.108057,1.623716,0.797558,-3.006928,0.149134,3.876284,0.383572,0.122745,0,0
1789814327.768827,3,17.367844,26.362975,3.119038,19.128000,26.252000,13.628000,26.252000,-0.110975,1.760156,0.797425,-3.003314,0.160834,3.739844,0.370342,0.126725,0,0
1789814327.868810,3,17.367844,26.362975,3.119038,19.128000,26.252000,13.628000,26.252000,-0.110975,1.760156,0.797425,-3.003314,0.160834,3.739844,0.370342,0.127420,0,0
1789814327.968833,3,17.367844,26.362975,3.119038,19.128000,26.252000,13.628000,26.252000,-0.110975,1.760156,0.797425,-3.003314,0.160834,3.739844,0.370342,0.125984,0,0
1789814328.068993,3,17.233195,26.362330,3.116992,19.128000,26.252000,13.628000,26.252000,-0.110330,1.894805,0.797455,-3.004112,0.162081,3.605195,0.368959,0.123716,0,0
1789814328.168849,3,17.233195,26.362330,3.116992,19.128000,26.252000,13.628000,26.252000,-0.110330,1.894805,0.797455,-3.004112,0.162081,3.605195,0.368959,0.120558,0,0
1789814328.268851,3,17.233195,26.362330,3.116992,19.128000,26.252000,13.628000,26.252000,-0.110330,1.894805,0.797455,-3.004112,0.162081,3.605195,0.368959,0.116956,0,0
1789814328.368863,3,17.097830,26.359478,3.136502,19.128000,26.252000,13.628000,26.252000,-0.107478,2.030170,0.797584,-3.007646,0.139037,3.469830,0.395368,0.104458,0,0
1789814328.468847,3,17.097830,26.359478,3.136502,19.128000,26.252000,13.628000,26.252000,-0.107478,2.030170,0.797584,-3.007646,0.139037,3.469830,0.395368,0.095062,0,0
1789814328.568867,3,17.097830,26.359478,3.136502,19.128000,26.252000,13.628000,26.252000,-0.107478,2.030170,0.797584,-3.007646,0.139037,3.469830,0.395368,0.088027,0,0
1789814328.668847,3,16.978586,26.348662,-3.097457,19.128000,26.252000,13.628000,26.252000,-0.096662,2.149414,0.798044,-3.021056,0.076401,3.350586,0.365518,0.058979,0,0
1789814328.775174,3,16.978586,26.348662,-3.097457,19.128000,26.252000,13.628000,26.252000,-0.096662,2.149414,0.798044,-3.021056,0.076401,3.350586,0.365518,0.039557,0,0
1789814328.868902,3,16.978586,26.348662,-3.097457,19.128000,26.252000,13.628000,26.252000,-0.096662,2.149414,0.798044,-3.021056,0.076401,3.350586,0.365518,0.027073,0,0
1789814328.968871,3,16.863443,26.335597,-3.050280,19.128000,26.252000,13.628000,26.252000,-0.083597,2.264557,0.798536,-3.037284,0.012995,3.235443,0.352957,-0.004573,0,0
1789814329.068914,3,16.863443,26.335597,-3.050280,19.128000,26.252000,13.628000,26.252000,-0.083597,2.264557,0.798536,-3.037284,0.012995,3.235443,0.352957,-0.024384,0,0
1789814329.168888,3,16.863443,26.335597,-3.050280,19.128000,26.252000,13.628000,26.252000,-0.083597,2.264557,0.798536,-3.037284,0.012995,3.235443,0.352957,-0.035827,0,0
1789814329.268933,3,16.749199,26.317647,-3.004117,19.128000,26.252000,13.628000,26.252000,-0.065647,2.378801,0.799096,-3.059625,-0.055508,3.121199,0.340494,-0.067480,0,0
1789814329.368908,3,16.749199,26.317647,-3.004117,19.128000,26.252000,13.628000,26.252000,-0.065647,2.378801,0.799096,-3.059625,-0.055508,3.121199,0.340494,-0.086150,0,0
1789814329.468879,3,16.749199,26.317647,-3.004117,19.128000,26.252000,13.628000,26.252000,-0.065647,2.378801,0.799096,-3.059625,-0.055508,3.121199,0.340494,-0.095762,0,0
1789814329.568941,3,16.641882,26.292788,-2.977298,19.128000,26.252000,13.628000,26.252000,-0.040788,2.486118,0.799651,-3.090629,-0.113331,3.013882,0.427065,-0.121157,0,0
1789814329.668909,3,16.641882,26.292788,-2.977298,19.128000,26.252000,13.628000,26.252000,-0.040788,2.486118,0.799651,-3.090629,-0.113331,3.013882,0.427065,-0.134830,0,0
1789814329.768934,3,16.641882,26.292788,-2.977298,19.128000,26.252000,13.628000,26.252000,-0.040788,2.486118,0.799651,-3.090629,-0.113331,3.013882,0.427065,-0.140454,0,0
1789814329.869020,3,16.531699,26.270092,-2.975574,19.128000,26.252000,13.628000,26.252000,-0.018092,2.596301,0.799931,-3.118979,-0.143405,2.903699,0.390221,-0.152123,0,0
1789814329.968942,3,16.531699,26.270092,-2.975574,19.128000,26.252000,13.628000,26.252000,-0.018092,2.596301,0.799931,-3.118979,-0.143405,2.903699,0.390221,-0.156374,0,0
1789814330.068927,3,16.531699,26.270092,-2.975574,19.128000,26.252000,13.628000,26.252000,-0.018092,2.596301,0.799931,-3.118979,-0.143405,2.903699,0.390221,-0.155708,0,0
1789814330.168987,3,16.531699,26.270092,-2.975574,19.128000,26.252000,13.628000,26.252000,-0.018092,2.596301,0.799931,-3.118979,-0.143405,2.903699,0.390221,-0.151921,0,0
1789814330.268962,3,16.390283,26.252380,-3.017788,19.128000,26.252000,13.628000,26.252000,-0.000380,2.737717,0.800000,-3.141117,-0.123329,2.762283,0.414446,-0.138658,0,0
1789814330.368951,3,16.390283,26.252380,-3.017788,19.128000,26.252000,13.628000,26.252000,-0.000380,2.737717,0.800000,-3.141117,-0.123329,2.762283,0.414446,-0.127091,0,0
1789814330.468980,3,16.390283,26.252380,-3.017788,19.128000,26.252000,13.628000,26.252000,-0.000380,2.737717,0.800000,-3.141117,-0.123329,2.762283,0.414446,-0.117070,0,0
1789814330.568972,3,16.285905,26.244828,-3.074668,19.128000,26.252000,13.628000,26.252000,0.007172,2.842095,0.799989,3.132628,-0.075889,2.657905,0.300000,-0.090412,0,0
1789814330.669001,3,16.285905,26.244828,-3.074668,19.128000,26.252000,13.628000,26.252000,0.007172,2.842095,0.799989,3.132628,-0.075889,2.657905,0.300000,-0.071252,0,0
1789814330.768970,3,16.285905,26.244828,-3.074668,19.128000,26.252000,13.628000,26.252000,0.007172,2.842095,0.799989,3.132628,-0.075889,2.657905,0.300000,-0.057657,0,0
1789814330.868979,3,16.164139,26.241624,-3.136984,19.128000,26.252000,13.628000,26.252000,0.010376,2.963861,0.799977,3.128624,-0.017578,2.536139,0.300000,-0.026009,0,0
1789814330.968964,3,16.164139,26.241624,-3.136984,19.128000,26.252000,13.628000,26.252000,0.010376,2.963861,0.799977,3.128624,-0.017578,2.536139,0.300000,-0.005066,0,0
1789814331.069012,3,16.164139,26.241624,-3.136984,19.128000,26.252000,13.628000,26.252000,0.010376,2.963861,0.799977,3.128624,-0.017578,2.536139,0.300000,0.008189,0,0
1789814331.169032,3,16.042660,26.242946,3.099664,19.128000,26.252000,13.628000,26.252000,0.009054,3.085340,0.799983,3.130275,0.030611,2.414660,0.300000,0.034303,0,0
1789814331.269012,3,16.042660,26.242946,3.099664,19.128000,26.252000,13.628000,26.252000,0.009054,3.085340,0.799983,3.130275,0.030611,2.414660,0.300000,0.050255,0,0
1789814331.369049,3,16.042660,26.242946,3.099664,19.128000,26.252000,13.628000,26.252000,0.009054,3.085340,0.799983,3.130275,0.030611,2.414660,0.300000,0.059067,0,0
1789814331.468997,3,15.923866,26.249726,3.049306,19.128000,26.252000,13.628000,26.252000,0.002274,3.204134,0.799999,3.138750,0.089444,2.295866,0.300000,0.085321,0,0
1789814331.569032,3,15.923866,26.249726,3.049306,19.128000,26.252000,13.628000,26.252000,0.002274,3.204134,0.799999,3.138750,0.089444,2.295866,0.300000,0.100500,0,0
1789814331.669040,3,15.923866,26.249726,3.049306,19.128000,26.252000,13.628000,26.252000,0.002274,3.204134,0.799999,3.138750,0.089444,2.295866,0.300000,0.107983,0,0
1789814331.769042,3,15.828128,26.253424,3.022493,19.128000,26.252000,13.628000,26.252000,-0.001424,3.299872,0.800000,-3.139812,0.120880,2.200128,0.417503,0.122188,0,0
1789814331.869011,3,15.828128,26.253424,3.022493,19.128000,26.252000,13.628000,26.252000,-0.001424,3.299872,0.800000,-3.139812,0.120880,2.200128,0.417503,0.128809,0,0
1789814331.969004,3,15.828128,26.253424,3.022493,19.128000,26.252000,13.628000,26.252000,-0.001424,3.299872,0.800000,-3.139812,0.120880,2.200128,0.417503,0.130312,0,0
1789814332.069070,3,15.828128,26.253424,3.022493,19.128000,26.252000,13.628000,26.252000,-0.001424,3.299872,0.800000,-3.139812,0.120880,2.200128,0.417503,0.128478,0,0
1789814332.169046,3,15.705283,26.259082,3.043694,19.128000,26.252000,13.628000,26.252000,-0.007082,3.422717,0.799989,-3.132740,0.106751,2.077283,0.435579,0.119214,0,0
1789814332.269084,3,15.705283,26.259082,3.043694,19.128000,26.252000,13.628000,26.252000,-0.007082,3.422717,0.799989,-3.132740,0.106751,2.077283,0.435579,0.110652,0,0
1789814332.369069,3,15.705283,26.259082,3.043694,19.128000,26.252000,13.628000,26.252000,-0.007082,3.422717,0.799989,-3.132740,0.106751,2.077283,0.435579,0.102881,0,0
1789814332.469047,3,15.705283,26.259082,3.043694,19.128000,26.252000,13.628000,26.252000,-0.007082,3.422717,0.799989,-3.132740,0.106751,2.077283,0.435579,0.095927,0,0
1789814332.569295,3,15.570142,26.257238,3.108235,19.128000,26.252000,13.628000,26.252000,-0.005238,3.557858,0.799994,-3.135046,0.039904,1.942142,0.300000,0.064366,0,0
1789814332.669048,3,15.570142,26.257238,3.108235,19.128000,26.252000,13.628000,26.252000,-0.005238,3.557858,0.799994,-3.135046,0.039904,1.942142,0.300000,0.042391,0,0
1789814332.769116,3,15.570142,26.257238,3.108235,19.128000,26.252000,13.628000,26.252000,-0.005238,3.557858,0.799994,-3.135046,0.039904,1.942142,0.300000,0.027429,0,0
1789814332.869058,3,15.458052,26.247395,-3.114631,19.128000,26.252000,13.628000,26.252000,0.004605,3.669948,0.799996,3.135836,-0.032718,1.830052,0.300000,-0.010047,0,0
1789814332.969090,3,15.458052,26.247395,-3.114631,19.128000,26.252000,13.628000,26.252000,0.004605,3.669948,0.799996,3.135836,-0.032718,1.830052,0.300000,-0.034285,0,0
1789814333.069094,3,15.458052,26.247395,-3.114631,19.128000,26.252000,13.628000,26.252000,0.004605,3.669948,0.799996,3.135836,-0.032718,1.830052,0.300000,-0.049080,0,0
1789814333.169730,3,15.343416,26.236784,-3.069294,19.128000,26.252000,13.628000,26.252000,0.015216,3.784584,0.799951,3.122573,-0.091318,1.715416,0.300000,-0.079402,0,0
1789814333.269138,3,15.343416,26.236784,-3.069294,19.128000,26.252000,13.628000,26.252000,0.015216,3.784584,0.799951,3.122573,-0.091318,1.715416,0.300000,-0.097459,0,0
1789814333.369087,3,15.343416,26.236784,-3.069294,19.128000,26.252000,13.628000,26.252000,0.015216,3.784584,0.799951,3.122573,-0.091318,1.715416,0.300000,-0.106943,0,0
1789814333.470350,3,15.227480,26.215219,-3.041460,19.128000,26.252000,13.628000,26.252000,0.036781,3.900520,0.799716,3.095633,-0.146093,1.599480,0.387088,-0.131186,0,0
1789814333.569164,3,15.227480,26.215219,-3.041460,19.128000,26.252000,13.628000,26.252000,0.036781,3.900520,0.799716,3.095633,-0.146093,1.599480,0.387088,-0.144376,0,0
1789814333.669255,3,15.227480,26.215219,-3.041460,19.128000,26.252000,13.628000,26.252000,0.036781,3.900520,0.799716,3.095633,-0.146093,1.599480,0.387088,-0.149964,0,0
1789814333.769198,3,15.227480,26.215219,-3.041460,19.128000,26.252000,13.628000,26.252000,0.036781,3.900520,0.799716,3.095633,-0.146093,1.599480,0.387088,-0.150464,0,0
1789814333.869100,3,15.103097,26.199217,-3.070478,19.128000,26.252000,13.628000,26.252000,0.052783,4.024903,0.799416,3.075662,-0.137046,1.475097,0.397737,-0.144247,0,0
1789814333.969111,3,15.103097,26.199217,-3.070478,19.128000,26.252000,13.628000,26.252000,0.052783,4.024903,0.799416,3.075662,-0.137046,1.475097,0.397737,-0.137239,0,0
1789814334.069169,3,15.103097,26.199217,-3.070478,19.128000,26.252000,13.628000,26.252000,0.052783,4.024903,0.799416,3.075662,-0.137046,1.475097,0.397737,-0.130005,0,0
1789814334.169176,3,15.103097,26.199217,-3.070478,19.128000,26.252000,13.628000,26.252000,0.052783,4.024903,0.799416,3.075662,-0.137046,1.475097,0.397737,-0.122916,0,0
1789814334.269130,3,14.978736,26.189197,-3.112239,19.128000,26.252000,13.628000,26.252000,0.062803,4.149264,0.799173,3.063168,-0.107778,1.350736,0.434239,-0.105079,0,0
1789814334.371514,3,14.978736,26.189197,-3.112239,19.128000,26.252000,13.628000,26.252000,0.062803,4.149264,0.799173,3.063168,-0.107778,1.350736,0.434239,-0.091615,0,0
1789814334.469152,3,14.978736,26.189197,-3.112239,19.128000,26.252000,13.628000,26.252000,0.062803,4.149264,0.799173,3.063168,-0.107778,1.350736,0.434239,-0.081490,0,0
1789814334.569182,3,14.978736,26.189197,-3.112239,19.128000,26.252000,13.628000,26.252000,0.062803,4.149264,0.799173,3.063168,-0.107778,1.350736,0.434239,-0.073905,0,0
1789814334.669527,3,14.849764,26.184352,3.131144,19.128000,26.252000,13.628000,26.252000,0.067648,4.278236,0.799041,3.057133,-0.074011,1.221764,0.300000,-0.055453,0,0
1789814334.769152,3,14.849764,26.184352,3.131144,19.128000,26.252000,13.628000,26.252000,0.067648,4.278236,0.799041,3.057133,-0.074011,1.221764,0.000000,0.000000,1,0
1789814334.869185,3,14.849764,26.184352,3.131144,19.128000,26.252000,13.628000,26.252000,0.067648,4.278236,0.799041,3.057133,-0.074011,1.221764,0.000000,0.000000,1,0
1789814334.969209,3,14.740767,26.186568,3.100006,19.128000,26.252000,13.628000,26.252000,0.065432,4.387233,0.799102,3.059893,-0.040112,1.112767,0.000000,0.000000,1,0
1789814335.069187,3,14.740767,26.186568,3.100006,19.128000,26.252000,13.628000,26.252000,0.065432,4.387233,0.799102,3.059893,-0.040112,1.112767,0.000000,0.000000,1,0
1789814335.169887,3,14.740767,26.186568,3.100006,19.128000,26.252000,13.628000,26.252000,0.065432,4.387233,0.799102,3.059893,-0.040112,1.112767,0.000000,0.000000,1,0
1789814335.269238,3,14.623070,26.190042,3.076680,19.128000,26.252000,13.628000,26.252000,0.061958,4.504930,0.799195,3.064222,-0.012458,0.995070,0.000000,0.000000,1,0
1789814335.369181,3,14.623070,26.190042,3.076680,19.128000,26.252000,13.628000,26.252000,0.061958,4.504930,0.799195,3.064222,-0.012458,0.995070,0.000000,0.000000,1,0
1789814335.469231,3,14.623070,26.190042,3.076680,19.128000,26.252000,13.628000,26.252000,0.061958,4.504930,0.799195,3.064222,-0.012458,0.995070,0.000000,0.000000,1,0
1789814335.569232,3,14.497941,26.197685,3.053178,19.128000,26.252000,13.628000,26.252000,0.054315,4.630059,0.799381,3.073750,0.020573,0.869941,0.000000,0.000000,1,0
1789814335.669302,3,14.497941,26.197685,3.053178,19.128000,26.252000,13.628000,26.252000,0.054315,4.630059,0.799381,3.073750,0.020573,0.869941,0.300000,0.048826,0,0
1789814335.769245,3,14.497941,26.197685,3.053178,19.128000,26.252000,13.628000,26.252000,0.054315,4.630059,0.799381,3.073750,0.020573,0.869941,0.300000,0.052118,0,0
1789814335.869239,3,14.395032,26.203134,3.016621,19.128000,26.252000,13.628000,26.252000,0.048866,4.732968,0.799499,3.080548,0.063926,0.767032,0.300000,0.069029,0,0
1789814335.969220,3,14.395032,26.203134,3.016621,19.128000,26.252000,13.628000,26.252000,0.048866,4.732968,0.799499,3.080548,0.063926,0.767032,0.300000,0.078369,0,0
1789814336.069270,3,14.395032,26.203134,3.016621,19.128000,26.252000,13.628000,26.252000,0.048866,4.732968,0.799499,3.080548,0.063926,0.767032,0.300000,0.082490,0,0
1789814336.169241,3,14.395032,26.203134,3.016621,19.128000,26.252000,13.628000,26.252000,0.048866,4.732968,0.799499,3.080548,0.063926,0.767032,0.300000,0.083107,0,0
1789814336.269277,3,14.395032,26.203134,3.016621,19.128000,26.252000,13.628000,26.252000,0.048866,4.732968,0.799499,3.080548,0.063926,0.767032,0.300000,0.081456,0,0
1789814336.369280,3,14.395032,26.203134,3.016621,19.128000,26.252000,13.628000,26.252000,0.048866,4.732968,0.799499,3.080548,0.063926,0.767032,0.300000,0.078419,0,0
1789814336.469226,3,14.395032,26.203134,3.016621,19.128000,26.252000,13.628000,26.252000,0.048866,4.732968,0.799499,3.080548,0.063926,0.767032,0.300000,0.074618,0,0
1789814336.569254,3,14.395032,26.203134,3.016621,19.128000,26.252000,13.628000,26.252000,0.048866,4.732968,0.799499,3.080548,0.063926,0.767032,0.300000,0.070479,0,0
1789814336.669229,3,14.395032,26.203134,3.016621,19.128000,26.252000,13.628000,26.252000,0.048866,4.732968,0.799499,3.080548,0.063926,0.767032,0.300000,0.066289,0,0
1789814336.769281,3,14.395032,26.203134,3.016621,19.128000,26.252000,13.628000,26.252000,0.048866,4.732968,0.799499,3.080548,0.063926,0.767032,0.300000,0.062235,0,0
1789814336.869303,3,14.395032,26.203134,3.016621,19.128000,26.252000,13.628000,26.252000,0.048866,4.732968,0.799499,3.080548,0.063926,0.767032,0.300000,0.058429,0,0
1789814336.969286,3,14.395032,26.203134,3.016621,19.128000,26.252000,13.628000,26.252000,0.048866,4.732968,0.799499,3.080548,0.063926,0.767032,0.300000,0.054935,0,0
1789814337.069288,3,14.395032,26.203134,3.016621,19.128000,26.252000,13.628000,26.252000,0.048866,4.732968,0.799499,3.080548,0.063926,0.767032,0.300000,0.051779,0,0
1789814337.169294,3,14.395032,26.203134,3.016621,19.128000,26.252000,13.628000,26.252000,0.048866,4.732968,0.799499,3.080548,0.063926,0.767032,0.300000,0.048967,0,0
1789814337.269342,3,14.295825,26.211956,2.943578,19.128000,26.252000,13.628000,26.252000,0.040044,4.832175,0.799663,3.091558,0.147980,0.667825,0.384903,0.078419,0,0
1789814337.369258,3,14.295825,26.211956,2.943578,19.128000,26.252000,13.628000,26.252000,0.040044,4.832175,0.799663,3.091558,0.147980,0.667825,0.384903,0.097091,0,0
1789814337.469313,3,14.295825,26.211956,2.943578,19.128000,26.252000,13.628000,26.252000,0.040044,4.832175,0.799663,3.091558,0.147980,0.667825,0.384903,0.108117,0,0
1789814337.569304,3,14.295825,26.211956,2.943578,19.128000,26.252000,13.628000,26.252000,0.040044,4.832175,0.799663,3.091558,0.147980,0.667825,0.384903,0.113808,0,0
1789814337.669336,3,14.295825,26.211956,2.943578,19.128000,26.252000,13.628000,26.252000,0.040044,4.832175,0.799663,3.091558,0.147980,0.667825,0.384903,0.115858,0,0
1789814337.769297,3,14.295825,26.211956,2.943578,19.128000,26.252000,13.628000,26.252000,0.040044,4.832175,0.799663,3.091558,0.147980,0.667825,0.384903,0.115495,0,0
1789814337.869327,3,14.295825,26.211956,2.943578,19.128000,26.252000,13.628000,26.252000,0.040044,4.832175,0.799663,3.091558,0.147980,0.667825,0.384903,0.113603,0,0
1789814337.969435,3,14.187586,26.219179,2.997784,19.128000,26.252000,13.628000,26.252000,0.032821,4.940414,0.799774,3.100578,0.102794,0.559586,0.440781,0.093641,0,0
1789814338.070192,3,14.187586,26.219179,2.997784,19.128000,26.252000,13.628000,26.252000,0.032821,4.940414,0.799774,3.100578,0.102794,0.559586,0.440781,0.079175,0,0
1789814338.169302,3,14.187586,26.219179,2.997784,19.128000,26.252000,13.628000,26.252000,0.032821,4.940414,0.799774,3.100578,0.102794,0.559586,0.440781,0.068806,0,0
1789814338.269335,3,14.187586,26.219179,2.997784,19.128000,26.252000,13.628000,26.252000,0.032821,4.940414,0.799774,3.100578,0.102794,0.559586,0.440781,0.061473,0,0
1789814338.369347,3,14.187586,26.219179,2.997784,19.128000,26.252000,13.628000,26.252000,0.032821,4.940414,0.799774,3.100578,0.102794,0.559586,0.440781,0.056378,0,0
1789814338.469858,4,14.073791,26.226896,3.048820,19.128000,26.252000,13.628000,26.252000,0.025104,5.054209,0.799868,3.110217,0.061397,0.445791,0.000000,0.000000,0,1
1789814338.569415,4,14.073791,26.226896,3.048820,19.128000,26.252000,13.628000,26.252000,0.025104,5.054209,0.799868,3.110217,0.061397,0.445791,0.000000,0.000000,0,1
1789814338.669358,4,14.073791,26.226896,3.048820,19.128000,26.252000,13.628000,26.252000,0.025104,5.054209,0.799868,3.110217,0.061397,0.445791,0.000000,0.000000,0,1
1789814338.769356,4,14.073791,26.226896,3.048820,19.128000,26.252000,13.628000,26.252000,0.025104,5.054209,0.799868,3.110217,0.061397,0.445791,0.000000,0.000000,0,1
1789814338.869381,4,13.948604,26.233346,3.082665,19.128000,26.252000,13.628000,26.252000,0.025104,5.054209,0.799868,3.110217,0.061397,0.445791,0.000000,0.000000,0,1
1789814338.969439,4,13.948604,26.233346,3.082665,19.128000,26.252000,13.628000,26.252000,0.025104,5.054209,0.799868,3.110217,0.061397,0.445791,0.000000,0.000000,0,1
1789814339.069381,4,13.948604,26.233346,3.082665,19.128000,26.252000,13.628000,26.252000,0.025104,5.054209,0.799868,3.110217,0.061397,0.445791,0.000000,0.000000,0,1
1789814339.169371,4,13.825858,26.238115,3.093301,19.128000,26.252000,13.628000,26.252000,0.025104,5.054209,0.799868,3.110217,0.061397,0.445791,0.000000,0.000000,0,1
1789814339.269374,4,13.825858,26.238115,3.093301,19.128000,26.252000,13.628000,26.252000,0.025104,5.054209,0.799868,3.110217,0.061397,0.445791,0.000000,0.000000,0,1
1789814339.369399,4,13.825858,26.238115,3.093301,19.128000,26.252000,13.628000,26.252000,0.025104,5.054209,0.799868,3.110217,0.061397,0.445791,0.000000,0.000000,0,1
1789814339.471629,4,13.701269,26.246042,3.090847,19.128000,26.252000,13.628000,26.252000,0.025104,5.054209,0.799868,3.110217,0.061397,0.445791,0.000000,0.000000,0,1
1789814339.569379,4,13.701269,26.246042,3.090847,19.128000,26.252000,13.628000,26.252000,0.025104,5.054209,0.799868,3.110217,0.061397,0.445791,0.000000,0.000000,0,1
1789814339.669444,4,13.701269,26.246042,3.090847,19.128000,26.252000,13.628000,26.252000,0.025104,5.054209,0.799868,3.110217,0.061397,0.445791,0.000000,0.000000,0,1
1789814339.769461,4,13.596792,26.249833,3.073050,19.128000,26.252000,13.628000,26.252000,0.025104,5.054209,0.799868,3.110217,0.061397,0.445791,0.000000,0.000000,0,1
1789814339.869784,4,13.596792,26.249833,3.073050,19.128000,26.252000,13.628000,26.252000,0.025104,5.054209,0.799868,3.110217,0.061397,0.445791,0.000000,0.000000,0,1
1789814339.969506,4,13.596792,26.249833,3.073050,19.128000,26.252000,13.628000,26.252000,0.025104,5.054209,0.799868,3.110217,0.061397,0.445791,0.000000,0.000000,0,1
1789814340.069486,4,13.596792,26.249833,3.073050,19.128000,26.252000,13.628000,26.252000,0.025104,5.054209,0.799868,3.110217,0.061397,0.445791,0.000000,0.000000,0,1
1789814340.169451,4,13.501455,26.254910,3.026511,19.128000,26.252000,13.628000,26.252000,0.025104,5.054209,0.799868,3.110217,0.061397,0.445791,0.000000,0.000000,0,1
1789814340.269429,4,13.501455,26.254910,3.026511,19.128000,26.252000,13.628000,26.252000,0.025104,5.054209,0.799868,3.110217,0.061397,0.445791,0.000000,0.000000,0,1
1789814340.369431,4,13.501455,26.254910,3.026511,19.128000,26.252000,13.628000,26.252000,0.025104,5.054209,0.799868,3.110217,0.061397,0.445791,0.000000,0.000000,0,1
1789814340.469749,4,13.501455,26.254910,3.026511,19.128000,26.252000,13.628000,26.252000,0.025104,5.054209,0.799868,3.110217,0.061397,0.445791,0.000000,0.000000,0,1
1789814340.569477,4,13.501455,26.254910,3.026511,19.128000,26.252000,13.628000,26.252000,0.025104,5.054209,0.799868,3.110217,0.061397,0.445791,0.000000,0.000000,0,1
1789814340.669450,4,13.501455,26.254910,3.026511,19.128000,26.252000,13.628000,26.252000,0.025104,5.054209,0.799868,3.110217,0.061397,0.445791,0.000000,0.000000,0,1
1789814340.769475,4,13.501455,26.254910,3.026511,19.128000,26.252000,13.628000,26.252000,0.025104,5.054209,0.799868,3.110217,0.061397,0.445791,0.000000,0.000000,0,1
1789814340.869461,4,13.501455,26.254910,3.026511,19.128000,26.252000,13.628000,26.252000,0.025104,5.054209,0.799868,3.110217,0.061397,0.445791,0.000000,0.000000,0,1
1789814340.969516,4,13.501455,26.254910,3.026511,19.128000,26.252000,13.628000,26.252000,0.025104,5.054209,0.799868,3.110217,0.061397,0.445791,0.000000,0.000000,0,1
1789814341.069487,4,13.501455,26.254910,3.026511,19.128000,26.252000,13.628000,26.252000,0.025104,5.054209,0.799868,3.110217,0.061397,0.445791,0.000000,0.000000,0,1
1789814341.169828,4,13.501455,26.254910,3.026511,19.128000,26.252000,13.628000,26.252000,0.025104,5.054209,0.799868,3.110217,0.061397,0.445791,0.000000,0.000000,0,1
1789814341.269527,4,13.501455,26.254910,3.026511,19.128000,26.252000,13.628000,26.252000,0.025104,5.054209,0.799868,3.110217,0.061397,0.445791,0.000000,0.000000,0,1
1789814341.369511,4,13.501455,26.254910,3.026511,19.128000,26.252000,13.628000,26.252000,0.025104,5.054209,0.799868,3.110217,0.061397,0.445791,0.000000,0.000000,0,1
1789814341.471259,4,13.501455,26.254910,3.026511,19.128000,26.252000,13.628000,26.252000,0.025104,5.054209,0.799868,3.110217,0.061397,0.445791,0.000000,0.000000,0,1
1789814341.569491,4,13.501455,26.254910,3.026511,19.128000,26.252000,13.628000,26.252000,0.025104,5.054209,0.799868,3.110217,0.061397,0.445791,0.000000,0.000000,0,1
1789814341.669618,4,13.501455,26.254910,3.026511,19.128000,26.252000,13.628000,26.252000,0.025104,5.054209,0.799868,3.110217,0.061397,0.445791,0.000000,0.000000,0,1
1789814341.769573,4,13.501455,26.254910,3.026511,19.128000,26.252000,13.628000,26.252000,0.025104,5.054209,0.799868,3.110217,0.061397,0.445791,0.000000,0.000000,0,1
1789814341.869529,4,13.501455,26.254910,3.026511,19.128000,26.252000,13.628000,26.252000,0.025104,5.054209,0.799868,3.110217,0.061397,0.445791,0.000000,0.000000,0,1
1789814341.969519,4,13.501455,26.254910,3.026511,19.128000,26.252000,13.628000,26.252000,0.025104,5.054209,0.799868,3.110217,0.061397,0.445791,0.000000,0.000000,0,1
1789814342.069596,4,13.501455,26.254910,3.026511,19.128000,26.252000,13.628000,26.252000,0.025104,5.054209,0.799868,3.110217,0.061397,0.445791,0.000000,0.000000,0,1
1789814342.169642,4,13.501455,26.254910,3.026511,19.128000,26.252000,13.628000,26.252000,0.025104,5.054209,0.799868,3.110217,0.061397,0.445791,0.000000,0.000000,0,1
1789814342.269549,4,13.501455,26.254910,3.026511,19.128000,26.252000,13.628000,26.252000,0.025104,5.054209,0.799868,3.110217,0.061397,0.445791,0.000000,0.000000,0,1
1789814342.369604,4,13.501455,26.254910,3.026511,19.128000,26.252000,13.628000,26.252000,0.025104,5.054209,0.799868,3.110217,0.061397,0.445791,0.000000,0.000000,0,1
1789814342.469553,4,13.501455,26.254910,3.026511,19.128000,26.252000,13.628000,26.252000,0.025104,5.054209,0.799868,3.110217,0.061397,0.445791,0.000000,0.000000,0,1
1789814342.569618,4,13.501455,26.254910,3.026511,19.128000,26.252000,13.628000,26.252000,0.025104,5.054209,0.799868,3.110217,0.061397,0.445791,0.000000,0.000000,0,1
1789814342.669588,4,13.501455,26.254910,3.026511,19.128000,26.252000,13.628000,26.252000,0.025104,5.054209,0.799868,3.110217,0.061397,0.445791,0.000000,0.000000,0,1
1789814342.769636,4,13.501455,26.254910,3.026511,19.128000,26.252000,13.628000,26.252000,0.025104,5.054209,0.799868,3.110217,0.061397,0.445791,0.000000,0.000000,0,1
1789814342.869568,4,13.501455,26.254910,3.026511,19.128000,26.252000,13.628000,26.252000,0.025104,5.054209,0.799868,3.110217,0.061397,0.445791,0.000000,0.000000,0,1
1789814342.969599,4,13.501455,26.254910,3.026511,19.128000,26.252000,13.628000,26.252000,0.025104,5.054209,0.799868,3.110217,0.061397,0.445791,0.000000,0.000000,0,1
1789814343.069569,4,13.501455,26.254910,3.026511,19.128000,26.252000,13.628000,26.252000,0.025104,5.054209,0.799868,3.110217,0.061397,0.445791,0.000000,0.000000,0,1
1789814343.169576,4,13.501455,26.254910,3.026511,19.128000,26.252000,13.628000,26.252000,0.025104,5.054209,0.799868,3.110217,0.061397,0.445791,0.000000,0.000000,0,1
1789814343.269590,4,13.501455,26.254910,3.026511,19.128000,26.252000,13.628000,26.252000,0.025104,5.054209,0.799868,3.110217,0.061397,0.445791,0.000000,0.000000,0,1
1789814343.369611,4,13.501455,26.254910,3.026511,19.128000,26.252000,13.628000,26.252000,0.025104,5.054209,0.799868,3.110217,0.061397,0.445791,0.000000,0.000000,0,1
1789814343.469579,4,13.501455,26.254910,3.026511,19.128000,26.252000,13.628000,26.252000,0.025104,5.054209,0.799868,3.110217,0.061397,0.445791,0.000000,0.000000,0,1
1789814343.569595,4,13.501455,26.254910,3.026511,19.128000,26.252000,13.628000,26.252000,0.025104,5.054209,0.799868,3.110217,0.061397,0.445791,0.000000,0.000000,0,1
1789814343.669602,4,13.501455,26.254910,3.026511,19.128000,26.252000,13.628000,26.252000,0.025104,5.054209,0.799868,3.110217,0.061397,0.445791,0.000000,0.000000,0,1
1789814343.769636,4,13.501455,26.254910,3.026511,19.128000,26.252000,13.628000,26.252000,0.025104,5.054209,0.799868,3.110217,0.061397,0.445791,0.000000,0.000000,0,1
1789814343.869631,4,13.501455,26.254910,3.026511,19.128000,26.252000,13.628000,26.252000,0.025104,5.054209,0.799868,3.110217,0.061397,0.445791,0.000000,0.000000,0,1
1789814343.969623,4,13.501455,26.254910,3.026511,19.128000,26.252000,13.628000,26.252000,0.025104,5.054209,0.799868,3.110217,0.061397,0.445791,0.000000,0.000000,0,1
1789814344.069629,4,13.501455,26.254910,3.026511,19.128000,26.252000,13.628000,26.252000,0.025104,5.054209,0.799868,3.110217,0.061397,0.445791,0.000000,0.000000,0,1
1789814344.169621,4,13.501455,26.254910,3.026511,19.128000,26.252000,13.628000,26.252000,0.025104,5.054209,0.799868,3.110217,0.061397,0.445791,0.000000,0.000000,0,1
1789814344.269671,4,13.501455,26.254910,3.026511,19.128000,26.252000,13.628000,26.252000,0.025104,5.054209,0.799868,3.110217,0.061397,0.445791,0.000000,0.000000,0,1
1789814344.369647,4,13.501455,26.254910,3.026511,19.128000,26.252000,13.628000,26.252000,0.025104,5.054209,0.799868,3.110217,0.061397,0.445791,0.000000,0.000000,0,1
1789814344.469652,4,13.501455,26.254910,3.026511,19.128000,26.252000,13.628000,26.252000,0.025104,5.054209,0.799868,3.110217,0.061397,0.445791,0.000000,0.000000,0,1
1789814344.571897,4,13.501455,26.254910,3.026511,19.128000,26.252000,13.628000,26.252000,0.025104,5.054209,0.799868,3.110217,0.061397,0.445791,0.000000,0.000000,0,1
1789814344.669629,4,13.501455,26.254910,3.026511,19.128000,26.252000,13.628000,26.252000,0.025104,5.054209,0.799868,3.110217,0.061397,0.445791,0.000000,0.000000,0,1
1789814344.769654,4,13.501455,26.254910,3.026511,19.128000,26.252000,13.628000,26.252000,0.025104,5.054209,0.799868,3.110217,0.061397,0.445791,0.000000,0.000000,0,1
1789814344.869681,4,13.501455,26.254910,3.026511,19.128000,26.252000,13.628000,26.252000,0.025104,5.054209,0.799868,3.110217,0.061397,0.445791,0.000000,0.000000,0,1
1789814344.970199,4,13.501455,26.254910,3.026511,19.128000,26.252000,13.628000,26.252000,0.025104,5.054209,0.799868,3.110217,0.061397,0.445791,0.000000,0.000000,0,1
1789814345.069690,4,13.501455,26.254910,3.026511,19.128000,26.252000,13.628000,26.252000,0.025104,5.054209,0.799868,3.110217,0.061397,0.445791,0.000000,0.000000,0,1
1789814345.169706,0,13.501455,26.254910,3.026511,13.501455,26.254910,13.728000,24.702000,0.025104,5.054209,0.799868,-1.425934,1.830740,1.569348,0.000000,0.250000,0,0
1789814345.269822,0,13.501455,26.254910,3.026511,13.501455,26.254910,13.728000,24.702000,0.025104,5.054209,0.799868,-1.425934,1.830740,1.569348,0.000000,0.250000,0,0
1789814345.369714,0,13.501455,26.254910,3.026511,13.501455,26.254910,13.728000,24.702000,0.025104,5.054209,0.799868,-1.425934,1.830740,1.569348,0.000000,0.250000,0,0
1789814345.470372,0,13.501455,26.254910,3.026511,13.501455,26.254910,13.728000,24.702000,0.025104,5.054209,0.799868,-1.425934,1.830740,1.569348,0.000000,0.250000,0,0
1789814345.569772,0,13.501455,26.254910,3.026511,13.501455,26.254910,13.728000,24.702000,0.025104,5.054209,0.799868,-1.425934,1.830740,1.569348,0.000000,0.250000,0,0
1789814345.669707,0,13.501455,26.254910,3.026511,13.501455,26.254910,13.728000,24.702000,0.025104,5.054209,0.799868,-1.425934,1.830740,1.569348,0.000000,0.250000,0,0
1789814345.769714,0,13.501455,26.254910,3.026511,13.501455,26.254910,13.728000,24.702000,0.025104,5.054209,0.799868,-1.425934,1.830740,1.569348,0.000000,0.250000,0,0
1789814345.869695,0,13.501455,26.254910,3.026511,13.501455,26.254910,13.728000,24.702000,0.025104,5.054209,0.799868,-1.425934,1.830740,1.569348,0.000000,0.250000,0,0
1789814345.969735,0,13.501455,26.254910,3.026511,13.501455,26.254910,13.728000,24.702000,0.025104,5.054209,0.799868,-1.425934,1.830740,1.569348,0.000000,0.250000,0,0
1789814346.069749,0,13.501455,26.254910,3.026511,13.501455,26.254910,13.728000,24.702000,0.025104,5.054209,0.799868,-1.425934,1.830740,1.569348,0.000000,0.250000,0,0
1789814346.169778,0,13.501455,26.254910,3.026511,13.501455,26.254910,13.728000,24.702000,0.025104,5.054209,0.799868,-1.425934,1.830740,1.569348,0.000000,0.250000,0,0
1789814346.269722,0,13.501455,26.254910,3.026511,13.501455,26.254910,13.728000,24.702000,0.025104,5.054209,0.799868,-1.425934,1.830740,1.569348,0.000000,0.250000,0,0
1789814346.369788,0,13.501455,26.254910,3.026511,13.501455,26.254910,13.728000,24.702000,0.025104,5.054209,0.799868,-1.425934,1.830740,1.569348,0.000000,0.250000,0,0
1789814346.469766,0,13.501455,26.254910,3.026511,13.501455,26.254910,13.728000,24.702000,0.025104,5.054209,0.799868,-1.425934,1.830740,1.569348,0.000000,0.250000,0,0
1789814346.569692,0,13.501455,26.254910,3.026511,13.501455,26.254910,13.728000,24.702000,0.025104,5.054209,0.799868,-1.425934,1.830740,1.569348,0.000000,0.250000,0,0
1789814346.669766,0,13.501455,26.254910,3.026511,13.501455,26.254910,13.728000,24.702000,0.025104,5.054209,0.799868,-1.425934,1.830740,1.569348,0.000000,0.250000,0,0
1789814346.769754,0,13.501455,26.254910,3.026511,13.501455,26.254910,13.728000,24.702000,0.025104,5.054209,0.799868,-1.425934,1.830740,1.569348,0.000000,0.250000,0,0
1789814346.869786,0,13.465515,26.248242,-3.130250,13.501455,26.254910,13.728000,24.702000,0.025104,5.054209,0.799868,-1.402642,1.727608,1.568363,0.000000,0.250000,0,0
1789814346.969758,0,13.465515,26.248242,-3.130250,13.501455,26.254910,13.728000,24.702000,0.025104,5.054209,0.799868,-1.402642,1.727608,1.568363,0.000000,0.250000,0,0
1789814347.069786,0,13.465515,26.248242,-3.130250,13.501455,26.254910,13.728000,24.702000,0.025104,5.054209,0.799868,-1.402642,1.727608,1.568363,0.000000,0.250000,0,0
1789814347.169813,0,13.465515,26.248242,-3.130250,13.501455,26.254910,13.728000,24.702000,0.025104,5.054209,0.799868,-1.402642,1.727608,1.568363,0.000000,0.250000,0,0
1789814347.269810,0,13.457378,26.240853,-3.009305,13.501455,26.254910,13.728000,24.702000,0.025104,5.054209,0.799868,-1.396716,1.612589,1.562468,0.000000,0.250000,0,0
1789814347.369785,0,13.457378,26.240853,-3.009305,13.501455,26.254910,13.728000,24.702000,0.025104,5.054209,0.799868,-1.396716,1.612589,1.562468,0.000000,0.250000,0,0
1789814347.469814,0,13.457378,26.240853,-3.009305,13.501455,26.254910,13.728000,24.702000,0.025104,5.054209,0.799868,-1.396716,1.612589,1.562468,0.000000,0.250000,0,0
1789814347.569900,0,13.457378,26.240853,-3.009305,13.501455,26.254910,13.728000,24.702000,0.025104,5.054209,0.799868,-1.396716,1.612589,1.562468,0.000000,0.250000,0,0
1789814347.669841,0,13.457378,26.240853,-3.009305,13.501455,26.254910,13.728000,24.702000,0.025104,5.054209,0.799868,-1.396716,1.612589,1.562468,0.000000,0.250000,0,0
1789814347.769816,0,13.453312,26.229683,-2.862196,13.501455,26.254910,13.728000,24.702000,0.025104,5.054209,0.799868,-1.392891,1.469305,1.552182,0.000000,0.250000,0,0
1789814347.869826,0,13.453312,26.229683,-2.862196,13.501455,26.254910,13.728000,24.702000,0.025104,5.054209,0.799868,-1.392891,1.469305,1.552182,0.000000,0.250000,0,0
1789814347.970214,0,13.453312,26.229683,-2.862196,13.501455,26.254910,13.728000,24.702000,0.025104,5.054209,0.799868,-1.392891,1.469305,1.552182,0.000000,0.250000,0,0
1789814348.069780,0,13.453312,26.229683,-2.862196,13.501455,26.254910,13.728000,24.702000,0.025104,5.054209,0.799868,-1.392891,1.469305,1.552182,0.000000,0.250000,0,0
1789814348.169864,0,13.443101,26.222851,-2.745805,13.501455,26.254910,13.728000,24.702000,0.025104,5.054209,0.799868,-1.385614,1.360192,1.547306,0.000000,0.250000,0,0
1789814348.269831,0,13.443101,26.222851,-2.745805,13.501455,26.254910,13.728000,24.702000,0.025104,5.054209,0.799868,-1.385614,1.360192,1.547306,0.000000,0.250000,0,0
1789814348.369861,0,13.443101,26.222851,-2.745805,13.501455,26.254910,13.728000,24.702000,0.025104,5.054209,0.799868,-1.385614,1.360192,1.547306,0.000000,0.250000,0,0
1789814348.469840,0,13.443101,26.222851,-2.745805,13.501455,26.254910,13.728000,24.702000,0.025104,5.054209,0.799868,-1.385614,1.360192,1.547306,0.000000,0.250000,0,0
1789814348.569864,0,13.443101,26.222851,-2.745805,13.501455,26.254910,13.728000,24.702000,0.025104,5.054209,0.799868,-1.385614,1.360192,1.547306,0.000000,0.250000,0,0
1789814348.669850,0,13.444168,26.213860,-2.606545,13.501455,26.254910,13.728000,24.702000,0.025104,5.054209,0.799868,-1.385219,1.221325,1.538272,0.000000,0.250000,0,0
1789814348.769880,0,13.444168,26.213860,-2.606545,13.501455,26.254910,13.728000,24.702000,0.025104,5.054209,0.799868,-1.385219,1.221325,1.538272,0.000000,0.250000,0,0
1789814348.869864,0,13.444168,26.213860,-2.606545,13.501455,26.254910,13.728000,24.702000,0.025104,5.054209,0.799868,-1.385219,1.221325,1.538272,0.000000,0.250000,0,0
1789814348.969872,0,13.444168,26.213860,-2.606545,13.501455,26.254910,13.728000,24.702000,0.025104,5.054209,0.799868,-1.385219,1.221325,1.538272,0.000000,0.250000,0,0
1789814349.069913,0,13.439376,26.207955,-2.488199,13.501455,26.254910,13.728000,24.702000,0.025104,5.054209,0.799868,-1.381438,1.106761,1.533363,0.000000,0.250000,0,0
1789814349.169936,0,13.439376,26.207955,-2.488199,13.501455,26.254910,13.728000,24.702000,0.025104,5.054209,0.799868,-1.381438,1.106761,1.533363,0.000000,0.250000,0,0
1789814349.269906,0,13.439376,26.207955,-2.488199,13.501455,26.254910,13.728000,24.702000,0.025104,5.054209,0.799868,-1.381438,1.106761,1.533363,0.000000,0.250000,0,0
1789814349.369883,0,13.439376,26.207955,-2.488199,13.501455,26.254910,13.728000,24.702000,0.025104,5.054209,0.799868,-1.381438,1.106761,1.533363,0.000000,0.250000,0,0
1789814349.469905,0,13.439376,26.207955,-2.488199,13.501455,26.254910,13.728000,24.702000,0.025104,5.054209,0.799868,-1.381438,1.106761,1.533363,0.000000,0.250000,0,0
1789814349.569898,0,13.433019,26.198960,-2.346228,13.501455,26.254910,13.728000,24.702000,0.025104,5.054209,0.799868,-1.376236,0.969992,1.525747,0.000000,0.250000,0,0
1789814349.669881,0,13.433019,26.198960,-2.346228,13.501455,26.254910,13.728000,24.702000,0.025104,5.054209,0.799868,-1.376236,0.969992,1.525747,0.000000,0.250000,0,0
1789814349.769955,0,13.433019,26.198960,-2.346228,13.501455,26.254910,13.728000,24.702000,0.025104,5.054209,0.799868,-1.376236,0.969992,1.525747,0.000000,0.250000,0,0
1789814349.869936,0,13.433019,26.198960,-2.346228,13.501455,26.254910,13.728000,24.702000,0.025104,5.054209,0.799868,-1.376236,0.969992,1.525747,0.000000,0.250000,0,0
1789814349.969943,0,13.425030,26.197626,-2.232933,13.501455,26.254910,13.728000,24.702000,0.025104,5.054209,0.799868,-1.370930,0.862003,1.526003,0.000000,0.250000,0,0
1789814350.070115,0,13.425030,26.197626,-2.232933,13.501455,26.254910,13.728000,24.702000,0.025104,5.054209,0.799868,-1.370930,0.862003,1.526003,0.000000,0.250000,0,0
1789814350.169925,0,13.425030,26.197626,-2.232933,13.501455,26.254910,13.728000,24.702000,0.025104,5.054209,0.799868,-1.370930,0.862003,1.526003,0.000000,0.250000,0,0
1789814350.269975,0,13.425030,26.197626,-2.232933,13.501455,26.254910,13.728000,24.702000,0.025104,5.054209,0.799868,-1.370930,0.862003,1.526003,0.000000,0.250000,0,0
1789814350.369971,0,13.423392,26.193882,-2.128652,13.501455,26.254910,13.728000,24.702000,0.025104,5.054209,0.799868,-1.369388,0.759264,1.522662,0.000000,0.250000,0,0
1789814350.470039,0,13.423392,26.193882,-2.128652,13.501455,26.254910,13.728000,24.702000,0.025104,5.054209,0.799868,-1.369388,0.759264,1.522662,0.000000,0.250000,0,0
1789814350.571620,0,13.423392,26.193882,-2.128652,13.501455,26.254910,13.728000,24.702000,0.025104,5.054209,0.799868,-1.369388,0.759264,1.522662,0.000000,0.250000,0,0
1789814350.669941,0,13.423392,26.193882,-2.128652,13.501455,26.254910,13.728000,24.702000,0.025104,5.054209,0.799868,-1.369388,0.759264,1.522662,0.000000,0.250000,0,0
1789814350.769953,0,13.423392,26.193882,-2.128652,13.501455,26.254910,13.728000,24.702000,0.025104,5.054209,0.799868,-1.369388,0.759264,1.522662,0.000000,0.250000,0,0
1789814350.870044,0,13.427768,26.194132,-2.001334,13.501455,26.254910,13.728000,24.702000,0.025104,5.054209,0.799868,-1.372238,0.629097,1.522037,0.000000,0.250000,0,0
1789814350.970054,0,13.427768,26.194132,-2.001334,13.501455,26.254910,13.728000,24.702000,0.025104,5.054209,0.799868,-1.372238,0.629097,1.522037,0.000000,0.250000,0,0
1789814351.070047,0,13.427768,26.194132,-2.001334,13.501455,26.254910,13.728000,24.702000,0.025104,5.054209,0.799868,-1.372238,0.629097,1.522037,0.000000,0.250000,0,0
1789814351.170117,0,13.427768,26.194132,-2.001334,13.501455,26.254910,13.728000,24.702000,0.025104,5.054209,0.799868,-1.372238,0.629097,1.522037,0.000000,0.250000,0,0
1789814351.270063,0,13.426379,26.193431,-1.898396,13.501455,26.254910,13.728000,24.702000,0.025104,5.054209,0.799868,-1.371252,0.527145,1.521625,0.000000,0.250000,0,0
1789814351.370263,0,13.426379,26.193431,-1.898396,13.501455,26.254910,13.728000,24.702000,0.025104,5.054209,0.799868,-1.371252,0.527145,1.521625,0.000000,0.250000,0,0
1789814351.470154,0,13.426379,26.193431,-1.898396,13.501455,26.254910,13.728000,24.702000,0.025104,5.054209,0.799868,-1.371252,0.527145,1.521625,0.000000,0.250000,0,0
1789814351.570097,0,13.426379,26.193431,-1.898396,13.501455,26.254910,13.728000,24.702000,0.025104,5.054209,0.799868,-1.371252,0.527145,1.521625,0.000000,0.250000,0,0
1789814351.670062,0,13.426379,26.193431,-1.898396,13.501455,26.254910,13.728000,24.702000,0.025104,5.054209,0.799868,-1.371252,0.527145,1.521625,0.000000,0.250000,0,0
1789814351.770062,0,13.420769,26.191906,-1.772253,13.501455,26.254910,13.728000,24.702000,0.025104,5.054209,0.799868,-1.367438,0.404815,1.521253,0.000000,0.202407,0,0
1789814351.870090,0,13.420769,26.191906,-1.772253,13.501455,26.254910,13.728000,24.702000,0.025104,5.054209,0.799868,-1.367438,0.404815,1.521253,0.000000,0.202407,0,0
1789814351.970256,0,13.420769,26.191906,-1.772253,13.501455,26.254910,13.728000,24.702000,0.025104,5.054209,0.799868,-1.367438,0.404815,1.521253,0.000000,0.202407,0,0
1789814352.070079,0,13.420769,26.191906,-1.772253,13.501455,26.254910,13.728000,24.702000,0.025104,5.054209,0.799868,-1.367438,0.404815,1.521253,0.000000,0.202407,0,0
1789814352.170095,0,13.420769,26.191906,-1.772253,13.501455,26.254910,13.728000,24.702000,0.025104,5.054209,0.799868,-1.367438,0.404815,1.521253,0.000000,0.202407,0,0
1789814352.270606,0,13.422068,26.191492,-1.649232,13.501455,26.254910,13.728000,24.702000,0.025104,5.054209,0.799868,-1.368220,0.281012,1.520586,0.000000,0.140506,0,0
1789814352.370129,0,13.422068,26.191492,-1.649232,13.501455,26.254910,13.728000,24.702000,0.025104,5.054209,0.799868,-1.368220,0.281012,1.520586,0.000000,0.140506,0,0
1789814352.470101,0,13.422068,26.191492,-1.649232,13.501455,26.254910,13.728000,24.702000,0.025104,5.054209,0.799868,-1.368220,0.281012,1.520586,0.000000,0.140506,0,0
1789814352.570169,0,13.422068,26.191492,-1.649232,13.501455,26.254910,13.728000,24.702000,0.025104,5.054209,0.799868,-1.368220,0.281012,1.520586,0.000000,0.140506,0,0
1789814352.670108,0,13.422068,26.191492,-1.649232,13.501455,26.254910,13.728000,24.702000,0.025104,5.054209,0.799868,-1.368220,0.281012,1.520586,0.000000,0.140506,0,0
1789814352.770134,0,13.418680,26.189209,-1.534479,13.501455,26.254910,13.728000,24.702000,-0.091392,0.053064,0.798251,-1.311940,0.222539,1.516284,0.307757,0.123731,0,0
1789814352.870038,0,13.418680,26.189209,-1.534479,13.501455,26.254910,13.728000,24.702000,-0.091392,0.053064,0.798251,-1.311940,0.222539,1.516284,0.307757,0.112496,0,0
1789814352.970054,0,13.418680,26.189209,-1.534479,13.501455,26.254910,13.728000,24.702000,-0.091392,0.053064,0.798251,-1.311940,0.222539,1.516284,0.307757,0.105257,0,0
1789814353.070151,0,13.418680,26.189209,-1.534479,13.501455,26.254910,13.728000,24.702000,-0.091392,0.053064,0.798251,-1.311940,0.222539,1.516284,0.307757,0.100864,0,0
1789814353.175307,0,13.418680,26.189209,-1.534479,13.501455,26.254910,13.728000,24.702000,-0.091392,0.053064,0.798251,-1.311940,0.222539,1.516284,0.307757,0.098469,0,0
1789814353.270111,0,13.418680,26.189209,-1.534479,13.501455,26.254910,13.728000,24.702000,-0.091392,0.053064,0.798251,-1.311940,0.222539,1.516284,0.307757,0.097448,0,0
1789814353.370203,0,13.418998,26.185424,-1.429934,13.501455,26.254910,13.728000,24.702000,-0.091624,0.056855,0.798242,-1.311652,0.118282,1.512493,0.420768,0.057754,0,0
1789814353.470193,0,13.418998,26.185424,-1.429934,13.501455,26.254910,13.728000,24.702000,-0.091624,0.056855,0.798242,-1.311652,0.118282,1.512493,0.420768,0.032406,0,0
1789814353.570025,0,13.418998,26.185424,-1.429934,13.501455,26.254910,13.728000,24.702000,-0.091624,0.056855,0.798242,-1.311652,0.118282,1.512493,0.420768,0.017252,0,0
1789814353.670151,0,13.418998,26.185424,-1.429934,13.501455,26.254910,13.728000,24.702000,-0.091624,0.056855,0.798242,-1.311652,0.118282,1.512493,0.420768,0.009229,0,0
1789814353.770130,0,13.418998,26.185424,-1.429934,13.501455,26.254910,13.728000,24.702000,-0.091624,0.056855,0.798242,-1.311652,0.118282,1.512493,0.420768,0.006091,0,0
1789814353.870371,0,13.418998,26.185424,-1.429934,13.501455,26.254910,13.728000,24.702000,-0.091624,0.056855,0.798242,-1.311652,0.118282,1.512493,0.420768,0.006204,0,0
1789814353.970426,0,13.418998,26.185424,-1.429934,13.501455,26.254910,13.728000,24.702000,-0.091624,0.056855,0.798242,-1.311652,0.118282,1.512493,0.420768,0.008395,0,0
1789814354.070223,0,13.418236,26.157247,-1.333752,13.501455,26.254910,13.728000,24.702000,-0.096446,0.084627,0.798053,-1.305666,0.028086,1.484721,0.567645,-0.022500,0,0
1789814354.170165,0,13.418236,26.157247,-1.333752,13.501455,26.254910,13.728000,24.702000,-0.096446,0.084627,0.798053,-1.305666,0.028086,1.484721,0.567645,-0.040811,0,0
1789814354.270185,0,13.418236,26.157247,-1.333752,13.501455,26.254910,13.728000,24.702000,-0.096446,0.084627,0.798053,-1.305666,0.028086,1.484721,0.567645,-0.050336,0,0
1789814354.370131,0,13.418236,26.157247,-1.333752,13.501455,26.254910,13.728000,24.702000,-0.096446,0.084627,0.798053,-1.305666,0.028086,1.484721,0.567645,-0.053857,0,0
1789814354.470238,0,13.418236,26.157247,-1.333752,13.501455,26.254910,13.728000,24.702000,-0.096446,0.084627,0.798053,-1.305666,0.028086,1.484721,0.567645,-0.053394,0,0
1789814354.570134,0,13.418236,26.157247,-1.333752,13.501455,26.254910,13.728000,24.702000,-0.096446,0.084627,0.798053,-1.305666,0.028086,1.484721,0.567645,-0.050400,0,0
1789814354.671481,0,13.418236,26.157247,-1.333752,13.501455,26.254910,13.728000,24.702000,-0.096446,0.084627,0.798053,-1.305666,0.028086,1.484721,0.567645,-0.045907,0,0
1789814354.770208,0,13.456739,26.041729,-1.247811,13.501455,26.254910,13.728000,24.702000,-0.075022,0.204493,0.798820,-1.332293,-0.084482,1.364855,0.521817,-0.083815,0,0
1789814354.870184,0,13.456739,26.041729,-1.247811,13.501455,26.254910,13.728000,24.702000,-0.075022,0.204493,0.798820,-1.332293,-0.084482,1.364855,0.521817,-0.106413,0,0
1789814354.974243,0,13.456739,26.041729,-1.247811,13.501455,26.254910,13.728000,24.702000,-0.075022,0.204493,0.798820,-1.332293,-0.084482,1.364855,0.521817,-0.118309,0,0
1789814355.070200,0,13.456739,26.041729,-1.247811,13.501455,26.254910,13.728000,24.702000,-0.075022,0.204493,0.798820,-1.332293,-0.084482,1.364855,0.521817,-0.122880,0,0
1789814355.170557,0,13.456739,26.041729,-1.247811,13.501455,26.254910,13.728000,24.702000,-0.075022,0.204493,0.798820,-1.332293,-0.084482,1.364855,0.521817,-0.122580,0,0
1789814355.274218,0,13.503444,25.914449,-1.183097,13.501455,26.254910,13.728000,24.702000,-0.047180,0.337183,0.799533,-1.366994,-0.183897,1.232165,0.345585,-0.155973,0,0
1789814355.370567,0,13.503444,25.914449,-1.183097,13.501455,26.254910,13.728000,24.702000,-0.047180,0.337183,0.799533,-1.366994,-0.183897,1.232165,0.345585,-0.174783,0,0
1789814355.470672,0,13.503444,25.914449,-1.183097,13.501455,26.254910,13.728000,24.702000,-0.047180,0.337183,0.799533,-1.366994,-0.183897,1.232165,0.345585,-0.183508,0,0
1789814355.570473,0,13.503444,25.914449,-1.183097,13.501455,26.254910,13.728000,24.702000,-0.047180,0.337183,0.799533,-1.366994,-0.183897,1.232165,0.345585,-0.185430,0,0
1789814355.670254,0,13.553821,25.794653,-1.131187,13.501455,26.254910,13.728000,24.702000,-0.014624,0.462996,0.799955,-1.407656,-0.276469,1.106352,0.300000,-0.218152,0,0
1789814355.770277,0,13.553821,25.794653,-1.131187,13.501455,26.254910,13.728000,24.702000,-0.014624,0.462996,0.799955,-1.407656,-0.276469,1.106352,0.300000,-0.235897,0,0
1789814355.870408,0,13.553821,25.794653,-1.131187,13.501455,26.254910,13.728000,24.702000,-0.014624,0.462996,0.799955,-1.407656,-0.276469,1.106352,0.300000,-0.243348,0,0
1789814355.970185,0,13.553821,25.794653,-1.131187,13.501455,26.254910,13.728000,24.702000,-0.014624,0.462996,0.799955,-1.407656,-0.276469,1.106352,0.300000,-0.243912,0,0
1789814356.070239,0,13.615840,25.653580,-1.084416,13.501455,26.254910,13.728000,24.702000,0.026381,0.611544,0.799854,-1.458905,-0.374489,0.957804,0.300000,-0.277278,0,0
1789814356.170224,0,13.615840,25.653580,-1.084416,13.501455,26.254910,13.728000,24.702000,0.026381,0.611544,0.799854,-1.458905,-0.374489,0.957804,0.300000,-0.295031,0,0
1789814356.270215,0,13.615840,25.653580,-1.084416,13.501455,26.254910,13.728000,24.702000,0.026381,0.611544,0.799854,-1.458905,-0.374489,0.957804,0.300000,-0.302082,0,0
1789814356.370241,0,13.661713,25.538805,-1.092572,13.501455,26.254910,13.728000,24.702000,0.055205,0.731739,0.799361,-1.494886,-0.402314,0.837609,0.300000,-0.312572,0,0
1789814356.470833,0,13.661713,25.538805,-1.092572,13.501455,26.254910,13.728000,24.702000,0.055205,0.731739,0.799361,-1.494886,-0.402314,0.837609,0.300000,-0.314829,0,0
1789814356.570238,0,13.661713,25.538805,-1.092572,13.501455,26.254910,13.728000,24.702000,0.055205,0.731739,0.799361,-1.494886,-0.402314,0.837609,0.300000,-0.311727,0,0
1789814356.670199,0,13.661713,25.538805,-1.092572,13.501455,26.254910,13.728000,24.702000,0.055205,0.731739,0.799361,-1.494886,-0.402314,0.837609,0.300000,-0.305319,0,0
1789814356.770299,0,13.710808,25.410774,-1.219455,13.501455,26.254910,13.728000,24.702000,0.085304,0.865516,0.798476,-1.532364,-0.312909,0.703832,0.300000,-0.263097,0,0
1789814356.870702,0,13.710808,25.410774,-1.219455,13.501455,26.254910,13.728000,24.702000,0.085304,0.865516,0.798476,-1.532364,-0.312909,0.703832,0.300000,-0.231809,0,0
1789814356.970304,0,13.710808,25.410774,-1.219455,13.501455,26.254910,13.728000,24.702000,0.085304,0.865516,0.798476,-1.532364,-0.312909,0.703832,0.300000,-0.208770,0,0
1789814357.070287,0,13.710808,25.410774,-1.219455,13.501455,26.254910,13.728000,24.702000,0.085304,0.865516,0.798476,-1.532364,-0.312909,0.703832,0.300000,-0.191933,0,0
1789814357.170289,0,13.737386,25.290966,-1.380874,13.501455,26.254910,13.728000,24.702000,0.094309,0.987906,0.798138,-1.543550,-0.162676,0.581442,0.350000,-0.122650,0,0
1789814357.270279,0,13.737386,25.290966,-1.380874,13.501455,26.254910,13.728000,24.702000,0.094309,0.987906,0.798138,-1.543550,-0.162676,0.581442,0.350000,-0.076657,0,0
1789814357.370389,0,13.737386,25.290966,-1.380874,13.501455,26.254910,13.728000,24.702000,0.094309,0.987906,0.798138,-1.543550,-0.162676,0.581442,0.350000,-0.047408,0,0
1789814357.470255,0,13.737386,25.290966,-1.380874,13.501455,26.254910,13.728000,24.702000,0.094309,0.987906,0.798138,-1.543550,-0.162676,0.581442,0.350000,-0.030046,0,0
1789814357.570505,1,13.742152,25.158462,-1.522996,13.501455,26.254910,13.728000,24.702000,0.079897,1.119710,0.798662,-1.525641,-0.002645,0.449638,0.300000,0.039801,0,0
1789814357.671088,1,13.742152,25.158462,-1.522996,13.728000,24.702000,19.128000,24.452000,0.456628,-0.006973,0.759259,-0.587721,0.935275,5.412757,0.180000,0.191841,0,0
1789814357.770995,1,13.742152,25.158462,-1.522996,13.728000,24.702000,19.128000,24.452000,0.456628,-0.006973,0.759259,-0.587721,0.935275,5.412757,0.180000,0.313473,0,0
1789814357.870480,1,13.742152,25.158462,-1.522996,13.728000,24.702000,19.128000,24.452000,0.456628,-0.006973,0.759259,-0.587721,0.935275,5.412757,0.180000,0.410778,0,0
1789814357.970613,1,13.729815,25.023171,-1.614349,13.728000,24.702000,19.128000,24.452000,0.320912,-0.013040,0.779134,-0.436971,1.177378,5.418824,0.180000,0.488623,0,0
1789814358.071482,1,13.729815,25.023171,-1.614349,13.728000,24.702000,19.128000,24.452000,0.320912,-0.013040,0.779134,-0.436971,1.177378,5.418824,0.180000,0.550898,0,0
1789814358.170351,1,13.729815,25.023171,-1.614349,13.728000,24.702000,19.128000,24.452000,0.320912,-0.013040,0.779134,-0.436971,1.177378,5.418824,0.180000,0.600718,0,0
1789814358.270424,1,13.729815,25.023171,-1.614349,13.728000,24.702000,19.128000,24.452000,0.320912,-0.013040,0.779134,-0.436971,1.177378,5.418824,0.180000,0.640575,0,0
1789814358.371359,1,13.716397,24.887696,-1.653622,13.728000,24.702000,19.128000,24.452000,0.184960,-0.020178,0.792901,-0.275436,1.378186,5.425962,0.180000,0.672460,0,0
1789814358.470354,1,13.716397,24.887696,-1.653622,13.728000,24.702000,19.128000,24.452000,0.184960,-0.020178,0.792901,-0.275436,1.378186,5.425962,0.180000,0.697968,0,0
1789814358.570364,1,13.716397,24.887696,-1.653622,13.728000,24.702000,19.128000,24.452000,0.184960,-0.020178,0.792901,-0.275436,1.378186,5.425962,0.180000,0.718374,0,0
1789814358.670380,1,13.716397,24.887696,-1.653622,13.728000,24.702000,19.128000,24.452000,0.184960,-0.020178,0.792901,-0.275436,1.378186,5.425962,0.180000,0.734699,0,0
1789814358.772032,1,13.720031,24.779900,-1.595011,13.728000,24.702000,19.128000,24.452000,0.077448,-0.011563,0.798743,-0.142923,1.452088,5.417347,0.180000,0.747760,0,0
1789814358.870695,1,13.720031,24.779900,-1.595011,13.728000,24.702000,19.128000,24.452000,0.077448,-0.011563,0.798743,-0.142923,1.452088,5.417347,0.180000,0.758208,0,0
1789814358.970343,1,13.720031,24.779900,-1.595011,13.728000,24.702000,19.128000,24.452000,0.077448,-0.011563,0.798743,-0.142923,1.452088,5.417347,0.180000,0.766566,0,0
1789814359.070392,1,13.734722,24.716055,-1.417968,13.728000,24.702000,19.128000,24.452000,0.014351,0.006065,0.799957,-0.064201,1.353767,5.399719,0.180000,0.762808,0,0
1789814359.170382,1,13.734722,24.716055,-1.417968,13.728000,24.702000,19.128000,24.452000,0.014351,0.006065,0.799957,-0.064201,1.353767,5.399719,0.180000,0.756966,0,0
1789814359.270436,1,13.750506,24.681979,-1.265772,13.728000,24.702000,19.128000,24.452000,-0.018959,0.023408,0.799925,-0.022567,1.243205,5.382376,0.180000,0.708025,0,0
1789814359.370662,1,13.750506,24.681979,-1.265772,13.728000,24.702000,19.128000,24.452000,-0.018959,0.023408,0.799925,-0.022567,1.243205,5.382376,0.180000,0.673247,0,0
1789814359.470381,1,13.773760,24.649778,-1.089131,13.728000,24.702000,19.128000,24.452000,-0.050050,0.048126,0.799474,0.016258,1.105389,5.357658,0.180000,0.596438,0,0
1789814359.570491,1,13.793866,24.615200,-0.906388,13.728000,24.702000,19.128000,24.452000,-0.083661,0.069810,0.798534,0.058125,0.964512,5.335974,0.180000,0.492046,0,0
1789814359.670430,1,13.793866,24.615200,-0.906388,13.728000,24.702000,19.128000,24.452000,-0.083661,0.069810,0.798534,0.058125,0.964512,5.335974,0.180000,0.424844,0,0
1789814359.770435,1,13.793866,24.615200,-0.906388,13.728000,24.702000,19.128000,24.452000,-0.083661,0.069810,0.798534,0.058125,0.964512,5.335974,0.180000,0.384130,0,0
1789814359.870421,1,13.827655,24.585829,-0.727462,13.728000,24.702000,19.128000,24.452000,-0.111438,0.104921,0.797403,0.092589,0.820050,5.300863,0.180000,0.307097,0,0
1789814359.970755,1,13.827655,24.585829,-0.727462,13.728000,24.702000,19.128000,24.452000,-0.111438,0.104921,0.797403,0.092589,0.820050,5.300863,0.180000,0.261913,0,0
1789814360.070392,1,13.865698,24.564844,-0.564614,13.728000,24.702000,19.128000,24.452000,-0.130641,0.143894,0.796437,0.116321,0.680934,5.261890,0.300000,0.185934,0,0
1789814360.171017,1,13.893774,24.550651,-0.424538,13.728000,24.702000,19.128000,24.452000,-0.143521,0.172596,0.795705,0.132187,0.556725,5.233188,0.300000,0.096505,0,0
1789814360.272911,1,13.893774,24.550651,-0.424538,13.728000,24.702000,19.128000,24.452000,-0.143521,0.172596,0.795705,0.132187,0.556725,5.233188,0.300000,0.046545,0,0
1789814360.370441,1,13.893774,24.550651,-0.424538,13.728000,24.702000,19.128000,24.452000,-0.143521,0.172596,0.795705,0.132187,0.556725,5.233188,0.300000,0.023843,0,0
1789814360.470409,1,13.925161,24.541599,-0.314921,13.728000,24.702000,19.128000,24.452000,-0.151112,0.204368,0.795243,0.141517,0.456438,5.201416,0.300000,-0.018621,0,0
1789814360.570473,1,13.925161,24.541599,-0.314921,13.728000,24.702000,19.128000,24.452000,-0.151112,0.204368,0.795243,0.141517,0.456438,5.201416,0.300000,-0.035924,0,0
1789814360.670753,1,13.925161,24.541599,-0.314921,13.728000,24.702000,19.128000,24.452000,-0.151112,0.204368,0.795243,0.141517,0.456438,5.201416,0.300000,-0.036432,0,0
1789814360.770428,1,13.978640,24.526905,-0.206778,13.728000,24.702000,19.128000,24.452000,-0.163317,0.258470,0.794451,0.156484,0.363262,5.147314,0.300000,-0.061660,0,0
1789814360.870506,1,13.978640,24.526905,-0.206778,13.728000,24.702000,19.128000,24.452000,-0.163317,0.258470,0.794451,0.156484,0.363262,5.147314,0.300000,-0.068075,0,0
1789814360.970485,1,13.978640,24.526905,-0.206778,13.728000,24.702000,19.128000,24.452000,-0.163317,0.258470,0.794451,0.156484,0.363262,5.147314,0.300000,-0.062192,0,0
1789814361.070556,1,13.978640,24.526905,-0.206778,13.728000,24.702000,19.128000,24.452000,-0.163317,0.258470,0.794451,0.156484,0.363262,5.147314,0.300000,-0.048674,0,0
1789814361.170474,1,14.049249,24.514200,-0.096080,13.728000,24.702000,19.128000,24.452000,-0.172742,0.329590,0.793799,0.168010,0.264091,5.076194,0.300000,-0.068520,0,0
1789814361.270507,1,14.049249,24.514200,-0.096080,13.728000,24.702000,19.128000,24.452000,-0.172742,0.329590,0.793799,0.168010,0.264091,5.076194,0.300000,-0.073200,0,0
1789814361.370577,1,14.049249,24.514200,-0.096080,13.728000,24.702000,19.128000,24.452000,-0.172742,0.329590,0.793799,0.168010,0.264091,5.076194,0.300000,-0.067984,0,0
1789814361.470491,1,14.049249,24.514200,-0.096080,13.728000,24.702000,19.128000,24.452000,-0.172742,0.329590,0.793799,0.168010,0.264091,5.076194,0.300000,-0.056646,0,0
1789814361.571011,1,14.049249,24.514200,-0.096080,13.728000,24.702000,19.128000,24.452000,-0.172742,0.329590,0.793799,0.168010,0.264091,5.076194,0.300000,-0.041841,0,0
1789814361.671294,1,14.171174,24.504046,-0.021027,13.728000,24.702000,19.128000,24.452000,-0.177247,0.451855,0.793475,0.173510,0.194537,4.953929,0.334728,-0.051802,0,0
1789814361.770507,1,14.171174,24.504046,-0.021027,13.728000,24.702000,19.128000,24.452000,-0.177247,0.451855,0.793475,0.173510,0.194537,4.953929,0.334728,-0.052214,0,0
1789814361.870500,1,14.171174,24.504046,-0.021027,13.728000,24.702000,19.128000,24.452000,-0.177247,0.451855,0.793475,0.173510,0.194537,4.953929,0.334728,-0.046499,0,0
1789814361.970552,1,14.171174,24.504046,-0.021027,13.728000,24.702000,19.128000,24.452000,-0.177247,0.451855,0.793475,0.173510,0.194537,4.953929,0.334728,-0.037090,0,0
1789814362.070521,1,14.292598,24.500552,-0.009438,13.728000,24.702000,19.128000,24.452000,-0.175121,0.573310,0.793628,0.170916,0.180354,4.832474,0.349278,-0.031084,0,0
1789814362.170510,1,14.292598,24.500552,-0.009438,13.728000,24.702000,19.128000,24.452000,-0.175121,0.573310,0.793628,0.170916,0.180354,4.832474,0.349278,-0.022390,0,0
1789814362.270510,1,14.292598,24.500552,-0.009438,13.728000,24.702000,19.128000,24.452000,-0.175121,0.573310,0.793628,0.170916,0.180354,4.832474,0.349278,-0.012323,0,0
1789814362.370893,1,14.292598,24.500552,-0.009438,13.728000,24.702000,19.128000,24.452000,-0.175121,0.573310,0.793628,0.170916,0.180354,4.832474,0.349278,-0.001780,0,0
1789814362.470545,1,14.409651,24.493357,-0.057892,13.728000,24.702000,19.128000,24.452000,-0.176895,0.690571,0.793500,0.173080,0.230973,4.715213,0.300069,0.027929,0,0
1789814362.570562,1,14.409651,24.493357,-0.057892,13.728000,24.702000,19.128000,24.452000,-0.176895,0.690571,0.793500,0.173080,0.230973,4.715213,0.300069,0.050445,0,0
1789814362.670591,1,14.409651,24.493357,-0.057892,13.728000,24.702000,19.128000,24.452000,-0.176895,0.690571,0.793500,0.173080,0.230973,4.715213,0.300069,0.067457,0,0
1789814362.770746,1,14.409651,24.493357,-0.057892,13.728000,24.702000,19.128000,24.452000,-0.176895,0.690571,0.793500,0.173080,0.230973,4.715213,0.300069,0.080266,0,0
1789814362.870541,1,14.548006,24.471877,-0.105225,13.728000,24.702000,19.128000,24.452000,-0.191954,0.829771,0.792361,0.191413,0.296638,4.576013,0.300000,0.114849,0,0
1789814362.970580,1,14.548006,24.471877,-0.105225,13.728000,24.702000,19.128000,24.452000,-0.191954,0.829771,0.792361,0.191413,0.296638,4.576013,0.300000,0.138321,0,0
1789814363.070577,1,14.548006,24.471877,-0.105225,13.728000,24.702000,19.128000,24.452000,-0.191954,0.829771,0.792361,0.191413,0.296638,4.576013,0.300000,0.153743,0,0
1789814363.170561,1,14.644357,24.455611,-0.122773,13.728000,24.702000,19.128000,24.452000,-0.203747,0.926771,0.791408,0.205713,0.328486,4.479013,0.300000,0.175499,0,0
1789814363.271376,1,14.644357,24.455611,-0.122773,13.728000,24.702000,19.128000,24.452000,-0.203747,0.926771,0.791408,0.205713,0.328486,4.479013,0.300000,0.188973,0,0
1789814363.370593,1,14.644357,24.455611,-0.122773,13.728000,24.702000,19.128000,24.452000,-0.203747,0.926771,0.791408,0.205713,0.328486,4.479013,0.300000,0.196607,0,0
1789814363.470609,1,14.644357,24.455611,-0.122773,13.728000,24.702000,19.128000,24.452000,-0.203747,0.926771,0.791408,0.205713,0.328486,4.479013,0.300000,0.200198,0,0
1789814363.570699,1,14.644357,24.455611,-0.122773,13.728000,24.702000,19.128000,24.452000,-0.203747,0.926771,0.791408,0.205713,0.328486,4.479013,0.300000,0.201058,0,0
1789814363.670594,1,14.767134,24.444140,-0.105961,13.728000,24.702000,19.128000,24.452000,-0.209527,1.049947,0.790921,0.212704,0.318665,4.355837,0.300000,0.196401,0,0
1789814363.770659,1,14.767134,24.444140,-0.105961,13.728000,24.702000,19.128000,24.452000,-0.209527,1.049947,0.790921,0.212704,0.318665,4.355837,0.300000,0.191937,0,0
1789814363.870613,1,14.767134,24.444140,-0.105961,13.728000,24.702000,19.128000,24.452000,-0.209527,1.049947,0.790921,0.212704,0.318665,4.355837,0.300000,0.187776,0,0
1789814363.970619,1,14.767134,24.444140,-0.105961,13.728000,24.702000,19.128000,24.452000,-0.209527,1.049947,0.790921,0.212704,0.318665,4.355837,0.300000,0.183976,0,0
1789814364.070725,1,14.877677,24.440920,-0.062159,13.728000,24.702000,19.128000,24.452000,-0.207632,1.160521,0.791082,0.210413,0.272572,4.245263,0.300000,0.163052,0,0
1789814364.170758,1,14.877677,24.440920,-0.062159,13.728000,24.702000,19.128000,24.452000,-0.207632,1.160521,0.791082,0.210413,0.272572,4.245263,0.300000,0.148590,0,0
1789814364.270661,1,14.877677,24.440920,-0.062159,13.728000,24.702000,19.128000,24.452000,-0.207632,1.160521,0.791082,0.210413,0.272572,4.245263,0.300000,0.138842,0,0
1789814364.370645,1,14.877677,24.440920,-0.062159,13.728000,24.702000,19.128000,24.452000,-0.207632,1.160521,0.791082,0.210413,0.272572,4.245263,0.300000,0.132502,0,0
1789814364.470682,1,14.999196,24.447113,0.026664,13.728000,24.702000,19.128000,24.452000,-0.195825,1.281624,0.792054,0.196114,0.169449,4.124160,0.360893,0.089416,0,0
1789814364.570608,1,14.999196,24.447113,0.026664,13.728000,24.702000,19.128000,24.452000,-0.195825,1.281624,0.792054,0.196114,0.169449,4.124160,0.360893,0.061653,0,0
1789814364.670884,1,14.999196,24.447113,0.026664,13.728000,24.702000,19.128000,24.452000,-0.195825,1.281624,0.792054,0.196114,0.169449,4.124160,0.360893,0.044807,0,0
1789814364.770697,1,14.999196,24.447113,0.026664,13.728000,24.702000,19.128000,24.452000,-0.195825,1.281624,0.792054,0.196114,0.169449,4.124160,0.360893,0.035623,0,0
1789814364.870684,1,15.118299,24.462884,0.114388,13.728000,24.702000,19.128000,24.452000,-0.174563,1.399869,0.793669,0.170234,0.055846,4.005915,0.444625,-0.011462,0,0
1789814364.970741,1,15.118299,24.462884,0.114388,13.728000,24.702000,19.128000,24.452000,-0.174563,1.399869,0.793669,0.170234,0.055846,4.005915,0.444625,-0.040022,0,0
1789814365.070682,1,15.118299,24.462884,0.114388,13.728000,24.702000,19.128000,24.452000,-0.174563,1.399869,0.793669,0.170234,0.055846,4.005915,0.444625,-0.055582,0,0
1789814365.170680,1,15.118299,24.462884,0.114388,13.728000,24.702000,19.128000,24.452000,-0.174563,1.399869,0.793669,0.170234,0.055846,4.005915,0.444625,-0.062200,0,0
1789814365.271633,1,15.239730,24.481917,0.189935,13.728000,24.702000,19.128000,24.452000,-0.149935,1.520290,0.795316,0.140073,-0.049863,3.885493,0.431260,-0.102722,0,0
1789814365.370712,1,15.239730,24.481917,0.189935,13.728000,24.702000,19.128000,24.452000,-0.149935,1.520290,0.795316,0.140073,-0.049863,3.885493,0.431260,-0.125545,0,0
1789814365.470730,1,15.239730,24.481917,0.189935,13.728000,24.702000,19.128000,24.452000,-0.149935,1.520290,0.795316,0.140073,-0.049863,3.885493,0.431260,-0.136127,0,0
1789814365.570564,1,15.378655,24.511462,0.245967,13.728000,24.702000,19.128000,24.452000,-0.113997,1.657701,0.797283,0.095755,-0.150212,3.748083,0.382334,-0.176624,0,0
1789814365.670728,1,15.378655,24.511462,0.245967,13.728000,24.702000,19.128000,24.452000,-0.113997,1.657701,0.797283,0.095755,-0.150212,3.748083,0.382334,-0.198481,0,0
1789814365.770731,1,15.378655,24.511462,0.245967,13.728000,24.702000,19.128000,24.452000,-0.113997,1.657701,0.797283,0.095755,-0.150212,3.748083,0.382334,-0.207535,0,0
1789814365.870731,1,15.488287,24.539185,0.273738,13.728000,24.702000,19.128000,24.452000,-0.081233,1.765933,0.798617,0.055106,-0.218632,3.639851,0.311386,-0.234031,0,0
1789814365.970724,1,15.488287,24.539185,0.273738,13.728000,24.702000,19.128000,24.452000,-0.081233,1.765933,0.798617,0.055106,-0.218632,3.639851,0.311386,-0.245999,0,0
1789814366.075904,1,15.488287,24.539185,0.273738,13.728000,24.702000,19.128000,24.452000,-0.081233,1.765933,0.798617,0.055106,-0.218632,3.639851,0.311386,-0.248192,0,0
1789814366.170768,1,15.613989,24.564597,0.254551,13.728000,24.702000,19.128000,24.452000,-0.050035,1.890325,0.799475,0.016241,-0.238311,3.515459,0.300000,-0.251815,0,0
1789814366.270826,1,15.613989,24.564597,0.254551,13.728000,24.702000,19.128000,24.452000,-0.050035,1.890325,0.799475,0.016241,-0.238311,3.515459,0.300000,-0.248828,0,0
1789814366.370779,1,15.613989,24.564597,0.254551,13.728000,24.702000,19.128000,24.452000,-0.050035,1.890325,0.799475,0.016241,-0.238311,3.515459,0.300000,-0.241729,0,0
1789814366.470721,1,15.733055,24.582962,0.175202,13.728000,24.702000,19.128000,24.452000,-0.026183,2.008415,0.799856,-0.013540,-0.188742,3.397369,0.340598,-0.213441,0,0
1789814366.570770,1,15.733055,24.582962,0.175202,13.728000,24.702000,19.128000,24.452000,-0.026183,2.008415,0.799856,-0.013540,-0.188742,3.397369,0.340598,-0.190574,0,0
1789814366.670813,1,15.733055,24.582962,0.175202,13.728000,24.702000,19.128000,24.452000,-0.026183,2.008415,0.799856,-0.013540,-0.188742,3.397369,0.340598,-0.172091,0,0
1789814366.770736,1,15.841297,24.593041,0.085854,13.728000,24.702000,19.128000,24.452000,-0.011109,2.116075,0.799974,-0.032378,-0.118231,3.289709,0.420833,-0.130348,0,0
1789814366.870794,1,15.841297,24.593041,0.085854,13.728000,24.702000,19.128000,24.452000,-0.011109,2.116075,0.799974,-0.032378,-0.118231,3.289709,0.420833,-0.100784,0,0
1789814366.970814,1,15.841297,24.593041,0.085854,13.728000,24.702000,19.128000,24.452000,-0.011109,2.116075,0.799974,-0.032378,-0.118231,3.289709,0.420833,-0.080196,0,0
1789814367.070790,1,15.841297,24.593041,0.085854,13.728000,24.702000,19.128000,24.452000,-0.011109,2.116075,0.799974,-0.032378,-0.118231,3.289709,0.420833,-0.066176,0,0
1789814367.170801,1,15.841297,24.593041,0.085854,13.728000,24.702000,19.128000,24.452000,-0.011109,2.116075,0.799974,-0.032378,-0.118231,3.289709,0.420833,-0.056921,0,0
1789814367.270820,1,15.972586,24.596535,-0.036867,13.728000,24.702000,19.128000,24.452000,-0.001548,2.247062,0.799999,-0.044329,-0.007462,3.158722,0.350594,-0.009000,0,0
1789814367.370811,1,15.972586,24.596535,-0.036867,13.728000,24.702000,19.128000,24.452000,-0.001548,2.247062,0.799999,-0.044329,-0.007462,3.158722,0.350594,0.021881,0,0
1789814367.470803,1,16.077091,24.594816,-0.100181,13.728000,24.702000,19.128000,24.452000,0.001568,2.351535,0.799999,-0.048224,0.051957,3.054249,0.338998,0.063201,0,0
1789814367.570816,1,16.077091,24.594816,-0.100181,13.728000,24.702000,19.128000,24.452000,0.001568,2.351535,0.799999,-0.048224,0.051957,3.054249,0.338998,0.088157,0,0
1789814367.670817,1,16.077091,24.594816,-0.100181,13.728000,24.702000,19.128000,24.452000,0.001568,2.351535,0.799999,-0.048224,0.051957,3.054249,0.338998,0.101642,0,0
1789814367.770841,1,16.180692,24.578659,-0.156839,13.728000,24.702000,19.128000,24.452000,-0.009780,2.455772,0.799980,-0.034039,0.122800,2.950012,0.415104,0.134164,0,0
1789814367.870836,1,16.180692,24.578659,-0.156839,13.728000,24.702000,19.128000,24.452000,-0.009780,2.455772,0.799980,-0.034039,0.122800,2.950012,0.415104,0.152068,0,0
1789814367.970847,1,16.180692,24.578659,-0.156839,13.728000,24.702000,19.128000,24.452000,-0.009780,2.455772,0.799980,-0.034039,0.122800,2.950012,0.415104,0.159900,0,0
1789814368.072324,1,16.180692,24.578659,-0.156839,13.728000,24.702000,19.128000,24.452000,-0.009780,2.455772,0.799980,-0.034039,0.122800,2.950012,0.415104,0.160973,0,0
1789814368.170832,1,16.292137,24.563262,-0.183050,13.728000,24.702000,19.128000,24.452000,-0.020006,2.567810,0.799916,-0.021258,0.161792,2.837974,0.369279,0.172660,0,0
1789814368.270864,1,16.292137,24.563262,-0.183050,13.728000,24.702000,19.128000,24.452000,-0.020006,2.567810,0.799916,-0.021258,0.161792,2.837974,0.369279,0.176469,0,0
1789814368.370874,1,16.405765,24.548220,-0.175183,13.728000,24.702000,19.128000,24.452000,-0.029778,2.682012,0.799814,-0.009050,0.166133,2.723772,0.364501,0.176734,0,0
1789814368.470854,1,16.405765,24.548220,-0.175183,13.728000,24.702000,19.128000,24.452000,-0.029778,2.682012,0.799814,-0.009050,0.166133,2.723772,0.364501,0.173157,0,0
1789814368.575358,1,16.405765,24.548220,-0.175183,13.728000,24.702000,19.128000,24.452000,-0.029778,2.682012,0.799814,-0.009050,0.166133,2.723772,0.364501,0.167264,0,0
1789814368.670944,1,16.510893,24.533646,-0.131282,13.728000,24.702000,19.128000,24.452000,-0.039474,2.787701,0.799673,0.003059,0.134341,2.618083,0.400978,0.147633,0,0
1789814368.770876,1,16.510893,24.533646,-0.131282,13.728000,24.702000,19.128000,24.452000,-0.039474,2.787701,0.799673,0.003059,0.134341,2.618083,0.400978,0.131850,0,0
1789814368.870882,1,16.510893,24.533646,-0.131282,13.728000,24.702000,19.128000,24.452000,-0.039474,2.787701,0.799673,0.003059,0.134341,2.618083,0.400978,0.119162,0,0
1789814368.970874,1,16.615026,24.525891,-0.075612,13.728000,24.702000,19.128000,24.452000,-0.042405,2.892082,0.799623,0.006719,0.082331,2.513702,0.300000,0.089199,0,0
1789814369.071097,1,16.615026,24.525891,-0.075612,13.728000,24.702000,19.128000,24.452000,-0.042405,2.892082,0.799623,0.006719,0.082331,2.513702,0.300000,0.068101,0,0
1789814369.170985,1,16.615026,24.525891,-0.075612,13.728000,24.702000,19.128000,24.452000,-0.042405,2.892082,0.799623,0.006719,0.082331,2.513702,0.300000,0.053521,0,0
1789814369.270890,1,16.720169,24.525389,-0.000419,13.728000,24.702000,19.128000,24.452000,-0.038044,2.997135,0.799696,0.001273,0.001693,2.408649,0.300000,0.013036,0,0
1789814369.370883,1,16.720169,24.525389,-0.000419,13.728000,24.702000,19.128000,24.452000,-0.038044,2.997135,0.799696,0.001273,0.001693,2.408649,0.300000,-0.013361,0,0
1789814369.470920,1,16.720169,24.525389,-0.000419,13.728000,24.702000,19.128000,24.452000,-0.038044,2.997135,0.799696,0.001273,0.001693,2.408649,0.300000,-0.029688,0,0
1789814369.570994,1,16.840887,24.530542,0.036045,13.728000,24.702000,19.128000,24.452000,-0.027313,3.117486,0.799843,-0.012128,-0.048173,2.288298,0.300000,-0.057861,0,0
1789814369.670915,1,16.840887,24.530542,0.036045,13.728000,24.702000,19.128000,24.452000,-0.027313,3.117486,0.799843,-0.012128,-0.048173,2.288298,0.300000,-0.074541,0,0
1789814369.771167,1,16.840887,24.530542,0.036045,13.728000,24.702000,19.128000,24.452000,-0.027313,3.117486,0.799843,-0.012128,-0.048173,2.288298,0.300000,-0.083198,0,0
1789814369.871063,1,16.954450,24.540410,0.048135,13.728000,24.702000,19.128000,24.452000,-0.012204,3.230471,0.799969,-0.031008,-0.079144,2.175313,0.300000,-0.098152,0,0
1789814369.971048,1,16.954450,24.540410,0.048135,13.728000,24.702000,19.128000,24.452000,-0.012204,3.230471,0.799969,-0.031008,-0.079144,2.175313,0.300000,-0.105380,0,0
1789814370.071432,1,16.954450,24.540410,0.048135,13.728000,24.702000,19.128000,24.452000,-0.012204,3.230471,0.799969,-0.031008,-0.079144,2.175313,0.300000,-0.107373,0,0
1789814370.170971,1,16.954450,24.540410,0.048135,13.728000,24.702000,19.128000,24.452000,-0.012204,3.230471,0.799969,-0.031008,-0.079144,2.175313,0.300000,-0.105937,0,0
1789814370.270948,1,17.073424,24.550532,0.040426,13.728000,24.702000,19.128000,24.452000,0.003409,3.348849,0.799998,-0.050524,-0.090951,2.056935,0.300000,-0.106851,0,0
1789814370.372106,1,17.073424,24.550532,0.040426,13.728000,24.702000,19.128000,24.452000,0.003409,3.348849,0.799998,-0.050524,-0.090951,2.056935,0.300000,-0.104980,0,0
1789814370.470978,1,17.073424,24.550532,0.040426,13.728000,24.702000,19.128000,24.452000,0.003409,3.348849,0.799998,-0.050524,-0.090951,2.056935,0.300000,-0.101403,0,0
1789814370.570976,1,17.073424,24.550532,0.040426,13.728000,24.702000,19.128000,24.452000,0.003409,3.348849,0.799998,-0.050524,-0.090951,2.056935,0.300000,-0.096877,0,0
1789814370.671019,1,17.186346,24.554518,0.002053,13.728000,24.702000,19.128000,24.452000,0.012614,3.461466,0.799967,-0.062030,-0.064082,1.944318,0.300000,-0.081716,0,0
1789814370.770984,1,17.186346,24.554518,0.002053,13.728000,24.702000,19.128000,24.452000,0.012614,3.461466,0.799967,-0.062030,-0.064082,1.944318,0.300000,-0.070026,0,0
1789814370.870960,1,17.186346,24.554518,0.002053,13.728000,24.702000,19.128000,24.452000,0.012614,3.461466,0.799967,-0.062030,-0.064082,1.944318,0.300000,-0.061025,0,0
1789814370.970995,1,17.186346,24.554518,0.002053,13.728000,24.702000,19.128000,24.452000,0.012614,3.461466,0.799967,-0.062030,-0.064082,1.944318,0.300000,-0.054105,0,0
1789814371.071001,1,17.308863,24.551361,-0.048548,13.728000,24.702000,19.128000,24.452000,0.015125,3.583999,0.799952,-0.065169,-0.016620,1.821785,0.300000,-0.030760,0,0
1789814371.170991,1,17.308863,24.551361,-0.048548,13.728000,24.702000,19.128000,24.452000,0.015125,3.583999,0.799952,-0.065169,-0.016620,1.821785,0.300000,-0.014921,0,0
1789814371.271011,1,17.308863,24.551361,-0.048548,13.728000,24.702000,19.128000,24.452000,0.015125,3.583999,0.799952,-0.065169,-0.016620,1.821785,0.300000,-0.004519,0,0
1789814371.371324,1,17.308863,24.551361,-0.048548,13.728000,24.702000,19.128000,24.452000,0.015125,3.583999,0.799952,-0.065169,-0.016620,1.821785,0.300000,0.001986,0,0
1789814371.471143,1,17.433372,24.544077,-0.095644,13.728000,24.702000,19.128000,24.452000,0.013608,3.708711,0.799961,-0.063272,0.032372,1.697073,0.300000,0.024378,0,0
1789814371.571058,1,17.433372,24.544077,-0.095644,13.728000,24.702000,19.128000,24.452000,0.013608,3.708711,0.799961,-0.063272,0.032372,1.697073,0.300000,0.038381,0,0
1789814371.671020,1,17.433372,24.544077,-0.095644,13.728000,24.702000,19.128000,24.452000,0.013608,3.708711,0.799961,-0.063272,0.032372,1.697073,0.300000,0.046456,0,0
1789814371.771082,1,17.433372,24.544077,-0.095644,13.728000,24.702000,19.128000,24.452000,0.013608,3.708711,0.799961,-0.063272,0.032372,1.697073,0.300000,0.050412,0,0
1789814371.871050,1,17.549573,24.537291,-0.109397,13.728000,24.702000,19.128000,24.452000,0.012203,3.825102,0.799969,-0.061516,0.047881,1.580682,0.300000,0.057469,0,0
1789814371.973968,1,17.549573,24.537291,-0.109397,13.728000,24.702000,19.128000,24.452000,0.012203,3.825102,0.799969,-0.061516,0.047881,1.580682,0.300000,0.060644,0,0
1789814372.071083,1,17.549573,24.537291,-0.109397,13.728000,24.702000,19.128000,24.452000,0.012203,3.825102,0.799969,-0.061516,0.047881,1.580682,0.300000,0.061208,0,0
1789814372.171058,1,17.549573,24.537291,-0.109397,13.728000,24.702000,19.128000,24.452000,0.012203,3.825102,0.799969,-0.061516,0.047881,1.580682,0.300000,0.060078,0,0
1789814372.271243,1,17.549573,24.537291,-0.109397,13.728000,24.702000,19.128000,24.452000,0.012203,3.825102,0.799969,-0.061516,0.047881,1.580682,0.300000,0.057910,0,0
1789814372.371158,1,17.668606,24.530929,-0.092337,13.728000,24.702000,19.128000,24.452000,0.011352,3.944301,0.799973,-0.060453,0.031885,1.461483,0.300000,0.049083,0,0
1789814372.471097,1,17.668606,24.530929,-0.092337,13.728000,24.702000,19.128000,24.452000,0.011352,3.944301,0.799973,-0.060453,0.031885,1.461483,0.300000,0.042108,0,0
1789814372.571056,1,17.668606,24.530929,-0.092337,13.728000,24.702000,19.128000,24.452000,0.011352,3.944301,0.799973,-0.060453,0.031885,1.461483,0.300000,0.036597,0,0
1789814372.671080,1,17.792473,24.529927,-0.051772,13.728000,24.702000,19.128000,24.452000,0.016080,4.068082,0.799946,-0.066362,-0.014590,1.337702,0.300000,0.014586,0,0
1789814372.771158,1,17.792473,24.529927,-0.051772,13.728000,24.702000,19.128000,24.452000,0.016080,4.068082,0.799946,-0.066362,-0.014590,1.337702,0.300000,-0.000376,0,0
1789814372.871098,1,17.792473,24.529927,-0.051772,13.728000,24.702000,19.128000,24.452000,0.016080,4.068082,0.799946,-0.066362,-0.014590,1.337702,0.300000,-0.010228,0,0
1789814372.971092,1,17.792473,24.529927,-0.051772,13.728000,24.702000,19.128000,24.452000,0.016080,4.068082,0.799946,-0.066362,-0.014590,1.337702,0.300000,-0.016417,0,0
1789814373.073577,1,17.792473,24.529927,-0.051772,13.728000,24.702000,19.128000,24.452000,0.016080,4.068082,0.799946,-0.066362,-0.014590,1.337702,0.300000,-0.020012,0,0
1789814373.171094,1,17.915786,24.528665,-0.022621,13.728000,24.702000,19.128000,24.452000,0.020522,4.191321,0.799912,-0.071913,-0.049292,1.214463,0.300000,-0.035240,0,0
1789814373.271109,1,17.915786,24.528665,-0.022621,13.728000,24.702000,19.128000,24.452000,0.020522,4.191321,0.799912,-0.071913,-0.049292,1.214463,0.300000,-0.044562,0,0
1789814373.371133,1,17.915786,24.528665,-0.022621,13.728000,24.702000,19.128000,24.452000,0.020522,4.191321,0.799912,-0.071913,-0.049292,1.214463,0.300000,-0.049731,0,0
1789814373.471196,1,18.038245,24.529987,-0.010595,13.728000,24.702000,19.128000,24.452000,0.027506,4.313589,0.799841,-0.080639,-0.070044,1.092195,0.300000,-0.059921,0,0
1789814373.571123,1,18.038245,24.529987,-0.010595,13.728000,24.702000,19.128000,24.452000,0.027506,4.313589,0.799841,-0.080639,-0.070044,1.092195,0.300000,-0.065446,0,0
1789814373.671777,1,18.038245,24.529987,-0.010595,13.728000,24.702000,19.128000,24.452000,0.027506,4.313589,0.799841,-0.080639,-0.070044,1.092195,0.300000,-0.067765,0,0
1789814373.771139,1,18.038245,24.529987,-0.010595,13.728000,24.702000,19.128000,24.452000,0.027506,4.313589,0.799841,-0.080639,-0.070044,1.092195,0.300000,-0.067940,0,0
1789814373.871142,1,18.166615,24.526439,-0.025082,13.728000,24.702000,19.128000,24.452000,0.029898,4.441985,0.799812,-0.083627,-0.058546,0.963799,0.300000,-0.062365,0,0
1789814373.971218,1,18.166615,24.526439,-0.025082,13.728000,24.702000,19.128000,24.452000,0.029898,4.441985,0.799812,-0.083627,-0.058546,0.963799,0.300000,-0.057474,0,0
1789814374.071141,1,18.166615,24.526439,-0.025082,13.728000,24.702000,19.128000,24.452000,0.029898,4.441985,0.799812,-0.083627,-0.058546,0.963799,0.300000,-0.053216,0,0
1789814374.171189,1,18.166615,24.526439,-0.025082,13.728000,24.702000,19.128000,24.452000,0.029898,4.441985,0.799812,-0.083627,-0.058546,0.963799,0.300000,-0.049532,0,0
1789814374.271197,1,18.280237,24.524534,-0.048902,13.728000,24.702000,19.128000,24.452000,0.033250,4.555574,0.799768,-0.087814,-0.038912,0.850210,0.300000,-0.038903,0,0
1789814374.371209,1,18.280237,24.524534,-0.048902,13.728000,24.702000,19.128000,24.452000,0.033250,4.555574,0.799768,-0.087814,-0.038912,0.850210,0.300000,-0.031323,0,0
1789814374.471195,1,18.280237,24.524534,-0.048902,13.728000,24.702000,19.128000,24.452000,0.033250,4.555574,0.799768,-0.087814,-0.038912,0.850210,0.300000,-0.025997,0,0
1789814374.571182,1,18.280237,24.524534,-0.048902,13.728000,24.702000,19.128000,24.452000,0.033250,4.555574,0.799768,-0.087814,-0.038912,0.850210,0.300000,-0.022326,0,0
1789814374.671228,1,18.402882,24.512514,-0.086665,13.728000,24.702000,19.128000,24.452000,0.026915,4.678643,0.799848,-0.079900,0.006764,0.727141,0.300000,-0.002506,0,0
1789814374.771173,1,18.402882,24.512514,-0.086665,13.728000,24.702000,19.128000,24.452000,0.026915,4.678643,0.799848,-0.079900,0.006764,0.727141,0.300000,0.010415,0,0
1789814374.871222,1,18.402882,24.512514,-0.086665,13.728000,24.702000,19.128000,24.452000,0.026915,4.678643,0.799848,-0.079900,0.006764,0.727141,0.300000,0.018403,0,0
1789814374.971835,1,18.402882,24.512514,-0.086665,13.728000,24.702000,19.128000,24.452000,0.026915,4.678643,0.799848,-0.079900,0.006764,0.727141,0.300000,0.022914,0,0
1789814375.071236,1,18.527711,24.499751,-0.104074,13.728000,24.702000,19.128000,24.452000,0.019938,4.803929,0.799917,-0.071183,0.032891,0.601855,0.300000,0.034993,0,0
1789814375.171229,1,18.527711,24.499751,-0.104074,13.728000,24.702000,19.128000,24.452000,0.019938,4.803929,0.799917,-0.071183,0.032891,0.601855,0.300000,0.041981,0,0
1789814375.271949,1,18.527711,24.499751,-0.104074,13.728000,24.702000,19.128000,24.452000,0.019938,4.803929,0.799917,-0.071183,0.032891,0.601855,0.300000,0.045432,0,0
1789814375.371199,1,18.527711,24.499751,-0.104074,13.728000,24.702000,19.128000,24.452000,0.019938,4.803929,0.799917,-0.071183,0.032891,0.601855,0.300000,0.046481,0,0
1789814375.471404,2,18.649960,24.489857,-0.111924,13.728000,24.702000,19.128000,24.452000,0.015708,4.926505,0.799948,-0.065897,0.046026,0.479279,0.300000,0.050941,0,0
1789814375.571253,2,18.649960,24.489857,-0.111924,19.128000,24.452000,19.128000,20.952000,-0.478040,-0.037857,0.755652,-1.006737,-0.894813,3.537857,0.180000,-0.119247,0,0
1789814375.671227,2,18.649960,24.489857,-0.111924,19.128000,24.452000,19.128000,20.952000,-0.478040,-0.037857,0.755652,-1.006737,-0.894813,3.537857,0.180000,-0.255398,0,0
1789814375.771220,2,18.649960,24.489857,-0.111924,19.128000,24.452000,19.128000,20.952000,-0.478040,-0.037857,0.755652,-1.006737,-0.894813,3.537857,0.180000,-0.364318,0,0
1789814375.871231,2,18.771000,24.480935,-0.097057,19.128000,24.452000,19.128000,20.952000,-0.357000,-0.028935,0.774395,-1.138828,-1.041771,3.528935,0.180000,-0.451454,0,0
1789814375.971271,2,18.771000,24.480935,-0.097057,19.128000,24.452000,19.128000,20.952000,-0.357000,-0.028935,0.774395,-1.138828,-1.041771,3.528935,0.180000,-0.521164,0,0
1789814376.071262,2,18.771000,24.480935,-0.097057,19.128000,24.452000,19.128000,20.952000,-0.357000,-0.028935,0.774395,-1.138828,-1.041771,3.528935,0.180000,-0.576931,0,0
1789814376.171267,2,18.771000,24.480935,-0.097057,19.128000,24.452000,19.128000,20.952000,-0.357000,-0.028935,0.774395,-1.138828,-1.041771,3.528935,0.180000,-0.621545,0,0
1789814376.271220,2,18.885808,24.473401,-0.086517,19.128000,24.452000,19.128000,20.952000,-0.242192,-0.021401,0.787932,-1.272586,-1.186069,3.521401,0.180000,-0.657236,0,0
1789814376.375727,2,18.885808,24.473401,-0.086517,19.128000,24.452000,19.128000,20.952000,-0.242192,-0.021401,0.787932,-1.272586,-1.186069,3.521401,0.180000,-0.685789,0,0
1789814376.471263,2,18.885808,24.473401,-0.086517,19.128000,24.452000,19.128000,20.952000,-0.242192,-0.021401,0.787932,-1.272586,-1.186069,3.521401,0.180000,-0.708631,0,0
1789814376.571316,2,18.885808,24.473401,-0.086517,19.128000,24.452000,19.128000,20.952000,-0.242192,-0.021401,0.787932,-1.272586,-1.186069,3.521401,0.180000,-0.726905,0,0
1789814376.671273,2,18.885808,24.473401,-0.086517,19.128000,24.452000,19.128000,20.952000,-0.242192,-0.021401,0.787932,-1.272586,-1.186069,3.521401,0.180000,-0.741524,0,0
1789814376.771284,2,18.998474,24.458144,-0.210761,19.128000,24.452000,19.128000,20.952000,-0.129526,-0.006144,0.796497,-1.409588,-1.198828,3.506144,0.180000,-0.753036,0,0
1789814376.871397,2,18.998474,24.458144,-0.210761,19.128000,24.452000,19.128000,20.952000,-0.129526,-0.006144,0.796497,-1.409588,-1.198828,3.506144,0.180000,-0.754259,0,0
1789814376.971303,2,19.027806,24.446547,-0.331887,19.128000,24.452000,19.128000,20.952000,-0.100194,0.005453,0.797899,-1.445878,-1.113991,3.494547,0.180000,-0.716590,0,0
1789814377.071302,2,19.027806,24.446547,-0.331887,19.128000,24.452000,19.128000,20.952000,-0.100194,0.005453,0.797899,-1.445878,-1.113991,3.494547,0.180000,-0.686098,0,0
1789814377.174144,2,19.027806,24.446547,-0.331887,19.128000,24.452000,19.128000,20.952000,-0.100194,0.005453,0.797899,-1.445878,-1.113991,3.494547,0.180000,-0.661419,0,0
1789814377.271337,2,19.054683,24.423373,-0.478471,19.128000,24.452000,19.128000,20.952000,-0.073317,0.028627,0.798873,-1.479277,-1.000806,3.471373,0.180000,-0.598386,0,0
1789814377.371307,2,19.079893,24.401503,-0.625320,19.128000,24.452000,19.128000,20.952000,-0.048107,0.050497,0.799514,-1.510699,-0.885379,3.449503,0.180000,-0.510254,0,0
1789814377.471339,2,19.079893,24.401503,-0.625320,19.128000,24.452000,19.128000,20.952000,-0.048107,0.050497,0.799514,-1.510699,-0.885379,3.449503,0.180000,-0.451147,0,0
1789814377.571405,2,19.106046,24.375913,-0.771390,19.128000,24.452000,19.128000,20.952000,-0.021954,0.076087,0.799899,-1.543357,-0.771968,3.423913,0.180000,-0.369899,0,0
1789814377.674778,2,19.106046,24.375913,-0.771390,19.128000,24.452000,19.128000,20.952000,-0.021954,0.076087,0.799899,-1.543357,-0.771968,3.423913,0.180000,-0.318543,0,0
1789814377.771657,2,19.132597,24.347052,-0.913307,19.128000,24.452000,19.128000,20.952000,0.004597,0.104948,0.799996,-1.576542,-0.663235,3.395052,0.300000,-0.246099,0,0
1789814377.871355,2,19.132597,24.347052,-0.913307,19.128000,24.452000,19.128000,20.952000,0.004597,0.104948,0.799996,-1.576542,-0.663235,3.395052,0.300000,-0.203155,0,0
1789814377.971319,2,19.150619,24.316297,-1.063232,19.128000,24.452000,19.128000,20.952000,0.022619,0.135703,0.799893,-1.599066,-0.535834,3.364297,0.300000,-0.132382,0,0
1789814378.071635,2,19.150619,24.316297,-1.063232,19.128000,24.452000,19.128000,20.952000,0.022619,0.135703,0.799893,-1.599066,-0.535834,3.364297,0.300000,-0.092509,0,0
1789814378.171376,2,19.161039,24.276367,-1.234294,19.128000,24.452000,19.128000,20.952000,0.033039,0.175633,0.799771,-1.612083,-0.377789,3.324367,0.300000,-0.013828,0,0
1789814378.271413,2,19.161039,24.276367,-1.234294,19.128000,24.452000,19.128000,20.952000,0.033039,0.175633,0.799771,-1.612083,-0.377789,3.324367,0.300000,0.029526,0,0
1789814378.371369,2,19.167704,24.242211,-1.388802,19.128000,24.452000,19.128000,20.952000,0.039704,0.209789,0.799669,-1.620406,-0.231603,3.290211,0.300000,0.104102,0,0
1789814378.471395,2,19.167704,24.242211,-1.388802,19.128000,24.452000,19.128000,20.952000,0.039704,0.209789,0.799669,-1.620406,-0.231603,3.290211,0.300000,0.143034,0,0
1789814378.571338,2,19.170305,24.208198,-1.499513,19.128000,24.452000,19.128000,20.952000,0.042305,0.243802,0.799624,-1.623653,-0.124140,3.256198,0.413439,0.198441,0,0
1789814378.671417,2,19.170305,24.208198,-1.499513,19.128000,24.452000,19.128000,20.952000,0.042305,0.243802,0.799624,-1.623653,-0.124140,3.256198,0.413439,0.223481,0,0
1789814378.771391,2,19.170305,24.208198,-1.499513,19.128000,24.452000,19.128000,20.952000,0.042305,0.243802,0.799624,-1.623653,-0.124140,3.256198,0.413439,0.228084,0,0
1789814378.871373,2,19.173954,24.152042,-1.615361,19.128000,24.452000,19.128000,20.952000,0.045954,0.299958,0.799557,-1.628207,-0.012847,3.200042,0.548579,0.261719,0,0
1789814378.971389,2,19.173954,24.152042,-1.615361,19.128000,24.452000,19.128000,20.952000,0.045954,0.299958,0.799557,-1.628207,-0.012847,3.200042,0.548579,0.272520,0,0
1789814379.071494,2,19.173954,24.152042,-1.615361,19.128000,24.452000,19.128000,20.952000,0.045954,0.299958,0.799557,-1.628207,-0.012847,3.200042,0.548579,0.268275,0,0
1789814379.171468,2,19.173954,24.152042,-1.615361,19.128000,24.452000,19.128000,20.952000,0.045954,0.299958,0.799557,-1.628207,-0.012847,3.200042,0.548579,0.254570,0,0
1789814379.272339,2,19.170550,24.060276,-1.723364,19.128000,24.452000,19.128000,20.952000,0.042550,0.391724,0.799620,-1.623959,0.099405,3.108276,0.532847,0.277744,0,0
1789814379.371450,2,19.170550,24.060276,-1.723364,19.128000,24.452000,19.128000,20.952000,0.042550,0.391724,0.799620,-1.623959,0.099405,3.108276,0.532847,0.283454,0,0
1789814379.471392,2,19.170550,24.060276,-1.723364,19.128000,24.452000,19.128000,20.952000,0.042550,0.391724,0.799620,-1.623959,0.099405,3.108276,0.532847,0.277758,0,0
1789814379.572094,2,19.170550,24.060276,-1.723364,19.128000,24.452000,19.128000,20.952000,0.042550,0.391724,0.799620,-1.623959,0.099405,3.108276,0.532847,0.264991,0,0
1789814379.671436,2,19.148894,23.952586,-1.822976,19.128000,24.452000,19.128000,20.952000,0.020894,0.499414,0.799908,-1.596910,0.226065,3.000586,0.304519,0.296568,0,0
1789814379.771515,2,19.148894,23.952586,-1.822976,19.128000,24.452000,19.128000,20.952000,0.020894,0.499414,0.799908,-1.596910,0.226065,3.000586,0.304519,0.309435,0,0
1789814379.871437,2,19.148894,23.952586,-1.822976,19.128000,24.452000,19.128000,20.952000,0.020894,0.499414,0.799908,-1.596910,0.226065,3.000586,0.304519,0.309815,0,0
1789814379.971479,2,19.148894,23.952586,-1.822976,19.128000,24.452000,19.128000,20.952000,0.020894,0.499414,0.799908,-1.596910,0.226065,3.000586,0.304519,0.302186,0,0
1789814380.071430,2,19.107944,23.823244,-1.916823,19.128000,24.452000,19.128000,20.952000,-0.020056,0.628756,0.799916,-1.545729,0.371094,2.871244,0.300000,0.344865,0,0
1789814380.171536,2,19.107944,23.823244,-1.916823,19.128000,24.452000,19.128000,20.952000,-0.020056,0.628756,0.799916,-1.545729,0.371094,2.871244,0.300000,0.365807,0,0
1789814380.271473,2,19.107944,23.823244,-1.916823,19.128000,24.452000,19.128000,20.952000,-0.020056,0.628756,0.799916,-1.545729,0.371094,2.871244,0.300000,0.372000,0,0
1789814380.371464,2,19.068803,23.711214,-1.962221,19.128000,24.452000,19.128000,20.952000,-0.059197,0.740786,0.799265,-1.496867,0.465354,2.759214,0.300000,0.404328,0,0
1789814380.471470,2,19.068803,23.711214,-1.962221,19.128000,24.452000,19.128000,20.952000,-0.059197,0.740786,0.799265,-1.496867,0.465354,2.759214,0.300000,0.418151,0,0
1789814380.571469,2,19.068803,23.711214,-1.962221,19.128000,24.452000,19.128000,20.952000,-0.059197,0.740786,0.799265,-1.496867,0.465354,2.759214,0.300000,0.419579,0,0
1789814380.671596,2,19.039130,23.597085,-1.922634,19.128000,24.452000,19.128000,20.952000,-0.088870,0.854915,0.798346,-1.459935,0.462699,2.645085,0.300000,0.412009,0,0
1789814380.771501,2,19.039130,23.597085,-1.922634,19.128000,24.452000,19.128000,20.952000,-0.088870,0.854915,0.798346,-1.459935,0.462699,2.645085,0.300000,0.399937,0,0
1789814380.871513,2,19.039130,23.597085,-1.922634,19.128000,24.452000,19.128000,20.952000,-0.088870,0.854915,0.798346,-1.459935,0.462699,2.645085,0.300000,0.385468,0,0
1789814380.972378,2,19.021704,23.498557,-1.799751,19.128000,24.452000,19.128000,20.952000,-0.106296,0.953443,0.797637,-1.438313,0.361439,2.546557,0.300000,0.331814,0,0
1789814381.071450,2,19.021704,23.498557,-1.799751,19.128000,24.452000,19.128000,20.952000,-0.106296,0.953443,0.797637,-1.438313,0.361439,2.546557,0.300000,0.291432,0,0
1789814381.172658,2,19.021704,23.498557,-1.799751,19.128000,24.452000,19.128000,20.952000,-0.106296,0.953443,0.797637,-1.438313,0.361439,2.546557,0.300000,0.261159,0,0
1789814381.272064,2,19.024067,23.406624,-1.631633,19.128000,24.452000,19.128000,20.952000,-0.103933,1.045376,0.797740,-1.441242,0.190391,2.454624,0.338917,0.173282,0,0
1789814381.371522,2,19.024067,23.406624,-1.631633,19.128000,24.452000,19.128000,20.952000,-0.103933,1.045376,0.797740,-1.441242,0.190391,2.454624,0.338917,0.113918,0,0
1789814381.471591,2,19.024067,23.406624,-1.631633,19.128000,24.452000,19.128000,20.952000,-0.103933,1.045376,0.797740,-1.441242,0.190391,2.454624,0.338917,0.075176,0,0
1789814381.571507,2,19.036243,23.315672,-1.465813,19.128000,24.452000,19.128000,20.952000,-0.091757,1.136328,0.798237,-1.456349,0.009464,2.363672,0.405201,-0.017588,0,0
1789814381.671618,2,19.036243,23.315672,-1.465813,19.128000,24.452000,19.128000,20.952000,-0.091757,1.136328,0.798237,-1.456349,0.009464,2.363672,0.405201,-0.076065,0,0
1789814381.771542,2,19.036243,23.315672,-1.465813,19.128000,24.452000,19.128000,20.952000,-0.091757,1.136328,0.798237,-1.456349,0.009464,2.363672,0.405201,-0.110257,0,0
1789814381.871635,2,19.036243,23.315672,-1.465813,19.128000,24.452000,19.128000,20.952000,-0.091757,1.136328,0.798237,-1.456349,0.009464,2.363672,0.405201,-0.127541,0,0
1789814381.972558,2,19.056645,23.199621,-1.340846,19.128000,24.452000,19.128000,20.952000,-0.071355,1.252379,0.798933,-1.481720,-0.140874,2.247621,0.393196,-0.190062,0,0
1789814382.071559,2,19.056645,23.199621,-1.340846,19.128000,24.452000,19.128000,20.952000,-0.071355,1.252379,0.798933,-1.481720,-0.140874,2.247621,0.393196,-0.225290,0,0
1789814382.171728,2,19.056645,23.199621,-1.340846,19.128000,24.452000,19.128000,20.952000,-0.071355,1.252379,0.798933,-1.481720,-0.140874,2.247621,0.393196,-0.241641,0,0
1789814382.272504,2,19.056645,23.199621,-1.340846,19.128000,24.452000,19.128000,20.952000,-0.071355,1.252379,0.798933,-1.481720,-0.140874,2.247621,0.393196,-0.245258,0,0
1789814382.371577,2,19.089060,23.077369,-1.283383,19.128000,24.452000,19.128000,20.952000,-0.038940,1.374631,0.799682,-1.522141,-0.238758,2.125369,0.300000,-0.277971,0,0
1789814382.471561,2,19.089060,23.077369,-1.283383,19.128000,24.452000,19.128000,20.952000,-0.038940,1.374631,0.799682,-1.522141,-0.238758,2.125369,0.300000,-0.292564,0,0
1789814382.571587,2,19.089060,23.077369,-1.283383,19.128000,24.452000,19.128000,20.952000,-0.038940,1.374631,0.799682,-1.522141,-0.238758,2.125369,0.300000,-0.294976,0,0
1789814382.671597,2,19.089060,23.077369,-1.283383,19.128000,24.452000,19.128000,20.952000,-0.038940,1.374631,0.799682,-1.522141,-0.238758,2.125369,0.300000,-0.289496,0,0
1789814382.771585,2,19.123494,22.951917,-1.298439,19.128000,24.452000,19.128000,20.952000,-0.004506,1.500083,0.799996,-1.565164,-0.266725,1.999917,0.300000,-0.289810,0,0
1789814382.871996,2,19.123494,22.951917,-1.298439,19.128000,24.452000,19.128000,20.952000,-0.004506,1.500083,0.799996,-1.565164,-0.266725,1.999917,0.300000,-0.283754,0,0
1789814382.971682,2,19.123494,22.951917,-1.298439,19.128000,24.452000,19.128000,20.952000,-0.004506,1.500083,0.799996,-1.565164,-0.266725,1.999917,0.300000,-0.273862,0,0
1789814383.071580,2,19.144007,22.848476,-1.334936,19.128000,24.452000,19.128000,20.952000,0.016007,1.603524,0.799946,-1.590804,-0.255868,1.896476,0.300000,-0.257782,0,0
1789814383.171636,2,19.144007,22.848476,-1.334936,19.128000,24.452000,19.128000,20.952000,0.016007,1.603524,0.799946,-1.590804,-0.255868,1.896476,0.300000,-0.242297,0,0
1789814383.271677,2,19.144007,22.848476,-1.334936,19.128000,24.452000,19.128000,20.952000,0.016007,1.603524,0.799946,-1.590804,-0.255868,1.896476,0.300000,-0.227813,0,0
1789814383.371673,2,19.144007,22.848476,-1.334936,19.128000,24.452000,19.128000,20.952000,0.016007,1.603524,0.799946,-1.590804,-0.255868,1.896476,0.300000,-0.214547,0,0
1789814383.471646,2,19.166229,22.712742,-1.404891,19.128000,24.452000,19.128000,20.952000,0.038229,1.739258,0.799693,-1.618564,-0.213674,1.760742,0.316053,-0.186555,0,0
1789814383.571985,2,19.166229,22.712742,-1.404891,19.128000,24.452000,19.128000,20.952000,0.038229,1.739258,0.799693,-1.618564,-0.213674,1.760742,0.316053,-0.165452,0,0
1789814383.671676,2,19.166229,22.712742,-1.404891,19.128000,24.452000,19.128000,20.952000,0.038229,1.739258,0.799693,-1.618564,-0.213674,1.760742,0.316053,-0.149601,0,0
1789814383.771662,2,19.173073,22.594988,-1.520016,19.128000,24.452000,19.128000,20.952000,0.045073,1.857012,0.799574,-1.627109,-0.107093,1.642988,0.435133,-0.097241,0,0
1789814383.871666,2,19.173073,22.594988,-1.520016,19.128000,24.452000,19.128000,20.952000,0.045073,1.857012,0.799574,-1.627109,-0.107093,1.642988,0.435133,-0.061983,0,0
1789814383.971645,2,19.173073,22.594988,-1.520016,19.128000,24.452000,19.128000,20.952000,0.045073,1.857012,0.799574,-1.627109,-0.107093,1.642988,0.435133,-0.039081,0,0
1789814384.071678,2,19.173073,22.594988,-1.520016,19.128000,24.452000,19.128000,20.952000,0.045073,1.857012,0.799574,-1.627109,-0.107093,1.642988,0.435133,-0.025002,0,0
1789814384.171669,2,19.159784,22.465126,-1.655512,19.128000,24.452000,19.128000,20.952000,0.031784,1.986874,0.799788,-1.610517,0.044996,1.513126,0.300000,0.040658,0,0
1789814384.271677,2,19.159784,22.465126,-1.655512,19.128000,24.452000,19.128000,20.952000,0.031784,1.986874,0.799788,-1.610517,0.044996,1.513126,0.300000,0.081954,0,0
1789814384.371654,2,19.159784,22.465126,-1.655512,19.128000,24.452000,19.128000,20.952000,0.031784,1.986874,0.799788,-1.610517,0.044996,1.513126,0.300000,0.106006,0,0
1789814384.471655,2,19.159784,22.465126,-1.655512,19.128000,24.452000,19.128000,20.952000,0.031784,1.986874,0.799788,-1.610517,0.044996,1.513126,0.300000,0.118058,0,0
1789814384.571683,2,19.140897,22.339686,-1.724830,19.128000,24.452000,19.128000,20.952000,0.012897,2.112314,0.799965,-1.586917,0.137913,1.387686,0.396705,0.157253,0,0
1789814384.671749,2,19.140897,22.339686,-1.724830,19.128000,24.452000,19.128000,20.952000,0.012897,2.112314,0.799965,-1.586917,0.137913,1.387686,0.396705,0.178806,0,0
1789814384.771664,2,19.140897,22.339686,-1.724830,19.128000,24.452000,19.128000,20.952000,0.012897,2.112314,0.799965,-1.586917,0.137913,1.387686,0.396705,0.188206,0,0
1789814384.871743,2,19.140897,22.339686,-1.724830,19.128000,24.452000,19.128000,20.952000,0.012897,2.112314,0.799965,-1.586917,0.137913,1.387686,0.396705,0.189452,0,0
1789814384.971670,2,19.118210,22.211413,-1.769607,19.128000,24.452000,19.128000,20.952000,-0.009790,2.240587,0.799980,-1.558560,0.211048,1.259413,0.318552,0.213234,0,0
1789814385.071691,2,19.118210,22.211413,-1.769607,19.128000,24.452000,19.128000,20.952000,-0.009790,2.240587,0.799980,-1.558560,0.211048,1.259413,0.318552,0.224146,0,0
1789814385.171722,2,19.118210,22.211413,-1.769607,19.128000,24.452000,19.128000,20.952000,-0.009790,2.240587,0.799980,-1.558560,0.211048,1.259413,0.318552,0.226385,0,0
1789814385.271693,2,19.091881,22.096230,-1.797344,19.128000,24.452000,19.128000,20.952000,-0.036119,2.355770,0.799726,-1.525662,0.271682,1.144230,0.300000,0.246029,0,0
1789814385.371721,2,19.091881,22.096230,-1.797344,19.128000,24.452000,19.128000,20.952000,-0.036119,2.355770,0.799726,-1.525662,0.271682,1.144230,0.300000,0.254193,0,0
1789814385.471694,2,19.091881,22.096230,-1.797344,19.128000,24.452000,19.128000,20.952000,-0.036119,2.355770,0.799726,-1.525662,0.271682,1.144230,0.300000,0.254684,0,0
1789814385.571746,2,19.074814,21.989713,-1.756278,19.128000,24.452000,19.128000,20.952000,-0.053186,2.462287,0.799407,-1.504362,0.251916,1.037713,0.300000,0.242736,0,0
1789814385.671739,2,19.074814,21.989713,-1.756278,19.128000,24.452000,19.128000,20.952000,-0.053186,2.462287,0.799407,-1.504362,0.251916,1.037713,0.300000,0.230418,0,0
1789814385.771745,2,19.074814,21.989713,-1.756278,19.128000,24.452000,19.128000,20.952000,-0.053186,2.462287,0.799407,-1.504362,0.251916,1.037713,0.300000,0.218356,0,0
1789814385.871855,2,19.074814,21.989713,-1.756278,19.128000,24.452000,19.128000,20.952000,-0.053186,2.462287,0.799407,-1.504362,0.251916,1.037713,0.300000,0.206941,0,0
1789814385.972564,2,19.065057,21.850469,-1.640090,19.128000,24.452000,19.128000,20.952000,-0.062943,2.601531,0.799169,-1.492198,0.147893,0.898469,0.385003,0.157077,0,0
1789814386.071787,2,19.065057,21.850469,-1.640090,19.128000,24.452000,19.128000,20.952000,-0.062943,2.601531,0.799169,-1.492198,0.147893,0.898469,0.385003,0.121839,0,0
1789814386.171796,2,19.065057,21.850469,-1.640090,19.128000,24.452000,19.128000,20.952000,-0.062943,2.601531,0.799169,-1.492198,0.147893,0.898469,0.385003,0.097370,0,0
1789814386.271750,2,19.065057,21.850469,-1.640090,19.128000,24.452000,19.128000,20.952000,-0.062943,2.601531,0.799169,-1.492198,0.147893,0.898469,0.385003,0.080774,0,0
1789814386.371761,2,19.074761,21.726766,-1.526795,19.128000,24.452000,19.128000,20.952000,-0.053239,2.725234,0.799405,-1.504297,0.022498,0.774766,0.300000,0.022231,0,0
1789814386.471767,2,19.074761,21.726766,-1.526795,19.128000,24.452000,19.128000,20.952000,-0.053239,2.725234,0.799405,-1.504297,0.022498,0.774766,0.300000,-0.015676,0,0
1789814386.572029,2,19.074761,21.726766,-1.526795,19.128000,24.452000,19.128000,20.952000,-0.053239,2.725234,0.799405,-1.504297,0.022498,0.774766,0.300000,-0.038859,0,0
1789814386.671778,2,19.074761,21.726766,-1.526795,19.128000,24.452000,19.128000,20.952000,-0.053239,2.725234,0.799405,-1.504297,0.022498,0.774766,0.300000,-0.051692,0,0
1789814386.771966,2,19.096179,21.606936,-1.424503,19.128000,24.452000,19.128000,20.952000,-0.031821,2.845064,0.799787,-1.531030,-0.106528,0.654936,0.350000,-0.106348,0,0
1789814386.871851,2,19.096179,21.606936,-1.424503,19.128000,24.452000,19.128000,20.952000,-0.031821,2.845064,0.799787,-1.531030,-0.106528,0.654936,0.350000,-0.139205,0,0
1789814386.971820,2,19.096179,21.606936,-1.424503,19.128000,24.452000,19.128000,20.952000,-0.031821,2.845064,0.799787,-1.531030,-0.106528,0.654936,0.350000,-0.156795,0,0
1789814387.071788,2,19.096179,21.606936,-1.424503,19.128000,24.452000,19.128000,20.952000,-0.031821,2.845064,0.799787,-1.531030,-0.106528,0.654936,0.350000,-0.163912,0,0
1789814387.171930,2,19.124354,21.479390,-1.347957,19.128000,24.452000,19.128000,20.952000,-0.003646,2.972610,0.799997,-1.566238,-0.218282,0.527390,0.311714,-0.206469,0,0
1789814387.271791,2,19.124354,21.479390,-1.347957,19.128000,24.452000,19.128000,20.952000,-0.003646,2.972610,0.799997,-1.566238,-0.218282,0.527390,0.311714,-0.229813,0,0
1789814387.371845,2,19.124354,21.479390,-1.347957,19.128000,24.452000,19.128000,20.952000,-0.003646,2.972610,0.799997,-1.566238,-0.218282,0.527390,0.311714,-0.239926,0,0
1789814387.472067,3,19.145249,21.376324,-1.339463,19.128000,24.452000,19.128000,20.952000,0.017249,3.075676,0.799938,-1.592355,-0.252893,0.424324,0.300000,-0.254320,0,0
1789814387.571851,3,19.145249,21.376324,-1.339463,19.128000,20.952000,18.028000,20.952000,-0.424324,-0.017249,0.764475,-2.634879,-1.295416,1.117249,0.180000,-0.363456,0,0
1789814387.675144,3,19.145249,21.376324,-1.339463,19.128000,20.952000,18.028000,20.952000,-0.424324,-0.017249,0.764475,-2.634879,-1.295416,1.117249,0.000000,0.000000,1,0
1789814387.771843,3,19.145249,21.376324,-1.339463,19.128000,20.952000,18.028000,20.952000,-0.424324,-0.017249,0.764475,-2.634879,-1.295416,1.117249,0.180000,-0.520612,0,0
1789814387.871846,3,19.168345,21.259989,-1.422267,19.128000,20.952000,18.028000,20.952000,-0.307989,-0.040345,0.780727,-2.765846,-1.343579,1.140345,0.180000,-0.576490,0,0
1789814387.974121,3,19.168345,21.259989,-1.422267,19.128000,20.952000,18.028000,20.952000,-0.307989,-0.040345,0.780727,-2.765846,-1.343579,1.140345,0.180000,-0.621192,0,0
1789814388.073586,3,19.168345,21.259989,-1.422267,19.128000,20.952000,18.028000,20.952000,-0.307989,-0.040345,0.780727,-2.765846,-1.343579,1.140345,0.180000,-0.656953,0,0
1789814388.171918,3,19.168345,21.259989,-1.422267,19.128000,20.952000,18.028000,20.952000,-0.307989,-0.040345,0.780727,-2.765846,-1.343579,1.140345,0.180000,-0.685563,0,0
1789814388.271827,3,19.168345,21.259989,-1.422267,19.128000,20.952000,18.028000,20.952000,-0.307989,-0.040345,0.780727,-2.765846,-1.343579,1.140345,0.180000,-0.708450,0,0
1789814388.371920,3,19.174693,21.151214,-1.538995,19.128000,20.952000,18.028000,20.952000,-0.199214,-0.046693,0.791781,-2.895106,-1.356111,1.146693,0.180000,-0.726760,0,0
1789814388.471899,3,19.174693,21.151214,-1.538995,19.128000,20.952000,18.028000,20.952000,-0.199214,-0.046693,0.791781,-2.895106,-1.356111,1.146693,0.180000,-0.741408,0,0
1789814388.571950,3,19.174693,21.151214,-1.538995,19.128000,20.952000,18.028000,20.952000,-0.199214,-0.046693,0.791781,-2.895106,-1.356111,1.146693,0.180000,-0.753126,0,0
1789814388.676294,3,19.173376,21.085762,-1.673685,19.128000,20.952000,18.028000,20.952000,-0.133762,-0.045376,0.796266,-2.975159,-1.301475,1.145376,0.180000,-0.749670,0,0
1789814388.771923,3,19.173376,21.085762,-1.673685,19.128000,20.952000,18.028000,20.952000,-0.133762,-0.045376,0.796266,-2.975159,-1.301475,1.145376,0.180000,-0.743500,0,0
1789814388.872201,3,19.173376,21.085762,-1.673685,19.128000,20.952000,18.028000,20.952000,-0.133762,-0.045376,0.796266,-2.975159,-1.301475,1.145376,0.180000,-0.735841,0,0
1789814388.971906,3,19.161234,21.049466,-1.828461,19.128000,20.952000,18.028000,20.952000,-0.097466,-0.033234,0.798012,-3.020059,-1.191599,1.133234,0.180000,-0.685695,0,0
1789814389.071910,3,19.161234,21.049466,-1.828461,19.128000,20.952000,18.028000,20.952000,-0.097466,-0.033234,0.798012,-3.020059,-1.191599,1.133234,0.180000,-0.650006,0,0
1789814389.171909,3,19.161234,21.049466,-1.828461,19.128000,20.952000,18.028000,20.952000,-0.097466,-0.033234,0.798012,-3.020059,-1.191599,1.133234,0.180000,-0.624996,0,0
1789814389.272215,3,19.144789,21.012035,-2.002687,19.128000,20.952000,18.028000,20.952000,-0.060035,-0.016789,0.799244,-3.066619,-1.063932,1.116789,0.180000,-0.559413,0,0
1789814389.371920,3,19.144789,21.012035,-2.002687,19.128000,20.952000,18.028000,20.952000,-0.060035,-0.016789,0.799244,-3.066619,-1.063932,1.116789,0.180000,-0.516342,0,0
1789814389.471910,3,19.126030,20.983725,-2.158860,19.128000,20.952000,18.028000,20.952000,-0.031725,0.001970,0.799789,-3.101947,-0.943087,1.098030,0.180000,-0.443478,0,0
1789814389.571949,3,19.126030,20.983725,-2.158860,19.128000,20.952000,18.028000,20.952000,-0.031725,0.001970,0.799789,-3.101947,-0.943087,1.098030,0.180000,-0.397967,0,0
1789814389.671926,3,19.103088,20.958683,-2.320467,19.128000,20.952000,18.028000,20.952000,-0.006683,0.024912,0.799991,-3.133239,-0.812772,1.075088,0.180000,-0.322254,0,0
1789814389.772046,3,19.103088,20.958683,-2.320467,19.128000,20.952000,18.028000,20.952000,-0.006683,0.024912,0.799991,-3.133239,-0.812772,1.075088,0.180000,-0.277163,0,0
1789814389.871927,3,19.069779,20.936811,-2.486124,19.128000,20.952000,18.028000,20.952000,0.015189,0.058221,0.799952,3.122607,-0.674455,1.041779,0.300000,-0.200863,0,0
1789814389.971995,3,19.069779,20.936811,-2.486124,19.128000,20.952000,18.028000,20.952000,0.015189,0.058221,0.799952,3.122607,-0.674455,1.041779,0.300000,-0.157486,0,0
1789814390.072036,3,19.035472,20.923059,-2.623028,19.128000,20.952000,18.028000,20.952000,0.028941,0.092528,0.799824,3.105425,-0.554732,1.007472,0.300000,-0.091448,0,0
1789814390.173479,3,19.035472,20.923059,-2.623028,19.128000,20.952000,18.028000,20.952000,0.028941,0.092528,0.799824,3.105425,-0.554732,1.007472,0.300000,-0.056620,0,0
1789814390.271979,3,18.997965,20.910157,-2.739755,19.128000,20.952000,18.028000,20.952000,0.041843,0.130035,0.799633,3.089313,-0.454117,0.969965,0.300000,-0.004499,0,0
1789814390.372009,3,18.997965,20.910157,-2.739755,19.128000,20.952000,18.028000,20.952000,0.041843,0.130035,0.799633,3.089313,-0.454117,0.969965,0.300000,0.019957,0,0
1789814390.472008,3,18.997965,20.910157,-2.739755,19.128000,20.952000,18.028000,20.952000,0.041843,0.130035,0.799633,3.089313,-0.454117,0.969965,0.300000,0.025728,0,0
1789814390.571968,3,18.947076,20.895099,-2.856843,19.128000,20.952000,18.028000,20.952000,0.056901,0.180924,0.799321,3.070526,-0.355816,0.919076,0.300000,0.056666,0,0
1789814390.672001,3,18.947076,20.895099,-2.856843,19.128000,20.952000,18.028000,20.952000,0.056901,0.180924,0.799321,3.070526,-0.355816,0.919076,0.300000,0.067083,0,0
1789814390.772000,3,18.947076,20.895099,-2.856843,19.128000,20.952000,18.028000,20.952000,0.056901,0.180924,0.799321,3.070526,-0.355816,0.919076,0.300000,0.063950,0,0
1789814390.871987,3,18.947076,20.895099,-2.856843,19.128000,20.952000,18.028000,20.952000,0.056901,0.180924,0.799321,3.070526,-0.355816,0.919076,0.300000,0.052271,0,0
1789814390.971977,3,18.861527,20.873795,-2.985359,19.128000,20.952000,18.028000,20.952000,0.078205,0.266473,0.798718,3.043991,-0.253835,0.833527,0.300000,0.074343,0,0
1789814391.071991,3,18.861527,20.873795,-2.985359,19.128000,20.952000,18.028000,20.952000,0.078205,0.266473,0.798718,3.043991,-0.253835,0.833527,0.300000,0.080419,0,0
1789814391.173808,3,18.861527,20.873795,-2.985359,19.128000,20.952000,18.028000,20.952000,0.078205,0.266473,0.798718,3.043991,-0.253835,0.833527,0.300000,0.076014,0,0
1789814391.272021,3,18.861527,20.873795,-2.985359,19.128000,20.952000,18.028000,20.952000,0.078205,0.266473,0.798718,3.043991,-0.253835,0.833527,0.300000,0.065078,0,0
1789814391.372011,3,18.861527,20.873795,-2.985359,19.128000,20.952000,18.028000,20.952000,0.078205,0.266473,0.798718,3.043991,-0.253835,0.833527,0.300000,0.050399,0,0
1789814391.472107,3,18.744755,20.857843,-3.085169,19.128000,20.952000,18.028000,20.952000,0.094157,0.383245,0.798144,3.024166,-0.173851,0.716755,0.356159,0.064287,0,0
1789814391.572041,3,18.744755,20.857843,-3.085169,19.128000,20.952000,18.028000,20.952000,0.094157,0.383245,0.798144,3.024166,-0.173851,0.716755,0.356159,0.067127,0,0
1789814391.672063,3,18.744755,20.857843,-3.085169,19.128000,20.952000,18.028000,20.952000,0.094157,0.383245,0.798144,3.024166,-0.173851,0.716755,0.356159,0.062783,0,0
1789814391.772138,3,18.744755,20.857843,-3.085169,19.128000,20.952000,18.028000,20.952000,0.094157,0.383245,0.798144,3.024166,-0.173851,0.716755,0.356159,0.054014,0,0
1789814391.872068,3,18.640450,20.846735,-3.080727,19.128000,20.952000,18.028000,20.952000,0.105265,0.487550,0.797682,3.010388,-0.192071,0.612450,0.337213,0.035837,0,0
1789814391.972058,3,18.640450,20.846735,-3.080727,19.128000,20.952000,18.028000,20.952000,0.105265,0.487550,0.797682,3.010388,-0.192071,0.612450,0.337213,0.018929,0,0
1789814392.072280,3,18.640450,20.846735,-3.080727,19.128000,20.952000,18.028000,20.952000,0.105265,0.487550,0.797682,3.010388,-0.192071,0.612450,0.337213,0.003509,0,0
1789814392.172053,3,18.640450,20.846735,-3.080727,19.128000,20.952000,18.028000,20.952000,0.105265,0.487550,0.797682,3.010388,-0.192071,0.612450,0.337213,-0.010341,0,0
1789814392.272345,4,18.520475,20.822673,-3.032098,19.128000,20.952000,18.028000,20.952000,0.129327,0.607525,0.796508,2.980630,-0.270457,0.492475,0.000000,0.000000,0,1
1789814392.372041,4,18.520475,20.822673,-3.032098,19.128000,20.952000,18.028000,20.952000,0.129327,0.607525,0.796508,2.980630,-0.270457,0.492475,0.000000,0.000000,0,1
1789814392.472092,4,18.520475,20.822673,-3.032098,19.128000,20.952000,18.028000,20.952000,0.129327,0.607525,0.796508,2.980630,-0.270457,0.492475,0.000000,0.000000,0,1
1789814392.572070,4,18.520475,20.822673,-3.032098,19.128000,20.952000,18.028000,20.952000,0.129327,0.607525,0.796508,2.980630,-0.270457,0.492475,0.000000,0.000000,0,1
1789814392.672134,4,18.392236,20.796695,-2.985038,19.128000,20.952000,18.028000,20.952000,0.129327,0.607525,0.796508,2.980630,-0.270457,0.492475,0.000000,0.000000,0,1
1789814392.772114,4,18.392236,20.796695,-2.985038,19.128000,20.952000,18.028000,20.952000,0.129327,0.607525,0.796508,2.980630,-0.270457,0.492475,0.000000,0.000000,0,1
1789814392.872105,4,18.392236,20.796695,-2.985038,19.128000,20.952000,18.028000,20.952000,0.129327,0.607525,0.796508,2.980630,-0.270457,0.492475,0.000000,0.000000,0,1
1789814392.972148,4,18.392236,20.796695,-2.985038,19.128000,20.952000,18.028000,20.952000,0.129327,0.607525,0.796508,2.980630,-0.270457,0.492475,0.000000,0.000000,0,1
1789814393.074104,4,18.255723,20.765633,-2.959978,19.128000,20.952000,18.028000,20.952000,0.129327,0.607525,0.796508,2.980630,-0.270457,0.492475,0.000000,0.000000,0,1
1789814393.172257,4,18.255723,20.765633,-2.959978,19.128000,20.952000,18.028000,20.952000,0.129327,0.607525,0.796508,2.980630,-0.270457,0.492475,0.000000,0.000000,0,1
1789814393.272171,4,18.255723,20.765633,-2.959978,19.128000,20.952000,18.028000,20.952000,0.129327,0.607525,0.796508,2.980630,-0.270457,0.492475,0.000000,0.000000,0,1
1789814393.372282,4,18.255723,20.765633,-2.959978,19.128000,20.952000,18.028000,20.952000,0.129327,0.607525,0.796508,2.980630,-0.270457,0.492475,0.000000,0.000000,0,1
1789814393.472127,4,18.122633,20.737445,-2.954955,19.128000,20.952000,18.028000,20.952000,0.129327,0.607525,0.796508,2.980630,-0.270457,0.492475,0.000000,0.000000,0,1
1789814393.572192,4,18.122633,20.737445,-2.954955,19.128000,20.952000,18.028000,20.952000,0.129327,0.607525,0.796508,2.980630,-0.270457,0.492475,0.000000,0.000000,0,1
1789814393.675516,4,18.122633,20.737445,-2.954955,19.128000,20.952000,18.028000,20.952000,0.129327,0.607525,0.796508,2.980630,-0.270457,0.492475,0.000000,0.000000,0,1
1789814393.772117,4,18.122633,20.737445,-2.954955,19.128000,20.952000,18.028000,20.952000,0.129327,0.607525,0.796508,2.980630,-0.270457,0.492475,0.000000,0.000000,0,1
1789814393.872129,4,18.122633,20.737445,-2.954955,19.128000,20.952000,18.028000,20.952000,0.129327,0.607525,0.796508,2.980630,-0.270457,0.492475,0.000000,0.000000,0,1
1789814393.972184,4,18.122633,20.737445,-2.954955,19.128000,20.952000,18.028000,20.952000,0.129327,0.607525,0.796508,2.980630,-0.270457,0.492475,0.000000,0.000000,0,1
1789814394.072135,4,18.122633,20.737445,-2.954955,19.128000,20.952000,18.028000,20.952000,0.129327,0.607525,0.796508,2.980630,-0.270457,0.492475,0.000000,0.000000,0,1
1789814394.172239,4,18.014792,20.709794,-2.978098,19.128000,20.952000,18.028000,20.952000,0.129327,0.607525,0.796508,2.980630,-0.270457,0.492475,0.000000,0.000000,0,1
1789814394.272871,4,18.014792,20.709794,-2.978098,19.128000,20.952000,18.028000,20.952000,0.129327,0.607525,0.796508,2.980630,-0.270457,0.492475,0.000000,0.000000,0,1
1789814394.372146,4,18.014792,20.709794,-2.978098,19.128000,20.952000,18.028000,20.952000,0.129327,0.607525,0.796508,2.980630,-0.270457,0.492475,0.000000,0.000000,0,1
1789814394.472181,4,18.014792,20.709794,-2.978098,19.128000,20.952000,18.028000,20.952000,0.129327,0.607525,0.796508,2.980630,-0.270457,0.492475,0.000000,0.000000,0,1
1789814394.572159,4,18.014792,20.709794,-2.978098,19.128000,20.952000,18.028000,20.952000,0.129327,0.607525,0.796508,2.980630,-0.270457,0.492475,0.000000,0.000000,0,1
1789814394.673100,4,18.014792,20.709794,-2.978098,19.128000,20.952000,18.028000,20.952000,0.129327,0.607525,0.796508,2.980630,-0.270457,0.492475,0.000000,0.000000,0,1
1789814394.772189,4,18.014792,20.709794,-2.978098,19.128000,20.952000,18.028000,20.952000,0.129327,0.607525,0.796508,2.980630,-0.270457,0.492475,0.000000,0.000000,0,1
1789814394.872154,4,18.014792,20.709794,-2.978098,19.128000,20.952000,18.028000,20.952000,0.129327,0.607525,0.796508,2.980630,-0.270457,0.492475,0.000000,0.000000,0,1
1789814394.972201,4,18.014792,20.709794,-2.978098,19.128000,20.952000,18.028000,20.952000,0.129327,0.607525,0.796508,2.980630,-0.270457,0.492475,0.000000,0.000000,0,1
1789814395.072175,4,18.014792,20.709794,-2.978098,19.128000,20.952000,18.028000,20.952000,0.129327,0.607525,0.796508,2.980630,-0.270457,0.492475,0.000000,0.000000,0,1
1789814395.172174,4,18.014792,20.709794,-2.978098,19.128000,20.952000,18.028000,20.952000,0.129327,0.607525,0.796508,2.980630,-0.270457,0.492475,0.000000,0.000000,0,1
1789814395.272288,4,18.014792,20.709794,-2.978098,19.128000,20.952000,18.028000,20.952000,0.129327,0.607525,0.796508,2.980630,-0.270457,0.492475,0.000000,0.000000,0,1
1789814395.372339,4,18.014792,20.709794,-2.978098,19.128000,20.952000,18.028000,20.952000,0.129327,0.607525,0.796508,2.980630,-0.270457,0.492475,0.000000,0.000000,0,1
1789814395.474819,4,18.014792,20.709794,-2.978098,19.128000,20.952000,18.028000,20.952000,0.129327,0.607525,0.796508,2.980630,-0.270457,0.492475,0.000000,0.000000,0,1
1789814395.572205,4,18.014792,20.709794,-2.978098,19.128000,20.952000,18.028000,20.952000,0.129327,0.607525,0.796508,2.980630,-0.270457,0.492475,0.000000,0.000000,0,1
1789814395.672274,4,18.014792,20.709794,-2.978098,19.128000,20.952000,18.028000,20.952000,0.129327,0.607525,0.796508,2.980630,-0.270457,0.492475,0.000000,0.000000,0,1
1789814395.772213,4,18.014792,20.709794,-2.978098,19.128000,20.952000,18.028000,20.952000,0.129327,0.607525,0.796508,2.980630,-0.270457,0.492475,0.000000,0.000000,0,1
1789814395.872294,4,18.014792,20.709794,-2.978098,19.128000,20.952000,18.028000,20.952000,0.129327,0.607525,0.796508,2.980630,-0.270457,0.492475,0.000000,0.000000,0,1
1789814395.972205,4,18.014792,20.709794,-2.978098,19.128000,20.952000,18.028000,20.952000,0.129327,0.607525,0.796508,2.980630,-0.270457,0.492475,0.000000,0.000000,0,1
1789814396.072272,4,18.014792,20.709794,-2.978098,19.128000,20.952000,18.028000,20.952000,0.129327,0.607525,0.796508,2.980630,-0.270457,0.492475,0.000000,0.000000,0,1
1789814396.172252,4,18.014792,20.709794,-2.978098,19.128000,20.952000,18.028000,20.952000,0.129327,0.607525,0.796508,2.980630,-0.270457,0.492475,0.000000,0.000000,0,1
1789814396.272248,4,18.014792,20.709794,-2.978098,19.128000,20.952000,18.028000,20.952000,0.129327,0.607525,0.796508,2.980630,-0.270457,0.492475,0.000000,0.000000,0,1
1789814396.375197,4,18.014792,20.709794,-2.978098,19.128000,20.952000,18.028000,20.952000,0.129327,0.607525,0.796508,2.980630,-0.270457,0.492475,0.000000,0.000000,0,1
1789814396.472283,4,18.014792,20.709794,-2.978098,19.128000,20.952000,18.028000,20.952000,0.129327,0.607525,0.796508,2.980630,-0.270457,0.492475,0.000000,0.000000,0,1
1789814396.573003,4,18.014792,20.709794,-2.978098,19.128000,20.952000,18.028000,20.952000,0.129327,0.607525,0.796508,2.980630,-0.270457,0.492475,0.000000,0.000000,0,1
1789814396.672578,4,18.014792,20.709794,-2.978098,19.128000,20.952000,18.028000,20.952000,0.129327,0.607525,0.796508,2.980630,-0.270457,0.492475,0.000000,0.000000,0,1
1789814396.772315,4,18.014792,20.709794,-2.978098,19.128000,20.952000,18.028000,20.952000,0.129327,0.607525,0.796508,2.980630,-0.270457,0.492475,0.000000,0.000000,0,1
1789814396.872283,4,18.014792,20.709794,-2.978098,19.128000,20.952000,18.028000,20.952000,0.129327,0.607525,0.796508,2.980630,-0.270457,0.492475,0.000000,0.000000,0,1
1789814396.972315,4,18.014792,20.709794,-2.978098,19.128000,20.952000,18.028000,20.952000,0.129327,0.607525,0.796508,2.980630,-0.270457,0.492475,0.000000,0.000000,0,1
1789814397.072278,4,18.014792,20.709794,-2.978098,19.128000,20.952000,18.028000,20.952000,0.129327,0.607525,0.796508,2.980630,-0.270457,0.492475,0.000000,0.000000,0,1
1789814397.172292,4,18.014792,20.709794,-2.978098,19.128000,20.952000,18.028000,20.952000,0.129327,0.607525,0.796508,2.980630,-0.270457,0.492475,0.000000,0.000000,0,1
1789814397.272305,4,18.014792,20.709794,-2.978098,19.128000,20.952000,18.028000,20.952000,0.129327,0.607525,0.796508,2.980630,-0.270457,0.492475,0.000000,0.000000,0,1
1789814397.372293,4,18.014792,20.709794,-2.978098,19.128000,20.952000,18.028000,20.952000,0.129327,0.607525,0.796508,2.980630,-0.270457,0.492475,0.000000,0.000000,0,1
1789814397.472296,4,18.014792,20.709794,-2.978098,19.128000,20.952000,18.028000,20.952000,0.129327,0.607525,0.796508,2.980630,-0.270457,0.492475,0.000000,0.000000,0,1
1789814397.572322,4,18.014792,20.709794,-2.978098,19.128000,20.952000,18.028000,20.952000,0.129327,0.607525,0.796508,2.980630,-0.270457,0.492475,0.000000,0.000000,0,1
1789814397.673000,4,18.014792,20.709794,-2.978098,19.128000,20.952000,18.028000,20.952000,0.129327,0.607525,0.796508,2.980630,-0.270457,0.492475,0.000000,0.000000,0,1
1789814397.772310,4,18.014792,20.709794,-2.978098,19.128000,20.952000,18.028000,20.952000,0.129327,0.607525,0.796508,2.980630,-0.270457,0.492475,0.000000,0.000000,0,1
1789814397.872334,4,18.014792,20.709794,-2.978098,19.128000,20.952000,18.028000,20.952000,0.129327,0.607525,0.796508,2.980630,-0.270457,0.492475,0.000000,0.000000,0,1
1789814397.972322,4,18.014792,20.709794,-2.978098,19.128000,20.952000,18.028000,20.952000,0.129327,0.607525,0.796508,2.980630,-0.270457,0.492475,0.000000,0.000000,0,1
1789814398.072337,4,18.014792,20.709794,-2.978098,19.128000,20.952000,18.028000,20.952000,0.129327,0.607525,0.796508,2.980630,-0.270457,0.492475,0.000000,0.000000,0,1
1789814398.172361,4,18.014792,20.709794,-2.978098,19.128000,20.952000,18.028000,20.952000,0.129327,0.607525,0.796508,2.980630,-0.270457,0.492475,0.000000,0.000000,0,1
1789814398.272351,4,18.014792,20.709794,-2.978098,19.128000,20.952000,18.028000,20.952000,0.129327,0.607525,0.796508,2.980630,-0.270457,0.492475,0.000000,0.000000,0,1
1789814398.372375,4,18.014792,20.709794,-2.978098,19.128000,20.952000,18.028000,20.952000,0.129327,0.607525,0.796508,2.980630,-0.270457,0.492475,0.000000,0.000000,0,1
1789814398.472407,4,18.014792,20.709794,-2.978098,19.128000,20.952000,18.028000,20.952000,0.129327,0.607525,0.796508,2.980630,-0.270457,0.492475,0.000000,0.000000,0,1
1789814398.572386,4,18.014792,20.709794,-2.978098,19.128000,20.952000,18.028000,20.952000,0.129327,0.607525,0.796508,2.980630,-0.270457,0.492475,0.000000,0.000000,0,1
1789814398.672624,4,18.014792,20.709794,-2.978098,19.128000,20.952000,18.028000,20.952000,0.129327,0.607525,0.796508,2.980630,-0.270457,0.492475,0.000000,0.000000,0,1
1789814398.772389,4,18.014792,20.709794,-2.978098,19.128000,20.952000,18.028000,20.952000,0.129327,0.607525,0.796508,2.980630,-0.270457,0.492475,0.000000,0.000000,0,1
1789814398.872364,4,18.014792,20.709794,-2.978098,19.128000,20.952000,18.028000,20.952000,0.129327,0.607525,0.796508,2.980630,-0.270457,0.492475,0.000000,0.000000,0,1
1789814398.972398,4,18.014792,20.709794,-2.978098,19.128000,20.952000,18.028000,20.952000,0.129327,0.607525,0.796508,2.980630,-0.270457,0.492475,0.000000,0.000000,0,1
1789814399.072408,4,18.014792,20.709794,-2.978098,19.128000,20.952000,18.028000,20.952000,0.129327,0.607525,0.796508,2.980630,-0.270457,0.492475,0.000000,0.000000,0,1
1789814399.172650,4,18.014792,20.709794,-2.978098,19.128000,20.952000,18.028000,20.952000,0.129327,0.607525,0.796508,2.980630,-0.270457,0.492475,0.000000,0.000000,0,1
1789814399.272486,4,18.014792,20.709794,-2.978098,19.128000,20.952000,18.028000,20.952000,0.129327,0.607525,0.796508,2.980630,-0.270457,0.492475,0.000000,0.000000,0,1
1789814399.372397,4,18.014792,20.709794,-2.978098,19.128000,20.952000,18.028000,20.952000,0.129327,0.607525,0.796508,2.980630,-0.270457,0.492475,0.000000,0.000000,0,1
1789814399.472547,4,18.014792,20.709794,-2.978098,19.128000,20.952000,18.028000,20.952000,0.129327,0.607525,0.796508,2.980630,-0.270457,0.492475,0.000000,0.000000,0,1
1789814399.572419,4,18.014792,20.709794,-2.978098,19.128000,20.952000,18.028000,20.952000,0.129327,0.607525,0.796508,2.980630,-0.270457,0.492475,0.000000,0.000000,0,1
1789814399.672423,4,18.014792,20.709794,-2.978098,19.128000,20.952000,18.028000,20.952000,0.129327,0.607525,0.796508,2.980630,-0.270457,0.492475,0.000000,0.000000,0,1
1789814399.772449,4,18.014792,20.709794,-2.978098,19.128000,20.952000,18.028000,20.952000,0.129327,0.607525,0.796508,2.980630,-0.270457,0.492475,0.000000,0.000000,0,1
1789814399.872422,4,18.014792,20.709794,-2.978098,19.128000,20.952000,18.028000,20.952000,0.129327,0.607525,0.796508,2.980630,-0.270457,0.492475,0.000000,0.000000,0,1
1789814399.972686,4,18.014792,20.709794,-2.978098,19.128000,20.952000,18.028000,20.952000,0.129327,0.607525,0.796508,2.980630,-0.270457,0.492475,0.000000,0.000000,0,1
1789814400.074059,4,18.014792,20.709794,-2.978098,19.128000,20.952000,18.028000,20.952000,0.129327,0.607525,0.796508,2.980630,-0.270457,0.492475,0.000000,0.000000,0,1
1789814400.172553,4,18.014792,20.709794,-2.978098,19.128000,20.952000,18.028000,20.952000,0.129327,0.607525,0.796508,2.980630,-0.270457,0.492475,0.000000,0.000000,0,1
1789814400.272506,4,18.014792,20.709794,-2.978098,19.128000,20.952000,18.028000,20.952000,0.129327,0.607525,0.796508,2.980630,-0.270457,0.492475,0.000000,0.000000,0,1
1789814400.372818,4,18.014792,20.709794,-2.978098,19.128000,20.952000,18.028000,20.952000,0.129327,0.607525,0.796508,2.980630,-0.270457,0.492475,0.000000,0.000000,0,1
1789814400.472498,4,18.014792,20.709794,-2.978098,19.128000,20.952000,18.028000,20.952000,0.129327,0.607525,0.796508,2.980630,-0.270457,0.492475,0.000000,0.000000,0,1
1789814400.572500,4,18.014792,20.709794,-2.978098,19.128000,20.952000,18.028000,20.952000,0.129327,0.607525,0.796508,2.980630,-0.270457,0.492475,0.000000,0.000000,0,1
1789814400.672521,4,18.014792,20.709794,-2.978098,19.128000,20.952000,18.028000,20.952000,0.129327,0.607525,0.796508,2.980630,-0.270457,0.492475,0.000000,0.000000,0,1
1789814400.772497,4,18.014792,20.709794,-2.978098,19.128000,20.952000,18.028000,20.952000,0.129327,0.607525,0.796508,2.980630,-0.270457,0.492475,0.000000,0.000000,0,1
1789814400.872492,4,18.014792,20.709794,-2.978098,19.128000,20.952000,18.028000,20.952000,0.129327,0.607525,0.796508,2.980630,-0.270457,0.492475,0.000000,0.000000,0,1
1789814400.972606,4,18.014792,20.709794,-2.978098,19.128000,20.952000,18.028000,20.952000,0.129327,0.607525,0.796508,2.980630,-0.270457,0.492475,0.000000,0.000000,0,1
1789814401.073012,4,18.014792,20.709794,-2.978098,19.128000,20.952000,18.028000,20.952000,0.129327,0.607525,0.796508,2.980630,-0.270457,0.492475,0.000000,0.000000,0,1
1789814401.172533,4,18.014792,20.709794,-2.978098,19.128000,20.952000,18.028000,20.952000,0.129327,0.607525,0.796508,2.980630,-0.270457,0.492475,0.000000,0.000000,0,1
1789814401.272462,4,18.014792,20.709794,-2.978098,19.128000,20.952000,18.028000,20.952000,0.129327,0.607525,0.796508,2.980630,-0.270457,0.492475,0.000000,0.000000,0,1
1789814401.372569,4,18.014792,20.709794,-2.978098,19.128000,20.952000,18.028000,20.952000,0.129327,0.607525,0.796508,2.980630,-0.270457,0.492475,0.000000,0.000000,0,1
1789814401.472526,4,18.014792,20.709794,-2.978098,19.128000,20.952000,18.028000,20.952000,0.129327,0.607525,0.796508,2.980630,-0.270457,0.492475,0.000000,0.000000,0,1
1789814401.572723,4,18.014792,20.709794,-2.978098,19.128000,20.952000,18.028000,20.952000,0.129327,0.607525,0.796508,2.980630,-0.270457,0.492475,0.000000,0.000000,0,1
1789814401.672524,4,18.014792,20.709794,-2.978098,19.128000,20.952000,18.028000,20.952000,0.129327,0.607525,0.796508,2.980630,-0.270457,0.492475,0.000000,0.000000,0,1
1789814401.772658,4,18.014792,20.709794,-2.978098,19.128000,20.952000,18.028000,20.952000,0.129327,0.607525,0.796508,2.980630,-0.270457,0.492475,0.000000,0.000000,0,1
1789814401.872554,4,18.014792,20.709794,-2.978098,19.128000,20.952000,18.028000,20.952000,0.129327,0.607525,0.796508,2.980630,-0.270457,0.492475,0.000000,0.000000,0,1
1789814401.972973,4,18.014792,20.709794,-2.978098,19.128000,20.952000,18.028000,20.952000,0.129327,0.607525,0.796508,2.980630,-0.270457,0.492475,0.000000,0.000000,0,1
1789814402.072529,4,18.014792,20.709794,-2.978098,19.128000,20.952000,18.028000,20.952000,0.129327,0.607525,0.796508,2.980630,-0.270457,0.492475,0.000000,0.000000,0,1
1789814402.172581,4,18.014792,20.709794,-2.978098,19.128000,20.952000,18.028000,20.952000,0.129327,0.607525,0.796508,2.980630,-0.270457,0.492475,0.000000,0.000000,0,1
1789814402.272577,4,18.014792,20.709794,-2.978098,19.128000,20.952000,18.028000,20.952000,0.129327,0.607525,0.796508,2.980630,-0.270457,0.492475,0.000000,0.000000,0,1
1789814402.372574,4,18.014792,20.709794,-2.978098,19.128000,20.952000,18.028000,20.952000,0.129327,0.607525,0.796508,2.980630,-0.270457,0.492475,0.000000,0.000000,0,1
1789814402.472570,4,18.014792,20.709794,-2.978098,19.128000,20.952000,18.028000,20.952000,0.129327,0.607525,0.796508,2.980630,-0.270457,0.492475,0.000000,0.000000,0,1
1789814402.572552,4,18.014792,20.709794,-2.978098,19.128000,20.952000,18.028000,20.952000,0.129327,0.607525,0.796508,2.980630,-0.270457,0.492475,0.000000,0.000000,0,1
1789814402.672559,4,18.014792,20.709794,-2.978098,19.128000,20.952000,18.028000,20.952000,0.129327,0.607525,0.796508,2.980630,-0.270457,0.492475,0.000000,0.000000,0,1
1789814402.772577,4,18.014792,20.709794,-2.978098,19.128000,20.952000,18.028000,20.952000,0.129327,0.607525,0.796508,2.980630,-0.270457,0.492475,0.000000,0.000000,0,1
1789814402.872588,4,18.014792,20.709794,-2.978098,19.128000,20.952000,18.028000,20.952000,0.129327,0.607525,0.796508,2.980630,-0.270457,0.492475,0.000000,0.000000,0,1
1789814402.972585,4,18.014792,20.709794,-2.978098,19.128000,20.952000,18.028000,20.952000,0.129327,0.607525,0.796508,2.980630,-0.270457,0.492475,0.000000,0.000000,0,1
1789814403.072574,4,18.014792,20.709794,-2.978098,19.128000,20.952000,18.028000,20.952000,0.129327,0.607525,0.796508,2.980630,-0.270457,0.492475,0.000000,0.000000,0,1
1789814403.172576,4,18.014792,20.709794,-2.978098,19.128000,20.952000,18.028000,20.952000,0.129327,0.607525,0.796508,2.980630,-0.270457,0.492475,0.000000,0.000000,0,1
1789814403.272584,4,18.014792,20.709794,-2.978098,19.128000,20.952000,18.028000,20.952000,0.129327,0.607525,0.796508,2.980630,-0.270457,0.492475,0.000000,0.000000,0,1
1789814403.372601,4,18.014792,20.709794,-2.978098,19.128000,20.952000,18.028000,20.952000,0.129327,0.607525,0.796508,2.980630,-0.270457,0.492475,0.000000,0.000000,0,1
1789814403.472626,4,18.014792,20.709794,-2.978098,19.128000,20.952000,18.028000,20.952000,0.129327,0.607525,0.796508,2.980630,-0.270457,0.492475,0.000000,0.000000,0,1
1789814403.572611,4,18.014792,20.709794,-2.978098,19.128000,20.952000,18.028000,20.952000,0.129327,0.607525,0.796508,2.980630,-0.270457,0.492475,0.000000,0.000000,0,1
1789814403.672676,4,18.014792,20.709794,-2.978098,19.128000,20.952000,18.028000,20.952000,0.129327,0.607525,0.796508,2.980630,-0.270457,0.492475,0.000000,0.000000,0,1
1789814403.772656,4,18.014792,20.709794,-2.978098,19.128000,20.952000,18.028000,20.952000,0.129327,0.607525,0.796508,2.980630,-0.270457,0.492475,0.000000,0.000000,0,1
1789814403.872666,4,18.014792,20.709794,-2.978098,19.128000,20.952000,18.028000,20.952000,0.129327,0.607525,0.796508,2.980630,-0.270457,0.492475,0.000000,0.000000,0,1
1789814403.972637,4,18.014792,20.709794,-2.978098,19.128000,20.952000,18.028000,20.952000,0.129327,0.607525,0.796508,2.980630,-0.270457,0.492475,0.000000,0.000000,0,1
1789814404.072603,4,18.014792,20.709794,-2.978098,19.128000,20.952000,18.028000,20.952000,0.129327,0.607525,0.796508,2.980630,-0.270457,0.492475,0.000000,0.000000,0,1
1789814404.172686,4,18.014792,20.709794,-2.978098,19.128000,20.952000,18.028000,20.952000,0.129327,0.607525,0.796508,2.980630,-0.270457,0.492475,0.000000,0.000000,0,1
1789814404.272657,4,18.014792,20.709794,-2.978098,19.128000,20.952000,18.028000,20.952000,0.129327,0.607525,0.796508,2.980630,-0.270457,0.492475,0.000000,0.000000,0,1
1789814404.373667,4,18.014792,20.709794,-2.978098,19.128000,20.952000,18.028000,20.952000,0.129327,0.607525,0.796508,2.980630,-0.270457,0.492475,0.000000,0.000000,0,1
1789814404.472651,4,18.014792,20.709794,-2.978098,19.128000,20.952000,18.028000,20.952000,0.129327,0.607525,0.796508,2.980630,-0.270457,0.492475,0.000000,0.000000,0,1
1789814404.572661,4,18.014792,20.709794,-2.978098,19.128000,20.952000,18.028000,20.952000,0.129327,0.607525,0.796508,2.980630,-0.270457,0.492475,0.000000,0.000000,0,1
1789814404.672868,4,18.014792,20.709794,-2.978098,19.128000,20.952000,18.028000,20.952000,0.129327,0.607525,0.796508,2.980630,-0.270457,0.492475,0.000000,0.000000,0,1
1789814404.772717,4,18.014792,20.709794,-2.978098,19.128000,20.952000,18.028000,20.952000,0.129327,0.607525,0.796508,2.980630,-0.270457,0.492475,0.000000,0.000000,0,1
1789814404.872712,4,18.014792,20.709794,-2.978098,19.128000,20.952000,18.028000,20.952000,0.129327,0.607525,0.796508,2.980630,-0.270457,0.492475,0.000000,0.000000,0,1
1789814404.972706,4,18.014792,20.709794,-2.978098,19.128000,20.952000,18.028000,20.952000,0.129327,0.607525,0.796508,2.980630,-0.270457,0.492475,0.000000,0.000000,0,1
1789814405.072676,4,18.014792,20.709794,-2.978098,19.128000,20.952000,18.028000,20.952000,0.129327,0.607525,0.796508,2.980630,-0.270457,0.492475,0.000000,0.000000,0,1
1789814405.172755,4,18.014792,20.709794,-2.978098,19.128000,20.952000,18.028000,20.952000,0.129327,0.607525,0.796508,2.980630,-0.270457,0.492475,0.000000,0.000000,0,1
1789814405.272696,4,18.014792,20.709794,-2.978098,19.128000,20.952000,18.028000,20.952000,0.129327,0.607525,0.796508,2.980630,-0.270457,0.492475,0.000000,0.000000,0,1
1789814405.372738,4,18.014792,20.709794,-2.978098,19.128000,20.952000,18.028000,20.952000,0.129327,0.607525,0.796508,2.980630,-0.270457,0.492475,0.000000,0.000000,0,1
1789814405.472729,4,18.014792,20.709794,-2.978098,19.128000,20.952000,18.028000,20.952000,0.129327,0.607525,0.796508,2.980630,-0.270457,0.492475,0.000000,0.000000,1,1
1789814405.572737,4,18.014792,20.709794,-2.978098,19.128000,20.952000,18.028000,20.952000,0.129327,0.607525,0.796508,2.980630,-0.270457,0.492475,0.000000,0.000000,1,1
1789814405.672724,4,18.014792,20.709794,-2.978098,19.128000,20.952000,18.028000,20.952000,0.129327,0.607525,0.796508,2.980630,-0.270457,0.492475,0.000000,0.000000,1,1
1789814405.772745,4,18.014792,20.709794,-2.978098,19.128000,20.952000,18.028000,20.952000,0.129327,0.607525,0.796508,2.980630,-0.270457,0.492475,0.000000,0.000000,1,1
1789814405.872754,4,18.014792,20.709794,-2.978098,19.128000,20.952000,18.028000,20.952000,0.129327,0.607525,0.796508,2.980630,-0.270457,0.492475,0.000000,0.000000,1,1
1789814405.972721,4,18.014792,20.709794,-2.978098,19.128000,20.952000,18.028000,20.952000,0.129327,0.607525,0.796508,2.980630,-0.270457,0.492475,0.000000,0.000000,1,1
1789814406.072756,4,18.014792,20.709794,-2.978098,19.128000,20.952000,18.028000,20.952000,0.129327,0.607525,0.796508,2.980630,-0.270457,0.492475,0.000000,0.000000,1,1
1789814406.172771,4,18.014792,20.709794,-2.978098,19.128000,20.952000,18.028000,20.952000,0.129327,0.607525,0.796508,2.980630,-0.270457,0.492475,0.000000,0.000000,1,1
1789814406.273705,4,18.014792,20.709794,-2.978098,19.128000,20.952000,18.028000,20.952000,0.129327,0.607525,0.796508,2.980630,-0.270457,0.492475,0.000000,0.000000,1,1
1789814406.372780,4,18.014792,20.709794,-2.978098,19.128000,20.952000,18.028000,20.952000,0.129327,0.607525,0.796508,2.980630,-0.270457,0.492475,0.000000,0.000000,1,1
1789814406.472813,4,18.014792,20.709794,-2.978098,19.128000,20.952000,18.028000,20.952000,0.129327,0.607525,0.796508,2.980630,-0.270457,0.492475,0.000000,0.000000,1,1
1789814406.572765,4,18.014792,20.709794,-2.978098,19.128000,20.952000,18.028000,20.952000,0.129327,0.607525,0.796508,2.980630,-0.270457,0.492475,0.000000,0.000000,1,1
1789814406.672838,4,18.014792,20.709794,-2.978098,19.128000,20.952000,18.028000,20.952000,0.129327,0.607525,0.796508,2.980630,-0.270457,0.492475,0.000000,0.000000,1,1
1789814406.772788,4,18.014792,20.709794,-2.978098,19.128000,20.952000,18.028000,20.952000,0.129327,0.607525,0.796508,2.980630,-0.270457,0.492475,0.000000,0.000000,1,1
1789814406.872781,4,18.014792,20.709794,-2.978098,19.128000,20.952000,18.028000,20.952000,0.129327,0.607525,0.796508,2.980630,-0.270457,0.492475,0.000000,0.000000,1,1
1789814406.972880,4,18.014792,20.709794,-2.978098,19.128000,20.952000,18.028000,20.952000,0.129327,0.607525,0.796508,2.980630,-0.270457,0.492475,0.000000,0.000000,1,1
1789814407.072798,4,18.014792,20.709794,-2.978098,19.128000,20.952000,18.028000,20.952000,0.129327,0.607525,0.796508,2.980630,-0.270457,0.492475,0.000000,0.000000,1,1
1789814407.172791,4,18.014792,20.709794,-2.978098,19.128000,20.952000,18.028000,20.952000,0.129327,0.607525,0.796508,2.980630,-0.270457,0.492475,0.000000,0.000000,1,1
1789814407.272818,4,18.014792,20.709794,-2.978098,19.128000,20.952000,18.028000,20.952000,0.129327,0.607525,0.796508,2.980630,-0.270457,0.492475,0.000000,0.000000,1,1
1789814407.372832,4,18.014792,20.709794,-2.978098,19.128000,20.952000,18.028000,20.952000,0.129327,0.607525,0.796508,2.980630,-0.270457,0.492475,0.000000,0.000000,1,1
1789814407.472791,4,18.014792,20.709794,-2.978098,19.128000,20.952000,18.028000,20.952000,0.129327,0.607525,0.796508,2.980630,-0.270457,0.492475,0.000000,0.000000,1,1
1789814407.572771,4,18.014792,20.709794,-2.978098,19.128000,20.952000,18.028000,20.952000,0.129327,0.607525,0.796508,2.980630,-0.270457,0.492475,0.000000,0.000000,1,1
1789814407.672904,4,18.014792,20.709794,-2.978098,19.128000,20.952000,18.028000,20.952000,0.129327,0.607525,0.796508,2.980630,-0.270457,0.492475,0.000000,0.000000,1,1
1789814407.772828,4,18.014792,20.709794,-2.978098,19.128000,20.952000,18.028000,20.952000,0.129327,0.607525,0.796508,2.980630,-0.270457,0.492475,0.000000,0.000000,1,1
1789814407.872890,4,18.014792,20.709794,-2.978098,19.128000,20.952000,18.028000,20.952000,0.129327,0.607525,0.796508,2.980630,-0.270457,0.492475,0.000000,0.000000,1,1
1789814407.972844,4,18.014792,20.709794,-2.978098,19.128000,20.952000,18.028000,20.952000,0.129327,0.607525,0.796508,2.980630,-0.270457,0.492475,0.000000,0.000000,1,1
1789814408.072833,4,18.014792,20.709794,-2.978098,19.128000,20.952000,18.028000,20.952000,0.129327,0.607525,0.796508,2.980630,-0.270457,0.492475,0.000000,0.000000,1,1
1789814408.172888,4,18.014792,20.709794,-2.978098,19.128000,20.952000,18.028000,20.952000,0.129327,0.607525,0.796508,2.980630,-0.270457,0.492475,0.000000,0.000000,1,1
1789814408.272855,4,18.014792,20.709794,-2.978098,19.128000,20.952000,18.028000,20.952000,0.129327,0.607525,0.796508,2.980630,-0.270457,0.492475,0.000000,0.000000,1,1
1789814408.372842,4,18.014792,20.709794,-2.978098,19.128000,20.952000,18.028000,20.952000,0.129327,0.607525,0.796508,2.980630,-0.270457,0.492475,0.000000,0.000000,1,1
1789814408.473527,4,18.014792,20.709794,-2.978098,19.128000,20.952000,18.028000,20.952000,0.129327,0.607525,0.796508,2.980630,-0.270457,0.492475,0.000000,0.000000,1,1
1789814408.573019,4,18.014792,20.709794,-2.978098,19.128000,20.952000,18.028000,20.952000,0.129327,0.607525,0.796508,2.980630,-0.270457,0.492475,0.000000,0.000000,1,1
1789814408.672822,4,18.014792,20.709794,-2.978098,19.128000,20.952000,18.028000,20.952000,0.129327,0.607525,0.796508,2.980630,-0.270457,0.492475,0.000000,0.000000,1,1
1789814408.772860,4,18.014792,20.709794,-2.978098,19.128000,20.952000,18.028000,20.952000,0.129327,0.607525,0.796508,2.980630,-0.270457,0.492475,0.000000,0.000000,1,1
1789814408.872969,4,18.014792,20.709794,-2.978098,19.128000,20.952000,18.028000,20.952000,0.129327,0.607525,0.796508,2.980630,-0.270457,0.492475,0.000000,0.000000,1,1
1789814408.972884,4,18.014792,20.709794,-2.978098,19.128000,20.952000,18.028000,20.952000,0.129327,0.607525,0.796508,2.980630,-0.270457,0.492475,0.000000,0.000000,1,1
1789814409.072877,4,18.014792,20.709794,-2.978098,19.128000,20.952000,18.028000,20.952000,0.129327,0.607525,0.796508,2.980630,-0.270457,0.492475,0.000000,0.000000,1,1
1789814409.172918,4,18.014792,20.709794,-2.978098,19.128000,20.952000,18.028000,20.952000,0.129327,0.607525,0.796508,2.980630,-0.270457,0.492475,0.000000,0.000000,1,1
1789814409.272879,4,18.014792,20.709794,-2.978098,19.128000,20.952000,18.028000,20.952000,0.129327,0.607525,0.796508,2.980630,-0.270457,0.492475,0.000000,0.000000,1,1
1789814409.372894,4,18.014792,20.709794,-2.978098,19.128000,20.952000,18.028000,20.952000,0.129327,0.607525,0.796508,2.980630,-0.270457,0.492475,0.000000,0.000000,1,1
1789814409.472921,4,18.014792,20.709794,-2.978098,19.128000,20.952000,18.028000,20.952000,0.129327,0.607525,0.796508,2.980630,-0.270457,0.492475,0.000000,0.000000,1,1
1789814409.572911,4,18.014792,20.709794,-2.978098,19.128000,20.952000,18.028000,20.952000,0.129327,0.607525,0.796508,2.980630,-0.270457,0.492475,0.000000,0.000000,1,1
1789814409.672935,4,18.014792,20.709794,-2.978098,19.128000,20.952000,18.028000,20.952000,0.129327,0.607525,0.796508,2.980630,-0.270457,0.492475,0.000000,0.000000,1,1
1789814409.772913,4,18.014792,20.709794,-2.978098,19.128000,20.952000,18.028000,20.952000,0.129327,0.607525,0.796508,2.980630,-0.270457,0.492475,0.000000,0.000000,1,1
1789814409.873016,4,18.014792,20.709794,-2.978098,19.128000,20.952000,18.028000,20.952000,0.129327,0.607525,0.796508,2.980630,-0.270457,0.492475,0.000000,0.000000,1,1
1789814409.973002,4,18.014792,20.709794,-2.978098,19.128000,20.952000,18.028000,20.952000,0.129327,0.607525,0.796508,2.980630,-0.270457,0.492475,0.000000,0.000000,1,1
1789814410.073247,4,18.014792,20.709794,-2.978098,19.128000,20.952000,18.028000,20.952000,0.129327,0.607525,0.796508,2.980630,-0.270457,0.492475,0.000000,0.000000,0,1
1789814410.173006,4,18.014792,20.709794,-2.978098,19.128000,20.952000,18.028000,20.952000,0.129327,0.607525,0.796508,2.980630,-0.270457,0.492475,0.000000,0.000000,0,1
1789814410.273002,4,18.014792,20.709794,-2.978098,19.128000,20.952000,18.028000,20.952000,0.129327,0.607525,0.796508,2.980630,-0.270457,0.492475,0.000000,0.000000,0,1
1789814410.372976,4,18.014792,20.709794,-2.978098,19.128000,20.952000,18.028000,20.952000,0.129327,0.607525,0.796508,2.980630,-0.270457,0.492475,0.000000,0.000000,0,1
1789814410.473004,4,18.014792,20.709794,-2.978098,19.128000,20.952000,18.028000,20.952000,0.129327,0.607525,0.796508,2.980630,-0.270457,0.492475,0.000000,0.000000,0,1
1789814410.572987,4,18.014792,20.709794,-2.978098,19.128000,20.952000,18.028000,20.952000,0.129327,0.607525,0.796508,2.980630,-0.270457,0.492475,0.000000,0.000000,0,1
1789814410.672967,4,18.014792,20.709794,-2.978098,19.128000,20.952000,18.028000,20.952000,0.129327,0.607525,0.796508,2.980630,-0.270457,0.492475,0.000000,0.000000,0,1
1789814410.773017,4,18.014792,20.709794,-2.978098,19.128000,20.952000,18.028000,20.952000,0.129327,0.607525,0.796508,2.980630,-0.270457,0.492475,0.000000,0.000000,0,1
1789814410.873059,4,18.014792,20.709794,-2.978098,19.128000,20.952000,18.028000,20.952000,0.129327,0.607525,0.796508,2.980630,-0.270457,0.492475,0.000000,0.000000,0,1
1789814410.972997,4,18.014792,20.709794,-2.978098,19.128000,20.952000,18.028000,20.952000,0.129327,0.607525,0.796508,2.980630,-0.270457,0.492475,0.000000,0.000000,0,1
1789814411.073004,4,18.014792,20.709794,-2.978098,19.128000,20.952000,18.028000,20.952000,0.129327,0.607525,0.796508,2.980630,-0.270457,0.492475,0.000000,0.000000,0,1
1789814411.172975,4,18.014792,20.709794,-2.978098,19.128000,20.952000,18.028000,20.952000,0.129327,0.607525,0.796508,2.980630,-0.270457,0.492475,0.000000,0.000000,0,1
1789814411.272990,4,18.014792,20.709794,-2.978098,19.128000,20.952000,18.028000,20.952000,0.129327,0.607525,0.796508,2.980630,-0.270457,0.492475,0.000000,0.000000,0,1
1789814411.374131,4,18.014792,20.709794,-2.978098,19.128000,20.952000,18.028000,20.952000,0.129327,0.607525,0.796508,2.980630,-0.270457,0.492475,0.000000,0.000000,0,1
1789814411.473001,4,18.014792,20.709794,-2.978098,19.128000,20.952000,18.028000,20.952000,0.129327,0.607525,0.796508,2.980630,-0.270457,0.492475,0.000000,0.000000,1,1
1789814411.573119,4,18.014792,20.709794,-2.978098,19.128000,20.952000,18.028000,20.952000,0.129327,0.607525,0.796508,2.980630,-0.270457,0.492475,0.000000,0.000000,1,1
1789814411.673046,4,18.014792,20.709794,-2.978098,19.128000,20.952000,18.028000,20.952000,0.129327,0.607525,0.796508,2.980630,-0.270457,0.492475,0.000000,0.000000,1,1
1789814411.773042,4,18.014792,20.709794,-2.978098,19.128000,20.952000,18.028000,20.952000,0.129327,0.607525,0.796508,2.980630,-0.270457,0.492475,0.000000,0.000000,1,1
1789814411.873053,4,18.014792,20.709794,-2.978098,19.128000,20.952000,18.028000,20.952000,0.129327,0.607525,0.796508,2.980630,-0.270457,0.492475,0.000000,0.000000,1,1
1789814411.973087,4,18.014792,20.709794,-2.978098,19.128000,20.952000,18.028000,20.952000,0.129327,0.607525,0.796508,2.980630,-0.270457,0.492475,0.000000,0.000000,1,1
1789814412.073054,4,18.014792,20.709794,-2.978098,19.128000,20.952000,18.028000,20.952000,0.129327,0.607525,0.796508,2.980630,-0.270457,0.492475,0.000000,0.000000,1,1
1789814412.173055,4,18.014792,20.709794,-2.978098,19.128000,20.952000,18.028000,20.952000,0.129327,0.607525,0.796508,2.980630,-0.270457,0.492475,0.000000,0.000000,1,1
1789814412.273144,4,18.014792,20.709794,-2.978098,19.128000,20.952000,18.028000,20.952000,0.129327,0.607525,0.796508,2.980630,-0.270457,0.492475,0.000000,0.000000,1,1
1789814412.373080,4,18.014792,20.709794,-2.978098,19.128000,20.952000,18.028000,20.952000,0.129327,0.607525,0.796508,2.980630,-0.270457,0.492475,0.000000,0.000000,1,1
1789814412.473089,4,18.014792,20.709794,-2.978098,19.128000,20.952000,18.028000,20.952000,0.129327,0.607525,0.796508,2.980630,-0.270457,0.492475,0.000000,0.000000,1,1
1789814412.573080,4,18.014792,20.709794,-2.978098,19.128000,20.952000,18.028000,20.952000,0.129327,0.607525,0.796508,2.980630,-0.270457,0.492475,0.000000,0.000000,1,1
1789814412.673098,4,18.014792,20.709794,-2.978098,19.128000,20.952000,18.028000,20.952000,0.129327,0.607525,0.796508,2.980630,-0.270457,0.492475,0.000000,0.000000,1,1
1789814412.773082,4,18.014792,20.709794,-2.978098,19.128000,20.952000,18.028000,20.952000,0.129327,0.607525,0.796508,2.980630,-0.270457,0.492475,0.000000,0.000000,1,1
1789814412.873080,4,18.014792,20.709794,-2.978098,19.128000,20.952000,18.028000,20.952000,0.129327,0.607525,0.796508,2.980630,-0.270457,0.492475,0.000000,0.000000,1,1
1789814412.973094,4,18.014792,20.709794,-2.978098,19.128000,20.952000,18.028000,20.952000,0.129327,0.607525,0.796508,2.980630,-0.270457,0.492475,0.000000,0.000000,1,1
1789814413.073097,4,18.014792,20.709794,-2.978098,19.128000,20.952000,18.028000,20.952000,0.129327,0.607525,0.796508,2.980630,-0.270457,0.492475,0.000000,0.000000,1,1
1789814413.173197,4,18.014792,20.709794,-2.978098,19.128000,20.952000,18.028000,20.952000,0.129327,0.607525,0.796508,2.980630,-0.270457,0.492475,0.000000,0.000000,1,1
1789814413.273153,4,18.014792,20.709794,-2.978098,19.128000,20.952000,18.028000,20.952000,0.129327,0.607525,0.796508,2.980630,-0.270457,0.492475,0.000000,0.000000,1,1
1789814413.373158,4,18.014792,20.709794,-2.978098,19.128000,20.952000,18.028000,20.952000,0.129327,0.607525,0.796508,2.980630,-0.270457,0.492475,0.000000,0.000000,1,1
1789814413.473127,4,18.014792,20.709794,-2.978098,19.128000,20.952000,18.028000,20.952000,0.129327,0.607525,0.796508,2.980630,-0.270457,0.492475,0.000000,0.000000,1,1
1789814413.573184,4,18.014792,20.709794,-2.978098,19.128000,20.952000,18.028000,20.952000,0.129327,0.607525,0.796508,2.980630,-0.270457,0.492475,0.000000,0.000000,1,1
1789814413.673360,4,18.014792,20.709794,-2.978098,19.128000,20.952000,18.028000,20.952000,0.129327,0.607525,0.796508,2.980630,-0.270457,0.492475,0.000000,0.000000,1,1
1789814413.773093,4,18.014792,20.709794,-2.978098,19.128000,20.952000,18.028000,20.952000,0.129327,0.607525,0.796508,2.980630,-0.270457,0.492475,0.000000,0.000000,1,1
1789814413.873165,4,18.014792,20.709794,-2.978098,19.128000,20.952000,18.028000,20.952000,0.129327,0.607525,0.796508,2.980630,-0.270457,0.492475,0.000000,0.000000,1,1
1789814413.973132,4,18.014792,20.709794,-2.978098,19.128000,20.952000,18.028000,20.952000,0.129327,0.607525,0.796508,2.980630,-0.270457,0.492475,0.000000,0.000000,1,1
1789814414.073159,4,18.014792,20.709794,-2.978098,19.128000,20.952000,18.028000,20.952000,0.129327,0.607525,0.796508,2.980630,-0.270457,0.492475,0.000000,0.000000,1,1
1789814414.173207,4,18.014792,20.709794,-2.978098,19.128000,20.952000,18.028000,20.952000,0.129327,0.607525,0.796508,2.980630,-0.270457,0.492475,0.000000,0.000000,1,1
1789814414.273153,4,18.014792,20.709794,-2.978098,19.128000,20.952000,18.028000,20.952000,0.129327,0.607525,0.796508,2.980630,-0.270457,0.492475,0.000000,0.000000,1,1
1789814414.373188,4,18.014792,20.709794,-2.978098,19.128000,20.952000,18.028000,20.952000,0.129327,0.607525,0.796508,2.980630,-0.270457,0.492475,0.000000,0.000000,1,1
1789814414.473172,4,18.014792,20.709794,-2.978098,19.128000,20.952000,18.028000,20.952000,0.129327,0.607525,0.796508,2.980630,-0.270457,0.492475,0.000000,0.000000,1,1
1789814414.573225,4,18.014792,20.709794,-2.978098,19.128000,20.952000,18.028000,20.952000,0.129327,0.607525,0.796508,2.980630,-0.270457,0.492475,0.000000,0.000000,1,1
1789814414.679701,4,18.014792,20.709794,-2.978098,19.128000,20.952000,18.028000,20.952000,0.129327,0.607525,0.796508,2.980630,-0.270457,0.492475,0.000000,0.000000,1,1
1789814414.773328,4,18.014792,20.709794,-2.978098,19.128000,20.952000,18.028000,20.952000,0.129327,0.607525,0.796508,2.980630,-0.270457,0.492475,0.000000,0.000000,1,1
1789814414.873300,4,18.014792,20.709794,-2.978098,19.128000,20.952000,18.028000,20.952000,0.129327,0.607525,0.796508,2.980630,-0.270457,0.492475,0.000000,0.000000,1,1
1789814414.973184,4,18.014792,20.709794,-2.978098,19.128000,20.952000,18.028000,20.952000,0.129327,0.607525,0.796508,2.980630,-0.270457,0.492475,0.000000,0.000000,1,1
1789814415.073199,4,18.014792,20.709794,-2.978098,19.128000,20.952000,18.028000,20.952000,0.129327,0.607525,0.796508,2.980630,-0.270457,0.492475,0.000000,0.000000,1,1
1789814415.173188,4,18.014792,20.709794,-2.978098,19.128000,20.952000,18.028000,20.952000,0.129327,0.607525,0.796508,2.980630,-0.270457,0.492475,0.000000,0.000000,1,1
1789814415.273241,4,18.014792,20.709794,-2.978098,19.128000,20.952000,18.028000,20.952000,0.129327,0.607525,0.796508,2.980630,-0.270457,0.492475,0.000000,0.000000,1,1
1789814415.373242,4,18.014792,20.709794,-2.978098,19.128000,20.952000,18.028000,20.952000,0.129327,0.607525,0.796508,2.980630,-0.270457,0.492475,0.000000,0.000000,1,1
1789814415.473260,4,18.014792,20.709794,-2.978098,19.128000,20.952000,18.028000,20.952000,0.129327,0.607525,0.796508,2.980630,-0.270457,0.492475,0.000000,0.000000,1,1
1789814415.573252,4,18.014792,20.709794,-2.978098,19.128000,20.952000,18.028000,20.952000,0.129327,0.607525,0.796508,2.980630,-0.270457,0.492475,0.000000,0.000000,1,1
1789814415.673239,4,18.014792,20.709794,-2.978098,19.128000,20.952000,18.028000,20.952000,0.129327,0.607525,0.796508,2.980630,-0.270457,0.492475,0.000000,0.000000,1,1
1789814415.773224,4,18.014792,20.709794,-2.978098,19.128000,20.952000,18.028000,20.952000,0.129327,0.607525,0.796508,2.980630,-0.270457,0.492475,0.000000,0.000000,1,1
1789814415.873263,4,18.014792,20.709794,-2.978098,19.128000,20.952000,18.028000,20.952000,0.129327,0.607525,0.796508,2.980630,-0.270457,0.492475,0.000000,0.000000,1,1
1789814415.973288,4,18.014792,20.709794,-2.978098,19.128000,20.952000,18.028000,20.952000,0.129327,0.607525,0.796508,2.980630,-0.270457,0.492475,0.000000,0.000000,1,1
1789814416.073265,4,18.014792,20.709794,-2.978098,19.128000,20.952000,18.028000,20.952000,0.129327,0.607525,0.796508,2.980630,-0.270457,0.492475,0.000000,0.000000,1,1
1789814416.173252,4,18.014792,20.709794,-2.978098,19.128000,20.952000,18.028000,20.952000,0.129327,0.607525,0.796508,2.980630,-0.270457,0.492475,0.000000,0.000000,1,1
1789814416.273295,4,18.014792,20.709794,-2.978098,19.128000,20.952000,18.028000,20.952000,0.129327,0.607525,0.796508,2.980630,-0.270457,0.492475,0.000000,0.000000,1,1
1789814416.374272,4,18.014792,20.709794,-2.978098,19.128000,20.952000,18.028000,20.952000,0.129327,0.607525,0.796508,2.980630,-0.270457,0.492475,0.000000,0.000000,1,1
1789814416.473296,4,18.014792,20.709794,-2.978098,19.128000,20.952000,18.028000,20.952000,0.129327,0.607525,0.796508,2.980630,-0.270457,0.492475,0.000000,0.000000,1,1
1789814416.573534,4,18.014792,20.709794,-2.978098,19.128000,20.952000,18.028000,20.952000,0.129327,0.607525,0.796508,2.980630,-0.270457,0.492475,0.000000,0.000000,1,1
1789814416.673316,4,18.014792,20.709794,-2.978098,19.128000,20.952000,18.028000,20.952000,0.129327,0.607525,0.796508,2.980630,-0.270457,0.492475,0.000000,0.000000,0,1
1789814416.773289,4,18.014792,20.709794,-2.978098,19.128000,20.952000,18.028000,20.952000,0.129327,0.607525,0.796508,2.980630,-0.270457,0.492475,0.000000,0.000000,0,1
1789814416.873538,4,18.014792,20.709794,-2.978098,19.128000,20.952000,18.028000,20.952000,0.129327,0.607525,0.796508,2.980630,-0.270457,0.492475,0.000000,0.000000,0,1
1789814416.973284,4,18.014792,20.709794,-2.978098,19.128000,20.952000,18.028000,20.952000,0.129327,0.607525,0.796508,2.980630,-0.270457,0.492475,0.000000,0.000000,0,1
1789814417.073320,4,18.014792,20.709794,-2.978098,19.128000,20.952000,18.028000,20.952000,0.129327,0.607525,0.796508,2.980630,-0.270457,0.492475,0.000000,0.000000,0,1
1789814417.173287,4,18.014792,20.709794,-2.978098,19.128000,20.952000,18.028000,20.952000,0.129327,0.607525,0.796508,2.980630,-0.270457,0.492475,0.000000,0.000000,0,1
1789814417.273283,4,18.014792,20.709794,-2.978098,19.128000,20.952000,18.028000,20.952000,0.129327,0.607525,0.796508,2.980630,-0.270457,0.492475,0.000000,0.000000,0,1
1789814417.373420,4,18.014792,20.709794,-2.978098,19.128000,20.952000,18.028000,20.952000,0.129327,0.607525,0.796508,2.980630,-0.270457,0.492475,0.000000,0.000000,0,1
1789814417.473318,4,18.014792,20.709794,-2.978098,19.128000,20.952000,18.028000,20.952000,0.129327,0.607525,0.796508,2.980630,-0.270457,0.492475,0.000000,0.000000,0,1
1789814417.573324,4,18.014792,20.709794,-2.978098,19.128000,20.952000,18.028000,20.952000,0.129327,0.607525,0.796508,2.980630,-0.270457,0.492475,0.000000,0.000000,1,1
1789814417.673347,4,18.014792,20.709794,-2.978098,19.128000,20.952000,18.028000,20.952000,0.129327,0.607525,0.796508,2.980630,-0.270457,0.492475,0.000000,0.000000,1,1
1789814417.773347,4,18.014792,20.709794,-2.978098,19.128000,20.952000,18.028000,20.952000,0.129327,0.607525,0.796508,2.980630,-0.270457,0.492475,0.000000,0.000000,1,1
1789814417.873351,4,18.014792,20.709794,-2.978098,19.128000,20.952000,18.028000,20.952000,0.129327,0.607525,0.796508,2.980630,-0.270457,0.492475,0.000000,0.000000,1,1
1789814417.973345,4,18.014792,20.709794,-2.978098,19.128000,20.952000,18.028000,20.952000,0.129327,0.607525,0.796508,2.980630,-0.270457,0.492475,0.000000,0.000000,0,1
1789814418.073347,4,18.014792,20.709794,-2.978098,19.128000,20.952000,18.028000,20.952000,0.129327,0.607525,0.796508,2.980630,-0.270457,0.492475,0.000000,0.000000,0,1
1789814418.173368,4,18.014792,20.709794,-2.978098,19.128000,20.952000,18.028000,20.952000,0.129327,0.607525,0.796508,2.980630,-0.270457,0.492475,0.000000,0.000000,0,1
1789814418.273334,4,18.014792,20.709794,-2.978098,19.128000,20.952000,18.028000,20.952000,0.129327,0.607525,0.796508,2.980630,-0.270457,0.492475,0.000000,0.000000,0,1
1789814418.374053,4,18.014792,20.709794,-2.978098,19.128000,20.952000,18.028000,20.952000,0.129327,0.607525,0.796508,2.980630,-0.270457,0.492475,0.000000,0.000000,0,1
1789814418.473366,4,18.014792,20.709794,-2.978098,19.128000,20.952000,18.028000,20.952000,0.129327,0.607525,0.796508,2.980630,-0.270457,0.492475,0.000000,0.000000,0,1
1789814418.573515,4,18.014792,20.709794,-2.978098,19.128000,20.952000,18.028000,20.952000,0.129327,0.607525,0.796508,2.980630,-0.270457,0.492475,0.000000,0.000000,0,1
1789814418.673374,4,18.014792,20.709794,-2.978098,19.128000,20.952000,18.028000,20.952000,0.129327,0.607525,0.796508,2.980630,-0.270457,0.492475,0.000000,0.000000,0,1
1789814418.773407,4,18.014792,20.709794,-2.978098,19.128000,20.952000,18.028000,20.952000,0.129327,0.607525,0.796508,2.980630,-0.270457,0.492475,0.000000,0.000000,0,1
1789814418.873372,4,18.014792,20.709794,-2.978098,19.128000,20.952000,18.028000,20.952000,0.129327,0.607525,0.796508,2.980630,-0.270457,0.492475,0.000000,0.000000,0,1
1789814418.973403,4,18.014792,20.709794,-2.978098,19.128000,20.952000,18.028000,20.952000,0.129327,0.607525,0.796508,2.980630,-0.270457,0.492475,0.000000,0.000000,0,1
1789814419.073389,4,18.014792,20.709794,-2.978098,19.128000,20.952000,18.028000,20.952000,0.129327,0.607525,0.796508,2.980630,-0.270457,0.492475,0.000000,0.000000,0,1
1789814419.173402,4,18.014792,20.709794,-2.978098,19.128000,20.952000,18.028000,20.952000,0.129327,0.607525,0.796508,2.980630,-0.270457,0.492475,0.000000,0.000000,0,1
1789814419.273403,4,18.014792,20.709794,-2.978098,19.128000,20.952000,18.028000,20.952000,0.129327,0.607525,0.796508,2.980630,-0.270457,0.492475,0.000000,0.000000,0,1
1789814419.373414,4,18.014792,20.709794,-2.978098,19.128000,20.952000,18.028000,20.952000,0.129327,0.607525,0.796508,2.980630,-0.270457,0.492475,0.000000,0.000000,0,1
1789814419.473542,4,18.014792,20.709794,-2.978098,19.128000,20.952000,18.028000,20.952000,0.129327,0.607525,0.796508,2.980630,-0.270457,0.492475,0.000000,0.000000,0,1
1789814419.573412,4,18.014792,20.709794,-2.978098,19.128000,20.952000,18.028000,20.952000,0.129327,0.607525,0.796508,2.980630,-0.270457,0.492475,0.000000,0.000000,0,1
1789814419.673407,4,18.014792,20.709794,-2.978098,19.128000,20.952000,18.028000,20.952000,0.129327,0.607525,0.796508,2.980630,-0.270457,0.492475,0.000000,0.000000,0,1
1789814419.773438,4,18.014792,20.709794,-2.978098,19.128000,20.952000,18.028000,20.952000,0.129327,0.607525,0.796508,2.980630,-0.270457,0.492475,0.000000,0.000000,0,1
1789814419.873430,4,18.014792,20.709794,-2.978098,19.128000,20.952000,18.028000,20.952000,0.129327,0.607525,0.796508,2.980630,-0.270457,0.492475,0.000000,0.000000,0,1
1789814419.973421,4,18.014792,20.709794,-2.978098,19.128000,20.952000,18.028000,20.952000,0.129327,0.607525,0.796508,2.980630,-0.270457,0.492475,0.000000,0.000000,0,1
1789814420.073454,4,18.014792,20.709794,-2.978098,19.128000,20.952000,18.028000,20.952000,0.129327,0.607525,0.796508,2.980630,-0.270457,0.492475,0.000000,0.000000,0,1
1789814420.173456,4,18.014792,20.709794,-2.978098,19.128000,20.952000,18.028000,20.952000,0.129327,0.607525,0.796508,2.980630,-0.270457,0.492475,0.000000,0.000000,0,1
1789814420.273485,4,18.014792,20.709794,-2.978098,19.128000,20.952000,18.028000,20.952000,0.129327,0.607525,0.796508,2.980630,-0.270457,0.492475,0.000000,0.000000,0,1
1789814420.373685,4,18.014792,20.709794,-2.978098,19.128000,20.952000,18.028000,20.952000,0.129327,0.607525,0.796508,2.980630,-0.270457,0.492475,0.000000,0.000000,0,1
1789814420.473489,4,18.014792,20.709794,-2.978098,19.128000,20.952000,18.028000,20.952000,0.129327,0.607525,0.796508,2.980630,-0.270457,0.492475,0.000000,0.000000,0,1
1789814420.573479,4,18.014792,20.709794,-2.978098,19.128000,20.952000,18.028000,20.952000,0.129327,0.607525,0.796508,2.980630,-0.270457,0.492475,0.000000,0.000000,0,1
1789814420.673473,4,18.014792,20.709794,-2.978098,19.128000,20.952000,18.028000,20.952000,0.129327,0.607525,0.796508,2.980630,-0.270457,0.492475,0.000000,0.000000,0,1
1789814420.773499,4,18.014792,20.709794,-2.978098,19.128000,20.952000,18.028000,20.952000,0.129327,0.607525,0.796508,2.980630,-0.270457,0.492475,0.000000,0.000000,0,1
1789814420.873483,4,18.014792,20.709794,-2.978098,19.128000,20.952000,18.028000,20.952000,0.129327,0.607525,0.796508,2.980630,-0.270457,0.492475,0.000000,0.000000,0,1
1789814420.973417,4,18.014792,20.709794,-2.978098,19.128000,20.952000,18.028000,20.952000,0.129327,0.607525,0.796508,2.980630,-0.270457,0.492475,0.000000,0.000000,0,1
1789814421.073512,4,18.014792,20.709794,-2.978098,19.128000,20.952000,18.028000,20.952000,0.129327,0.607525,0.796508,2.980630,-0.270457,0.492475,0.000000,0.000000,0,1
1789814421.173520,4,18.014792,20.709794,-2.978098,19.128000,20.952000,18.028000,20.952000,0.129327,0.607525,0.796508,2.980630,-0.270457,0.492475,0.000000,0.000000,0,1
1789814421.273522,4,18.014792,20.709794,-2.978098,19.128000,20.952000,18.028000,20.952000,0.129327,0.607525,0.796508,2.980630,-0.270457,0.492475,0.000000,0.000000,0,1
1789814421.373649,4,18.014792,20.709794,-2.978098,19.128000,20.952000,18.028000,20.952000,0.129327,0.607525,0.796508,2.980630,-0.270457,0.492475,0.000000,0.000000,0,1
1789814421.473495,4,18.014792,20.709794,-2.978098,19.128000,20.952000,18.028000,20.952000,0.129327,0.607525,0.796508,2.980630,-0.270457,0.492475,0.000000,0.000000,0,1
1789814421.573632,4,18.014792,20.709794,-2.978098,19.128000,20.952000,18.028000,20.952000,0.129327,0.607525,0.796508,2.980630,-0.270457,0.492475,0.000000,0.000000,0,1
1789814421.673550,4,18.014792,20.709794,-2.978098,19.128000,20.952000,18.028000,20.952000,0.129327,0.607525,0.796508,2.980630,-0.270457,0.492475,0.000000,0.000000,0,1
1789814421.773514,4,18.014792,20.709794,-2.978098,19.128000,20.952000,18.028000,20.952000,0.129327,0.607525,0.796508,2.980630,-0.270457,0.492475,0.000000,0.000000,0,1
1789814421.873558,4,18.014792,20.709794,-2.978098,19.128000,20.952000,18.028000,20.952000,0.129327,0.607525,0.796508,2.980630,-0.270457,0.492475,0.000000,0.000000,0,1
1789814421.973593,4,18.014792,20.709794,-2.978098,19.128000,20.952000,18.028000,20.952000,0.129327,0.607525,0.796508,2.980630,-0.270457,0.492475,0.000000,0.000000,0,1
1789814422.073566,4,18.014792,20.709794,-2.978098,19.128000,20.952000,18.028000,20.952000,0.129327,0.607525,0.796508,2.980630,-0.270457,0.492475,0.000000,0.000000,0,1
1789814422.173576,4,18.014792,20.709794,-2.978098,19.128000,20.952000,18.028000,20.952000,0.129327,0.607525,0.796508,2.980630,-0.270457,0.492475,0.000000,0.000000,0,1
1789814422.275856,4,18.014792,20.709794,-2.978098,19.128000,20.952000,18.028000,20.952000,0.129327,0.607525,0.796508,2.980630,-0.270457,0.492475,0.000000,0.000000,0,1
1789814422.373576,4,18.014792,20.709794,-2.978098,19.128000,20.952000,18.028000,20.952000,0.129327,0.607525,0.796508,2.980630,-0.270457,0.492475,0.000000,0.000000,0,1
1789814422.475088,4,18.014792,20.709794,-2.978098,19.128000,20.952000,18.028000,20.952000,0.129327,0.607525,0.796508,2.980630,-0.270457,0.492475,0.000000,0.000000,0,1
1789814422.573574,4,18.014792,20.709794,-2.978098,19.128000,20.952000,18.028000,20.952000,0.129327,0.607525,0.796508,2.980630,-0.270457,0.492475,0.000000,0.000000,0,1
1789814422.673617,4,18.014792,20.709794,-2.978098,19.128000,20.952000,18.028000,20.952000,0.129327,0.607525,0.796508,2.980630,-0.270457,0.492475,0.000000,0.000000,0,1
1789814422.773671,4,18.014792,20.709794,-2.978098,19.128000,20.952000,18.028000,20.952000,0.129327,0.607525,0.796508,2.980630,-0.270457,0.492475,0.000000,0.000000,0,1
1789814422.873648,4,18.014792,20.709794,-2.978098,19.128000,20.952000,18.028000,20.952000,0.129327,0.607525,0.796508,2.980630,-0.270457,0.492475,0.000000,0.000000,0,1
1789814422.973588,4,18.014792,20.709794,-2.978098,19.128000,20.952000,18.028000,20.952000,0.129327,0.607525,0.796508,2.980630,-0.270457,0.492475,0.000000,0.000000,0,1
1789814423.073662,4,18.014792,20.709794,-2.978098,19.128000,20.952000,18.028000,20.952000,0.129327,0.607525,0.796508,2.980630,-0.270457,0.492475,0.000000,0.000000,0,1
1789814423.173583,4,18.014792,20.709794,-2.978098,19.128000,20.952000,18.028000,20.952000,0.129327,0.607525,0.796508,2.980630,-0.270457,0.492475,0.000000,0.000000,0,1
1789814423.273591,4,18.014792,20.709794,-2.978098,19.128000,20.952000,18.028000,20.952000,0.129327,0.607525,0.796508,2.980630,-0.270457,0.492475,0.000000,0.000000,0,1
1789814423.374081,4,18.014792,20.709794,-2.978098,19.128000,20.952000,18.028000,20.952000,0.129327,0.607525,0.796508,2.980630,-0.270457,0.492475,0.000000,0.000000,0,1
1789814423.473646,4,18.014792,20.709794,-2.978098,19.128000,20.952000,18.028000,20.952000,0.129327,0.607525,0.796508,2.980630,-0.270457,0.492475,0.000000,0.000000,0,1
1789814423.574081,4,18.014792,20.709794,-2.978098,19.128000,20.952000,18.028000,20.952000,0.129327,0.607525,0.796508,2.980630,-0.270457,0.492475,0.000000,0.000000,0,1
1789814423.673660,4,18.014792,20.709794,-2.978098,19.128000,20.952000,18.028000,20.952000,0.129327,0.607525,0.796508,2.980630,-0.270457,0.492475,0.000000,0.000000,0,1
1789814423.773681,4,18.014792,20.709794,-2.978098,19.128000,20.952000,18.028000,20.952000,0.129327,0.607525,0.796508,2.980630,-0.270457,0.492475,0.000000,0.000000,0,1
1789814423.873801,4,18.014792,20.709794,-2.978098,19.128000,20.952000,18.028000,20.952000,0.129327,0.607525,0.796508,2.980630,-0.270457,0.492475,0.000000,0.000000,0,1
1789814423.973650,4,18.014792,20.709794,-2.978098,19.128000,20.952000,18.028000,20.952000,0.129327,0.607525,0.796508,2.980630,-0.270457,0.492475,0.000000,0.000000,0,1
1789814424.073673,4,18.014792,20.709794,-2.978098,19.128000,20.952000,18.028000,20.952000,0.129327,0.607525,0.796508,2.980630,-0.270457,0.492475,0.000000,0.000000,0,1
1789814424.173673,4,18.014792,20.709794,-2.978098,19.128000,20.952000,18.028000,20.952000,0.129327,0.607525,0.796508,2.980630,-0.270457,0.492475,0.000000,0.000000,0,1
1789814424.273667,4,18.014792,20.709794,-2.978098,19.128000,20.952000,18.028000,20.952000,0.129327,0.607525,0.796508,2.980630,-0.270457,0.492475,0.000000,0.000000,0,1
1789814424.373695,4,18.014792,20.709794,-2.978098,19.128000,20.952000,18.028000,20.952000,0.129327,0.607525,0.796508,2.980630,-0.270457,0.492475,0.000000,0.000000,0,1
1789814424.473967,4,18.014792,20.709794,-2.978098,19.128000,20.952000,18.028000,20.952000,0.129327,0.607525,0.796508,2.980630,-0.270457,0.492475,0.000000,0.000000,0,1
1789814424.573754,4,18.014792,20.709794,-2.978098,19.128000,20.952000,18.028000,20.952000,0.129327,0.607525,0.796508,2.980630,-0.270457,0.492475,0.000000,0.000000,0,1
1789814424.673714,4,18.014792,20.709794,-2.978098,19.128000,20.952000,18.028000,20.952000,0.129327,0.607525,0.796508,2.980630,-0.270457,0.492475,0.000000,0.000000,0,1
1789814424.773681,4,18.014792,20.709794,-2.978098,19.128000,20.952000,18.028000,20.952000,0.129327,0.607525,0.796508,2.980630,-0.270457,0.492475,0.000000,0.000000,0,1
1789814424.873698,4,18.014792,20.709794,-2.978098,19.128000,20.952000,18.028000,20.952000,0.129327,0.607525,0.796508,2.980630,-0.270457,0.492475,0.000000,0.000000,0,1
1789814424.973777,4,18.014792,20.709794,-2.978098,19.128000,20.952000,18.028000,20.952000,0.129327,0.607525,0.796508,2.980630,-0.270457,0.492475,0.000000,0.000000,0,1
1789814425.073694,4,18.014792,20.709794,-2.978098,19.128000,20.952000,18.028000,20.952000,0.129327,0.607525,0.796508,2.980630,-0.270457,0.492475,0.000000,0.000000,0,1
1789814425.173697,4,18.014792,20.709794,-2.978098,19.128000,20.952000,18.028000,20.952000,0.129327,0.607525,0.796508,2.980630,-0.270457,0.492475,0.000000,0.000000,0,1
1789814425.273699,4,18.014792,20.709794,-2.978098,19.128000,20.952000,18.028000,20.952000,0.129327,0.607525,0.796508,2.980630,-0.270457,0.492475,0.000000,0.000000,0,1
1789814425.373770,4,18.014792,20.709794,-2.978098,19.128000,20.952000,18.028000,20.952000,0.129327,0.607525,0.796508,2.980630,-0.270457,0.492475,0.000000,0.000000,0,1
1789814425.473718,4,18.014792,20.709794,-2.978098,19.128000,20.952000,18.028000,20.952000,0.129327,0.607525,0.796508,2.980630,-0.270457,0.492475,0.000000,0.000000,0,1
1789814425.578358,4,18.014792,20.709794,-2.978098,19.128000,20.952000,18.028000,20.952000,0.129327,0.607525,0.796508,2.980630,-0.270457,0.492475,0.000000,0.000000,0,1
1789814425.673756,4,18.014792,20.709794,-2.978098,19.128000,20.952000,18.028000,20.952000,0.129327,0.607525,0.796508,2.980630,-0.270457,0.492475,0.000000,0.000000,0,1
1789814425.773798,4,18.014792,20.709794,-2.978098,19.128000,20.952000,18.028000,20.952000,0.129327,0.607525,0.796508,2.980630,-0.270457,0.492475,0.000000,0.000000,0,1
1789814425.873758,4,18.014792,20.709794,-2.978098,19.128000,20.952000,18.028000,20.952000,0.129327,0.607525,0.796508,2.980630,-0.270457,0.492475,0.000000,0.000000,0,1
1789814425.973803,4,18.014792,20.709794,-2.978098,19.128000,20.952000,18.028000,20.952000,0.129327,0.607525,0.796508,2.980630,-0.270457,0.492475,0.000000,0.000000,0,1
1789814426.073765,4,18.014792,20.709794,-2.978098,19.128000,20.952000,18.028000,20.952000,0.129327,0.607525,0.796508,2.980630,-0.270457,0.492475,0.000000,0.000000,0,1
1789814426.173753,4,18.014792,20.709794,-2.978098,19.128000,20.952000,18.028000,20.952000,0.129327,0.607525,0.796508,2.980630,-0.270457,0.492475,0.000000,0.000000,0,1
1789814426.273762,4,18.014792,20.709794,-2.978098,19.128000,20.952000,18.028000,20.952000,0.129327,0.607525,0.796508,2.980630,-0.270457,0.492475,0.000000,0.000000,0,1
1789814426.373770,4,18.014792,20.709794,-2.978098,19.128000,20.952000,18.028000,20.952000,0.129327,0.607525,0.796508,2.980630,-0.270457,0.492475,0.000000,0.000000,0,1
1789814426.474103,4,18.014792,20.709794,-2.978098,19.128000,20.952000,18.028000,20.952000,0.129327,0.607525,0.796508,2.980630,-0.270457,0.492475,0.000000,0.000000,0,1
1789814426.573842,4,18.014792,20.709794,-2.978098,19.128000,20.952000,18.028000,20.952000,0.129327,0.607525,0.796508,2.980630,-0.270457,0.492475,0.000000,0.000000,0,1
1789814426.673784,4,18.014792,20.709794,-2.978098,19.128000,20.952000,18.028000,20.952000,0.129327,0.607525,0.796508,2.980630,-0.270457,0.492475,0.000000,0.000000,0,1
1789814426.773807,4,18.014792,20.709794,-2.978098,19.128000,20.952000,18.028000,20.952000,0.129327,0.607525,0.796508,2.980630,-0.270457,0.492475,0.000000,0.000000,0,1
1789814426.873807,4,18.014792,20.709794,-2.978098,19.128000,20.952000,18.028000,20.952000,0.129327,0.607525,0.796508,2.980630,-0.270457,0.492475,0.000000,0.000000,0,1
1789814426.973833,4,18.014792,20.709794,-2.978098,19.128000,20.952000,18.028000,20.952000,0.129327,0.607525,0.796508,2.980630,-0.270457,0.492475,0.000000,0.000000,0,1
1789814427.073869,4,18.014792,20.709794,-2.978098,19.128000,20.952000,18.028000,20.952000,0.129327,0.607525,0.796508,2.980630,-0.270457,0.492475,0.000000,0.000000,0,1
1789814427.173804,4,18.014792,20.709794,-2.978098,19.128000,20.952000,18.028000,20.952000,0.129327,0.607525,0.796508,2.980630,-0.270457,0.492475,0.000000,0.000000,0,1
1789814427.273793,4,18.014792,20.709794,-2.978098,19.128000,20.952000,18.028000,20.952000,0.129327,0.607525,0.796508,2.980630,-0.270457,0.492475,0.000000,0.000000,0,1
1789814427.373833,4,18.014792,20.709794,-2.978098,19.128000,20.952000,18.028000,20.952000,0.129327,0.607525,0.796508,2.980630,-0.270457,0.492475,0.000000,0.000000,0,1
1789814427.473826,4,18.014792,20.709794,-2.978098,19.128000,20.952000,18.028000,20.952000,0.129327,0.607525,0.796508,2.980630,-0.270457,0.492475,0.000000,0.000000,0,1
1789814427.573817,4,18.014792,20.709794,-2.978098,19.128000,20.952000,18.028000,20.952000,0.129327,0.607525,0.796508,2.980630,-0.270457,0.492475,0.000000,0.000000,0,1
1789814427.673850,4,18.014792,20.709794,-2.978098,19.128000,20.952000,18.028000,20.952000,0.129327,0.607525,0.796508,2.980630,-0.270457,0.492475,0.000000,0.000000,0,1
1789814427.773838,4,18.014792,20.709794,-2.978098,19.128000,20.952000,18.028000,20.952000,0.129327,0.607525,0.796508,2.980630,-0.270457,0.492475,0.000000,0.000000,0,1
1789814427.873810,4,18.014792,20.709794,-2.978098,19.128000,20.952000,18.028000,20.952000,0.129327,0.607525,0.796508,2.980630,-0.270457,0.492475,0.000000,0.000000,0,1
1789814427.973830,4,18.014792,20.709794,-2.978098,19.128000,20.952000,18.028000,20.952000,0.129327,0.607525,0.796508,2.980630,-0.270457,0.492475,0.000000,0.000000,0,1
1789814428.073858,4,18.014792,20.709794,-2.978098,19.128000,20.952000,18.028000,20.952000,0.129327,0.607525,0.796508,2.980630,-0.270457,0.492475,0.000000,0.000000,0,1
1789814428.173812,4,18.014792,20.709794,-2.978098,19.128000,20.952000,18.028000,20.952000,0.129327,0.607525,0.796508,2.980630,-0.270457,0.492475,0.000000,0.000000,0,1
1789814428.273890,4,18.014792,20.709794,-2.978098,19.128000,20.952000,18.028000,20.952000,0.129327,0.607525,0.796508,2.980630,-0.270457,0.492475,0.000000,0.000000,0,1
1789814428.373849,4,18.014792,20.709794,-2.978098,19.128000,20.952000,18.028000,20.952000,0.129327,0.607525,0.796508,2.980630,-0.270457,0.492475,0.000000,0.000000,0,1
1789814428.473873,4,18.014792,20.709794,-2.978098,19.128000,20.952000,18.028000,20.952000,0.129327,0.607525,0.796508,2.980630,-0.270457,0.492475,0.000000,0.000000,0,1
1789814428.573894,4,18.014792,20.709794,-2.978098,19.128000,20.952000,18.028000,20.952000,0.129327,0.607525,0.796508,2.980630,-0.270457,0.492475,0.000000,0.000000,0,1
1789814428.673826,4,18.014792,20.709794,-2.978098,19.128000,20.952000,18.028000,20.952000,0.129327,0.607525,0.796508,2.980630,-0.270457,0.492475,0.000000,0.000000,0,1
1789814428.773943,4,18.014792,20.709794,-2.978098,19.128000,20.952000,18.028000,20.952000,0.129327,0.607525,0.796508,2.980630,-0.270457,0.492475,0.000000,0.000000,0,1
1789814428.874754,4,18.014792,20.709794,-2.978098,19.128000,20.952000,18.028000,20.952000,0.129327,0.607525,0.796508,2.980630,-0.270457,0.492475,0.000000,0.000000,0,1
1789814428.973905,4,18.014792,20.709794,-2.978098,19.128000,20.952000,18.028000,20.952000,0.129327,0.607525,0.796508,2.980630,-0.270457,0.492475,0.000000,0.000000,0,1
1789814429.073915,4,18.014792,20.709794,-2.978098,19.128000,20.952000,18.028000,20.952000,0.129327,0.607525,0.796508,2.980630,-0.270457,0.492475,0.000000,0.000000,0,1
1789814429.174063,4,18.014792,20.709794,-2.978098,19.128000,20.952000,18.028000,20.952000,0.129327,0.607525,0.796508,2.980630,-0.270457,0.492475,0.000000,0.000000,0,1
1789814429.273890,4,18.014792,20.709794,-2.978098,19.128000,20.952000,18.028000,20.952000,0.129327,0.607525,0.796508,2.980630,-0.270457,0.492475,0.000000,0.000000,0,1
1789814429.373888,4,18.014792,20.709794,-2.978098,19.128000,20.952000,18.028000,20.952000,0.129327,0.607525,0.796508,2.980630,-0.270457,0.492475,0.000000,0.000000,0,1
1789814429.474309,4,18.014792,20.709794,-2.978098,19.128000,20.952000,18.028000,20.952000,0.129327,0.607525,0.796508,2.980630,-0.270457,0.492475,0.000000,0.000000,0,1
1789814429.573968,4,18.014792,20.709794,-2.978098,19.128000,20.952000,18.028000,20.952000,0.129327,0.607525,0.796508,2.980630,-0.270457,0.492475,0.000000,0.000000,0,1
1789814429.675696,4,18.014792,20.709794,-2.978098,19.128000,20.952000,18.028000,20.952000,0.129327,0.607525,0.796508,2.980630,-0.270457,0.492475,0.000000,0.000000,0,1
1789814429.774165,4,18.014792,20.709794,-2.978098,19.128000,20.952000,18.028000,20.952000,0.129327,0.607525,0.796508,2.980630,-0.270457,0.492475,0.000000,0.000000,0,1
1789814429.878341,4,18.014792,20.709794,-2.978098,19.128000,20.952000,18.028000,20.952000,0.129327,0.607525,0.796508,2.980630,-0.270457,0.492475,0.000000,0.000000,0,1
1789814429.974078,4,18.014792,20.709794,-2.978098,19.128000,20.952000,18.028000,20.952000,0.129327,0.607525,0.796508,2.980630,-0.270457,0.492475,0.000000,0.000000,0,1
1789814430.074172,4,18.014792,20.709794,-2.978098,19.128000,20.952000,18.028000,20.952000,0.129327,0.607525,0.796508,2.980630,-0.270457,0.492475,0.000000,0.000000,0,1
1789814430.173928,4,18.014792,20.709794,-2.978098,19.128000,20.952000,18.028000,20.952000,0.129327,0.607525,0.796508,2.980630,-0.270457,0.492475,0.000000,0.000000,0,1
1789814430.274046,4,18.014792,20.709794,-2.978098,19.128000,20.952000,18.028000,20.952000,0.129327,0.607525,0.796508,2.980630,-0.270457,0.492475,0.000000,0.000000,0,1
1789814430.373979,4,18.014792,20.709794,-2.978098,19.128000,20.952000,18.028000,20.952000,0.129327,0.607525,0.796508,2.980630,-0.270457,0.492475,0.000000,0.000000,0,1
1789814430.474046,4,18.014792,20.709794,-2.978098,19.128000,20.952000,18.028000,20.952000,0.129327,0.607525,0.796508,2.980630,-0.270457,0.492475,0.000000,0.000000,0,1
1789814430.573972,4,18.014792,20.709794,-2.978098,19.128000,20.952000,18.028000,20.952000,0.129327,0.607525,0.796508,2.980630,-0.270457,0.492475,0.000000,0.000000,0,1
1789814430.674095,4,18.014792,20.709794,-2.978098,19.128000,20.952000,18.028000,20.952000,0.129327,0.607525,0.796508,2.980630,-0.270457,0.492475,0.000000,0.000000,0,1
1789814430.773979,4,18.014792,20.709794,-2.978098,19.128000,20.952000,18.028000,20.952000,0.129327,0.607525,0.796508,2.980630,-0.270457,0.492475,0.000000,0.000000,0,1
1789814430.874079,4,18.014792,20.709794,-2.978098,19.128000,20.952000,18.028000,20.952000,0.129327,0.607525,0.796508,2.980630,-0.270457,0.492475,0.000000,0.000000,0,1
1789814430.974049,4,18.014792,20.709794,-2.978098,19.128000,20.952000,18.028000,20.952000,0.129327,0.607525,0.796508,2.980630,-0.270457,0.492475,0.000000,0.000000,0,1
1789814431.074072,4,18.014792,20.709794,-2.978098,19.128000,20.952000,18.028000,20.952000,0.129327,0.607525,0.796508,2.980630,-0.270457,0.492475,0.000000,0.000000,0,1
1789814431.174058,4,18.014792,20.709794,-2.978098,19.128000,20.952000,18.028000,20.952000,0.129327,0.607525,0.796508,2.980630,-0.270457,0.492475,0.000000,0.000000,0,1
1789814431.274179,4,18.014792,20.709794,-2.978098,19.128000,20.952000,18.028000,20.952000,0.129327,0.607525,0.796508,2.980630,-0.270457,0.492475,0.000000,0.000000,0,1
1789814431.374092,4,18.014792,20.709794,-2.978098,19.128000,20.952000,18.028000,20.952000,0.129327,0.607525,0.796508,2.980630,-0.270457,0.492475,0.000000,0.000000,0,1
1789814431.474080,4,18.014792,20.709794,-2.978098,19.128000,20.952000,18.028000,20.952000,0.129327,0.607525,0.796508,2.980630,-0.270457,0.492475,0.000000,0.000000,0,1
1789814431.574052,4,18.014792,20.709794,-2.978098,19.128000,20.952000,18.028000,20.952000,0.129327,0.607525,0.796508,2.980630,-0.270457,0.492475,0.000000,0.000000,0,1
1789814431.674534,4,18.014792,20.709794,-2.978098,19.128000,20.952000,18.028000,20.952000,0.129327,0.607525,0.796508,2.980630,-0.270457,0.492475,0.000000,0.000000,0,1
1789814431.774095,4,18.014792,20.709794,-2.978098,19.128000,20.952000,18.028000,20.952000,0.129327,0.607525,0.796508,2.980630,-0.270457,0.492475,0.000000,0.000000,0,1
1789814431.874107,4,18.014792,20.709794,-2.978098,19.128000,20.952000,18.028000,20.952000,0.129327,0.607525,0.796508,2.980630,-0.270457,0.492475,0.000000,0.000000,0,1
1789814431.974153,4,18.014792,20.709794,-2.978098,19.128000,20.952000,18.028000,20.952000,0.129327,0.607525,0.796508,2.980630,-0.270457,0.492475,0.000000,0.000000,0,1
1789814432.074136,4,18.014792,20.709794,-2.978098,19.128000,20.952000,18.028000,20.952000,0.129327,0.607525,0.796508,2.980630,-0.270457,0.492475,0.000000,0.000000,0,1
1789814432.174083,4,18.014792,20.709794,-2.978098,19.128000,20.952000,18.028000,20.952000,0.129327,0.607525,0.796508,2.980630,-0.270457,0.492475,0.000000,0.000000,0,1
1789814432.274256,4,18.014792,20.709794,-2.978098,19.128000,20.952000,18.028000,20.952000,0.129327,0.607525,0.796508,2.980630,-0.270457,0.492475,0.000000,0.000000,0,1
1789814432.374106,4,18.014792,20.709794,-2.978098,19.128000,20.952000,18.028000,20.952000,0.129327,0.607525,0.796508,2.980630,-0.270457,0.492475,0.000000,0.000000,0,1
1789814432.474199,4,18.014792,20.709794,-2.978098,19.128000,20.952000,18.028000,20.952000,0.129327,0.607525,0.796508,2.980630,-0.270457,0.492475,0.000000,0.000000,0,1
1789814432.574140,4,18.014792,20.709794,-2.978098,19.128000,20.952000,18.028000,20.952000,0.129327,0.607525,0.796508,2.980630,-0.270457,0.492475,0.000000,0.000000,0,1
1789814432.674138,4,18.014792,20.709794,-2.978098,19.128000,20.952000,18.028000,20.952000,0.129327,0.607525,0.796508,2.980630,-0.270457,0.492475,0.000000,0.000000,0,1
1789814432.774123,4,18.014792,20.709794,-2.978098,19.128000,20.952000,18.028000,20.952000,0.129327,0.607525,0.796508,2.980630,-0.270457,0.492475,0.000000,0.000000,0,1
1789814432.874126,4,18.014792,20.709794,-2.978098,19.128000,20.952000,18.028000,20.952000,0.129327,0.607525,0.796508,2.980630,-0.270457,0.492475,0.000000,0.000000,0,1
1789814432.974133,4,18.014792,20.709794,-2.978098,19.128000,20.952000,18.028000,20.952000,0.129327,0.607525,0.796508,2.980630,-0.270457,0.492475,0.000000,0.000000,0,1
1789814433.074136,4,18.014792,20.709794,-2.978098,19.128000,20.952000,18.028000,20.952000,0.129327,0.607525,0.796508,2.980630,-0.270457,0.492475,0.000000,0.000000,0,1
1789814433.174173,4,18.014792,20.709794,-2.978098,19.128000,20.952000,18.028000,20.952000,0.129327,0.607525,0.796508,2.980630,-0.270457,0.492475,0.000000,0.000000,0,1
1789814433.274271,4,18.014792,20.709794,-2.978098,19.128000,20.952000,18.028000,20.952000,0.129327,0.607525,0.796508,2.980630,-0.270457,0.492475,0.000000,0.000000,0,1
1789814433.374155,4,18.014792,20.709794,-2.978098,19.128000,20.952000,18.028000,20.952000,0.129327,0.607525,0.796508,2.980630,-0.270457,0.492475,0.000000,0.000000,0,1
1789814433.474173,4,18.014792,20.709794,-2.978098,19.128000,20.952000,18.028000,20.952000,0.129327,0.607525,0.796508,2.980630,-0.270457,0.492475,0.000000,0.000000,0,1
1789814433.574163,4,18.014792,20.709794,-2.978098,19.128000,20.952000,18.028000,20.952000,0.129327,0.607525,0.796508,2.980630,-0.270457,0.492475,0.000000,0.000000,0,1
1789814433.674217,4,18.014792,20.709794,-2.978098,19.128000,20.952000,18.028000,20.952000,0.129327,0.607525,0.796508,2.980630,-0.270457,0.492475,0.000000,0.000000,0,1
1789814433.774171,4,18.014792,20.709794,-2.978098,19.128000,20.952000,18.028000,20.952000,0.129327,0.607525,0.796508,2.980630,-0.270457,0.492475,0.000000,0.000000,0,1
1789814433.874174,4,18.014792,20.709794,-2.978098,19.128000,20.952000,18.028000,20.952000,0.129327,0.607525,0.796508,2.980630,-0.270457,0.492475,0.000000,0.000000,0,1
1789814433.974160,4,18.014792,20.709794,-2.978098,19.128000,20.952000,18.028000,20.952000,0.129327,0.607525,0.796508,2.980630,-0.270457,0.492475,0.000000,0.000000,0,1
1789814434.074153,4,18.014792,20.709794,-2.978098,19.128000,20.952000,18.028000,20.952000,0.129327,0.607525,0.796508,2.980630,-0.270457,0.492475,0.000000,0.000000,0,1
1789814434.174201,4,18.014792,20.709794,-2.978098,19.128000,20.952000,18.028000,20.952000,0.129327,0.607525,0.796508,2.980630,-0.270457,0.492475,0.000000,0.000000,0,1
1789814434.274209,4,18.014792,20.709794,-2.978098,19.128000,20.952000,18.028000,20.952000,0.129327,0.607525,0.796508,2.980630,-0.270457,0.492475,0.000000,0.000000,0,1
1789814434.374194,4,18.014792,20.709794,-2.978098,19.128000,20.952000,18.028000,20.952000,0.129327,0.607525,0.796508,2.980630,-0.270457,0.492475,0.000000,0.000000,0,1
1789814434.474155,4,18.014792,20.709794,-2.978098,19.128000,20.952000,18.028000,20.952000,0.129327,0.607525,0.796508,2.980630,-0.270457,0.492475,0.000000,0.000000,0,1
1789814434.574472,4,18.014792,20.709794,-2.978098,19.128000,20.952000,18.028000,20.952000,0.129327,0.607525,0.796508,2.980630,-0.270457,0.492475,0.000000,0.000000,0,1
1789814434.674281,4,18.014792,20.709794,-2.978098,19.128000,20.952000,18.028000,20.952000,0.129327,0.607525,0.796508,2.980630,-0.270457,0.492475,0.000000,0.000000,0,1
1789814434.774188,4,18.014792,20.709794,-2.978098,19.128000,20.952000,18.028000,20.952000,0.129327,0.607525,0.796508,2.980630,-0.270457,0.492475,0.000000,0.000000,0,1
1789814434.874168,4,18.014792,20.709794,-2.978098,19.128000,20.952000,18.028000,20.952000,0.129327,0.607525,0.796508,2.980630,-0.270457,0.492475,0.000000,0.000000,0,1
1789814434.974194,4,18.014792,20.709794,-2.978098,19.128000,20.952000,18.028000,20.952000,0.129327,0.607525,0.796508,2.980630,-0.270457,0.492475,0.000000,0.000000,0,1
1789814435.074213,4,18.014792,20.709794,-2.978098,19.128000,20.952000,18.028000,20.952000,0.129327,0.607525,0.796508,2.980630,-0.270457,0.492475,0.000000,0.000000,0,1
1789814435.174313,4,18.014792,20.709794,-2.978098,19.128000,20.952000,18.028000,20.952000,0.129327,0.607525,0.796508,2.980630,-0.270457,0.492475,0.000000,0.000000,0,1
1789814435.274459,4,18.014792,20.709794,-2.978098,19.128000,20.952000,18.028000,20.952000,0.129327,0.607525,0.796508,2.980630,-0.270457,0.492475,0.000000,0.000000,0,1
1789814435.374222,4,18.014792,20.709794,-2.978098,19.128000,20.952000,18.028000,20.952000,0.129327,0.607525,0.796508,2.980630,-0.270457,0.492475,0.000000,0.000000,0,1
1789814435.474223,4,18.014792,20.709794,-2.978098,19.128000,20.952000,18.028000,20.952000,0.129327,0.607525,0.796508,2.980630,-0.270457,0.492475,0.000000,0.000000,0,1
1789814435.574188,4,18.014792,20.709794,-2.978098,19.128000,20.952000,18.028000,20.952000,0.129327,0.607525,0.796508,2.980630,-0.270457,0.492475,0.000000,0.000000,0,1
1789814435.674212,4,18.014792,20.709794,-2.978098,19.128000,20.952000,18.028000,20.952000,0.129327,0.607525,0.796508,2.980630,-0.270457,0.492475,0.000000,0.000000,0,1
1789814435.774260,4,18.014792,20.709794,-2.978098,19.128000,20.952000,18.028000,20.952000,0.129327,0.607525,0.796508,2.980630,-0.270457,0.492475,0.000000,0.000000,0,1
1789814435.874251,4,18.014792,20.709794,-2.978098,19.128000,20.952000,18.028000,20.952000,0.129327,0.607525,0.796508,2.980630,-0.270457,0.492475,0.000000,0.000000,0,1
1789814435.974244,4,18.014792,20.709794,-2.978098,19.128000,20.952000,18.028000,20.952000,0.129327,0.607525,0.796508,2.980630,-0.270457,0.492475,0.000000,0.000000,0,1
1789814436.074234,4,18.014792,20.709794,-2.978098,19.128000,20.952000,18.028000,20.952000,0.129327,0.607525,0.796508,2.980630,-0.270457,0.492475,0.000000,0.000000,0,1
1789814436.174275,4,18.014792,20.709794,-2.978098,19.128000,20.952000,18.028000,20.952000,0.129327,0.607525,0.796508,2.980630,-0.270457,0.492475,0.000000,0.000000,0,1
1789814436.274246,4,18.014792,20.709794,-2.978098,19.128000,20.952000,18.028000,20.952000,0.129327,0.607525,0.796508,2.980630,-0.270457,0.492475,0.000000,0.000000,0,1
1789814436.374243,4,18.014792,20.709794,-2.978098,19.128000,20.952000,18.028000,20.952000,0.129327,0.607525,0.796508,2.980630,-0.270457,0.492475,0.000000,0.000000,0,1
1789814436.474293,4,18.014792,20.709794,-2.978098,19.128000,20.952000,18.028000,20.952000,0.129327,0.607525,0.796508,2.980630,-0.270457,0.492475,0.000000,0.000000,0,1
1789814436.574414,4,18.014792,20.709794,-2.978098,19.128000,20.952000,18.028000,20.952000,0.129327,0.607525,0.796508,2.980630,-0.270457,0.492475,0.000000,0.000000,0,1
1789814436.674320,4,18.014792,20.709794,-2.978098,19.128000,20.952000,18.028000,20.952000,0.129327,0.607525,0.796508,2.980630,-0.270457,0.492475,0.000000,0.000000,0,1
1789814436.774308,4,18.014792,20.709794,-2.978098,19.128000,20.952000,18.028000,20.952000,0.129327,0.607525,0.796508,2.980630,-0.270457,0.492475,0.000000,0.000000,0,1
1789814436.874279,4,18.014792,20.709794,-2.978098,19.128000,20.952000,18.028000,20.952000,0.129327,0.607525,0.796508,2.980630,-0.270457,0.492475,0.000000,0.000000,0,1
1789814436.974322,4,18.014792,20.709794,-2.978098,19.128000,20.952000,18.028000,20.952000,0.129327,0.607525,0.796508,2.980630,-0.270457,0.492475,0.000000,0.000000,0,1
1789814437.074283,4,18.014792,20.709794,-2.978098,19.128000,20.952000,18.028000,20.952000,0.129327,0.607525,0.796508,2.980630,-0.270457,0.492475,0.000000,0.000000,0,1
1789814437.174285,4,18.014792,20.709794,-2.978098,19.128000,20.952000,18.028000,20.952000,0.129327,0.607525,0.796508,2.980630,-0.270457,0.492475,0.000000,0.000000,0,1
1789814437.274290,4,18.014792,20.709794,-2.978098,19.128000,20.952000,18.028000,20.952000,0.129327,0.607525,0.796508,2.980630,-0.270457,0.492475,0.000000,0.000000,0,1
1789814437.374304,4,18.014792,20.709794,-2.978098,19.128000,20.952000,18.028000,20.952000,0.129327,0.607525,0.796508,2.980630,-0.270457,0.492475,0.000000,0.000000,0,1
1789814437.474333,4,18.014792,20.709794,-2.978098,19.128000,20.952000,18.028000,20.952000,0.129327,0.607525,0.796508,2.980630,-0.270457,0.492475,0.000000,0.000000,0,1
1789814437.574348,4,18.014792,20.709794,-2.978098,19.128000,20.952000,18.028000,20.952000,0.129327,0.607525,0.796508,2.980630,-0.270457,0.492475,0.000000,0.000000,0,1
1789814437.674319,4,18.014792,20.709794,-2.978098,19.128000,20.952000,18.028000,20.952000,0.129327,0.607525,0.796508,2.980630,-0.270457,0.492475,0.000000,0.000000,0,1
1789814437.774319,4,18.014792,20.709794,-2.978098,19.128000,20.952000,18.028000,20.952000,0.129327,0.607525,0.796508,2.980630,-0.270457,0.492475,0.000000,0.000000,0,1
1789814437.874357,4,18.014792,20.709794,-2.978098,19.128000,20.952000,18.028000,20.952000,0.129327,0.607525,0.796508,2.980630,-0.270457,0.492475,0.000000,0.000000,0,1
1789814437.974321,4,18.014792,20.709794,-2.978098,19.128000,20.952000,18.028000,20.952000,0.129327,0.607525,0.796508,2.980630,-0.270457,0.492475,0.000000,0.000000,0,1
1789814438.074344,4,18.014792,20.709794,-2.978098,19.128000,20.952000,18.028000,20.952000,0.129327,0.607525,0.796508,2.980630,-0.270457,0.492475,0.000000,0.000000,0,1
1789814438.174361,4,18.014792,20.709794,-2.978098,19.128000,20.952000,18.028000,20.952000,0.129327,0.607525,0.796508,2.980630,-0.270457,0.492475,0.000000,0.000000,0,1
1789814438.274358,4,18.014792,20.709794,-2.978098,19.128000,20.952000,18.028000,20.952000,0.129327,0.607525,0.796508,2.980630,-0.270457,0.492475,0.000000,0.000000,0,1
1789814438.374346,4,18.014792,20.709794,-2.978098,19.128000,20.952000,18.028000,20.952000,0.129327,0.607525,0.796508,2.980630,-0.270457,0.492475,0.000000,0.000000,0,1
1789814438.474356,4,18.014792,20.709794,-2.978098,19.128000,20.952000,18.028000,20.952000,0.129327,0.607525,0.796508,2.980630,-0.270457,0.492475,0.000000,0.000000,0,1
1789814438.574464,4,18.014792,20.709794,-2.978098,19.128000,20.952000,18.028000,20.952000,0.129327,0.607525,0.796508,2.980630,-0.270457,0.492475,0.000000,0.000000,0,1
1789814438.674358,4,18.014792,20.709794,-2.978098,19.128000,20.952000,18.028000,20.952000,0.129327,0.607525,0.796508,2.980630,-0.270457,0.492475,0.000000,0.000000,0,1
1789814438.774369,4,18.014792,20.709794,-2.978098,19.128000,20.952000,18.028000,20.952000,0.129327,0.607525,0.796508,2.980630,-0.270457,0.492475,0.000000,0.000000,0,1
1789814438.874408,4,18.014792,20.709794,-2.978098,19.128000,20.952000,18.028000,20.952000,0.129327,0.607525,0.796508,2.980630,-0.270457,0.492475,0.000000,0.000000,0,1
1789814438.974399,4,18.014792,20.709794,-2.978098,19.128000,20.952000,18.028000,20.952000,0.129327,0.607525,0.796508,2.980630,-0.270457,0.492475,0.000000,0.000000,0,1
1789814439.074420,4,18.014792,20.709794,-2.978098,19.128000,20.952000,18.028000,20.952000,0.129327,0.607525,0.796508,2.980630,-0.270457,0.492475,0.000000,0.000000,0,1
1789814439.174391,4,18.014792,20.709794,-2.978098,19.128000,20.952000,18.028000,20.952000,0.129327,0.607525,0.796508,2.980630,-0.270457,0.492475,0.000000,0.000000,0,1
1789814439.274429,4,18.014792,20.709794,-2.978098,19.128000,20.952000,18.028000,20.952000,0.129327,0.607525,0.796508,2.980630,-0.270457,0.492475,0.000000,0.000000,0,1
1789814439.374416,4,18.014792,20.709794,-2.978098,19.128000,20.952000,18.028000,20.952000,0.129327,0.607525,0.796508,2.980630,-0.270457,0.492475,0.000000,0.000000,0,1
1789814439.474421,4,18.014792,20.709794,-2.978098,19.128000,20.952000,18.028000,20.952000,0.129327,0.607525,0.796508,2.980630,-0.270457,0.492475,0.000000,0.000000,0,1
1789814439.574432,4,18.014792,20.709794,-2.978098,19.128000,20.952000,18.028000,20.952000,0.129327,0.607525,0.796508,2.980630,-0.270457,0.492475,0.000000,0.000000,0,1
1789814439.674449,4,18.014792,20.709794,-2.978098,19.128000,20.952000,18.028000,20.952000,0.129327,0.607525,0.796508,2.980630,-0.270457,0.492475,0.000000,0.000000,0,1
1789814439.774431,4,18.014792,20.709794,-2.978098,19.128000,20.952000,18.028000,20.952000,0.129327,0.607525,0.796508,2.980630,-0.270457,0.492475,0.000000,0.000000,0,1
1789814439.874440,4,18.014792,20.709794,-2.978098,19.128000,20.952000,18.028000,20.952000,0.129327,0.607525,0.796508,2.980630,-0.270457,0.492475,0.000000,0.000000,0,1
1789814439.974422,4,18.014792,20.709794,-2.978098,19.128000,20.952000,18.028000,20.952000,0.129327,0.607525,0.796508,2.980630,-0.270457,0.492475,0.000000,0.000000,0,1
1789814440.074423,4,18.014792,20.709794,-2.978098,19.128000,20.952000,18.028000,20.952000,0.129327,0.607525,0.796508,2.980630,-0.270457,0.492475,0.000000,0.000000,0,1
1789814440.174445,4,18.014792,20.709794,-2.978098,19.128000,20.952000,18.028000,20.952000,0.129327,0.607525,0.796508,2.980630,-0.270457,0.492475,0.000000,0.000000,0,1
1789814440.274471,4,18.014792,20.709794,-2.978098,19.128000,20.952000,18.028000,20.952000,0.129327,0.607525,0.796508,2.980630,-0.270457,0.492475,0.000000,0.000000,0,1
1789814440.374510,4,18.014792,20.709794,-2.978098,19.128000,20.952000,18.028000,20.952000,0.129327,0.607525,0.796508,2.980630,-0.270457,0.492475,0.000000,0.000000,0,1
1789814440.474431,4,18.014792,20.709794,-2.978098,19.128000,20.952000,18.028000,20.952000,0.129327,0.607525,0.796508,2.980630,-0.270457,0.492475,0.000000,0.000000,0,1
1789814440.574448,4,18.014792,20.709794,-2.978098,19.128000,20.952000,18.028000,20.952000,0.129327,0.607525,0.796508,2.980630,-0.270457,0.492475,0.000000,0.000000,0,1
1789814440.674597,4,18.014792,20.709794,-2.978098,19.128000,20.952000,18.028000,20.952000,0.129327,0.607525,0.796508,2.980630,-0.270457,0.492475,0.000000,0.000000,0,1
1789814440.774463,4,18.014792,20.709794,-2.978098,19.128000,20.952000,18.028000,20.952000,0.129327,0.607525,0.796508,2.980630,-0.270457,0.492475,0.000000,0.000000,0,1
1789814440.874487,4,18.014792,20.709794,-2.978098,19.128000,20.952000,18.028000,20.952000,0.129327,0.607525,0.796508,2.980630,-0.270457,0.492475,0.000000,0.000000,0,1
1789814440.974518,4,18.014792,20.709794,-2.978098,19.128000,20.952000,18.028000,20.952000,0.129327,0.607525,0.796508,2.980630,-0.270457,0.492475,0.000000,0.000000,0,1
1789814441.074522,4,18.014792,20.709794,-2.978098,19.128000,20.952000,18.028000,20.952000,0.129327,0.607525,0.796508,2.980630,-0.270457,0.492475,0.000000,0.000000,0,1
1789814441.174500,4,18.014792,20.709794,-2.978098,19.128000,20.952000,18.028000,20.952000,0.129327,0.607525,0.796508,2.980630,-0.270457,0.492475,0.000000,0.000000,0,1
1789814441.274507,4,18.014792,20.709794,-2.978098,19.128000,20.952000,18.028000,20.952000,0.129327,0.607525,0.796508,2.980630,-0.270457,0.492475,0.000000,0.000000,0,1
1789814441.374512,4,18.014792,20.709794,-2.978098,19.128000,20.952000,18.028000,20.952000,0.129327,0.607525,0.796508,2.980630,-0.270457,0.492475,0.000000,0.000000,0,1
1789814441.474550,4,18.014792,20.709794,-2.978098,19.128000,20.952000,18.028000,20.952000,0.129327,0.607525,0.796508,2.980630,-0.270457,0.492475,0.000000,0.000000,0,1
1789814441.574533,4,18.014792,20.709794,-2.978098,19.128000,20.952000,18.028000,20.952000,0.129327,0.607525,0.796508,2.980630,-0.270457,0.492475,0.000000,0.000000,0,1
1789814441.674549,4,18.014792,20.709794,-2.978098,19.128000,20.952000,18.028000,20.952000,0.129327,0.607525,0.796508,2.980630,-0.270457,0.492475,0.000000,0.000000,0,1
1789814441.774519,4,18.014792,20.709794,-2.978098,19.128000,20.952000,18.028000,20.952000,0.129327,0.607525,0.796508,2.980630,-0.270457,0.492475,0.000000,0.000000,0,1
1789814441.874518,4,18.014792,20.709794,-2.978098,19.128000,20.952000,18.028000,20.952000,0.129327,0.607525,0.796508,2.980630,-0.270457,0.492475,0.000000,0.000000,0,1
1789814441.974525,4,18.014792,20.709794,-2.978098,19.128000,20.952000,18.028000,20.952000,0.129327,0.607525,0.796508,2.980630,-0.270457,0.492475,0.000000,0.000000,0,1
1789814442.074518,4,18.014792,20.709794,-2.978098,19.128000,20.952000,18.028000,20.952000,0.129327,0.607525,0.796508,2.980630,-0.270457,0.492475,0.000000,0.000000,0,1
1789814442.174582,4,18.014792,20.709794,-2.978098,19.128000,20.952000,18.028000,20.952000,0.129327,0.607525,0.796508,2.980630,-0.270457,0.492475,0.000000,0.000000,0,1
1789814442.274584,4,18.014792,20.709794,-2.978098,19.128000,20.952000,18.028000,20.952000,0.129327,0.607525,0.796508,2.980630,-0.270457,0.492475,0.000000,0.000000,0,1
1789814442.374567,4,18.014792,20.709794,-2.978098,19.128000,20.952000,18.028000,20.952000,0.129327,0.607525,0.796508,2.980630,-0.270457,0.492475,0.000000,0.000000,0,1
1789814442.474593,4,18.014792,20.709794,-2.978098,19.128000,20.952000,18.028000,20.952000,0.129327,0.607525,0.796508,2.980630,-0.270457,0.492475,0.000000,0.000000,0,1
1789814442.574636,4,18.014792,20.709794,-2.978098,19.128000,20.952000,18.028000,20.952000,0.129327,0.607525,0.796508,2.980630,-0.270457,0.492475,0.000000,0.000000,0,1
1789814442.674603,4,18.014792,20.709794,-2.978098,19.128000,20.952000,18.028000,20.952000,0.129327,0.607525,0.796508,2.980630,-0.270457,0.492475,0.000000,0.000000,0,1
1789814442.774571,4,18.014792,20.709794,-2.978098,19.128000,20.952000,18.028000,20.952000,0.129327,0.607525,0.796508,2.980630,-0.270457,0.492475,0.000000,0.000000,0,1
1789814442.874596,4,18.014792,20.709794,-2.978098,19.128000,20.952000,18.028000,20.952000,0.129327,0.607525,0.796508,2.980630,-0.270457,0.492475,0.000000,0.000000,0,1
1789814442.974635,4,18.014792,20.709794,-2.978098,19.128000,20.952000,18.028000,20.952000,0.129327,0.607525,0.796508,2.980630,-0.270457,0.492475,0.000000,0.000000,0,1
1789814443.074605,4,18.014792,20.709794,-2.978098,19.128000,20.952000,18.028000,20.952000,0.129327,0.607525,0.796508,2.980630,-0.270457,0.492475,0.000000,0.000000,0,1
1789814443.174624,4,18.014792,20.709794,-2.978098,19.128000,20.952000,18.028000,20.952000,0.129327,0.607525,0.796508,2.980630,-0.270457,0.492475,0.000000,0.000000,0,1
1789814443.274692,4,18.014792,20.709794,-2.978098,19.128000,20.952000,18.028000,20.952000,0.129327,0.607525,0.796508,2.980630,-0.270457,0.492475,0.000000,0.000000,0,1
1789814443.374681,4,18.014792,20.709794,-2.978098,19.128000,20.952000,18.028000,20.952000,0.129327,0.607525,0.796508,2.980630,-0.270457,0.492475,0.000000,0.000000,0,1
1789814443.474635,4,18.014792,20.709794,-2.978098,19.128000,20.952000,18.028000,20.952000,0.129327,0.607525,0.796508,2.980630,-0.270457,0.492475,0.000000,0.000000,0,1
1789814443.574623,4,18.014792,20.709794,-2.978098,19.128000,20.952000,18.028000,20.952000,0.129327,0.607525,0.796508,2.980630,-0.270457,0.492475,0.000000,0.000000,0,1
1789814443.674675,4,18.014792,20.709794,-2.978098,19.128000,20.952000,18.028000,20.952000,0.129327,0.607525,0.796508,2.980630,-0.270457,0.492475,0.000000,0.000000,0,1
1789814443.774637,4,18.014792,20.709794,-2.978098,19.128000,20.952000,18.028000,20.952000,0.129327,0.607525,0.796508,2.980630,-0.270457,0.492475,0.000000,0.000000,0,1
1789814443.874864,4,18.014792,20.709794,-2.978098,19.128000,20.952000,18.028000,20.952000,0.129327,0.607525,0.796508,2.980630,-0.270457,0.492475,0.000000,0.000000,0,1
1789814443.974659,4,18.014792,20.709794,-2.978098,19.128000,20.952000,18.028000,20.952000,0.129327,0.607525,0.796508,2.980630,-0.270457,0.492475,0.000000,0.000000,0,1
1789814444.074810,4,18.014792,20.709794,-2.978098,19.128000,20.952000,18.028000,20.952000,0.129327,0.607525,0.796508,2.980630,-0.270457,0.492475,0.000000,0.000000,0,1
1789814444.174663,4,18.014792,20.709794,-2.978098,19.128000,20.952000,18.028000,20.952000,0.129327,0.607525,0.796508,2.980630,-0.270457,0.492475,0.000000,0.000000,0,1
1789814444.274660,4,18.014792,20.709794,-2.978098,19.128000,20.952000,18.028000,20.952000,0.129327,0.607525,0.796508,2.980630,-0.270457,0.492475,0.000000,0.000000,0,1
1789814444.374670,4,18.014792,20.709794,-2.978098,19.128000,20.952000,18.028000,20.952000,0.129327,0.607525,0.796508,2.980630,-0.270457,0.492475,0.000000,0.000000,0,1
1789814444.474655,4,18.014792,20.709794,-2.978098,19.128000,20.952000,18.028000,20.952000,0.129327,0.607525,0.796508,2.980630,-0.270457,0.492475,0.000000,0.000000,0,1
1789814444.574686,4,18.014792,20.709794,-2.978098,19.128000,20.952000,18.028000,20.952000,0.129327,0.607525,0.796508,2.980630,-0.270457,0.492475,0.000000,0.000000,0,1
1789814444.674742,4,18.014792,20.709794,-2.978098,19.128000,20.952000,18.028000,20.952000,0.129327,0.607525,0.796508,2.980630,-0.270457,0.492475,0.000000,0.000000,0,1
1789814444.774692,4,18.014792,20.709794,-2.978098,19.128000,20.952000,18.028000,20.952000,0.129327,0.607525,0.796508,2.980630,-0.270457,0.492475,0.000000,0.000000,0,1
1789814444.874749,4,18.014792,20.709794,-2.978098,19.128000,20.952000,18.028000,20.952000,0.129327,0.607525,0.796508,2.980630,-0.270457,0.492475,0.000000,0.000000,0,1
1789814444.974660,4,18.014792,20.709794,-2.978098,19.128000,20.952000,18.028000,20.952000,0.129327,0.607525,0.796508,2.980630,-0.270457,0.492475,0.000000,0.000000,0,1
1789814445.074729,4,18.014792,20.709794,-2.978098,19.128000,20.952000,18.028000,20.952000,0.129327,0.607525,0.796508,2.980630,-0.270457,0.492475,0.000000,0.000000,0,1
1789814445.174731,4,18.014792,20.709794,-2.978098,19.128000,20.952000,18.028000,20.952000,0.129327,0.607525,0.796508,2.980630,-0.270457,0.492475,0.000000,0.000000,0,1
1789814445.274747,4,18.014792,20.709794,-2.978098,19.128000,20.952000,18.028000,20.952000,0.129327,0.607525,0.796508,2.980630,-0.270457,0.492475,0.000000,0.000000,0,1
1789814445.374740,4,18.014792,20.709794,-2.978098,19.128000,20.952000,18.028000,20.952000,0.129327,0.607525,0.796508,2.980630,-0.270457,0.492475,0.000000,0.000000,0,1
1789814445.474728,4,18.014792,20.709794,-2.978098,19.128000,20.952000,18.028000,20.952000,0.129327,0.607525,0.796508,2.980630,-0.270457,0.492475,0.000000,0.000000,0,1
1789814445.574729,4,18.014792,20.709794,-2.978098,19.128000,20.952000,18.028000,20.952000,0.129327,0.607525,0.796508,2.980630,-0.270457,0.492475,0.000000,0.000000,0,1
1789814445.674734,4,18.014792,20.709794,-2.978098,19.128000,20.952000,18.028000,20.952000,0.129327,0.607525,0.796508,2.980630,-0.270457,0.492475,0.000000,0.000000,0,1
1789814445.774762,4,18.014792,20.709794,-2.978098,19.128000,20.952000,18.028000,20.952000,0.129327,0.607525,0.796508,2.980630,-0.270457,0.492475,0.000000,0.000000,0,1
1789814445.874753,4,18.014792,20.709794,-2.978098,19.128000,20.952000,18.028000,20.952000,0.129327,0.607525,0.796508,2.980630,-0.270457,0.492475,0.000000,0.000000,0,1
1789814445.974725,4,18.014792,20.709794,-2.978098,19.128000,20.952000,18.028000,20.952000,0.129327,0.607525,0.796508,2.980630,-0.270457,0.492475,0.000000,0.000000,0,1
1789814446.074788,4,18.014792,20.709794,-2.978098,19.128000,20.952000,18.028000,20.952000,0.129327,0.607525,0.796508,2.980630,-0.270457,0.492475,0.000000,0.000000,0,1
1789814446.174819,4,18.014792,20.709794,-2.978098,19.128000,20.952000,18.028000,20.952000,0.129327,0.607525,0.796508,2.980630,-0.270457,0.492475,0.000000,0.000000,0,1
1789814446.274775,4,18.014792,20.709794,-2.978098,19.128000,20.952000,18.028000,20.952000,0.129327,0.607525,0.796508,2.980630,-0.270457,0.492475,0.000000,0.000000,0,1
1789814446.374829,4,18.014792,20.709794,-2.978098,19.128000,20.952000,18.028000,20.952000,0.129327,0.607525,0.796508,2.980630,-0.270457,0.492475,0.000000,0.000000,0,1
1789814446.474822,4,18.014792,20.709794,-2.978098,19.128000,20.952000,18.028000,20.952000,0.129327,0.607525,0.796508,2.980630,-0.270457,0.492475,0.000000,0.000000,0,1
1789814446.574783,4,18.014792,20.709794,-2.978098,19.128000,20.952000,18.028000,20.952000,0.129327,0.607525,0.796508,2.980630,-0.270457,0.492475,0.000000,0.000000,0,1
1789814446.674766,4,18.014792,20.709794,-2.978098,19.128000,20.952000,18.028000,20.952000,0.129327,0.607525,0.796508,2.980630,-0.270457,0.492475,0.000000,0.000000,0,1
1789814446.774860,4,18.014792,20.709794,-2.978098,19.128000,20.952000,18.028000,20.952000,0.129327,0.607525,0.796508,2.980630,-0.270457,0.492475,0.000000,0.000000,0,1
1789814446.874794,4,18.014792,20.709794,-2.978098,19.128000,20.952000,18.028000,20.952000,0.129327,0.607525,0.796508,2.980630,-0.270457,0.492475,0.000000,0.000000,0,1
1789814446.974816,4,18.014792,20.709794,-2.978098,19.128000,20.952000,18.028000,20.952000,0.129327,0.607525,0.796508,2.980630,-0.270457,0.492475,0.000000,0.000000,0,1
1789814447.074851,4,18.014792,20.709794,-2.978098,19.128000,20.952000,18.028000,20.952000,0.129327,0.607525,0.796508,2.980630,-0.270457,0.492475,0.000000,0.000000,0,1
1789814447.174980,4,18.014792,20.709794,-2.978098,19.128000,20.952000,18.028000,20.952000,0.129327,0.607525,0.796508,2.980630,-0.270457,0.492475,0.000000,0.000000,0,1
1789814447.274816,4,18.014792,20.709794,-2.978098,19.128000,20.952000,18.028000,20.952000,0.129327,0.607525,0.796508,2.980630,-0.270457,0.492475,0.000000,0.000000,0,1
1789814447.374811,4,18.014792,20.709794,-2.978098,19.128000,20.952000,18.028000,20.952000,0.129327,0.607525,0.796508,2.980630,-0.270457,0.492475,0.000000,0.000000,0,1
1789814447.474843,4,18.014792,20.709794,-2.978098,19.128000,20.952000,18.028000,20.952000,0.129327,0.607525,0.796508,2.980630,-0.270457,0.492475,0.000000,0.000000,0,1
1789814447.574808,4,18.014792,20.709794,-2.978098,19.128000,20.952000,18.028000,20.952000,0.129327,0.607525,0.796508,2.980630,-0.270457,0.492475,0.000000,0.000000,0,1
1789814447.674820,4,18.014792,20.709794,-2.978098,19.128000,20.952000,18.028000,20.952000,0.129327,0.607525,0.796508,2.980630,-0.270457,0.492475,0.000000,0.000000,0,1
1789814447.774857,4,18.014792,20.709794,-2.978098,19.128000,20.952000,18.028000,20.952000,0.129327,0.607525,0.796508,2.980630,-0.270457,0.492475,0.000000,0.000000,0,1
1789814447.874846,4,18.014792,20.709794,-2.978098,19.128000,20.952000,18.028000,20.952000,0.129327,0.607525,0.796508,2.980630,-0.270457,0.492475,0.000000,0.000000,0,1
1789814447.974843,4,18.014792,20.709794,-2.978098,19.128000,20.952000,18.028000,20.952000,0.129327,0.607525,0.796508,2.980630,-0.270457,0.492475,0.000000,0.000000,0,1
1789814448.074832,4,18.014792,20.709794,-2.978098,19.128000,20.952000,18.028000,20.952000,0.129327,0.607525,0.796508,2.980630,-0.270457,0.492475,0.000000,0.000000,0,1
1789814448.175371,4,18.014792,20.709794,-2.978098,19.128000,20.952000,18.028000,20.952000,0.129327,0.607525,0.796508,2.980630,-0.270457,0.492475,0.000000,0.000000,0,1
1789814448.274997,4,18.014792,20.709794,-2.978098,19.128000,20.952000,18.028000,20.952000,0.129327,0.607525,0.796508,2.980630,-0.270457,0.492475,0.000000,0.000000,0,1
1789814448.375003,4,18.014792,20.709794,-2.978098,19.128000,20.952000,18.028000,20.952000,0.129327,0.607525,0.796508,2.980630,-0.270457,0.492475,0.000000,0.000000,0,1
1789814448.475024,4,18.014792,20.709794,-2.978098,19.128000,20.952000,18.028000,20.952000,0.129327,0.607525,0.796508,2.980630,-0.270457,0.492475,0.000000,0.000000,0,1
1789814448.575121,4,18.014792,20.709794,-2.978098,19.128000,20.952000,18.028000,20.952000,0.129327,0.607525,0.796508,2.980630,-0.270457,0.492475,0.000000,0.000000,0,1
1789814448.675307,4,18.014792,20.709794,-2.978098,19.128000,20.952000,18.028000,20.952000,0.129327,0.607525,0.796508,2.980630,-0.270457,0.492475,0.000000,0.000000,0,1
1789814448.774924,4,18.014792,20.709794,-2.978098,19.128000,20.952000,18.028000,20.952000,0.129327,0.607525,0.796508,2.980630,-0.270457,0.492475,0.000000,0.000000,0,1
1789814448.875206,4,18.014792,20.709794,-2.978098,19.128000,20.952000,18.028000,20.952000,0.129327,0.607525,0.796508,2.980630,-0.270457,0.492475,0.000000,0.000000,0,1
1789814448.974832,4,18.014792,20.709794,-2.978098,19.128000,20.952000,18.028000,20.952000,0.129327,0.607525,0.796508,2.980630,-0.270457,0.492475,0.000000,0.000000,0,1
1789814449.074866,4,18.014792,20.709794,-2.978098,19.128000,20.952000,18.028000,20.952000,0.129327,0.607525,0.796508,2.980630,-0.270457,0.492475,0.000000,0.000000,0,1
1789814449.175258,4,18.014792,20.709794,-2.978098,19.128000,20.952000,18.028000,20.952000,0.129327,0.607525,0.796508,2.980630,-0.270457,0.492475,0.000000,0.000000,0,1
1789814449.274896,4,18.014792,20.709794,-2.978098,19.128000,20.952000,18.028000,20.952000,0.129327,0.607525,0.796508,2.980630,-0.270457,0.492475,0.000000,0.000000,0,1
1789814449.374915,4,18.014792,20.709794,-2.978098,19.128000,20.952000,18.028000,20.952000,0.129327,0.607525,0.796508,2.980630,-0.270457,0.492475,0.000000,0.000000,0,1
1789814449.475442,4,18.014792,20.709794,-2.978098,19.128000,20.952000,18.028000,20.952000,0.129327,0.607525,0.796508,2.980630,-0.270457,0.492475,0.000000,0.000000,0,1
1789814449.574921,4,18.014792,20.709794,-2.978098,19.128000,20.952000,18.028000,20.952000,0.129327,0.607525,0.796508,2.980630,-0.270457,0.492475,0.000000,0.000000,0,1
1789814449.674915,4,18.014792,20.709794,-2.978098,19.128000,20.952000,18.028000,20.952000,0.129327,0.607525,0.796508,2.980630,-0.270457,0.492475,0.000000,0.000000,0,1
1789814449.774942,4,18.014792,20.709794,-2.978098,19.128000,20.952000,18.028000,20.952000,0.129327,0.607525,0.796508,2.980630,-0.270457,0.492475,0.000000,0.000000,0,1
1789814449.874912,4,18.014792,20.709794,-2.978098,19.128000,20.952000,18.028000,20.952000,0.129327,0.607525,0.796508,2.980630,-0.270457,0.492475,0.000000,0.000000,0,1
1789814449.975060,4,18.014792,20.709794,-2.978098,19.128000,20.952000,18.028000,20.952000,0.129327,0.607525,0.796508,2.980630,-0.270457,0.492475,0.000000,0.000000,0,1
1789814450.074842,4,18.014792,20.709794,-2.978098,19.128000,20.952000,18.028000,20.952000,0.129327,0.607525,0.796508,2.980630,-0.270457,0.492475,0.000000,0.000000,0,1
1789814450.174945,4,18.014792,20.709794,-2.978098,19.128000,20.952000,18.028000,20.952000,0.129327,0.607525,0.796508,2.980630,-0.270457,0.492475,0.000000,0.000000,0,1
1789814450.276109,4,18.014792,20.709794,-2.978098,19.128000,20.952000,18.028000,20.952000,0.129327,0.607525,0.796508,2.980630,-0.270457,0.492475,0.000000,0.000000,0,1
1789814450.374916,4,18.014792,20.709794,-2.978098,19.128000,20.952000,18.028000,20.952000,0.129327,0.607525,0.796508,2.980630,-0.270457,0.492475,0.000000,0.000000,0,1
1789814450.475102,4,18.014792,20.709794,-2.978098,19.128000,20.952000,18.028000,20.952000,0.129327,0.607525,0.796508,2.980630,-0.270457,0.492475,0.000000,0.000000,0,1
1789814450.574906,4,18.014792,20.709794,-2.978098,19.128000,20.952000,18.028000,20.952000,0.129327,0.607525,0.796508,2.980630,-0.270457,0.492475,0.000000,0.000000,0,1
1789814450.674936,4,18.014792,20.709794,-2.978098,19.128000,20.952000,18.028000,20.952000,0.129327,0.607525,0.796508,2.980630,-0.270457,0.492475,0.000000,0.000000,0,1
1789814450.774927,4,18.014792,20.709794,-2.978098,19.128000,20.952000,18.028000,20.952000,0.129327,0.607525,0.796508,2.980630,-0.270457,0.492475,0.000000,0.000000,0,1
1789814450.874927,4,18.014792,20.709794,-2.978098,19.128000,20.952000,18.028000,20.952000,0.129327,0.607525,0.796508,2.980630,-0.270457,0.492475,0.000000,0.000000,0,1
1789814450.974934,4,18.014792,20.709794,-2.978098,19.128000,20.952000,18.028000,20.952000,0.129327,0.607525,0.796508,2.980630,-0.270457,0.492475,0.000000,0.000000,0,1
1789814451.074939,4,18.014792,20.709794,-2.978098,19.128000,20.952000,18.028000,20.952000,0.129327,0.607525,0.796508,2.980630,-0.270457,0.492475,0.000000,0.000000,0,1
1789814451.178188,4,18.014792,20.709794,-2.978098,19.128000,20.952000,18.028000,20.952000,0.129327,0.607525,0.796508,2.980630,-0.270457,0.492475,0.000000,0.000000,0,1
1789814451.278213,4,18.014792,20.709794,-2.978098,19.128000,20.952000,18.028000,20.952000,0.129327,0.607525,0.796508,2.980630,-0.270457,0.492475,0.000000,0.000000,0,1
1789814451.374866,4,18.014792,20.709794,-2.978098,19.128000,20.952000,18.028000,20.952000,0.129327,0.607525,0.796508,2.980630,-0.270457,0.492475,0.000000,0.000000,0,1
1789814451.478192,4,18.014792,20.709794,-2.978098,19.128000,20.952000,18.028000,20.952000,0.129327,0.607525,0.796508,2.980630,-0.270457,0.492475,0.000000,0.000000,0,1
1789814451.574987,4,18.014792,20.709794,-2.978098,19.128000,20.952000,18.028000,20.952000,0.129327,0.607525,0.796508,2.980630,-0.270457,0.492475,0.000000,0.000000,0,1
1789814451.675032,4,18.014792,20.709794,-2.978098,19.128000,20.952000,18.028000,20.952000,0.129327,0.607525,0.796508,2.980630,-0.270457,0.492475,0.000000,0.000000,0,1
1789814451.778146,4,18.014792,20.709794,-2.978098,19.128000,20.952000,18.028000,20.952000,0.129327,0.607525,0.796508,2.980630,-0.270457,0.492475,0.000000,0.000000,0,1
1789814451.877765,4,18.014792,20.709794,-2.978098,19.128000,20.952000,18.028000,20.952000,0.129327,0.607525,0.796508,2.980630,-0.270457,0.492475,0.000000,0.000000,0,1
1789814451.974992,4,18.014792,20.709794,-2.978098,19.128000,20.952000,18.028000,20.952000,0.129327,0.607525,0.796508,2.980630,-0.270457,0.492475,0.000000,0.000000,0,1
1789814452.075056,4,18.014792,20.709794,-2.978098,19.128000,20.952000,18.028000,20.952000,0.129327,0.607525,0.796508,2.980630,-0.270457,0.492475,0.000000,0.000000,0,1
1789814452.175039,4,18.014792,20.709794,-2.978098,19.128000,20.952000,18.028000,20.952000,0.129327,0.607525,0.796508,2.980630,-0.270457,0.492475,0.000000,0.000000,0,1
1789814452.275021,4,18.014792,20.709794,-2.978098,19.128000,20.952000,18.028000,20.952000,0.129327,0.607525,0.796508,2.980630,-0.270457,0.492475,0.000000,0.000000,0,1
1789814452.375021,4,18.014792,20.709794,-2.978098,19.128000,20.952000,18.028000,20.952000,0.129327,0.607525,0.796508,2.980630,-0.270457,0.492475,0.000000,0.000000,0,1
1789814452.475000,4,18.014792,20.709794,-2.978098,19.128000,20.952000,18.028000,20.952000,0.129327,0.607525,0.796508,2.980630,-0.270457,0.492475,0.000000,0.000000,0,1
1789814452.575055,4,18.014792,20.709794,-2.978098,19.128000,20.952000,18.028000,20.952000,0.129327,0.607525,0.796508,2.980630,-0.270457,0.492475,0.000000,0.000000,0,1
1789814452.675097,4,18.014792,20.709794,-2.978098,19.128000,20.952000,18.028000,20.952000,0.129327,0.607525,0.796508,2.980630,-0.270457,0.492475,0.000000,0.000000,0,1
1789814452.775058,4,18.014792,20.709794,-2.978098,19.128000,20.952000,18.028000,20.952000,0.129327,0.607525,0.796508,2.980630,-0.270457,0.492475,0.000000,0.000000,0,1
1789814452.875082,4,18.014792,20.709794,-2.978098,19.128000,20.952000,18.028000,20.952000,0.129327,0.607525,0.796508,2.980630,-0.270457,0.492475,0.000000,0.000000,0,1
1789814452.978302,4,18.014792,20.709794,-2.978098,19.128000,20.952000,18.028000,20.952000,0.129327,0.607525,0.796508,2.980630,-0.270457,0.492475,0.000000,0.000000,0,1
1789814453.075026,4,18.014792,20.709794,-2.978098,19.128000,20.952000,18.028000,20.952000,0.129327,0.607525,0.796508,2.980630,-0.270457,0.492475,0.000000,0.000000,0,1
1789814453.175084,4,18.014792,20.709794,-2.978098,19.128000,20.952000,18.028000,20.952000,0.129327,0.607525,0.796508,2.980630,-0.270457,0.492475,0.000000,0.000000,0,1
1789814453.275070,4,18.014792,20.709794,-2.978098,19.128000,20.952000,18.028000,20.952000,0.129327,0.607525,0.796508,2.980630,-0.270457,0.492475,0.000000,0.000000,0,1
1789814453.375098,4,18.014792,20.709794,-2.978098,19.128000,20.952000,18.028000,20.952000,0.129327,0.607525,0.796508,2.980630,-0.270457,0.492475,0.000000,0.000000,0,1
1789814453.475364,4,18.014792,20.709794,-2.978098,19.128000,20.952000,18.028000,20.952000,0.129327,0.607525,0.796508,2.980630,-0.270457,0.492475,0.000000,0.000000,0,1
1789814453.575071,4,18.014792,20.709794,-2.978098,19.128000,20.952000,18.028000,20.952000,0.129327,0.607525,0.796508,2.980630,-0.270457,0.492475,0.000000,0.000000,0,1
1789814453.675111,4,18.014792,20.709794,-2.978098,19.128000,20.952000,18.028000,20.952000,0.129327,0.607525,0.796508,2.980630,-0.270457,0.492475,0.000000,0.000000,0,1
1789814453.775107,4,18.014792,20.709794,-2.978098,19.128000,20.952000,18.028000,20.952000,0.129327,0.607525,0.796508,2.980630,-0.270457,0.492475,0.000000,0.000000,0,1
1789814453.875104,4,18.014792,20.709794,-2.978098,19.128000,20.952000,18.028000,20.952000,0.129327,0.607525,0.796508,2.980630,-0.270457,0.492475,0.000000,0.000000,0,1
1789814453.975142,4,18.014792,20.709794,-2.978098,19.128000,20.952000,18.028000,20.952000,0.129327,0.607525,0.796508,2.980630,-0.270457,0.492475,0.000000,0.000000,0,1
1789814454.075073,4,18.014792,20.709794,-2.978098,19.128000,20.952000,18.028000,20.952000,0.129327,0.607525,0.796508,2.980630,-0.270457,0.492475,0.000000,0.000000,0,1
1789814454.175055,4,18.014792,20.709794,-2.978098,19.128000,20.952000,18.028000,20.952000,0.129327,0.607525,0.796508,2.980630,-0.270457,0.492475,0.000000,0.000000,0,1
1789814454.275149,4,18.014792,20.709794,-2.978098,19.128000,20.952000,18.028000,20.952000,0.129327,0.607525,0.796508,2.980630,-0.270457,0.492475,0.000000,0.000000,0,1
1789814454.375164,4,18.014792,20.709794,-2.978098,19.128000,20.952000,18.028000,20.952000,0.129327,0.607525,0.796508,2.980630,-0.270457,0.492475,0.000000,0.000000,0,1
1789814454.475132,4,18.014792,20.709794,-2.978098,19.128000,20.952000,18.028000,20.952000,0.129327,0.607525,0.796508,2.980630,-0.270457,0.492475,0.000000,0.000000,0,1
1789814454.577345,4,18.014792,20.709794,-2.978098,19.128000,20.952000,18.028000,20.952000,0.129327,0.607525,0.796508,2.980630,-0.270457,0.492475,0.000000,0.000000,0,1
1789814454.675128,4,18.014792,20.709794,-2.978098,19.128000,20.952000,18.028000,20.952000,0.129327,0.607525,0.796508,2.980630,-0.270457,0.492475,0.000000,0.000000,0,1
1789814454.775140,4,18.014792,20.709794,-2.978098,19.128000,20.952000,18.028000,20.952000,0.129327,0.607525,0.796508,2.980630,-0.270457,0.492475,0.000000,0.000000,0,1
1789814454.875159,4,18.014792,20.709794,-2.978098,19.128000,20.952000,18.028000,20.952000,0.129327,0.607525,0.796508,2.980630,-0.270457,0.492475,0.000000,0.000000,0,1
1789814454.975178,4,18.014792,20.709794,-2.978098,19.128000,20.952000,18.028000,20.952000,0.129327,0.607525,0.796508,2.980630,-0.270457,0.492475,0.000000,0.000000,0,1
1789814455.075157,4,18.014792,20.709794,-2.978098,19.128000,20.952000,18.028000,20.952000,0.129327,0.607525,0.796508,2.980630,-0.270457,0.492475,0.000000,0.000000,0,1
1789814455.175164,4,18.014792,20.709794,-2.978098,19.128000,20.952000,18.028000,20.952000,0.129327,0.607525,0.796508,2.980630,-0.270457,0.492475,0.000000,0.000000,0,1
1789814455.275127,4,18.014792,20.709794,-2.978098,19.128000,20.952000,18.028000,20.952000,0.129327,0.607525,0.796508,2.980630,-0.270457,0.492475,0.000000,0.000000,0,1
1789814455.375191,4,18.014792,20.709794,-2.978098,19.128000,20.952000,18.028000,20.952000,0.129327,0.607525,0.796508,2.980630,-0.270457,0.492475,0.000000,0.000000,0,1
1789814455.475205,4,18.014792,20.709794,-2.978098,19.128000,20.952000,18.028000,20.952000,0.129327,0.607525,0.796508,2.980630,-0.270457,0.492475,0.000000,0.000000,0,1
1789814455.575451,4,18.014792,20.709794,-2.978098,19.128000,20.952000,18.028000,20.952000,0.129327,0.607525,0.796508,2.980630,-0.270457,0.492475,0.000000,0.000000,0,1
1789814455.675213,4,18.014792,20.709794,-2.978098,19.128000,20.952000,18.028000,20.952000,0.129327,0.607525,0.796508,2.980630,-0.270457,0.492475,0.000000,0.000000,0,1
1789814455.775210,4,18.014792,20.709794,-2.978098,19.128000,20.952000,18.028000,20.952000,0.129327,0.607525,0.796508,2.980630,-0.270457,0.492475,0.000000,0.000000,0,1
1789814455.875220,4,18.014792,20.709794,-2.978098,19.128000,20.952000,18.028000,20.952000,0.129327,0.607525,0.796508,2.980630,-0.270457,0.492475,0.000000,0.000000,0,1
1789814455.975223,4,18.014792,20.709794,-2.978098,19.128000,20.952000,18.028000,20.952000,0.129327,0.607525,0.796508,2.980630,-0.270457,0.492475,0.000000,0.000000,0,1
1789814456.075308,4,18.014792,20.709794,-2.978098,19.128000,20.952000,18.028000,20.952000,0.129327,0.607525,0.796508,2.980630,-0.270457,0.492475,0.000000,0.000000,0,1
1789814456.175246,4,18.014792,20.709794,-2.978098,19.128000,20.952000,18.028000,20.952000,0.129327,0.607525,0.796508,2.980630,-0.270457,0.492475,0.000000,0.000000,0,1
1789814456.275345,4,18.014792,20.709794,-2.978098,19.128000,20.952000,18.028000,20.952000,0.129327,0.607525,0.796508,2.980630,-0.270457,0.492475,0.000000,0.000000,0,1
1789814456.375257,4,18.014792,20.709794,-2.978098,19.128000,20.952000,18.028000,20.952000,0.129327,0.607525,0.796508,2.980630,-0.270457,0.492475,0.000000,0.000000,0,1
1789814456.475249,4,18.014792,20.709794,-2.978098,19.128000,20.952000,18.028000,20.952000,0.129327,0.607525,0.796508,2.980630,-0.270457,0.492475,0.000000,0.000000,0,1
1789814456.576355,4,18.014792,20.709794,-2.978098,19.128000,20.952000,18.028000,20.952000,0.129327,0.607525,0.796508,2.980630,-0.270457,0.492475,0.000000,0.000000,0,1
1789814456.675277,4,18.014792,20.709794,-2.978098,19.128000,20.952000,18.028000,20.952000,0.129327,0.607525,0.796508,2.980630,-0.270457,0.492475,0.000000,0.000000,0,1
1789814456.775255,4,18.014792,20.709794,-2.978098,19.128000,20.952000,18.028000,20.952000,0.129327,0.607525,0.796508,2.980630,-0.270457,0.492475,0.000000,0.000000,0,1
1789814456.875274,4,18.014792,20.709794,-2.978098,19.128000,20.952000,18.028000,20.952000,0.129327,0.607525,0.796508,2.980630,-0.270457,0.492475,0.000000,0.000000,0,1
1789814456.975334,4,18.014792,20.709794,-2.978098,19.128000,20.952000,18.028000,20.952000,0.129327,0.607525,0.796508,2.980630,-0.270457,0.492475,0.000000,0.000000,0,1
1789814457.075301,4,18.014792,20.709794,-2.978098,19.128000,20.952000,18.028000,20.952000,0.129327,0.607525,0.796508,2.980630,-0.270457,0.492475,0.000000,0.000000,0,1
1789814457.175295,4,18.014792,20.709794,-2.978098,19.128000,20.952000,18.028000,20.952000,0.129327,0.607525,0.796508,2.980630,-0.270457,0.492475,0.000000,0.000000,0,1
1789814457.275284,4,18.014792,20.709794,-2.978098,19.128000,20.952000,18.028000,20.952000,0.129327,0.607525,0.796508,2.980630,-0.270457,0.492475,0.000000,0.000000,0,1
1789814457.375270,4,18.014792,20.709794,-2.978098,19.128000,20.952000,18.028000,20.952000,0.129327,0.607525,0.796508,2.980630,-0.270457,0.492475,0.000000,0.000000,0,1
1789814457.475341,4,18.014792,20.709794,-2.978098,19.128000,20.952000,18.028000,20.952000,0.129327,0.607525,0.796508,2.980630,-0.270457,0.492475,0.000000,0.000000,0,1
1789814457.575329,4,18.014792,20.709794,-2.978098,19.128000,20.952000,18.028000,20.952000,0.129327,0.607525,0.796508,2.980630,-0.270457,0.492475,0.000000,0.000000,0,1
1789814457.675366,4,18.014792,20.709794,-2.978098,19.128000,20.952000,18.028000,20.952000,0.129327,0.607525,0.796508,2.980630,-0.270457,0.492475,0.000000,0.000000,0,1
1789814457.775335,4,18.014792,20.709794,-2.978098,19.128000,20.952000,18.028000,20.952000,0.129327,0.607525,0.796508,2.980630,-0.270457,0.492475,0.000000,0.000000,0,1
1789814457.876320,4,18.014792,20.709794,-2.978098,19.128000,20.952000,18.028000,20.952000,0.129327,0.607525,0.796508,2.980630,-0.270457,0.492475,0.000000,0.000000,0,1
1789814457.975419,4,18.014792,20.709794,-2.978098,19.128000,20.952000,18.028000,20.952000,0.129327,0.607525,0.796508,2.980630,-0.270457,0.492475,0.000000,0.000000,0,1
1789814458.075424,4,18.014792,20.709794,-2.978098,19.128000,20.952000,18.028000,20.952000,0.129327,0.607525,0.796508,2.980630,-0.270457,0.492475,0.000000,0.000000,0,1
1789814458.175369,4,18.014792,20.709794,-2.978098,19.128000,20.952000,18.028000,20.952000,0.129327,0.607525,0.796508,2.980630,-0.270457,0.492475,0.000000,0.000000,0,1
1789814458.275382,4,18.014792,20.709794,-2.978098,19.128000,20.952000,18.028000,20.952000,0.129327,0.607525,0.796508,2.980630,-0.270457,0.492475,0.000000,0.000000,0,1
1789814458.375343,4,18.014792,20.709794,-2.978098,19.128000,20.952000,18.028000,20.952000,0.129327,0.607525,0.796508,2.980630,-0.270457,0.492475,0.000000,0.000000,0,1
1789814458.475373,4,18.014792,20.709794,-2.978098,19.128000,20.952000,18.028000,20.952000,0.129327,0.607525,0.796508,2.980630,-0.270457,0.492475,0.000000,0.000000,0,1
1789814458.575387,4,18.014792,20.709794,-2.978098,19.128000,20.952000,18.028000,20.952000,0.129327,0.607525,0.796508,2.980630,-0.270457,0.492475,0.000000,0.000000,0,1
1789814458.675312,4,18.014792,20.709794,-2.978098,19.128000,20.952000,18.028000,20.952000,0.129327,0.607525,0.796508,2.980630,-0.270457,0.492475,0.000000,0.000000,0,1
1789814458.775399,4,18.014792,20.709794,-2.978098,19.128000,20.952000,18.028000,20.952000,0.129327,0.607525,0.796508,2.980630,-0.270457,0.492475,0.000000,0.000000,0,1
1789814458.875362,4,18.014792,20.709794,-2.978098,19.128000,20.952000,18.028000,20.952000,0.129327,0.607525,0.796508,2.980630,-0.270457,0.492475,0.000000,0.000000,0,1
1789814458.975441,4,18.014792,20.709794,-2.978098,19.128000,20.952000,18.028000,20.952000,0.129327,0.607525,0.796508,2.980630,-0.270457,0.492475,0.000000,0.000000,0,1
1789814459.075423,4,18.014792,20.709794,-2.978098,19.128000,20.952000,18.028000,20.952000,0.129327,0.607525,0.796508,2.980630,-0.270457,0.492475,0.000000,0.000000,0,1
1789814459.175390,4,18.014792,20.709794,-2.978098,19.128000,20.952000,18.028000,20.952000,0.129327,0.607525,0.796508,2.980630,-0.270457,0.492475,0.000000,0.000000,0,1
1789814459.275402,4,18.014792,20.709794,-2.978098,19.128000,20.952000,18.028000,20.952000,0.129327,0.607525,0.796508,2.980630,-0.270457,0.492475,0.000000,0.000000,0,1
1789814459.375422,4,18.014792,20.709794,-2.978098,19.128000,20.952000,18.028000,20.952000,0.129327,0.607525,0.796508,2.980630,-0.270457,0.492475,0.000000,0.000000,0,1
1789814459.475418,4,18.014792,20.709794,-2.978098,19.128000,20.952000,18.028000,20.952000,0.129327,0.607525,0.796508,2.980630,-0.270457,0.492475,0.000000,0.000000,0,1
1789814459.575428,4,18.014792,20.709794,-2.978098,19.128000,20.952000,18.028000,20.952000,0.129327,0.607525,0.796508,2.980630,-0.270457,0.492475,0.000000,0.000000,0,1
1789814459.675409,4,18.014792,20.709794,-2.978098,19.128000,20.952000,18.028000,20.952000,0.129327,0.607525,0.796508,2.980630,-0.270457,0.492475,0.000000,0.000000,0,1
1789814459.775427,4,18.014792,20.709794,-2.978098,19.128000,20.952000,18.028000,20.952000,0.129327,0.607525,0.796508,2.980630,-0.270457,0.492475,0.000000,0.000000,0,1
1789814459.875475,4,18.014792,20.709794,-2.978098,19.128000,20.952000,18.028000,20.952000,0.129327,0.607525,0.796508,2.980630,-0.270457,0.492475,0.000000,0.000000,0,1
1789814459.975537,4,18.014792,20.709794,-2.978098,19.128000,20.952000,18.028000,20.952000,0.129327,0.607525,0.796508,2.980630,-0.270457,0.492475,0.000000,0.000000,0,1
1789814460.075448,4,18.014792,20.709794,-2.978098,19.128000,20.952000,18.028000,20.952000,0.129327,0.607525,0.796508,2.980630,-0.270457,0.492475,0.000000,0.000000,0,1
1789814460.175439,4,18.014792,20.709794,-2.978098,19.128000,20.952000,18.028000,20.952000,0.129327,0.607525,0.796508,2.980630,-0.270457,0.492475,0.000000,0.000000,0,1
1789814460.275466,4,18.014792,20.709794,-2.978098,19.128000,20.952000,18.028000,20.952000,0.129327,0.607525,0.796508,2.980630,-0.270457,0.492475,0.000000,0.000000,0,1
1789814460.375406,4,18.014792,20.709794,-2.978098,19.128000,20.952000,18.028000,20.952000,0.129327,0.607525,0.796508,2.980630,-0.270457,0.492475,0.000000,0.000000,0,1
1789814460.475439,4,18.014792,20.709794,-2.978098,19.128000,20.952000,18.028000,20.952000,0.129327,0.607525,0.796508,2.980630,-0.270457,0.492475,0.000000,0.000000,0,1
1789814460.575490,4,18.014792,20.709794,-2.978098,19.128000,20.952000,18.028000,20.952000,0.129327,0.607525,0.796508,2.980630,-0.270457,0.492475,0.000000,0.000000,0,1
1789814460.675480,4,18.014792,20.709794,-2.978098,19.128000,20.952000,18.028000,20.952000,0.129327,0.607525,0.796508,2.980630,-0.270457,0.492475,0.000000,0.000000,0,1
1789814460.775525,4,18.014792,20.709794,-2.978098,19.128000,20.952000,18.028000,20.952000,0.129327,0.607525,0.796508,2.980630,-0.270457,0.492475,0.000000,0.000000,0,1
1789814460.875499,4,18.014792,20.709794,-2.978098,19.128000,20.952000,18.028000,20.952000,0.129327,0.607525,0.796508,2.980630,-0.270457,0.492475,0.000000,0.000000,0,1
1789814460.975535,4,18.014792,20.709794,-2.978098,19.128000,20.952000,18.028000,20.952000,0.129327,0.607525,0.796508,2.980630,-0.270457,0.492475,0.000000,0.000000,0,1
1789814461.075473,4,18.014792,20.709794,-2.978098,19.128000,20.952000,18.028000,20.952000,0.129327,0.607525,0.796508,2.980630,-0.270457,0.492475,0.000000,0.000000,0,1
1789814461.175457,4,18.014792,20.709794,-2.978098,19.128000,20.952000,18.028000,20.952000,0.129327,0.607525,0.796508,2.980630,-0.270457,0.492475,0.000000,0.000000,0,1
1789814461.275578,4,18.014792,20.709794,-2.978098,19.128000,20.952000,18.028000,20.952000,0.129327,0.607525,0.796508,2.980630,-0.270457,0.492475,0.000000,0.000000,0,1
1789814461.375536,4,18.014792,20.709794,-2.978098,19.128000,20.952000,18.028000,20.952000,0.129327,0.607525,0.796508,2.980630,-0.270457,0.492475,0.000000,0.000000,0,1
1789814461.475552,4,18.014792,20.709794,-2.978098,19.128000,20.952000,18.028000,20.952000,0.129327,0.607525,0.796508,2.980630,-0.270457,0.492475,0.000000,0.000000,0,1
1789814461.575575,4,18.014792,20.709794,-2.978098,19.128000,20.952000,18.028000,20.952000,0.129327,0.607525,0.796508,2.980630,-0.270457,0.492475,0.000000,0.000000,0,1
1789814461.675553,4,18.014792,20.709794,-2.978098,19.128000,20.952000,18.028000,20.952000,0.129327,0.607525,0.796508,2.980630,-0.270457,0.492475,0.000000,0.000000,0,1
1789814461.775557,4,18.014792,20.709794,-2.978098,19.128000,20.952000,18.028000,20.952000,0.129327,0.607525,0.796508,2.980630,-0.270457,0.492475,0.000000,0.000000,0,1
1789814461.877130,4,18.014792,20.709794,-2.978098,19.128000,20.952000,18.028000,20.952000,0.129327,0.607525,0.796508,2.980630,-0.270457,0.492475,0.000000,0.000000,0,1
1789814461.975664,4,18.014792,20.709794,-2.978098,19.128000,20.952000,18.028000,20.952000,0.129327,0.607525,0.796508,2.980630,-0.270457,0.492475,0.000000,0.000000,1,1
1789814462.075570,4,18.014792,20.709794,-2.978098,19.128000,20.952000,18.028000,20.952000,0.129327,0.607525,0.796508,2.980630,-0.270457,0.492475,0.000000,0.000000,1,1
1789814462.175582,4,18.014792,20.709794,-2.978098,19.128000,20.952000,18.028000,20.952000,0.129327,0.607525,0.796508,2.980630,-0.270457,0.492475,0.000000,0.000000,1,1
1789814462.275604,4,18.014792,20.709794,-2.978098,19.128000,20.952000,18.028000,20.952000,0.129327,0.607525,0.796508,2.980630,-0.270457,0.492475,0.000000,0.000000,1,1
1789814462.375536,4,18.014792,20.709794,-2.978098,19.128000,20.952000,18.028000,20.952000,0.129327,0.607525,0.796508,2.980630,-0.270457,0.492475,0.000000,0.000000,1,1
1789814462.475593,4,18.014792,20.709794,-2.978098,19.128000,20.952000,18.028000,20.952000,0.129327,0.607525,0.796508,2.980630,-0.270457,0.492475,0.000000,0.000000,1,1
1789814462.576889,4,18.014792,20.709794,-2.978098,19.128000,20.952000,18.028000,20.952000,0.129327,0.607525,0.796508,2.980630,-0.270457,0.492475,0.000000,0.000000,1,1
1789814462.677665,4,18.014792,20.709794,-2.978098,19.128000,20.952000,18.028000,20.952000,0.129327,0.607525,0.796508,2.980630,-0.270457,0.492475,0.000000,0.000000,1,1
1789814462.775638,4,18.014792,20.709794,-2.978098,19.128000,20.952000,18.028000,20.952000,0.129327,0.607525,0.796508,2.980630,-0.270457,0.492475,0.000000,0.000000,1,1
1789814462.875642,4,18.014792,20.709794,-2.978098,19.128000,20.952000,18.028000,20.952000,0.129327,0.607525,0.796508,2.980630,-0.270457,0.492475,0.000000,0.000000,1,1
1789814462.976051,4,18.014792,20.709794,-2.978098,19.128000,20.952000,18.028000,20.952000,0.129327,0.607525,0.796508,2.980630,-0.270457,0.492475,0.000000,0.000000,0,1
1789814463.075586,4,18.014792,20.709794,-2.978098,19.128000,20.952000,18.028000,20.952000,0.129327,0.607525,0.796508,2.980630,-0.270457,0.492475,0.000000,0.000000,1,1
1789814463.175590,4,18.014792,20.709794,-2.978098,19.128000,20.952000,18.028000,20.952000,0.129327,0.607525,0.796508,2.980630,-0.270457,0.492475,0.000000,0.000000,1,1
1789814463.275639,4,18.014792,20.709794,-2.978098,19.128000,20.952000,18.028000,20.952000,0.129327,0.607525,0.796508,2.980630,-0.270457,0.492475,0.000000,0.000000,1,1
1789814463.375779,4,18.014792,20.709794,-2.978098,19.128000,20.952000,18.028000,20.952000,0.129327,0.607525,0.796508,2.980630,-0.270457,0.492475,0.000000,0.000000,1,1
1789814463.475624,4,18.014792,20.709794,-2.978098,19.128000,20.952000,18.028000,20.952000,0.129327,0.607525,0.796508,2.980630,-0.270457,0.492475,0.000000,0.000000,1,1
1789814463.575675,4,18.014792,20.709794,-2.978098,19.128000,20.952000,18.028000,20.952000,0.129327,0.607525,0.796508,2.980630,-0.270457,0.492475,0.000000,0.000000,1,1
1789814463.675634,4,18.014792,20.709794,-2.978098,19.128000,20.952000,18.028000,20.952000,0.129327,0.607525,0.796508,2.980630,-0.270457,0.492475,0.000000,0.000000,1,1
1789814463.775728,4,18.014792,20.709794,-2.978098,19.128000,20.952000,18.028000,20.952000,0.129327,0.607525,0.796508,2.980630,-0.270457,0.492475,0.000000,0.000000,1,1
1789814463.875580,4,18.014792,20.709794,-2.978098,19.128000,20.952000,18.028000,20.952000,0.129327,0.607525,0.796508,2.980630,-0.270457,0.492475,0.000000,0.000000,1,1
1789814463.975627,4,18.014792,20.709794,-2.978098,19.128000,20.952000,18.028000,20.952000,0.129327,0.607525,0.796508,2.980630,-0.270457,0.492475,0.000000,0.000000,1,1
1789814464.075646,4,18.014792,20.709794,-2.978098,19.128000,20.952000,18.028000,20.952000,0.129327,0.607525,0.796508,2.980630,-0.270457,0.492475,0.000000,0.000000,1,1
1789814464.175706,4,18.014792,20.709794,-2.978098,19.128000,20.952000,18.028000,20.952000,0.129327,0.607525,0.796508,2.980630,-0.270457,0.492475,0.000000,0.000000,1,1
1789814464.275676,4,18.014792,20.709794,-2.978098,19.128000,20.952000,18.028000,20.952000,0.129327,0.607525,0.796508,2.980630,-0.270457,0.492475,0.000000,0.000000,1,1
1789814464.375661,4,18.014792,20.709794,-2.978098,19.128000,20.952000,18.028000,20.952000,0.129327,0.607525,0.796508,2.980630,-0.270457,0.492475,0.000000,0.000000,1,1
1789814464.475690,4,18.014792,20.709794,-2.978098,19.128000,20.952000,18.028000,20.952000,0.129327,0.607525,0.796508,2.980630,-0.270457,0.492475,0.000000,0.000000,1,1
1789814464.575683,4,18.014792,20.709794,-2.978098,19.128000,20.952000,18.028000,20.952000,0.129327,0.607525,0.796508,2.980630,-0.270457,0.492475,0.000000,0.000000,0,1
1789814464.675691,4,18.014792,20.709794,-2.978098,19.128000,20.952000,18.028000,20.952000,0.129327,0.607525,0.796508,2.980630,-0.270457,0.492475,0.000000,0.000000,0,1
1789814464.775762,4,18.014792,20.709794,-2.978098,19.128000,20.952000,18.028000,20.952000,0.129327,0.607525,0.796508,2.980630,-0.270457,0.492475,0.000000,0.000000,0,1
