time_s,segment,amcl_x,amcl_y,amcl_yaw,start_x,start_y,goal_x,goal_y,cross_track,long_track,lookahead,target_heading,heading_error,remaining_distance,linear_cmd,angular_cmd,safety_stop,finished
1789650574.110765,0,17.710331,20.071070,0.022364,0.000000,0.000000,0.000000,0.000000,0.000000,0.000000,0.000000,0.000000,0.000000,0.000000,0.000000,0.000000,1,0
1789650574.210741,0,17.753578,20.097617,0.013792,0.000000,0.000000,0.000000,0.000000,0.000000,0.000000,0.000000,0.000000,0.000000,0.000000,0.000000,0.000000,1,0
1789650574.310787,0,17.753578,20.097617,0.013792,0.000000,0.000000,0.000000,0.000000,0.000000,0.000000,0.000000,0.000000,0.000000,0.000000,0.000000,0.000000,1,0
1789650574.411797,0,17.753578,20.097617,0.013792,0.000000,0.000000,0.000000,0.000000,0.000000,0.000000,0.000000,0.000000,0.000000,0.000000,0.000000,0.000000,1,0
1789650574.510801,0,17.753578,20.097617,0.013792,0.000000,0.000000,0.000000,0.000000,0.000000,0.000000,0.000000,0.000000,0.000000,0.000000,0.000000,0.000000,1,0
1789650574.610834,0,17.753578,20.097617,0.013792,0.000000,0.000000,0.000000,0.000000,0.000000,0.000000,0.000000,0.000000,0.000000,0.000000,0.000000,0.000000,1,0
1789650574.711011,0,17.753578,20.097617,0.013792,0.000000,0.000000,0.000000,0.000000,0.000000,0.000000,0.000000,0.000000,0.000000,0.000000,0.000000,0.000000,1,0
1789650574.810956,0,17.753578,20.097617,0.013792,0.000000,0.000000,0.000000,0.000000,0.000000,0.000000,0.000000,0.000000,0.000000,0.000000,0.000000,0.000000,1,0
1789650574.910942,0,17.753578,20.097617,0.013792,0.000000,0.000000,0.000000,0.000000,0.000000,0.000000,0.000000,0.000000,0.000000,0.000000,0.000000,0.000000,1,0
1789650575.010844,0,17.753578,20.097617,0.013792,0.000000,0.000000,0.000000,0.000000,0.000000,0.000000,0.000000,0.000000,0.000000,0.000000,0.000000,0.000000,1,0
1789650575.110856,0,17.753578,20.097617,0.013792,0.000000,0.000000,0.000000,0.000000,0.000000,0.000000,0.000000,0.000000,0.000000,0.000000,0.000000,0.000000,1,0
1789650575.210780,0,17.753578,20.097617,0.013792,0.000000,0.000000,0.000000,0.000000,0.000000,0.000000,0.000000,0.000000,0.000000,0.000000,0.000000,0.000000,1,0
1789650575.310909,0,17.753578,20.097617,0.013792,0.000000,0.000000,0.000000,0.000000,0.000000,0.000000,0.000000,0.000000,0.000000,0.000000,0.000000,0.000000,1,0
1789650575.410912,0,17.753578,20.097617,0.013792,0.000000,0.000000,0.000000,0.000000,0.000000,0.000000,0.000000,0.000000,0.000000,0.000000,0.000000,0.000000,1,0
1789650575.517082,0,17.753578,20.097617,0.013792,0.000000,0.000000,0.000000,0.000000,0.000000,0.000000,0.000000,0.000000,0.000000,0.000000,0.000000,0.000000,1,0
1789650575.610910,0,17.753578,20.097617,0.013792,0.000000,0.000000,0.000000,0.000000,0.000000,0.000000,0.000000,0.000000,0.000000,0.000000,0.000000,0.000000,1,0
1789650575.710892,0,17.753578,20.097617,0.013792,0.000000,0.000000,0.000000,0.000000,0.000000,0.000000,0.000000,0.000000,0.000000,0.000000,0.000000,0.000000,1,0
1789650575.810906,0,17.753578,20.097617,0.013792,0.000000,0.000000,0.000000,0.000000,0.000000,0.000000,0.000000,0.000000,0.000000,0.000000,0.000000,0.000000,1,0
1789650575.910878,0,17.753578,20.097617,0.013792,0.000000,0.000000,0.000000,0.000000,0.000000,0.000000,0.000000,0.000000,0.000000,0.000000,0.000000,0.000000,1,0
1789650576.010916,0,17.753578,20.097617,0.013792,0.000000,0.000000,0.000000,0.000000,0.000000,0.000000,0.000000,0.000000,0.000000,0.000000,0.000000,0.000000,1,0
1789650576.110911,0,17.753578,20.097617,0.013792,0.000000,0.000000,0.000000,0.000000,0.000000,0.000000,0.000000,0.000000,0.000000,0.000000,0.000000,0.000000,1,0
1789650576.210930,0,17.753578,20.097617,0.013792,0.000000,0.000000,0.000000,0.000000,0.000000,0.000000,0.000000,0.000000,0.000000,0.000000,0.000000,0.000000,1,0
1789650576.312180,0,17.753578,20.097617,0.013792,0.000000,0.000000,0.000000,0.000000,0.000000,0.000000,0.000000,0.000000,0.000000,0.000000,0.000000,0.000000,1,0
1789650576.410862,0,17.753578,20.097617,0.013792,0.000000,0.000000,0.000000,0.000000,0.000000,0.000000,0.000000,0.000000,0.000000,0.000000,0.000000,0.000000,1,0
1789650576.510921,0,17.753578,20.097617,0.013792,0.000000,0.000000,0.000000,0.000000,0.000000,0.000000,0.000000,0.000000,0.000000,0.000000,0.000000,0.000000,1,0
1789650576.610936,0,17.753578,20.097617,0.013792,0.000000,0.000000,0.000000,0.000000,0.000000,0.000000,0.000000,0.000000,0.000000,0.000000,0.000000,0.000000,1,0
1789650576.710994,0,17.753578,20.097617,0.013792,0.000000,0.000000,0.000000,0.000000,0.000000,0.000000,0.000000,0.000000,0.000000,0.000000,0.000000,0.000000,1,0
1789650576.810955,0,17.753578,20.097617,0.013792,0.000000,0.000000,0.000000,0.000000,0.000000,0.000000,0.000000,0.000000,0.000000,0.000000,0.000000,0.000000,1,0
1789650576.911052,0,17.753578,20.097617,0.013792,0.000000,0.000000,0.000000,0.000000,0.000000,0.000000,0.000000,0.000000,0.000000,0.000000,0.000000,0.000000,1,0
1789650577.010976,0,17.753578,20.097617,0.013792,0.000000,0.000000,0.000000,0.000000,0.000000,0.000000,0.000000,0.000000,0.000000,0.000000,0.000000,0.000000,1,0
1789650577.110965,0,17.753578,20.097617,0.013792,0.000000,0.000000,0.000000,0.000000,0.000000,0.000000,0.000000,0.000000,0.000000,0.000000,0.000000,0.000000,1,0
1789650577.211325,0,17.753578,20.097617,0.013792,0.000000,0.000000,0.000000,0.000000,0.000000,0.000000,0.000000,0.000000,0.000000,0.000000,0.000000,0.000000,1,0
1789650577.311031,0,17.753578,20.097617,0.013792,0.000000,0.000000,0.000000,0.000000,0.000000,0.000000,0.000000,0.000000,0.000000,0.000000,0.000000,0.000000,1,0
1789650577.410974,0,17.753578,20.097617,0.013792,0.000000,0.000000,0.000000,0.000000,0.000000,0.000000,0.000000,0.000000,0.000000,0.000000,0.000000,0.000000,1,0
1789650577.511050,0,17.753578,20.097617,0.013792,0.000000,0.000000,0.000000,0.000000,0.000000,0.000000,0.000000,0.000000,0.000000,0.000000,0.000000,0.000000,1,0
1789650577.614197,0,17.753578,20.097617,0.013792,0.000000,0.000000,0.000000,0.000000,0.000000,0.000000,0.000000,0.000000,0.000000,0.000000,0.000000,0.000000,1,0
1789650577.711095,0,17.753578,20.097617,0.013792,0.000000,0.000000,0.000000,0.000000,0.000000,0.000000,0.000000,0.000000,0.000000,0.000000,0.000000,0.000000,1,0
1789650577.811019,0,17.753578,20.097617,0.013792,0.000000,0.000000,0.000000,0.000000,0.000000,0.000000,0.000000,0.000000,0.000000,0.000000,0.000000,0.000000,1,0
1789650577.913458,0,17.753578,20.097617,0.013792,0.000000,0.000000,0.000000,0.000000,0.000000,0.000000,0.000000,0.000000,0.000000,0.000000,0.000000,0.000000,1,0
1789650578.011049,0,17.753578,20.097617,0.013792,0.000000,0.000000,0.000000,0.000000,0.000000,0.000000,0.000000,0.000000,0.000000,0.000000,0.000000,0.000000,1,0
1789650578.111041,0,17.753578,20.097617,0.013792,0.000000,0.000000,0.000000,0.000000,0.000000,0.000000,0.000000,0.000000,0.000000,0.000000,0.000000,0.000000,1,0
1789650578.211094,0,17.753578,20.097617,0.013792,0.000000,0.000000,0.000000,0.000000,0.000000,0.000000,0.000000,0.000000,0.000000,0.000000,0.000000,0.000000,1,0
1789650578.311108,0,17.753578,20.097617,0.013792,0.000000,0.000000,0.000000,0.000000,0.000000,0.000000,0.000000,0.000000,0.000000,0.000000,0.000000,0.000000,1,0
1789650578.411120,0,17.753578,20.097617,0.013792,0.000000,0.000000,0.000000,0.000000,0.000000,0.000000,0.000000,0.000000,0.000000,0.000000,0.000000,0.000000,1,0
1789650578.511102,0,17.753578,20.097617,0.013792,0.000000,0.000000,0.000000,0.000000,0.000000,0.000000,0.000000,0.000000,0.000000,0.000000,0.000000,0.000000,1,0
1789650578.611095,0,17.753578,20.097617,0.013792,0.000000,0.000000,0.000000,0.000000,0.000000,0.000000,0.000000,0.000000,0.000000,0.000000,0.000000,0.000000,1,0
1789650578.711100,0,17.753578,20.097617,0.013792,0.000000,0.000000,0.000000,0.000000,0.000000,0.000000,0.000000,0.000000,0.000000,0.000000,0.000000,0.000000,1,0
1789650578.811081,0,17.753578,20.097617,0.013792,0.000000,0.000000,0.000000,0.000000,0.000000,0.000000,0.000000,0.000000,0.000000,0.000000,0.000000,0.000000,1,0
1789650578.911100,0,17.753578,20.097617,0.013792,0.000000,0.000000,0.000000,0.000000,0.000000,0.000000,0.000000,0.000000,0.000000,0.000000,0.000000,0.000000,1,0
1789650579.011113,0,17.753578,20.097617,0.013792,0.000000,0.000000,0.000000,0.000000,0.000000,0.000000,0.000000,0.000000,0.000000,0.000000,0.000000,0.000000,1,0
1789650579.111111,0,17.753578,20.097617,0.013792,0.000000,0.000000,0.000000,0.000000,0.000000,0.000000,0.000000,0.000000,0.000000,0.000000,0.000000,0.000000,1,0
1789650579.211355,0,17.753578,20.097617,0.013792,0.000000,0.000000,0.000000,0.000000,0.000000,0.000000,0.000000,0.000000,0.000000,0.000000,0.000000,0.000000,0,0
1789650579.311138,0,17.753578,20.097617,0.013792,0.000000,0.000000,0.000000,0.000000,0.000000,0.000000,0.000000,0.000000,0.000000,0.000000,0.000000,0.000000,0,0
1789650579.411242,0,17.753578,20.097617,0.013792,0.000000,0.000000,0.000000,0.000000,0.000000,0.000000,0.000000,0.000000,0.000000,0.000000,0.000000,0.000000,0,0
1789650579.511139,0,17.753578,20.097617,0.013792,0.000000,0.000000,0.000000,0.000000,0.000000,0.000000,0.000000,0.000000,0.000000,0.000000,0.000000,0.000000,0,0
1789650579.611145,0,17.753578,20.097617,0.013792,0.000000,0.000000,0.000000,0.000000,0.000000,0.000000,0.000000,0.000000,0.000000,0.000000,0.000000,0.000000,0,0
1789650579.711187,0,17.753578,20.097617,0.013792,0.000000,0.000000,0.000000,0.000000,0.000000,0.000000,0.000000,0.000000,0.000000,0.000000,0.000000,0.000000,0,0
1789650579.811144,0,17.753578,20.097617,0.013792,0.000000,0.000000,0.000000,0.000000,0.000000,0.000000,0.000000,0.000000,0.000000,0.000000,0.000000,0.000000,0,0
1789650579.911192,0,17.753578,20.097617,0.013792,0.000000,0.000000,0.000000,0.000000,0.000000,0.000000,0.000000,0.000000,0.000000,0.000000,0.000000,0.000000,0,0
1789650580.011900,0,17.753578,20.097617,0.013792,0.000000,0.000000,0.000000,0.000000,0.000000,0.000000,0.000000,0.000000,0.000000,0.000000,0.000000,0.000000,0,0
1789650580.111199,0,17.753578,20.097617,0.013792,0.000000,0.000000,0.000000,0.000000,0.000000,0.000000,0.000000,0.000000,0.000000,0.000000,0.000000,0.000000,0,0
1789650580.211222,0,17.753578,20.097617,0.013792,0.000000,0.000000,0.000000,0.000000,0.000000,0.000000,0.000000,0.000000,0.000000,0.000000,0.000000,0.000000,0,0
1789650580.311189,0,17.753578,20.097617,0.013792,0.000000,0.000000,0.000000,0.000000,0.000000,0.000000,0.000000,0.000000,0.000000,0.000000,0.000000,0.000000,0,0
1789650580.411234,0,17.753578,20.097617,0.013792,0.000000,0.000000,0.000000,0.000000,0.000000,0.000000,0.000000,0.000000,0.000000,0.000000,0.000000,0.000000,0,0
1789650580.511217,0,17.753578,20.097617,0.013792,0.000000,0.000000,0.000000,0.000000,0.000000,0.000000,0.000000,0.000000,0.000000,0.000000,0.000000,0.000000,0,0
1789650580.611280,0,17.753578,20.097617,0.013792,0.000000,0.000000,0.000000,0.000000,0.000000,0.000000,0.000000,0.000000,0.000000,0.000000,0.000000,0.000000,0,0
1789650580.712424,0,17.753578,20.097617,0.013792,0.000000,0.000000,0.000000,0.000000,0.000000,0.000000,0.000000,0.000000,0.000000,0.000000,0.000000,0.000000,0,0
1789650580.811434,0,17.753578,20.097617,0.013792,0.000000,0.000000,0.000000,0.000000,0.000000,0.000000,0.000000,0.000000,0.000000,0.000000,0.000000,0.000000,0,0
1789650580.911209,0,17.753578,20.097617,0.013792,0.000000,0.000000,0.000000,0.000000,0.000000,0.000000,0.000000,0.000000,0.000000,0.000000,0.000000,0.000000,0,0
1789650581.011245,0,17.753578,20.097617,0.013792,0.000000,0.000000,0.000000,0.000000,0.000000,0.000000,0.000000,0.000000,0.000000,0.000000,0.000000,0.000000,0,0
1789650581.111301,0,17.753578,20.097617,0.013792,0.000000,0.000000,0.000000,0.000000,0.000000,0.000000,0.000000,0.000000,0.000000,0.000000,0.000000,0.000000,0,0
1789650581.211259,0,17.753578,20.097617,0.013792,0.000000,0.000000,0.000000,0.000000,0.000000,0.000000,0.000000,0.000000,0.000000,0.000000,0.000000,0.000000,0,0
1789650581.311278,0,17.753578,20.097617,0.013792,0.000000,0.000000,0.000000,0.000000,0.000000,0.000000,0.000000,0.000000,0.000000,0.000000,0.000000,0.000000,0,0
1789650581.411293,0,17.753578,20.097617,0.013792,0.000000,0.000000,0.000000,0.000000,0.000000,0.000000,0.000000,0.000000,0.000000,0.000000,0.000000,0.000000,0,0
1789650581.511307,0,17.753578,20.097617,0.013792,0.000000,0.000000,0.000000,0.000000,0.000000,0.000000,0.000000,0.000000,0.000000,0.000000,0.000000,0.000000,0,0
1789650581.611301,0,17.753578,20.097617,0.013792,0.000000,0.000000,0.000000,0.000000,0.000000,0.000000,0.000000,0.000000,0.000000,0.000000,0.000000,0.000000,0,0
1789650581.711368,0,17.753578,20.097617,0.013792,0.000000,0.000000,0.000000,0.000000,0.000000,0.000000,0.000000,0.000000,0.000000,0.000000,0.000000,0.000000,0,0
1789650581.812257,0,17.753578,20.097617,0.013792,0.000000,0.000000,0.000000,0.000000,0.000000,0.000000,0.000000,0.000000,0.000000,0.000000,0.000000,0.000000,0,0
1789650581.911299,0,17.753578,20.097617,0.013792,0.000000,0.000000,0.000000,0.000000,0.000000,0.000000,0.000000,0.000000,0.000000,0.000000,0.000000,0.000000,0,0
1789650582.011320,0,17.753578,20.097617,0.013792,0.000000,0.000000,0.000000,0.000000,0.000000,0.000000,0.000000,0.000000,0.000000,0.000000,0.000000,0.000000,0,0
1789650582.111397,0,17.753578,20.097617,0.013792,0.000000,0.000000,0.000000,0.000000,0.000000,0.000000,0.000000,0.000000,0.000000,0.000000,0.000000,0.000000,0,0
1789650582.211323,0,17.753578,20.097617,0.013792,0.000000,0.000000,0.000000,0.000000,0.000000,0.000000,0.000000,0.000000,0.000000,0.000000,0.000000,0.000000,0,0
1789650582.314147,0,17.753578,20.097617,0.013792,0.000000,0.000000,0.000000,0.000000,0.000000,0.000000,0.000000,0.000000,0.000000,0.000000,0.000000,0.000000,0,0
1789650582.411393,0,17.753578,20.097617,0.013792,0.000000,0.000000,0.000000,0.000000,0.000000,0.000000,0.000000,0.000000,0.000000,0.000000,0.000000,0.000000,0,0
1789650582.511342,0,17.753578,20.097617,0.013792,0.000000,0.000000,0.000000,0.000000,0.000000,0.000000,0.000000,0.000000,0.000000,0.000000,0.000000,0.000000,0,0
1789650582.611342,0,17.753578,20.097617,0.013792,0.000000,0.000000,0.000000,0.000000,0.000000,0.000000,0.000000,0.000000,0.000000,0.000000,0.000000,0.000000,0,0
1789650582.711380,0,17.753578,20.097617,0.013792,0.000000,0.000000,0.000000,0.000000,0.000000,0.000000,0.000000,0.000000,0.000000,0.000000,0.000000,0.000000,0,0
1789650582.811384,0,17.753578,20.097617,0.013792,0.000000,0.000000,0.000000,0.000000,0.000000,0.000000,0.000000,0.000000,0.000000,0.000000,0.000000,0.000000,0,0
1789650582.911461,0,17.753578,20.097617,0.013792,0.000000,0.000000,0.000000,0.000000,0.000000,0.000000,0.000000,0.000000,0.000000,0.000000,0.000000,0.000000,0,0
1789650583.011389,0,17.753578,20.097617,0.013792,0.000000,0.000000,0.000000,0.000000,0.000000,0.000000,0.000000,0.000000,0.000000,0.000000,0.000000,0.000000,0,0
1789650583.111392,0,17.753578,20.097617,0.013792,0.000000,0.000000,0.000000,0.000000,0.000000,0.000000,0.000000,0.000000,0.000000,0.000000,0.000000,0.000000,0,0
1789650583.211407,0,17.753578,20.097617,0.013792,0.000000,0.000000,0.000000,0.000000,0.000000,0.000000,0.000000,0.000000,0.000000,0.000000,0.000000,0.000000,0,0
1789650583.311407,0,17.753578,20.097617,0.013792,0.000000,0.000000,0.000000,0.000000,0.000000,0.000000,0.000000,0.000000,0.000000,0.000000,0.000000,0.000000,0,0
1789650583.411421,0,17.753578,20.097617,0.013792,0.000000,0.000000,0.000000,0.000000,0.000000,0.000000,0.000000,0.000000,0.000000,0.000000,0.000000,0.000000,0,0
1789650583.511417,0,17.753578,20.097617,0.013792,0.000000,0.000000,0.000000,0.000000,0.000000,0.000000,0.000000,0.000000,0.000000,0.000000,0.000000,0.000000,0,0
1789650583.611449,0,17.753578,20.097617,0.013792,0.000000,0.000000,0.000000,0.000000,0.000000,0.000000,0.000000,0.000000,0.000000,0.000000,0.000000,0.000000,0,0
1789650583.711441,0,17.753578,20.097617,0.013792,0.000000,0.000000,0.000000,0.000000,0.000000,0.000000,0.000000,0.000000,0.000000,0.000000,0.000000,0.000000,0,0
1789650583.813955,0,17.753578,20.097617,0.013792,0.000000,0.000000,0.000000,0.000000,0.000000,0.000000,0.000000,0.000000,0.000000,0.000000,0.000000,0.000000,0,0
1789650583.911765,1,17.753578,20.097617,0.013792,17.753578,20.097617,17.878000,20.452000,0.000000,0.000000,0.800000,1.233146,1.219354,0.375591,0.300000,0.160000,0,0
1789650584.011493,1,17.753578,20.097617,0.013792,17.878000,20.452000,19.128000,20.452000,-0.354383,-0.124422,0.774753,0.429003,0.415211,1.374422,0.300000,0.288000,0,0
1789650584.111476,1,17.753578,20.097617,0.013792,17.878000,20.452000,19.128000,20.452000,-0.354383,-0.124422,0.774753,0.429003,0.415211,1.374422,0.300000,0.390400,0,0
1789650584.211466,1,17.753578,20.097617,0.013792,17.878000,20.452000,19.128000,20.452000,-0.354383,-0.124422,0.774753,0.429003,0.415211,1.374422,0.300000,0.472320,0,0
1789650584.311484,1,17.753578,20.097617,0.013792,17.878000,20.452000,19.128000,20.452000,-0.354383,-0.124422,0.774753,0.429003,0.415211,1.374422,0.300000,0.537856,0,0
1789650584.411521,1,17.753578,20.097617,0.013792,17.878000,20.452000,19.128000,20.452000,-0.354383,-0.124422,0.774753,0.429003,0.415211,1.374422,0.300000,0.590285,0,0
1789650584.511516,1,17.753578,20.097617,0.013792,17.878000,20.452000,19.128000,20.452000,-0.354383,-0.124422,0.774753,0.429003,0.415211,1.374422,0.300000,0.632228,0,0
1789650584.611594,1,17.753578,20.097617,0.013792,17.878000,20.452000,19.128000,20.452000,-0.354383,-0.124422,0.774753,0.429003,0.415211,1.374422,0.300000,0.665782,0,0
1789650584.713067,1,17.753578,20.097617,0.013792,17.878000,20.452000,19.128000,20.452000,-0.354383,-0.124422,0.774753,0.429003,0.415211,1.374422,0.300000,0.692626,0,0
1789650584.811527,1,17.753578,20.097617,0.013792,17.878000,20.452000,19.128000,20.452000,-0.354383,-0.124422,0.774753,0.429003,0.415211,1.374422,0.300000,0.714101,0,0
1789650584.911570,1,17.753578,20.097617,0.013792,17.878000,20.452000,19.128000,20.452000,-0.354383,-0.124422,0.774753,0.429003,0.415211,1.374422,0.300000,0.731281,0,0
1789650585.011530,1,17.753578,20.097617,0.013792,17.878000,20.452000,19.128000,20.452000,-0.354383,-0.124422,0.774753,0.429003,0.415211,1.374422,0.300000,0.745024,0,0
1789650585.111533,1,17.753578,20.097617,0.013792,17.878000,20.452000,19.128000,20.452000,-0.354383,-0.124422,0.774753,0.429003,0.415211,1.374422,0.300000,0.756020,0,0
1789650585.211631,1,17.753578,20.097617,0.013792,17.878000,20.452000,19.128000,20.452000,-0.354383,-0.124422,0.774753,0.429003,0.415211,1.374422,0.300000,0.764816,0,0
1789650585.311535,1,17.753578,20.097617,0.013792,17.878000,20.452000,19.128000,20.452000,-0.354383,-0.124422,0.774753,0.429003,0.415211,1.374422,0.300000,0.771853,0,0
1789650585.411617,1,17.753578,20.097617,0.013792,17.878000,20.452000,19.128000,20.452000,-0.354383,-0.124422,0.774753,0.429003,0.415211,1.374422,0.300000,0.769202,0,0
1789650585.511571,1,17.753578,20.097617,0.013792,17.878000,20.452000,19.128000,20.452000,-0.354383,-0.124422,0.774753,0.429003,0.415211,1.374422,0.300000,0.745043,0,0
1789650585.611550,1,17.753578,20.097617,0.013792,17.878000,20.452000,19.128000,20.452000,-0.354383,-0.124422,0.774753,0.429003,0.415211,1.374422,0.300000,0.708083,0,0
1789650585.711508,1,17.957053,20.076467,0.080643,17.878000,20.452000,19.128000,20.452000,-0.375533,0.079053,0.771800,0.452845,0.372202,1.170947,0.300000,0.648063,0,0
1789650585.811599,1,17.957053,20.076467,0.080643,17.878000,20.452000,19.128000,20.452000,-0.375533,0.079053,0.771800,0.452845,0.372202,1.170947,0.300000,0.591172,0,0
1789650585.911583,1,17.957053,20.076467,0.080643,17.878000,20.452000,19.128000,20.452000,-0.375533,0.079053,0.771800,0.452845,0.372202,1.170947,0.300000,0.538559,0,0
1789650586.011603,1,17.957053,20.076467,0.080643,17.878000,20.452000,19.128000,20.452000,-0.375533,0.079053,0.771800,0.452845,0.372202,1.170947,0.300000,0.490788,0,0
1789650586.111649,1,18.129038,20.084473,0.215734,17.878000,20.452000,19.128000,20.452000,-0.367527,0.251038,0.772934,0.443854,0.228119,0.998962,0.302649,0.393290,0,0
1789650586.211588,1,18.129038,20.084473,0.215734,17.878000,20.452000,19.128000,20.452000,-0.367527,0.251038,0.772934,0.443854,0.228119,0.998962,0.302649,0.319721,0,0
1789650586.313814,1,18.129038,20.084473,0.215734,17.878000,20.452000,19.128000,20.452000,-0.367527,0.251038,0.772934,0.443854,0.228119,0.998962,0.302649,0.264411,0,0
1789650586.411681,1,18.242979,20.089654,0.321525,17.878000,20.452000,19.128000,20.452000,-0.362346,0.364979,0.773657,0.438013,0.116488,0.885021,0.423040,0.180430,0,0
1789650586.511609,1,18.242979,20.089654,0.321525,17.878000,20.452000,19.128000,20.452000,-0.362346,0.364979,0.773657,0.438013,0.116488,0.885021,0.423040,0.121795,0,0
1789650586.611643,1,18.242979,20.089654,0.321525,17.878000,20.452000,19.128000,20.452000,-0.362346,0.364979,0.773657,0.438013,0.116488,0.885021,0.423040,0.081726,0,0
1789650586.711636,1,18.341998,20.127500,0.428078,17.878000,20.452000,19.128000,20.452000,-0.324500,0.463998,0.778682,0.394844,-0.033233,0.786002,0.377281,-0.001754,0,0
1789650586.811646,1,18.341998,20.127500,0.428078,17.878000,20.452000,19.128000,20.452000,-0.324500,0.463998,0.778682,0.394844,-0.033233,0.786002,0.377281,-0.055776,0,0
1789650586.911689,1,18.341998,20.127500,0.428078,17.878000,20.452000,19.128000,20.452000,-0.324500,0.463998,0.778682,0.394844,-0.033233,0.786002,0.377281,-0.088783,0,0
1789650587.011748,1,18.433251,20.135741,0.534994,17.878000,20.452000,19.128000,20.452000,-0.316259,0.555251,0.779714,0.385332,-0.149661,0.694749,0.382966,-0.151247,0,0
1789650587.111676,1,18.433251,20.135741,0.534994,17.878000,20.452000,19.128000,20.452000,-0.316259,0.555251,0.779714,0.385332,-0.149661,0.694749,0.382966,-0.188167,0,0
1789650587.211669,1,18.433251,20.135741,0.534994,17.878000,20.452000,19.128000,20.452000,-0.316259,0.555251,0.779714,0.385332,-0.149661,0.694749,0.382966,-0.207262,0,0
1789650587.311714,1,18.433251,20.135741,0.534994,17.878000,20.452000,19.128000,20.452000,-0.316259,0.555251,0.779714,0.385332,-0.149661,0.694749,0.382966,-0.214186,0,0
1789650587.411947,2,18.553040,20.196955,0.617324,17.878000,20.452000,19.128000,20.452000,-0.255045,0.675040,0.786646,0.313524,-0.303800,0.574960,0.300000,-0.271609,0,0
1789650587.511703,2,18.553040,20.196955,0.617324,19.128000,20.452000,19.128000,24.452000,0.574960,-0.255045,0.738025,0.908960,0.291636,4.255045,0.300000,-0.077257,0,0
1789650587.612093,2,18.553040,20.196955,0.617324,19.128000,20.452000,19.128000,24.452000,0.574960,-0.255045,0.738025,0.908960,0.291636,4.255045,0.300000,0.056052,0,0
1789650587.711809,2,18.553040,20.196955,0.617324,19.128000,20.452000,19.128000,24.452000,0.574960,-0.255045,0.738025,0.908960,0.291636,4.255045,0.300000,0.144960,0,0
1789650587.811669,2,18.667376,20.272428,0.597557,19.128000,20.452000,19.128000,24.452000,0.460624,-0.179572,0.758594,1.025094,0.427537,4.179572,0.300000,0.253553,0,0
1789650587.914273,2,18.667376,20.272428,0.597557,19.128000,20.452000,19.128000,24.452000,0.460624,-0.179572,0.758594,1.025094,0.427537,4.179572,0.300000,0.321462,0,0
1789650588.011717,2,18.667376,20.272428,0.597557,19.128000,20.452000,19.128000,24.452000,0.460624,-0.179572,0.758594,1.025094,0.427537,4.179572,0.300000,0.360615,0,0
1789650588.111755,2,18.667376,20.272428,0.597557,19.128000,20.452000,19.128000,24.452000,0.460624,-0.179572,0.758594,1.025094,0.427537,4.179572,0.300000,0.379800,0,0
1789650588.211730,2,18.782308,20.359702,0.548616,19.128000,20.452000,19.128000,24.452000,0.345692,-0.092298,0.775925,1.151672,0.603056,4.092298,0.300000,0.452148,0,0
1789650588.311738,2,18.782308,20.359702,0.548616,19.128000,20.452000,19.128000,24.452000,0.345692,-0.092298,0.775925,1.151672,0.603056,4.092298,0.300000,0.492426,0,0
1789650588.412045,2,18.782308,20.359702,0.548616,19.128000,20.452000,19.128000,24.452000,0.345692,-0.092298,0.775925,1.151672,0.603056,4.092298,0.300000,0.510568,0,0
1789650588.511896,2,18.782308,20.359702,0.548616,19.128000,20.452000,19.128000,24.452000,0.345692,-0.092298,0.775925,1.151672,0.603056,4.092298,0.300000,0.513817,0,0
1789650588.611771,2,18.782308,20.359702,0.548616,19.128000,20.452000,19.128000,24.452000,0.345692,-0.092298,0.775925,1.151672,0.603056,4.092298,0.300000,0.507405,0,0
1789650588.712014,2,18.910225,20.460598,0.666262,19.128000,20.452000,19.128000,24.452000,0.217775,0.008598,0.790204,1.301879,0.635616,3.991402,0.300000,0.507417,0,0
1789650588.811793,2,18.910225,20.460598,0.666262,19.128000,20.452000,19.128000,24.452000,0.217775,0.008598,0.790204,1.301879,0.635616,3.991402,0.300000,0.499841,0,0
1789650588.911795,2,18.910225,20.460598,0.666262,19.128000,20.452000,19.128000,24.452000,0.217775,0.008598,0.790204,1.301879,0.635616,3.991402,0.300000,0.487710,0,0
1789650589.011806,2,18.971244,20.530222,0.839301,19.128000,20.452000,19.128000,24.452000,0.156756,0.078222,0.794884,1.376088,0.536787,3.921778,0.300000,0.435601,0,0
1789650589.111837,2,18.971244,20.530222,0.839301,19.128000,20.452000,19.128000,24.452000,0.156756,0.078222,0.794884,1.376088,0.536787,3.921778,0.300000,0.395562,0,0
1789650589.215370,2,19.009536,20.561665,0.958217,19.128000,20.452000,19.128000,24.452000,0.118464,0.109665,0.797067,1.423252,0.465034,3.890335,0.300000,0.338063,0,0
1789650589.311831,2,19.009536,20.561665,0.958217,19.128000,20.452000,19.128000,24.452000,0.118464,0.109665,0.797067,1.423252,0.465034,3.890335,0.300000,0.297041,0,0
1789650589.411818,2,19.038865,20.626246,1.071995,19.128000,20.452000,19.128000,24.452000,0.089135,0.174246,0.798336,1.459606,0.387611,3.825754,0.300000,0.238782,0,0
1789650589.511831,2,19.038865,20.626246,1.071995,19.128000,20.452000,19.128000,24.452000,0.089135,0.174246,0.798336,1.459606,0.387611,3.825754,0.300000,0.199698,0,0
1789650589.611854,2,19.038865,20.626246,1.071995,19.128000,20.452000,19.128000,24.452000,0.089135,0.174246,0.798336,1.459606,0.387611,3.825754,0.300000,0.174448,0,0
1789650589.711975,2,19.071207,20.726760,1.217460,19.128000,20.452000,19.128000,24.452000,0.056793,0.274760,0.799323,1.499865,0.282404,3.725240,0.300000,0.119117,0,0
1789650589.811880,2,19.071207,20.726760,1.217460,19.128000,20.452000,19.128000,24.452000,0.056793,0.274760,0.799323,1.499865,0.282404,3.725240,0.300000,0.084589,0,0
1789650589.911856,2,19.071207,20.726760,1.217460,19.128000,20.452000,19.128000,24.452000,0.056793,0.274760,0.799323,1.499865,0.282404,3.725240,0.300000,0.064756,0,0
1789650590.016075,2,19.071207,20.726760,1.217460,19.128000,20.452000,19.128000,24.452000,0.056793,0.274760,0.799323,1.499865,0.282404,3.725240,0.300000,0.055120,0,0
1789650590.111943,2,19.101745,20.854190,1.339192,19.128000,20.452000,19.128000,24.452000,0.026255,0.402190,0.799855,1.537984,0.198792,3.597810,0.330482,0.019610,0,0
1789650590.212027,2,19.101745,20.854190,1.339192,19.128000,20.452000,19.128000,24.452000,0.026255,0.402190,0.799855,1.537984,0.198792,3.597810,0.330482,0.000075,0,0
1789650590.311953,2,19.101745,20.854190,1.339192,19.128000,20.452000,19.128000,24.452000,0.026255,0.402190,0.799855,1.537984,0.198792,3.597810,0.330482,-0.008454,0,0
1789650590.411901,2,19.101745,20.854190,1.339192,19.128000,20.452000,19.128000,24.452000,0.026255,0.402190,0.799855,1.537984,0.198792,3.597810,0.330482,-0.009599,0,0
1789650590.511914,2,19.129506,20.984917,1.373359,19.128000,20.452000,19.128000,24.452000,-0.001506,0.532917,0.800000,1.572679,0.199320,3.467083,0.329960,-0.005772,0,0
1789650590.611959,2,19.129506,20.984917,1.373359,19.128000,20.452000,19.128000,24.452000,-0.001506,0.532917,0.800000,1.572679,0.199320,3.467083,0.329960,0.000895,0,0
1789650590.713018,2,19.129506,20.984917,1.373359,19.128000,20.452000,19.128000,24.452000,-0.001506,0.532917,0.800000,1.572679,0.199320,3.467083,0.329960,0.009113,0,0
1789650590.811928,2,19.129506,20.984917,1.373359,19.128000,20.452000,19.128000,24.452000,-0.001506,0.532917,0.800000,1.572679,0.199320,3.467083,0.329960,0.017994,0,0
1789650590.911933,2,19.153078,21.122156,1.349132,19.128000,20.452000,19.128000,24.452000,-0.025078,0.670156,0.799868,1.602139,0.253007,3.329844,0.300000,0.047345,0,0
1789650591.011983,2,19.153078,21.122156,1.349132,19.128000,20.452000,19.128000,24.452000,-0.025078,0.670156,0.799868,1.602139,0.253007,3.329844,0.300000,0.069296,0,0
1789650591.111968,2,19.153078,21.122156,1.349132,19.128000,20.452000,19.128000,24.452000,-0.025078,0.670156,0.799868,1.602139,0.253007,3.329844,0.300000,0.085633,0,0
1789650591.211978,2,19.153078,21.122156,1.349132,19.128000,20.452000,19.128000,24.452000,-0.025078,0.670156,0.799868,1.602139,0.253007,3.329844,0.300000,0.097723,0,0
1789650591.312250,2,19.181569,21.259079,1.341034,19.128000,20.452000,19.128000,24.452000,-0.053569,0.807079,0.799398,1.637708,0.296673,3.192921,0.300000,0.123174,0,0
1789650591.412010,2,19.181569,21.259079,1.341034,19.128000,20.452000,19.128000,24.452000,-0.053569,0.807079,0.799398,1.637708,0.296673,3.192921,0.300000,0.140469,0,0
1789650591.514255,2,19.181569,21.259079,1.341034,19.128000,20.452000,19.128000,24.452000,-0.053569,0.807079,0.799398,1.637708,0.296673,3.192921,0.300000,0.151853,0,0
1789650591.612017,2,19.181569,21.259079,1.341034,19.128000,20.452000,19.128000,24.452000,-0.053569,0.807079,0.799398,1.637708,0.296673,3.192921,0.300000,0.158998,0,0
1789650591.712016,2,19.204803,21.389972,1.364115,19.128000,20.452000,19.128000,24.452000,-0.076803,0.937972,0.798764,1.666654,0.302539,3.062028,0.300000,0.165373,0,0
1789650591.811996,2,19.204803,21.389972,1.364115,19.128000,20.452000,19.128000,24.452000,-0.076803,0.937972,0.798764,1.666654,0.302539,3.062028,0.300000,0.168889,0,0
1789650591.912000,2,19.204803,21.389972,1.364115,19.128000,20.452000,19.128000,24.452000,-0.076803,0.937972,0.798764,1.666654,0.302539,3.062028,0.300000,0.170435,0,0
1789650592.012585,2,19.204803,21.389972,1.364115,19.128000,20.452000,19.128000,24.452000,-0.076803,0.937972,0.798764,1.666654,0.302539,3.062028,0.300000,0.170657,0,0
1789650592.112039,2,19.224667,21.521679,1.425278,19.128000,20.452000,19.128000,24.452000,-0.096667,1.069679,0.798044,1.691339,0.266062,2.930321,0.300000,0.156115,0,0
1789650592.212039,2,19.224667,21.521679,1.425278,19.128000,20.452000,19.128000,24.452000,-0.096667,1.069679,0.798044,1.691339,0.266062,2.930321,0.300000,0.145884,0,0
1789650592.312082,2,19.224667,21.521679,1.425278,19.128000,20.452000,19.128000,24.452000,-0.096667,1.069679,0.798044,1.691339,0.266062,2.930321,0.300000,0.138823,0,0
1789650592.412085,2,19.224667,21.521679,1.425278,19.128000,20.452000,19.128000,24.452000,-0.096667,1.069679,0.798044,1.691339,0.266062,2.930321,0.300000,0.134072,0,0
1789650592.512281,2,19.235426,21.639171,1.504728,19.128000,20.452000,19.128000,24.452000,-0.107426,1.187171,0.797586,1.704679,0.199951,2.812829,0.329335,0.105907,0,0
1789650592.612072,2,19.235426,21.639171,1.504728,19.128000,20.452000,19.128000,24.452000,-0.107426,1.187171,0.797586,1.704679,0.199951,2.812829,0.329335,0.087644,0,0
1789650592.712055,2,19.235426,21.639171,1.504728,19.128000,20.452000,19.128000,24.452000,-0.107426,1.187171,0.797586,1.704679,0.199951,2.812829,0.329335,0.076449,0,0
1789650592.812084,2,19.235426,21.639171,1.504728,19.128000,20.452000,19.128000,24.452000,-0.107426,1.187171,0.797586,1.704679,0.199951,2.812829,0.329335,0.070226,0,0
1789650592.912122,2,19.239631,21.765899,1.564766,19.128000,20.452000,19.128000,24.452000,-0.111631,1.313899,0.797394,1.709887,0.145121,2.686101,0.388218,0.046603,0,0
1789650593.012068,2,19.239631,21.765899,1.564766,19.128000,20.452000,19.128000,24.452000,-0.111631,1.313899,0.797394,1.709887,0.145121,2.686101,0.388218,0.032523,0,0
1789650593.112096,2,19.239631,21.765899,1.564766,19.128000,20.452000,19.128000,24.452000,-0.111631,1.313899,0.797394,1.709887,0.145121,2.686101,0.388218,0.025113,0,0
1789650593.212114,2,19.239631,21.765899,1.564766,19.128000,20.452000,19.128000,24.452000,-0.111631,1.313899,0.797394,1.709887,0.145121,2.686101,0.388218,0.022269,0,0
1789650593.312087,2,19.236707,21.893281,1.604668,19.128000,20.452000,19.128000,24.452000,-0.108707,1.441281,0.797529,1.706266,0.101597,2.558719,0.442366,0.005920,0,0
1789650593.412101,2,19.236707,21.893281,1.604668,19.128000,20.452000,19.128000,24.452000,-0.108707,1.441281,0.797529,1.706266,0.101597,2.558719,0.442366,-0.002749,0,0
1789650593.512101,2,19.236707,21.893281,1.604668,19.128000,20.452000,19.128000,24.452000,-0.108707,1.441281,0.797529,1.706266,0.101597,2.558719,0.442366,-0.006154,0,0
1789650593.612120,2,19.236707,21.893281,1.604668,19.128000,20.452000,19.128000,24.452000,-0.108707,1.441281,0.797529,1.706266,0.101597,2.558719,0.442366,-0.006056,0,0
1789650593.712113,2,19.231392,22.029017,1.624116,19.128000,20.452000,19.128000,24.452000,-0.103392,1.577017,0.797764,1.699680,0.075564,2.422983,0.363448,-0.013611,0,0
1789650593.812190,2,19.231392,22.029017,1.624116,19.128000,20.452000,19.128000,24.452000,-0.103392,1.577017,0.797764,1.699680,0.075564,2.422983,0.363448,-0.016390,0,0
1789650593.912122,2,19.231392,22.029017,1.624116,19.128000,20.452000,19.128000,24.452000,-0.103392,1.577017,0.797764,1.699680,0.075564,2.422983,0.363448,-0.016002,0,0
1789650594.012163,2,19.229303,22.148524,1.627561,19.128000,20.452000,19.128000,24.452000,-0.101303,1.696524,0.797853,1.697090,0.069528,2.303476,0.345521,-0.015895,0,0
1789650594.112156,2,19.229303,22.148524,1.627561,19.128000,20.452000,19.128000,24.452000,-0.101303,1.696524,0.797853,1.697090,0.069528,2.303476,0.345521,-0.013800,0,0
1789650594.212167,2,19.229303,22.148524,1.627561,19.128000,20.452000,19.128000,24.452000,-0.101303,1.696524,0.797853,1.697090,0.069528,2.303476,0.345521,-0.010517,0,0
1789650594.312142,2,19.227323,22.283449,1.627184,19.128000,20.452000,19.128000,24.452000,-0.099323,1.831449,0.797935,1.694634,0.067450,2.168551,0.325283,-0.007394,0,0
1789650594.412171,2,19.227323,22.283449,1.627184,19.128000,20.452000,19.128000,24.452000,-0.099323,1.831449,0.797935,1.694634,0.067450,2.168551,0.325283,-0.003751,0,0
1789650594.512226,2,19.227323,22.283449,1.627184,19.128000,20.452000,19.128000,24.452000,-0.099323,1.831449,0.797935,1.694634,0.067450,2.168551,0.325283,0.000080,0,0
1789650594.612179,2,19.225267,22.394189,1.611219,19.128000,20.452000,19.128000,24.452000,-0.097267,1.942189,0.798020,1.692084,0.080865,2.057811,0.308672,0.008977,0,0
1789650594.712204,2,19.225267,22.394189,1.611219,19.128000,20.452000,19.128000,24.452000,-0.097267,1.942189,0.798020,1.692084,0.080865,2.057811,0.308672,0.015929,0,0
1789650594.812176,2,19.225267,22.394189,1.611219,19.128000,20.452000,19.128000,24.452000,-0.097267,1.942189,0.798020,1.692084,0.080865,2.057811,0.308672,0.021359,0,0
1789650594.912197,2,19.218367,22.504985,1.600141,19.128000,20.452000,19.128000,24.452000,-0.090367,2.052985,0.798290,1.683517,0.083376,1.947015,0.300000,0.026550,0,0
1789650595.012209,2,19.218367,22.504985,1.600141,19.128000,20.452000,19.128000,24.452000,-0.090367,2.052985,0.798290,1.683517,0.083376,1.947015,0.300000,0.030479,0,0
1789650595.112230,2,19.218367,22.504985,1.600141,19.128000,20.452000,19.128000,24.452000,-0.090367,2.052985,0.798290,1.683517,0.083376,1.947015,0.300000,0.033441,0,0
1789650595.212244,2,19.218367,22.504985,1.600141,19.128000,20.452000,19.128000,24.452000,-0.090367,2.052985,0.798290,1.683517,0.083376,1.947015,0.300000,0.035667,0,0
1789650595.312275,2,19.213971,22.627903,1.605514,19.128000,20.452000,19.128000,24.452000,-0.085971,2.175903,0.798452,1.678055,0.072540,1.824097,0.300000,0.033217,0,0
1789650595.412266,2,19.213971,22.627903,1.605514,19.128000,20.452000,19.128000,24.452000,-0.085971,2.175903,0.798452,1.678055,0.072540,1.824097,0.300000,0.031771,0,0
1789650595.512245,2,19.213971,22.627903,1.605514,19.128000,20.452000,19.128000,24.452000,-0.085971,2.175903,0.798452,1.678055,0.072540,1.824097,0.300000,0.031025,0,0
1789650595.612254,2,19.213971,22.627903,1.605514,19.128000,20.452000,19.128000,24.452000,-0.085971,2.175903,0.798452,1.678055,0.072540,1.824097,0.300000,0.030758,0,0
1789650595.712291,2,19.204346,22.759449,1.627440,19.128000,20.452000,19.128000,24.452000,-0.076346,2.307449,0.798778,1.666086,0.038646,1.692551,0.300000,0.017930,0,0
1789650595.812273,2,19.204346,22.759449,1.627440,19.128000,20.452000,19.128000,24.452000,-0.076346,2.307449,0.798778,1.666086,0.038646,1.692551,0.300000,0.009776,0,0
1789650595.912286,2,19.204346,22.759449,1.627440,19.128000,20.452000,19.128000,24.452000,-0.076346,2.307449,0.798778,1.666086,0.038646,1.692551,0.300000,0.004940,0,0
1789650596.012266,2,19.204346,22.759449,1.627440,19.128000,20.452000,19.128000,24.452000,-0.076346,2.307449,0.798778,1.666086,0.038646,1.692551,0.300000,0.002420,0,0
1789650596.113946,2,19.198050,22.872623,1.646642,19.128000,20.452000,19.128000,24.452000,-0.070050,2.420623,0.798971,1.658248,0.011606,1.579377,0.300000,-0.008671,0,0
1789650596.212297,2,19.198050,22.872623,1.646642,19.128000,20.452000,19.128000,24.452000,-0.070050,2.420623,0.798971,1.658248,0.011606,1.579377,0.300000,-0.015190,0,0
1789650596.312376,2,19.198050,22.872623,1.646642,19.128000,20.452000,19.128000,24.452000,-0.070050,2.420623,0.798971,1.658248,0.011606,1.579377,0.300000,-0.018522,0,0
1789650596.412304,2,19.198050,22.872623,1.646642,19.128000,20.452000,19.128000,24.452000,-0.070050,2.420623,0.798971,1.658248,0.011606,1.579377,0.300000,-0.019682,0,0
1789650596.512318,2,19.191910,22.996960,1.649456,19.128000,20.452000,19.128000,24.452000,-0.063910,2.544960,0.799143,1.650600,0.001144,1.455040,0.300000,-0.023380,0,0
1789650596.612365,2,19.191910,22.996960,1.649456,19.128000,20.452000,19.128000,24.452000,-0.063910,2.544960,0.799143,1.650600,0.001144,1.455040,0.300000,-0.024789,0,0
1789650596.712322,2,19.191910,22.996960,1.649456,19.128000,20.452000,19.128000,24.452000,-0.063910,2.544960,0.799143,1.650600,0.001144,1.455040,0.300000,-0.024676,0,0
1789650596.812342,2,19.191910,22.996960,1.649456,19.128000,20.452000,19.128000,24.452000,-0.063910,2.544960,0.799143,1.650600,0.001144,1.455040,0.300000,-0.023594,0,0
1789650596.912348,2,19.184988,23.121449,1.634095,19.128000,20.452000,19.128000,24.452000,-0.056988,2.669449,0.799319,1.641971,0.007876,1.330551,0.300000,-0.019377,0,0
1789650597.012332,2,19.184988,23.121449,1.634095,19.128000,20.452000,19.128000,24.452000,-0.056988,2.669449,0.799319,1.641971,0.007876,1.330551,0.300000,-0.015745,0,0
1789650597.112367,2,19.184988,23.121449,1.634095,19.128000,20.452000,19.128000,24.452000,-0.056988,2.669449,0.799319,1.641971,0.007876,1.330551,0.300000,-0.012634,0,0
1789650597.212370,2,19.184988,23.121449,1.634095,19.128000,20.452000,19.128000,24.452000,-0.056988,2.669449,0.799319,1.641971,0.007876,1.330551,0.300000,-0.009980,0,0
1789650597.312393,2,19.177441,23.242964,1.622109,19.128000,20.452000,19.128000,24.452000,-0.049441,2.790964,0.799487,1.632558,0.010449,1.209036,0.300000,-0.006747,0,0
1789650597.412371,2,19.177441,23.242964,1.622109,19.128000,20.452000,19.128000,24.452000,-0.049441,2.790964,0.799487,1.632558,0.010449,1.209036,0.300000,-0.004199,0,0
1789650597.512412,2,19.177441,23.242964,1.622109,19.128000,20.452000,19.128000,24.452000,-0.049441,2.790964,0.799487,1.632558,0.010449,1.209036,0.300000,-0.002191,0,0
1789650597.612370,2,19.177441,23.242964,1.622109,19.128000,20.452000,19.128000,24.452000,-0.049441,2.790964,0.799487,1.632558,0.010449,1.209036,0.300000,-0.000610,0,0
1789650597.712388,2,19.174658,23.362581,1.620342,19.128000,20.452000,19.128000,24.452000,-0.046658,2.910581,0.799543,1.629086,0.008743,1.089419,0.300000,-0.000012,0,0
1789650597.812417,2,19.174658,23.362581,1.620342,19.128000,20.452000,19.128000,24.452000,-0.046658,2.910581,0.799543,1.629086,0.008743,1.089419,0.300000,0.000546,0,0
1789650597.912497,2,19.174658,23.362581,1.620342,19.128000,20.452000,19.128000,24.452000,-0.046658,2.910581,0.799543,1.629086,0.008743,1.089419,0.300000,0.001056,0,0
1789650598.012442,2,19.174658,23.362581,1.620342,19.128000,20.452000,19.128000,24.452000,-0.046658,2.910581,0.799543,1.629086,0.008743,1.089419,0.300000,0.001515,0,0
1789650598.112431,2,19.163661,23.486016,1.621962,19.128000,20.452000,19.128000,24.452000,-0.035661,3.034016,0.799733,1.615359,-0.006604,0.965984,0.300000,-0.003909,0,0
1789650598.212886,2,19.163661,23.486016,1.621962,19.128000,20.452000,19.128000,24.452000,-0.035661,3.034016,0.799733,1.615359,-0.006604,0.965984,0.300000,-0.007356,0,0
1789650598.312447,2,19.163661,23.486016,1.621962,19.128000,20.452000,19.128000,24.452000,-0.035661,3.034016,0.799733,1.615359,-0.006604,0.965984,0.300000,-0.009400,0,0
1789650598.412410,2,19.163661,23.486016,1.621962,19.128000,20.452000,19.128000,24.452000,-0.035661,3.034016,0.799733,1.615359,-0.006604,0.965984,0.300000,-0.010464,0,0
1789650598.512478,2,19.155605,23.607213,1.622998,19.128000,20.452000,19.128000,24.452000,-0.027605,3.155213,0.799840,1.605296,-0.017702,0.844787,0.300000,-0.015074,0,0
1789650598.612462,2,19.155605,23.607213,1.622998,19.128000,20.452000,19.128000,24.452000,-0.027605,3.155213,0.799840,1.605296,-0.017702,0.844787,0.300000,-0.017775,0,0
1789650598.712467,2,19.155605,23.607213,1.622998,19.128000,20.452000,19.128000,24.452000,-0.027605,3.155213,0.799840,1.605296,-0.017702,0.844787,0.300000,-0.019147,0,0
1789650598.812434,2,19.155605,23.607213,1.622998,19.128000,20.452000,19.128000,24.452000,-0.027605,3.155213,0.799840,1.605296,-0.017702,0.844787,0.300000,-0.019614,0,0
1789650598.912475,2,19.145879,23.731028,1.614910,19.128000,20.452000,19.128000,24.452000,-0.017879,3.279028,0.799933,1.593144,-0.021767,0.720972,0.300000,-0.021026,0,0
1789650599.012490,2,19.145879,23.731028,1.614910,19.128000,20.452000,19.128000,24.452000,-0.017879,3.279028,0.799933,1.593144,-0.021767,0.720972,0.300000,-0.021523,0,0
1789650599.112678,2,19.145879,23.731028,1.614910,19.128000,20.452000,19.128000,24.452000,-0.017879,3.279028,0.799933,1.593144,-0.021767,0.720972,0.300000,-0.021417,0,0
1789650599.212507,2,19.145879,23.731028,1.614910,19.128000,20.452000,19.128000,24.452000,-0.017879,3.279028,0.799933,1.593144,-0.021767,0.720972,0.300000,-0.020927,0,0
1789650599.312555,2,19.136009,23.850035,1.608227,19.128000,20.452000,19.128000,24.452000,-0.008009,3.398035,0.799987,1.580807,-0.027420,0.601965,0.300000,-0.022359,0,0
1789650599.412514,2,19.136009,23.850035,1.608227,19.128000,20.452000,19.128000,24.452000,-0.008009,3.398035,0.799987,1.580807,-0.027420,0.601965,0.300000,-0.022929,0,0
1789650599.512471,2,19.136009,23.850035,1.608227,19.128000,20.452000,19.128000,24.452000,-0.008009,3.398035,0.799987,1.580807,-0.027420,0.601965,0.300000,-0.022926,0,0
1789650599.612554,2,19.136009,23.850035,1.608227,19.128000,20.452000,19.128000,24.452000,-0.008009,3.398035,0.799987,1.580807,-0.027420,0.601965,0.300000,-0.022555,0,0
1789650599.712709,3,19.130725,23.966041,1.605261,19.128000,20.452000,19.128000,24.452000,-0.002725,3.514041,0.799998,1.574203,-0.031058,0.485959,0.300000,-0.023346,0,0
1789650599.812582,3,19.130725,23.966041,1.605261,19.128000,24.452000,19.128000,26.252000,-0.002725,-0.485959,0.799998,1.574203,-0.031058,2.285959,0.600000,-0.023540,0,0
1789650599.912564,3,19.130725,23.966041,1.605261,19.128000,24.452000,19.128000,26.252000,-0.002725,-0.485959,0.799998,1.574203,-0.031058,2.285959,0.600000,-0.023344,0,0
1789650600.012731,3,19.130725,23.966041,1.605261,19.128000,24.452000,19.128000,26.252000,-0.002725,-0.485959,0.799998,1.574203,-0.031058,2.285959,0.600000,-0.022905,0,0
1789650600.113111,3,19.124355,24.084148,1.594473,19.128000,24.452000,19.128000,26.252000,0.003645,-0.367852,0.799997,1.566241,-0.028233,2.167852,0.600000,-0.021260,0,0
1789650600.212548,3,19.124355,24.084148,1.594473,19.128000,24.452000,19.128000,26.252000,0.003645,-0.367852,0.799997,1.566241,-0.028233,2.167852,0.600000,-0.019922,0,0
1789650600.312752,3,19.124355,24.084148,1.594473,19.128000,24.452000,19.128000,26.252000,0.003645,-0.367852,0.799997,1.566241,-0.028233,2.167852,0.600000,-0.018833,0,0
1789650600.412594,3,19.124355,24.084148,1.594473,19.128000,24.452000,19.128000,26.252000,0.003645,-0.367852,0.799997,1.566241,-0.028233,2.167852,0.600000,-0.017947,0,0
1789650600.512567,3,19.123092,24.211490,1.577371,19.128000,24.452000,19.128000,26.252000,0.004908,-0.240510,0.799995,1.564661,-0.012710,2.040510,0.600000,-0.011328,0,0
1789650600.612578,3,19.123092,24.211490,1.577371,19.128000,24.452000,19.128000,26.252000,0.004908,-0.240510,0.799995,1.564661,-0.012710,2.040510,0.600000,-0.006893,0,0
1789650600.712635,3,19.123092,24.211490,1.577371,19.128000,24.452000,19.128000,26.252000,0.004908,-0.240510,0.799995,1.564661,-0.012710,2.040510,0.600000,-0.004033,0,0
1789650600.814007,3,19.124908,24.322978,1.558472,19.128000,24.452000,19.128000,26.252000,0.003092,-0.129022,0.799998,1.566931,0.008460,1.929022,0.600000,0.005690,0,0
1789650600.913714,3,19.124908,24.322978,1.558472,19.128000,24.452000,19.128000,26.252000,0.003092,-0.129022,0.799998,1.566931,0.008460,1.929022,0.600000,0.011855,0,0
1789650601.012622,3,19.124908,24.322978,1.558472,19.128000,24.452000,19.128000,26.252000,0.003092,-0.129022,0.799998,1.566931,0.008460,1.929022,0.600000,0.015495,0,0
1789650601.112601,3,19.128272,24.448741,1.546629,19.128000,24.452000,19.128000,26.252000,-0.000272,-0.003259,0.800000,1.571136,0.024507,1.803259,0.600000,0.023473,0,0
1789650601.212622,3,19.128272,24.448741,1.546629,19.128000,24.452000,19.128000,26.252000,-0.000272,-0.003259,0.800000,1.571136,0.024507,1.803259,0.600000,0.028130,0,0
1789650601.312641,3,19.128272,24.448741,1.546629,19.128000,24.452000,19.128000,26.252000,-0.000272,-0.003259,0.800000,1.571136,0.024507,1.803259,0.600000,0.030476,0,0
1789650601.412635,3,19.132332,24.584311,1.532525,19.128000,24.452000,19.128000,26.252000,-0.004332,0.132311,0.799996,1.576211,0.043687,1.667689,0.555896,0.038536,0,0
1789650601.512661,3,19.132332,24.584311,1.532525,19.128000,24.452000,19.128000,26.252000,-0.004332,0.132311,0.799996,1.576211,0.043687,1.667689,0.555896,0.043028,0,0
1789650601.612764,3,19.132332,24.584311,1.532525,19.128000,24.452000,19.128000,26.252000,-0.004332,0.132311,0.799996,1.576211,0.043687,1.667689,0.555896,0.045054,0,0
1789650601.712657,3,19.139081,24.738953,1.529610,19.128000,24.452000,19.128000,26.252000,-0.011081,0.286953,0.799974,1.584647,0.055037,1.513047,0.504349,0.049737,0,0
1789650601.812975,3,19.139081,24.738953,1.529610,19.128000,24.452000,19.128000,26.252000,-0.011081,0.286953,0.799974,1.584647,0.055037,1.513047,0.504349,0.051845,0,0
1789650601.912686,3,19.140592,24.845631,1.533937,19.128000,24.452000,19.128000,26.252000,-0.012592,0.393631,0.799967,1.586536,0.052599,1.406369,0.468790,0.051292,0,0
1789650602.012720,3,19.140592,24.845631,1.533937,19.128000,24.452000,19.128000,26.252000,-0.012592,0.393631,0.799967,1.586536,0.052599,1.406369,0.468790,0.049939,0,0
1789650602.112700,3,19.139763,24.957239,1.532871,19.128000,24.452000,19.128000,26.252000,-0.011763,0.505239,0.799971,1.585500,0.052629,1.294761,0.431587,0.048139,0,0
1789650602.212692,3,19.139763,24.957239,1.532871,19.128000,24.452000,19.128000,26.252000,-0.011763,0.505239,0.799971,1.585500,0.052629,1.294761,0.431587,0.046114,0,0
1789650602.312684,3,19.139734,25.063106,1.537250,19.128000,24.452000,19.128000,26.252000,-0.011734,0.611106,0.799971,1.585463,0.048213,1.188894,0.396298,0.042347,0,0
1789650602.412818,3,19.139734,25.063106,1.537250,19.128000,24.452000,19.128000,26.252000,-0.011734,0.611106,0.799971,1.585463,0.048213,1.188894,0.396298,0.039207,0,0
1789650602.512711,3,19.136843,25.170836,1.540169,19.128000,24.452000,19.128000,26.252000,-0.008843,0.718836,0.799984,1.581850,0.041681,1.081164,0.360388,0.034111,0,0
1789650602.612744,3,19.136843,25.170836,1.540169,19.128000,24.452000,19.128000,26.252000,-0.008843,0.718836,0.799984,1.581850,0.041681,1.081164,0.360388,0.030319,0,0
1789650602.712725,3,19.136843,25.170836,1.540169,19.128000,24.452000,19.128000,26.252000,-0.008843,0.718836,0.799984,1.581850,0.041681,1.081164,0.360388,0.027513,0,0
1789650602.812779,3,19.135823,25.316966,1.561557,19.128000,24.452000,19.128000,26.252000,-0.007823,0.864966,0.799987,1.580574,0.019017,0.935034,0.311678,0.016839,0,0
1789650602.912762,3,19.135823,25.316966,1.561557,19.128000,24.452000,19.128000,26.252000,-0.007823,0.864966,0.799987,1.580574,0.019017,0.935034,0.311678,0.009715,0,0
1789650603.012872,3,19.135823,25.316966,1.561557,19.128000,24.452000,19.128000,26.252000,-0.007823,0.864966,0.799987,1.580574,0.019017,0.935034,0.311678,0.005148,0,0
1789650603.112744,3,19.131339,25.445233,1.589465,19.128000,24.452000,19.128000,26.252000,-0.003339,0.993233,0.799998,1.574971,-0.014495,0.806767,0.300000,-0.010347,0,0
1789650603.212775,3,19.131339,25.445233,1.589465,19.128000,24.452000,19.128000,26.252000,-0.003339,0.993233,0.799998,1.574971,-0.014495,0.806767,0.300000,-0.020140,0,0
1789650603.312752,3,19.131339,25.445233,1.589465,19.128000,24.452000,19.128000,26.252000,-0.003339,0.993233,0.799998,1.574971,-0.014495,0.806767,0.300000,-0.025891,0,0
1789650603.412730,3,19.120928,25.559406,1.612581,19.128000,24.452000,19.128000,26.252000,0.007072,1.107406,0.799989,1.561957,-0.050624,0.692594,0.300000,-0.042558,0,0
1789650603.514042,3,19.120928,25.559406,1.612581,19.128000,24.452000,19.128000,26.252000,0.007072,1.107406,0.799989,1.561957,-0.050624,0.692594,0.300000,-0.052534,0,0
1789650603.612813,3,19.120928,25.559406,1.612581,19.128000,24.452000,19.128000,26.252000,0.007072,1.107406,0.799989,1.561957,-0.050624,0.692594,0.300000,-0.057830,0,0
1789650603.712834,3,19.120928,25.559406,1.612581,19.128000,24.452000,19.128000,26.252000,0.007072,1.107406,0.799989,1.561957,-0.050624,0.692594,0.300000,-0.059919,0,0
1789650603.812918,4,19.112758,25.681892,1.616077,19.128000,24.452000,19.128000,26.252000,0.015242,1.229892,0.799951,1.551745,-0.064333,0.570108,0.300000,-0.065084,0,0
1789650603.912847,4,19.112758,25.681892,1.616077,19.128000,26.252000,13.628000,26.252000,0.570108,0.015242,0.738953,2.484468,0.868390,5.484758,0.300000,0.107933,0,0
1789650604.012846,4,19.112758,25.681892,1.616077,19.128000,26.252000,13.628000,26.252000,0.570108,0.015242,0.738953,2.484468,0.868390,5.484758,0.300000,0.246346,0,0
1789650604.113525,4,19.112758,25.681892,1.616077,19.128000,26.252000,13.628000,26.252000,0.570108,0.015242,0.738953,2.484468,0.868390,5.484758,0.300000,0.357077,0,0
1789650604.212840,4,19.108581,25.803207,1.591364,19.128000,26.252000,13.628000,26.252000,0.448793,0.019419,0.760549,2.608491,1.017127,5.480581,0.300000,0.445662,0,0
1789650604.312831,4,19.108581,25.803207,1.591364,19.128000,26.252000,13.628000,26.252000,0.448793,0.019419,0.760549,2.608491,1.017127,5.480581,0.300000,0.516529,0,0
1789650604.412871,4,19.108581,25.803207,1.591364,19.128000,26.252000,13.628000,26.252000,0.448793,0.019419,0.760549,2.608491,1.017127,5.480581,0.300000,0.573224,0,0
1789650604.512857,4,19.108581,25.803207,1.591364,19.128000,26.252000,13.628000,26.252000,0.448793,0.019419,0.760549,2.608491,1.017127,5.480581,0.300000,0.618579,0,0
1789650604.612898,4,19.106632,25.917422,1.595887,19.128000,26.252000,13.628000,26.252000,0.334578,0.021368,0.777390,2.735169,1.139282,5.478632,0.300000,0.654863,0,0
1789650604.712875,4,19.106632,25.917422,1.595887,19.128000,26.252000,13.628000,26.252000,0.334578,0.021368,0.777390,2.735169,1.139282,5.478632,0.300000,0.683890,0,0
1789650604.812881,4,19.106632,25.917422,1.595887,19.128000,26.252000,13.628000,26.252000,0.334578,0.021368,0.777390,2.735169,1.139282,5.478632,0.300000,0.707112,0,0
1789650604.912886,4,19.106632,25.917422,1.595887,19.128000,26.252000,13.628000,26.252000,0.334578,0.021368,0.777390,2.735169,1.139282,5.478632,0.300000,0.725690,0,0
1789650605.012966,4,19.092258,26.022699,1.761309,19.128000,26.252000,13.628000,26.252000,0.229301,0.035742,0.789159,2.858816,1.097506,5.464258,0.300000,0.721302,0,0
1789650605.112968,4,19.092258,26.022699,1.761309,19.128000,26.252000,13.628000,26.252000,0.229301,0.035742,0.789159,2.858816,1.097506,5.464258,0.300000,0.711592,0,0
1789650605.212895,4,19.074284,26.073974,1.881535,19.128000,26.252000,13.628000,26.252000,0.178026,0.053716,0.793418,2.920870,1.039335,5.446284,0.300000,0.676748,0,0
1789650605.312897,4,19.074284,26.073974,1.881535,19.128000,26.252000,13.628000,26.252000,0.178026,0.053716,0.793418,2.920870,1.039335,5.446284,0.300000,0.648164,0,0
1789650605.412967,4,19.049928,26.123306,2.019263,19.128000,26.252000,13.628000,26.252000,0.128694,0.078072,0.796542,2.981411,0.962148,5.421928,0.300000,0.595408,0,0
1789650605.512949,4,19.049928,26.123306,2.019263,19.128000,26.252000,13.628000,26.252000,0.128694,0.078072,0.796542,2.981411,0.962148,5.421928,0.300000,0.557071,0,0
1789650605.614130,4,19.023626,26.166927,2.161753,19.128000,26.252000,13.628000,26.252000,0.085073,0.104374,0.798484,3.035450,0.873698,5.395626,0.300000,0.495884,0,0
1789650605.712936,4,19.023626,26.166927,2.161753,19.128000,26.252000,13.628000,26.252000,0.085073,0.104374,0.798484,3.035450,0.873698,5.395626,0.300000,0.454362,0,0
1789650605.812943,4,18.982912,26.209746,2.312542,19.128000,26.252000,13.628000,26.252000,0.042254,0.145088,0.799625,3.088799,0.776256,5.354912,0.300000,0.390058,0,0
1789650605.912969,4,18.982912,26.209746,2.312542,19.128000,26.252000,13.628000,26.252000,0.042254,0.145088,0.799625,3.088799,0.776256,5.354912,0.300000,0.348826,0,0
1789650606.012973,4,18.942438,26.247799,2.443448,19.128000,26.252000,13.628000,26.252000,0.004201,0.185562,0.799996,3.136341,0.692893,5.314438,0.300000,0.292332,0,0
1789650606.116333,4,18.942438,26.247799,2.443448,19.128000,26.252000,13.628000,26.252000,0.004201,0.185562,0.799996,3.136341,0.692893,5.314438,0.300000,0.258341,0,0
1789650606.212934,4,18.892112,26.283627,2.554248,19.128000,26.252000,13.628000,26.252000,-0.031627,0.235888,0.799790,-3.102069,0.626868,5.264112,0.300000,0.214372,0,0
1789650606.312978,4,18.892112,26.283627,2.554248,19.128000,26.252000,13.628000,26.252000,-0.031627,0.235888,0.799790,-3.102069,0.626868,5.264112,0.300000,0.190194,0,0
1789650606.412951,4,18.892112,26.283627,2.554248,19.128000,26.252000,13.628000,26.252000,-0.031627,0.235888,0.799790,-3.102069,0.626868,5.264112,0.300000,0.179650,0,0
1789650606.513006,4,18.812247,26.333125,2.667921,19.128000,26.252000,13.628000,26.252000,-0.081125,0.315753,0.798621,-3.040358,0.574906,5.184247,0.300000,0.158517,0,0
1789650606.612989,4,18.812247,26.333125,2.667921,19.128000,26.252000,13.628000,26.252000,-0.081125,0.315753,0.798621,-3.040358,0.574906,5.184247,0.300000,0.150150,0,0
1789650606.713002,4,18.812247,26.333125,2.667921,19.128000,26.252000,13.628000,26.252000,-0.081125,0.315753,0.798621,-3.040358,0.574906,5.184247,0.300000,0.150286,0,0
1789650606.813188,4,18.812247,26.333125,2.667921,19.128000,26.252000,13.628000,26.252000,-0.081125,0.315753,0.798621,-3.040358,0.574906,5.184247,0.300000,0.155861,0,0
1789650606.913409,4,18.709348,26.383566,2.744043,19.128000,26.252000,13.628000,26.252000,-0.131566,0.418652,0.796387,-2.977868,0.561275,5.081348,0.300000,0.159526,0,0
1789650607.013020,4,18.709348,26.383566,2.744043,19.128000,26.252000,13.628000,26.252000,-0.131566,0.418652,0.796387,-2.977868,0.561275,5.081348,0.300000,0.166717,0,0
1789650607.113449,4,18.709348,26.383566,2.744043,19.128000,26.252000,13.628000,26.252000,-0.131566,0.418652,0.796387,-2.977868,0.561275,5.081348,0.300000,0.175875,0,0
1789650607.213057,4,18.709348,26.383566,2.744043,19.128000,26.252000,13.628000,26.252000,-0.131566,0.418652,0.796387,-2.977868,0.561275,5.081348,0.300000,0.185927,0,0
1789650607.313089,4,18.596531,26.431362,2.781515,19.128000,26.252000,13.628000,26.252000,-0.179362,0.531469,0.793320,-2.919241,0.582429,4.968531,0.300000,0.204185,0,0
1789650607.413064,4,18.596531,26.431362,2.781515,19.128000,26.252000,13.628000,26.252000,-0.179362,0.531469,0.793320,-2.919241,0.582429,4.968531,0.300000,0.219352,0,0
1789650607.513054,4,18.596531,26.431362,2.781515,19.128000,26.252000,13.628000,26.252000,-0.179362,0.531469,0.793320,-2.919241,0.582429,4.968531,0.300000,0.231933,0,0
1789650607.613062,4,18.596531,26.431362,2.781515,19.128000,26.252000,13.628000,26.252000,-0.179362,0.531469,0.793320,-2.919241,0.582429,4.968531,0.300000,0.242356,0,0
1789650607.713154,4,18.484986,26.472212,2.844433,19.128000,26.252000,13.628000,26.252000,-0.220212,0.643014,0.789987,-2.869740,0.569013,4.856986,0.300000,0.245886,0,0
1789650607.813092,4,18.484986,26.472212,2.844433,19.128000,26.252000,13.628000,26.252000,-0.220212,0.643014,0.789987,-2.869740,0.569013,4.856986,0.300000,0.249691,0,0
1789650607.913095,4,18.484986,26.472212,2.844433,19.128000,26.252000,13.628000,26.252000,-0.220212,0.643014,0.789987,-2.869740,0.569013,4.856986,0.300000,0.253518,0,0
1789650608.013114,4,18.484986,26.472212,2.844433,19.128000,26.252000,13.628000,26.252000,-0.220212,0.643014,0.789987,-2.869740,0.569013,4.856986,0.300000,0.257207,0,0
1789650608.113125,4,18.367194,26.501547,2.930487,19.128000,26.252000,13.628000,26.252000,-0.249547,0.760806,0.787203,-2.834609,0.518090,4.739194,0.300000,0.241309,0,0
1789650608.213126,4,18.367194,26.501547,2.930487,19.128000,26.252000,13.628000,26.252000,-0.249547,0.760806,0.787203,-2.834609,0.518090,4.739194,0.300000,0.231844,0,0
1789650608.313126,4,18.367194,26.501547,2.930487,19.128000,26.252000,13.628000,26.252000,-0.249547,0.760806,0.787203,-2.834609,0.518090,4.739194,0.300000,0.226875,0,0
1789650608.413171,4,18.367194,26.501547,2.930487,19.128000,26.252000,13.628000,26.252000,-0.249547,0.760806,0.787203,-2.834609,0.518090,4.739194,0.300000,0.224981,0,0
1789650608.513143,4,18.243244,26.520533,3.031421,19.128000,26.252000,13.628000,26.252000,-0.268533,0.884756,0.785233,-2.812081,0.439683,4.615244,0.300000,0.195334,0,0
1789650608.613139,4,18.243244,26.520533,3.031421,19.128000,26.252000,13.628000,26.252000,-0.268533,0.884756,0.785233,-2.812081,0.439683,4.615244,0.300000,0.177340,0,0
1789650608.713226,4,18.243244,26.520533,3.031421,19.128000,26.252000,13.628000,26.252000,-0.268533,0.884756,0.785233,-2.812081,0.439683,4.615244,0.300000,0.167524,0,0
1789650608.813138,4,18.243244,26.520533,3.031421,19.128000,26.252000,13.628000,26.252000,-0.268533,0.884756,0.785233,-2.812081,0.439683,4.615244,0.300000,0.163335,0,0
1789650608.913189,4,18.118230,26.526995,3.141154,19.128000,26.252000,13.628000,26.252000,-0.274995,1.009770,0.784532,-2.804454,0.337578,4.490230,0.300000,0.124131,0,0
1789650609.013158,4,18.118230,26.526995,3.141154,19.128000,26.252000,13.628000,26.252000,-0.274995,1.009770,0.784532,-2.804454,0.337578,4.490230,0.300000,0.100827,0,0
1789650609.113180,4,18.118230,26.526995,3.141154,19.128000,26.252000,13.628000,26.252000,-0.274995,1.009770,0.784532,-2.804454,0.337578,4.490230,0.300000,0.088631,0,0
1789650609.213198,4,18.118230,26.526995,3.141154,19.128000,26.252000,13.628000,26.252000,-0.274995,1.009770,0.784532,-2.804454,0.337578,4.490230,0.300000,0.084032,0,0
1789650609.313191,4,17.988601,26.522015,-3.063196,19.128000,26.252000,13.628000,26.252000,-0.270015,1.139399,0.785073,-2.810330,0.252866,4.360601,0.300000,0.052284,0,0
1789650609.413246,4,17.988601,26.522015,-3.063196,19.128000,26.252000,13.628000,26.252000,-0.270015,1.139399,0.785073,-2.810330,0.252866,4.360601,0.300000,0.034931,0,0
1789650609.513198,4,17.988601,26.522015,-3.063196,19.128000,26.252000,13.628000,26.252000,-0.270015,1.139399,0.785073,-2.810330,0.252866,4.360601,0.300000,0.027486,0,0
1789650609.613239,4,17.988601,26.522015,-3.063196,19.128000,26.252000,13.628000,26.252000,-0.270015,1.139399,0.785073,-2.810330,0.252866,4.360601,0.300000,0.026678,0,0
1789650609.713181,4,17.870245,26.515729,-3.029255,19.128000,26.252000,13.628000,26.252000,-0.263729,1.257755,0.785744,-2.817765,0.211490,4.242245,0.318130,0.014422,0,0
1789650609.813253,4,17.870245,26.515729,-3.029255,19.128000,26.252000,13.628000,26.252000,-0.263729,1.257755,0.785744,-2.817765,0.211490,4.242245,0.318130,0.010231,0,0
1789650609.913219,4,17.870245,26.515729,-3.029255,19.128000,26.252000,13.628000,26.252000,-0.263729,1.257755,0.785744,-2.817765,0.211490,4.242245,0.318130,0.011370,0,0
1789650610.013225,4,17.870245,26.515729,-3.029255,19.128000,26.252000,13.628000,26.252000,-0.263729,1.257755,0.785744,-2.817765,0.211490,4.242245,0.318130,0.015873,0,0
1789650610.113282,4,17.748852,26.501662,-3.025078,19.128000,26.252000,13.628000,26.252000,-0.249662,1.379148,0.787192,-2.834472,0.190606,4.120852,0.338699,0.014416,0,0
1789650610.213254,4,17.748852,26.501662,-3.025078,19.128000,26.252000,13.628000,26.252000,-0.249662,1.379148,0.787192,-2.834472,0.190606,4.120852,0.338699,0.016719,0,0
1789650610.313684,4,17.748852,26.501662,-3.025078,19.128000,26.252000,13.628000,26.252000,-0.249662,1.379148,0.787192,-2.834472,0.190606,4.120852,0.338699,0.021336,0,0
1789650610.413254,4,17.748852,26.501662,-3.025078,19.128000,26.252000,13.628000,26.252000,-0.249662,1.379148,0.787192,-2.834472,0.190606,4.120852,0.338699,0.027250,0,0
1789650610.513253,4,17.629673,26.484009,-3.025974,19.128000,26.252000,13.628000,26.252000,-0.232009,1.498327,0.788906,-2.855567,0.170407,4.001673,0.359857,0.026081,0,0
1789650610.613430,4,17.629673,26.484009,-3.025974,19.128000,26.252000,13.628000,26.252000,-0.232009,1.498327,0.788906,-2.855567,0.170407,4.001673,0.359857,0.027697,0,0
1789650610.713296,4,17.629673,26.484009,-3.025974,19.128000,26.252000,13.628000,26.252000,-0.232009,1.498327,0.788906,-2.855567,0.170407,4.001673,0.359857,0.031032,0,0
1789650610.813261,4,17.629673,26.484009,-3.025974,19.128000,26.252000,13.628000,26.252000,-0.232009,1.498327,0.788906,-2.855567,0.170407,4.001673,0.359857,0.035333,0,0
1789650610.913347,4,17.495658,26.473531,-3.022446,19.128000,26.252000,13.628000,26.252000,-0.221531,1.632342,0.789869,-2.868152,0.154293,3.867658,0.377681,0.033961,0,0
1789650611.013813,4,17.495658,26.473531,-3.022446,19.128000,26.252000,13.628000,26.252000,-0.221531,1.632342,0.789869,-2.868152,0.154293,3.867658,0.377681,0.034810,0,0
1789650611.113351,4,17.495658,26.473531,-3.022446,19.128000,26.252000,13.628000,26.252000,-0.221531,1.632342,0.789869,-2.868152,0.154293,3.867658,0.377681,0.037047,0,0
1789650611.213335,4,17.387647,26.456983,-3.006379,19.128000,26.252000,13.628000,26.252000,-0.204983,1.740353,0.791305,-2.888120,0.118259,3.759647,0.420798,0.026388,0,0
1789650611.313372,4,17.387647,26.456983,-3.006379,19.128000,26.252000,13.628000,26.252000,-0.204983,1.740353,0.791305,-2.888120,0.118259,3.759647,0.420798,0.020876,0,0
1789650611.413334,4,17.387647,26.456983,-3.006379,19.128000,26.252000,13.628000,26.252000,-0.204983,1.740353,0.791305,-2.888120,0.118259,3.759647,0.420798,0.018878,0,0
1789650611.513337,4,17.270031,26.440498,-2.992971,19.128000,26.252000,13.628000,26.252000,-0.188498,1.857969,0.792630,-2.908117,0.084854,3.642031,0.397312,0.006518,0,0
1789650611.613330,4,17.270031,26.440498,-2.992971,19.128000,26.252000,13.628000,26.252000,-0.188498,1.857969,0.792630,-2.908117,0.084854,3.642031,0.397312,0.000044,0,0
1789650611.713335,4,17.270031,26.440498,-2.992971,19.128000,26.252000,13.628000,26.252000,-0.188498,1.857969,0.792630,-2.908117,0.084854,3.642031,0.397312,-0.002404,0,0
1789650611.813365,4,17.153855,26.424426,-2.982379,19.128000,26.252000,13.628000,26.252000,-0.172426,1.974145,0.793821,-2.927705,0.054674,3.525855,0.384639,-0.013644,0,0
1789650611.913355,4,17.153855,26.424426,-2.982379,19.128000,26.252000,13.628000,26.252000,-0.172426,1.974145,0.793821,-2.927705,0.054674,3.525855,0.384639,-0.019198,0,0
1789650612.013337,4,17.153855,26.424426,-2.982379,19.128000,26.252000,13.628000,26.252000,-0.172426,1.974145,0.793821,-2.927705,0.054674,3.525855,0.384639,-0.020892,0,0
1789650612.113379,4,17.030229,26.401537,-2.974660,19.128000,26.252000,13.628000,26.252000,-0.149537,2.097771,0.795341,-2.955746,0.018915,3.402229,0.371152,-0.033630,0,0
1789650612.213312,4,17.030229,26.401537,-2.974660,19.128000,26.252000,13.628000,26.252000,-0.149537,2.097771,0.795341,-2.955746,0.018915,3.402229,0.371152,-0.040059,0,0
1789650612.313396,4,17.030229,26.401537,-2.974660,19.128000,26.252000,13.628000,26.252000,-0.149537,2.097771,0.795341,-2.955746,0.018915,3.402229,0.371152,-0.042192,0,0
1789650612.413487,4,16.912913,26.380362,-2.973167,19.128000,26.252000,13.628000,26.252000,-0.128362,2.215087,0.796560,-2.981821,-0.008654,3.284913,0.358354,-0.051960,0,0
1789650612.513387,4,16.912913,26.380362,-2.973167,19.128000,26.252000,13.628000,26.252000,-0.128362,2.215087,0.796560,-2.981821,-0.008654,3.284913,0.358354,-0.056306,0,0
1789650612.613378,4,16.912913,26.380362,-2.973167,19.128000,26.252000,13.628000,26.252000,-0.128362,2.215087,0.796560,-2.981821,-0.008654,3.284913,0.358354,-0.057009,0,0
1789650612.713501,4,16.795861,26.361945,-2.981614,19.128000,26.252000,13.628000,26.252000,-0.109945,2.332139,0.797472,-3.004589,-0.022975,3.167861,0.345585,-0.060789,0,0
1789650612.813441,4,16.795861,26.361945,-2.981614,19.128000,26.252000,13.628000,26.252000,-0.109945,2.332139,0.797472,-3.004589,-0.022975,3.167861,0.345585,-0.061236,0,0
1789650612.913447,4,16.795861,26.361945,-2.981614,19.128000,26.252000,13.628000,26.252000,-0.109945,2.332139,0.797472,-3.004589,-0.022975,3.167861,0.345585,-0.059533,0,0
1789650613.014000,4,16.684456,26.344623,-3.001394,19.128000,26.252000,13.628000,26.252000,-0.092623,2.443544,0.798204,-3.026071,-0.024676,3.056456,0.333432,-0.057165,0,0
1789650613.113434,4,16.684456,26.344623,-3.001394,19.128000,26.252000,13.628000,26.252000,-0.092623,2.443544,0.798204,-3.026071,-0.024676,3.056456,0.333432,-0.053856,0,0
1789650613.213464,4,16.684456,26.344623,-3.001394,19.128000,26.252000,13.628000,26.252000,-0.092623,2.443544,0.798204,-3.026071,-0.024676,3.056456,0.333432,-0.050078,0,0
1789650613.313476,4,16.575734,26.332646,-3.022822,19.128000,26.252000,13.628000,26.252000,-0.080646,2.552266,0.798637,-3.040954,-0.018132,2.947734,0.321571,-0.043664,0,0
1789650613.413496,4,16.575734,26.332646,-3.022822,19.128000,26.252000,13.628000,26.252000,-0.080646,2.552266,0.798637,-3.040954,-0.018132,2.947734,0.321571,-0.038175,0,0
1789650613.513460,4,16.575734,26.332646,-3.022822,19.128000,26.252000,13.628000,26.252000,-0.080646,2.552266,0.798637,-3.040954,-0.018132,2.947734,0.321571,-0.033497,0,0
1789650613.613469,4,16.475922,26.319416,-3.041721,19.128000,26.252000,13.628000,26.252000,-0.067416,2.652078,0.799047,-3.057422,-0.015701,2.847922,0.310682,-0.028603,0,0
1789650613.713449,4,16.475922,26.319416,-3.041721,19.128000,26.252000,13.628000,26.252000,-0.067416,2.652078,0.799047,-3.057422,-0.015701,2.847922,0.310682,-0.024640,0,0
1789650613.813517,4,16.475922,26.319416,-3.041721,19.128000,26.252000,13.628000,26.252000,-0.067416,2.652078,0.799047,-3.057422,-0.015701,2.847922,0.310682,-0.021432,0,0
1789650613.913537,4,16.475922,26.319416,-3.041721,19.128000,26.252000,13.628000,26.252000,-0.067416,2.652078,0.799047,-3.057422,-0.015701,2.847922,0.310682,-0.018836,0,0
1789650614.013504,4,16.342882,26.308310,-3.061757,19.128000,26.252000,13.628000,26.252000,-0.056310,2.785118,0.799335,-3.071262,-0.009505,2.714882,0.300000,-0.014380,0,0
1789650614.113584,4,16.342882,26.308310,-3.061757,19.128000,26.252000,13.628000,26.252000,-0.056310,2.785118,0.799335,-3.071262,-0.009505,2.714882,0.300000,-0.011143,0,0
1789650614.213520,4,16.342882,26.308310,-3.061757,19.128000,26.252000,13.628000,26.252000,-0.056310,2.785118,0.799335,-3.071262,-0.009505,2.714882,0.300000,-0.008816,0,0
1789650614.313509,4,16.342882,26.308310,-3.061757,19.128000,26.252000,13.628000,26.252000,-0.056310,2.785118,0.799335,-3.071262,-0.009505,2.714882,0.300000,-0.007164,0,0
1789650614.413530,4,16.208296,26.293704,-3.069327,19.128000,26.252000,13.628000,26.252000,-0.041704,2.919704,0.799635,-3.089486,-0.020159,2.580296,0.300000,-0.010058,0,0
1789650614.513521,4,16.208296,26.293704,-3.069327,19.128000,26.252000,13.628000,26.252000,-0.041704,2.919704,0.799635,-3.089486,-0.020159,2.580296,0.300000,-0.011911,0,0
1789650614.613565,4,16.208296,26.293704,-3.069327,19.128000,26.252000,13.628000,26.252000,-0.041704,2.919704,0.799635,-3.089486,-0.020159,2.580296,0.300000,-0.013024,0,0
1789650614.713533,4,16.208296,26.293704,-3.069327,19.128000,26.252000,13.628000,26.252000,-0.041704,2.919704,0.799635,-3.089486,-0.020159,2.580296,0.300000,-0.013619,0,0
1789650614.813555,4,16.086474,26.284152,-3.071216,19.128000,26.252000,13.628000,26.252000,-0.032152,3.041526,0.799783,-3.101413,-0.030197,2.458474,0.300000,-0.017671,0,0
1789650614.914849,4,16.086474,26.284152,-3.071216,19.128000,26.252000,13.628000,26.252000,-0.032152,3.041526,0.799783,-3.101413,-0.030197,2.458474,0.300000,-0.020162,0,0
1789650615.013585,4,16.086474,26.284152,-3.071216,19.128000,26.252000,13.628000,26.252000,-0.032152,3.041526,0.799783,-3.101413,-0.030197,2.458474,0.300000,-0.021553,0,0
1789650615.113559,4,16.086474,26.284152,-3.071216,19.128000,26.252000,13.628000,26.252000,-0.032152,3.041526,0.799783,-3.101413,-0.030197,2.458474,0.300000,-0.022186,0,0
1789650615.213633,4,15.963390,26.277791,-3.079993,19.128000,26.252000,13.628000,26.252000,-0.025791,3.164610,0.799860,-3.109360,-0.029366,2.335390,0.300000,-0.021991,0,0
1789650615.313566,4,15.963390,26.277791,-3.079993,19.128000,26.252000,13.628000,26.252000,-0.025791,3.164610,0.799860,-3.109360,-0.029366,2.335390,0.300000,-0.021575,0,0
1789650615.413673,4,15.963390,26.277791,-3.079993,19.128000,26.252000,13.628000,26.252000,-0.025791,3.164610,0.799860,-3.109360,-0.029366,2.335390,0.300000,-0.021032,0,0
1789650615.513667,4,15.963390,26.277791,-3.079993,19.128000,26.252000,13.628000,26.252000,-0.025791,3.164610,0.799860,-3.109360,-0.029366,2.335390,0.300000,-0.020431,0,0
1789650615.613629,4,15.831683,26.265927,-3.076976,19.128000,26.252000,13.628000,26.252000,-0.013927,3.296317,0.799959,-3.124185,-0.047209,2.203683,0.300000,-0.026596,0,0
1789650615.713601,4,15.831683,26.265927,-3.076976,19.128000,26.252000,13.628000,26.252000,-0.013927,3.296317,0.799959,-3.124185,-0.047209,2.203683,0.300000,-0.030422,0,0
1789650615.813600,4,15.831683,26.265927,-3.076976,19.128000,26.252000,13.628000,26.252000,-0.013927,3.296317,0.799959,-3.124185,-0.047209,2.203683,0.300000,-0.032598,0,0
1789650615.913738,4,15.831683,26.265927,-3.076976,19.128000,26.252000,13.628000,26.252000,-0.013927,3.296317,0.799959,-3.124185,-0.047209,2.203683,0.300000,-0.033631,0,0
1789650616.013637,4,15.711461,26.256022,-3.087629,19.128000,26.252000,13.628000,26.252000,-0.004022,3.416539,0.799997,-3.136565,-0.048936,2.083461,0.300000,-0.034548,0,0
1789650616.113670,4,15.711461,26.256022,-3.087629,19.128000,26.252000,13.628000,26.252000,-0.004022,3.416539,0.799997,-3.136565,-0.048936,2.083461,0.300000,-0.034731,0,0
1789650616.213681,4,15.711461,26.256022,-3.087629,19.128000,26.252000,13.628000,26.252000,-0.004022,3.416539,0.799997,-3.136565,-0.048936,2.083461,0.300000,-0.034438,0,0
1789650616.313639,4,15.711461,26.256022,-3.087629,19.128000,26.252000,13.628000,26.252000,-0.004022,3.416539,0.799997,-3.136565,-0.048936,2.083461,0.300000,-0.033852,0,0
1789650616.413700,4,15.581190,26.247465,-3.101697,19.128000,26.252000,13.628000,26.252000,0.004535,3.546810,0.799996,3.135924,-0.045564,1.953190,0.300000,-0.031820,0,0
1789650616.513781,4,15.581190,26.247465,-3.101697,19.128000,26.252000,13.628000,26.252000,0.004535,3.546810,0.799996,3.135924,-0.045564,1.953190,0.300000,-0.030158,0,0
1789650616.613666,4,15.581190,26.247465,-3.101697,19.128000,26.252000,13.628000,26.252000,0.004535,3.546810,0.799996,3.135924,-0.045564,1.953190,0.300000,-0.028800,0,0
1789650616.713695,4,15.581190,26.247465,-3.101697,19.128000,26.252000,13.628000,26.252000,0.004535,3.546810,0.799996,3.135924,-0.045564,1.953190,0.300000,-0.027689,0,0
1789650616.813689,4,15.456203,26.237651,-3.111817,19.128000,26.252000,13.628000,26.252000,0.014349,3.671797,0.799957,3.123658,-0.047711,1.828203,0.300000,-0.027599,0,0
1789650616.913691,4,15.456203,26.237651,-3.111817,19.128000,26.252000,13.628000,26.252000,0.014349,3.671797,0.799957,3.123658,-0.047711,1.828203,0.300000,-0.027391,0,0
1789650617.013722,4,15.456203,26.237651,-3.111817,19.128000,26.252000,13.628000,26.252000,0.014349,3.671797,0.799957,3.123658,-0.047711,1.828203,0.300000,-0.027116,0,0
1789650617.113702,4,15.456203,26.237651,-3.111817,19.128000,26.252000,13.628000,26.252000,0.014349,3.671797,0.799957,3.123658,-0.047711,1.828203,0.300000,-0.026810,0,0
1789650617.213736,4,15.333562,26.231860,-3.130649,19.128000,26.252000,13.628000,26.252000,0.020140,3.794438,0.799915,3.116421,-0.036116,1.705562,0.300000,-0.022091,0,0
1789650617.313773,4,15.333562,26.231860,-3.130649,19.128000,26.252000,13.628000,26.252000,0.020140,3.794438,0.799915,3.116421,-0.036116,1.705562,0.300000,-0.018909,0,0
1789650617.413742,4,15.333562,26.231860,-3.130649,19.128000,26.252000,13.628000,26.252000,0.020140,3.794438,0.799915,3.116421,-0.036116,1.705562,0.300000,-0.016839,0,0
1789650617.513965,4,15.333562,26.231860,-3.130649,19.128000,26.252000,13.628000,26.252000,0.020140,3.794438,0.799915,3.116421,-0.036116,1.705562,0.300000,-0.015563,0,0
1789650617.613721,4,15.209889,26.227550,-3.139146,19.128000,26.252000,13.628000,26.252000,0.024450,3.918111,0.799874,3.111035,-0.033004,1.581889,0.300000,-0.013662,0,0
1789650617.713994,4,15.209889,26.227550,-3.139146,19.128000,26.252000,13.628000,26.252000,0.024450,3.918111,0.799874,3.111035,-0.033004,1.581889,0.300000,-0.012559,0,0
1789650617.814060,4,15.209889,26.227550,-3.139146,19.128000,26.252000,13.628000,26.252000,0.024450,3.918111,0.799874,3.111035,-0.033004,1.581889,0.300000,-0.012011,0,0
1789650617.913775,4,15.209889,26.227550,-3.139146,19.128000,26.252000,13.628000,26.252000,0.024450,3.918111,0.799874,3.111035,-0.033004,1.581889,0.300000,-0.011840,0,0
1789650618.013760,4,15.087051,26.226193,3.133528,19.128000,26.252000,13.628000,26.252000,0.025807,4.040949,0.799860,3.109339,-0.024190,1.459051,0.300000,-0.008567,0,0
1789650618.114188,4,15.087051,26.226193,3.133528,19.128000,26.252000,13.628000,26.252000,0.025807,4.040949,0.799860,3.109339,-0.024190,1.459051,0.300000,-0.006614,0,0
1789650618.213775,4,15.087051,26.226193,3.133528,19.128000,26.252000,13.628000,26.252000,0.025807,4.040949,0.799860,3.109339,-0.024190,1.459051,0.300000,-0.005583,0,0
1789650618.313789,4,15.087051,26.226193,3.133528,19.128000,26.252000,13.628000,26.252000,0.025807,4.040949,0.799860,3.109339,-0.024190,1.459051,0.300000,-0.005184,0,0
1789650618.413789,4,14.962755,26.224074,3.124918,19.128000,26.252000,13.628000,26.252000,0.027926,4.165245,0.799836,3.106693,-0.018225,1.334755,0.300000,-0.002938,0,0
1789650618.514053,4,14.962755,26.224074,3.124918,19.128000,26.252000,13.628000,26.252000,0.027926,4.165245,0.799836,3.106693,-0.018225,1.334755,0.300000,-0.001748,0,0
1789650618.613790,4,14.962755,26.224074,3.124918,19.128000,26.252000,13.628000,26.252000,0.027926,4.165245,0.799836,3.106693,-0.018225,1.334755,0.300000,-0.001281,0,0
1789650618.713852,4,14.962755,26.224074,3.124918,19.128000,26.252000,13.628000,26.252000,0.027926,4.165245,0.799836,3.106693,-0.018225,1.334755,0.300000,-0.001295,0,0
1789650618.813831,4,14.833066,26.220199,3.123628,19.128000,26.252000,13.628000,26.252000,0.031801,4.294934,0.799788,3.101851,-0.021776,1.205066,0.300000,-0.002967,0,0
1789650618.913817,4,14.833066,26.220199,3.123628,19.128000,26.252000,13.628000,26.252000,0.031801,4.294934,0.799788,3.101851,-0.021776,1.205066,0.300000,-0.004353,0,0
1789650619.013829,4,14.833066,26.220199,3.123628,19.128000,26.252000,13.628000,26.252000,0.031801,4.294934,0.799788,3.101851,-0.021776,1.205066,0.300000,-0.005502,0,0
1789650619.113845,4,14.833066,26.220199,3.123628,19.128000,26.252000,13.628000,26.252000,0.031801,4.294934,0.799788,3.101851,-0.021776,1.205066,0.300000,-0.006453,0,0
1789650619.213835,4,14.707062,26.221998,3.121886,19.128000,26.252000,13.628000,26.252000,0.030002,4.420938,0.799811,3.104099,-0.017786,1.079062,0.300000,-0.005723,0,0
1789650619.313856,4,14.707062,26.221998,3.121886,19.128000,26.252000,13.628000,26.252000,0.030002,4.420938,0.799811,3.104099,-0.017786,1.079062,0.300000,-0.005382,0,0
1789650619.413860,4,14.707062,26.221998,3.121886,19.128000,26.252000,13.628000,26.252000,0.030002,4.420938,0.799811,3.104099,-0.017786,1.079062,0.300000,-0.005305,0,0
1789650619.513866,4,14.707062,26.221998,3.121886,19.128000,26.252000,13.628000,26.252000,0.030002,4.420938,0.799811,3.104099,-0.017786,1.079062,0.300000,-0.005399,0,0
1789650619.614019,4,14.578549,26.222741,3.132180,19.128000,26.252000,13.628000,26.252000,0.029259,4.549451,0.799820,3.105028,-0.027152,0.950549,0.300000,-0.009154,0,0
1789650619.714114,4,14.578549,26.222741,3.132180,19.128000,26.252000,13.628000,26.252000,0.029259,4.549451,0.799820,3.105028,-0.027152,0.950549,0.300000,-0.011734,0,0
1789650619.813973,4,14.578549,26.222741,3.132180,19.128000,26.252000,13.628000,26.252000,0.029259,4.549451,0.799820,3.105028,-0.027152,0.950549,0.300000,-0.013459,0,0
1789650619.913876,4,14.578549,26.222741,3.132180,19.128000,26.252000,13.628000,26.252000,0.029259,4.549451,0.799820,3.105028,-0.027152,0.950549,0.300000,-0.014568,0,0
1789650620.013959,4,14.465693,26.221916,3.127524,19.128000,26.252000,13.628000,26.252000,0.030084,4.662307,0.799810,3.103996,-0.023528,0.837693,0.300000,-0.013861,0,0
1789650620.113991,4,14.465693,26.221916,3.127524,19.128000,26.252000,13.628000,26.252000,0.030084,4.662307,0.799810,3.103996,-0.023528,0.837693,0.300000,-0.013324,0,0
1789650620.215454,4,14.465693,26.221916,3.127524,19.128000,26.252000,13.628000,26.252000,0.030084,4.662307,0.799810,3.103996,-0.023528,0.837693,0.300000,-0.012918,0,0
1789650620.313979,4,14.465693,26.221916,3.127524,19.128000,26.252000,13.628000,26.252000,0.030084,4.662307,0.799810,3.103996,-0.023528,0.837693,0.300000,-0.012613,0,0
1789650620.413984,4,14.345547,26.219368,3.110498,19.128000,26.252000,13.628000,26.252000,0.032632,4.782453,0.799776,3.100814,-0.009684,0.717547,0.300000,-0.007122,0,0
1789650620.513966,4,14.345547,26.219368,3.110498,19.128000,26.252000,13.628000,26.252000,0.032632,4.782453,0.799776,3.100814,-0.009684,0.717547,0.300000,-0.003517,0,0
1789650620.613976,4,14.345547,26.219368,3.110498,19.128000,26.252000,13.628000,26.252000,0.032632,4.782453,0.799776,3.100814,-0.009684,0.717547,0.300000,-0.001263,0,0
1789650620.714023,4,14.345547,26.219368,3.110498,19.128000,26.252000,13.628000,26.252000,0.032632,4.782453,0.799776,3.100814,-0.009684,0.717547,0.300000,0.000036,0,0
1789650620.814029,4,14.225234,26.216526,3.121212,19.128000,26.252000,13.628000,26.252000,0.035474,4.902766,0.799736,3.097264,-0.023948,0.597234,0.300000,-0.004744,0,0
1789650620.914016,4,14.225234,26.216526,3.121212,19.128000,26.252000,13.628000,26.252000,0.035474,4.902766,0.799736,3.097264,-0.023948,0.597234,0.300000,-0.008093,0,0
1789650621.014022,4,14.225234,26.216526,3.121212,19.128000,26.252000,13.628000,26.252000,0.035474,4.902766,0.799736,3.097264,-0.023948,0.597234,0.300000,-0.010392,0,0
1789650621.114064,4,14.225234,26.216526,3.121212,19.128000,26.252000,13.628000,26.252000,0.035474,4.902766,0.799736,3.097264,-0.023948,0.597234,0.300000,-0.011926,0,0
1789650621.214363,5,14.099475,26.211743,3.124156,19.128000,26.252000,13.628000,26.252000,0.040257,5.028525,0.799660,3.091292,-0.032864,0.471475,0.000000,0.000000,0,1
1789650621.314102,5,14.099475,26.211743,3.124156,19.128000,26.252000,13.628000,26.252000,0.040257,5.028525,0.799660,3.091292,-0.032864,0.471475,0.000000,0.000000,0,1
1789650621.414994,5,14.099475,26.211743,3.124156,19.128000,26.252000,13.628000,26.252000,0.040257,5.028525,0.799660,3.091292,-0.032864,0.471475,0.000000,0.000000,0,1
1789650621.514060,5,14.099475,26.211743,3.124156,19.128000,26.252000,13.628000,26.252000,0.040257,5.028525,0.799660,3.091292,-0.032864,0.471475,0.000000,0.000000,0,1
1789650621.614049,5,13.980827,26.211431,3.116945,19.128000,26.252000,13.628000,26.252000,0.040257,5.028525,0.799660,3.091292,-0.032864,0.471475,0.000000,0.000000,0,1
1789650621.714031,5,13.980827,26.211431,3.116945,19.128000,26.252000,13.628000,26.252000,0.040257,5.028525,0.799660,3.091292,-0.032864,0.471475,0.000000,0.000000,0,1
1789650621.814051,5,13.980827,26.211431,3.116945,19.128000,26.252000,13.628000,26.252000,0.040257,5.028525,0.799660,3.091292,-0.032864,0.471475,0.000000,0.000000,0,1
1789650621.914052,5,13.980827,26.211431,3.116945,19.128000,26.252000,13.628000,26.252000,0.040257,5.028525,0.799660,3.091292,-0.032864,0.471475,0.000000,0.000000,0,1
1789650622.014372,5,13.980827,26.211431,3.116945,19.128000,26.252000,13.628000,26.252000,0.040257,5.028525,0.799660,3.091292,-0.032864,0.471475,0.000000,0.000000,0,1
1789650622.114111,5,13.874140,26.208860,3.133699,19.128000,26.252000,13.628000,26.252000,0.040257,5.028525,0.799660,3.091292,-0.032864,0.471475,0.000000,0.000000,0,1
1789650622.214105,5,13.874140,26.208860,3.133699,19.128000,26.252000,13.628000,26.252000,0.040257,5.028525,0.799660,3.091292,-0.032864,0.471475,0.000000,0.000000,0,1
1789650622.314105,5,13.874140,26.208860,3.133699,19.128000,26.252000,13.628000,26.252000,0.040257,5.028525,0.799660,3.091292,-0.032864,0.471475,0.000000,0.000000,0,1
1789650622.414121,5,13.874140,26.208860,3.133699,19.128000,26.252000,13.628000,26.252000,0.040257,5.028525,0.799660,3.091292,-0.032864,0.471475,0.000000,0.000000,0,1
1789650622.514169,5,13.874140,26.208860,3.133699,19.128000,26.252000,13.628000,26.252000,0.040257,5.028525,0.799660,3.091292,-0.032864,0.471475,0.000000,0.000000,0,1
1789650622.621490,5,13.874140,26.208860,3.133699,19.128000,26.252000,13.628000,26.252000,0.040257,5.028525,0.799660,3.091292,-0.032864,0.471475,0.000000,0.000000,0,1
1789650622.714128,5,13.874140,26.208860,3.133699,19.128000,26.252000,13.628000,26.252000,0.040257,5.028525,0.799660,3.091292,-0.032864,0.471475,0.000000,0.000000,0,1
1789650622.814176,5,13.874140,26.208860,3.133699,19.128000,26.252000,13.628000,26.252000,0.040257,5.028525,0.799660,3.091292,-0.032864,0.471475,0.000000,0.000000,0,1
1789650622.914078,5,13.874140,26.208860,3.133699,19.128000,26.252000,13.628000,26.252000,0.040257,5.028525,0.799660,3.091292,-0.032864,0.471475,0.000000,0.000000,0,1
1789650623.014119,5,13.874140,26.208860,3.133699,19.128000,26.252000,13.628000,26.252000,0.040257,5.028525,0.799660,3.091292,-0.032864,0.471475,0.000000,0.000000,0,1
1789650623.114108,5,13.874140,26.208860,3.133699,19.128000,26.252000,13.628000,26.252000,0.040257,5.028525,0.799660,3.091292,-0.032864,0.471475,0.000000,0.000000,0,1
1789650623.214141,5,13.874140,26.208860,3.133699,19.128000,26.252000,13.628000,26.252000,0.040257,5.028525,0.799660,3.091292,-0.032864,0.471475,0.000000,0.000000,0,1
1789650623.314097,5,13.874140,26.208860,3.133699,19.128000,26.252000,13.628000,26.252000,0.040257,5.028525,0.799660,3.091292,-0.032864,0.471475,0.000000,0.000000,0,1
1789650623.414089,5,13.874140,26.208860,3.133699,19.128000,26.252000,13.628000,26.252000,0.040257,5.028525,0.799660,3.091292,-0.032864,0.471475,0.000000,0.000000,0,1
1789650623.514127,5,13.874140,26.208860,3.133699,19.128000,26.252000,13.628000,26.252000,0.040257,5.028525,0.799660,3.091292,-0.032864,0.471475,0.000000,0.000000,0,1
1789650623.614120,5,13.874140,26.208860,3.133699,19.128000,26.252000,13.628000,26.252000,0.040257,5.028525,0.799660,3.091292,-0.032864,0.471475,0.000000,0.000000,0,1
1789650623.714143,5,13.874140,26.208860,3.133699,19.128000,26.252000,13.628000,26.252000,0.040257,5.028525,0.799660,3.091292,-0.032864,0.471475,0.000000,0.000000,0,1
1789650623.814161,5,13.874140,26.208860,3.133699,19.128000,26.252000,13.628000,26.252000,0.040257,5.028525,0.799660,3.091292,-0.032864,0.471475,0.000000,0.000000,0,1
1789650623.914188,5,13.874140,26.208860,3.133699,19.128000,26.252000,13.628000,26.252000,0.040257,5.028525,0.799660,3.091292,-0.032864,0.471475,0.000000,0.000000,0,1
1789650624.014145,5,13.874140,26.208860,3.133699,19.128000,26.252000,13.628000,26.252000,0.040257,5.028525,0.799660,3.091292,-0.032864,0.471475,0.000000,0.000000,0,1
1789650624.114150,5,13.874140,26.208860,3.133699,19.128000,26.252000,13.628000,26.252000,0.040257,5.028525,0.799660,3.091292,-0.032864,0.471475,0.000000,0.000000,0,1
1789650624.215929,5,13.874140,26.208860,3.133699,19.128000,26.252000,13.628000,26.252000,0.040257,5.028525,0.799660,3.091292,-0.032864,0.471475,0.000000,0.000000,0,1
1789650624.314163,5,13.874140,26.208860,3.133699,19.128000,26.252000,13.628000,26.252000,0.040257,5.028525,0.799660,3.091292,-0.032864,0.471475,0.000000,0.000000,0,1
1789650624.414142,5,13.874140,26.208860,3.133699,19.128000,26.252000,13.628000,26.252000,0.040257,5.028525,0.799660,3.091292,-0.032864,0.471475,0.000000,0.000000,0,1
1789650624.514394,5,13.874140,26.208860,3.133699,19.128000,26.252000,13.628000,26.252000,0.040257,5.028525,0.799660,3.091292,-0.032864,0.471475,0.000000,0.000000,0,1
1789650624.614178,5,13.874140,26.208860,3.133699,19.128000,26.252000,13.628000,26.252000,0.040257,5.028525,0.799660,3.091292,-0.032864,0.471475,0.000000,0.000000,0,1
1789650624.714221,5,13.874140,26.208860,3.133699,19.128000,26.252000,13.628000,26.252000,0.040257,5.028525,0.799660,3.091292,-0.032864,0.471475,0.000000,0.000000,0,1
1789650624.814239,5,13.874140,26.208860,3.133699,19.128000,26.252000,13.628000,26.252000,0.040257,5.028525,0.799660,3.091292,-0.032864,0.471475,0.000000,0.000000,0,1
1789650624.914210,5,13.874140,26.208860,3.133699,19.128000,26.252000,13.628000,26.252000,0.040257,5.028525,0.799660,3.091292,-0.032864,0.471475,0.000000,0.000000,0,1
1789650625.015459,5,13.874140,26.208860,3.133699,19.128000,26.252000,13.628000,26.252000,0.040257,5.028525,0.799660,3.091292,-0.032864,0.471475,0.000000,0.000000,0,1
1789650625.114263,5,13.874140,26.208860,3.133699,19.128000,26.252000,13.628000,26.252000,0.040257,5.028525,0.799660,3.091292,-0.032864,0.471475,0.000000,0.000000,0,1
1789650625.214272,5,13.874140,26.208860,3.133699,19.128000,26.252000,13.628000,26.252000,0.040257,5.028525,0.799660,3.091292,-0.032864,0.471475,0.000000,0.000000,0,1
1789650625.314276,5,13.874140,26.208860,3.133699,19.128000,26.252000,13.628000,26.252000,0.040257,5.028525,0.799660,3.091292,-0.032864,0.471475,0.000000,0.000000,0,1
1789650625.414280,5,13.874140,26.208860,3.133699,19.128000,26.252000,13.628000,26.252000,0.040257,5.028525,0.799660,3.091292,-0.032864,0.471475,0.000000,0.000000,0,1
1789650625.514280,5,13.874140,26.208860,3.133699,19.128000,26.252000,13.628000,26.252000,0.040257,5.028525,0.799660,3.091292,-0.032864,0.471475,0.000000,0.000000,0,1
1789650625.614268,5,13.874140,26.208860,3.133699,19.128000,26.252000,13.628000,26.252000,0.040257,5.028525,0.799660,3.091292,-0.032864,0.471475,0.000000,0.000000,0,1
1789650625.714247,5,13.874140,26.208860,3.133699,19.128000,26.252000,13.628000,26.252000,0.040257,5.028525,0.799660,3.091292,-0.032864,0.471475,0.000000,0.000000,0,1
1789650625.814298,5,13.874140,26.208860,3.133699,19.128000,26.252000,13.628000,26.252000,0.040257,5.028525,0.799660,3.091292,-0.032864,0.471475,0.000000,0.000000,0,1
1789650625.914288,5,13.874140,26.208860,3.133699,19.128000,26.252000,13.628000,26.252000,0.040257,5.028525,0.799660,3.091292,-0.032864,0.471475,0.000000,0.000000,0,1
1789650626.014284,5,13.874140,26.208860,3.133699,19.128000,26.252000,13.628000,26.252000,0.040257,5.028525,0.799660,3.091292,-0.032864,0.471475,0.000000,0.000000,0,1
1789650626.114471,5,13.874140,26.208860,3.133699,19.128000,26.252000,13.628000,26.252000,0.040257,5.028525,0.799660,3.091292,-0.032864,0.471475,0.000000,0.000000,0,1
1789650626.214290,5,13.874140,26.208860,3.133699,19.128000,26.252000,13.628000,26.252000,0.040257,5.028525,0.799660,3.091292,-0.032864,0.471475,0.000000,0.000000,0,1
1789650626.317813,5,13.874140,26.208860,3.133699,19.128000,26.252000,13.628000,26.252000,0.040257,5.028525,0.799660,3.091292,-0.032864,0.471475,0.000000,0.000000,0,1
1789650626.414401,5,13.874140,26.208860,3.133699,19.128000,26.252000,13.628000,26.252000,0.040257,5.028525,0.799660,3.091292,-0.032864,0.471475,0.000000,0.000000,0,1
1789650626.514442,5,13.874140,26.208860,3.133699,19.128000,26.252000,13.628000,26.252000,0.040257,5.028525,0.799660,3.091292,-0.032864,0.471475,0.000000,0.000000,0,1
1789650626.614347,5,13.874140,26.208860,3.133699,19.128000,26.252000,13.628000,26.252000,0.040257,5.028525,0.799660,3.091292,-0.032864,0.471475,0.000000,0.000000,0,1
1789650626.714327,5,13.874140,26.208860,3.133699,19.128000,26.252000,13.628000,26.252000,0.040257,5.028525,0.799660,3.091292,-0.032864,0.471475,0.000000,0.000000,0,1
1789650626.814349,5,13.874140,26.208860,3.133699,19.128000,26.252000,13.628000,26.252000,0.040257,5.028525,0.799660,3.091292,-0.032864,0.471475,0.000000,0.000000,0,1
1789650626.914534,5,13.874140,26.208860,3.133699,19.128000,26.252000,13.628000,26.252000,0.040257,5.028525,0.799660,3.091292,-0.032864,0.471475,0.000000,0.000000,0,1
1789650627.014365,5,13.874140,26.208860,3.133699,19.128000,26.252000,13.628000,26.252000,0.040257,5.028525,0.799660,3.091292,-0.032864,0.471475,0.000000,0.000000,0,1
1789650627.114355,5,13.874140,26.208860,3.133699,19.128000,26.252000,13.628000,26.252000,0.040257,5.028525,0.799660,3.091292,-0.032864,0.471475,0.000000,0.000000,0,1
1789650627.218675,5,13.874140,26.208860,3.133699,19.128000,26.252000,13.628000,26.252000,0.040257,5.028525,0.799660,3.091292,-0.032864,0.471475,0.000000,0.000000,0,1
1789650627.314400,5,13.874140,26.208860,3.133699,19.128000,26.252000,13.628000,26.252000,0.040257,5.028525,0.799660,3.091292,-0.032864,0.471475,0.000000,0.000000,0,1
1789650627.414404,5,13.874140,26.208860,3.133699,19.128000,26.252000,13.628000,26.252000,0.040257,5.028525,0.799660,3.091292,-0.032864,0.471475,0.000000,0.000000,0,1
1789650627.514395,5,13.874140,26.208860,3.133699,19.128000,26.252000,13.628000,26.252000,0.040257,5.028525,0.799660,3.091292,-0.032864,0.471475,0.000000,0.000000,0,1
1789650627.615834,5,13.874140,26.208860,3.133699,19.128000,26.252000,13.628000,26.252000,0.040257,5.028525,0.799660,3.091292,-0.032864,0.471475,0.000000,0.000000,0,1
1789650627.714430,5,13.874140,26.208860,3.133699,19.128000,26.252000,13.628000,26.252000,0.040257,5.028525,0.799660,3.091292,-0.032864,0.471475,0.000000,0.000000,0,1
1789650627.814376,5,13.874140,26.208860,3.133699,19.128000,26.252000,13.628000,26.252000,0.040257,5.028525,0.799660,3.091292,-0.032864,0.471475,0.000000,0.000000,0,1
1789650627.914426,5,13.874140,26.208860,3.133699,19.128000,26.252000,13.628000,26.252000,0.040257,5.028525,0.799660,3.091292,-0.032864,0.471475,0.000000,0.000000,0,1
1789650628.014458,5,13.874140,26.208860,3.133699,19.128000,26.252000,13.628000,26.252000,0.040257,5.028525,0.799660,3.091292,-0.032864,0.471475,0.000000,0.000000,0,1
1789650628.114383,5,13.874140,26.208860,3.133699,19.128000,26.252000,13.628000,26.252000,0.040257,5.028525,0.799660,3.091292,-0.032864,0.471475,0.000000,0.000000,0,1
1789650628.214421,5,13.874140,26.208860,3.133699,19.128000,26.252000,13.628000,26.252000,0.040257,5.028525,0.799660,3.091292,-0.032864,0.471475,0.000000,0.000000,0,1
1789650628.314508,5,13.874140,26.208860,3.133699,19.128000,26.252000,13.628000,26.252000,0.040257,5.028525,0.799660,3.091292,-0.032864,0.471475,0.000000,0.000000,0,1
1789650628.414448,5,13.874140,26.208860,3.133699,19.128000,26.252000,13.628000,26.252000,0.040257,5.028525,0.799660,3.091292,-0.032864,0.471475,0.000000,0.000000,0,1
1789650628.514517,5,13.874140,26.208860,3.133699,19.128000,26.252000,13.628000,26.252000,0.040257,5.028525,0.799660,3.091292,-0.032864,0.471475,0.000000,0.000000,0,1
1789650628.614491,5,13.874140,26.208860,3.133699,19.128000,26.252000,13.628000,26.252000,0.040257,5.028525,0.799660,3.091292,-0.032864,0.471475,0.000000,0.000000,0,1
1789650628.714478,5,13.874140,26.208860,3.133699,19.128000,26.252000,13.628000,26.252000,0.040257,5.028525,0.799660,3.091292,-0.032864,0.471475,0.000000,0.000000,0,1
1789650628.814462,5,13.874140,26.208860,3.133699,19.128000,26.252000,13.628000,26.252000,0.040257,5.028525,0.799660,3.091292,-0.032864,0.471475,0.000000,0.000000,0,1
1789650628.914480,5,13.874140,26.208860,3.133699,19.128000,26.252000,13.628000,26.252000,0.040257,5.028525,0.799660,3.091292,-0.032864,0.471475,0.000000,0.000000,0,1
1789650629.014468,5,13.874140,26.208860,3.133699,19.128000,26.252000,13.628000,26.252000,0.040257,5.028525,0.799660,3.091292,-0.032864,0.471475,0.000000,0.000000,0,1
1789650629.114483,5,13.874140,26.208860,3.133699,19.128000,26.252000,13.628000,26.252000,0.040257,5.028525,0.799660,3.091292,-0.032864,0.471475,0.000000,0.000000,0,1
1789650629.214499,5,13.874140,26.208860,3.133699,19.128000,26.252000,13.628000,26.252000,0.040257,5.028525,0.799660,3.091292,-0.032864,0.471475,0.000000,0.000000,0,1
1789650629.314510,5,13.874140,26.208860,3.133699,19.128000,26.252000,13.628000,26.252000,0.040257,5.028525,0.799660,3.091292,-0.032864,0.471475,0.000000,0.000000,0,1
1789650629.414472,5,13.874140,26.208860,3.133699,19.128000,26.252000,13.628000,26.252000,0.040257,5.028525,0.799660,3.091292,-0.032864,0.471475,0.000000,0.000000,0,1
1789650629.514535,5,13.874140,26.208860,3.133699,19.128000,26.252000,13.628000,26.252000,0.040257,5.028525,0.799660,3.091292,-0.032864,0.471475,0.000000,0.000000,0,1
1789650629.614521,5,13.874140,26.208860,3.133699,19.128000,26.252000,13.628000,26.252000,0.040257,5.028525,0.799660,3.091292,-0.032864,0.471475,0.000000,0.000000,0,1
1789650629.714522,5,13.874140,26.208860,3.133699,19.128000,26.252000,13.628000,26.252000,0.040257,5.028525,0.799660,3.091292,-0.032864,0.471475,0.000000,0.000000,0,1
1789650629.814537,5,13.874140,26.208860,3.133699,19.128000,26.252000,13.628000,26.252000,0.040257,5.028525,0.799660,3.091292,-0.032864,0.471475,0.000000,0.000000,0,1
1789650629.914567,5,13.874140,26.208860,3.133699,19.128000,26.252000,13.628000,26.252000,0.040257,5.028525,0.799660,3.091292,-0.032864,0.471475,0.000000,0.000000,0,1
1789650630.014578,5,13.874140,26.208860,3.133699,19.128000,26.252000,13.628000,26.252000,0.040257,5.028525,0.799660,3.091292,-0.032864,0.471475,0.000000,0.000000,0,1
1789650630.114566,5,13.874140,26.208860,3.133699,19.128000,26.252000,13.628000,26.252000,0.040257,5.028525,0.799660,3.091292,-0.032864,0.471475,0.000000,0.000000,0,1
1789650630.214562,5,13.874140,26.208860,3.133699,19.128000,26.252000,13.628000,26.252000,0.040257,5.028525,0.799660,3.091292,-0.032864,0.471475,0.000000,0.000000,0,1
1789650630.314557,5,13.874140,26.208860,3.133699,19.128000,26.252000,13.628000,26.252000,0.040257,5.028525,0.799660,3.091292,-0.032864,0.471475,0.000000,0.000000,0,1
1789650630.414564,5,13.874140,26.208860,3.133699,19.128000,26.252000,13.628000,26.252000,0.040257,5.028525,0.799660,3.091292,-0.032864,0.471475,0.000000,0.000000,0,1
1789650630.518931,5,13.874140,26.208860,3.133699,19.128000,26.252000,13.628000,26.252000,0.040257,5.028525,0.799660,3.091292,-0.032864,0.471475,0.000000,0.000000,0,1
1789650630.614685,5,13.874140,26.208860,3.133699,19.128000,26.252000,13.628000,26.252000,0.040257,5.028525,0.799660,3.091292,-0.032864,0.471475,0.000000,0.000000,0,1
1789650630.714605,5,13.874140,26.208860,3.133699,19.128000,26.252000,13.628000,26.252000,0.040257,5.028525,0.799660,3.091292,-0.032864,0.471475,0.000000,0.000000,0,1
1789650630.814659,5,13.874140,26.208860,3.133699,19.128000,26.252000,13.628000,26.252000,0.040257,5.028525,0.799660,3.091292,-0.032864,0.471475,0.000000,0.000000,0,1
1789650630.914686,5,13.874140,26.208860,3.133699,19.128000,26.252000,13.628000,26.252000,0.040257,5.028525,0.799660,3.091292,-0.032864,0.471475,0.000000,0.000000,0,1
1789650631.014623,5,13.874140,26.208860,3.133699,19.128000,26.252000,13.628000,26.252000,0.040257,5.028525,0.799660,3.091292,-0.032864,0.471475,0.000000,0.000000,0,1
1789650631.114611,5,13.874140,26.208860,3.133699,19.128000,26.252000,13.628000,26.252000,0.040257,5.028525,0.799660,3.091292,-0.032864,0.471475,0.000000,0.000000,0,1
1789650631.214742,5,13.874140,26.208860,3.133699,19.128000,26.252000,13.628000,26.252000,0.040257,5.028525,0.799660,3.091292,-0.032864,0.471475,0.000000,0.000000,0,1
1789650631.314656,5,13.874140,26.208860,3.133699,19.128000,26.252000,13.628000,26.252000,0.040257,5.028525,0.799660,3.091292,-0.032864,0.471475,0.000000,0.000000,0,1
1789650631.414677,5,13.874140,26.208860,3.133699,19.128000,26.252000,13.628000,26.252000,0.040257,5.028525,0.799660,3.091292,-0.032864,0.471475,0.000000,0.000000,0,1
1789650631.514702,5,13.874140,26.208860,3.133699,19.128000,26.252000,13.628000,26.252000,0.040257,5.028525,0.799660,3.091292,-0.032864,0.471475,0.000000,0.000000,0,1
1789650631.614711,5,13.874140,26.208860,3.133699,19.128000,26.252000,13.628000,26.252000,0.040257,5.028525,0.799660,3.091292,-0.032864,0.471475,0.000000,0.000000,0,1
1789650631.714705,5,13.874140,26.208860,3.133699,19.128000,26.252000,13.628000,26.252000,0.040257,5.028525,0.799660,3.091292,-0.032864,0.471475,0.000000,0.000000,0,1
1789650631.814672,5,13.874140,26.208860,3.133699,19.128000,26.252000,13.628000,26.252000,0.040257,5.028525,0.799660,3.091292,-0.032864,0.471475,0.000000,0.000000,0,1
1789650631.914659,5,13.874140,26.208860,3.133699,19.128000,26.252000,13.628000,26.252000,0.040257,5.028525,0.799660,3.091292,-0.032864,0.471475,0.000000,0.000000,0,1
1789650632.014657,5,13.874140,26.208860,3.133699,19.128000,26.252000,13.628000,26.252000,0.040257,5.028525,0.799660,3.091292,-0.032864,0.471475,0.000000,0.000000,0,1
1789650632.114743,5,13.874140,26.208860,3.133699,19.128000,26.252000,13.628000,26.252000,0.040257,5.028525,0.799660,3.091292,-0.032864,0.471475,0.000000,0.000000,0,1
1789650632.214813,5,13.874140,26.208860,3.133699,19.128000,26.252000,13.628000,26.252000,0.040257,5.028525,0.799660,3.091292,-0.032864,0.471475,0.000000,0.000000,0,1
1789650632.314785,5,13.874140,26.208860,3.133699,19.128000,26.252000,13.628000,26.252000,0.040257,5.028525,0.799660,3.091292,-0.032864,0.471475,0.000000,0.000000,0,1
1789650632.414802,5,13.874140,26.208860,3.133699,19.128000,26.252000,13.628000,26.252000,0.040257,5.028525,0.799660,3.091292,-0.032864,0.471475,0.000000,0.000000,0,1
1789650632.514745,5,13.874140,26.208860,3.133699,19.128000,26.252000,13.628000,26.252000,0.040257,5.028525,0.799660,3.091292,-0.032864,0.471475,0.000000,0.000000,0,1
1789650632.615231,5,13.874140,26.208860,3.133699,19.128000,26.252000,13.628000,26.252000,0.040257,5.028525,0.799660,3.091292,-0.032864,0.471475,0.000000,0.000000,0,1
1789650632.714771,5,13.874140,26.208860,3.133699,19.128000,26.252000,13.628000,26.252000,0.040257,5.028525,0.799660,3.091292,-0.032864,0.471475,0.000000,0.000000,0,1
1789650632.814742,5,13.874140,26.208860,3.133699,19.128000,26.252000,13.628000,26.252000,0.040257,5.028525,0.799660,3.091292,-0.032864,0.471475,0.000000,0.000000,0,1
1789650632.914801,5,13.874140,26.208860,3.133699,19.128000,26.252000,13.628000,26.252000,0.040257,5.028525,0.799660,3.091292,-0.032864,0.471475,0.000000,0.000000,0,1
1789650633.014734,5,13.874140,26.208860,3.133699,19.128000,26.252000,13.628000,26.252000,0.040257,5.028525,0.799660,3.091292,-0.032864,0.471475,0.000000,0.000000,0,1
1789650633.114748,5,13.874140,26.208860,3.133699,19.128000,26.252000,13.628000,26.252000,0.040257,5.028525,0.799660,3.091292,-0.032864,0.471475,0.000000,0.000000,0,1
1789650633.214816,5,13.874140,26.208860,3.133699,19.128000,26.252000,13.628000,26.252000,0.040257,5.028525,0.799660,3.091292,-0.032864,0.471475,0.000000,0.000000,0,1
1789650633.314793,5,13.874140,26.208860,3.133699,19.128000,26.252000,13.628000,26.252000,0.040257,5.028525,0.799660,3.091292,-0.032864,0.471475,0.000000,0.000000,0,1
1789650633.414815,5,13.874140,26.208860,3.133699,19.128000,26.252000,13.628000,26.252000,0.040257,5.028525,0.799660,3.091292,-0.032864,0.471475,0.000000,0.000000,0,1
1789650633.514816,5,13.874140,26.208860,3.133699,19.128000,26.252000,13.628000,26.252000,0.040257,5.028525,0.799660,3.091292,-0.032864,0.471475,0.000000,0.000000,0,1
1789650633.614790,5,13.874140,26.208860,3.133699,19.128000,26.252000,13.628000,26.252000,0.040257,5.028525,0.799660,3.091292,-0.032864,0.471475,0.000000,0.000000,0,1
1789650633.714766,5,13.874140,26.208860,3.133699,19.128000,26.252000,13.628000,26.252000,0.040257,5.028525,0.799660,3.091292,-0.032864,0.471475,0.000000,0.000000,0,1
1789650633.814759,5,13.874140,26.208860,3.133699,19.128000,26.252000,13.628000,26.252000,0.040257,5.028525,0.799660,3.091292,-0.032864,0.471475,0.000000,0.000000,0,1
1789650633.914882,5,13.874140,26.208860,3.133699,19.128000,26.252000,13.628000,26.252000,0.040257,5.028525,0.799660,3.091292,-0.032864,0.471475,0.000000,0.000000,0,1
1789650634.014828,5,13.874140,26.208860,3.133699,19.128000,26.252000,13.628000,26.252000,0.040257,5.028525,0.799660,3.091292,-0.032864,0.471475,0.000000,0.000000,0,1
1789650634.114848,5,13.874140,26.208860,3.133699,19.128000,26.252000,13.628000,26.252000,0.040257,5.028525,0.799660,3.091292,-0.032864,0.471475,0.000000,0.000000,0,1
1789650634.214901,5,13.874140,26.208860,3.133699,19.128000,26.252000,13.628000,26.252000,0.040257,5.028525,0.799660,3.091292,-0.032864,0.471475,0.000000,0.000000,0,1
1789650634.314832,5,13.874140,26.208860,3.133699,19.128000,26.252000,13.628000,26.252000,0.040257,5.028525,0.799660,3.091292,-0.032864,0.471475,0.000000,0.000000,0,1
1789650634.414865,5,13.874140,26.208860,3.133699,19.128000,26.252000,13.628000,26.252000,0.040257,5.028525,0.799660,3.091292,-0.032864,0.471475,0.000000,0.000000,0,1
1789650634.514921,5,13.874140,26.208860,3.133699,19.128000,26.252000,13.628000,26.252000,0.040257,5.028525,0.799660,3.091292,-0.032864,0.471475,0.000000,0.000000,0,1
1789650634.614898,5,13.874140,26.208860,3.133699,19.128000,26.252000,13.628000,26.252000,0.040257,5.028525,0.799660,3.091292,-0.032864,0.471475,0.000000,0.000000,0,1
1789650634.714864,5,13.874140,26.208860,3.133699,19.128000,26.252000,13.628000,26.252000,0.040257,5.028525,0.799660,3.091292,-0.032864,0.471475,0.000000,0.000000,0,1
1789650634.814929,5,13.874140,26.208860,3.133699,19.128000,26.252000,13.628000,26.252000,0.040257,5.028525,0.799660,3.091292,-0.032864,0.471475,0.000000,0.000000,0,1
1789650634.914902,5,13.874140,26.208860,3.133699,19.128000,26.252000,13.628000,26.252000,0.040257,5.028525,0.799660,3.091292,-0.032864,0.471475,0.000000,0.000000,0,1
1789650635.014906,5,13.874140,26.208860,3.133699,19.128000,26.252000,13.628000,26.252000,0.040257,5.028525,0.799660,3.091292,-0.032864,0.471475,0.000000,0.000000,0,1
1789650635.115667,5,13.874140,26.208860,3.133699,19.128000,26.252000,13.628000,26.252000,0.040257,5.028525,0.799660,3.091292,-0.032864,0.471475,0.000000,0.000000,0,1
1789650635.214907,5,13.874140,26.208860,3.133699,19.128000,26.252000,13.628000,26.252000,0.040257,5.028525,0.799660,3.091292,-0.032864,0.471475,0.000000,0.000000,0,1
1789650635.314931,5,13.874140,26.208860,3.133699,19.128000,26.252000,13.628000,26.252000,0.040257,5.028525,0.799660,3.091292,-0.032864,0.471475,0.000000,0.000000,0,1
1789650635.414954,5,13.874140,26.208860,3.133699,19.128000,26.252000,13.628000,26.252000,0.040257,5.028525,0.799660,3.091292,-0.032864,0.471475,0.000000,0.000000,0,1
1789650635.514978,5,13.874140,26.208860,3.133699,19.128000,26.252000,13.628000,26.252000,0.040257,5.028525,0.799660,3.091292,-0.032864,0.471475,0.000000,0.000000,0,1
1789650635.614956,5,13.874140,26.208860,3.133699,19.128000,26.252000,13.628000,26.252000,0.040257,5.028525,0.799660,3.091292,-0.032864,0.471475,0.000000,0.000000,0,1
1789650635.714958,5,13.874140,26.208860,3.133699,19.128000,26.252000,13.628000,26.252000,0.040257,5.028525,0.799660,3.091292,-0.032864,0.471475,0.000000,0.000000,0,1
1789650635.814951,5,13.874140,26.208860,3.133699,19.128000,26.252000,13.628000,26.252000,0.040257,5.028525,0.799660,3.091292,-0.032864,0.471475,0.000000,0.000000,0,1
1789650635.914968,5,13.874140,26.208860,3.133699,19.128000,26.252000,13.628000,26.252000,0.040257,5.028525,0.799660,3.091292,-0.032864,0.471475,0.000000,0.000000,0,1
1789650636.014931,5,13.874140,26.208860,3.133699,19.128000,26.252000,13.628000,26.252000,0.040257,5.028525,0.799660,3.091292,-0.032864,0.471475,0.000000,0.000000,0,1
1789650636.115063,5,13.874140,26.208860,3.133699,19.128000,26.252000,13.628000,26.252000,0.040257,5.028525,0.799660,3.091292,-0.032864,0.471475,0.000000,0.000000,0,1
1789650636.214983,5,13.874140,26.208860,3.133699,19.128000,26.252000,13.628000,26.252000,0.040257,5.028525,0.799660,3.091292,-0.032864,0.471475,0.000000,0.000000,0,1
1789650636.314978,5,13.874140,26.208860,3.133699,19.128000,26.252000,13.628000,26.252000,0.040257,5.028525,0.799660,3.091292,-0.032864,0.471475,0.000000,0.000000,0,1
1789650636.415022,5,13.874140,26.208860,3.133699,19.128000,26.252000,13.628000,26.252000,0.040257,5.028525,0.799660,3.091292,-0.032864,0.471475,0.000000,0.000000,0,1
1789650636.515014,5,13.874140,26.208860,3.133699,19.128000,26.252000,13.628000,26.252000,0.040257,5.028525,0.799660,3.091292,-0.032864,0.471475,0.000000,0.000000,0,1
1789650636.617142,5,13.874140,26.208860,3.133699,19.128000,26.252000,13.628000,26.252000,0.040257,5.028525,0.799660,3.091292,-0.032864,0.471475,0.000000,0.000000,0,1
1789650636.715144,5,13.874140,26.208860,3.133699,19.128000,26.252000,13.628000,26.252000,0.040257,5.028525,0.799660,3.091292,-0.032864,0.471475,0.000000,0.000000,0,1
1789650636.815015,5,13.874140,26.208860,3.133699,19.128000,26.252000,13.628000,26.252000,0.040257,5.028525,0.799660,3.091292,-0.032864,0.471475,0.000000,0.000000,0,1
1789650636.915008,5,13.874140,26.208860,3.133699,19.128000,26.252000,13.628000,26.252000,0.040257,5.028525,0.799660,3.091292,-0.032864,0.471475,0.000000,0.000000,0,1
1789650637.015011,5,13.874140,26.208860,3.133699,19.128000,26.252000,13.628000,26.252000,0.040257,5.028525,0.799660,3.091292,-0.032864,0.471475,0.000000,0.000000,0,1
1789650637.115048,5,13.874140,26.208860,3.133699,19.128000,26.252000,13.628000,26.252000,0.040257,5.028525,0.799660,3.091292,-0.032864,0.471475,0.000000,0.000000,0,1
1789650637.215127,5,13.874140,26.208860,3.133699,19.128000,26.252000,13.628000,26.252000,0.040257,5.028525,0.799660,3.091292,-0.032864,0.471475,0.000000,0.000000,0,1
1789650637.315045,5,13.874140,26.208860,3.133699,19.128000,26.252000,13.628000,26.252000,0.040257,5.028525,0.799660,3.091292,-0.032864,0.471475,0.000000,0.000000,0,1
1789650637.415067,5,13.874140,26.208860,3.133699,19.128000,26.252000,13.628000,26.252000,0.040257,5.028525,0.799660,3.091292,-0.032864,0.471475,0.000000,0.000000,0,1
1789650637.515109,5,13.874140,26.208860,3.133699,19.128000,26.252000,13.628000,26.252000,0.040257,5.028525,0.799660,3.091292,-0.032864,0.471475,0.000000,0.000000,0,1
1789650637.615107,5,13.874140,26.208860,3.133699,19.128000,26.252000,13.628000,26.252000,0.040257,5.028525,0.799660,3.091292,-0.032864,0.471475,0.000000,0.000000,0,1
1789650637.715137,5,13.874140,26.208860,3.133699,19.128000,26.252000,13.628000,26.252000,0.040257,5.028525,0.799660,3.091292,-0.032864,0.471475,0.000000,0.000000,0,1
1789650637.815062,5,13.874140,26.208860,3.133699,19.128000,26.252000,13.628000,26.252000,0.040257,5.028525,0.799660,3.091292,-0.032864,0.471475,0.000000,0.000000,0,1
1789650637.915090,5,13.874140,26.208860,3.133699,19.128000,26.252000,13.628000,26.252000,0.040257,5.028525,0.799660,3.091292,-0.032864,0.471475,0.000000,0.000000,0,1
1789650638.015139,5,13.874140,26.208860,3.133699,19.128000,26.252000,13.628000,26.252000,0.040257,5.028525,0.799660,3.091292,-0.032864,0.471475,0.000000,0.000000,0,1
1789650638.115083,5,13.874140,26.208860,3.133699,19.128000,26.252000,13.628000,26.252000,0.040257,5.028525,0.799660,3.091292,-0.032864,0.471475,0.000000,0.000000,0,1
1789650638.215270,5,13.874140,26.208860,3.133699,19.128000,26.252000,13.628000,26.252000,0.040257,5.028525,0.799660,3.091292,-0.032864,0.471475,0.000000,0.000000,0,1
1789650638.315272,5,13.874140,26.208860,3.133699,19.128000,26.252000,13.628000,26.252000,0.040257,5.028525,0.799660,3.091292,-0.032864,0.471475,0.000000,0.000000,0,1
1789650638.415170,5,13.874140,26.208860,3.133699,19.128000,26.252000,13.628000,26.252000,0.040257,5.028525,0.799660,3.091292,-0.032864,0.471475,0.000000,0.000000,0,1
1789650638.515111,5,13.874140,26.208860,3.133699,19.128000,26.252000,13.628000,26.252000,0.040257,5.028525,0.799660,3.091292,-0.032864,0.471475,0.000000,0.000000,0,1
1789650638.615178,5,13.874140,26.208860,3.133699,19.128000,26.252000,13.628000,26.252000,0.040257,5.028525,0.799660,3.091292,-0.032864,0.471475,0.000000,0.000000,0,1
1789650638.715142,5,13.874140,26.208860,3.133699,19.128000,26.252000,13.628000,26.252000,0.040257,5.028525,0.799660,3.091292,-0.032864,0.471475,0.000000,0.000000,0,1
1789650638.817428,5,13.874140,26.208860,3.133699,19.128000,26.252000,13.628000,26.252000,0.040257,5.028525,0.799660,3.091292,-0.032864,0.471475,0.000000,0.000000,0,1
1789650638.915128,5,13.874140,26.208860,3.133699,19.128000,26.252000,13.628000,26.252000,0.040257,5.028525,0.799660,3.091292,-0.032864,0.471475,0.000000,0.000000,0,1
1789650639.015160,5,13.874140,26.208860,3.133699,19.128000,26.252000,13.628000,26.252000,0.040257,5.028525,0.799660,3.091292,-0.032864,0.471475,0.000000,0.000000,0,1
1789650639.115151,5,13.874140,26.208860,3.133699,19.128000,26.252000,13.628000,26.252000,0.040257,5.028525,0.799660,3.091292,-0.032864,0.471475,0.000000,0.000000,0,1
1789650639.215207,5,13.874140,26.208860,3.133699,19.128000,26.252000,13.628000,26.252000,0.040257,5.028525,0.799660,3.091292,-0.032864,0.471475,0.000000,0.000000,0,1
1789650639.315169,5,13.874140,26.208860,3.133699,19.128000,26.252000,13.628000,26.252000,0.040257,5.028525,0.799660,3.091292,-0.032864,0.471475,0.000000,0.000000,0,1
1789650639.415174,5,13.874140,26.208860,3.133699,19.128000,26.252000,13.628000,26.252000,0.040257,5.028525,0.799660,3.091292,-0.032864,0.471475,0.000000,0.000000,0,1
1789650639.515248,5,13.874140,26.208860,3.133699,19.128000,26.252000,13.628000,26.252000,0.040257,5.028525,0.799660,3.091292,-0.032864,0.471475,0.000000,0.000000,0,1
1789650639.615211,5,13.874140,26.208860,3.133699,19.128000,26.252000,13.628000,26.252000,0.040257,5.028525,0.799660,3.091292,-0.032864,0.471475,0.000000,0.000000,0,1
1789650639.715235,5,13.874140,26.208860,3.133699,19.128000,26.252000,13.628000,26.252000,0.040257,5.028525,0.799660,3.091292,-0.032864,0.471475,0.000000,0.000000,0,1
1789650639.815250,5,13.874140,26.208860,3.133699,19.128000,26.252000,13.628000,26.252000,0.040257,5.028525,0.799660,3.091292,-0.032864,0.471475,0.000000,0.000000,0,1
1789650639.915247,5,13.874140,26.208860,3.133699,19.128000,26.252000,13.628000,26.252000,0.040257,5.028525,0.799660,3.091292,-0.032864,0.471475,0.000000,0.000000,0,1
1789650640.015271,5,13.874140,26.208860,3.133699,19.128000,26.252000,13.628000,26.252000,0.040257,5.028525,0.799660,3.091292,-0.032864,0.471475,0.000000,0.000000,0,1
1789650640.115226,5,13.874140,26.208860,3.133699,19.128000,26.252000,13.628000,26.252000,0.040257,5.028525,0.799660,3.091292,-0.032864,0.471475,0.000000,0.000000,0,1
1789650640.216203,5,13.874140,26.208860,3.133699,19.128000,26.252000,13.628000,26.252000,0.040257,5.028525,0.799660,3.091292,-0.032864,0.471475,0.000000,0.000000,0,1
1789650640.316987,5,13.874140,26.208860,3.133699,19.128000,26.252000,13.628000,26.252000,0.040257,5.028525,0.799660,3.091292,-0.032864,0.471475,0.000000,0.000000,0,1
1789650640.415264,5,13.874140,26.208860,3.133699,19.128000,26.252000,13.628000,26.252000,0.040257,5.028525,0.799660,3.091292,-0.032864,0.471475,0.000000,0.000000,0,1
1789650640.515265,5,13.874140,26.208860,3.133699,19.128000,26.252000,13.628000,26.252000,0.040257,5.028525,0.799660,3.091292,-0.032864,0.471475,0.000000,0.000000,0,1
1789650640.615637,5,13.874140,26.208860,3.133699,19.128000,26.252000,13.628000,26.252000,0.040257,5.028525,0.799660,3.091292,-0.032864,0.471475,0.000000,0.000000,0,1
1789650640.715269,5,13.874140,26.208860,3.133699,19.128000,26.252000,13.628000,26.252000,0.040257,5.028525,0.799660,3.091292,-0.032864,0.471475,0.000000,0.000000,0,1
1789650640.815313,5,13.874140,26.208860,3.133699,19.128000,26.252000,13.628000,26.252000,0.040257,5.028525,0.799660,3.091292,-0.032864,0.471475,0.000000,0.000000,0,1
1789650640.915293,5,13.874140,26.208860,3.133699,19.128000,26.252000,13.628000,26.252000,0.040257,5.028525,0.799660,3.091292,-0.032864,0.471475,0.000000,0.000000,0,1
1789650641.015295,5,13.874140,26.208860,3.133699,19.128000,26.252000,13.628000,26.252000,0.040257,5.028525,0.799660,3.091292,-0.032864,0.471475,0.000000,0.000000,0,1
1789650641.115274,5,13.874140,26.208860,3.133699,19.128000,26.252000,13.628000,26.252000,0.040257,5.028525,0.799660,3.091292,-0.032864,0.471475,0.000000,0.000000,0,1
1789650641.215339,5,13.874140,26.208860,3.133699,19.128000,26.252000,13.628000,26.252000,0.040257,5.028525,0.799660,3.091292,-0.032864,0.471475,0.000000,0.000000,0,1
1789650641.315308,5,13.874140,26.208860,3.133699,19.128000,26.252000,13.628000,26.252000,0.040257,5.028525,0.799660,3.091292,-0.032864,0.471475,0.000000,0.000000,0,1
1789650641.415365,5,13.874140,26.208860,3.133699,19.128000,26.252000,13.628000,26.252000,0.040257,5.028525,0.799660,3.091292,-0.032864,0.471475,0.000000,0.000000,0,1
1789650641.515313,5,13.874140,26.208860,3.133699,19.128000,26.252000,13.628000,26.252000,0.040257,5.028525,0.799660,3.091292,-0.032864,0.471475,0.000000,0.000000,0,1
1789650641.615350,5,13.874140,26.208860,3.133699,19.128000,26.252000,13.628000,26.252000,0.040257,5.028525,0.799660,3.091292,-0.032864,0.471475,0.000000,0.000000,0,1
1789650641.715343,5,13.874140,26.208860,3.133699,19.128000,26.252000,13.628000,26.252000,0.040257,5.028525,0.799660,3.091292,-0.032864,0.471475,0.000000,0.000000,0,1
1789650641.815336,5,13.874140,26.208860,3.133699,19.128000,26.252000,13.628000,26.252000,0.040257,5.028525,0.799660,3.091292,-0.032864,0.471475,0.000000,0.000000,0,1
1789650641.916108,5,13.874140,26.208860,3.133699,19.128000,26.252000,13.628000,26.252000,0.040257,5.028525,0.799660,3.091292,-0.032864,0.471475,0.000000,0.000000,0,1
1789650642.015369,5,13.874140,26.208860,3.133699,19.128000,26.252000,13.628000,26.252000,0.040257,5.028525,0.799660,3.091292,-0.032864,0.471475,0.000000,0.000000,0,1
1789650642.115363,5,13.874140,26.208860,3.133699,19.128000,26.252000,13.628000,26.252000,0.040257,5.028525,0.799660,3.091292,-0.032864,0.471475,0.000000,0.000000,0,1
1789650642.215422,5,13.874140,26.208860,3.133699,19.128000,26.252000,13.628000,26.252000,0.040257,5.028525,0.799660,3.091292,-0.032864,0.471475,0.000000,0.000000,0,1
1789650642.315412,5,13.874140,26.208860,3.133699,19.128000,26.252000,13.628000,26.252000,0.040257,5.028525,0.799660,3.091292,-0.032864,0.471475,0.000000,0.000000,0,1
1789650642.416861,5,13.874140,26.208860,3.133699,19.128000,26.252000,13.628000,26.252000,0.040257,5.028525,0.799660,3.091292,-0.032864,0.471475,0.000000,0.000000,0,1
1789650642.515407,5,13.874140,26.208860,3.133699,19.128000,26.252000,13.628000,26.252000,0.040257,5.028525,0.799660,3.091292,-0.032864,0.471475,0.000000,0.000000,0,1
1789650642.615408,5,13.874140,26.208860,3.133699,19.128000,26.252000,13.628000,26.252000,0.040257,5.028525,0.799660,3.091292,-0.032864,0.471475,0.000000,0.000000,0,1
1789650642.717538,5,13.874140,26.208860,3.133699,19.128000,26.252000,13.628000,26.252000,0.040257,5.028525,0.799660,3.091292,-0.032864,0.471475,0.000000,0.000000,0,1
1789650642.815430,5,13.874140,26.208860,3.133699,19.128000,26.252000,13.628000,26.252000,0.040257,5.028525,0.799660,3.091292,-0.032864,0.471475,0.000000,0.000000,0,1
1789650642.915431,5,13.874140,26.208860,3.133699,19.128000,26.252000,13.628000,26.252000,0.040257,5.028525,0.799660,3.091292,-0.032864,0.471475,0.000000,0.000000,0,1
1789650643.024955,5,13.874140,26.208860,3.133699,19.128000,26.252000,13.628000,26.252000,0.040257,5.028525,0.799660,3.091292,-0.032864,0.471475,0.000000,0.000000,0,1
1789650643.115464,5,13.874140,26.208860,3.133699,19.128000,26.252000,13.628000,26.252000,0.040257,5.028525,0.799660,3.091292,-0.032864,0.471475,0.000000,0.000000,0,1
1789650643.215442,5,13.874140,26.208860,3.133699,19.128000,26.252000,13.628000,26.252000,0.040257,5.028525,0.799660,3.091292,-0.032864,0.471475,0.000000,0.000000,0,1
1789650643.315512,5,13.874140,26.208860,3.133699,19.128000,26.252000,13.628000,26.252000,0.040257,5.028525,0.799660,3.091292,-0.032864,0.471475,0.000000,0.000000,0,1
1789650643.415448,5,13.874140,26.208860,3.133699,19.128000,26.252000,13.628000,26.252000,0.040257,5.028525,0.799660,3.091292,-0.032864,0.471475,0.000000,0.000000,0,1
1789650643.515453,5,13.874140,26.208860,3.133699,19.128000,26.252000,13.628000,26.252000,0.040257,5.028525,0.799660,3.091292,-0.032864,0.471475,0.000000,0.000000,0,1
1789650643.615525,5,13.874140,26.208860,3.133699,19.128000,26.252000,13.628000,26.252000,0.040257,5.028525,0.799660,3.091292,-0.032864,0.471475,0.000000,0.000000,0,1
1789650643.715474,5,13.874140,26.208860,3.133699,19.128000,26.252000,13.628000,26.252000,0.040257,5.028525,0.799660,3.091292,-0.032864,0.471475,0.000000,0.000000,0,1
1789650643.815528,5,13.874140,26.208860,3.133699,19.128000,26.252000,13.628000,26.252000,0.040257,5.028525,0.799660,3.091292,-0.032864,0.471475,0.000000,0.000000,0,1
1789650643.915472,5,13.874140,26.208860,3.133699,19.128000,26.252000,13.628000,26.252000,0.040257,5.028525,0.799660,3.091292,-0.032864,0.471475,0.000000,0.000000,0,1
1789650644.017834,5,13.874140,26.208860,3.133699,19.128000,26.252000,13.628000,26.252000,0.040257,5.028525,0.799660,3.091292,-0.032864,0.471475,0.000000,0.000000,0,1
1789650644.115519,5,13.874140,26.208860,3.133699,19.128000,26.252000,13.628000,26.252000,0.040257,5.028525,0.799660,3.091292,-0.032864,0.471475,0.000000,0.000000,0,1
1789650644.215587,5,13.874140,26.208860,3.133699,19.128000,26.252000,13.628000,26.252000,0.040257,5.028525,0.799660,3.091292,-0.032864,0.471475,0.000000,0.000000,0,1
1789650644.315550,5,13.874140,26.208860,3.133699,19.128000,26.252000,13.628000,26.252000,0.040257,5.028525,0.799660,3.091292,-0.032864,0.471475,0.000000,0.000000,0,1
1789650644.415522,5,13.874140,26.208860,3.133699,19.128000,26.252000,13.628000,26.252000,0.040257,5.028525,0.799660,3.091292,-0.032864,0.471475,0.000000,0.000000,0,1
1789650644.515531,5,13.874140,26.208860,3.133699,19.128000,26.252000,13.628000,26.252000,0.040257,5.028525,0.799660,3.091292,-0.032864,0.471475,0.000000,0.000000,0,1
1789650644.615520,5,13.874140,26.208860,3.133699,19.128000,26.252000,13.628000,26.252000,0.040257,5.028525,0.799660,3.091292,-0.032864,0.471475,0.000000,0.000000,0,1
1789650644.715532,5,13.874140,26.208860,3.133699,19.128000,26.252000,13.628000,26.252000,0.040257,5.028525,0.799660,3.091292,-0.032864,0.471475,0.000000,0.000000,0,1
1789650644.815582,5,13.874140,26.208860,3.133699,19.128000,26.252000,13.628000,26.252000,0.040257,5.028525,0.799660,3.091292,-0.032864,0.471475,0.000000,0.000000,0,1
1789650644.915595,5,13.874140,26.208860,3.133699,19.128000,26.252000,13.628000,26.252000,0.040257,5.028525,0.799660,3.091292,-0.032864,0.471475,0.000000,0.000000,0,1
1789650645.015600,5,13.874140,26.208860,3.133699,19.128000,26.252000,13.628000,26.252000,0.040257,5.028525,0.799660,3.091292,-0.032864,0.471475,0.000000,0.000000,0,1
1789650645.115566,5,13.874140,26.208860,3.133699,19.128000,26.252000,13.628000,26.252000,0.040257,5.028525,0.799660,3.091292,-0.032864,0.471475,0.000000,0.000000,0,1
1789650645.215591,5,13.874140,26.208860,3.133699,19.128000,26.252000,13.628000,26.252000,0.040257,5.028525,0.799660,3.091292,-0.032864,0.471475,0.000000,0.000000,0,1
1789650645.315789,5,13.874140,26.208860,3.133699,19.128000,26.252000,13.628000,26.252000,0.040257,5.028525,0.799660,3.091292,-0.032864,0.471475,0.000000,0.000000,0,1
1789650645.415584,5,13.874140,26.208860,3.133699,19.128000,26.252000,13.628000,26.252000,0.040257,5.028525,0.799660,3.091292,-0.032864,0.471475,0.000000,0.000000,0,1
1789650645.515629,5,13.874140,26.208860,3.133699,19.128000,26.252000,13.628000,26.252000,0.040257,5.028525,0.799660,3.091292,-0.032864,0.471475,0.000000,0.000000,0,1
1789650645.615679,5,13.874140,26.208860,3.133699,19.128000,26.252000,13.628000,26.252000,0.040257,5.028525,0.799660,3.091292,-0.032864,0.471475,0.000000,0.000000,0,1
1789650645.715593,5,13.874140,26.208860,3.133699,19.128000,26.252000,13.628000,26.252000,0.040257,5.028525,0.799660,3.091292,-0.032864,0.471475,0.000000,0.000000,0,1
1789650645.815609,5,13.874140,26.208860,3.133699,19.128000,26.252000,13.628000,26.252000,0.040257,5.028525,0.799660,3.091292,-0.032864,0.471475,0.000000,0.000000,0,1
1789650645.915621,5,13.874140,26.208860,3.133699,19.128000,26.252000,13.628000,26.252000,0.040257,5.028525,0.799660,3.091292,-0.032864,0.471475,0.000000,0.000000,0,1
1789650646.015667,5,13.874140,26.208860,3.133699,19.128000,26.252000,13.628000,26.252000,0.040257,5.028525,0.799660,3.091292,-0.032864,0.471475,0.000000,0.000000,0,1
1789650646.115658,5,13.874140,26.208860,3.133699,19.128000,26.252000,13.628000,26.252000,0.040257,5.028525,0.799660,3.091292,-0.032864,0.471475,0.000000,0.000000,0,1
1789650646.215630,5,13.874140,26.208860,3.133699,19.128000,26.252000,13.628000,26.252000,0.040257,5.028525,0.799660,3.091292,-0.032864,0.471475,0.000000,0.000000,0,1
1789650646.315710,5,13.874140,26.208860,3.133699,19.128000,26.252000,13.628000,26.252000,0.040257,5.028525,0.799660,3.091292,-0.032864,0.471475,0.000000,0.000000,0,1
1789650646.415679,5,13.874140,26.208860,3.133699,19.128000,26.252000,13.628000,26.252000,0.040257,5.028525,0.799660,3.091292,-0.032864,0.471475,0.000000,0.000000,0,1
1789650646.515684,5,13.874140,26.208860,3.133699,19.128000,26.252000,13.628000,26.252000,0.040257,5.028525,0.799660,3.091292,-0.032864,0.471475,0.000000,0.000000,0,1
1789650646.615677,5,13.874140,26.208860,3.133699,19.128000,26.252000,13.628000,26.252000,0.040257,5.028525,0.799660,3.091292,-0.032864,0.471475,0.000000,0.000000,0,1
1789650646.716221,5,13.874140,26.208860,3.133699,19.128000,26.252000,13.628000,26.252000,0.040257,5.028525,0.799660,3.091292,-0.032864,0.471475,0.000000,0.000000,0,1
1789650646.815688,5,13.874140,26.208860,3.133699,19.128000,26.252000,13.628000,26.252000,0.040257,5.028525,0.799660,3.091292,-0.032864,0.471475,0.000000,0.000000,0,1
1789650646.915688,5,13.874140,26.208860,3.133699,19.128000,26.252000,13.628000,26.252000,0.040257,5.028525,0.799660,3.091292,-0.032864,0.471475,0.000000,0.000000,0,1
1789650647.015707,5,13.874140,26.208860,3.133699,19.128000,26.252000,13.628000,26.252000,0.040257,5.028525,0.799660,3.091292,-0.032864,0.471475,0.000000,0.000000,0,1
1789650647.115686,5,13.874140,26.208860,3.133699,19.128000,26.252000,13.628000,26.252000,0.040257,5.028525,0.799660,3.091292,-0.032864,0.471475,0.000000,0.000000,0,1
1789650647.215698,5,13.874140,26.208860,3.133699,19.128000,26.252000,13.628000,26.252000,0.040257,5.028525,0.799660,3.091292,-0.032864,0.471475,0.000000,0.000000,0,1
1789650647.315701,5,13.874140,26.208860,3.133699,19.128000,26.252000,13.628000,26.252000,0.040257,5.028525,0.799660,3.091292,-0.032864,0.471475,0.000000,0.000000,0,1
1789650647.415635,5,13.874140,26.208860,3.133699,19.128000,26.252000,13.628000,26.252000,0.040257,5.028525,0.799660,3.091292,-0.032864,0.471475,0.000000,0.000000,0,1
1789650647.515625,5,13.874140,26.208860,3.133699,19.128000,26.252000,13.628000,26.252000,0.040257,5.028525,0.799660,3.091292,-0.032864,0.471475,0.000000,0.000000,0,1
1789650647.615738,5,13.874140,26.208860,3.133699,19.128000,26.252000,13.628000,26.252000,0.040257,5.028525,0.799660,3.091292,-0.032864,0.471475,0.000000,0.000000,0,1
1789650647.715785,5,13.874140,26.208860,3.133699,19.128000,26.252000,13.628000,26.252000,0.040257,5.028525,0.799660,3.091292,-0.032864,0.471475,0.000000,0.000000,0,1
1789650647.815726,5,13.874140,26.208860,3.133699,19.128000,26.252000,13.628000,26.252000,0.040257,5.028525,0.799660,3.091292,-0.032864,0.471475,0.000000,0.000000,0,1
1789650647.915742,5,13.874140,26.208860,3.133699,19.128000,26.252000,13.628000,26.252000,0.040257,5.028525,0.799660,3.091292,-0.032864,0.471475,0.000000,0.000000,0,1
1789650648.015734,5,13.874140,26.208860,3.133699,19.128000,26.252000,13.628000,26.252000,0.040257,5.028525,0.799660,3.091292,-0.032864,0.471475,0.000000,0.000000,0,1
1789650648.115751,5,13.874140,26.208860,3.133699,19.128000,26.252000,13.628000,26.252000,0.040257,5.028525,0.799660,3.091292,-0.032864,0.471475,0.000000,0.000000,0,1
1789650648.215801,5,13.874140,26.208860,3.133699,19.128000,26.252000,13.628000,26.252000,0.040257,5.028525,0.799660,3.091292,-0.032864,0.471475,0.000000,0.000000,0,1
1789650648.315785,5,13.874140,26.208860,3.133699,19.128000,26.252000,13.628000,26.252000,0.040257,5.028525,0.799660,3.091292,-0.032864,0.471475,0.000000,0.000000,0,1
1789650648.418148,5,13.874140,26.208860,3.133699,19.128000,26.252000,13.628000,26.252000,0.040257,5.028525,0.799660,3.091292,-0.032864,0.471475,0.000000,0.000000,0,1
1789650648.515745,5,13.874140,26.208860,3.133699,19.128000,26.252000,13.628000,26.252000,0.040257,5.028525,0.799660,3.091292,-0.032864,0.471475,0.000000,0.000000,0,1
1789650648.615749,5,13.874140,26.208860,3.133699,19.128000,26.252000,13.628000,26.252000,0.040257,5.028525,0.799660,3.091292,-0.032864,0.471475,0.000000,0.000000,0,1
1789650648.715896,5,13.874140,26.208860,3.133699,19.128000,26.252000,13.628000,26.252000,0.040257,5.028525,0.799660,3.091292,-0.032864,0.471475,0.000000,0.000000,0,1
1789650648.815802,5,13.874140,26.208860,3.133699,19.128000,26.252000,13.628000,26.252000,0.040257,5.028525,0.799660,3.091292,-0.032864,0.471475,0.000000,0.000000,0,1
1789650648.916168,5,13.874140,26.208860,3.133699,19.128000,26.252000,13.628000,26.252000,0.040257,5.028525,0.799660,3.091292,-0.032864,0.471475,0.000000,0.000000,0,1
1789650649.016803,5,13.874140,26.208860,3.133699,19.128000,26.252000,13.628000,26.252000,0.040257,5.028525,0.799660,3.091292,-0.032864,0.471475,0.000000,0.000000,0,1
1789650649.115820,5,13.874140,26.208860,3.133699,19.128000,26.252000,13.628000,26.252000,0.040257,5.028525,0.799660,3.091292,-0.032864,0.471475,0.000000,0.000000,0,1
1789650649.216292,5,13.874140,26.208860,3.133699,19.128000,26.252000,13.628000,26.252000,0.040257,5.028525,0.799660,3.091292,-0.032864,0.471475,0.000000,0.000000,0,1
1789650649.315849,5,13.874140,26.208860,3.133699,19.128000,26.252000,13.628000,26.252000,0.040257,5.028525,0.799660,3.091292,-0.032864,0.471475,0.000000,0.000000,0,1
1789650649.416312,5,13.874140,26.208860,3.133699,19.128000,26.252000,13.628000,26.252000,0.040257,5.028525,0.799660,3.091292,-0.032864,0.471475,0.000000,0.000000,0,1
1789650649.515816,5,13.874140,26.208860,3.133699,19.128000,26.252000,13.628000,26.252000,0.040257,5.028525,0.799660,3.091292,-0.032864,0.471475,0.000000,0.000000,0,1
1789650649.615832,5,13.874140,26.208860,3.133699,19.128000,26.252000,13.628000,26.252000,0.040257,5.028525,0.799660,3.091292,-0.032864,0.471475,0.000000,0.000000,0,1
1789650649.715856,5,13.874140,26.208860,3.133699,19.128000,26.252000,13.628000,26.252000,0.040257,5.028525,0.799660,3.091292,-0.032864,0.471475,0.000000,0.000000,0,1
1789650649.816188,5,13.874140,26.208860,3.133699,19.128000,26.252000,13.628000,26.252000,0.040257,5.028525,0.799660,3.091292,-0.032864,0.471475,0.000000,0.000000,0,1
1789650649.915836,5,13.874140,26.208860,3.133699,19.128000,26.252000,13.628000,26.252000,0.040257,5.028525,0.799660,3.091292,-0.032864,0.471475,0.000000,0.000000,0,1
1789650650.018466,5,13.874140,26.208860,3.133699,19.128000,26.252000,13.628000,26.252000,0.040257,5.028525,0.799660,3.091292,-0.032864,0.471475,0.000000,0.000000,0,1
1789650650.118099,5,13.874140,26.208860,3.133699,19.128000,26.252000,13.628000,26.252000,0.040257,5.028525,0.799660,3.091292,-0.032864,0.471475,0.000000,0.000000,0,1
1789650650.217323,5,13.874140,26.208860,3.133699,19.128000,26.252000,13.628000,26.252000,0.040257,5.028525,0.799660,3.091292,-0.032864,0.471475,0.000000,0.000000,0,1
1789650650.315907,5,13.874140,26.208860,3.133699,19.128000,26.252000,13.628000,26.252000,0.040257,5.028525,0.799660,3.091292,-0.032864,0.471475,0.000000,0.000000,0,1
1789650650.415861,5,13.874140,26.208860,3.133699,19.128000,26.252000,13.628000,26.252000,0.040257,5.028525,0.799660,3.091292,-0.032864,0.471475,0.000000,0.000000,0,1
1789650650.515863,5,13.874140,26.208860,3.133699,19.128000,26.252000,13.628000,26.252000,0.040257,5.028525,0.799660,3.091292,-0.032864,0.471475,0.000000,0.000000,0,1
1789650650.615882,5,13.874140,26.208860,3.133699,19.128000,26.252000,13.628000,26.252000,0.040257,5.028525,0.799660,3.091292,-0.032864,0.471475,0.000000,0.000000,0,1
1789650650.715881,5,13.874140,26.208860,3.133699,19.128000,26.252000,13.628000,26.252000,0.040257,5.028525,0.799660,3.091292,-0.032864,0.471475,0.000000,0.000000,0,1
1789650650.816829,5,13.874140,26.208860,3.133699,19.128000,26.252000,13.628000,26.252000,0.040257,5.028525,0.799660,3.091292,-0.032864,0.471475,0.000000,0.000000,0,1
1789650650.916024,5,13.874140,26.208860,3.133699,19.128000,26.252000,13.628000,26.252000,0.040257,5.028525,0.799660,3.091292,-0.032864,0.471475,0.000000,0.000000,0,1
1789650651.016875,5,13.874140,26.208860,3.133699,19.128000,26.252000,13.628000,26.252000,0.040257,5.028525,0.799660,3.091292,-0.032864,0.471475,0.000000,0.000000,0,1
1789650651.115992,5,13.874140,26.208860,3.133699,19.128000,26.252000,13.628000,26.252000,0.040257,5.028525,0.799660,3.091292,-0.032864,0.471475,0.000000,0.000000,0,1
1789650651.216139,5,13.874140,26.208860,3.133699,19.128000,26.252000,13.628000,26.252000,0.040257,5.028525,0.799660,3.091292,-0.032864,0.471475,0.000000,0.000000,0,1
1789650651.315953,5,13.874140,26.208860,3.133699,19.128000,26.252000,13.628000,26.252000,0.040257,5.028525,0.799660,3.091292,-0.032864,0.471475,0.000000,0.000000,0,1
1789650651.415943,5,13.874140,26.208860,3.133699,19.128000,26.252000,13.628000,26.252000,0.040257,5.028525,0.799660,3.091292,-0.032864,0.471475,0.000000,0.000000,0,1
1789650651.515927,5,13.874140,26.208860,3.133699,19.128000,26.252000,13.628000,26.252000,0.040257,5.028525,0.799660,3.091292,-0.032864,0.471475,0.000000,0.000000,0,1
1789650651.616957,5,13.874140,26.208860,3.133699,19.128000,26.252000,13.628000,26.252000,0.040257,5.028525,0.799660,3.091292,-0.032864,0.471475,0.000000,0.000000,0,1
1789650651.716007,5,13.874140,26.208860,3.133699,19.128000,26.252000,13.628000,26.252000,0.040257,5.028525,0.799660,3.091292,-0.032864,0.471475,0.000000,0.000000,0,1
1789650651.815942,5,13.874140,26.208860,3.133699,19.128000,26.252000,13.628000,26.252000,0.040257,5.028525,0.799660,3.091292,-0.032864,0.471475,0.000000,0.000000,0,1
1789650651.916014,5,13.874140,26.208860,3.133699,19.128000,26.252000,13.628000,26.252000,0.040257,5.028525,0.799660,3.091292,-0.032864,0.471475,0.000000,0.000000,0,1
1789650652.016040,5,13.874140,26.208860,3.133699,19.128000,26.252000,13.628000,26.252000,0.040257,5.028525,0.799660,3.091292,-0.032864,0.471475,0.000000,0.000000,0,1
1789650652.118366,5,13.874140,26.208860,3.133699,19.128000,26.252000,13.628000,26.252000,0.040257,5.028525,0.799660,3.091292,-0.032864,0.471475,0.000000,0.000000,0,1
1789650652.216031,5,13.874140,26.208860,3.133699,19.128000,26.252000,13.628000,26.252000,0.040257,5.028525,0.799660,3.091292,-0.032864,0.471475,0.000000,0.000000,0,1
1789650652.316993,5,13.874140,26.208860,3.133699,19.128000,26.252000,13.628000,26.252000,0.040257,5.028525,0.799660,3.091292,-0.032864,0.471475,0.000000,0.000000,0,1
1789650652.416024,5,13.874140,26.208860,3.133699,19.128000,26.252000,13.628000,26.252000,0.040257,5.028525,0.799660,3.091292,-0.032864,0.471475,0.000000,0.000000,0,1
1789650652.515999,5,13.874140,26.208860,3.133699,19.128000,26.252000,13.628000,26.252000,0.040257,5.028525,0.799660,3.091292,-0.032864,0.471475,0.000000,0.000000,0,1
1789650652.616385,1,13.874140,26.208860,3.133699,13.874140,26.208860,13.628000,26.252000,-0.000000,0.000000,0.800000,2.968090,-0.165609,0.249892,0.365075,-0.019455,0,0
1789650652.716474,1,13.874140,26.208860,3.133699,13.628000,26.252000,13.728000,24.702000,0.242852,0.058897,0.787867,-1.805368,1.344118,1.494325,0.300000,0.144436,0,0
1789650652.816042,1,13.874140,26.208860,3.133699,13.628000,26.252000,13.728000,24.702000,0.242852,0.058897,0.787867,-1.805368,1.344118,1.494325,0.300000,0.275549,0,0
1789650652.916062,1,13.874140,26.208860,3.133699,13.628000,26.252000,13.728000,24.702000,0.242852,0.058897,0.787867,-1.805368,1.344118,1.494325,0.300000,0.380439,0,0
1789650653.021499,1,13.874140,26.208860,3.133699,13.628000,26.252000,13.728000,24.702000,0.242852,0.058897,0.787867,-1.805368,1.344118,1.494325,0.300000,0.464351,0,0
1789650653.116301,1,13.874140,26.208860,3.133699,13.628000,26.252000,13.728000,24.702000,0.242852,0.058897,0.787867,-1.805368,1.344118,1.494325,0.300000,0.531481,0,0
1789650653.217150,1,13.874140,26.208860,3.133699,13.628000,26.252000,13.728000,24.702000,0.242852,0.058897,0.787867,-1.805368,1.344118,1.494325,0.300000,0.585185,0,0
1789650653.316108,1,13.874140,26.208860,3.133699,13.628000,26.252000,13.728000,24.702000,0.242852,0.058897,0.787867,-1.805368,1.344118,1.494325,0.300000,0.628148,0,0
1789650653.416130,1,13.874140,26.208860,3.133699,13.628000,26.252000,13.728000,24.702000,0.242852,0.058897,0.787867,-1.805368,1.344118,1.494325,0.300000,0.662518,0,0
1789650653.516109,1,13.874140,26.208860,3.133699,13.628000,26.252000,13.728000,24.702000,0.242852,0.058897,0.787867,-1.805368,1.344118,1.494325,0.300000,0.690015,0,0
1789650653.616181,1,13.874140,26.208860,3.133699,13.628000,26.252000,13.728000,24.702000,0.242852,0.058897,0.787867,-1.805368,1.344118,1.494325,0.300000,0.712012,0,0
1789650653.716154,1,13.874140,26.208860,3.133699,13.628000,26.252000,13.728000,24.702000,0.242852,0.058897,0.787867,-1.805368,1.344118,1.494325,0.300000,0.729609,0,0
1789650653.816095,1,13.874140,26.208860,3.133699,13.628000,26.252000,13.728000,24.702000,0.242852,0.058897,0.787867,-1.805368,1.344118,1.494325,0.300000,0.743688,0,0
1789650653.916116,1,13.874140,26.208860,3.133699,13.628000,26.252000,13.728000,24.702000,0.242852,0.058897,0.787867,-1.805368,1.344118,1.494325,0.300000,0.754950,0,0
1789650654.016161,1,13.874140,26.208860,3.133699,13.628000,26.252000,13.728000,24.702000,0.242852,0.058897,0.787867,-1.805368,1.344118,1.494325,0.300000,0.761422,0,0
1789650654.116228,1,13.874140,26.208860,3.133699,13.628000,26.252000,13.728000,24.702000,0.242852,0.058897,0.787867,-1.805368,1.344118,1.494325,0.300000,0.761990,0,0
1789650654.216196,1,13.874140,26.208860,3.133699,13.628000,26.252000,13.728000,24.702000,0.242852,0.058897,0.787867,-1.805368,1.344118,1.494325,0.300000,0.758756,0,0
1789650654.316192,1,13.874140,26.208860,3.133699,13.628000,26.252000,13.728000,24.702000,0.242852,0.058897,0.787867,-1.805368,1.344118,1.494325,0.300000,0.753218,0,0
1789650654.416161,1,13.874140,26.208860,3.133699,13.628000,26.252000,13.728000,24.702000,0.242852,0.058897,0.787867,-1.805368,1.344118,1.494325,0.300000,0.746428,0,0
1789650654.516159,1,13.874140,26.208860,3.133699,13.628000,26.252000,13.728000,24.702000,0.242852,0.058897,0.787867,-1.805368,1.344118,1.494325,0.300000,0.739107,0,0
1789650654.616242,1,13.758930,26.206085,-3.084995,13.628000,26.252000,13.728000,24.702000,0.127702,0.054249,0.796595,-1.665327,1.419668,1.498973,0.300000,0.751286,0,0
1789650654.716197,1,13.758930,26.206085,-3.084995,13.628000,26.252000,13.728000,24.702000,0.127702,0.054249,0.796595,-1.665327,1.419668,1.498973,0.300000,0.761029,0,0
1789650654.816205,1,13.758930,26.206085,-3.084995,13.628000,26.252000,13.728000,24.702000,0.127702,0.054249,0.796595,-1.665327,1.419668,1.498973,0.300000,0.768190,0,0
1789650654.916204,1,13.758930,26.206085,-3.084995,13.628000,26.252000,13.728000,24.702000,0.127702,0.054249,0.796595,-1.665327,1.419668,1.498973,0.300000,0.770440,0,0
1789650655.016171,1,13.692070,26.194661,-2.953576,13.628000,26.252000,13.728000,24.702000,0.060245,0.061345,0.799239,-1.581605,1.371970,1.491878,0.300000,0.751327,0,0
1789650655.116234,1,13.692070,26.194661,-2.953576,13.628000,26.252000,13.728000,24.702000,0.060245,0.061345,0.799239,-1.581605,1.371970,1.491878,0.300000,0.736481,0,0
1789650655.216262,1,13.692070,26.194661,-2.953576,13.628000,26.252000,13.728000,24.702000,0.060245,0.061345,0.799239,-1.581605,1.371970,1.491878,0.300000,0.724960,0,0
1789650655.316275,1,13.639414,26.176652,-2.824987,13.628000,26.252000,13.728000,24.702000,0.006539,0.075927,0.799991,-1.514543,1.310444,1.477296,0.300000,0.692650,0,0
1789650655.416250,1,13.639414,26.176652,-2.824987,13.628000,26.252000,13.728000,24.702000,0.006539,0.075927,0.799991,-1.514543,1.310444,1.477296,0.300000,0.670474,0,0
1789650655.516109,1,13.573988,26.150132,-2.673818,13.628000,26.252000,13.728000,24.702000,-0.060458,0.098180,0.799233,-1.430868,1.242949,1.455043,0.300000,0.629999,0,0
1789650655.616260,1,13.573988,26.150132,-2.673818,13.628000,26.252000,13.728000,24.702000,-0.060458,0.098180,0.799233,-1.430868,1.242949,1.455043,0.300000,0.603755,0,0
1789650655.716301,1,13.573988,26.150132,-2.673818,13.628000,26.252000,13.728000,24.702000,-0.060458,0.098180,0.799233,-1.430868,1.242949,1.455043,0.300000,0.587667,0,0
1789650655.816250,1,13.538321,26.122396,-2.558518,13.628000,26.252000,13.728000,24.702000,-0.097837,0.123561,0.797997,-1.384375,1.174144,1.429661,0.300000,0.552570,0,0
1789650655.916461,1,13.538321,26.122396,-2.558518,13.628000,26.252000,13.728000,24.702000,-0.097837,0.123561,0.797997,-1.384375,1.174144,1.429661,0.300000,0.531488,0,0
1789650656.016769,1,13.499632,26.090075,-2.431392,13.628000,26.252000,13.728000,24.702000,-0.138527,0.153324,0.795997,-1.334066,1.097326,1.399898,0.300000,0.491011,0,0
1789650656.116284,1,13.499632,26.090075,-2.431392,13.628000,26.252000,13.728000,24.702000,-0.138527,0.153324,0.795997,-1.334066,1.097326,1.399898,0.300000,0.467412,0,0
1789650656.216466,1,13.460852,26.047704,-2.300733,13.628000,26.252000,13.728000,24.702000,-0.179955,0.193111,0.793276,-1.283295,1.017438,1.360112,0.300000,0.425237,0,0
1789650656.316299,1,13.460852,26.047704,-2.300733,13.628000,26.252000,13.728000,24.702000,-0.179955,0.193111,0.793276,-1.283295,1.017438,1.360112,0.300000,0.401585,0,0
1789650656.416307,1,13.426984,25.999553,-2.182631,13.628000,26.252000,13.728000,24.702000,-0.216852,0.238981,0.790286,-1.238564,0.944067,1.314242,0.300000,0.362855,0,0
1789650656.516564,1,13.426984,25.999553,-2.182631,13.628000,26.252000,13.728000,24.702000,-0.216852,0.238981,0.790286,-1.238564,0.944067,1.314242,0.300000,0.342436,0,0
1789650656.616313,1,13.389868,25.947733,-2.078934,13.628000,26.252000,13.728000,24.702000,-0.257227,0.288304,0.786422,-1.190252,0.888681,1.264918,0.300000,0.313469,0,0
1789650656.717230,1,13.389868,25.947733,-2.078934,13.628000,26.252000,13.728000,24.702000,-0.257227,0.288304,0.786422,-1.190252,0.888681,1.264918,0.300000,0.300165,0,0
1789650656.816696,1,13.389868,25.947733,-2.078934,13.628000,26.252000,13.728000,24.702000,-0.257227,0.288304,0.786422,-1.190252,0.888681,1.264918,0.300000,0.297417,0,0
1789650656.916305,1,13.344699,25.862452,-1.952080,13.628000,26.252000,13.728000,24.702000,-0.307793,0.370500,0.780751,-1.130850,0.821230,1.182722,0.300000,0.275899,0,0
1789650657.016359,1,13.344699,25.862452,-1.952080,13.628000,26.252000,13.728000,24.702000,-0.307793,0.370500,0.780751,-1.130850,0.821230,1.182722,0.300000,0.267516,0,0
1789650657.116345,1,13.344699,25.862452,-1.952080,13.628000,26.252000,13.728000,24.702000,-0.307793,0.370500,0.780751,-1.130850,0.821230,1.182722,0.300000,0.267875,0,0
1789650657.216332,1,13.344699,25.862452,-1.952080,13.628000,26.252000,13.728000,24.702000,-0.307793,0.370500,0.780751,-1.130850,0.821230,1.182722,0.300000,0.273815,0,0
1789650657.316368,1,13.304333,25.742446,-1.828892,13.628000,26.252000,13.728000,24.702000,-0.355802,0.487658,0.774559,-1.075759,0.753133,1.065564,0.300000,0.257218,0,0
1789650657.416399,1,13.304333,25.742446,-1.828892,13.628000,26.252000,13.728000,24.702000,-0.355802,0.487658,0.774559,-1.075759,0.753133,1.065564,0.300000,0.251369,0,0
1789650657.516415,1,13.304333,25.742446,-1.828892,13.628000,26.252000,13.728000,24.702000,-0.355802,0.487658,0.774559,-1.075759,0.753133,1.065564,0.300000,0.252634,0,0
1789650657.616335,1,13.285296,25.625217,-1.719257,13.628000,26.252000,13.728000,24.702000,-0.382346,0.603418,0.770819,-1.045906,0.673351,0.949804,0.300000,0.228070,0,0
1789650657.716353,1,13.285296,25.625217,-1.719257,13.628000,26.252000,13.728000,24.702000,-0.382346,0.603418,0.770819,-1.045906,0.673351,0.949804,0.300000,0.216693,0,0
1789650657.816436,1,13.285296,25.625217,-1.719257,13.628000,26.252000,13.728000,24.702000,-0.382346,0.603418,0.770819,-1.045906,0.673351,0.949804,0.300000,0.214211,0,0
1789650657.916682,1,13.285296,25.625217,-1.719257,13.628000,26.252000,13.728000,24.702000,-0.382346,0.603418,0.770819,-1.045906,0.673351,0.949804,0.300000,0.217521,0,0
1789650658.016396,1,13.273252,25.500348,-1.613007,13.628000,26.252000,13.728000,24.702000,-0.402405,0.727253,0.767851,-1.023655,0.589353,0.825969,0.300000,0.192423,0,0
1789650658.116444,1,13.273252,25.500348,-1.613007,13.628000,26.252000,13.728000,24.702000,-0.402405,0.727253,0.767851,-1.023655,0.589353,0.825969,0.300000,0.180451,0,0
1789650658.216463,1,13.273252,25.500348,-1.613007,13.628000,26.252000,13.728000,24.702000,-0.402405,0.727253,0.767851,-1.023655,0.589353,0.825969,0.300000,0.177357,0,0
1789650658.316432,1,13.273252,25.500348,-1.613007,13.628000,26.252000,13.728000,24.702000,-0.402405,0.727253,0.767851,-1.023655,0.589353,0.825969,0.300000,0.180070,0,0
1789650658.416494,1,13.273252,25.500348,-1.613007,13.628000,26.252000,13.728000,24.702000,-0.402405,0.727253,0.767851,-1.023655,0.589353,0.825969,0.300000,0.186391,0,0
1789650658.516493,1,13.268261,25.378955,-1.533525,13.628000,26.252000,13.728000,24.702000,-0.415201,0.848072,0.765897,-1.009603,0.523922,0.705150,0.300000,0.169909,0,0
1789650658.617297,1,13.268261,25.378955,-1.533525,13.628000,26.252000,13.728000,24.702000,-0.415201,0.848072,0.765897,-1.009603,0.523922,0.705150,0.300000,0.163043,0,0
1789650658.717349,1,13.268261,25.378955,-1.533525,13.628000,26.252000,13.728000,24.702000,-0.415201,0.848072,0.765897,-1.009603,0.523922,0.705150,0.300000,0.162605,0,0
1789650658.816649,2,13.273754,25.252040,-1.460881,13.628000,26.252000,13.728000,24.702000,-0.417890,0.975078,0.765480,-1.006665,0.454217,0.578145,0.300000,0.139638,0,0
1789650658.916504,2,13.273754,25.252040,-1.460881,13.728000,24.702000,19.128000,24.452000,0.528444,-0.479197,0.746733,-0.662122,0.798759,5.884981,0.300000,0.259309,0,0
1789650659.016489,2,13.273754,25.252040,-1.460881,13.728000,24.702000,19.128000,24.452000,0.528444,-0.479197,0.746733,-0.662122,0.798759,5.884981,0.300000,0.341501,0,0
1789650659.116514,2,13.273754,25.252040,-1.460881,13.728000,24.702000,19.128000,24.452000,0.528444,-0.479197,0.746733,-0.662122,0.798759,5.884981,0.300000,0.396420,0,0
1789650659.216674,2,13.273754,25.252040,-1.460881,13.728000,24.702000,19.128000,24.452000,0.528444,-0.479197,0.746733,-0.662122,0.798759,5.884981,0.300000,0.431686,0,0
1789650659.316488,2,13.284655,25.125370,-1.387341,13.728000,24.702000,19.128000,24.452000,0.402414,-0.462450,0.767850,-0.528988,0.858354,5.868234,0.300000,0.475643,0,0
1789650659.416519,2,13.284655,25.125370,-1.387341,13.728000,24.702000,19.128000,24.452000,0.402414,-0.462450,0.767850,-0.528988,0.858354,5.868234,0.300000,0.501917,0,0
1789650659.516521,2,13.284655,25.125370,-1.387341,13.728000,24.702000,19.128000,24.452000,0.402414,-0.462450,0.767850,-0.528988,0.858354,5.868234,0.300000,0.515822,0,0
1789650659.617044,2,13.284655,25.125370,-1.387341,13.728000,24.702000,19.128000,24.452000,0.402414,-0.462450,0.767850,-0.528988,0.858354,5.868234,0.300000,0.521256,0,0
1789650659.716632,2,13.313488,25.005774,-1.294313,13.728000,24.702000,19.128000,24.452000,0.284279,-0.428117,0.783500,-0.394324,0.899989,5.833901,0.300000,0.536927,0,0
1789650659.816542,2,13.313488,25.005774,-1.294313,13.728000,24.702000,19.128000,24.452000,0.284279,-0.428117,0.783500,-0.394324,0.899989,5.833901,0.300000,0.543479,0,0
1789650659.916553,2,13.346417,24.921678,-1.152928,13.728000,24.702000,19.128000,24.452000,0.201796,-0.391334,0.791569,-0.295879,0.857049,5.797118,0.300000,0.527617,0,0
1789650660.016567,2,13.346417,24.921678,-1.152928,13.728000,24.702000,19.128000,24.452000,0.201796,-0.391334,0.791569,-0.295879,0.857049,5.797118,0.300000,0.513502,0,0
1789650660.116579,2,13.381129,24.863712,-1.029278,13.728000,24.702000,19.128000,24.452000,0.145498,-0.353979,0.795587,-0.227145,0.802132,5.759763,0.300000,0.480203,0,0
1789650660.216561,2,13.381129,24.863712,-1.029278,13.728000,24.702000,19.128000,24.452000,0.145498,-0.353979,0.795587,-0.227145,0.802132,5.759763,0.300000,0.455726,0,0
1789650660.316569,2,13.417310,24.806003,-0.909073,13.728000,24.702000,19.128000,24.452000,0.089523,-0.315167,0.798322,-0.157936,0.751138,5.720951,0.300000,0.418499,0,0
1789650660.416559,2,13.417310,24.806003,-0.909073,13.728000,24.702000,19.128000,24.452000,0.089523,-0.315167,0.798322,-0.157936,0.751138,5.720951,0.300000,0.392956,0,0
1789650660.516534,2,13.455810,24.754824,-0.796546,13.728000,24.702000,19.128000,24.452000,0.040179,-0.274342,0.799661,-0.096466,0.700080,5.680126,0.300000,0.356509,0,0
1789650660.616554,2,13.455810,24.754824,-0.796546,13.728000,24.702000,19.128000,24.452000,0.040179,-0.274342,0.799661,-0.096466,0.700080,5.680126,0.300000,0.332924,0,0
1789650660.716644,2,13.455810,24.754824,-0.796546,13.728000,24.702000,19.128000,24.452000,0.040179,-0.274342,0.799661,-0.096466,0.700080,5.680126,0.300000,0.318514,0,0
1789650660.816604,2,13.524442,24.689015,-0.660814,13.728000,24.702000,19.128000,24.452000,-0.022385,-0.202740,0.799895,-0.018286,0.642528,5.608524,0.300000,0.288682,0,0
1789650660.918547,2,13.524442,24.689015,-0.660814,13.728000,24.702000,19.128000,24.452000,-0.022385,-0.202740,0.799895,-0.018286,0.642528,5.608524,0.300000,0.270893,0,0
1789650661.016662,2,13.524442,24.689015,-0.660814,13.728000,24.702000,19.128000,24.452000,-0.022385,-0.202740,0.799895,-0.018286,0.642528,5.608524,0.300000,0.261523,0,0
1789650661.116658,2,13.603571,24.634532,-0.553060,13.728000,24.702000,19.128000,24.452000,-0.073150,-0.121176,0.798878,0.045048,0.598108,5.526960,0.300000,0.241036,0,0
1789650661.216679,2,13.603571,24.634532,-0.553060,13.728000,24.702000,19.128000,24.452000,-0.073150,-0.121176,0.798878,0.045048,0.598108,5.526960,0.300000,0.230244,0,0
1789650661.316818,2,13.603571,24.634532,-0.553060,13.728000,24.702000,19.128000,24.452000,-0.073150,-0.121176,0.798878,0.045048,0.598108,5.526960,0.300000,0.226090,0,0
1789650661.416657,2,13.603571,24.634532,-0.553060,13.728000,24.702000,19.128000,24.452000,-0.073150,-0.121176,0.798878,0.045048,0.598108,5.526960,0.300000,0.226350,0,0
1789650661.516574,2,13.710757,24.574075,-0.446620,13.728000,24.702000,19.128000,24.452000,-0.128585,-0.011309,0.796548,0.113784,0.560404,5.417093,0.300000,0.215090,0,0
1789650661.616916,2,13.710757,24.574075,-0.446620,13.728000,24.702000,19.128000,24.452000,-0.128585,-0.011309,0.796548,0.113784,0.560404,5.417093,0.300000,0.210488,0,0
1789650661.716714,2,13.710757,24.574075,-0.446620,13.728000,24.702000,19.128000,24.452000,-0.128585,-0.011309,0.796548,0.113784,0.560404,5.417093,0.300000,0.210331,0,0
1789650661.816764,2,13.710757,24.574075,-0.446620,13.728000,24.702000,19.128000,24.452000,-0.128585,-0.011309,0.796548,0.113784,0.560404,5.417093,0.300000,0.213025,0,0
1789650661.917009,2,13.819619,24.525354,-0.361652,13.728000,24.702000,19.128000,24.452000,-0.172220,0.099690,0.793836,0.167372,0.529025,5.306094,0.300000,0.205534,0,0
1789650662.016733,2,13.819619,24.525354,-0.361652,13.728000,24.702000,19.128000,24.452000,-0.172220,0.099690,0.793836,0.167372,0.529025,5.306094,0.300000,0.203099,0,0
1789650662.116735,2,13.819619,24.525354,-0.361652,13.728000,24.702000,19.128000,24.452000,-0.172220,0.099690,0.793836,0.167372,0.529025,5.306094,0.300000,0.203997,0,0
1789650662.216676,2,13.819619,24.525354,-0.361652,13.728000,24.702000,19.128000,24.452000,-0.172220,0.099690,0.793836,0.167372,0.529025,5.306094,0.300000,0.206993,0,0
1789650662.316659,2,13.938031,24.483132,-0.284086,13.728000,24.702000,19.128000,24.452000,-0.208921,0.219928,0.790973,0.211971,0.496057,5.185856,0.300000,0.198682,0,0
1789650662.416726,2,13.938031,24.483132,-0.284086,13.728000,24.702000,19.128000,24.452000,-0.208921,0.219928,0.790973,0.211971,0.496057,5.185856,0.300000,0.195337,0,0
1789650662.516915,2,13.938031,24.483132,-0.284086,13.728000,24.702000,19.128000,24.452000,-0.208921,0.219928,0.790973,0.211971,0.496057,5.185856,0.300000,0.195303,0,0
1789650662.616765,2,13.938031,24.483132,-0.284086,13.728000,24.702000,19.128000,24.452000,-0.208921,0.219928,0.790973,0.211971,0.496057,5.185856,0.300000,0.197391,0,0
1789650662.716742,2,14.058013,24.450594,-0.202838,13.728000,24.702000,19.128000,24.452000,-0.235875,0.341287,0.788541,0.244394,0.447232,5.064497,0.300000,0.182195,0,0
1789650662.816758,2,14.058013,24.450594,-0.202838,13.728000,24.702000,19.128000,24.452000,-0.235875,0.341287,0.788541,0.244394,0.447232,5.064497,0.300000,0.174127,0,0
1789650662.916759,2,14.058013,24.450594,-0.202838,13.728000,24.702000,19.128000,24.452000,-0.235875,0.341287,0.788541,0.244394,0.447232,5.064497,0.300000,0.170943,0,0
1789650663.016761,2,14.058013,24.450594,-0.202838,13.728000,24.702000,19.128000,24.452000,-0.235875,0.341287,0.788541,0.244394,0.447232,5.064497,0.300000,0.171012,0,0
1789650663.116757,2,14.182758,24.427524,-0.133976,13.728000,24.702000,19.128000,24.452000,-0.253151,0.466965,0.786839,0.265010,0.398986,4.938819,0.300000,0.154826,0,0
1789650663.216793,2,14.182758,24.427524,-0.133976,13.728000,24.702000,19.128000,24.452000,-0.253151,0.466965,0.786839,0.265010,0.398986,4.938819,0.300000,0.146254,0,0
1789650663.316770,2,14.182758,24.427524,-0.133976,13.728000,24.702000,19.128000,24.452000,-0.253151,0.466965,0.786839,0.265010,0.398986,4.938819,0.300000,0.142897,0,0
1789650663.416888,2,14.182758,24.427524,-0.133976,13.728000,24.702000,19.128000,24.452000,-0.253151,0.466965,0.786839,0.265010,0.398986,4.938819,0.300000,0.143012,0,0
1789650663.516827,2,14.299259,24.415540,-0.058398,13.728000,24.702000,19.128000,24.452000,-0.259734,0.583896,0.786162,0.272829,0.331227,4.821888,0.300000,0.119587,0,0
1789650663.616837,2,14.299259,24.415540,-0.058398,13.728000,24.702000,19.128000,24.452000,-0.259734,0.583896,0.786162,0.272829,0.331227,4.821888,0.300000,0.106436,0,0
1789650663.716889,2,14.299259,24.415540,-0.058398,13.728000,24.702000,19.128000,24.452000,-0.259734,0.583896,0.786162,0.272829,0.331227,4.821888,0.300000,0.100387,0,0
1789650663.816878,2,14.299259,24.415540,-0.058398,13.728000,24.702000,19.128000,24.452000,-0.259734,0.583896,0.786162,0.272829,0.331227,4.821888,0.300000,0.099124,0,0
1789650663.916843,2,14.428824,24.409455,0.006520,13.728000,24.702000,19.128000,24.452000,-0.259821,0.713603,0.786153,0.272932,0.266412,4.692181,0.300000,0.076347,0,0
1789650664.017465,2,14.428824,24.409455,0.006520,13.728000,24.702000,19.128000,24.452000,-0.259821,0.713603,0.786153,0.272932,0.266412,4.692181,0.300000,0.064044,0,0
1789650664.116869,2,14.428824,24.409455,0.006520,13.728000,24.702000,19.128000,24.452000,-0.259821,0.713603,0.786153,0.272932,0.266412,4.692181,0.300000,0.058937,0,0
1789650664.216923,2,14.428824,24.409455,0.006520,13.728000,24.702000,19.128000,24.452000,-0.259821,0.713603,0.786153,0.272932,0.266412,4.692181,0.300000,0.058639,0,0
1789650664.316890,2,14.553062,24.411706,0.043456,13.728000,24.702000,19.128000,24.452000,-0.251827,0.837605,0.786974,0.263434,0.219978,4.568179,0.310131,0.043782,0,0
1789650664.416864,2,14.553062,24.411706,0.043456,13.728000,24.702000,19.128000,24.452000,-0.251827,0.837605,0.786974,0.263434,0.219978,4.568179,0.310131,0.036922,0,0
1789650664.516904,2,14.553062,24.411706,0.043456,13.728000,24.702000,19.128000,24.452000,-0.251827,0.837605,0.786974,0.263434,0.219978,4.568179,0.310131,0.035454,0,0
1789650664.616903,2,14.553062,24.411706,0.043456,13.728000,24.702000,19.128000,24.452000,-0.251827,0.837605,0.786974,0.263434,0.219978,4.568179,0.310131,0.037496,0,0
1789650664.716866,2,14.672030,24.415693,0.051974,13.728000,24.702000,19.128000,24.452000,-0.242342,0.956260,0.787917,0.252127,0.200153,4.449524,0.329135,0.034167,0,0
1789650664.816905,2,14.672030,24.415693,0.051974,13.728000,24.702000,19.128000,24.452000,-0.242342,0.956260,0.787917,0.252127,0.200153,4.449524,0.329135,0.034673,0,0
1789650664.917532,2,14.672030,24.415693,0.051974,13.728000,24.702000,19.128000,24.452000,-0.242342,0.956260,0.787917,0.252127,0.200153,4.449524,0.329135,0.037613,0,0
1789650665.016890,2,14.672030,24.415693,0.051974,13.728000,24.702000,19.128000,24.452000,-0.242342,0.956260,0.787917,0.252127,0.200153,4.449524,0.329135,0.041993,0,0
1789650665.116890,2,14.796094,24.422481,0.064037,13.728000,24.702000,19.128000,24.452000,-0.229824,1.079878,0.789111,0.237141,0.173104,4.325906,0.356958,0.036841,0,0
1789650665.216925,2,14.796094,24.422481,0.064037,13.728000,24.702000,19.128000,24.452000,-0.229824,1.079878,0.789111,0.237141,0.173104,4.325906,0.356958,0.035532,0,0
1789650665.316902,2,14.796094,24.422481,0.064037,13.728000,24.702000,19.128000,24.452000,-0.229824,1.079878,0.789111,0.237141,0.173104,4.325906,0.356958,0.036735,0,0
1789650665.416960,2,14.796094,24.422481,0.064037,13.728000,24.702000,19.128000,24.452000,-0.229824,1.079878,0.789111,0.237141,0.173104,4.325906,0.356958,0.039498,0,0
1789650665.517096,2,14.918409,24.433164,0.070699,13.728000,24.702000,19.128000,24.452000,-0.213496,1.201568,0.790579,0.217495,0.146796,4.204216,0.386272,0.033160,0,0
1789650665.616967,2,14.918409,24.433164,0.070699,13.728000,24.702000,19.128000,24.452000,-0.213496,1.201568,0.790579,0.217495,0.146796,4.204216,0.386272,0.030714,0,0
1789650665.716933,2,14.918409,24.433164,0.070699,13.728000,24.702000,19.128000,24.452000,-0.213496,1.201568,0.790579,0.217495,0.146796,4.204216,0.386272,0.030855,0,0
1789650665.816999,2,14.918409,24.433164,0.070699,13.728000,24.702000,19.128000,24.452000,-0.213496,1.201568,0.790579,0.217495,0.146796,4.204216,0.386272,0.032648,0,0
1789650665.916933,2,15.054190,24.442325,0.084352,13.728000,24.702000,19.128000,24.452000,-0.198065,1.336780,0.791874,0.198830,0.114478,4.069004,0.425599,0.023141,0,0
1789650666.016973,2,15.054190,24.442325,0.084352,13.728000,24.702000,19.128000,24.452000,-0.198065,1.336780,0.791874,0.198830,0.114478,4.069004,0.425599,0.018421,0,0
1789650666.116965,2,15.054190,24.442325,0.084352,13.728000,24.702000,19.128000,24.452000,-0.198065,1.336780,0.791874,0.198830,0.114478,4.069004,0.425599,0.016953,0,0
1789650666.216970,2,15.159223,24.452167,0.093198,13.728000,24.702000,19.128000,24.452000,-0.183376,1.441245,0.793021,0.180980,0.087782,3.964539,0.440033,0.007480,0,0
1789650666.316991,2,15.159223,24.452167,0.093198,13.728000,24.702000,19.128000,24.452000,-0.183376,1.441245,0.793021,0.180980,0.087782,3.964539,0.440033,0.002875,0,0
1789650666.416980,2,15.159223,24.452167,0.093198,13.728000,24.702000,19.128000,24.452000,-0.183376,1.441245,0.793021,0.180980,0.087782,3.964539,0.440033,0.001567,0,0
1789650666.517226,2,15.159223,24.452167,0.093198,13.728000,24.702000,19.128000,24.452000,-0.183376,1.441245,0.793021,0.180980,0.087782,3.964539,0.440033,0.002424,0,0
1789650666.616998,2,15.277753,24.464001,0.104263,13.728000,24.702000,19.128000,24.452000,-0.166074,1.559102,0.794264,0.159859,0.055595,3.846682,0.426952,-0.007622,0,0
1789650666.717026,2,15.277753,24.464001,0.104263,13.728000,24.702000,19.128000,24.452000,-0.166074,1.559102,0.794264,0.159859,0.055595,3.846682,0.426952,-0.012634,0,0
1789650666.817046,2,15.402582,24.478154,0.109435,13.728000,24.702000,19.128000,24.452000,-0.146163,1.683143,0.795547,0.135437,0.026002,3.722641,0.413184,-0.025469,0,0
1789650666.917007,2,15.402582,24.478154,0.109435,13.728000,24.702000,19.128000,24.452000,-0.146163,1.683143,0.795547,0.135437,0.026002,3.722641,0.413184,-0.032144,0,0
1789650667.017034,2,15.402582,24.478154,0.109435,13.728000,24.702000,19.128000,24.452000,-0.146163,1.683143,0.795547,0.135437,0.026002,3.722641,0.413184,-0.034611,0,0
1789650667.117014,2,15.529205,24.492193,0.110523,13.728000,24.702000,19.128000,24.452000,-0.126282,1.808981,0.796670,0.110942,0.000419,3.596803,0.399217,-0.044007,0,0
1789650667.217080,2,15.529205,24.492193,0.110523,13.728000,24.702000,19.128000,24.452000,-0.126282,1.808981,0.796670,0.110942,0.000419,3.596803,0.399217,-0.048252,0,0
1789650667.317073,2,15.529205,24.492193,0.110523,13.728000,24.702000,19.128000,24.452000,-0.126282,1.808981,0.796670,0.110942,0.000419,3.596803,0.399217,-0.049031,0,0
1789650667.417053,2,15.661464,24.507470,0.105090,13.728000,24.702000,19.128000,24.452000,-0.104905,1.940392,0.797698,0.084497,-0.020594,3.465392,0.384632,-0.055546,0,0
1789650667.517124,2,15.661464,24.507470,0.105090,13.728000,24.702000,19.128000,24.452000,-0.104905,1.940392,0.797698,0.084497,-0.020594,3.465392,0.384632,-0.057906,0,0
1789650667.617094,2,15.661464,24.507470,0.105090,13.728000,24.702000,19.128000,24.452000,-0.104905,1.940392,0.797698,0.084497,-0.020594,3.465392,0.384632,-0.057512,0,0
1789650667.717131,2,15.788632,24.522422,0.084380,13.728000,24.702000,19.128000,24.452000,-0.084088,2.066732,0.798519,0.058655,-0.025725,3.339052,0.370609,-0.057320,0,0
1789650667.817115,2,15.788632,24.522422,0.084380,13.728000,24.702000,19.128000,24.452000,-0.084088,2.066732,0.798519,0.058655,-0.025725,3.339052,0.370609,-0.055420,0,0
1789650667.917113,2,15.788632,24.522422,0.084380,13.728000,24.702000,19.128000,24.452000,-0.084088,2.066732,0.798519,0.058655,-0.025725,3.339052,0.370609,-0.052501,0,0
1789650668.017112,2,15.912148,24.529495,0.062149,13.728000,24.702000,19.128000,24.452000,-0.071310,2.189789,0.798934,0.042758,-0.019391,3.215995,0.356950,-0.046640,0,0
1789650668.117108,2,15.912148,24.529495,0.062149,13.728000,24.702000,19.128000,24.452000,-0.071310,2.189789,0.798934,0.042758,-0.019391,3.215995,0.356950,-0.041412,0,0
1789650668.217120,2,15.912148,24.529495,0.062149,13.728000,24.702000,19.128000,24.452000,-0.071310,2.189789,0.798934,0.042758,-0.019391,3.215995,0.356950,-0.036797,0,0
1789650668.317177,2,16.025813,24.533953,0.041633,13.728000,24.702000,19.128000,24.452000,-0.061601,2.303126,0.799204,0.030662,-0.010971,3.102658,0.344371,-0.029561,0,0
1789650668.417144,2,16.025813,24.533953,0.041633,13.728000,24.702000,19.128000,24.452000,-0.061601,2.303126,0.799204,0.030662,-0.010971,3.102658,0.344371,-0.023967,0,0
1789650668.517133,2,16.025813,24.533953,0.041633,13.728000,24.702000,19.128000,24.452000,-0.061601,2.303126,0.799204,0.030662,-0.010971,3.102658,0.344371,-0.019648,0,0
1789650668.617293,2,16.137866,24.537704,0.027129,13.728000,24.702000,19.128000,24.452000,-0.052672,2.414886,0.799418,0.019529,-0.007599,2.990898,0.331966,-0.015036,0,0
1789650668.717179,2,16.137866,24.537704,0.027129,13.728000,24.702000,19.128000,24.452000,-0.052672,2.414886,0.799418,0.019529,-0.007599,2.990898,0.331966,-0.011634,0,0
1789650668.817184,2,16.137866,24.537704,0.027129,13.728000,24.702000,19.128000,24.452000,-0.052672,2.414886,0.799418,0.019529,-0.007599,2.990898,0.331966,-0.009144,0,0
1789650668.917150,2,16.247068,24.542894,0.012517,13.728000,24.702000,19.128000,24.452000,-0.042437,2.523731,0.799622,0.006759,-0.005759,2.882053,0.319886,-0.006637,0,0
1789650669.017131,2,16.247068,24.542894,0.012517,13.728000,24.702000,19.128000,24.452000,-0.042437,2.523731,0.799622,0.006759,-0.005759,2.882053,0.319886,-0.004882,0,0
1789650669.117167,2,16.247068,24.542894,0.012517,13.728000,24.702000,19.128000,24.452000,-0.042437,2.523731,0.799622,0.006759,-0.005759,2.882053,0.319886,-0.003679,0,0
1789650669.217195,2,16.351902,24.546040,0.009969,13.728000,24.702000,19.128000,24.452000,-0.034447,2.628307,0.799751,-0.003218,-0.013188,2.777477,0.308278,-0.005700,0,0
1789650669.317169,2,16.351902,24.546040,0.009969,13.728000,24.702000,19.128000,24.452000,-0.034447,2.628307,0.799751,-0.003218,-0.013188,2.777477,0.308278,-0.007029,0,0
1789650669.417183,2,16.351902,24.546040,0.009969,13.728000,24.702000,19.128000,24.452000,-0.034447,2.628307,0.799751,-0.003218,-0.013188,2.777477,0.308278,-0.007862,0,0
1789650669.517212,2,16.351902,24.546040,0.009969,13.728000,24.702000,19.128000,24.452000,-0.034447,2.628307,0.799751,-0.003218,-0.013188,2.777477,0.308278,-0.008344,0,0
1789650669.617502,2,16.488029,24.546912,0.011154,13.728000,24.702000,19.128000,24.452000,-0.027280,2.764249,0.799844,-0.012170,-0.023324,2.641535,0.300000,-0.012435,0,0
1789650669.717217,2,16.488029,24.546912,0.011154,13.728000,24.702000,19.128000,24.452000,-0.027280,2.764249,0.799844,-0.012170,-0.023324,2.641535,0.300000,-0.015023,0,0
1789650669.817204,2,16.488029,24.546912,0.011154,13.728000,24.702000,19.128000,24.452000,-0.027280,2.764249,0.799844,-0.012170,-0.023324,2.641535,0.300000,-0.016544,0,0
1789650669.917207,2,16.488029,24.546912,0.011154,13.728000,24.702000,19.128000,24.452000,-0.027280,2.764249,0.799844,-0.012170,-0.023324,2.641535,0.300000,-0.017323,0,0
1789650670.017357,2,16.612831,24.550314,0.005333,13.728000,24.702000,19.128000,24.452000,-0.018109,2.888759,0.799931,-0.023629,-0.028961,2.517025,0.300000,-0.019735,0,0
1789650670.117235,2,16.612831,24.550314,0.005333,13.728000,24.702000,19.128000,24.452000,-0.018109,2.888759,0.799931,-0.023629,-0.028961,2.517025,0.300000,-0.021068,0,0
1789650670.217258,2,16.612831,24.550314,0.005333,13.728000,24.702000,19.128000,24.452000,-0.018109,2.888759,0.799931,-0.023629,-0.028961,2.517025,0.300000,-0.021658,0,0
1789650670.319314,2,16.612831,24.550314,0.005333,13.728000,24.702000,19.128000,24.452000,-0.018109,2.888759,0.799931,-0.023629,-0.028961,2.517025,0.300000,-0.021749,0,0
1789650670.417308,2,16.731850,24.552579,-0.001596,13.728000,24.702000,19.128000,24.452000,-0.010343,3.007546,0.799978,-0.033335,-0.031739,2.398238,0.300000,-0.022587,0,0
1789650670.517410,2,16.731850,24.552579,-0.001596,13.728000,24.702000,19.128000,24.452000,-0.010343,3.007546,0.799978,-0.033335,-0.031739,2.398238,0.300000,-0.022855,0,0
1789650670.617311,2,16.731850,24.552579,-0.001596,13.728000,24.702000,19.128000,24.452000,-0.010343,3.007546,0.799978,-0.033335,-0.031739,2.398238,0.300000,-0.022748,0,0
1789650670.717303,2,16.731850,24.552579,-0.001596,13.728000,24.702000,19.128000,24.452000,-0.010343,3.007546,0.799978,-0.033335,-0.031739,2.398238,0.300000,-0.022403,0,0
1789650670.817240,2,16.851387,24.552753,-0.017868,13.728000,24.702000,19.128000,24.452000,-0.004641,3.126947,0.799995,-0.040462,-0.022594,2.278837,0.300000,-0.018445,0,0
1789650670.917304,2,16.851387,24.552753,-0.017868,13.728000,24.702000,19.128000,24.452000,-0.004641,3.126947,0.799995,-0.040462,-0.022594,2.278837,0.300000,-0.015626,0,0
1789650671.017493,2,16.851387,24.552753,-0.017868,13.728000,24.702000,19.128000,24.452000,-0.004641,3.126947,0.799995,-0.040462,-0.022594,2.278837,0.300000,-0.013648,0,0
1789650671.117326,2,16.851387,24.552753,-0.017868,13.728000,24.702000,19.128000,24.452000,-0.004641,3.126947,0.799995,-0.040462,-0.022594,2.278837,0.300000,-0.012289,0,0
1789650671.217266,2,16.968298,24.553423,-0.030265,13.728000,24.702000,19.128000,24.452000,0.001435,3.243702,0.800000,-0.048057,-0.017793,2.162082,0.300000,-0.009554,0,0
1789650671.317320,2,16.968298,24.553423,-0.030265,13.728000,24.702000,19.128000,24.452000,0.001435,3.243702,0.800000,-0.048057,-0.017793,2.162082,0.300000,-0.007777,0,0
1789650671.417265,2,16.968298,24.553423,-0.030265,13.728000,24.702000,19.128000,24.452000,0.001435,3.243702,0.800000,-0.048057,-0.017793,2.162082,0.300000,-0.006684,0,0
1789650671.517404,2,16.968298,24.553423,-0.030265,13.728000,24.702000,19.128000,24.452000,0.001435,3.243702,0.800000,-0.048057,-0.017793,2.162082,0.300000,-0.006074,0,0
1789650671.617327,2,17.084322,24.551755,-0.034201,13.728000,24.702000,19.128000,24.452000,0.005135,3.359679,0.799994,-0.052682,-0.018481,2.046105,0.300000,-0.006058,0,0
1789650671.717345,2,17.084322,24.551755,-0.034201,13.728000,24.702000,19.128000,24.452000,0.005135,3.359679,0.799994,-0.052682,-0.018481,2.046105,0.300000,-0.006174,0,0
1789650671.817408,2,17.084322,24.551755,-0.034201,13.728000,24.702000,19.128000,24.452000,0.005135,3.359679,0.799994,-0.052682,-0.018481,2.046105,0.300000,-0.006372,0,0
1789650671.917376,2,17.084322,24.551755,-0.034201,13.728000,24.702000,19.128000,24.452000,0.005135,3.359679,0.799994,-0.052682,-0.018481,2.046105,0.300000,-0.006613,0,0
1789650672.017365,2,17.205351,24.549845,-0.033522,13.728000,24.702000,19.128000,24.452000,0.008824,3.480667,0.799984,-0.057293,-0.023771,1.925117,0.300000,-0.008883,0,0
1789650672.117366,2,17.205351,24.549845,-0.033522,13.728000,24.702000,19.128000,24.452000,0.008824,3.480667,0.799984,-0.057293,-0.023771,1.925117,0.300000,-0.010456,0,0
1789650672.217365,2,17.205351,24.549845,-0.033522,13.728000,24.702000,19.128000,24.452000,0.008824,3.480667,0.799984,-0.057293,-0.023771,1.925117,0.300000,-0.011519,0,0
1789650672.317381,2,17.205351,24.549845,-0.033522,13.728000,24.702000,19.128000,24.452000,0.008824,3.480667,0.799984,-0.057293,-0.023771,1.925117,0.300000,-0.012215,0,0
1789650672.417401,2,17.327518,24.543346,-0.035914,13.728000,24.702000,19.128000,24.452000,0.007982,3.603004,0.799987,-0.056240,-0.020327,1.802780,0.300000,-0.011338,0,0
1789650672.517405,2,17.327518,24.543346,-0.035914,13.728000,24.702000,19.128000,24.452000,0.007982,3.603004,0.799987,-0.056240,-0.020327,1.802780,0.300000,-0.010730,0,0
1789650672.617409,2,17.327518,24.543346,-0.035914,13.728000,24.702000,19.128000,24.452000,0.007982,3.603004,0.799987,-0.056240,-0.020327,1.802780,0.300000,-0.010318,0,0
1789650672.717447,2,17.327518,24.543346,-0.035914,13.728000,24.702000,19.128000,24.452000,0.007982,3.603004,0.799987,-0.056240,-0.020327,1.802780,0.300000,-0.010048,0,0
1789650672.817416,2,17.444486,24.543048,-0.042346,13.728000,24.702000,19.128000,24.452000,0.013094,3.719860,0.799964,-0.062630,-0.020284,1.685924,0.300000,-0.009863,0,0
1789650672.917509,2,17.444486,24.543048,-0.042346,13.728000,24.702000,19.128000,24.452000,0.013094,3.719860,0.799964,-0.062630,-0.020284,1.685924,0.300000,-0.009757,0,0
1789650673.017496,2,17.444486,24.543048,-0.042346,13.728000,24.702000,19.128000,24.452000,0.013094,3.719860,0.799964,-0.062630,-0.020284,1.685924,0.300000,-0.009704,0,0
1789650673.117476,2,17.444486,24.543048,-0.042346,13.728000,24.702000,19.128000,24.452000,0.013094,3.719860,0.799964,-0.062630,-0.020284,1.685924,0.300000,-0.009687,0,0
1789650673.217488,2,17.561625,24.541229,-0.045501,13.728000,24.702000,19.128000,24.452000,0.016694,3.836959,0.799941,-0.067129,-0.021628,1.568825,0.300000,-0.010206,0,0
1789650673.317423,2,17.561625,24.541229,-0.045501,13.728000,24.702000,19.128000,24.452000,0.016694,3.836959,0.799941,-0.067129,-0.021628,1.568825,0.300000,-0.010562,0,0
1789650673.417506,2,17.561625,24.541229,-0.045501,13.728000,24.702000,19.128000,24.452000,0.016694,3.836959,0.799941,-0.067129,-0.021628,1.568825,0.300000,-0.010800,0,0
1789650673.517496,2,17.561625,24.541229,-0.045501,13.728000,24.702000,19.128000,24.452000,0.016694,3.836959,0.799941,-0.067129,-0.021628,1.568825,0.300000,-0.010953,0,0
1789650673.617444,2,17.684466,24.533646,-0.048836,13.728000,24.702000,19.128000,24.452000,0.014799,3.960018,0.799954,-0.064761,-0.015926,1.445766,0.300000,-0.008878,0,0
1789650673.717501,2,17.684466,24.533646,-0.048836,13.728000,24.702000,19.128000,24.452000,0.014799,3.960018,0.799954,-0.064761,-0.015926,1.445766,0.300000,-0.007514,0,0
1789650673.817489,2,17.684466,24.533646,-0.048836,13.728000,24.702000,19.128000,24.452000,0.014799,3.960018,0.799954,-0.064761,-0.015926,1.445766,0.300000,-0.006658,0,0
1789650673.917518,2,17.684466,24.533646,-0.048836,13.728000,24.702000,19.128000,24.452000,0.014799,3.960018,0.799954,-0.064761,-0.015926,1.445766,0.300000,-0.006163,0,0
1789650674.017483,2,17.804956,24.531330,-0.047064,13.728000,24.702000,19.128000,24.452000,0.018058,4.080487,0.799932,-0.068834,-0.021770,1.325297,0.300000,-0.008139,0,0
1789650674.117522,2,17.804956,24.531330,-0.047064,13.728000,24.702000,19.128000,24.452000,0.018058,4.080487,0.799932,-0.068834,-0.021770,1.325297,0.300000,-0.009514,0,0
1789650674.217651,2,17.804956,24.531330,-0.047064,13.728000,24.702000,19.128000,24.452000,0.018058,4.080487,0.799932,-0.068834,-0.021770,1.325297,0.300000,-0.010449,0,0
1789650674.317541,2,17.804956,24.531330,-0.047064,13.728000,24.702000,19.128000,24.452000,0.018058,4.080487,0.799932,-0.068834,-0.021770,1.325297,0.300000,-0.011065,0,0
1789650674.417519,2,17.929767,24.529126,-0.055822,13.728000,24.702000,19.128000,24.452000,0.021629,4.205266,0.799902,-0.073297,-0.017474,1.200518,0.300000,-0.009819,0,0
1789650674.517536,2,17.929767,24.529126,-0.055822,13.728000,24.702000,19.128000,24.452000,0.021629,4.205266,0.799902,-0.073297,-0.017474,1.200518,0.300000,-0.008978,0,0
1789650674.617524,2,17.929767,24.529126,-0.055822,13.728000,24.702000,19.128000,24.452000,0.021629,4.205266,0.799902,-0.073297,-0.017474,1.200518,0.300000,-0.008430,0,0
1789650674.717530,2,17.929767,24.529126,-0.055822,13.728000,24.702000,19.128000,24.452000,0.021629,4.205266,0.799902,-0.073297,-0.017474,1.200518,0.300000,-0.008092,0,0
1789650674.817552,2,18.048541,24.522884,-0.062388,13.728000,24.702000,19.128000,24.452000,0.020886,4.324201,0.799908,-0.072368,-0.009980,1.081583,0.300000,-0.005054,0,0
1789650674.917643,2,18.048541,24.522884,-0.062388,13.728000,24.702000,19.128000,24.452000,0.020886,4.324201,0.799908,-0.072368,-0.009980,1.081583,0.300000,-0.003107,0,0
1789650675.017565,2,18.048541,24.522884,-0.062388,13.728000,24.702000,19.128000,24.452000,0.020886,4.324201,0.799908,-0.072368,-0.009980,1.081583,0.300000,-0.001936,0,0
1789650675.117529,2,18.048541,24.522884,-0.062388,13.728000,24.702000,19.128000,24.452000,0.020886,4.324201,0.799908,-0.072368,-0.009980,1.081583,0.300000,-0.001309,0,0
1789650675.217827,2,18.167762,24.516408,-0.068410,13.728000,24.702000,19.128000,24.452000,0.019931,4.443594,0.799917,-0.071175,-0.002764,0.962190,0.300000,0.001683,0,0
1789650675.317572,2,18.167762,24.516408,-0.068410,13.728000,24.702000,19.128000,24.452000,0.019931,4.443594,0.799917,-0.071175,-0.002764,0.962190,0.300000,0.003475,0,0
1789650675.417578,2,18.167762,24.516408,-0.068410,13.728000,24.702000,19.128000,24.452000,0.019931,4.443594,0.799917,-0.071175,-0.002764,0.962190,0.300000,0.004428,0,0
1789650675.517570,2,18.167762,24.516408,-0.068410,13.728000,24.702000,19.128000,24.452000,0.019931,4.443594,0.799917,-0.071175,-0.002764,0.962190,0.300000,0.004805,0,0
1789650675.617586,2,18.290005,24.511799,-0.071394,13.728000,24.702000,19.128000,24.452000,0.020981,4.565920,0.799908,-0.072486,-0.001092,0.839864,0.300000,0.005435,0,0
1789650675.717754,2,18.290005,24.511799,-0.071394,13.728000,24.702000,19.128000,24.452000,0.020981,4.565920,0.799908,-0.072486,-0.001092,0.839864,0.300000,0.005599,0,0
1789650675.817653,2,18.290005,24.511799,-0.071394,13.728000,24.702000,19.128000,24.452000,0.020981,4.565920,0.799908,-0.072486,-0.001092,0.839864,0.300000,0.005458,0,0
1789650675.917631,2,18.290005,24.511799,-0.071394,13.728000,24.702000,19.128000,24.452000,0.020981,4.565920,0.799908,-0.072486,-0.001092,0.839864,0.300000,0.005127,0,0
1789650676.017877,2,18.410501,24.503190,-0.069184,13.728000,24.702000,19.128000,24.452000,0.017953,4.686685,0.799932,-0.068703,0.000481,0.719099,0.300000,0.005286,0,0
1789650676.117595,2,18.410501,24.503190,-0.069184,13.728000,24.702000,19.128000,24.452000,0.017953,4.686685,0.799932,-0.068703,0.000481,0.719099,0.300000,0.005185,0,0
1789650676.217630,2,18.410501,24.503190,-0.069184,13.728000,24.702000,19.128000,24.452000,0.017953,4.686685,0.799932,-0.068703,0.000481,0.719099,0.300000,0.004923,0,0
1789650676.320724,2,18.410501,24.503190,-0.069184,13.728000,24.702000,19.128000,24.452000,0.017953,4.686685,0.799932,-0.068703,0.000481,0.719099,0.300000,0.004568,0,0
1789650676.419358,2,18.528375,24.498028,-0.070332,13.728000,24.702000,19.128000,24.452000,0.018248,4.804672,0.799930,-0.069071,0.001261,0.601112,0.300000,0.004460,0,0
1789650676.517715,2,18.528375,24.498028,-0.070332,13.728000,24.702000,19.128000,24.452000,0.018248,4.804672,0.799930,-0.069071,0.001261,0.601112,0.300000,0.004238,0,0
1789650676.617700,2,18.528375,24.498028,-0.070332,13.728000,24.702000,19.128000,24.452000,0.018248,4.804672,0.799930,-0.069071,0.001261,0.601112,0.300000,0.003952,0,0
1789650676.717694,2,18.528375,24.498028,-0.070332,13.728000,24.702000,19.128000,24.452000,0.018248,4.804672,0.799930,-0.069071,0.001261,0.601112,0.300000,0.003636,0,0
1789650676.817829,3,18.648079,24.494512,-0.072255,13.728000,24.702000,19.128000,24.452000,0.020272,4.924410,0.799914,-0.071600,0.000655,0.481374,0.300000,0.003083,0,0
1789650676.917714,3,18.648079,24.494512,-0.072255,19.128000,24.452000,19.128000,20.452000,-0.479921,-0.042512,0.755330,-1.004768,-0.932512,4.042512,0.300000,-0.157534,0,0
1789650677.017767,3,18.648079,24.494512,-0.072255,19.128000,24.452000,19.128000,20.452000,-0.479921,-0.042512,0.755330,-1.004768,-0.932512,4.042512,0.300000,-0.286027,0,0
1789650677.117693,3,18.648079,24.494512,-0.072255,19.128000,24.452000,19.128000,20.452000,-0.479921,-0.042512,0.755330,-1.004768,-0.932512,4.042512,0.300000,-0.388822,0,0
1789650677.217760,3,18.766211,24.484996,-0.066536,19.128000,24.452000,19.128000,20.452000,-0.361789,-0.032996,0.773735,-1.133413,-1.066877,4.032996,0.300000,-0.471057,0,0
1789650677.317752,3,18.766211,24.484996,-0.066536,19.128000,24.452000,19.128000,20.452000,-0.361789,-0.032996,0.773735,-1.133413,-1.066877,4.032996,0.300000,-0.536846,0,0
1789650677.417763,3,18.766211,24.484996,-0.066536,19.128000,24.452000,19.128000,20.452000,-0.361789,-0.032996,0.773735,-1.133413,-1.066877,4.032996,0.300000,-0.589477,0,0
1789650677.517729,3,18.766211,24.484996,-0.066536,19.128000,24.452000,19.128000,20.452000,-0.361789,-0.032996,0.773735,-1.133413,-1.066877,4.032996,0.300000,-0.631581,0,0
1789650677.617779,3,18.887823,24.476713,-0.108017,19.128000,24.452000,19.128000,20.452000,-0.240177,-0.024713,0.788127,-1.274993,-1.166976,4.024713,0.300000,-0.665265,0,0
1789650677.717737,3,18.887823,24.476713,-0.108017,19.128000,24.452000,19.128000,20.452000,-0.240177,-0.024713,0.788127,-1.274993,-1.166976,4.024713,0.300000,-0.692212,0,0
1789650677.817791,3,18.887823,24.476713,-0.108017,19.128000,24.452000,19.128000,20.452000,-0.240177,-0.024713,0.788127,-1.274993,-1.166976,4.024713,0.300000,-0.713770,0,0
1789650677.917738,3,18.965651,24.463145,-0.241396,19.128000,24.452000,19.128000,20.452000,-0.162349,-0.011145,0.794516,-1.369234,-1.127838,4.011145,0.300000,-0.723106,0,0
1789650678.017766,3,18.965651,24.463145,-0.241396,19.128000,24.452000,19.128000,20.452000,-0.162349,-0.011145,0.794516,-1.369234,-1.127838,4.011145,0.300000,-0.722714,0,0
1789650678.117745,3,19.016566,24.449604,-0.368188,19.128000,24.452000,19.128000,20.452000,-0.111434,0.002396,0.797404,-1.431949,-1.063761,3.997604,0.300000,-0.691759,0,0
1789650678.218047,3,19.016566,24.449604,-0.368188,19.128000,24.452000,19.128000,20.452000,-0.111434,0.002396,0.797404,-1.431949,-1.063761,3.997604,0.300000,-0.665553,0,0
1789650678.317772,3,19.063133,24.428808,-0.508149,19.128000,24.452000,19.128000,20.452000,-0.064867,0.023192,0.799118,-1.489800,-0.981651,3.976808,0.300000,-0.612171,0,0
1789650678.417833,3,19.063133,24.428808,-0.508149,19.128000,24.452000,19.128000,20.452000,-0.064867,0.023192,0.799118,-1.489800,-0.981651,3.976808,0.300000,-0.573152,0,0
1789650678.517776,3,19.104690,24.404065,-0.657758,19.128000,24.452000,19.128000,20.452000,-0.023310,0.047935,0.799886,-1.541663,-0.883904,3.952065,0.300000,-0.507738,0,0
1789650678.618110,3,19.104690,24.404065,-0.657758,19.128000,24.452000,19.128000,20.452000,-0.023310,0.047935,0.799886,-1.541663,-0.883904,3.952065,0.300000,-0.463241,0,0
1789650678.717807,3,19.148554,24.367381,-0.819177,19.128000,24.452000,19.128000,20.452000,0.020554,0.084619,0.799911,-1.596485,-0.777308,3.915381,0.300000,-0.393315,0,0
1789650678.817833,3,19.148554,24.367381,-0.819177,19.128000,24.452000,19.128000,20.452000,0.020554,0.084619,0.799911,-1.596485,-0.777308,3.915381,0.300000,-0.348376,0,0
1789650678.917822,3,19.182790,24.327908,-0.948989,19.128000,24.452000,19.128000,20.452000,0.054790,0.124092,0.799370,-1.639231,-0.690242,3.875908,0.300000,-0.288138,0,0
1789650679.017820,3,19.182790,24.327908,-0.948989,19.128000,24.452000,19.128000,20.452000,0.054790,0.124092,0.799370,-1.639231,-0.690242,3.875908,0.300000,-0.251865,0,0
1789650679.117831,3,19.215135,24.277269,-1.060248,19.128000,24.452000,19.128000,20.452000,0.087135,0.174731,0.798410,-1.679502,-0.619255,3.825269,0.300000,-0.205407,0,0
1789650679.217942,3,19.215135,24.277269,-1.060248,19.128000,24.452000,19.128000,20.452000,0.087135,0.174731,0.798410,-1.679502,-0.619255,3.825269,0.300000,-0.179843,0,0
1789650679.317960,3,19.215135,24.277269,-1.060248,19.128000,24.452000,19.128000,20.452000,0.087135,0.174731,0.798410,-1.679502,-0.619255,3.825269,0.300000,-0.168674,0,0
1789650679.417958,3,19.258931,24.196253,-1.182828,19.128000,24.452000,19.128000,20.452000,0.130931,0.255747,0.796421,-1.733738,-0.550910,3.744253,0.300000,-0.141201,0,0
1789650679.517951,3,19.258931,24.196253,-1.182828,19.128000,24.452000,19.128000,20.452000,0.130931,0.255747,0.796421,-1.733738,-0.550910,3.744253,0.300000,-0.128989,0,0
1789650679.617944,3,19.258931,24.196253,-1.182828,19.128000,24.452000,19.128000,20.452000,0.130931,0.255747,0.796421,-1.733738,-0.550910,3.744253,0.300000,-0.127032,0,0
1789650679.717865,3,19.258931,24.196253,-1.182828,19.128000,24.452000,19.128000,20.452000,0.130931,0.255747,0.796421,-1.733738,-0.550910,3.744253,0.300000,-0.131716,0,0
1789650679.817943,3,19.304027,24.090368,-1.285680,19.128000,24.452000,19.128000,20.452000,0.176027,0.361632,0.793563,-1.789081,-0.503401,3.638368,0.300000,-0.122415,0,0
1789650679.918012,3,19.304027,24.090368,-1.285680,19.128000,24.452000,19.128000,20.452000,0.176027,0.361632,0.793563,-1.789081,-0.503401,3.638368,0.300000,-0.121633,0,0
1789650680.018007,3,19.304027,24.090368,-1.285680,19.128000,24.452000,19.128000,20.452000,0.176027,0.361632,0.793563,-1.789081,-0.503401,3.638368,0.300000,-0.126335,0,0
1789650680.117878,3,19.304027,24.090368,-1.285680,19.128000,24.452000,19.128000,20.452000,0.176027,0.361632,0.793563,-1.789081,-0.503401,3.638368,0.300000,-0.134360,0,0
1789650680.217957,3,19.341522,23.976879,-1.318520,19.128000,24.452000,19.128000,20.452000,0.213522,0.475121,0.790577,-1.834586,-0.516066,3.524879,0.300000,-0.149001,0,0
1789650680.317993,3,19.341522,23.976879,-1.318520,19.128000,24.452000,19.128000,20.452000,0.213522,0.475121,0.790577,-1.834586,-0.516066,3.524879,0.300000,-0.162732,0,0
1789650680.417966,3,19.341522,23.976879,-1.318520,19.128000,24.452000,19.128000,20.452000,0.213522,0.475121,0.790577,-1.834586,-0.516066,3.524879,0.300000,-0.175332,0,0
1789650680.518013,3,19.341522,23.976879,-1.318520,19.128000,24.452000,19.128000,20.452000,0.213522,0.475121,0.790577,-1.834586,-0.516066,3.524879,0.300000,-0.186705,0,0
1789650680.617983,3,19.371783,23.864038,-1.343526,19.128000,24.452000,19.128000,20.452000,0.243783,0.587962,0.787776,-1.870907,-0.527381,3.412038,0.300000,-0.201134,0,0
1789650680.718073,3,19.371783,23.864038,-1.343526,19.128000,24.452000,19.128000,20.452000,0.243783,0.587962,0.787776,-1.870907,-0.527381,3.412038,0.300000,-0.212871,0,0
1789650680.818009,3,19.371783,23.864038,-1.343526,19.128000,24.452000,19.128000,20.452000,0.243783,0.587962,0.787776,-1.870907,-0.527381,3.412038,0.300000,-0.222415,0,0
1789650680.918047,3,19.371783,23.864038,-1.343526,19.128000,24.452000,19.128000,20.452000,0.243783,0.587962,0.787776,-1.870907,-0.527381,3.412038,0.300000,-0.230175,0,0
1789650681.018054,3,19.393985,23.746276,-1.407017,19.128000,24.452000,19.128000,20.452000,0.265985,0.705724,0.785505,-1.897294,-0.490277,3.294276,0.300000,-0.222383,0,0
1789650681.118034,3,19.393985,23.746276,-1.407017,19.128000,24.452000,19.128000,20.452000,0.265985,0.705724,0.785505,-1.897294,-0.490277,3.294276,0.300000,-0.218307,0,0
1789650681.218022,3,19.393985,23.746276,-1.407017,19.128000,24.452000,19.128000,20.452000,0.265985,0.705724,0.785505,-1.897294,-0.490277,3.294276,0.300000,-0.216771,0,0
1789650681.318068,3,19.393985,23.746276,-1.407017,19.128000,24.452000,19.128000,20.452000,0.265985,0.705724,0.785505,-1.897294,-0.490277,3.294276,0.300000,-0.216923,0,0
1789650681.418006,3,19.409936,23.628962,-1.495715,19.128000,24.452000,19.128000,20.452000,0.281936,0.823038,0.783763,-1.916105,-0.420390,3.176962,0.300000,-0.191578,0,0
1789650681.518089,3,19.409936,23.628962,-1.495715,19.128000,24.452000,19.128000,20.452000,0.281936,0.823038,0.783763,-1.916105,-0.420390,3.176962,0.300000,-0.176103,0,0
1789650681.618134,3,19.409936,23.628962,-1.495715,19.128000,24.452000,19.128000,20.452000,0.281936,0.823038,0.783763,-1.916105,-0.420390,3.176962,0.300000,-0.167562,0,0
1789650681.718078,3,19.409936,23.628962,-1.495715,19.128000,24.452000,19.128000,20.452000,0.281936,0.823038,0.783763,-1.916105,-0.420390,3.176962,0.300000,-0.163801,0,0
1789650681.818127,3,19.414766,23.512263,-1.590991,19.128000,24.452000,19.128000,20.452000,0.286766,0.939737,0.783218,-1.921774,-0.330784,3.060263,0.300000,-0.129206,0,0
1789650681.918099,3,19.414766,23.512263,-1.590991,19.128000,24.452000,19.128000,20.452000,0.286766,0.939737,0.783218,-1.921774,-0.330784,3.060263,0.300000,-0.108513,0,0
1789650682.018078,3,19.414766,23.512263,-1.590991,19.128000,24.452000,19.128000,20.452000,0.286766,0.939737,0.783218,-1.921774,-0.330784,3.060263,0.300000,-0.097545,0,0
1789650682.118116,3,19.414766,23.512263,-1.590991,19.128000,24.452000,19.128000,20.452000,0.286766,0.939737,0.783218,-1.921774,-0.330784,3.060263,0.300000,-0.093239,0,0
1789650682.218140,3,19.409178,23.399971,-1.665761,19.128000,24.452000,19.128000,20.452000,0.281178,1.052029,0.783848,-1.915213,-0.249452,2.947971,0.300000,-0.062468,0,0
1789650682.318070,3,19.409178,23.399971,-1.665761,19.128000,24.452000,19.128000,20.452000,0.281178,1.052029,0.783848,-1.915213,-0.249452,2.947971,0.300000,-0.045264,0,0
1789650682.418071,3,19.409178,23.399971,-1.665761,19.128000,24.452000,19.128000,20.452000,0.281178,1.052029,0.783848,-1.915213,-0.249452,2.947971,0.300000,-0.037433,0,0
1789650682.518083,3,19.409178,23.399971,-1.665761,19.128000,24.452000,19.128000,20.452000,0.281178,1.052029,0.783848,-1.915213,-0.249452,2.947971,0.300000,-0.035912,0,0
1789650682.618112,3,19.397426,23.281985,-1.697972,19.128000,24.452000,19.128000,20.452000,0.269426,1.170015,0.785137,-1.901363,-0.203391,2.829985,0.325954,-0.020990,0,0
1789650682.718107,3,19.397426,23.281985,-1.697972,19.128000,24.452000,19.128000,20.452000,0.269426,1.170015,0.785137,-1.901363,-0.203391,2.829985,0.325954,-0.014669,0,0
1789650682.818127,3,19.397426,23.281985,-1.697972,19.128000,24.452000,19.128000,20.452000,0.269426,1.170015,0.785137,-1.901363,-0.203391,2.829985,0.325954,-0.014104,0,0
1789650682.918100,3,19.397426,23.281985,-1.697972,19.128000,24.452000,19.128000,20.452000,0.269426,1.170015,0.785137,-1.901363,-0.203391,2.829985,0.325954,-0.017246,0,0
1789650683.018246,3,19.381913,23.165083,-1.705742,19.128000,24.452000,19.128000,20.452000,0.253913,1.286917,0.786762,-1.882976,-0.177234,2.713083,0.352563,-0.012705,0,0
1789650683.118176,3,19.381913,23.165083,-1.705742,19.128000,24.452000,19.128000,20.452000,0.253913,1.286917,0.786762,-1.882976,-0.177234,2.713083,0.352563,-0.012836,0,0
1789650683.220093,3,19.381913,23.165083,-1.705742,19.128000,24.452000,19.128000,20.452000,0.253913,1.286917,0.786762,-1.882976,-0.177234,2.713083,0.352563,-0.015951,0,0
1789650683.318100,3,19.381913,23.165083,-1.705742,19.128000,24.452000,19.128000,20.452000,0.253913,1.286917,0.786762,-1.882976,-0.177234,2.713083,0.352563,-0.020851,0,0
1789650683.418128,3,19.367293,23.044793,-1.712415,19.128000,24.452000,19.128000,20.452000,0.239293,1.407207,0.788213,-1.865542,-0.153127,2.592793,0.379004,-0.017540,0,0
1789650683.518149,3,19.367293,23.044793,-1.712415,19.128000,24.452000,19.128000,20.452000,0.239293,1.407207,0.788213,-1.865542,-0.153127,2.592793,0.379004,-0.017782,0,0
1789650683.618134,3,19.367293,23.044793,-1.712415,19.128000,24.452000,19.128000,20.452000,0.239293,1.407207,0.788213,-1.865542,-0.153127,2.592793,0.379004,-0.020288,0,0
1789650683.718123,3,19.367293,23.044793,-1.712415,19.128000,24.452000,19.128000,20.452000,0.239293,1.407207,0.788213,-1.865542,-0.153127,2.592793,0.379004,-0.024143,0,0
1789650683.818183,3,19.348965,22.909310,-1.721002,19.128000,24.452000,19.128000,20.452000,0.220965,1.542690,0.789920,-1.843556,-0.122553,2.457310,0.415411,-0.017094,0,0
1789650683.919404,3,19.348965,22.909310,-1.721002,19.128000,24.452000,19.128000,20.452000,0.220965,1.542690,0.789920,-1.843556,-0.122553,2.457310,0.415411,-0.014350,0,0
1789650684.018161,3,19.348965,22.909310,-1.721002,19.128000,24.452000,19.128000,20.452000,0.220965,1.542690,0.789920,-1.843556,-0.122553,2.457310,0.415411,-0.014471,0,0
1789650684.121055,3,19.336028,22.800965,-1.727790,19.128000,24.452000,19.128000,20.452000,0.208028,1.651035,0.791048,-1.827951,-0.100162,2.348965,0.444276,-0.008089,0,0
1789650684.218353,3,19.336028,22.800965,-1.727790,19.128000,24.452000,19.128000,20.452000,0.208028,1.651035,0.791048,-1.827951,-0.100162,2.348965,0.444276,-0.005684,0,0
1789650684.318154,3,19.336028,22.800965,-1.727790,19.128000,24.452000,19.128000,20.452000,0.208028,1.651035,0.791048,-1.827951,-0.100162,2.348965,0.444276,-0.005921,0,0
1789650684.418194,3,19.319591,22.687222,-1.737006,19.128000,24.452000,19.128000,20.452000,0.191591,1.764778,0.792390,-1.808032,-0.071025,2.235222,0.335283,0.003232,0,0
1789650684.518175,3,19.319591,22.687222,-1.737006,19.128000,24.452000,19.128000,20.452000,0.191591,1.764778,0.792390,-1.808032,-0.071025,2.235222,0.335283,0.007541,0,0
1789650684.618257,3,19.319591,22.687222,-1.737006,19.128000,24.452000,19.128000,20.452000,0.191591,1.764778,0.792390,-1.808032,-0.071025,2.235222,0.335283,0.008576,0,0
1789650684.718230,3,19.300858,22.563861,-1.743890,19.128000,24.452000,19.128000,20.452000,0.172858,1.888139,0.793790,-1.785212,-0.041322,2.111861,0.316779,0.018762,0,0
1789650684.818224,3,19.300858,22.563861,-1.743890,19.128000,24.452000,19.128000,20.452000,0.172858,1.888139,0.793790,-1.785212,-0.041322,2.111861,0.316779,0.023704,0,0
1789650684.918210,3,19.300858,22.563861,-1.743890,19.128000,24.452000,19.128000,20.452000,0.172858,1.888139,0.793790,-1.785212,-0.041322,2.111861,0.316779,0.025092,0,0
1789650685.018230,3,19.281642,22.444490,-1.728368,19.128000,24.452000,19.128000,20.452000,0.153642,2.007510,0.795083,-1.761684,-0.033315,1.992490,0.300000,0.027193,0,0
1789650685.118203,3,19.281642,22.444490,-1.728368,19.128000,24.452000,19.128000,20.452000,0.153642,2.007510,0.795083,-1.761684,-0.033315,1.992490,0.300000,0.026784,0,0
1789650685.219456,3,19.281642,22.444490,-1.728368,19.128000,24.452000,19.128000,20.452000,0.153642,2.007510,0.795083,-1.761684,-0.033315,1.992490,0.300000,0.024784,0,0
1789650685.318209,3,19.266838,22.343766,-1.722872,19.128000,24.452000,19.128000,20.452000,0.138838,2.108234,0.795979,-1.743484,-0.020612,1.891766,0.300000,0.026719,0,0
1789650685.418242,3,19.266838,22.343766,-1.722872,19.128000,24.452000,19.128000,20.452000,0.138838,2.108234,0.795979,-1.743484,-0.020612,1.891766,0.300000,0.026476,0,0
1789650685.518291,3,19.266838,22.343766,-1.722872,19.128000,24.452000,19.128000,20.452000,0.138838,2.108234,0.795979,-1.743484,-0.020612,1.891766,0.300000,0.024849,0,0
1789650685.622145,3,19.266838,22.343766,-1.722872,19.128000,24.452000,19.128000,20.452000,0.138838,2.108234,0.795979,-1.743484,-0.020612,1.891766,0.300000,0.022402,0,0
1789650685.718284,3,19.249201,22.225176,-1.708731,19.128000,24.452000,19.128000,20.452000,0.121201,2.226824,0.796931,-1.721725,-0.012994,1.773176,0.300000,0.022426,0,0
1789650685.818319,3,19.249201,22.225176,-1.708731,19.128000,24.452000,19.128000,20.452000,0.121201,2.226824,0.796931,-1.721725,-0.012994,1.773176,0.300000,0.021285,0,0
1789650685.918444,3,19.249201,22.225176,-1.708731,19.128000,24.452000,19.128000,20.452000,0.121201,2.226824,0.796931,-1.721725,-0.012994,1.773176,0.300000,0.019443,0,0
1789650686.018296,3,19.249201,22.225176,-1.708731,19.128000,24.452000,19.128000,20.452000,0.121201,2.226824,0.796931,-1.721725,-0.012994,1.773176,0.300000,0.017227,0,0
1789650686.118289,3,19.234341,22.108785,-1.696394,19.128000,24.452000,19.128000,20.452000,0.106341,2.343215,0.797635,-1.703335,-0.006941,1.656785,0.300000,0.017160,0,0
1789650686.218296,3,19.234341,22.108785,-1.696394,19.128000,24.452000,19.128000,20.452000,0.106341,2.343215,0.797635,-1.703335,-0.006941,1.656785,0.300000,0.016291,0,0
1789650686.318438,3,19.234341,22.108785,-1.696394,19.128000,24.452000,19.128000,20.452000,0.106341,2.343215,0.797635,-1.703335,-0.006941,1.656785,0.300000,0.014945,0,0
1789650686.418356,3,19.234341,22.108785,-1.696394,19.128000,24.452000,19.128000,20.452000,0.106341,2.343215,0.797635,-1.703335,-0.006941,1.656785,0.300000,0.013347,0,0
1789650686.518538,3,19.219254,21.995430,-1.690471,19.128000,24.452000,19.128000,20.452000,0.091254,2.456570,0.798256,-1.684619,0.005852,1.543430,0.300000,0.016506,0,0
1789650686.618301,3,19.219254,21.995430,-1.690471,19.128000,24.452000,19.128000,20.452000,0.091254,2.456570,0.798256,-1.684619,0.005852,1.543430,0.300000,0.017985,0,0
1789650686.718341,3,19.219254,21.995430,-1.690471,19.128000,24.452000,19.128000,20.452000,0.091254,2.456570,0.798256,-1.684619,0.005852,1.543430,0.300000,0.018329,0,0
1789650686.818325,3,19.219254,21.995430,-1.690471,19.128000,24.452000,19.128000,20.452000,0.091254,2.456570,0.798256,-1.684619,0.005852,1.543430,0.300000,0.017933,0,0
1789650686.918333,3,19.205420,21.880379,-1.680073,19.128000,24.452000,19.128000,20.452000,0.077420,2.571621,0.798744,-1.667422,0.012651,1.428379,0.300000,0.019662,0,0
1789650687.018380,3,19.205420,21.880379,-1.680073,19.128000,24.452000,19.128000,20.452000,0.077420,2.571621,0.798744,-1.667422,0.012651,1.428379,0.300000,0.020235,0,0
1789650687.118372,3,19.205420,21.880379,-1.680073,19.128000,24.452000,19.128000,20.452000,0.077420,2.571621,0.798744,-1.667422,0.012651,1.428379,0.300000,0.020046,0,0
1789650687.218346,3,19.205420,21.880379,-1.680073,19.128000,24.452000,19.128000,20.452000,0.077420,2.571621,0.798744,-1.667422,0.012651,1.428379,0.300000,0.019376,0,0
1789650687.318425,3,19.193184,21.760125,-1.682937,19.128000,24.452000,19.128000,20.452000,0.065184,2.691875,0.799109,-1.652187,0.030750,1.308125,0.300000,0.025300,0,0
1789650687.418421,3,19.193184,21.760125,-1.682937,19.128000,24.452000,19.128000,20.452000,0.065184,2.691875,0.799109,-1.652187,0.030750,1.308125,0.300000,0.028694,0,0
1789650687.518370,3,19.193184,21.760125,-1.682937,19.128000,24.452000,19.128000,20.452000,0.065184,2.691875,0.799109,-1.652187,0.030750,1.308125,0.300000,0.030333,0,0
1789650687.618473,3,19.193184,21.760125,-1.682937,19.128000,24.452000,19.128000,20.452000,0.065184,2.691875,0.799109,-1.652187,0.030750,1.308125,0.300000,0.030784,0,0
1789650687.718399,3,19.184049,21.641704,-1.672519,19.128000,24.452000,19.128000,20.452000,0.056049,2.810296,0.799341,-1.640801,0.031717,1.189704,0.300000,0.030824,0,0
1789650687.818401,3,19.184049,21.641704,-1.672519,19.128000,24.452000,19.128000,20.452000,0.056049,2.810296,0.799341,-1.640801,0.031717,1.189704,0.300000,0.030251,0,0
1789650687.918408,3,19.184049,21.641704,-1.672519,19.128000,24.452000,19.128000,20.452000,0.056049,2.810296,0.799341,-1.640801,0.031717,1.189704,0.300000,0.029309,0,0
1789650688.018412,3,19.184049,21.641704,-1.672519,19.128000,24.452000,19.128000,20.452000,0.056049,2.810296,0.799341,-1.640801,0.031717,1.189704,0.300000,0.028168,0,0
1789650688.124465,3,19.172669,21.524656,-1.664316,19.128000,24.452000,19.128000,20.452000,0.044669,2.927344,0.799581,-1.626604,0.037712,1.072656,0.300000,0.029188,0,0
1789650688.218425,3,19.172669,21.524656,-1.664316,19.128000,24.452000,19.128000,20.452000,0.044669,2.927344,0.799581,-1.626604,0.037712,1.072656,0.300000,0.029428,0,0
1789650688.318478,3,19.172669,21.524656,-1.664316,19.128000,24.452000,19.128000,20.452000,0.044669,2.927344,0.799581,-1.626604,0.037712,1.072656,0.300000,0.029159,0,0
1789650688.418461,3,19.172669,21.524656,-1.664316,19.128000,24.452000,19.128000,20.452000,0.044669,2.927344,0.799581,-1.626604,0.037712,1.072656,0.300000,0.028574,0,0
1789650688.518581,3,19.161130,21.407057,-1.648717,19.128000,24.452000,19.128000,20.452000,0.033130,3.044943,0.799770,-1.612197,0.036520,0.955057,0.300000,0.027359,0,0
1789650688.618470,3,19.161130,21.407057,-1.648717,19.128000,24.452000,19.128000,20.452000,0.033130,3.044943,0.799770,-1.612197,0.036520,0.955057,0.300000,0.026217,0,0
1789650688.718483,3,19.161130,21.407057,-1.648717,19.128000,24.452000,19.128000,20.452000,0.033130,3.044943,0.799770,-1.612197,0.036520,0.955057,0.300000,0.025168,0,0
1789650688.818487,3,19.161130,21.407057,-1.648717,19.128000,24.452000,19.128000,20.452000,0.033130,3.044943,0.799770,-1.612197,0.036520,0.955057,0.300000,0.024221,0,0
1789650688.918448,3,19.152296,21.291221,-1.627363,19.128000,24.452000,19.128000,20.452000,0.024296,3.160779,0.799876,-1.601161,0.026201,0.839221,0.300000,0.019453,0,0
1789650689.018478,3,19.152296,21.291221,-1.627363,19.128000,24.452000,19.128000,20.452000,0.024296,3.160779,0.799876,-1.601161,0.026201,0.839221,0.300000,0.016148,0,0
1789650689.120970,3,19.152296,21.291221,-1.627363,19.128000,24.452000,19.128000,20.452000,0.024296,3.160779,0.799876,-1.601161,0.026201,0.839221,0.300000,0.013911,0,0
1789650689.218495,3,19.152296,21.291221,-1.627363,19.128000,24.452000,19.128000,20.452000,0.024296,3.160779,0.799876,-1.601161,0.026201,0.839221,0.300000,0.012447,0,0
1789650689.318492,3,19.147736,21.178885,-1.615026,19.128000,24.452000,19.128000,20.452000,0.019736,3.273115,0.799918,-1.595464,0.019562,0.726885,0.300000,0.009013,0,0
1789650689.418521,3,19.147736,21.178885,-1.615026,19.128000,24.452000,19.128000,20.452000,0.019736,3.273115,0.799918,-1.595464,0.019562,0.726885,0.300000,0.006846,0,0
1789650689.518530,3,19.147736,21.178885,-1.615026,19.128000,24.452000,19.128000,20.452000,0.019736,3.273115,0.799918,-1.595464,0.019562,0.726885,0.300000,0.005576,0,0
1789650689.618527,3,19.147736,21.178885,-1.615026,19.128000,24.452000,19.128000,20.452000,0.019736,3.273115,0.799918,-1.595464,0.019562,0.726885,0.300000,0.004932,0,0
1789650689.723292,3,19.143210,21.064052,-1.606072,19.128000,24.452000,19.128000,20.452000,0.015210,3.387948,0.799951,-1.589807,0.016265,0.612052,0.300000,0.003503,0,0
1789650689.818523,3,19.143210,21.064052,-1.606072,19.128000,24.452000,19.128000,20.452000,0.015210,3.387948,0.799951,-1.589807,0.016265,0.612052,0.300000,0.002774,0,0
1789650689.918591,3,19.143210,21.064052,-1.606072,19.128000,24.452000,19.128000,20.452000,0.015210,3.387948,0.799951,-1.589807,0.016265,0.612052,0.300000,0.002521,0,0
1789650690.018529,3,19.143210,21.064052,-1.606072,19.128000,24.452000,19.128000,20.452000,0.015210,3.387948,0.799951,-1.589807,0.016265,0.612052,0.300000,0.002584,0,0
1789650690.118716,4,19.142448,20.947887,-1.602733,19.128000,24.452000,19.128000,20.452000,0.014448,3.504113,0.799956,-1.588856,0.013878,0.495887,0.300000,0.001940,0,0
1789650690.218563,4,19.142448,20.947887,-1.602733,19.128000,20.452000,17.878000,20.452000,-0.495887,-0.014448,0.752560,-2.558963,-0.956230,1.264448,0.300000,-0.158448,0,0
1789650690.319711,4,19.142448,20.947887,-1.602733,19.128000,20.452000,17.878000,20.452000,-0.495887,-0.014448,0.752560,-2.558963,-0.956230,1.264448,0.300000,-0.286759,0,0
1789650690.419613,4,19.142448,20.947887,-1.602733,19.128000,20.452000,17.878000,20.452000,-0.495887,-0.014448,0.752560,-2.558963,-0.956230,1.264448,0.300000,-0.389407,0,0
1789650690.518570,4,19.136196,20.826410,-1.608225,19.128000,20.452000,17.878000,20.452000,-0.374410,-0.008196,0.771960,-2.690007,-1.081782,1.258196,0.300000,-0.471526,0,0
1789650690.618583,4,19.136196,20.826410,-1.608225,19.128000,20.452000,17.878000,20.452000,-0.374410,-0.008196,0.771960,-2.690007,-1.081782,1.258196,0.300000,-0.537220,0,0
1789650690.719921,4,19.136196,20.826410,-1.608225,19.128000,20.452000,17.878000,20.452000,-0.374410,-0.008196,0.771960,-2.690007,-1.081782,1.258196,0.300000,-0.589776,0,0
1789650690.818658,4,19.136196,20.826410,-1.608225,19.128000,20.452000,17.878000,20.452000,-0.374410,-0.008196,0.771960,-2.690007,-1.081782,1.258196,0.300000,-0.631821,0,0
1789650690.924383,4,19.131684,20.706187,-1.629423,19.128000,20.452000,17.878000,20.452000,-0.254187,-0.003684,0.786734,-2.829088,-1.199665,1.253684,0.300000,-0.665457,0,0
1789650691.018558,4,19.131684,20.706187,-1.629423,19.128000,20.452000,17.878000,20.452000,-0.254187,-0.003684,0.786734,-2.829088,-1.199665,1.253684,0.300000,-0.692365,0,0
1789650691.118595,4,19.131684,20.706187,-1.629423,19.128000,20.452000,17.878000,20.452000,-0.254187,-0.003684,0.786734,-2.829088,-1.199665,1.253684,0.300000,-0.713892,0,0
1789650691.218621,4,19.117769,20.624830,-1.744341,19.128000,20.452000,17.878000,20.452000,-0.172830,0.010231,0.793792,-2.927211,-1.182870,1.239769,0.300000,-0.731114,0,0
1789650691.318660,4,19.117769,20.624830,-1.744341,19.128000,20.452000,17.878000,20.452000,-0.172830,0.010231,0.793792,-2.927211,-1.182870,1.239769,0.300000,-0.742189,0,0
1789650691.418629,4,19.103769,20.577486,-1.858234,19.128000,20.452000,17.878000,20.452000,-0.125486,0.024231,0.796711,-2.985371,-1.127137,1.225769,0.300000,-0.722064,0,0
1789650691.518622,4,19.103769,20.577486,-1.858234,19.128000,20.452000,17.878000,20.452000,-0.125486,0.024231,0.796711,-2.985371,-1.127137,1.225769,0.300000,-0.702844,0,0
1789650691.618644,4,19.079210,20.523275,-1.999935,19.128000,20.452000,17.878000,20.452000,-0.071275,0.048790,0.798935,-3.052616,-1.052681,1.201210,0.300000,-0.656688,0,0
1789650691.719508,4,19.079210,20.523275,-1.999935,19.128000,20.452000,17.878000,20.452000,-0.071275,0.048790,0.798935,-3.052616,-1.052681,1.201210,0.300000,-0.621934,0,0
1789650691.818655,4,19.052324,20.479044,-2.149694,19.128000,20.452000,17.878000,20.452000,-0.027044,0.075676,0.799846,-3.107793,-0.958100,1.174324,0.300000,-0.559695,0,0
1789650691.920061,4,19.052324,20.479044,-2.149694,19.128000,20.452000,17.878000,20.452000,-0.027044,0.075676,0.799846,-3.107793,-0.958100,1.174324,0.300000,-0.516637,0,0
1789650692.018642,4,19.019740,20.435017,-2.308908,19.128000,20.452000,17.878000,20.452000,0.016983,0.108260,0.799939,3.120366,-0.853911,1.141740,0.300000,-0.447567,0,0
1789650692.118662,4,19.019740,20.435017,-2.308908,19.128000,20.452000,17.878000,20.452000,0.016983,0.108260,0.799939,3.120366,-0.853911,1.141740,0.300000,-0.402538,0,0
1789650692.218684,4,18.983282,20.402179,-2.451239,19.128000,20.452000,17.878000,20.452000,0.049821,0.144718,0.799479,3.079356,-0.752591,1.105282,0.300000,-0.336205,0,0
1789650692.318983,4,18.983282,20.402179,-2.451239,19.128000,20.452000,17.878000,20.452000,0.049821,0.144718,0.799479,3.079356,-0.752591,1.105282,0.300000,-0.295355,0,0
1789650692.418719,4,18.931508,20.366562,-2.580850,19.128000,20.452000,17.878000,20.452000,0.085438,0.196492,0.798471,3.034996,-0.667339,1.053508,0.300000,-0.239993,0,0
1789650692.518699,4,18.931508,20.366562,-2.580850,19.128000,20.452000,17.878000,20.452000,0.085438,0.196492,0.798471,3.034996,-0.667339,1.053508,0.300000,-0.208308,0,0
1789650692.618728,4,18.931508,20.366562,-2.580850,19.128000,20.452000,17.878000,20.452000,0.085438,0.196492,0.798471,3.034996,-0.667339,1.053508,0.300000,-0.193045,0,0
1789650692.718705,4,18.863208,20.329646,-2.692254,19.128000,20.452000,17.878000,20.452000,0.122354,0.264792,0.796873,2.989239,-0.601692,0.985208,0.300000,-0.163954,0,0
1789650692.818728,4,18.863208,20.329646,-2.692254,19.128000,20.452000,17.878000,20.452000,0.122354,0.264792,0.796873,2.989239,-0.601692,0.985208,0.300000,-0.150812,0,0
1789650692.918850,4,18.863208,20.329646,-2.692254,19.128000,20.452000,17.878000,20.452000,0.122354,0.264792,0.796873,2.989239,-0.601692,0.985208,0.300000,-0.148402,0,0
1789650693.018767,4,18.863208,20.329646,-2.692254,19.128000,20.452000,17.878000,20.452000,0.122354,0.264792,0.796873,2.989239,-0.601692,0.985208,0.300000,-0.152958,0,0
1789650693.118789,4,18.760727,20.286797,-2.789499,19.128000,20.452000,17.878000,20.452000,0.165203,0.367273,0.794323,2.936536,-0.557151,0.882727,0.300000,-0.144868,0,0
1789650693.218715,4,18.760727,20.286797,-2.789499,19.128000,20.452000,17.878000,20.452000,0.165203,0.367273,0.794323,2.936536,-0.557151,0.882727,0.300000,-0.145039,0,0
1789650693.318733,4,18.760727,20.286797,-2.789499,19.128000,20.452000,17.878000,20.452000,0.165203,0.367273,0.794323,2.936536,-0.557151,0.882727,0.300000,-0.150490,0,0
1789650693.418789,4,18.760727,20.286797,-2.789499,19.128000,20.452000,17.878000,20.452000,0.165203,0.367273,0.794323,2.936536,-0.557151,0.882727,0.300000,-0.159102,0,0
1789650693.518744,4,18.649432,20.247620,-2.835986,19.128000,20.452000,17.878000,20.452000,0.204380,0.478568,0.791355,2.888850,-0.558350,0.771432,0.300000,-0.169848,0,0
1789650693.619264,4,18.649432,20.247620,-2.835986,19.128000,20.452000,17.878000,20.452000,0.204380,0.478568,0.791355,2.888850,-0.558350,0.771432,0.300000,-0.181099,0,0
1789650693.718876,4,18.649432,20.247620,-2.835986,19.128000,20.452000,17.878000,20.452000,0.204380,0.478568,0.791355,2.888850,-0.558350,0.771432,0.300000,-0.192223,0,0
1789650693.821250,4,18.649432,20.247620,-2.835986,19.128000,20.452000,17.878000,20.452000,0.204380,0.478568,0.791355,2.888850,-0.558350,0.771432,0.300000,-0.202820,0,0
1789650693.918836,4,18.535161,20.214403,-2.885995,19.128000,20.452000,17.878000,20.452000,0.237597,0.592839,0.788376,2.848875,-0.548316,0.657161,0.300000,-0.208774,0,0
1789650694.018824,4,18.535161,20.214403,-2.885995,19.128000,20.452000,17.878000,20.452000,0.237597,0.592839,0.788376,2.848875,-0.548316,0.657161,0.300000,-0.215200,0,0
1789650694.118978,4,18.535161,20.214403,-2.885995,19.128000,20.452000,17.878000,20.452000,0.237597,0.592839,0.788376,2.848875,-0.548316,0.657161,0.300000,-0.221671,0,0
1789650694.218950,4,18.535161,20.214403,-2.885995,19.128000,20.452000,17.878000,20.452000,0.237597,0.592839,0.788376,2.848875,-0.548316,0.657161,0.300000,-0.227912,0,0
1789650694.321323,4,18.421856,20.184778,-2.954879,19.128000,20.452000,17.878000,20.452000,0.267222,0.706144,0.785373,2.813632,-0.514675,0.543856,0.300000,-0.220975,0,0
1789650694.419204,4,18.421856,20.184778,-2.954879,19.128000,20.452000,17.878000,20.452000,0.267222,0.706144,0.785373,2.813632,-0.514675,0.543856,0.300000,-0.217990,0,0
1789650694.519066,4,18.421856,20.184778,-2.954879,19.128000,20.452000,17.878000,20.452000,0.267222,0.706144,0.785373,2.813632,-0.514675,0.543856,0.300000,-0.217654,0,0
1789650694.618877,4,18.421856,20.184778,-2.954879,19.128000,20.452000,17.878000,20.452000,0.267222,0.706144,0.785373,2.813632,-0.514675,0.543856,0.300000,-0.219026,0,0
1789650694.719077,5,18.302201,20.167065,-3.040953,19.128000,20.452000,17.878000,20.452000,0.284935,0.825799,0.783426,2.792762,-0.449471,0.424201,0.000000,0.000000,0,1
1789650694.819142,5,18.302201,20.167065,-3.040953,19.128000,20.452000,17.878000,20.452000,0.284935,0.825799,0.783426,2.792762,-0.449471,0.424201,0.000000,0.000000,0,1
1789650694.919756,5,18.302201,20.167065,-3.040953,19.128000,20.452000,17.878000,20.452000,0.284935,0.825799,0.783426,2.792762,-0.449471,0.424201,0.000000,0.000000,0,1
1789650695.019038,5,18.302201,20.167065,-3.040953,19.128000,20.452000,17.878000,20.452000,0.284935,0.825799,0.783426,2.792762,-0.449471,0.424201,0.000000,0.000000,0,1
1789650695.118871,5,18.186877,20.161091,-3.131797,19.128000,20.452000,17.878000,20.452000,0.284935,0.825799,0.783426,2.792762,-0.449471,0.424201,0.000000,0.000000,0,1
1789650695.218968,5,18.186877,20.161091,-3.131797,19.128000,20.452000,17.878000,20.452000,0.284935,0.825799,0.783426,2.792762,-0.449471,0.424201,0.000000,0.000000,0,1
1789650695.318997,5,18.186877,20.161091,-3.131797,19.128000,20.452000,17.878000,20.452000,0.284935,0.825799,0.783426,2.792762,-0.449471,0.424201,0.000000,0.000000,0,1
1789650695.418893,5,18.186877,20.161091,-3.131797,19.128000,20.452000,17.878000,20.452000,0.284935,0.825799,0.783426,2.792762,-0.449471,0.424201,0.000000,0.000000,0,1
1789650695.518910,5,18.083327,20.163272,3.089865,19.128000,20.452000,17.878000,20.452000,0.284935,0.825799,0.783426,2.792762,-0.449471,0.424201,0.000000,0.000000,0,1
1789650695.618882,5,18.083327,20.163272,3.089865,19.128000,20.452000,17.878000,20.452000,0.284935,0.825799,0.783426,2.792762,-0.449471,0.424201,0.000000,0.000000,0,1
1789650695.719316,5,18.083327,20.163272,3.089865,19.128000,20.452000,17.878000,20.452000,0.284935,0.825799,0.783426,2.792762,-0.449471,0.424201,0.000000,0.000000,0,1
1789650695.818922,5,18.083327,20.163272,3.089865,19.128000,20.452000,17.878000,20.452000,0.284935,0.825799,0.783426,2.792762,-0.449471,0.424201,0.000000,0.000000,0,1
1789650695.918924,5,18.083327,20.163272,3.089865,19.128000,20.452000,17.878000,20.452000,0.284935,0.825799,0.783426,2.792762,-0.449471,0.424201,0.000000,0.000000,0,1
1789650696.019986,5,18.083327,20.163272,3.089865,19.128000,20.452000,17.878000,20.452000,0.284935,0.825799,0.783426,2.792762,-0.449471,0.424201,0.000000,0.000000,0,1
1789650696.118912,5,18.083327,20.163272,3.089865,19.128000,20.452000,17.878000,20.452000,0.284935,0.825799,0.783426,2.792762,-0.449471,0.424201,0.000000,0.000000,0,1
1789650696.218920,5,18.083327,20.163272,3.089865,19.128000,20.452000,17.878000,20.452000,0.284935,0.825799,0.783426,2.792762,-0.449471,0.424201,0.000000,0.000000,0,1
1789650696.320888,5,18.083327,20.163272,3.089865,19.128000,20.452000,17.878000,20.452000,0.284935,0.825799,0.783426,2.792762,-0.449471,0.424201,0.000000,0.000000,0,1
1789650696.419063,5,18.083327,20.163272,3.089865,19.128000,20.452000,17.878000,20.452000,0.284935,0.825799,0.783426,2.792762,-0.449471,0.424201,0.000000,0.000000,0,1
1789650696.518980,5,18.083327,20.163272,3.089865,19.128000,20.452000,17.878000,20.452000,0.284935,0.825799,0.783426,2.792762,-0.449471,0.424201,0.000000,0.000000,0,1
1789650696.618958,5,18.083327,20.163272,3.089865,19.128000,20.452000,17.878000,20.452000,0.284935,0.825799,0.783426,2.792762,-0.449471,0.424201,0.000000,0.000000,0,1
1789650696.719272,5,18.083327,20.163272,3.089865,19.128000,20.452000,17.878000,20.452000,0.284935,0.825799,0.783426,2.792762,-0.449471,0.424201,0.000000,0.000000,0,1
1789650696.819056,5,18.083327,20.163272,3.089865,19.128000,20.452000,17.878000,20.452000,0.284935,0.825799,0.783426,2.792762,-0.449471,0.424201,0.000000,0.000000,0,1
1789650696.918971,5,18.083327,20.163272,3.089865,19.128000,20.452000,17.878000,20.452000,0.284935,0.825799,0.783426,2.792762,-0.449471,0.424201,0.000000,0.000000,0,1
1789650697.018998,5,18.083327,20.163272,3.089865,19.128000,20.452000,17.878000,20.452000,0.284935,0.825799,0.783426,2.792762,-0.449471,0.424201,0.000000,0.000000,0,1
1789650697.119018,5,18.083327,20.163272,3.089865,19.128000,20.452000,17.878000,20.452000,0.284935,0.825799,0.783426,2.792762,-0.449471,0.424201,0.000000,0.000000,0,1
1789650697.219085,5,18.083327,20.163272,3.089865,19.128000,20.452000,17.878000,20.452000,0.284935,0.825799,0.783426,2.792762,-0.449471,0.424201,0.000000,0.000000,0,1
1789650697.319075,5,18.083327,20.163272,3.089865,19.128000,20.452000,17.878000,20.452000,0.284935,0.825799,0.783426,2.792762,-0.449471,0.424201,0.000000,0.000000,0,1
1789650697.419060,5,18.083327,20.163272,3.089865,19.128000,20.452000,17.878000,20.452000,0.284935,0.825799,0.783426,2.792762,-0.449471,0.424201,0.000000,0.000000,0,1
1789650697.519112,5,18.083327,20.163272,3.089865,19.128000,20.452000,17.878000,20.452000,0.284935,0.825799,0.783426,2.792762,-0.449471,0.424201,0.000000,0.000000,0,1
1789650697.619176,5,18.083327,20.163272,3.089865,19.128000,20.452000,17.878000,20.452000,0.284935,0.825799,0.783426,2.792762,-0.449471,0.424201,0.000000,0.000000,0,1
1789650697.719107,5,18.083327,20.163272,3.089865,19.128000,20.452000,17.878000,20.452000,0.284935,0.825799,0.783426,2.792762,-0.449471,0.424201,0.000000,0.000000,0,1
1789650697.819174,5,18.083327,20.163272,3.089865,19.128000,20.452000,17.878000,20.452000,0.284935,0.825799,0.783426,2.792762,-0.449471,0.424201,0.000000,0.000000,0,1
1789650697.919165,5,18.083327,20.163272,3.089865,19.128000,20.452000,17.878000,20.452000,0.284935,0.825799,0.783426,2.792762,-0.449471,0.424201,0.000000,0.000000,0,1
1789650698.019167,5,18.083327,20.163272,3.089865,19.128000,20.452000,17.878000,20.452000,0.284935,0.825799,0.783426,2.792762,-0.449471,0.424201,0.000000,0.000000,0,1
1789650698.119180,5,18.083327,20.163272,3.089865,19.128000,20.452000,17.878000,20.452000,0.284935,0.825799,0.783426,2.792762,-0.449471,0.424201,0.000000,0.000000,0,1
1789650698.221266,5,18.083327,20.163272,3.089865,19.128000,20.452000,17.878000,20.452000,0.284935,0.825799,0.783426,2.792762,-0.449471,0.424201,0.000000,0.000000,0,1
1789650698.319894,5,18.083327,20.163272,3.089865,19.128000,20.452000,17.878000,20.452000,0.284935,0.825799,0.783426,2.792762,-0.449471,0.424201,0.000000,0.000000,0,1
1789650698.419077,5,18.083327,20.163272,3.089865,19.128000,20.452000,17.878000,20.452000,0.284935,0.825799,0.783426,2.792762,-0.449471,0.424201,0.000000,0.000000,0,1
1789650698.519264,5,18.083327,20.163272,3.089865,19.128000,20.452000,17.878000,20.452000,0.284935,0.825799,0.783426,2.792762,-0.449471,0.424201,0.000000,0.000000,0,1
1789650698.619272,5,18.083327,20.163272,3.089865,19.128000,20.452000,17.878000,20.452000,0.284935,0.825799,0.783426,2.792762,-0.449471,0.424201,0.000000,0.000000,0,1
1789650698.721361,5,18.083327,20.163272,3.089865,19.128000,20.452000,17.878000,20.452000,0.284935,0.825799,0.783426,2.792762,-0.449471,0.424201,0.000000,0.000000,0,1
1789650698.819351,5,18.083327,20.163272,3.089865,19.128000,20.452000,17.878000,20.452000,0.284935,0.825799,0.783426,2.792762,-0.449471,0.424201,0.000000,0.000000,0,1
1789650698.919282,5,18.083327,20.163272,3.089865,19.128000,20.452000,17.878000,20.452000,0.284935,0.825799,0.783426,2.792762,-0.449471,0.424201,0.000000,0.000000,0,1
1789650699.019101,5,18.083327,20.163272,3.089865,19.128000,20.452000,17.878000,20.452000,0.284935,0.825799,0.783426,2.792762,-0.449471,0.424201,0.000000,0.000000,0,1
1789650699.119262,5,18.083327,20.163272,3.089865,19.128000,20.452000,17.878000,20.452000,0.284935,0.825799,0.783426,2.792762,-0.449471,0.424201,0.000000,0.000000,0,1
1789650699.219097,5,18.083327,20.163272,3.089865,19.128000,20.452000,17.878000,20.452000,0.284935,0.825799,0.783426,2.792762,-0.449471,0.424201,0.000000,0.000000,0,1
1789650699.319464,5,18.083327,20.163272,3.089865,19.128000,20.452000,17.878000,20.452000,0.284935,0.825799,0.783426,2.792762,-0.449471,0.424201,0.000000,0.000000,0,1
1789650699.419278,5,18.083327,20.163272,3.089865,19.128000,20.452000,17.878000,20.452000,0.284935,0.825799,0.783426,2.792762,-0.449471,0.424201,0.000000,0.000000,0,1
1789650699.519207,5,18.083327,20.163272,3.089865,19.128000,20.452000,17.878000,20.452000,0.284935,0.825799,0.783426,2.792762,-0.449471,0.424201,0.000000,0.000000,0,1
1789650699.619453,5,18.083327,20.163272,3.089865,19.128000,20.452000,17.878000,20.452000,0.284935,0.825799,0.783426,2.792762,-0.449471,0.424201,0.000000,0.000000,0,1
1789650699.719134,5,18.083327,20.163272,3.089865,19.128000,20.452000,17.878000,20.452000,0.284935,0.825799,0.783426,2.792762,-0.449471,0.424201,0.000000,0.000000,0,1
1789650699.821316,5,18.083327,20.163272,3.089865,19.128000,20.452000,17.878000,20.452000,0.284935,0.825799,0.783426,2.792762,-0.449471,0.424201,0.000000,0.000000,0,1
1789650699.919213,5,18.083327,20.163272,3.089865,19.128000,20.452000,17.878000,20.452000,0.284935,0.825799,0.783426,2.792762,-0.449471,0.424201,0.000000,0.000000,0,1
1789650700.020745,5,18.083327,20.163272,3.089865,19.128000,20.452000,17.878000,20.452000,0.284935,0.825799,0.783426,2.792762,-0.449471,0.424201,0.000000,0.000000,0,1
1789650700.119414,5,18.083327,20.163272,3.089865,19.128000,20.452000,17.878000,20.452000,0.284935,0.825799,0.783426,2.792762,-0.449471,0.424201,0.000000,0.000000,0,1
1789650700.220020,5,18.083327,20.163272,3.089865,19.128000,20.452000,17.878000,20.452000,0.284935,0.825799,0.783426,2.792762,-0.449471,0.424201,0.000000,0.000000,0,1
1789650700.319236,5,18.083327,20.163272,3.089865,19.128000,20.452000,17.878000,20.452000,0.284935,0.825799,0.783426,2.792762,-0.449471,0.424201,0.000000,0.000000,0,1
1789650700.419216,5,18.083327,20.163272,3.089865,19.128000,20.452000,17.878000,20.452000,0.284935,0.825799,0.783426,2.792762,-0.449471,0.424201,0.000000,0.000000,0,1
1789650700.519543,5,18.083327,20.163272,3.089865,19.128000,20.452000,17.878000,20.452000,0.284935,0.825799,0.783426,2.792762,-0.449471,0.424201,0.000000,0.000000,0,1
1789650700.619259,5,18.083327,20.163272,3.089865,19.128000,20.452000,17.878000,20.452000,0.284935,0.825799,0.783426,2.792762,-0.449471,0.424201,0.000000,0.000000,0,1
1789650700.720192,5,18.083327,20.163272,3.089865,19.128000,20.452000,17.878000,20.452000,0.284935,0.825799,0.783426,2.792762,-0.449471,0.424201,0.000000,0.000000,0,1
1789650700.819221,5,18.083327,20.163272,3.089865,19.128000,20.452000,17.878000,20.452000,0.284935,0.825799,0.783426,2.792762,-0.449471,0.424201,0.000000,0.000000,0,1
1789650700.919291,5,18.083327,20.163272,3.089865,19.128000,20.452000,17.878000,20.452000,0.284935,0.825799,0.783426,2.792762,-0.449471,0.424201,0.000000,0.000000,0,1
1789650701.019691,5,18.083327,20.163272,3.089865,19.128000,20.452000,17.878000,20.452000,0.284935,0.825799,0.783426,2.792762,-0.449471,0.424201,0.000000,0.000000,0,1
1789650701.120966,5,18.083327,20.163272,3.089865,19.128000,20.452000,17.878000,20.452000,0.284935,0.825799,0.783426,2.792762,-0.449471,0.424201,0.000000,0.000000,0,1
1789650701.219233,5,18.083327,20.163272,3.089865,19.128000,20.452000,17.878000,20.452000,0.284935,0.825799,0.783426,2.792762,-0.449471,0.424201,0.000000,0.000000,0,1
1789650701.319258,5,18.083327,20.163272,3.089865,19.128000,20.452000,17.878000,20.452000,0.284935,0.825799,0.783426,2.792762,-0.449471,0.424201,0.000000,0.000000,0,1
1789650701.419261,5,18.083327,20.163272,3.089865,19.128000,20.452000,17.878000,20.452000,0.284935,0.825799,0.783426,2.792762,-0.449471,0.424201,0.000000,0.000000,0,1
1789650701.519680,5,18.083327,20.163272,3.089865,19.128000,20.452000,17.878000,20.452000,0.284935,0.825799,0.783426,2.792762,-0.449471,0.424201,0.000000,0.000000,0,1
1789650701.619399,5,18.083327,20.163272,3.089865,19.128000,20.452000,17.878000,20.452000,0.284935,0.825799,0.783426,2.792762,-0.449471,0.424201,0.000000,0.000000,0,1
1789650701.719415,5,18.083327,20.163272,3.089865,19.128000,20.452000,17.878000,20.452000,0.284935,0.825799,0.783426,2.792762,-0.449471,0.424201,0.000000,0.000000,0,1
1789650701.819306,5,18.083327,20.163272,3.089865,19.128000,20.452000,17.878000,20.452000,0.284935,0.825799,0.783426,2.792762,-0.449471,0.424201,0.000000,0.000000,0,1
1789650701.919268,5,18.083327,20.163272,3.089865,19.128000,20.452000,17.878000,20.452000,0.284935,0.825799,0.783426,2.792762,-0.449471,0.424201,0.000000,0.000000,0,1
1789650702.019296,5,18.083327,20.163272,3.089865,19.128000,20.452000,17.878000,20.452000,0.284935,0.825799,0.783426,2.792762,-0.449471,0.424201,0.000000,0.000000,0,1
1789650702.121116,5,18.083327,20.163272,3.089865,19.128000,20.452000,17.878000,20.452000,0.284935,0.825799,0.783426,2.792762,-0.449471,0.424201,0.000000,0.000000,0,1
1789650702.219656,5,18.083327,20.163272,3.089865,19.128000,20.452000,17.878000,20.452000,0.284935,0.825799,0.783426,2.792762,-0.449471,0.424201,0.000000,0.000000,0,1
1789650702.319345,5,18.083327,20.163272,3.089865,19.128000,20.452000,17.878000,20.452000,0.284935,0.825799,0.783426,2.792762,-0.449471,0.424201,0.000000,0.000000,0,1
1789650702.419267,5,18.083327,20.163272,3.089865,19.128000,20.452000,17.878000,20.452000,0.284935,0.825799,0.783426,2.792762,-0.449471,0.424201,0.000000,0.000000,0,1
1789650702.519352,5,18.083327,20.163272,3.089865,19.128000,20.452000,17.878000,20.452000,0.284935,0.825799,0.783426,2.792762,-0.449471,0.424201,0.000000,0.000000,0,1
1789650702.619894,5,18.083327,20.163272,3.089865,19.128000,20.452000,17.878000,20.452000,0.284935,0.825799,0.783426,2.792762,-0.449471,0.424201,0.000000,0.000000,0,1
1789650702.720572,5,18.083327,20.163272,3.089865,19.128000,20.452000,17.878000,20.452000,0.284935,0.825799,0.783426,2.792762,-0.449471,0.424201,0.000000,0.000000,0,1
1789650702.819364,5,18.083327,20.163272,3.089865,19.128000,20.452000,17.878000,20.452000,0.284935,0.825799,0.783426,2.792762,-0.449471,0.424201,0.000000,0.000000,0,1
1789650702.919334,5,18.083327,20.163272,3.089865,19.128000,20.452000,17.878000,20.452000,0.284935,0.825799,0.783426,2.792762,-0.449471,0.424201,0.000000,0.000000,0,1
1789650703.019450,5,18.083327,20.163272,3.089865,19.128000,20.452000,17.878000,20.452000,0.284935,0.825799,0.783426,2.792762,-0.449471,0.424201,0.000000,0.000000,0,1
1789650703.119354,5,18.083327,20.163272,3.089865,19.128000,20.452000,17.878000,20.452000,0.284935,0.825799,0.783426,2.792762,-0.449471,0.424201,0.000000,0.000000,0,1
1789650703.219376,5,18.083327,20.163272,3.089865,19.128000,20.452000,17.878000,20.452000,0.284935,0.825799,0.783426,2.792762,-0.449471,0.424201,0.000000,0.000000,0,1
1789650703.319448,5,18.083327,20.163272,3.089865,19.128000,20.452000,17.878000,20.452000,0.284935,0.825799,0.783426,2.792762,-0.449471,0.424201,0.000000,0.000000,0,1
1789650703.419383,5,18.083327,20.163272,3.089865,19.128000,20.452000,17.878000,20.452000,0.284935,0.825799,0.783426,2.792762,-0.449471,0.424201,0.000000,0.000000,0,1
1789650703.519429,5,18.083327,20.163272,3.089865,19.128000,20.452000,17.878000,20.452000,0.284935,0.825799,0.783426,2.792762,-0.449471,0.424201,0.000000,0.000000,0,1
1789650703.620843,5,18.083327,20.163272,3.089865,19.128000,20.452000,17.878000,20.452000,0.284935,0.825799,0.783426,2.792762,-0.449471,0.424201,0.000000,0.000000,0,1
1789650703.719377,5,18.083327,20.163272,3.089865,19.128000,20.452000,17.878000,20.452000,0.284935,0.825799,0.783426,2.792762,-0.449471,0.424201,0.000000,0.000000,0,1
1789650703.820331,5,18.083327,20.163272,3.089865,19.128000,20.452000,17.878000,20.452000,0.284935,0.825799,0.783426,2.792762,-0.449471,0.424201,0.000000,0.000000,0,1
1789650703.919608,5,18.083327,20.163272,3.089865,19.128000,20.452000,17.878000,20.452000,0.284935,0.825799,0.783426,2.792762,-0.449471,0.424201,0.000000,0.000000,0,1
1789650704.019751,5,18.083327,20.163272,3.089865,19.128000,20.452000,17.878000,20.452000,0.284935,0.825799,0.783426,2.792762,-0.449471,0.424201,0.000000,0.000000,0,1
1789650704.119434,5,18.083327,20.163272,3.089865,19.128000,20.452000,17.878000,20.452000,0.284935,0.825799,0.783426,2.792762,-0.449471,0.424201,0.000000,0.000000,0,1
1789650704.219623,5,18.083327,20.163272,3.089865,19.128000,20.452000,17.878000,20.452000,0.284935,0.825799,0.783426,2.792762,-0.449471,0.424201,0.000000,0.000000,0,1
1789650704.319470,5,18.083327,20.163272,3.089865,19.128000,20.452000,17.878000,20.452000,0.284935,0.825799,0.783426,2.792762,-0.449471,0.424201,0.000000,0.000000,0,1
1789650704.419748,5,18.083327,20.163272,3.089865,19.128000,20.452000,17.878000,20.452000,0.284935,0.825799,0.783426,2.792762,-0.449471,0.424201,0.000000,0.000000,0,1
1789650704.519464,5,18.083327,20.163272,3.089865,19.128000,20.452000,17.878000,20.452000,0.284935,0.825799,0.783426,2.792762,-0.449471,0.424201,0.000000,0.000000,0,1
1789650704.619854,5,18.083327,20.163272,3.089865,19.128000,20.452000,17.878000,20.452000,0.284935,0.825799,0.783426,2.792762,-0.449471,0.424201,0.000000,0.000000,0,1
1789650704.719469,5,18.083327,20.163272,3.089865,19.128000,20.452000,17.878000,20.452000,0.284935,0.825799,0.783426,2.792762,-0.449471,0.424201,0.000000,0.000000,0,1
1789650704.819496,5,18.083327,20.163272,3.089865,19.128000,20.452000,17.878000,20.452000,0.284935,0.825799,0.783426,2.792762,-0.449471,0.424201,0.000000,0.000000,0,1
1789650704.919663,5,18.083327,20.163272,3.089865,19.128000,20.452000,17.878000,20.452000,0.284935,0.825799,0.783426,2.792762,-0.449471,0.424201,0.000000,0.000000,0,1
1789650705.019589,5,18.083327,20.163272,3.089865,19.128000,20.452000,17.878000,20.452000,0.284935,0.825799,0.783426,2.792762,-0.449471,0.424201,0.000000,0.000000,0,1
1789650705.119640,5,18.083327,20.163272,3.089865,19.128000,20.452000,17.878000,20.452000,0.284935,0.825799,0.783426,2.792762,-0.449471,0.424201,0.000000,0.000000,0,1
1789650705.219862,5,18.083327,20.163272,3.089865,19.128000,20.452000,17.878000,20.452000,0.284935,0.825799,0.783426,2.792762,-0.449471,0.424201,0.000000,0.000000,0,1
1789650705.319613,5,18.083327,20.163272,3.089865,19.128000,20.452000,17.878000,20.452000,0.284935,0.825799,0.783426,2.792762,-0.449471,0.424201,0.000000,0.000000,0,1
1789650705.419760,5,18.083327,20.163272,3.089865,19.128000,20.452000,17.878000,20.452000,0.284935,0.825799,0.783426,2.792762,-0.449471,0.424201,0.000000,0.000000,0,1
1789650705.520351,5,18.083327,20.163272,3.089865,19.128000,20.452000,17.878000,20.452000,0.284935,0.825799,0.783426,2.792762,-0.449471,0.424201,0.000000,0.000000,0,1
1789650705.620716,5,18.083327,20.163272,3.089865,19.128000,20.452000,17.878000,20.452000,0.284935,0.825799,0.783426,2.792762,-0.449471,0.424201,0.000000,0.000000,0,1
1789650705.719923,5,18.083327,20.163272,3.089865,19.128000,20.452000,17.878000,20.452000,0.284935,0.825799,0.783426,2.792762,-0.449471,0.424201,0.000000,0.000000,0,1
1789650705.819566,5,18.083327,20.163272,3.089865,19.128000,20.452000,17.878000,20.452000,0.284935,0.825799,0.783426,2.792762,-0.449471,0.424201,0.000000,0.000000,0,1
1789650705.921019,5,18.083327,20.163272,3.089865,19.128000,20.452000,17.878000,20.452000,0.284935,0.825799,0.783426,2.792762,-0.449471,0.424201,0.000000,0.000000,0,1
1789650706.020737,5,18.083327,20.163272,3.089865,19.128000,20.452000,17.878000,20.452000,0.284935,0.825799,0.783426,2.792762,-0.449471,0.424201,0.000000,0.000000,0,1
1789650706.119787,5,18.083327,20.163272,3.089865,19.128000,20.452000,17.878000,20.452000,0.284935,0.825799,0.783426,2.792762,-0.449471,0.424201,0.000000,0.000000,0,1
1789650706.219792,5,18.083327,20.163272,3.089865,19.128000,20.452000,17.878000,20.452000,0.284935,0.825799,0.783426,2.792762,-0.449471,0.424201,0.000000,0.000000,0,1
1789650706.320016,5,18.083327,20.163272,3.089865,19.128000,20.452000,17.878000,20.452000,0.284935,0.825799,0.783426,2.792762,-0.449471,0.424201,0.000000,0.000000,0,1
1789650706.419677,5,18.083327,20.163272,3.089865,19.128000,20.452000,17.878000,20.452000,0.284935,0.825799,0.783426,2.792762,-0.449471,0.424201,0.000000,0.000000,0,1
1789650706.520056,5,18.083327,20.163272,3.089865,19.128000,20.452000,17.878000,20.452000,0.284935,0.825799,0.783426,2.792762,-0.449471,0.424201,0.000000,0.000000,0,1
1789650706.620942,5,18.083327,20.163272,3.089865,19.128000,20.452000,17.878000,20.452000,0.284935,0.825799,0.783426,2.792762,-0.449471,0.424201,0.000000,0.000000,0,1
1789650706.719743,5,18.083327,20.163272,3.089865,19.128000,20.452000,17.878000,20.452000,0.284935,0.825799,0.783426,2.792762,-0.449471,0.424201,0.000000,0.000000,0,1
1789650706.819765,5,18.083327,20.163272,3.089865,19.128000,20.452000,17.878000,20.452000,0.284935,0.825799,0.783426,2.792762,-0.449471,0.424201,0.000000,0.000000,0,1
1789650706.919614,5,18.083327,20.163272,3.089865,19.128000,20.452000,17.878000,20.452000,0.284935,0.825799,0.783426,2.792762,-0.449471,0.424201,0.000000,0.000000,0,1
1789650707.019634,5,18.083327,20.163272,3.089865,19.128000,20.452000,17.878000,20.452000,0.284935,0.825799,0.783426,2.792762,-0.449471,0.424201,0.000000,0.000000,0,1
1789650707.120157,5,18.083327,20.163272,3.089865,19.128000,20.452000,17.878000,20.452000,0.284935,0.825799,0.783426,2.792762,-0.449471,0.424201,0.000000,0.000000,0,1
1789650707.220342,5,18.083327,20.163272,3.089865,19.128000,20.452000,17.878000,20.452000,0.284935,0.825799,0.783426,2.792762,-0.449471,0.424201,0.000000,0.000000,0,1
1789650707.319634,5,18.083327,20.163272,3.089865,19.128000,20.452000,17.878000,20.452000,0.284935,0.825799,0.783426,2.792762,-0.449471,0.424201,0.000000,0.000000,0,1
1789650707.419640,5,18.083327,20.163272,3.089865,19.128000,20.452000,17.878000,20.452000,0.284935,0.825799,0.783426,2.792762,-0.449471,0.424201,0.000000,0.000000,0,1
1789650707.519690,5,18.083327,20.163272,3.089865,19.128000,20.452000,17.878000,20.452000,0.284935,0.825799,0.783426,2.792762,-0.449471,0.424201,0.000000,0.000000,0,1
1789650707.621783,5,18.083327,20.163272,3.089865,19.128000,20.452000,17.878000,20.452000,0.284935,0.825799,0.783426,2.792762,-0.449471,0.424201,0.000000,0.000000,0,1
1789650707.719755,5,18.083327,20.163272,3.089865,19.128000,20.452000,17.878000,20.452000,0.284935,0.825799,0.783426,2.792762,-0.449471,0.424201,0.000000,0.000000,0,1
1789650707.820760,5,18.083327,20.163272,3.089865,19.128000,20.452000,17.878000,20.452000,0.284935,0.825799,0.783426,2.792762,-0.449471,0.424201,0.000000,0.000000,0,1
1789650707.919682,5,18.083327,20.163272,3.089865,19.128000,20.452000,17.878000,20.452000,0.284935,0.825799,0.783426,2.792762,-0.449471,0.424201,0.000000,0.000000,0,1
1789650708.019732,5,18.083327,20.163272,3.089865,19.128000,20.452000,17.878000,20.452000,0.284935,0.825799,0.783426,2.792762,-0.449471,0.424201,0.000000,0.000000,0,1
1789650708.119696,5,18.083327,20.163272,3.089865,19.128000,20.452000,17.878000,20.452000,0.284935,0.825799,0.783426,2.792762,-0.449471,0.424201,0.000000,0.000000,0,1
1789650708.219726,5,18.083327,20.163272,3.089865,19.128000,20.452000,17.878000,20.452000,0.284935,0.825799,0.783426,2.792762,-0.449471,0.424201,0.000000,0.000000,0,1
1789650708.321657,5,18.083327,20.163272,3.089865,19.128000,20.452000,17.878000,20.452000,0.284935,0.825799,0.783426,2.792762,-0.449471,0.424201,0.000000,0.000000,0,1
1789650708.420653,5,18.083327,20.163272,3.089865,19.128000,20.452000,17.878000,20.452000,0.284935,0.825799,0.783426,2.792762,-0.449471,0.424201,0.000000,0.000000,0,1
1789650708.519720,5,18.083327,20.163272,3.089865,19.128000,20.452000,17.878000,20.452000,0.284935,0.825799,0.783426,2.792762,-0.449471,0.424201,0.000000,0.000000,0,1
1789650708.620932,5,18.083327,20.163272,3.089865,19.128000,20.452000,17.878000,20.452000,0.284935,0.825799,0.783426,2.792762,-0.449471,0.424201,0.000000,0.000000,0,1
1789650708.719809,5,18.083327,20.163272,3.089865,19.128000,20.452000,17.878000,20.452000,0.284935,0.825799,0.783426,2.792762,-0.449471,0.424201,0.000000,0.000000,0,1
1789650708.819749,5,18.083327,20.163272,3.089865,19.128000,20.452000,17.878000,20.452000,0.284935,0.825799,0.783426,2.792762,-0.449471,0.424201,0.000000,0.000000,0,1
1789650708.922058,5,18.083327,20.163272,3.089865,19.128000,20.452000,17.878000,20.452000,0.284935,0.825799,0.783426,2.792762,-0.449471,0.424201,0.000000,0.000000,0,1
1789650709.019796,5,18.083327,20.163272,3.089865,19.128000,20.452000,17.878000,20.452000,0.284935,0.825799,0.783426,2.792762,-0.449471,0.424201,0.000000,0.000000,0,1
1789650709.119761,5,18.083327,20.163272,3.089865,19.128000,20.452000,17.878000,20.452000,0.284935,0.825799,0.783426,2.792762,-0.449471,0.424201,0.000000,0.000000,0,1
1789650709.230694,5,18.083327,20.163272,3.089865,19.128000,20.452000,17.878000,20.452000,0.284935,0.825799,0.783426,2.792762,-0.449471,0.424201,0.000000,0.000000,0,1
1789650709.320884,5,18.083327,20.163272,3.089865,19.128000,20.452000,17.878000,20.452000,0.284935,0.825799,0.783426,2.792762,-0.449471,0.424201,0.000000,0.000000,0,1
1789650709.420500,5,18.083327,20.163272,3.089865,19.128000,20.452000,17.878000,20.452000,0.284935,0.825799,0.783426,2.792762,-0.449471,0.424201,0.000000,0.000000,0,1
1789650709.519854,5,18.083327,20.163272,3.089865,19.128000,20.452000,17.878000,20.452000,0.284935,0.825799,0.783426,2.792762,-0.449471,0.424201,0.000000,0.000000,0,1
1789650709.627682,5,18.083327,20.163272,3.089865,19.128000,20.452000,17.878000,20.452000,0.284935,0.825799,0.783426,2.792762,-0.449471,0.424201,0.000000,0.000000,0,1
