time_s,segment,amcl_x,amcl_y,amcl_yaw,start_x,start_y,goal_x,goal_y,cross_track,long_track,lookahead,target_heading,heading_error,remaining_distance,linear_cmd,angular_cmd,safety_stop,finished
1789812528.244426,0,17.966293,20.357428,0.056089,0.000000,0.000000,0.000000,0.000000,0.000000,0.000000,0.000000,0.000000,0.000000,0.000000,0.000000,0.000000,0,0
1789812528.344429,0,17.972567,20.414299,0.042748,0.000000,0.000000,0.000000,0.000000,0.000000,0.000000,0.000000,0.000000,0.000000,0.000000,0.000000,0.000000,0,0
1789812528.444532,0,17.972567,20.414299,0.042748,0.000000,0.000000,0.000000,0.000000,0.000000,0.000000,0.000000,0.000000,0.000000,0.000000,0.000000,0.000000,0,0
1789812528.544467,0,17.972567,20.414299,0.042748,0.000000,0.000000,0.000000,0.000000,0.000000,0.000000,0.000000,0.000000,0.000000,0.000000,0.000000,0.000000,0,0
1789812528.651080,0,17.972567,20.414299,0.042748,0.000000,0.000000,0.000000,0.000000,0.000000,0.000000,0.000000,0.000000,0.000000,0.000000,0.000000,0.000000,0,0
1789812528.744455,0,17.972567,20.414299,0.042748,0.000000,0.000000,0.000000,0.000000,0.000000,0.000000,0.000000,0.000000,0.000000,0.000000,0.000000,0.000000,0,0
1789812528.844598,0,17.972567,20.414299,0.042748,0.000000,0.000000,0.000000,0.000000,0.000000,0.000000,0.000000,0.000000,0.000000,0.000000,0.000000,0.000000,0,0
1789812528.944489,0,17.972567,20.414299,0.042748,0.000000,0.000000,0.000000,0.000000,0.000000,0.000000,0.000000,0.000000,0.000000,0.000000,0.000000,0.000000,0,0
1789812529.044453,0,17.972567,20.414299,0.042748,0.000000,0.000000,0.000000,0.000000,0.000000,0.000000,0.000000,0.000000,0.000000,0.000000,0.000000,0.000000,0,0
1789812529.144478,0,17.972567,20.414299,0.042748,0.000000,0.000000,0.000000,0.000000,0.000000,0.000000,0.000000,0.000000,0.000000,0.000000,0.000000,0.000000,0,0
1789812529.244458,0,17.972567,20.414299,0.042748,0.000000,0.000000,0.000000,0.000000,0.000000,0.000000,0.000000,0.000000,0.000000,0.000000,0.000000,0.000000,0,0
1789812529.344511,0,17.972567,20.414299,0.042748,0.000000,0.000000,0.000000,0.000000,0.000000,0.000000,0.000000,0.000000,0.000000,0.000000,0.000000,0.000000,0,0
1789812529.446955,0,17.972567,20.414299,0.042748,0.000000,0.000000,0.000000,0.000000,0.000000,0.000000,0.000000,0.000000,0.000000,0.000000,0.000000,0.000000,0,0
1789812529.544604,0,17.972567,20.414299,0.042748,0.000000,0.000000,0.000000,0.000000,0.000000,0.000000,0.000000,0.000000,0.000000,0.000000,0.000000,0.000000,0,0
1789812529.644539,0,17.972567,20.414299,0.042748,0.000000,0.000000,0.000000,0.000000,0.000000,0.000000,0.000000,0.000000,0.000000,0.000000,0.000000,0.000000,0,0
1789812529.744503,0,17.972567,20.414299,0.042748,0.000000,0.000000,0.000000,0.000000,0.000000,0.000000,0.000000,0.000000,0.000000,0.000000,0.000000,0.000000,0,0
1789812529.844516,0,17.972567,20.414299,0.042748,0.000000,0.000000,0.000000,0.000000,0.000000,0.000000,0.000000,0.000000,0.000000,0.000000,0.000000,0.000000,0,0
1789812529.944667,0,17.972567,20.414299,0.042748,0.000000,0.000000,0.000000,0.000000,0.000000,0.000000,0.000000,0.000000,0.000000,0.000000,0.000000,0.000000,0,0
1789812530.045701,0,17.972567,20.414299,0.042748,0.000000,0.000000,0.000000,0.000000,0.000000,0.000000,0.000000,0.000000,0.000000,0.000000,0.000000,0.000000,0,0
1789812530.144533,0,17.972567,20.414299,0.042748,0.000000,0.000000,0.000000,0.000000,0.000000,0.000000,0.000000,0.000000,0.000000,0.000000,0.000000,0.000000,0,0
1789812530.245153,0,17.972567,20.414299,0.042748,0.000000,0.000000,0.000000,0.000000,0.000000,0.000000,0.000000,0.000000,0.000000,0.000000,0.000000,0.000000,0,0
1789812530.344823,0,17.972567,20.414299,0.042748,0.000000,0.000000,0.000000,0.000000,0.000000,0.000000,0.000000,0.000000,0.000000,0.000000,0.000000,0.000000,0,0
1789812530.444585,0,17.972567,20.414299,0.042748,0.000000,0.000000,0.000000,0.000000,0.000000,0.000000,0.000000,0.000000,0.000000,0.000000,0.000000,0.000000,0,0
1789812530.544807,0,17.972567,20.414299,0.042748,0.000000,0.000000,0.000000,0.000000,0.000000,0.000000,0.000000,0.000000,0.000000,0.000000,0.000000,0.000000,0,0
1789812530.645293,0,17.972567,20.414299,0.042748,0.000000,0.000000,0.000000,0.000000,0.000000,0.000000,0.000000,0.000000,0.000000,0.000000,0.000000,0.000000,0,0
1789812530.744617,0,17.972567,20.414299,0.042748,0.000000,0.000000,0.000000,0.000000,0.000000,0.000000,0.000000,0.000000,0.000000,0.000000,0.000000,0.000000,0,0
1789812530.844588,0,17.972567,20.414299,0.042748,0.000000,0.000000,0.000000,0.000000,0.000000,0.000000,0.000000,0.000000,0.000000,0.000000,0.000000,0.000000,0,0
1789812530.944604,0,17.972567,20.414299,0.042748,0.000000,0.000000,0.000000,0.000000,0.000000,0.000000,0.000000,0.000000,0.000000,0.000000,0.000000,0.000000,0,0
1789812531.044565,0,17.972567,20.414299,0.042748,0.000000,0.000000,0.000000,0.000000,0.000000,0.000000,0.000000,0.000000,0.000000,0.000000,0.000000,0.000000,0,0
1789812531.144899,0,17.972567,20.414299,0.042748,0.000000,0.000000,0.000000,0.000000,0.000000,0.000000,0.000000,0.000000,0.000000,0.000000,0.000000,0.000000,0,0
1789812531.244610,0,17.972567,20.414299,0.042748,0.000000,0.000000,0.000000,0.000000,0.000000,0.000000,0.000000,0.000000,0.000000,0.000000,0.000000,0.000000,0,0
1789812531.344574,0,17.972567,20.414299,0.042748,0.000000,0.000000,0.000000,0.000000,0.000000,0.000000,0.000000,0.000000,0.000000,0.000000,0.000000,0.000000,0,0
1789812531.444704,0,17.972567,20.414299,0.042748,0.000000,0.000000,0.000000,0.000000,0.000000,0.000000,0.000000,0.000000,0.000000,0.000000,0.000000,0.000000,0,0
1789812531.544592,0,17.972567,20.414299,0.042748,0.000000,0.000000,0.000000,0.000000,0.000000,0.000000,0.000000,0.000000,0.000000,0.000000,0.000000,0.000000,0,0
1789812531.644583,0,17.972567,20.414299,0.042748,0.000000,0.000000,0.000000,0.000000,0.000000,0.000000,0.000000,0.000000,0.000000,0.000000,0.000000,0.000000,0,0
1789812531.744759,0,17.972567,20.414299,0.042748,0.000000,0.000000,0.000000,0.000000,0.000000,0.000000,0.000000,0.000000,0.000000,0.000000,0.000000,0.000000,0,0
1789812531.844618,0,17.972567,20.414299,0.042748,0.000000,0.000000,0.000000,0.000000,0.000000,0.000000,0.000000,0.000000,0.000000,0.000000,0.000000,0.000000,0,0
1789812531.944612,0,17.972567,20.414299,0.042748,0.000000,0.000000,0.000000,0.000000,0.000000,0.000000,0.000000,0.000000,0.000000,0.000000,0.000000,0.000000,0,0
1789812532.044638,0,17.972567,20.414299,0.042748,0.000000,0.000000,0.000000,0.000000,0.000000,0.000000,0.000000,0.000000,0.000000,0.000000,0.000000,0.000000,0,0
1789812532.144703,0,17.972567,20.414299,0.042748,0.000000,0.000000,0.000000,0.000000,0.000000,0.000000,0.000000,0.000000,0.000000,0.000000,0.000000,0.000000,0,0
1789812532.244663,0,17.972567,20.414299,0.042748,0.000000,0.000000,0.000000,0.000000,0.000000,0.000000,0.000000,0.000000,0.000000,0.000000,0.000000,0.000000,0,0
1789812532.344923,0,17.972567,20.414299,0.042748,0.000000,0.000000,0.000000,0.000000,0.000000,0.000000,0.000000,0.000000,0.000000,0.000000,0.000000,0.000000,0,0
1789812532.444624,0,17.972567,20.414299,0.042748,0.000000,0.000000,0.000000,0.000000,0.000000,0.000000,0.000000,0.000000,0.000000,0.000000,0.000000,0.000000,0,0
1789812532.544635,0,17.972567,20.414299,0.042748,0.000000,0.000000,0.000000,0.000000,0.000000,0.000000,0.000000,0.000000,0.000000,0.000000,0.000000,0.000000,0,0
1789812532.644642,0,17.972567,20.414299,0.042748,0.000000,0.000000,0.000000,0.000000,0.000000,0.000000,0.000000,0.000000,0.000000,0.000000,0.000000,0.000000,0,0
1789812532.745000,0,17.972567,20.414299,0.042748,0.000000,0.000000,0.000000,0.000000,0.000000,0.000000,0.000000,0.000000,0.000000,0.000000,0.000000,0.000000,0,0
1789812532.844714,0,17.972567,20.414299,0.042748,0.000000,0.000000,0.000000,0.000000,0.000000,0.000000,0.000000,0.000000,0.000000,0.000000,0.000000,0.000000,0,0
1789812532.944715,0,17.972567,20.414299,0.042748,0.000000,0.000000,0.000000,0.000000,0.000000,0.000000,0.000000,0.000000,0.000000,0.000000,0.000000,0.000000,0,0
1789812533.044735,0,17.972567,20.414299,0.042748,0.000000,0.000000,0.000000,0.000000,0.000000,0.000000,0.000000,0.000000,0.000000,0.000000,0.000000,0.000000,0,0
1789812533.144702,0,17.972567,20.414299,0.042748,0.000000,0.000000,0.000000,0.000000,0.000000,0.000000,0.000000,0.000000,0.000000,0.000000,0.000000,0.000000,0,0
1789812533.244693,0,17.972567,20.414299,0.042748,0.000000,0.000000,0.000000,0.000000,0.000000,0.000000,0.000000,0.000000,0.000000,0.000000,0.000000,0.000000,0,0
1789812533.344682,0,17.972567,20.414299,0.042748,0.000000,0.000000,0.000000,0.000000,0.000000,0.000000,0.000000,0.000000,0.000000,0.000000,0.000000,0.000000,0,0
1789812533.444676,0,17.972567,20.414299,0.042748,0.000000,0.000000,0.000000,0.000000,0.000000,0.000000,0.000000,0.000000,0.000000,0.000000,0.000000,0.000000,0,0
1789812533.544737,0,17.972567,20.414299,0.042748,0.000000,0.000000,0.000000,0.000000,0.000000,0.000000,0.000000,0.000000,0.000000,0.000000,0.000000,0.000000,0,0
1789812533.644676,0,17.972567,20.414299,0.042748,0.000000,0.000000,0.000000,0.000000,0.000000,0.000000,0.000000,0.000000,0.000000,0.000000,0.000000,0.000000,0,0
1789812533.744717,0,17.972567,20.414299,0.042748,0.000000,0.000000,0.000000,0.000000,0.000000,0.000000,0.000000,0.000000,0.000000,0.000000,0.000000,0.000000,0,0
1789812533.844688,0,17.972567,20.414299,0.042748,0.000000,0.000000,0.000000,0.000000,0.000000,0.000000,0.000000,0.000000,0.000000,0.000000,0.000000,0.000000,0,0
1789812533.944890,0,17.972567,20.414299,0.042748,0.000000,0.000000,0.000000,0.000000,0.000000,0.000000,0.000000,0.000000,0.000000,0.000000,0.000000,0.000000,0,0
1789812534.045440,0,17.972567,20.414299,0.042748,0.000000,0.000000,0.000000,0.000000,0.000000,0.000000,0.000000,0.000000,0.000000,0.000000,0.000000,0.000000,0,0
1789812534.144717,0,17.972567,20.414299,0.042748,0.000000,0.000000,0.000000,0.000000,0.000000,0.000000,0.000000,0.000000,0.000000,0.000000,0.000000,0.000000,0,0
1789812534.244734,0,17.972567,20.414299,0.042748,0.000000,0.000000,0.000000,0.000000,0.000000,0.000000,0.000000,0.000000,0.000000,0.000000,0.000000,0.000000,0,0
1789812534.344819,0,17.972567,20.414299,0.042748,0.000000,0.000000,0.000000,0.000000,0.000000,0.000000,0.000000,0.000000,0.000000,0.000000,0.000000,0.000000,0,0
1789812534.444813,0,17.972567,20.414299,0.042748,0.000000,0.000000,0.000000,0.000000,0.000000,0.000000,0.000000,0.000000,0.000000,0.000000,0.000000,0.000000,0,0
1789812534.544790,0,17.972567,20.414299,0.042748,0.000000,0.000000,0.000000,0.000000,0.000000,0.000000,0.000000,0.000000,0.000000,0.000000,0.000000,0.000000,0,0
1789812534.646835,0,17.972567,20.414299,0.042748,0.000000,0.000000,0.000000,0.000000,0.000000,0.000000,0.000000,0.000000,0.000000,0.000000,0.000000,0.000000,0,0
1789812534.744822,0,17.972567,20.414299,0.042748,0.000000,0.000000,0.000000,0.000000,0.000000,0.000000,0.000000,0.000000,0.000000,0.000000,0.000000,0.000000,0,0
1789812534.844800,0,17.972567,20.414299,0.042748,0.000000,0.000000,0.000000,0.000000,0.000000,0.000000,0.000000,0.000000,0.000000,0.000000,0.000000,0.000000,0,0
1789812534.944806,0,17.972567,20.414299,0.042748,0.000000,0.000000,0.000000,0.000000,0.000000,0.000000,0.000000,0.000000,0.000000,0.000000,0.000000,0.000000,0,0
1789812535.044768,0,17.972567,20.414299,0.042748,0.000000,0.000000,0.000000,0.000000,0.000000,0.000000,0.000000,0.000000,0.000000,0.000000,0.000000,0.000000,0,0
1789812535.144775,0,17.972567,20.414299,0.042748,0.000000,0.000000,0.000000,0.000000,0.000000,0.000000,0.000000,0.000000,0.000000,0.000000,0.000000,0.000000,0,0
1789812535.244765,0,17.972567,20.414299,0.042748,0.000000,0.000000,0.000000,0.000000,0.000000,0.000000,0.000000,0.000000,0.000000,0.000000,0.000000,0.000000,0,0
1789812535.345099,0,17.972567,20.414299,0.042748,0.000000,0.000000,0.000000,0.000000,0.000000,0.000000,0.000000,0.000000,0.000000,0.000000,0.000000,0.000000,0,0
1789812535.444829,0,17.972567,20.414299,0.042748,0.000000,0.000000,0.000000,0.000000,0.000000,0.000000,0.000000,0.000000,0.000000,0.000000,0.000000,0.000000,0,0
1789812535.544961,0,17.972567,20.414299,0.042748,0.000000,0.000000,0.000000,0.000000,0.000000,0.000000,0.000000,0.000000,0.000000,0.000000,0.000000,0.000000,0,0
1789812535.647612,0,17.972567,20.414299,0.042748,0.000000,0.000000,0.000000,0.000000,0.000000,0.000000,0.000000,0.000000,0.000000,0.000000,0.000000,0.000000,0,0
1789812535.749152,0,17.972567,20.414299,0.042748,0.000000,0.000000,0.000000,0.000000,0.000000,0.000000,0.000000,0.000000,0.000000,0.000000,0.000000,0.000000,0,0
1789812535.844843,0,17.972567,20.414299,0.042748,0.000000,0.000000,0.000000,0.000000,0.000000,0.000000,0.000000,0.000000,0.000000,0.000000,0.000000,0.000000,0,0
1789812535.944825,0,17.972567,20.414299,0.042748,0.000000,0.000000,0.000000,0.000000,0.000000,0.000000,0.000000,0.000000,0.000000,0.000000,0.000000,0.000000,0,0
1789812536.044804,0,17.972567,20.414299,0.042748,0.000000,0.000000,0.000000,0.000000,0.000000,0.000000,0.000000,0.000000,0.000000,0.000000,0.000000,0.000000,0,0
1789812536.144883,0,17.972567,20.414299,0.042748,0.000000,0.000000,0.000000,0.000000,0.000000,0.000000,0.000000,0.000000,0.000000,0.000000,0.000000,0.000000,0,0
1789812536.244866,0,17.972567,20.414299,0.042748,0.000000,0.000000,0.000000,0.000000,0.000000,0.000000,0.000000,0.000000,0.000000,0.000000,0.000000,0.000000,0,0
1789812536.344851,0,17.778496,20.875851,0.075753,0.000000,0.000000,0.000000,0.000000,0.000000,0.000000,0.000000,0.000000,0.000000,0.000000,0.000000,0.000000,0,0
1789812536.444880,0,17.864079,20.875374,0.061971,0.000000,0.000000,0.000000,0.000000,0.000000,0.000000,0.000000,0.000000,0.000000,0.000000,0.000000,0.000000,0,0
1789812536.546692,0,17.864079,20.875374,0.061971,0.000000,0.000000,0.000000,0.000000,0.000000,0.000000,0.000000,0.000000,0.000000,0.000000,0.000000,0.000000,0,0
1789812536.644892,0,17.864079,20.875374,0.061971,0.000000,0.000000,0.000000,0.000000,0.000000,0.000000,0.000000,0.000000,0.000000,0.000000,0.000000,0.000000,0,0
1789812536.745100,0,17.864079,20.875374,0.061971,0.000000,0.000000,0.000000,0.000000,0.000000,0.000000,0.000000,0.000000,0.000000,0.000000,0.000000,0.000000,0,0
1789812536.844997,0,17.864079,20.875374,0.061971,0.000000,0.000000,0.000000,0.000000,0.000000,0.000000,0.000000,0.000000,0.000000,0.000000,0.000000,0.000000,0,0
1789812536.944950,0,17.864079,20.875374,0.061971,0.000000,0.000000,0.000000,0.000000,0.000000,0.000000,0.000000,0.000000,0.000000,0.000000,0.000000,0.000000,0,0
1789812537.044874,0,17.864079,20.875374,0.061971,0.000000,0.000000,0.000000,0.000000,0.000000,0.000000,0.000000,0.000000,0.000000,0.000000,0.000000,0.000000,0,0
1789812537.145100,0,17.864079,20.875374,0.061971,0.000000,0.000000,0.000000,0.000000,0.000000,0.000000,0.000000,0.000000,0.000000,0.000000,0.000000,0.000000,0,0
1789812537.244902,0,17.864079,20.875374,0.061971,0.000000,0.000000,0.000000,0.000000,0.000000,0.000000,0.000000,0.000000,0.000000,0.000000,0.000000,0.000000,0,0
1789812537.344921,0,17.864079,20.875374,0.061971,0.000000,0.000000,0.000000,0.000000,0.000000,0.000000,0.000000,0.000000,0.000000,0.000000,0.000000,0.000000,0,0
1789812537.444898,0,17.864079,20.875374,0.061971,0.000000,0.000000,0.000000,0.000000,0.000000,0.000000,0.000000,0.000000,0.000000,0.000000,0.000000,0.000000,0,0
1789812537.544978,0,17.864079,20.875374,0.061971,0.000000,0.000000,0.000000,0.000000,0.000000,0.000000,0.000000,0.000000,0.000000,0.000000,0.000000,0.000000,0,0
1789812537.644905,0,17.864079,20.875374,0.061971,0.000000,0.000000,0.000000,0.000000,0.000000,0.000000,0.000000,0.000000,0.000000,0.000000,0.000000,0.000000,0,0
1789812537.744946,0,17.864079,20.875374,0.061971,0.000000,0.000000,0.000000,0.000000,0.000000,0.000000,0.000000,0.000000,0.000000,0.000000,0.000000,0.000000,0,0
1789812537.845432,0,17.864079,20.875374,0.061971,0.000000,0.000000,0.000000,0.000000,0.000000,0.000000,0.000000,0.000000,0.000000,0.000000,0.000000,0.000000,0,0
1789812537.944908,0,17.864079,20.875374,0.061971,0.000000,0.000000,0.000000,0.000000,0.000000,0.000000,0.000000,0.000000,0.000000,0.000000,0.000000,0.000000,0,0
1789812538.044918,0,17.864079,20.875374,0.061971,0.000000,0.000000,0.000000,0.000000,0.000000,0.000000,0.000000,0.000000,0.000000,0.000000,0.000000,0.000000,0,0
1789812538.144933,0,17.864079,20.875374,0.061971,0.000000,0.000000,0.000000,0.000000,0.000000,0.000000,0.000000,0.000000,0.000000,0.000000,0.000000,0.000000,0,0
1789812538.244948,0,17.864079,20.875374,0.061971,0.000000,0.000000,0.000000,0.000000,0.000000,0.000000,0.000000,0.000000,0.000000,0.000000,0.000000,0.000000,0,0
1789812538.344902,0,17.864079,20.875374,0.061971,0.000000,0.000000,0.000000,0.000000,0.000000,0.000000,0.000000,0.000000,0.000000,0.000000,0.000000,0.000000,0,0
1789812538.445135,0,17.864079,20.875374,0.061971,0.000000,0.000000,0.000000,0.000000,0.000000,0.000000,0.000000,0.000000,0.000000,0.000000,0.000000,0.000000,0,0
1789812538.544967,0,17.864079,20.875374,0.061971,0.000000,0.000000,0.000000,0.000000,0.000000,0.000000,0.000000,0.000000,0.000000,0.000000,0.000000,0.000000,0,0
1789812538.645005,0,17.864079,20.875374,0.061971,0.000000,0.000000,0.000000,0.000000,0.000000,0.000000,0.000000,0.000000,0.000000,0.000000,0.000000,0.000000,0,0
1789812538.744953,0,17.864079,20.875374,0.061971,0.000000,0.000000,0.000000,0.000000,0.000000,0.000000,0.000000,0.000000,0.000000,0.000000,0.000000,0.000000,0,0
1789812538.844907,0,17.864079,20.875374,0.061971,0.000000,0.000000,0.000000,0.000000,0.000000,0.000000,0.000000,0.000000,0.000000,0.000000,0.000000,0.000000,0,0
1789812538.944972,0,17.864079,20.875374,0.061971,0.000000,0.000000,0.000000,0.000000,0.000000,0.000000,0.000000,0.000000,0.000000,0.000000,0.000000,0.000000,0,0
1789812539.044967,0,17.864079,20.875374,0.061971,0.000000,0.000000,0.000000,0.000000,0.000000,0.000000,0.000000,0.000000,0.000000,0.000000,0.000000,0.000000,0,0
1789812539.145629,0,17.864079,20.875374,0.061971,0.000000,0.000000,0.000000,0.000000,0.000000,0.000000,0.000000,0.000000,0.000000,0.000000,0.000000,0.000000,0,0
1789812539.244965,0,17.864079,20.875374,0.061971,0.000000,0.000000,0.000000,0.000000,0.000000,0.000000,0.000000,0.000000,0.000000,0.000000,0.000000,0.000000,0,0
1789812539.345020,0,17.864079,20.875374,0.061971,0.000000,0.000000,0.000000,0.000000,0.000000,0.000000,0.000000,0.000000,0.000000,0.000000,0.000000,0.000000,0,0
1789812539.445032,0,17.864079,20.875374,0.061971,0.000000,0.000000,0.000000,0.000000,0.000000,0.000000,0.000000,0.000000,0.000000,0.000000,0.000000,0.000000,0,0
1789812539.545029,0,17.864079,20.875374,0.061971,0.000000,0.000000,0.000000,0.000000,0.000000,0.000000,0.000000,0.000000,0.000000,0.000000,0.000000,0.000000,0,0
1789812539.645081,0,17.864079,20.875374,0.061971,0.000000,0.000000,0.000000,0.000000,0.000000,0.000000,0.000000,0.000000,0.000000,0.000000,0.000000,0.000000,0,0
1789812539.747072,0,17.864079,20.875374,0.061971,0.000000,0.000000,0.000000,0.000000,0.000000,0.000000,0.000000,0.000000,0.000000,0.000000,0.000000,0.000000,0,0
1789812539.845749,0,17.864079,20.875374,0.061971,0.000000,0.000000,0.000000,0.000000,0.000000,0.000000,0.000000,0.000000,0.000000,0.000000,0.000000,0.000000,0,0
1789812539.945034,0,17.864079,20.875374,0.061971,0.000000,0.000000,0.000000,0.000000,0.000000,0.000000,0.000000,0.000000,0.000000,0.000000,0.000000,0.000000,0,0
1789812540.045471,0,17.864079,20.875374,0.061971,0.000000,0.000000,0.000000,0.000000,0.000000,0.000000,0.000000,0.000000,0.000000,0.000000,0.000000,0.000000,0,0
1789812540.145064,0,17.864079,20.875374,0.061971,0.000000,0.000000,0.000000,0.000000,0.000000,0.000000,0.000000,0.000000,0.000000,0.000000,0.000000,0.000000,0,0
1789812540.245049,0,17.864079,20.875374,0.061971,0.000000,0.000000,0.000000,0.000000,0.000000,0.000000,0.000000,0.000000,0.000000,0.000000,0.000000,0.000000,0,0
1789812540.345091,0,17.864079,20.875374,0.061971,0.000000,0.000000,0.000000,0.000000,0.000000,0.000000,0.000000,0.000000,0.000000,0.000000,0.000000,0.000000,0,0
1789812540.445474,0,17.864079,20.875374,0.061971,0.000000,0.000000,0.000000,0.000000,0.000000,0.000000,0.000000,0.000000,0.000000,0.000000,0.000000,0.000000,0,0
1789812540.545094,0,17.864079,20.875374,0.061971,0.000000,0.000000,0.000000,0.000000,0.000000,0.000000,0.000000,0.000000,0.000000,0.000000,0.000000,0.000000,0,0
1789812540.645115,0,17.864079,20.875374,0.061971,0.000000,0.000000,0.000000,0.000000,0.000000,0.000000,0.000000,0.000000,0.000000,0.000000,0.000000,0.000000,0,0
1789812540.746214,0,17.864079,20.875374,0.061971,0.000000,0.000000,0.000000,0.000000,0.000000,0.000000,0.000000,0.000000,0.000000,0.000000,0.000000,0.000000,0,0
1789812540.845082,0,17.864079,20.875374,0.061971,0.000000,0.000000,0.000000,0.000000,0.000000,0.000000,0.000000,0.000000,0.000000,0.000000,0.000000,0.000000,0,0
1789812540.945103,0,17.864079,20.875374,0.061971,0.000000,0.000000,0.000000,0.000000,0.000000,0.000000,0.000000,0.000000,0.000000,0.000000,0.000000,0.000000,0,0
1789812541.045092,0,17.864079,20.875374,0.061971,0.000000,0.000000,0.000000,0.000000,0.000000,0.000000,0.000000,0.000000,0.000000,0.000000,0.000000,0.000000,0,0
1789812541.145113,0,17.864079,20.875374,0.061971,0.000000,0.000000,0.000000,0.000000,0.000000,0.000000,0.000000,0.000000,0.000000,0.000000,0.000000,0.000000,0,0
1789812541.245107,0,17.864079,20.875374,0.061971,0.000000,0.000000,0.000000,0.000000,0.000000,0.000000,0.000000,0.000000,0.000000,0.000000,0.000000,0.000000,0,0
1789812541.345114,0,17.864079,20.875374,0.061971,0.000000,0.000000,0.000000,0.000000,0.000000,0.000000,0.000000,0.000000,0.000000,0.000000,0.000000,0.000000,0,0
1789812541.445161,0,17.864079,20.875374,0.061971,0.000000,0.000000,0.000000,0.000000,0.000000,0.000000,0.000000,0.000000,0.000000,0.000000,0.000000,0.000000,0,0
1789812541.545123,0,17.864079,20.875374,0.061971,0.000000,0.000000,0.000000,0.000000,0.000000,0.000000,0.000000,0.000000,0.000000,0.000000,0.000000,0.000000,0,0
1789812541.645154,0,17.864079,20.875374,0.061971,0.000000,0.000000,0.000000,0.000000,0.000000,0.000000,0.000000,0.000000,0.000000,0.000000,0.000000,0.000000,0,0
1789812541.745204,0,17.864079,20.875374,0.061971,0.000000,0.000000,0.000000,0.000000,0.000000,0.000000,0.000000,0.000000,0.000000,0.000000,0.000000,0.000000,0,0
1789812541.845145,0,17.864079,20.875374,0.061971,0.000000,0.000000,0.000000,0.000000,0.000000,0.000000,0.000000,0.000000,0.000000,0.000000,0.000000,0.000000,0,0
1789812541.945165,0,17.864079,20.875374,0.061971,0.000000,0.000000,0.000000,0.000000,0.000000,0.000000,0.000000,0.000000,0.000000,0.000000,0.000000,0.000000,0,0
1789812542.045156,0,17.864079,20.875374,0.061971,0.000000,0.000000,0.000000,0.000000,0.000000,0.000000,0.000000,0.000000,0.000000,0.000000,0.000000,0.000000,0,0
1789812542.145176,0,17.864079,20.875374,0.061971,0.000000,0.000000,0.000000,0.000000,0.000000,0.000000,0.000000,0.000000,0.000000,0.000000,0.000000,0.000000,0,0
1789812542.246696,0,17.864079,20.875374,0.061971,0.000000,0.000000,0.000000,0.000000,0.000000,0.000000,0.000000,0.000000,0.000000,0.000000,0.000000,0.000000,0,0
1789812542.345203,0,17.864079,20.875374,0.061971,0.000000,0.000000,0.000000,0.000000,0.000000,0.000000,0.000000,0.000000,0.000000,0.000000,0.000000,0.000000,0,0
1789812542.447145,0,17.864079,20.875374,0.061971,0.000000,0.000000,0.000000,0.000000,0.000000,0.000000,0.000000,0.000000,0.000000,0.000000,0.000000,0.000000,0,0
1789812542.545449,0,17.864079,20.875374,0.061971,0.000000,0.000000,0.000000,0.000000,0.000000,0.000000,0.000000,0.000000,0.000000,0.000000,0.000000,0.000000,0,0
1789812542.645144,0,17.864079,20.875374,0.061971,0.000000,0.000000,0.000000,0.000000,0.000000,0.000000,0.000000,0.000000,0.000000,0.000000,0.000000,0.000000,0,0
1789812542.745159,0,17.864079,20.875374,0.061971,0.000000,0.000000,0.000000,0.000000,0.000000,0.000000,0.000000,0.000000,0.000000,0.000000,0.000000,0.000000,0,0
1789812542.845212,0,17.864079,20.875374,0.061971,0.000000,0.000000,0.000000,0.000000,0.000000,0.000000,0.000000,0.000000,0.000000,0.000000,0.000000,0.000000,0,0
1789812542.945196,0,17.864079,20.875374,0.061971,0.000000,0.000000,0.000000,0.000000,0.000000,0.000000,0.000000,0.000000,0.000000,0.000000,0.000000,0.000000,0,0
1789812543.045207,0,17.864079,20.875374,0.061971,0.000000,0.000000,0.000000,0.000000,0.000000,0.000000,0.000000,0.000000,0.000000,0.000000,0.000000,0.000000,0,0
1789812543.145684,0,17.864079,20.875374,0.061971,0.000000,0.000000,0.000000,0.000000,0.000000,0.000000,0.000000,0.000000,0.000000,0.000000,0.000000,0.000000,0,0
1789812543.245231,0,17.864079,20.875374,0.061971,0.000000,0.000000,0.000000,0.000000,0.000000,0.000000,0.000000,0.000000,0.000000,0.000000,0.000000,0.000000,0,0
1789812543.345246,0,17.864079,20.875374,0.061971,0.000000,0.000000,0.000000,0.000000,0.000000,0.000000,0.000000,0.000000,0.000000,0.000000,0.000000,0.000000,0,0
1789812543.445159,0,17.864079,20.875374,0.061971,0.000000,0.000000,0.000000,0.000000,0.000000,0.000000,0.000000,0.000000,0.000000,0.000000,0.000000,0.000000,0,0
1789812543.545183,0,17.864079,20.875374,0.061971,0.000000,0.000000,0.000000,0.000000,0.000000,0.000000,0.000000,0.000000,0.000000,0.000000,0.000000,0.000000,0,0
1789812543.645584,0,17.864079,20.875374,0.061971,0.000000,0.000000,0.000000,0.000000,0.000000,0.000000,0.000000,0.000000,0.000000,0.000000,0.000000,0.000000,0,0
1789812543.745249,0,17.864079,20.875374,0.061971,0.000000,0.000000,0.000000,0.000000,0.000000,0.000000,0.000000,0.000000,0.000000,0.000000,0.000000,0.000000,0,0
1789812543.845267,0,17.864079,20.875374,0.061971,0.000000,0.000000,0.000000,0.000000,0.000000,0.000000,0.000000,0.000000,0.000000,0.000000,0.000000,0.000000,0,0
1789812543.946243,0,17.864079,20.875374,0.061971,0.000000,0.000000,0.000000,0.000000,0.000000,0.000000,0.000000,0.000000,0.000000,0.000000,0.000000,0.000000,0,0
1789812544.045382,0,17.864079,20.875374,0.061971,0.000000,0.000000,0.000000,0.000000,0.000000,0.000000,0.000000,0.000000,0.000000,0.000000,0.000000,0.000000,0,0
1789812544.145222,0,17.864079,20.875374,0.061971,0.000000,0.000000,0.000000,0.000000,0.000000,0.000000,0.000000,0.000000,0.000000,0.000000,0.000000,0.000000,0,0
1789812544.245286,0,17.864079,20.875374,0.061971,0.000000,0.000000,0.000000,0.000000,0.000000,0.000000,0.000000,0.000000,0.000000,0.000000,0.000000,0.000000,0,0
1789812544.345249,0,17.864079,20.875374,0.061971,0.000000,0.000000,0.000000,0.000000,0.000000,0.000000,0.000000,0.000000,0.000000,0.000000,0.000000,0.000000,0,0
1789812544.445273,0,17.864079,20.875374,0.061971,0.000000,0.000000,0.000000,0.000000,0.000000,0.000000,0.000000,0.000000,0.000000,0.000000,0.000000,0.000000,0,0
1789812544.545698,0,17.864079,20.875374,0.061971,0.000000,0.000000,0.000000,0.000000,0.000000,0.000000,0.000000,0.000000,0.000000,0.000000,0.000000,0.000000,0,0
1789812544.645324,0,17.864079,20.875374,0.061971,0.000000,0.000000,0.000000,0.000000,0.000000,0.000000,0.000000,0.000000,0.000000,0.000000,0.000000,0.000000,0,0
1789812544.746489,0,17.864079,20.875374,0.061971,0.000000,0.000000,0.000000,0.000000,0.000000,0.000000,0.000000,0.000000,0.000000,0.000000,0.000000,0.000000,0,0
1789812544.845306,0,17.864079,20.875374,0.061971,0.000000,0.000000,0.000000,0.000000,0.000000,0.000000,0.000000,0.000000,0.000000,0.000000,0.000000,0.000000,0,0
1789812544.945728,0,17.864079,20.875374,0.061971,0.000000,0.000000,0.000000,0.000000,0.000000,0.000000,0.000000,0.000000,0.000000,0.000000,0.000000,0.000000,0,0
1789812545.045344,0,17.864079,20.875374,0.061971,0.000000,0.000000,0.000000,0.000000,0.000000,0.000000,0.000000,0.000000,0.000000,0.000000,0.000000,0.000000,0,0
1789812545.145327,0,17.864079,20.875374,0.061971,0.000000,0.000000,0.000000,0.000000,0.000000,0.000000,0.000000,0.000000,0.000000,0.000000,0.000000,0.000000,0,0
1789812545.245856,0,17.864079,20.875374,0.061971,0.000000,0.000000,0.000000,0.000000,0.000000,0.000000,0.000000,0.000000,0.000000,0.000000,0.000000,0.000000,0,0
1789812545.345282,0,17.864079,20.875374,0.061971,0.000000,0.000000,0.000000,0.000000,0.000000,0.000000,0.000000,0.000000,0.000000,0.000000,0.000000,0.000000,0,0
1789812545.446932,0,17.864079,20.875374,0.061971,0.000000,0.000000,0.000000,0.000000,0.000000,0.000000,0.000000,0.000000,0.000000,0.000000,0.000000,0.000000,0,0
1789812545.545328,0,17.864079,20.875374,0.061971,0.000000,0.000000,0.000000,0.000000,0.000000,0.000000,0.000000,0.000000,0.000000,0.000000,0.000000,0.000000,0,0
1789812545.645324,0,17.864079,20.875374,0.061971,0.000000,0.000000,0.000000,0.000000,0.000000,0.000000,0.000000,0.000000,0.000000,0.000000,0.000000,0.000000,0,0
1789812545.745330,0,17.864079,20.875374,0.061971,0.000000,0.000000,0.000000,0.000000,0.000000,0.000000,0.000000,0.000000,0.000000,0.000000,0.000000,0.000000,0,0
1789812545.845581,0,17.864079,20.875374,0.061971,0.000000,0.000000,0.000000,0.000000,0.000000,0.000000,0.000000,0.000000,0.000000,0.000000,0.000000,0.000000,0,0
1789812545.945590,0,17.864079,20.875374,0.061971,0.000000,0.000000,0.000000,0.000000,0.000000,0.000000,0.000000,0.000000,0.000000,0.000000,0.000000,0.000000,0,0
1789812546.045337,0,17.864079,20.875374,0.061971,0.000000,0.000000,0.000000,0.000000,0.000000,0.000000,0.000000,0.000000,0.000000,0.000000,0.000000,0.000000,0,0
1789812546.145357,0,17.864079,20.875374,0.061971,0.000000,0.000000,0.000000,0.000000,0.000000,0.000000,0.000000,0.000000,0.000000,0.000000,0.000000,0.000000,0,0
1789812546.245358,0,17.864079,20.875374,0.061971,0.000000,0.000000,0.000000,0.000000,0.000000,0.000000,0.000000,0.000000,0.000000,0.000000,0.000000,0.000000,0,0
1789812546.345325,0,17.864079,20.875374,0.061971,0.000000,0.000000,0.000000,0.000000,0.000000,0.000000,0.000000,0.000000,0.000000,0.000000,0.000000,0.000000,0,0
1789812546.445367,0,17.864079,20.875374,0.061971,0.000000,0.000000,0.000000,0.000000,0.000000,0.000000,0.000000,0.000000,0.000000,0.000000,0.000000,0.000000,0,0
1789812546.546965,0,17.864079,20.875374,0.061971,0.000000,0.000000,0.000000,0.000000,0.000000,0.000000,0.000000,0.000000,0.000000,0.000000,0.000000,0.000000,0,0
1789812546.645374,0,17.864079,20.875374,0.061971,0.000000,0.000000,0.000000,0.000000,0.000000,0.000000,0.000000,0.000000,0.000000,0.000000,0.000000,0.000000,0,0
1789812546.745353,0,17.864079,20.875374,0.061971,0.000000,0.000000,0.000000,0.000000,0.000000,0.000000,0.000000,0.000000,0.000000,0.000000,0.000000,0.000000,0,0
1789812546.845407,0,17.864079,20.875374,0.061971,0.000000,0.000000,0.000000,0.000000,0.000000,0.000000,0.000000,0.000000,0.000000,0.000000,0.000000,0.000000,0,0
1789812546.945366,0,17.864079,20.875374,0.061971,0.000000,0.000000,0.000000,0.000000,0.000000,0.000000,0.000000,0.000000,0.000000,0.000000,0.000000,0.000000,0,0
1789812547.045770,0,17.864079,20.875374,0.061971,0.000000,0.000000,0.000000,0.000000,0.000000,0.000000,0.000000,0.000000,0.000000,0.000000,0.000000,0.000000,0,0
1789812547.145613,0,17.864079,20.875374,0.061971,0.000000,0.000000,0.000000,0.000000,0.000000,0.000000,0.000000,0.000000,0.000000,0.000000,0.000000,0.000000,0,0
1789812547.245381,0,17.864079,20.875374,0.061971,0.000000,0.000000,0.000000,0.000000,0.000000,0.000000,0.000000,0.000000,0.000000,0.000000,0.000000,0.000000,0,0
1789812547.345420,0,17.864079,20.875374,0.061971,0.000000,0.000000,0.000000,0.000000,0.000000,0.000000,0.000000,0.000000,0.000000,0.000000,0.000000,0.000000,0,0
1789812547.445415,0,17.864079,20.875374,0.061971,0.000000,0.000000,0.000000,0.000000,0.000000,0.000000,0.000000,0.000000,0.000000,0.000000,0.000000,0.000000,0,0
1789812547.545337,0,17.864079,20.875374,0.061971,0.000000,0.000000,0.000000,0.000000,0.000000,0.000000,0.000000,0.000000,0.000000,0.000000,0.000000,0.000000,0,0
1789812547.645389,0,17.864079,20.875374,0.061971,0.000000,0.000000,0.000000,0.000000,0.000000,0.000000,0.000000,0.000000,0.000000,0.000000,0.000000,0.000000,0,0
1789812547.745869,0,17.864079,20.875374,0.061971,0.000000,0.000000,0.000000,0.000000,0.000000,0.000000,0.000000,0.000000,0.000000,0.000000,0.000000,0.000000,0,0
1789812547.845426,0,17.864079,20.875374,0.061971,0.000000,0.000000,0.000000,0.000000,0.000000,0.000000,0.000000,0.000000,0.000000,0.000000,0.000000,0.000000,0,0
1789812547.945424,0,17.864079,20.875374,0.061971,0.000000,0.000000,0.000000,0.000000,0.000000,0.000000,0.000000,0.000000,0.000000,0.000000,0.000000,0.000000,0,0
1789812548.045389,0,17.864079,20.875374,0.061971,0.000000,0.000000,0.000000,0.000000,0.000000,0.000000,0.000000,0.000000,0.000000,0.000000,0.000000,0.000000,0,0
1789812548.146271,0,17.864079,20.875374,0.061971,0.000000,0.000000,0.000000,0.000000,0.000000,0.000000,0.000000,0.000000,0.000000,0.000000,0.000000,0.000000,0,0
1789812548.245719,0,17.864079,20.875374,0.061971,0.000000,0.000000,0.000000,0.000000,0.000000,0.000000,0.000000,0.000000,0.000000,0.000000,0.000000,0.000000,0,0
1789812548.345762,0,17.864079,20.875374,0.061971,0.000000,0.000000,0.000000,0.000000,0.000000,0.000000,0.000000,0.000000,0.000000,0.000000,0.000000,0.000000,0,0
1789812548.445434,0,17.864079,20.875374,0.061971,0.000000,0.000000,0.000000,0.000000,0.000000,0.000000,0.000000,0.000000,0.000000,0.000000,0.000000,0.000000,0,0
1789812548.546072,0,17.864079,20.875374,0.061971,0.000000,0.000000,0.000000,0.000000,0.000000,0.000000,0.000000,0.000000,0.000000,0.000000,0.000000,0.000000,0,0
1789812548.645415,0,17.864079,20.875374,0.061971,0.000000,0.000000,0.000000,0.000000,0.000000,0.000000,0.000000,0.000000,0.000000,0.000000,0.000000,0.000000,0,0
1789812548.745747,0,17.864079,20.875374,0.061971,0.000000,0.000000,0.000000,0.000000,0.000000,0.000000,0.000000,0.000000,0.000000,0.000000,0.000000,0.000000,0,0
1789812548.845464,0,17.864079,20.875374,0.061971,0.000000,0.000000,0.000000,0.000000,0.000000,0.000000,0.000000,0.000000,0.000000,0.000000,0.000000,0.000000,0,0
1789812548.945458,0,17.864079,20.875374,0.061971,0.000000,0.000000,0.000000,0.000000,0.000000,0.000000,0.000000,0.000000,0.000000,0.000000,0.000000,0.000000,0,0
1789812549.045464,0,17.864079,20.875374,0.061971,0.000000,0.000000,0.000000,0.000000,0.000000,0.000000,0.000000,0.000000,0.000000,0.000000,0.000000,0.000000,0,0
1789812549.145487,0,17.864079,20.875374,0.061971,0.000000,0.000000,0.000000,0.000000,0.000000,0.000000,0.000000,0.000000,0.000000,0.000000,0.000000,0.000000,0,0
1789812549.245634,0,17.864079,20.875374,0.061971,0.000000,0.000000,0.000000,0.000000,0.000000,0.000000,0.000000,0.000000,0.000000,0.000000,0.000000,0.000000,0,0
1789812549.345678,0,17.864079,20.875374,0.061971,0.000000,0.000000,0.000000,0.000000,0.000000,0.000000,0.000000,0.000000,0.000000,0.000000,0.000000,0.000000,0,0
1789812549.446082,0,17.864079,20.875374,0.061971,0.000000,0.000000,0.000000,0.000000,0.000000,0.000000,0.000000,0.000000,0.000000,0.000000,0.000000,0.000000,0,0
1789812549.545570,0,17.864079,20.875374,0.061971,0.000000,0.000000,0.000000,0.000000,0.000000,0.000000,0.000000,0.000000,0.000000,0.000000,0.000000,0.000000,0,0
1789812549.645491,0,17.864079,20.875374,0.061971,0.000000,0.000000,0.000000,0.000000,0.000000,0.000000,0.000000,0.000000,0.000000,0.000000,0.000000,0.000000,0,0
1789812549.745518,0,17.864079,20.875374,0.061971,0.000000,0.000000,0.000000,0.000000,0.000000,0.000000,0.000000,0.000000,0.000000,0.000000,0.000000,0.000000,0,0
1789812549.846831,0,17.864079,20.875374,0.061971,0.000000,0.000000,0.000000,0.000000,0.000000,0.000000,0.000000,0.000000,0.000000,0.000000,0.000000,0.000000,0,0
1789812549.945524,0,17.864079,20.875374,0.061971,0.000000,0.000000,0.000000,0.000000,0.000000,0.000000,0.000000,0.000000,0.000000,0.000000,0.000000,0.000000,0,0
1789812550.045605,0,17.864079,20.875374,0.061971,0.000000,0.000000,0.000000,0.000000,0.000000,0.000000,0.000000,0.000000,0.000000,0.000000,0.000000,0.000000,0,0
1789812550.147015,0,17.864079,20.875374,0.061971,0.000000,0.000000,0.000000,0.000000,0.000000,0.000000,0.000000,0.000000,0.000000,0.000000,0.000000,0.000000,0,0
1789812550.245778,0,17.864079,20.875374,0.061971,0.000000,0.000000,0.000000,0.000000,0.000000,0.000000,0.000000,0.000000,0.000000,0.000000,0.000000,0.000000,0,0
1789812550.345585,0,17.864079,20.875374,0.061971,0.000000,0.000000,0.000000,0.000000,0.000000,0.000000,0.000000,0.000000,0.000000,0.000000,0.000000,0.000000,0,0
1789812550.445535,0,17.864079,20.875374,0.061971,0.000000,0.000000,0.000000,0.000000,0.000000,0.000000,0.000000,0.000000,0.000000,0.000000,0.000000,0.000000,0,0
1789812550.545593,0,17.864079,20.875374,0.061971,0.000000,0.000000,0.000000,0.000000,0.000000,0.000000,0.000000,0.000000,0.000000,0.000000,0.000000,0.000000,0,0
1789812550.645567,0,17.864079,20.875374,0.061971,0.000000,0.000000,0.000000,0.000000,0.000000,0.000000,0.000000,0.000000,0.000000,0.000000,0.000000,0.000000,0,0
1789812550.745728,0,17.864079,20.875374,0.061971,0.000000,0.000000,0.000000,0.000000,0.000000,0.000000,0.000000,0.000000,0.000000,0.000000,0.000000,0.000000,0,0
1789812550.851959,0,17.864079,20.875374,0.061971,0.000000,0.000000,0.000000,0.000000,0.000000,0.000000,0.000000,0.000000,0.000000,0.000000,0.000000,0.000000,0,0
1789812550.945566,0,17.864079,20.875374,0.061971,0.000000,0.000000,0.000000,0.000000,0.000000,0.000000,0.000000,0.000000,0.000000,0.000000,0.000000,0.000000,0,0
1789812551.045596,0,17.864079,20.875374,0.061971,0.000000,0.000000,0.000000,0.000000,0.000000,0.000000,0.000000,0.000000,0.000000,0.000000,0.000000,0.000000,0,0
1789812551.145871,0,17.864079,20.875374,0.061971,0.000000,0.000000,0.000000,0.000000,0.000000,0.000000,0.000000,0.000000,0.000000,0.000000,0.000000,0.000000,0,0
1789812551.246078,0,17.864079,20.875374,0.061971,0.000000,0.000000,0.000000,0.000000,0.000000,0.000000,0.000000,0.000000,0.000000,0.000000,0.000000,0.000000,0,0
1789812551.345582,0,17.864079,20.875374,0.061971,0.000000,0.000000,0.000000,0.000000,0.000000,0.000000,0.000000,0.000000,0.000000,0.000000,0.000000,0.000000,0,0
1789812551.445632,0,17.864079,20.875374,0.061971,0.000000,0.000000,0.000000,0.000000,0.000000,0.000000,0.000000,0.000000,0.000000,0.000000,0.000000,0.000000,0,0
1789812551.546688,0,17.864079,20.875374,0.061971,0.000000,0.000000,0.000000,0.000000,0.000000,0.000000,0.000000,0.000000,0.000000,0.000000,0.000000,0.000000,0,0
1789812551.645572,0,17.864079,20.875374,0.061971,0.000000,0.000000,0.000000,0.000000,0.000000,0.000000,0.000000,0.000000,0.000000,0.000000,0.000000,0.000000,0,0
1789812551.745947,0,17.864079,20.875374,0.061971,0.000000,0.000000,0.000000,0.000000,0.000000,0.000000,0.000000,0.000000,0.000000,0.000000,0.000000,0.000000,0,0
1789812551.845973,0,17.864079,20.875374,0.061971,0.000000,0.000000,0.000000,0.000000,0.000000,0.000000,0.000000,0.000000,0.000000,0.000000,0.000000,0.000000,0,0
1789812551.945623,0,17.864079,20.875374,0.061971,0.000000,0.000000,0.000000,0.000000,0.000000,0.000000,0.000000,0.000000,0.000000,0.000000,0.000000,0.000000,0,0
1789812552.045597,0,17.864079,20.875374,0.061971,0.000000,0.000000,0.000000,0.000000,0.000000,0.000000,0.000000,0.000000,0.000000,0.000000,0.000000,0.000000,0,0
1789812552.145633,0,17.654795,21.163363,0.060265,0.000000,0.000000,0.000000,0.000000,0.000000,0.000000,0.000000,0.000000,0.000000,0.000000,0.000000,0.000000,0,0
1789812552.246061,0,17.769342,21.131904,0.050012,0.000000,0.000000,0.000000,0.000000,0.000000,0.000000,0.000000,0.000000,0.000000,0.000000,0.000000,0.000000,0,0
1789812552.345692,0,17.769342,21.131904,0.050012,0.000000,0.000000,0.000000,0.000000,0.000000,0.000000,0.000000,0.000000,0.000000,0.000000,0.000000,0.000000,0,0
1789812552.446675,0,17.769342,21.131904,0.050012,0.000000,0.000000,0.000000,0.000000,0.000000,0.000000,0.000000,0.000000,0.000000,0.000000,0.000000,0.000000,0,0
1789812552.545633,0,17.769342,21.131904,0.050012,0.000000,0.000000,0.000000,0.000000,0.000000,0.000000,0.000000,0.000000,0.000000,0.000000,0.000000,0.000000,0,0
1789812552.645976,0,17.769342,21.131904,0.050012,0.000000,0.000000,0.000000,0.000000,0.000000,0.000000,0.000000,0.000000,0.000000,0.000000,0.000000,0.000000,0,0
1789812552.745675,0,17.769342,21.131904,0.050012,0.000000,0.000000,0.000000,0.000000,0.000000,0.000000,0.000000,0.000000,0.000000,0.000000,0.000000,0.000000,0,0
1789812552.846119,0,17.769342,21.131904,0.050012,0.000000,0.000000,0.000000,0.000000,0.000000,0.000000,0.000000,0.000000,0.000000,0.000000,0.000000,0.000000,0,0
1789812552.945685,0,17.769342,21.131904,0.050012,0.000000,0.000000,0.000000,0.000000,0.000000,0.000000,0.000000,0.000000,0.000000,0.000000,0.000000,0.000000,0,0
1789812553.045700,0,17.769342,21.131904,0.050012,0.000000,0.000000,0.000000,0.000000,0.000000,0.000000,0.000000,0.000000,0.000000,0.000000,0.000000,0.000000,0,0
1789812553.145880,0,17.769342,21.131904,0.050012,0.000000,0.000000,0.000000,0.000000,0.000000,0.000000,0.000000,0.000000,0.000000,0.000000,0.000000,0.000000,0,0
1789812553.245697,0,17.769342,21.131904,0.050012,0.000000,0.000000,0.000000,0.000000,0.000000,0.000000,0.000000,0.000000,0.000000,0.000000,0.000000,0.000000,0,0
1789812553.345687,0,17.769342,21.131904,0.050012,0.000000,0.000000,0.000000,0.000000,0.000000,0.000000,0.000000,0.000000,0.000000,0.000000,0.000000,0.000000,0,0
1789812553.445746,0,17.769342,21.131904,0.050012,0.000000,0.000000,0.000000,0.000000,0.000000,0.000000,0.000000,0.000000,0.000000,0.000000,0.000000,0.000000,0,0
1789812553.545705,0,17.769342,21.131904,0.050012,0.000000,0.000000,0.000000,0.000000,0.000000,0.000000,0.000000,0.000000,0.000000,0.000000,0.000000,0.000000,0,0
1789812553.646147,0,17.769342,21.131904,0.050012,0.000000,0.000000,0.000000,0.000000,0.000000,0.000000,0.000000,0.000000,0.000000,0.000000,0.000000,0.000000,0,0
1789812553.745896,0,17.769342,21.131904,0.050012,0.000000,0.000000,0.000000,0.000000,0.000000,0.000000,0.000000,0.000000,0.000000,0.000000,0.000000,0.000000,0,0
1789812553.852500,0,17.769342,21.131904,0.050012,0.000000,0.000000,0.000000,0.000000,0.000000,0.000000,0.000000,0.000000,0.000000,0.000000,0.000000,0.000000,0,0
1789812553.946127,0,17.769342,21.131904,0.050012,0.000000,0.000000,0.000000,0.000000,0.000000,0.000000,0.000000,0.000000,0.000000,0.000000,0.000000,0.000000,0,0
1789812554.045835,0,17.769342,21.131904,0.050012,0.000000,0.000000,0.000000,0.000000,0.000000,0.000000,0.000000,0.000000,0.000000,0.000000,0.000000,0.000000,0,0
1789812554.145890,0,17.769342,21.131904,0.050012,0.000000,0.000000,0.000000,0.000000,0.000000,0.000000,0.000000,0.000000,0.000000,0.000000,0.000000,0.000000,0,0
1789812554.245971,0,17.769342,21.131904,0.050012,0.000000,0.000000,0.000000,0.000000,0.000000,0.000000,0.000000,0.000000,0.000000,0.000000,0.000000,0.000000,0,0
1789812554.345847,0,17.769342,21.131904,0.050012,0.000000,0.000000,0.000000,0.000000,0.000000,0.000000,0.000000,0.000000,0.000000,0.000000,0.000000,0.000000,0,0
1789812554.447071,0,17.769342,21.131904,0.050012,0.000000,0.000000,0.000000,0.000000,0.000000,0.000000,0.000000,0.000000,0.000000,0.000000,0.000000,0.000000,0,0
1789812554.545740,0,17.769342,21.131904,0.050012,0.000000,0.000000,0.000000,0.000000,0.000000,0.000000,0.000000,0.000000,0.000000,0.000000,0.000000,0.000000,0,0
1789812554.646064,0,17.769342,21.131904,0.050012,0.000000,0.000000,0.000000,0.000000,0.000000,0.000000,0.000000,0.000000,0.000000,0.000000,0.000000,0.000000,0,0
1789812554.745787,0,17.769342,21.131904,0.050012,0.000000,0.000000,0.000000,0.000000,0.000000,0.000000,0.000000,0.000000,0.000000,0.000000,0.000000,0.000000,0,0
1789812554.845764,0,17.769342,21.131904,0.050012,0.000000,0.000000,0.000000,0.000000,0.000000,0.000000,0.000000,0.000000,0.000000,0.000000,0.000000,0.000000,0,0
1789812554.945880,0,17.769342,21.131904,0.050012,0.000000,0.000000,0.000000,0.000000,0.000000,0.000000,0.000000,0.000000,0.000000,0.000000,0.000000,0.000000,0,0
1789812555.045815,0,17.769342,21.131904,0.050012,0.000000,0.000000,0.000000,0.000000,0.000000,0.000000,0.000000,0.000000,0.000000,0.000000,0.000000,0.000000,0,0
1789812555.145882,0,17.769342,21.131904,0.050012,0.000000,0.000000,0.000000,0.000000,0.000000,0.000000,0.000000,0.000000,0.000000,0.000000,0.000000,0.000000,0,0
1789812555.245900,0,17.769342,21.131904,0.050012,0.000000,0.000000,0.000000,0.000000,0.000000,0.000000,0.000000,0.000000,0.000000,0.000000,0.000000,0.000000,0,0
1789812555.346143,0,17.769342,21.131904,0.050012,0.000000,0.000000,0.000000,0.000000,0.000000,0.000000,0.000000,0.000000,0.000000,0.000000,0.000000,0.000000,0,0
1789812555.445937,0,17.769342,21.131904,0.050012,0.000000,0.000000,0.000000,0.000000,0.000000,0.000000,0.000000,0.000000,0.000000,0.000000,0.000000,0.000000,0,0
1789812555.546064,0,17.769342,21.131904,0.050012,0.000000,0.000000,0.000000,0.000000,0.000000,0.000000,0.000000,0.000000,0.000000,0.000000,0.000000,0.000000,0,0
1789812555.645850,0,17.769342,21.131904,0.050012,0.000000,0.000000,0.000000,0.000000,0.000000,0.000000,0.000000,0.000000,0.000000,0.000000,0.000000,0.000000,0,0
1789812555.745832,0,17.769342,21.131904,0.050012,0.000000,0.000000,0.000000,0.000000,0.000000,0.000000,0.000000,0.000000,0.000000,0.000000,0.000000,0.000000,0,0
1789812555.845881,0,17.769342,21.131904,0.050012,0.000000,0.000000,0.000000,0.000000,0.000000,0.000000,0.000000,0.000000,0.000000,0.000000,0.000000,0.000000,0,0
1789812555.946027,0,17.769342,21.131904,0.050012,0.000000,0.000000,0.000000,0.000000,0.000000,0.000000,0.000000,0.000000,0.000000,0.000000,0.000000,0.000000,0,0
1789812556.045933,0,17.769342,21.131904,0.050012,0.000000,0.000000,0.000000,0.000000,0.000000,0.000000,0.000000,0.000000,0.000000,0.000000,0.000000,0.000000,0,0
1789812556.145915,0,17.769342,21.131904,0.050012,0.000000,0.000000,0.000000,0.000000,0.000000,0.000000,0.000000,0.000000,0.000000,0.000000,0.000000,0.000000,0,0
1789812556.245852,0,17.769342,21.131904,0.050012,0.000000,0.000000,0.000000,0.000000,0.000000,0.000000,0.000000,0.000000,0.000000,0.000000,0.000000,0.000000,0,0
1789812556.345834,0,17.769342,21.131904,0.050012,0.000000,0.000000,0.000000,0.000000,0.000000,0.000000,0.000000,0.000000,0.000000,0.000000,0.000000,0.000000,0,0
1789812556.445883,0,17.769342,21.131904,0.050012,0.000000,0.000000,0.000000,0.000000,0.000000,0.000000,0.000000,0.000000,0.000000,0.000000,0.000000,0.000000,0,0
1789812556.546037,0,17.771000,21.166361,0.074146,0.000000,0.000000,0.000000,0.000000,0.000000,0.000000,0.000000,0.000000,0.000000,0.000000,0.000000,0.000000,0,0
1789812556.645896,0,17.840481,21.140398,0.065292,0.000000,0.000000,0.000000,0.000000,0.000000,0.000000,0.000000,0.000000,0.000000,0.000000,0.000000,0.000000,0,0
1789812556.746073,0,17.840481,21.140398,0.065292,0.000000,0.000000,0.000000,0.000000,0.000000,0.000000,0.000000,0.000000,0.000000,0.000000,0.000000,0.000000,0,0
1789812556.845970,0,17.840481,21.140398,0.065292,0.000000,0.000000,0.000000,0.000000,0.000000,0.000000,0.000000,0.000000,0.000000,0.000000,0.000000,0.000000,0,0
1789812556.946045,0,17.840481,21.140398,0.065292,0.000000,0.000000,0.000000,0.000000,0.000000,0.000000,0.000000,0.000000,0.000000,0.000000,0.000000,0.000000,0,0
1789812557.045869,0,17.840481,21.140398,0.065292,0.000000,0.000000,0.000000,0.000000,0.000000,0.000000,0.000000,0.000000,0.000000,0.000000,0.000000,0.000000,0,0
1789812557.145929,0,17.840481,21.140398,0.065292,0.000000,0.000000,0.000000,0.000000,0.000000,0.000000,0.000000,0.000000,0.000000,0.000000,0.000000,0.000000,0,0
1789812557.246263,0,17.840481,21.140398,0.065292,0.000000,0.000000,0.000000,0.000000,0.000000,0.000000,0.000000,0.000000,0.000000,0.000000,0.000000,0.000000,0,0
1789812557.345933,0,17.840481,21.140398,0.065292,0.000000,0.000000,0.000000,0.000000,0.000000,0.000000,0.000000,0.000000,0.000000,0.000000,0.000000,0.000000,0,0
1789812557.446082,0,17.840481,21.140398,0.065292,0.000000,0.000000,0.000000,0.000000,0.000000,0.000000,0.000000,0.000000,0.000000,0.000000,0.000000,0.000000,0,0
1789812557.545908,0,17.840481,21.140398,0.065292,0.000000,0.000000,0.000000,0.000000,0.000000,0.000000,0.000000,0.000000,0.000000,0.000000,0.000000,0.000000,0,0
1789812557.646140,0,17.840481,21.140398,0.065292,0.000000,0.000000,0.000000,0.000000,0.000000,0.000000,0.000000,0.000000,0.000000,0.000000,0.000000,0.000000,0,0
1789812557.746069,0,17.840481,21.140398,0.065292,0.000000,0.000000,0.000000,0.000000,0.000000,0.000000,0.000000,0.000000,0.000000,0.000000,0.000000,0.000000,0,0
1789812557.846215,0,17.840481,21.140398,0.065292,0.000000,0.000000,0.000000,0.000000,0.000000,0.000000,0.000000,0.000000,0.000000,0.000000,0.000000,0.000000,0,0
1789812557.945920,0,17.840481,21.140398,0.065292,0.000000,0.000000,0.000000,0.000000,0.000000,0.000000,0.000000,0.000000,0.000000,0.000000,0.000000,0.000000,0,0
1789812558.046088,0,17.840481,21.140398,0.065292,0.000000,0.000000,0.000000,0.000000,0.000000,0.000000,0.000000,0.000000,0.000000,0.000000,0.000000,0.000000,0,0
1789812558.146093,0,17.840481,21.140398,0.065292,0.000000,0.000000,0.000000,0.000000,0.000000,0.000000,0.000000,0.000000,0.000000,0.000000,0.000000,0.000000,0,0
1789812558.246199,0,17.840481,21.140398,0.065292,0.000000,0.000000,0.000000,0.000000,0.000000,0.000000,0.000000,0.000000,0.000000,0.000000,0.000000,0.000000,0,0
1789812558.345948,0,17.840481,21.140398,0.065292,0.000000,0.000000,0.000000,0.000000,0.000000,0.000000,0.000000,0.000000,0.000000,0.000000,0.000000,0.000000,0,0
1789812558.445927,0,17.840481,21.140398,0.065292,0.000000,0.000000,0.000000,0.000000,0.000000,0.000000,0.000000,0.000000,0.000000,0.000000,0.000000,0.000000,0,0
1789812558.546205,0,17.840481,21.140398,0.065292,0.000000,0.000000,0.000000,0.000000,0.000000,0.000000,0.000000,0.000000,0.000000,0.000000,0.000000,0.000000,0,0
1789812558.645973,0,17.840481,21.140398,0.065292,0.000000,0.000000,0.000000,0.000000,0.000000,0.000000,0.000000,0.000000,0.000000,0.000000,0.000000,0.000000,0,0
1789812558.746387,0,17.840481,21.140398,0.065292,0.000000,0.000000,0.000000,0.000000,0.000000,0.000000,0.000000,0.000000,0.000000,0.000000,0.000000,0.000000,0,0
1789812558.845953,0,17.840481,21.140398,0.065292,0.000000,0.000000,0.000000,0.000000,0.000000,0.000000,0.000000,0.000000,0.000000,0.000000,0.000000,0.000000,0,0
1789812558.945979,0,17.840481,21.140398,0.065292,0.000000,0.000000,0.000000,0.000000,0.000000,0.000000,0.000000,0.000000,0.000000,0.000000,0.000000,0.000000,0,0
1789812559.046063,0,17.840481,21.140398,0.065292,0.000000,0.000000,0.000000,0.000000,0.000000,0.000000,0.000000,0.000000,0.000000,0.000000,0.000000,0.000000,0,0
1789812559.145963,0,17.840481,21.140398,0.065292,0.000000,0.000000,0.000000,0.000000,0.000000,0.000000,0.000000,0.000000,0.000000,0.000000,0.000000,0.000000,0,0
1789812559.246057,0,17.840481,21.140398,0.065292,0.000000,0.000000,0.000000,0.000000,0.000000,0.000000,0.000000,0.000000,0.000000,0.000000,0.000000,0.000000,0,0
1789812559.346104,0,17.840481,21.140398,0.065292,0.000000,0.000000,0.000000,0.000000,0.000000,0.000000,0.000000,0.000000,0.000000,0.000000,0.000000,0.000000,0,0
1789812559.446139,0,17.840481,21.140398,0.065292,0.000000,0.000000,0.000000,0.000000,0.000000,0.000000,0.000000,0.000000,0.000000,0.000000,0.000000,0.000000,0,0
1789812559.546134,0,17.840481,21.140398,0.065292,0.000000,0.000000,0.000000,0.000000,0.000000,0.000000,0.000000,0.000000,0.000000,0.000000,0.000000,0.000000,0,0
1789812559.646262,0,17.840481,21.140398,0.065292,0.000000,0.000000,0.000000,0.000000,0.000000,0.000000,0.000000,0.000000,0.000000,0.000000,0.000000,0.000000,0,0
1789812559.746062,0,17.840481,21.140398,0.065292,0.000000,0.000000,0.000000,0.000000,0.000000,0.000000,0.000000,0.000000,0.000000,0.000000,0.000000,0.000000,0,0
1789812559.847373,0,17.840481,21.140398,0.065292,0.000000,0.000000,0.000000,0.000000,0.000000,0.000000,0.000000,0.000000,0.000000,0.000000,0.000000,0.000000,0,0
1789812559.946130,0,17.840481,21.140398,0.065292,0.000000,0.000000,0.000000,0.000000,0.000000,0.000000,0.000000,0.000000,0.000000,0.000000,0.000000,0.000000,0,0
1789812560.046106,0,17.840481,21.140398,0.065292,0.000000,0.000000,0.000000,0.000000,0.000000,0.000000,0.000000,0.000000,0.000000,0.000000,0.000000,0.000000,0,0
1789812560.146129,0,17.840481,21.140398,0.065292,0.000000,0.000000,0.000000,0.000000,0.000000,0.000000,0.000000,0.000000,0.000000,0.000000,0.000000,0.000000,0,0
1789812560.248836,0,17.840481,21.140398,0.065292,0.000000,0.000000,0.000000,0.000000,0.000000,0.000000,0.000000,0.000000,0.000000,0.000000,0.000000,0.000000,0,0
1789812560.346271,0,17.840481,21.140398,0.065292,0.000000,0.000000,0.000000,0.000000,0.000000,0.000000,0.000000,0.000000,0.000000,0.000000,0.000000,0.000000,0,0
1789812560.446218,0,17.840481,21.140398,0.065292,0.000000,0.000000,0.000000,0.000000,0.000000,0.000000,0.000000,0.000000,0.000000,0.000000,0.000000,0.000000,0,0
1789812560.546160,0,17.840481,21.140398,0.065292,0.000000,0.000000,0.000000,0.000000,0.000000,0.000000,0.000000,0.000000,0.000000,0.000000,0.000000,0.000000,0,0
1789812560.646221,0,17.840481,21.140398,0.065292,0.000000,0.000000,0.000000,0.000000,0.000000,0.000000,0.000000,0.000000,0.000000,0.000000,0.000000,0.000000,0,0
1789812560.746192,0,17.840481,21.140398,0.065292,0.000000,0.000000,0.000000,0.000000,0.000000,0.000000,0.000000,0.000000,0.000000,0.000000,0.000000,0.000000,0,0
1789812560.846569,0,17.840481,21.140398,0.065292,0.000000,0.000000,0.000000,0.000000,0.000000,0.000000,0.000000,0.000000,0.000000,0.000000,0.000000,0.000000,0,0
1789812560.946361,0,17.840481,21.140398,0.065292,0.000000,0.000000,0.000000,0.000000,0.000000,0.000000,0.000000,0.000000,0.000000,0.000000,0.000000,0.000000,0,0
1789812561.046202,0,17.840481,21.140398,0.065292,0.000000,0.000000,0.000000,0.000000,0.000000,0.000000,0.000000,0.000000,0.000000,0.000000,0.000000,0.000000,0,0
1789812561.149032,0,18.189617,21.232168,0.070213,0.000000,0.000000,0.000000,0.000000,0.000000,0.000000,0.000000,0.000000,0.000000,0.000000,0.000000,0.000000,0,0
1789812561.252567,0,18.189617,21.232168,0.070213,0.000000,0.000000,0.000000,0.000000,0.000000,0.000000,0.000000,0.000000,0.000000,0.000000,0.000000,0.000000,0,0
1789812561.346348,0,18.189617,21.232168,0.070213,0.000000,0.000000,0.000000,0.000000,0.000000,0.000000,0.000000,0.000000,0.000000,0.000000,0.000000,0.000000,0,0
1789812561.446159,0,18.189617,21.232168,0.070213,0.000000,0.000000,0.000000,0.000000,0.000000,0.000000,0.000000,0.000000,0.000000,0.000000,0.000000,0.000000,0,0
1789812561.546154,0,18.189617,21.232168,0.070213,0.000000,0.000000,0.000000,0.000000,0.000000,0.000000,0.000000,0.000000,0.000000,0.000000,0.000000,0.000000,0,0
1789812561.646186,0,18.189617,21.232168,0.070213,0.000000,0.000000,0.000000,0.000000,0.000000,0.000000,0.000000,0.000000,0.000000,0.000000,0.000000,0.000000,0,0
1789812561.746166,0,18.189617,21.232168,0.070213,0.000000,0.000000,0.000000,0.000000,0.000000,0.000000,0.000000,0.000000,0.000000,0.000000,0.000000,0.000000,0,0
1789812561.847780,0,18.189617,21.232168,0.070213,0.000000,0.000000,0.000000,0.000000,0.000000,0.000000,0.000000,0.000000,0.000000,0.000000,0.000000,0.000000,0,0
1789812561.946288,0,18.189617,21.232168,0.070213,0.000000,0.000000,0.000000,0.000000,0.000000,0.000000,0.000000,0.000000,0.000000,0.000000,0.000000,0.000000,0,0
1789812562.046865,0,18.189617,21.232168,0.070213,0.000000,0.000000,0.000000,0.000000,0.000000,0.000000,0.000000,0.000000,0.000000,0.000000,0.000000,0.000000,0,0
1789812562.146372,0,18.189617,21.232168,0.070213,0.000000,0.000000,0.000000,0.000000,0.000000,0.000000,0.000000,0.000000,0.000000,0.000000,0.000000,0.000000,0,0
1789812562.246315,0,18.189617,21.232168,0.070213,0.000000,0.000000,0.000000,0.000000,0.000000,0.000000,0.000000,0.000000,0.000000,0.000000,0.000000,0.000000,0,0
1789812562.346306,0,18.189617,21.232168,0.070213,0.000000,0.000000,0.000000,0.000000,0.000000,0.000000,0.000000,0.000000,0.000000,0.000000,0.000000,0.000000,0,0
1789812562.446139,0,18.189617,21.232168,0.070213,0.000000,0.000000,0.000000,0.000000,0.000000,0.000000,0.000000,0.000000,0.000000,0.000000,0.000000,0.000000,0,0
1789812562.546165,0,18.189617,21.232168,0.070213,0.000000,0.000000,0.000000,0.000000,0.000000,0.000000,0.000000,0.000000,0.000000,0.000000,0.000000,0.000000,0,0
1789812562.646267,0,18.189617,21.232168,0.070213,0.000000,0.000000,0.000000,0.000000,0.000000,0.000000,0.000000,0.000000,0.000000,0.000000,0.000000,0.000000,0,0
1789812562.747915,0,18.189617,21.232168,0.070213,0.000000,0.000000,0.000000,0.000000,0.000000,0.000000,0.000000,0.000000,0.000000,0.000000,0.000000,0.000000,0,0
1789812562.846313,0,18.189617,21.232168,0.070213,0.000000,0.000000,0.000000,0.000000,0.000000,0.000000,0.000000,0.000000,0.000000,0.000000,0.000000,0.000000,0,0
1789812562.946192,0,18.189617,21.232168,0.070213,0.000000,0.000000,0.000000,0.000000,0.000000,0.000000,0.000000,0.000000,0.000000,0.000000,0.000000,0.000000,0,0
1789812563.046327,0,18.189617,21.232168,0.070213,0.000000,0.000000,0.000000,0.000000,0.000000,0.000000,0.000000,0.000000,0.000000,0.000000,0.000000,0.000000,0,0
1789812563.146206,0,18.189617,21.232168,0.070213,0.000000,0.000000,0.000000,0.000000,0.000000,0.000000,0.000000,0.000000,0.000000,0.000000,0.000000,0.000000,0,0
1789812563.246261,0,18.189617,21.232168,0.070213,0.000000,0.000000,0.000000,0.000000,0.000000,0.000000,0.000000,0.000000,0.000000,0.000000,0.000000,0.000000,0,0
1789812563.346173,0,18.189617,21.232168,0.070213,0.000000,0.000000,0.000000,0.000000,0.000000,0.000000,0.000000,0.000000,0.000000,0.000000,0.000000,0.000000,0,0
1789812563.446284,0,18.189617,21.232168,0.070213,0.000000,0.000000,0.000000,0.000000,0.000000,0.000000,0.000000,0.000000,0.000000,0.000000,0.000000,0.000000,0,0
1789812563.546162,0,18.189617,21.232168,0.070213,0.000000,0.000000,0.000000,0.000000,0.000000,0.000000,0.000000,0.000000,0.000000,0.000000,0.000000,0.000000,0,0
1789812563.646255,0,18.189617,21.232168,0.070213,0.000000,0.000000,0.000000,0.000000,0.000000,0.000000,0.000000,0.000000,0.000000,0.000000,0.000000,0.000000,0,0
1789812563.746176,0,18.189617,21.232168,0.070213,0.000000,0.000000,0.000000,0.000000,0.000000,0.000000,0.000000,0.000000,0.000000,0.000000,0.000000,0.000000,0,0
1789812563.846323,0,18.189617,21.232168,0.070213,0.000000,0.000000,0.000000,0.000000,0.000000,0.000000,0.000000,0.000000,0.000000,0.000000,0.000000,0.000000,0,0
1789812563.946514,0,18.189617,21.232168,0.070213,0.000000,0.000000,0.000000,0.000000,0.000000,0.000000,0.000000,0.000000,0.000000,0.000000,0.000000,0.000000,0,0
1789812564.046677,0,18.189617,21.232168,0.070213,0.000000,0.000000,0.000000,0.000000,0.000000,0.000000,0.000000,0.000000,0.000000,0.000000,0.000000,0.000000,0,0
1789812564.146345,0,18.189617,21.232168,0.070213,0.000000,0.000000,0.000000,0.000000,0.000000,0.000000,0.000000,0.000000,0.000000,0.000000,0.000000,0.000000,0,0
1789812564.246241,0,18.189617,21.232168,0.070213,0.000000,0.000000,0.000000,0.000000,0.000000,0.000000,0.000000,0.000000,0.000000,0.000000,0.000000,0.000000,0,0
1789812564.346219,0,18.189617,21.232168,0.070213,0.000000,0.000000,0.000000,0.000000,0.000000,0.000000,0.000000,0.000000,0.000000,0.000000,0.000000,0.000000,0,0
1789812564.448102,0,18.189617,21.232168,0.070213,0.000000,0.000000,0.000000,0.000000,0.000000,0.000000,0.000000,0.000000,0.000000,0.000000,0.000000,0.000000,0,0
1789812564.546264,0,18.189617,21.232168,0.070213,0.000000,0.000000,0.000000,0.000000,0.000000,0.000000,0.000000,0.000000,0.000000,0.000000,0.000000,0.000000,0,0
1789812564.647285,0,18.189617,21.232168,0.070213,0.000000,0.000000,0.000000,0.000000,0.000000,0.000000,0.000000,0.000000,0.000000,0.000000,0.000000,0.000000,0,0
1789812564.747322,0,18.189617,21.232168,0.070213,0.000000,0.000000,0.000000,0.000000,0.000000,0.000000,0.000000,0.000000,0.000000,0.000000,0.000000,0.000000,0,0
1789812564.846862,0,18.189617,21.232168,0.070213,0.000000,0.000000,0.000000,0.000000,0.000000,0.000000,0.000000,0.000000,0.000000,0.000000,0.000000,0.000000,0,0
1789812564.946282,0,18.189617,21.232168,0.070213,0.000000,0.000000,0.000000,0.000000,0.000000,0.000000,0.000000,0.000000,0.000000,0.000000,0.000000,0.000000,0,0
1789812565.047501,0,18.189617,21.232168,0.070213,0.000000,0.000000,0.000000,0.000000,0.000000,0.000000,0.000000,0.000000,0.000000,0.000000,0.000000,0.000000,0,0
1789812565.146423,0,18.189617,21.232168,0.070213,0.000000,0.000000,0.000000,0.000000,0.000000,0.000000,0.000000,0.000000,0.000000,0.000000,0.000000,0.000000,0,0
1789812565.246469,0,18.189617,21.232168,0.070213,0.000000,0.000000,0.000000,0.000000,0.000000,0.000000,0.000000,0.000000,0.000000,0.000000,0.000000,0.000000,0,0
1789812565.346670,0,18.189617,21.232168,0.070213,0.000000,0.000000,0.000000,0.000000,0.000000,0.000000,0.000000,0.000000,0.000000,0.000000,0.000000,0.000000,0,0
1789812565.446273,0,18.189617,21.232168,0.070213,0.000000,0.000000,0.000000,0.000000,0.000000,0.000000,0.000000,0.000000,0.000000,0.000000,0.000000,0.000000,0,0
1789812565.546357,0,18.189617,21.232168,0.070213,0.000000,0.000000,0.000000,0.000000,0.000000,0.000000,0.000000,0.000000,0.000000,0.000000,0.000000,0.000000,0,0
1789812565.646463,0,18.189617,21.232168,0.070213,0.000000,0.000000,0.000000,0.000000,0.000000,0.000000,0.000000,0.000000,0.000000,0.000000,0.000000,0.000000,0,0
1789812565.746311,0,18.189617,21.232168,0.070213,0.000000,0.000000,0.000000,0.000000,0.000000,0.000000,0.000000,0.000000,0.000000,0.000000,0.000000,0.000000,0,0
1789812565.846402,0,18.189617,21.232168,0.070213,0.000000,0.000000,0.000000,0.000000,0.000000,0.000000,0.000000,0.000000,0.000000,0.000000,0.000000,0.000000,0,0
1789812565.946412,0,18.189617,21.232168,0.070213,0.000000,0.000000,0.000000,0.000000,0.000000,0.000000,0.000000,0.000000,0.000000,0.000000,0.000000,0.000000,0,0
1789812566.046317,0,18.189617,21.232168,0.070213,0.000000,0.000000,0.000000,0.000000,0.000000,0.000000,0.000000,0.000000,0.000000,0.000000,0.000000,0.000000,0,0
1789812566.146580,0,18.189617,21.232168,0.070213,0.000000,0.000000,0.000000,0.000000,0.000000,0.000000,0.000000,0.000000,0.000000,0.000000,0.000000,0.000000,0,0
1789812566.246316,0,18.189617,21.232168,0.070213,0.000000,0.000000,0.000000,0.000000,0.000000,0.000000,0.000000,0.000000,0.000000,0.000000,0.000000,0.000000,0,0
1789812566.346449,0,18.189617,21.232168,0.070213,0.000000,0.000000,0.000000,0.000000,0.000000,0.000000,0.000000,0.000000,0.000000,0.000000,0.000000,0.000000,0,0
1789812566.446345,0,18.189617,21.232168,0.070213,0.000000,0.000000,0.000000,0.000000,0.000000,0.000000,0.000000,0.000000,0.000000,0.000000,0.000000,0.000000,0,0
1789812566.546454,0,18.189617,21.232168,0.070213,0.000000,0.000000,0.000000,0.000000,0.000000,0.000000,0.000000,0.000000,0.000000,0.000000,0.000000,0.000000,0,0
1789812566.646345,0,18.189617,21.232168,0.070213,0.000000,0.000000,0.000000,0.000000,0.000000,0.000000,0.000000,0.000000,0.000000,0.000000,0.000000,0.000000,0,0
1789812566.746364,0,18.189617,21.232168,0.070213,0.000000,0.000000,0.000000,0.000000,0.000000,0.000000,0.000000,0.000000,0.000000,0.000000,0.000000,0.000000,0,0
1789812566.846358,0,18.189617,21.232168,0.070213,0.000000,0.000000,0.000000,0.000000,0.000000,0.000000,0.000000,0.000000,0.000000,0.000000,0.000000,0.000000,0,0
1789812566.946429,0,18.019708,21.029203,0.030357,0.000000,0.000000,0.000000,0.000000,0.000000,0.000000,0.000000,0.000000,0.000000,0.000000,0.000000,0.000000,0,0
1789812567.046364,0,18.019708,21.029203,0.030357,0.000000,0.000000,0.000000,0.000000,0.000000,0.000000,0.000000,0.000000,0.000000,0.000000,0.000000,0.000000,0,0
1789812567.146403,0,18.019708,21.029203,0.030357,0.000000,0.000000,0.000000,0.000000,0.000000,0.000000,0.000000,0.000000,0.000000,0.000000,0.000000,0.000000,0,0
1789812567.246385,0,18.019708,21.029203,0.030357,0.000000,0.000000,0.000000,0.000000,0.000000,0.000000,0.000000,0.000000,0.000000,0.000000,0.000000,0.000000,0,0
1789812567.346382,0,18.019708,21.029203,0.030357,0.000000,0.000000,0.000000,0.000000,0.000000,0.000000,0.000000,0.000000,0.000000,0.000000,0.000000,0.000000,0,0
1789812567.446399,0,18.019708,21.029203,0.030357,0.000000,0.000000,0.000000,0.000000,0.000000,0.000000,0.000000,0.000000,0.000000,0.000000,0.000000,0.000000,0,0
1789812567.546443,0,18.019708,21.029203,0.030357,0.000000,0.000000,0.000000,0.000000,0.000000,0.000000,0.000000,0.000000,0.000000,0.000000,0.000000,0.000000,0,0
1789812567.646630,0,18.019708,21.029203,0.030357,0.000000,0.000000,0.000000,0.000000,0.000000,0.000000,0.000000,0.000000,0.000000,0.000000,0.000000,0.000000,0,0
1789812567.746402,0,18.019708,21.029203,0.030357,0.000000,0.000000,0.000000,0.000000,0.000000,0.000000,0.000000,0.000000,0.000000,0.000000,0.000000,0.000000,0,0
1789812567.846477,0,18.019708,21.029203,0.030357,0.000000,0.000000,0.000000,0.000000,0.000000,0.000000,0.000000,0.000000,0.000000,0.000000,0.000000,0.000000,0,0
1789812567.946413,0,18.019708,21.029203,0.030357,0.000000,0.000000,0.000000,0.000000,0.000000,0.000000,0.000000,0.000000,0.000000,0.000000,0.000000,0.000000,0,0
1789812568.046889,0,18.019708,21.029203,0.030357,0.000000,0.000000,0.000000,0.000000,0.000000,0.000000,0.000000,0.000000,0.000000,0.000000,0.000000,0.000000,0,0
1789812568.146408,0,18.019708,21.029203,0.030357,0.000000,0.000000,0.000000,0.000000,0.000000,0.000000,0.000000,0.000000,0.000000,0.000000,0.000000,0.000000,0,0
1789812568.247495,0,18.019708,21.029203,0.030357,0.000000,0.000000,0.000000,0.000000,0.000000,0.000000,0.000000,0.000000,0.000000,0.000000,0.000000,0.000000,0,0
1789812568.346436,0,18.019708,21.029203,0.030357,0.000000,0.000000,0.000000,0.000000,0.000000,0.000000,0.000000,0.000000,0.000000,0.000000,0.000000,0.000000,0,0
1789812568.447035,0,18.019708,21.029203,0.030357,0.000000,0.000000,0.000000,0.000000,0.000000,0.000000,0.000000,0.000000,0.000000,0.000000,0.000000,0.000000,0,0
1789812568.546432,0,18.019708,21.029203,0.030357,0.000000,0.000000,0.000000,0.000000,0.000000,0.000000,0.000000,0.000000,0.000000,0.000000,0.000000,0.000000,0,0
1789812568.646448,0,18.019708,21.029203,0.030357,0.000000,0.000000,0.000000,0.000000,0.000000,0.000000,0.000000,0.000000,0.000000,0.000000,0.000000,0.000000,0,0
1789812568.746542,0,18.019708,21.029203,0.030357,0.000000,0.000000,0.000000,0.000000,0.000000,0.000000,0.000000,0.000000,0.000000,0.000000,0.000000,0.000000,0,0
1789812568.847394,0,18.019708,21.029203,0.030357,0.000000,0.000000,0.000000,0.000000,0.000000,0.000000,0.000000,0.000000,0.000000,0.000000,0.000000,0.000000,0,0
1789812568.946480,0,18.019708,21.029203,0.030357,0.000000,0.000000,0.000000,0.000000,0.000000,0.000000,0.000000,0.000000,0.000000,0.000000,0.000000,0.000000,0,0
1789812569.046460,0,18.019708,21.029203,0.030357,0.000000,0.000000,0.000000,0.000000,0.000000,0.000000,0.000000,0.000000,0.000000,0.000000,0.000000,0.000000,0,0
1789812569.146462,0,18.019708,21.029203,0.030357,0.000000,0.000000,0.000000,0.000000,0.000000,0.000000,0.000000,0.000000,0.000000,0.000000,0.000000,0.000000,0,0
1789812569.246592,0,18.019708,21.029203,0.030357,0.000000,0.000000,0.000000,0.000000,0.000000,0.000000,0.000000,0.000000,0.000000,0.000000,0.000000,0.000000,0,0
1789812569.346493,0,18.019708,21.029203,0.030357,0.000000,0.000000,0.000000,0.000000,0.000000,0.000000,0.000000,0.000000,0.000000,0.000000,0.000000,0.000000,0,0
1789812569.446499,0,18.019708,21.029203,0.030357,0.000000,0.000000,0.000000,0.000000,0.000000,0.000000,0.000000,0.000000,0.000000,0.000000,0.000000,0.000000,0,0
1789812569.546494,0,18.019708,21.029203,0.030357,0.000000,0.000000,0.000000,0.000000,0.000000,0.000000,0.000000,0.000000,0.000000,0.000000,0.000000,0.000000,0,0
1789812569.646486,0,18.019708,21.029203,0.030357,0.000000,0.000000,0.000000,0.000000,0.000000,0.000000,0.000000,0.000000,0.000000,0.000000,0.000000,0.000000,0,0
1789812569.746511,0,18.019708,21.029203,0.030357,0.000000,0.000000,0.000000,0.000000,0.000000,0.000000,0.000000,0.000000,0.000000,0.000000,0.000000,0.000000,0,0
1789812569.846529,0,18.019708,21.029203,0.030357,0.000000,0.000000,0.000000,0.000000,0.000000,0.000000,0.000000,0.000000,0.000000,0.000000,0.000000,0.000000,0,0
1789812569.946958,0,18.019708,21.029203,0.030357,0.000000,0.000000,0.000000,0.000000,0.000000,0.000000,0.000000,0.000000,0.000000,0.000000,0.000000,0.000000,0,0
1789812570.046512,0,18.019708,21.029203,0.030357,0.000000,0.000000,0.000000,0.000000,0.000000,0.000000,0.000000,0.000000,0.000000,0.000000,0.000000,0.000000,0,0
1789812570.146541,0,18.019708,21.029203,0.030357,0.000000,0.000000,0.000000,0.000000,0.000000,0.000000,0.000000,0.000000,0.000000,0.000000,0.000000,0.000000,0,0
1789812570.247622,0,18.019708,21.029203,0.030357,0.000000,0.000000,0.000000,0.000000,0.000000,0.000000,0.000000,0.000000,0.000000,0.000000,0.000000,0.000000,0,0
1789812570.348384,0,18.019708,21.029203,0.030357,0.000000,0.000000,0.000000,0.000000,0.000000,0.000000,0.000000,0.000000,0.000000,0.000000,0.000000,0.000000,0,0
1789812570.446849,0,18.019708,21.029203,0.030357,0.000000,0.000000,0.000000,0.000000,0.000000,0.000000,0.000000,0.000000,0.000000,0.000000,0.000000,0.000000,0,0
1789812570.546531,0,18.019708,21.029203,0.030357,0.000000,0.000000,0.000000,0.000000,0.000000,0.000000,0.000000,0.000000,0.000000,0.000000,0.000000,0.000000,0,0
1789812570.647976,0,18.019708,21.029203,0.030357,0.000000,0.000000,0.000000,0.000000,0.000000,0.000000,0.000000,0.000000,0.000000,0.000000,0.000000,0.000000,0,0
1789812570.746551,0,18.019708,21.029203,0.030357,0.000000,0.000000,0.000000,0.000000,0.000000,0.000000,0.000000,0.000000,0.000000,0.000000,0.000000,0.000000,0,0
1789812570.846896,0,18.019708,21.029203,0.030357,0.000000,0.000000,0.000000,0.000000,0.000000,0.000000,0.000000,0.000000,0.000000,0.000000,0.000000,0.000000,0,0
1789812570.946601,0,18.019708,21.029203,0.030357,0.000000,0.000000,0.000000,0.000000,0.000000,0.000000,0.000000,0.000000,0.000000,0.000000,0.000000,0.000000,0,0
1789812571.046856,0,18.019708,21.029203,0.030357,0.000000,0.000000,0.000000,0.000000,0.000000,0.000000,0.000000,0.000000,0.000000,0.000000,0.000000,0.000000,0,0
1789812571.146576,0,18.019708,21.029203,0.030357,0.000000,0.000000,0.000000,0.000000,0.000000,0.000000,0.000000,0.000000,0.000000,0.000000,0.000000,0.000000,0,0
1789812571.246579,0,18.019708,21.029203,0.030357,0.000000,0.000000,0.000000,0.000000,0.000000,0.000000,0.000000,0.000000,0.000000,0.000000,0.000000,0.000000,0,0
1789812571.348979,0,18.019708,21.029203,0.030357,0.000000,0.000000,0.000000,0.000000,0.000000,0.000000,0.000000,0.000000,0.000000,0.000000,0.000000,0.000000,0,0
1789812571.446745,0,18.019708,21.029203,0.030357,0.000000,0.000000,0.000000,0.000000,0.000000,0.000000,0.000000,0.000000,0.000000,0.000000,0.000000,0.000000,0,0
1789812571.546710,0,18.019708,21.029203,0.030357,0.000000,0.000000,0.000000,0.000000,0.000000,0.000000,0.000000,0.000000,0.000000,0.000000,0.000000,0.000000,0,0
1789812571.646614,0,18.019708,21.029203,0.030357,0.000000,0.000000,0.000000,0.000000,0.000000,0.000000,0.000000,0.000000,0.000000,0.000000,0.000000,0.000000,0,0
1789812571.746600,0,18.019708,21.029203,0.030357,0.000000,0.000000,0.000000,0.000000,0.000000,0.000000,0.000000,0.000000,0.000000,0.000000,0.000000,0.000000,0,0
1789812571.846633,0,18.019708,21.029203,0.030357,0.000000,0.000000,0.000000,0.000000,0.000000,0.000000,0.000000,0.000000,0.000000,0.000000,0.000000,0.000000,0,0
1789812571.947028,0,18.019708,21.029203,0.030357,0.000000,0.000000,0.000000,0.000000,0.000000,0.000000,0.000000,0.000000,0.000000,0.000000,0.000000,0.000000,0,0
1789812572.049634,0,18.019708,21.029203,0.030357,0.000000,0.000000,0.000000,0.000000,0.000000,0.000000,0.000000,0.000000,0.000000,0.000000,0.000000,0.000000,0,0
1789812572.146628,0,18.019708,21.029203,0.030357,0.000000,0.000000,0.000000,0.000000,0.000000,0.000000,0.000000,0.000000,0.000000,0.000000,0.000000,0.000000,0,0
1789812572.246765,0,18.019708,21.029203,0.030357,0.000000,0.000000,0.000000,0.000000,0.000000,0.000000,0.000000,0.000000,0.000000,0.000000,0.000000,0.000000,0,0
1789812572.347401,0,18.019708,21.029203,0.030357,0.000000,0.000000,0.000000,0.000000,0.000000,0.000000,0.000000,0.000000,0.000000,0.000000,0.000000,0.000000,0,0
1789812572.446627,0,18.019708,21.029203,0.030357,0.000000,0.000000,0.000000,0.000000,0.000000,0.000000,0.000000,0.000000,0.000000,0.000000,0.000000,0.000000,0,0
1789812572.546762,0,18.019708,21.029203,0.030357,0.000000,0.000000,0.000000,0.000000,0.000000,0.000000,0.000000,0.000000,0.000000,0.000000,0.000000,0.000000,0,0
1789812572.646653,0,18.019708,21.029203,0.030357,0.000000,0.000000,0.000000,0.000000,0.000000,0.000000,0.000000,0.000000,0.000000,0.000000,0.000000,0.000000,0,0
1789812572.746673,0,18.019708,21.029203,0.030357,0.000000,0.000000,0.000000,0.000000,0.000000,0.000000,0.000000,0.000000,0.000000,0.000000,0.000000,0.000000,0,0
1789812572.846661,0,18.019708,21.029203,0.030357,0.000000,0.000000,0.000000,0.000000,0.000000,0.000000,0.000000,0.000000,0.000000,0.000000,0.000000,0.000000,0,0
1789812572.946739,0,18.019708,21.029203,0.030357,0.000000,0.000000,0.000000,0.000000,0.000000,0.000000,0.000000,0.000000,0.000000,0.000000,0.000000,0.000000,0,0
1789812573.046752,0,18.019708,21.029203,0.030357,0.000000,0.000000,0.000000,0.000000,0.000000,0.000000,0.000000,0.000000,0.000000,0.000000,0.000000,0.000000,0,0
1789812573.148543,0,18.019708,21.029203,0.030357,0.000000,0.000000,0.000000,0.000000,0.000000,0.000000,0.000000,0.000000,0.000000,0.000000,0.000000,0.000000,0,0
1789812573.246691,0,18.019708,21.029203,0.030357,0.000000,0.000000,0.000000,0.000000,0.000000,0.000000,0.000000,0.000000,0.000000,0.000000,0.000000,0.000000,0,0
1789812573.346914,0,18.008267,20.952220,0.065634,0.000000,0.000000,0.000000,0.000000,0.000000,0.000000,0.000000,0.000000,0.000000,0.000000,0.000000,0.000000,0,0
1789812573.449173,0,18.008267,20.952220,0.065634,0.000000,0.000000,0.000000,0.000000,0.000000,0.000000,0.000000,0.000000,0.000000,0.000000,0.000000,0.000000,0,0
1789812573.547809,0,18.008267,20.952220,0.065634,0.000000,0.000000,0.000000,0.000000,0.000000,0.000000,0.000000,0.000000,0.000000,0.000000,0.000000,0.000000,0,0
1789812573.646970,0,18.008267,20.952220,0.065634,0.000000,0.000000,0.000000,0.000000,0.000000,0.000000,0.000000,0.000000,0.000000,0.000000,0.000000,0.000000,0,0
1789812573.746699,0,18.008267,20.952220,0.065634,0.000000,0.000000,0.000000,0.000000,0.000000,0.000000,0.000000,0.000000,0.000000,0.000000,0.000000,0.000000,0,0
1789812573.847125,0,18.008267,20.952220,0.065634,0.000000,0.000000,0.000000,0.000000,0.000000,0.000000,0.000000,0.000000,0.000000,0.000000,0.000000,0.000000,0,0
1789812573.946890,0,18.008267,20.952220,0.065634,0.000000,0.000000,0.000000,0.000000,0.000000,0.000000,0.000000,0.000000,0.000000,0.000000,0.000000,0.000000,0,0
1789812574.048600,0,18.008267,20.952220,0.065634,0.000000,0.000000,0.000000,0.000000,0.000000,0.000000,0.000000,0.000000,0.000000,0.000000,0.000000,0.000000,0,0
1789812574.146803,0,18.008267,20.952220,0.065634,0.000000,0.000000,0.000000,0.000000,0.000000,0.000000,0.000000,0.000000,0.000000,0.000000,0.000000,0.000000,0,0
1789812574.246776,0,18.008267,20.952220,0.065634,0.000000,0.000000,0.000000,0.000000,0.000000,0.000000,0.000000,0.000000,0.000000,0.000000,0.000000,0.000000,0,0
1789812574.346813,0,18.008267,20.952220,0.065634,0.000000,0.000000,0.000000,0.000000,0.000000,0.000000,0.000000,0.000000,0.000000,0.000000,0.000000,0.000000,0,0
1789812574.446847,0,18.008267,20.952220,0.065634,0.000000,0.000000,0.000000,0.000000,0.000000,0.000000,0.000000,0.000000,0.000000,0.000000,0.000000,0.000000,0,0
1789812574.546812,0,18.008267,20.952220,0.065634,0.000000,0.000000,0.000000,0.000000,0.000000,0.000000,0.000000,0.000000,0.000000,0.000000,0.000000,0.000000,0,0
1789812574.646824,0,18.008267,20.952220,0.065634,0.000000,0.000000,0.000000,0.000000,0.000000,0.000000,0.000000,0.000000,0.000000,0.000000,0.000000,0.000000,0,0
1789812574.746746,0,18.008267,20.952220,0.065634,0.000000,0.000000,0.000000,0.000000,0.000000,0.000000,0.000000,0.000000,0.000000,0.000000,0.000000,0.000000,0,0
1789812574.848247,0,18.008267,20.952220,0.065634,0.000000,0.000000,0.000000,0.000000,0.000000,0.000000,0.000000,0.000000,0.000000,0.000000,0.000000,0.000000,0,0
1789812574.947374,0,18.008267,20.952220,0.065634,0.000000,0.000000,0.000000,0.000000,0.000000,0.000000,0.000000,0.000000,0.000000,0.000000,0.000000,0.000000,0,0
1789812575.046975,0,18.008267,20.952220,0.065634,0.000000,0.000000,0.000000,0.000000,0.000000,0.000000,0.000000,0.000000,0.000000,0.000000,0.000000,0.000000,0,0
1789812575.146827,0,18.008267,20.952220,0.065634,0.000000,0.000000,0.000000,0.000000,0.000000,0.000000,0.000000,0.000000,0.000000,0.000000,0.000000,0.000000,0,0
1789812575.246830,0,18.008267,20.952220,0.065634,0.000000,0.000000,0.000000,0.000000,0.000000,0.000000,0.000000,0.000000,0.000000,0.000000,0.000000,0.000000,0,0
1789812575.346839,0,18.008267,20.952220,0.065634,0.000000,0.000000,0.000000,0.000000,0.000000,0.000000,0.000000,0.000000,0.000000,0.000000,0.000000,0.000000,0,0
1789812575.447364,0,18.008267,20.952220,0.065634,0.000000,0.000000,0.000000,0.000000,0.000000,0.000000,0.000000,0.000000,0.000000,0.000000,0.000000,0.000000,0,0
1789812575.546869,0,18.008267,20.952220,0.065634,0.000000,0.000000,0.000000,0.000000,0.000000,0.000000,0.000000,0.000000,0.000000,0.000000,0.000000,0.000000,0,0
1789812575.646970,0,18.008267,20.952220,0.065634,0.000000,0.000000,0.000000,0.000000,0.000000,0.000000,0.000000,0.000000,0.000000,0.000000,0.000000,0.000000,0,0
1789812575.746944,0,18.008267,20.952220,0.065634,0.000000,0.000000,0.000000,0.000000,0.000000,0.000000,0.000000,0.000000,0.000000,0.000000,0.000000,0.000000,0,0
1789812575.846804,0,18.008267,20.952220,0.065634,0.000000,0.000000,0.000000,0.000000,0.000000,0.000000,0.000000,0.000000,0.000000,0.000000,0.000000,0.000000,0,0
1789812575.946894,0,18.008267,20.952220,0.065634,0.000000,0.000000,0.000000,0.000000,0.000000,0.000000,0.000000,0.000000,0.000000,0.000000,0.000000,0.000000,0,0
1789812576.047015,0,18.008267,20.952220,0.065634,0.000000,0.000000,0.000000,0.000000,0.000000,0.000000,0.000000,0.000000,0.000000,0.000000,0.000000,0.000000,0,0
1789812576.147126,0,18.008267,20.952220,0.065634,0.000000,0.000000,0.000000,0.000000,0.000000,0.000000,0.000000,0.000000,0.000000,0.000000,0.000000,0.000000,0,0
1789812576.246923,0,18.008267,20.952220,0.065634,0.000000,0.000000,0.000000,0.000000,0.000000,0.000000,0.000000,0.000000,0.000000,0.000000,0.000000,0.000000,0,0
1789812576.347318,0,18.008267,20.952220,0.065634,0.000000,0.000000,0.000000,0.000000,0.000000,0.000000,0.000000,0.000000,0.000000,0.000000,0.000000,0.000000,0,0
1789812576.446917,0,18.008267,20.952220,0.065634,0.000000,0.000000,0.000000,0.000000,0.000000,0.000000,0.000000,0.000000,0.000000,0.000000,0.000000,0.000000,0,0
1789812576.546890,0,18.008267,20.952220,0.065634,0.000000,0.000000,0.000000,0.000000,0.000000,0.000000,0.000000,0.000000,0.000000,0.000000,0.000000,0.000000,0,0
1789812576.646918,0,18.008267,20.952220,0.065634,0.000000,0.000000,0.000000,0.000000,0.000000,0.000000,0.000000,0.000000,0.000000,0.000000,0.000000,0.000000,0,0
1789812576.746839,0,18.008267,20.952220,0.065634,0.000000,0.000000,0.000000,0.000000,0.000000,0.000000,0.000000,0.000000,0.000000,0.000000,0.000000,0.000000,0,0
1789812576.847164,0,18.008267,20.952220,0.065634,0.000000,0.000000,0.000000,0.000000,0.000000,0.000000,0.000000,0.000000,0.000000,0.000000,0.000000,0.000000,0,0
1789812576.946812,0,18.008267,20.952220,0.065634,0.000000,0.000000,0.000000,0.000000,0.000000,0.000000,0.000000,0.000000,0.000000,0.000000,0.000000,0.000000,0,0
1789812577.046935,0,18.008267,20.952220,0.065634,0.000000,0.000000,0.000000,0.000000,0.000000,0.000000,0.000000,0.000000,0.000000,0.000000,0.000000,0.000000,0,0
1789812577.146861,0,18.008267,20.952220,0.065634,0.000000,0.000000,0.000000,0.000000,0.000000,0.000000,0.000000,0.000000,0.000000,0.000000,0.000000,0.000000,0,0
1789812577.246864,0,18.008267,20.952220,0.065634,0.000000,0.000000,0.000000,0.000000,0.000000,0.000000,0.000000,0.000000,0.000000,0.000000,0.000000,0.000000,0,0
1789812577.346991,0,18.008267,20.952220,0.065634,0.000000,0.000000,0.000000,0.000000,0.000000,0.000000,0.000000,0.000000,0.000000,0.000000,0.000000,0.000000,0,0
1789812577.446891,0,18.008267,20.952220,0.065634,0.000000,0.000000,0.000000,0.000000,0.000000,0.000000,0.000000,0.000000,0.000000,0.000000,0.000000,0.000000,0,0
1789812577.546872,0,18.008267,20.952220,0.065634,0.000000,0.000000,0.000000,0.000000,0.000000,0.000000,0.000000,0.000000,0.000000,0.000000,0.000000,0.000000,0,0
1789812577.648270,0,18.008267,20.952220,0.065634,0.000000,0.000000,0.000000,0.000000,0.000000,0.000000,0.000000,0.000000,0.000000,0.000000,0.000000,0.000000,0,0
1789812577.748580,0,18.008267,20.952220,0.065634,0.000000,0.000000,0.000000,0.000000,0.000000,0.000000,0.000000,0.000000,0.000000,0.000000,0.000000,0.000000,0,0
1789812577.849083,0,18.008267,20.952220,0.065634,0.000000,0.000000,0.000000,0.000000,0.000000,0.000000,0.000000,0.000000,0.000000,0.000000,0.000000,0.000000,0,0
1789812577.947242,0,18.008267,20.952220,0.065634,0.000000,0.000000,0.000000,0.000000,0.000000,0.000000,0.000000,0.000000,0.000000,0.000000,0.000000,0.000000,0,0
1789812578.049428,0,18.008267,20.952220,0.065634,0.000000,0.000000,0.000000,0.000000,0.000000,0.000000,0.000000,0.000000,0.000000,0.000000,0.000000,0.000000,0,0
1789812578.146923,0,17.923000,20.908649,0.052105,0.000000,0.000000,0.000000,0.000000,0.000000,0.000000,0.000000,0.000000,0.000000,0.000000,0.000000,0.000000,0,0
1789812578.250250,0,17.968249,20.893308,0.031914,0.000000,0.000000,0.000000,0.000000,0.000000,0.000000,0.000000,0.000000,0.000000,0.000000,0.000000,0.000000,0,0
1789812578.346946,0,17.968249,20.893308,0.031914,0.000000,0.000000,0.000000,0.000000,0.000000,0.000000,0.000000,0.000000,0.000000,0.000000,0.000000,0.000000,0,0
1789812578.447322,0,17.968249,20.893308,0.031914,0.000000,0.000000,0.000000,0.000000,0.000000,0.000000,0.000000,0.000000,0.000000,0.000000,0.000000,0.000000,0,0
1789812578.547122,0,17.968249,20.893308,0.031914,0.000000,0.000000,0.000000,0.000000,0.000000,0.000000,0.000000,0.000000,0.000000,0.000000,0.000000,0.000000,0,0
1789812578.647065,0,17.968249,20.893308,0.031914,0.000000,0.000000,0.000000,0.000000,0.000000,0.000000,0.000000,0.000000,0.000000,0.000000,0.000000,0.000000,0,0
1789812578.747322,0,17.968249,20.893308,0.031914,0.000000,0.000000,0.000000,0.000000,0.000000,0.000000,0.000000,0.000000,0.000000,0.000000,0.000000,0.000000,0,0
1789812578.846914,0,17.968249,20.893308,0.031914,0.000000,0.000000,0.000000,0.000000,0.000000,0.000000,0.000000,0.000000,0.000000,0.000000,0.000000,0.000000,0,0
1789812578.948273,0,17.968249,20.893308,0.031914,0.000000,0.000000,0.000000,0.000000,0.000000,0.000000,0.000000,0.000000,0.000000,0.000000,0.000000,0.000000,0,0
1789812579.046898,0,17.968249,20.893308,0.031914,0.000000,0.000000,0.000000,0.000000,0.000000,0.000000,0.000000,0.000000,0.000000,0.000000,0.000000,0.000000,0,0
1789812579.150523,0,17.968249,20.893308,0.031914,0.000000,0.000000,0.000000,0.000000,0.000000,0.000000,0.000000,0.000000,0.000000,0.000000,0.000000,0.000000,0,0
1789812579.246965,0,17.968249,20.893308,0.031914,0.000000,0.000000,0.000000,0.000000,0.000000,0.000000,0.000000,0.000000,0.000000,0.000000,0.000000,0.000000,0,0
1789812579.346973,0,17.968249,20.893308,0.031914,0.000000,0.000000,0.000000,0.000000,0.000000,0.000000,0.000000,0.000000,0.000000,0.000000,0.000000,0.000000,0,0
1789812579.446978,0,17.968249,20.893308,0.031914,0.000000,0.000000,0.000000,0.000000,0.000000,0.000000,0.000000,0.000000,0.000000,0.000000,0.000000,0.000000,0,0
1789812579.546989,0,17.968249,20.893308,0.031914,0.000000,0.000000,0.000000,0.000000,0.000000,0.000000,0.000000,0.000000,0.000000,0.000000,0.000000,0.000000,0,0
1789812579.647599,0,17.968249,20.893308,0.031914,0.000000,0.000000,0.000000,0.000000,0.000000,0.000000,0.000000,0.000000,0.000000,0.000000,0.000000,0.000000,0,0
1789812579.746934,0,17.968249,20.893308,0.031914,0.000000,0.000000,0.000000,0.000000,0.000000,0.000000,0.000000,0.000000,0.000000,0.000000,0.000000,0.000000,0,0
1789812579.847097,0,17.968249,20.893308,0.031914,0.000000,0.000000,0.000000,0.000000,0.000000,0.000000,0.000000,0.000000,0.000000,0.000000,0.000000,0.000000,0,0
1789812579.947010,0,17.968249,20.893308,0.031914,0.000000,0.000000,0.000000,0.000000,0.000000,0.000000,0.000000,0.000000,0.000000,0.000000,0.000000,0.000000,0,0
1789812580.047168,0,17.968249,20.893308,0.031914,0.000000,0.000000,0.000000,0.000000,0.000000,0.000000,0.000000,0.000000,0.000000,0.000000,0.000000,0.000000,0,0
1789812580.146997,0,17.968249,20.893308,0.031914,0.000000,0.000000,0.000000,0.000000,0.000000,0.000000,0.000000,0.000000,0.000000,0.000000,0.000000,0.000000,0,0
1789812580.247033,0,17.968249,20.893308,0.031914,0.000000,0.000000,0.000000,0.000000,0.000000,0.000000,0.000000,0.000000,0.000000,0.000000,0.000000,0.000000,0,0
1789812580.347052,0,17.968249,20.893308,0.031914,0.000000,0.000000,0.000000,0.000000,0.000000,0.000000,0.000000,0.000000,0.000000,0.000000,0.000000,0.000000,0,0
1789812580.447362,0,17.968249,20.893308,0.031914,0.000000,0.000000,0.000000,0.000000,0.000000,0.000000,0.000000,0.000000,0.000000,0.000000,0.000000,0.000000,0,0
1789812580.547048,0,17.968249,20.893308,0.031914,0.000000,0.000000,0.000000,0.000000,0.000000,0.000000,0.000000,0.000000,0.000000,0.000000,0.000000,0.000000,0,0
1789812580.647055,0,17.968249,20.893308,0.031914,0.000000,0.000000,0.000000,0.000000,0.000000,0.000000,0.000000,0.000000,0.000000,0.000000,0.000000,0.000000,0,0
1789812580.747097,0,17.968249,20.893308,0.031914,0.000000,0.000000,0.000000,0.000000,0.000000,0.000000,0.000000,0.000000,0.000000,0.000000,0.000000,0.000000,0,0
1789812580.847098,0,17.968249,20.893308,0.031914,0.000000,0.000000,0.000000,0.000000,0.000000,0.000000,0.000000,0.000000,0.000000,0.000000,0.000000,0.000000,0,0
1789812580.947081,0,17.968249,20.893308,0.031914,0.000000,0.000000,0.000000,0.000000,0.000000,0.000000,0.000000,0.000000,0.000000,0.000000,0.000000,0.000000,0,0
1789812581.047117,0,17.968249,20.893308,0.031914,0.000000,0.000000,0.000000,0.000000,0.000000,0.000000,0.000000,0.000000,0.000000,0.000000,0.000000,0.000000,0,0
1789812581.148088,0,17.968249,20.893308,0.031914,0.000000,0.000000,0.000000,0.000000,0.000000,0.000000,0.000000,0.000000,0.000000,0.000000,0.000000,0.000000,0,0
1789812581.247089,0,17.968249,20.893308,0.031914,0.000000,0.000000,0.000000,0.000000,0.000000,0.000000,0.000000,0.000000,0.000000,0.000000,0.000000,0.000000,0,0
1789812581.347220,0,17.968249,20.893308,0.031914,0.000000,0.000000,0.000000,0.000000,0.000000,0.000000,0.000000,0.000000,0.000000,0.000000,0.000000,0.000000,0,0
1789812581.448704,0,17.968249,20.893308,0.031914,0.000000,0.000000,0.000000,0.000000,0.000000,0.000000,0.000000,0.000000,0.000000,0.000000,0.000000,0.000000,0,0
1789812581.547108,0,17.968249,20.893308,0.031914,0.000000,0.000000,0.000000,0.000000,0.000000,0.000000,0.000000,0.000000,0.000000,0.000000,0.000000,0.000000,0,0
1789812581.647490,0,17.968249,20.893308,0.031914,0.000000,0.000000,0.000000,0.000000,0.000000,0.000000,0.000000,0.000000,0.000000,0.000000,0.000000,0.000000,0,0
1789812581.747126,0,17.968249,20.893308,0.031914,0.000000,0.000000,0.000000,0.000000,0.000000,0.000000,0.000000,0.000000,0.000000,0.000000,0.000000,0.000000,0,0
1789812581.847336,0,17.968249,20.893308,0.031914,0.000000,0.000000,0.000000,0.000000,0.000000,0.000000,0.000000,0.000000,0.000000,0.000000,0.000000,0.000000,0,0
1789812581.947184,0,17.968249,20.893308,0.031914,0.000000,0.000000,0.000000,0.000000,0.000000,0.000000,0.000000,0.000000,0.000000,0.000000,0.000000,0.000000,0,0
1789812582.047152,0,17.968249,20.893308,0.031914,0.000000,0.000000,0.000000,0.000000,0.000000,0.000000,0.000000,0.000000,0.000000,0.000000,0.000000,0.000000,0,0
1789812582.147248,0,17.968249,20.893308,0.031914,0.000000,0.000000,0.000000,0.000000,0.000000,0.000000,0.000000,0.000000,0.000000,0.000000,0.000000,0.000000,0,0
1789812582.247111,0,17.968249,20.893308,0.031914,0.000000,0.000000,0.000000,0.000000,0.000000,0.000000,0.000000,0.000000,0.000000,0.000000,0.000000,0.000000,0,0
1789812582.347136,0,17.968249,20.893308,0.031914,0.000000,0.000000,0.000000,0.000000,0.000000,0.000000,0.000000,0.000000,0.000000,0.000000,0.000000,0.000000,0,0
1789812582.447142,0,17.968249,20.893308,0.031914,0.000000,0.000000,0.000000,0.000000,0.000000,0.000000,0.000000,0.000000,0.000000,0.000000,0.000000,0.000000,0,0
1789812582.548974,0,17.968249,20.893308,0.031914,0.000000,0.000000,0.000000,0.000000,0.000000,0.000000,0.000000,0.000000,0.000000,0.000000,0.000000,0.000000,0,0
1789812582.647225,0,17.968249,20.893308,0.031914,0.000000,0.000000,0.000000,0.000000,0.000000,0.000000,0.000000,0.000000,0.000000,0.000000,0.000000,0.000000,0,0
1789812582.747184,0,17.968249,20.893308,0.031914,0.000000,0.000000,0.000000,0.000000,0.000000,0.000000,0.000000,0.000000,0.000000,0.000000,0.000000,0.000000,0,0
1789812582.847541,0,17.968249,20.893308,0.031914,0.000000,0.000000,0.000000,0.000000,0.000000,0.000000,0.000000,0.000000,0.000000,0.000000,0.000000,0.000000,0,0
1789812582.947189,0,17.968249,20.893308,0.031914,0.000000,0.000000,0.000000,0.000000,0.000000,0.000000,0.000000,0.000000,0.000000,0.000000,0.000000,0.000000,0,0
1789812583.047186,0,17.968249,20.893308,0.031914,0.000000,0.000000,0.000000,0.000000,0.000000,0.000000,0.000000,0.000000,0.000000,0.000000,0.000000,0.000000,0,0
1789812583.147173,0,17.968249,20.893308,0.031914,0.000000,0.000000,0.000000,0.000000,0.000000,0.000000,0.000000,0.000000,0.000000,0.000000,0.000000,0.000000,0,0
1789812583.248157,0,17.968249,20.893308,0.031914,0.000000,0.000000,0.000000,0.000000,0.000000,0.000000,0.000000,0.000000,0.000000,0.000000,0.000000,0.000000,0,0
1789812583.347177,0,17.968249,20.893308,0.031914,0.000000,0.000000,0.000000,0.000000,0.000000,0.000000,0.000000,0.000000,0.000000,0.000000,0.000000,0.000000,0,0
1789812583.447197,0,17.968249,20.893308,0.031914,0.000000,0.000000,0.000000,0.000000,0.000000,0.000000,0.000000,0.000000,0.000000,0.000000,0.000000,0.000000,0,0
1789812583.547198,0,17.968249,20.893308,0.031914,0.000000,0.000000,0.000000,0.000000,0.000000,0.000000,0.000000,0.000000,0.000000,0.000000,0.000000,0.000000,0,0
1789812583.647240,0,17.968249,20.893308,0.031914,0.000000,0.000000,0.000000,0.000000,0.000000,0.000000,0.000000,0.000000,0.000000,0.000000,0.000000,0.000000,0,0
1789812583.747316,0,17.968249,20.893308,0.031914,0.000000,0.000000,0.000000,0.000000,0.000000,0.000000,0.000000,0.000000,0.000000,0.000000,0.000000,0.000000,0,0
1789812583.847200,0,17.968249,20.893308,0.031914,0.000000,0.000000,0.000000,0.000000,0.000000,0.000000,0.000000,0.000000,0.000000,0.000000,0.000000,0.000000,0,0
1789812583.947216,0,17.968249,20.893308,0.031914,0.000000,0.000000,0.000000,0.000000,0.000000,0.000000,0.000000,0.000000,0.000000,0.000000,0.000000,0.000000,0,0
1789812584.047215,0,17.968249,20.893308,0.031914,0.000000,0.000000,0.000000,0.000000,0.000000,0.000000,0.000000,0.000000,0.000000,0.000000,0.000000,0.000000,0,0
1789812584.147485,0,17.968249,20.893308,0.031914,0.000000,0.000000,0.000000,0.000000,0.000000,0.000000,0.000000,0.000000,0.000000,0.000000,0.000000,0.000000,0,0
1789812584.247223,0,17.968249,20.893308,0.031914,0.000000,0.000000,0.000000,0.000000,0.000000,0.000000,0.000000,0.000000,0.000000,0.000000,0.000000,0.000000,0,0
1789812584.347279,0,17.968249,20.893308,0.031914,0.000000,0.000000,0.000000,0.000000,0.000000,0.000000,0.000000,0.000000,0.000000,0.000000,0.000000,0.000000,0,0
1789812584.447272,0,17.968249,20.893308,0.031914,0.000000,0.000000,0.000000,0.000000,0.000000,0.000000,0.000000,0.000000,0.000000,0.000000,0.000000,0.000000,0,0
1789812584.547525,0,17.968249,20.893308,0.031914,0.000000,0.000000,0.000000,0.000000,0.000000,0.000000,0.000000,0.000000,0.000000,0.000000,0.000000,0.000000,0,0
1789812584.647272,0,17.968249,20.893308,0.031914,0.000000,0.000000,0.000000,0.000000,0.000000,0.000000,0.000000,0.000000,0.000000,0.000000,0.000000,0.000000,0,0
1789812584.747270,0,17.968249,20.893308,0.031914,0.000000,0.000000,0.000000,0.000000,0.000000,0.000000,0.000000,0.000000,0.000000,0.000000,0.000000,0.000000,0,0
1789812584.847428,0,17.968249,20.893308,0.031914,0.000000,0.000000,0.000000,0.000000,0.000000,0.000000,0.000000,0.000000,0.000000,0.000000,0.000000,0.000000,0,0
1789812584.947280,0,17.968249,20.893308,0.031914,0.000000,0.000000,0.000000,0.000000,0.000000,0.000000,0.000000,0.000000,0.000000,0.000000,0.000000,0.000000,0,0
1789812585.047299,0,17.968249,20.893308,0.031914,0.000000,0.000000,0.000000,0.000000,0.000000,0.000000,0.000000,0.000000,0.000000,0.000000,0.000000,0.000000,0,0
1789812585.147284,0,17.968249,20.893308,0.031914,0.000000,0.000000,0.000000,0.000000,0.000000,0.000000,0.000000,0.000000,0.000000,0.000000,0.000000,0.000000,0,0
1789812585.247337,0,17.968249,20.893308,0.031914,0.000000,0.000000,0.000000,0.000000,0.000000,0.000000,0.000000,0.000000,0.000000,0.000000,0.000000,0.000000,0,0
1789812585.347444,0,17.968249,20.893308,0.031914,0.000000,0.000000,0.000000,0.000000,0.000000,0.000000,0.000000,0.000000,0.000000,0.000000,0.000000,0.000000,0,0
1789812585.447278,0,17.968249,20.893308,0.031914,0.000000,0.000000,0.000000,0.000000,0.000000,0.000000,0.000000,0.000000,0.000000,0.000000,0.000000,0.000000,0,0
1789812585.547323,0,17.968249,20.893308,0.031914,0.000000,0.000000,0.000000,0.000000,0.000000,0.000000,0.000000,0.000000,0.000000,0.000000,0.000000,0.000000,0,0
1789812585.651395,0,17.968249,20.893308,0.031914,0.000000,0.000000,0.000000,0.000000,0.000000,0.000000,0.000000,0.000000,0.000000,0.000000,0.000000,0.000000,0,0
1789812585.747311,0,17.968249,20.893308,0.031914,0.000000,0.000000,0.000000,0.000000,0.000000,0.000000,0.000000,0.000000,0.000000,0.000000,0.000000,0.000000,0,0
1789812585.847643,0,17.968249,20.893308,0.031914,0.000000,0.000000,0.000000,0.000000,0.000000,0.000000,0.000000,0.000000,0.000000,0.000000,0.000000,0.000000,0,0
1789812585.947457,0,17.968249,20.893308,0.031914,0.000000,0.000000,0.000000,0.000000,0.000000,0.000000,0.000000,0.000000,0.000000,0.000000,0.000000,0.000000,0,0
1789812586.047397,0,17.968249,20.893308,0.031914,0.000000,0.000000,0.000000,0.000000,0.000000,0.000000,0.000000,0.000000,0.000000,0.000000,0.000000,0.000000,0,0
1789812586.147372,0,17.968249,20.893308,0.031914,0.000000,0.000000,0.000000,0.000000,0.000000,0.000000,0.000000,0.000000,0.000000,0.000000,0.000000,0.000000,0,0
1789812586.247563,0,17.968249,20.893308,0.031914,0.000000,0.000000,0.000000,0.000000,0.000000,0.000000,0.000000,0.000000,0.000000,0.000000,0.000000,0.000000,0,0
1789812586.349088,0,17.968249,20.893308,0.031914,0.000000,0.000000,0.000000,0.000000,0.000000,0.000000,0.000000,0.000000,0.000000,0.000000,0.000000,0.000000,0,0
1789812586.447355,0,17.968249,20.893308,0.031914,0.000000,0.000000,0.000000,0.000000,0.000000,0.000000,0.000000,0.000000,0.000000,0.000000,0.000000,0.000000,0,0
1789812586.547336,0,17.968249,20.893308,0.031914,0.000000,0.000000,0.000000,0.000000,0.000000,0.000000,0.000000,0.000000,0.000000,0.000000,0.000000,0.000000,0,0
1789812586.647384,0,17.968249,20.893308,0.031914,0.000000,0.000000,0.000000,0.000000,0.000000,0.000000,0.000000,0.000000,0.000000,0.000000,0.000000,0.000000,0,0
1789812586.747368,0,17.968249,20.893308,0.031914,0.000000,0.000000,0.000000,0.000000,0.000000,0.000000,0.000000,0.000000,0.000000,0.000000,0.000000,0.000000,0,0
1789812586.847212,0,17.924983,20.810095,0.033987,0.000000,0.000000,0.000000,0.000000,0.000000,0.000000,0.000000,0.000000,0.000000,0.000000,0.000000,0.000000,0,0
1789812586.947503,0,17.924983,20.810095,0.033987,0.000000,0.000000,0.000000,0.000000,0.000000,0.000000,0.000000,0.000000,0.000000,0.000000,0.000000,0.000000,0,0
1789812587.047387,0,17.924983,20.810095,0.033987,0.000000,0.000000,0.000000,0.000000,0.000000,0.000000,0.000000,0.000000,0.000000,0.000000,0.000000,0.000000,0,0
1789812587.147413,0,17.924983,20.810095,0.033987,0.000000,0.000000,0.000000,0.000000,0.000000,0.000000,0.000000,0.000000,0.000000,0.000000,0.000000,0.000000,0,0
1789812587.247388,0,17.924983,20.810095,0.033987,0.000000,0.000000,0.000000,0.000000,0.000000,0.000000,0.000000,0.000000,0.000000,0.000000,0.000000,0.000000,0,0
1789812587.348464,0,17.924983,20.810095,0.033987,0.000000,0.000000,0.000000,0.000000,0.000000,0.000000,0.000000,0.000000,0.000000,0.000000,0.000000,0.000000,0,0
1789812587.447380,0,17.924983,20.810095,0.033987,0.000000,0.000000,0.000000,0.000000,0.000000,0.000000,0.000000,0.000000,0.000000,0.000000,0.000000,0.000000,0,0
1789812587.548359,0,17.924983,20.810095,0.033987,0.000000,0.000000,0.000000,0.000000,0.000000,0.000000,0.000000,0.000000,0.000000,0.000000,0.000000,0.000000,0,0
1789812587.647389,0,17.924983,20.810095,0.033987,0.000000,0.000000,0.000000,0.000000,0.000000,0.000000,0.000000,0.000000,0.000000,0.000000,0.000000,0.000000,0,0
1789812587.747423,0,17.924983,20.810095,0.033987,0.000000,0.000000,0.000000,0.000000,0.000000,0.000000,0.000000,0.000000,0.000000,0.000000,0.000000,0.000000,0,0
1789812587.847410,0,17.924983,20.810095,0.033987,0.000000,0.000000,0.000000,0.000000,0.000000,0.000000,0.000000,0.000000,0.000000,0.000000,0.000000,0.000000,0,0
1789812587.947405,0,17.924983,20.810095,0.033987,0.000000,0.000000,0.000000,0.000000,0.000000,0.000000,0.000000,0.000000,0.000000,0.000000,0.000000,0.000000,0,0
1789812588.047473,0,17.924983,20.810095,0.033987,0.000000,0.000000,0.000000,0.000000,0.000000,0.000000,0.000000,0.000000,0.000000,0.000000,0.000000,0.000000,0,0
1789812588.147426,0,17.924983,20.810095,0.033987,0.000000,0.000000,0.000000,0.000000,0.000000,0.000000,0.000000,0.000000,0.000000,0.000000,0.000000,0.000000,0,0
1789812588.247509,0,17.924983,20.810095,0.033987,0.000000,0.000000,0.000000,0.000000,0.000000,0.000000,0.000000,0.000000,0.000000,0.000000,0.000000,0.000000,0,0
1789812588.347446,0,17.924983,20.810095,0.033987,0.000000,0.000000,0.000000,0.000000,0.000000,0.000000,0.000000,0.000000,0.000000,0.000000,0.000000,0.000000,0,0
1789812588.447501,0,17.924983,20.810095,0.033987,0.000000,0.000000,0.000000,0.000000,0.000000,0.000000,0.000000,0.000000,0.000000,0.000000,0.000000,0.000000,0,0
1789812588.547463,0,17.924983,20.810095,0.033987,0.000000,0.000000,0.000000,0.000000,0.000000,0.000000,0.000000,0.000000,0.000000,0.000000,0.000000,0.000000,0,0
1789812588.647499,0,17.924983,20.810095,0.033987,0.000000,0.000000,0.000000,0.000000,0.000000,0.000000,0.000000,0.000000,0.000000,0.000000,0.000000,0.000000,0,0
1789812588.747456,0,17.924983,20.810095,0.033987,0.000000,0.000000,0.000000,0.000000,0.000000,0.000000,0.000000,0.000000,0.000000,0.000000,0.000000,0.000000,0,0
1789812588.847411,0,17.924983,20.810095,0.033987,0.000000,0.000000,0.000000,0.000000,0.000000,0.000000,0.000000,0.000000,0.000000,0.000000,0.000000,0.000000,0,0
1789812588.948044,0,17.924983,20.810095,0.033987,0.000000,0.000000,0.000000,0.000000,0.000000,0.000000,0.000000,0.000000,0.000000,0.000000,0.000000,0.000000,0,0
1789812589.047449,0,17.924983,20.810095,0.033987,0.000000,0.000000,0.000000,0.000000,0.000000,0.000000,0.000000,0.000000,0.000000,0.000000,0.000000,0.000000,0,0
1789812589.147465,0,17.924983,20.810095,0.033987,0.000000,0.000000,0.000000,0.000000,0.000000,0.000000,0.000000,0.000000,0.000000,0.000000,0.000000,0.000000,0,0
1789812589.247462,0,17.924983,20.810095,0.033987,0.000000,0.000000,0.000000,0.000000,0.000000,0.000000,0.000000,0.000000,0.000000,0.000000,0.000000,0.000000,0,0
1789812589.347491,0,17.924983,20.810095,0.033987,0.000000,0.000000,0.000000,0.000000,0.000000,0.000000,0.000000,0.000000,0.000000,0.000000,0.000000,0.000000,0,0
1789812589.447505,0,17.924983,20.810095,0.033987,0.000000,0.000000,0.000000,0.000000,0.000000,0.000000,0.000000,0.000000,0.000000,0.000000,0.000000,0.000000,0,0
1789812589.547502,0,17.924983,20.810095,0.033987,0.000000,0.000000,0.000000,0.000000,0.000000,0.000000,0.000000,0.000000,0.000000,0.000000,0.000000,0.000000,0,0
1789812589.647496,0,17.924983,20.810095,0.033987,0.000000,0.000000,0.000000,0.000000,0.000000,0.000000,0.000000,0.000000,0.000000,0.000000,0.000000,0.000000,0,0
1789812589.747572,0,17.924983,20.810095,0.033987,0.000000,0.000000,0.000000,0.000000,0.000000,0.000000,0.000000,0.000000,0.000000,0.000000,0.000000,0.000000,0,0
1789812589.848261,0,17.924983,20.810095,0.033987,0.000000,0.000000,0.000000,0.000000,0.000000,0.000000,0.000000,0.000000,0.000000,0.000000,0.000000,0.000000,0,0
1789812589.949090,0,17.924983,20.810095,0.033987,0.000000,0.000000,0.000000,0.000000,0.000000,0.000000,0.000000,0.000000,0.000000,0.000000,0.000000,0.000000,0,0
1789812590.049968,0,17.924983,20.810095,0.033987,0.000000,0.000000,0.000000,0.000000,0.000000,0.000000,0.000000,0.000000,0.000000,0.000000,0.000000,0.000000,0,0
1789812590.147518,0,17.924983,20.810095,0.033987,0.000000,0.000000,0.000000,0.000000,0.000000,0.000000,0.000000,0.000000,0.000000,0.000000,0.000000,0.000000,0,0
1789812590.247524,0,17.924983,20.810095,0.033987,0.000000,0.000000,0.000000,0.000000,0.000000,0.000000,0.000000,0.000000,0.000000,0.000000,0.000000,0.000000,0,0
1789812590.347591,0,17.924983,20.810095,0.033987,0.000000,0.000000,0.000000,0.000000,0.000000,0.000000,0.000000,0.000000,0.000000,0.000000,0.000000,0.000000,0,0
1789812590.448082,0,17.924983,20.810095,0.033987,0.000000,0.000000,0.000000,0.000000,0.000000,0.000000,0.000000,0.000000,0.000000,0.000000,0.000000,0.000000,0,0
1789812590.547560,0,17.924983,20.810095,0.033987,0.000000,0.000000,0.000000,0.000000,0.000000,0.000000,0.000000,0.000000,0.000000,0.000000,0.000000,0.000000,0,0
1789812590.647578,0,17.924983,20.810095,0.033987,0.000000,0.000000,0.000000,0.000000,0.000000,0.000000,0.000000,0.000000,0.000000,0.000000,0.000000,0.000000,0,0
1789812590.750318,0,17.924983,20.810095,0.033987,0.000000,0.000000,0.000000,0.000000,0.000000,0.000000,0.000000,0.000000,0.000000,0.000000,0.000000,0.000000,0,0
1789812590.847927,0,17.924983,20.810095,0.033987,0.000000,0.000000,0.000000,0.000000,0.000000,0.000000,0.000000,0.000000,0.000000,0.000000,0.000000,0.000000,0,0
1789812590.947579,0,17.924983,20.810095,0.033987,0.000000,0.000000,0.000000,0.000000,0.000000,0.000000,0.000000,0.000000,0.000000,0.000000,0.000000,0.000000,0,0
1789812591.047619,0,17.924983,20.810095,0.033987,0.000000,0.000000,0.000000,0.000000,0.000000,0.000000,0.000000,0.000000,0.000000,0.000000,0.000000,0.000000,0,0
1789812591.147840,0,17.924983,20.810095,0.033987,0.000000,0.000000,0.000000,0.000000,0.000000,0.000000,0.000000,0.000000,0.000000,0.000000,0.000000,0.000000,0,0
1789812591.247614,0,17.924983,20.810095,0.033987,0.000000,0.000000,0.000000,0.000000,0.000000,0.000000,0.000000,0.000000,0.000000,0.000000,0.000000,0.000000,0,0
1789812591.347587,0,17.924983,20.810095,0.033987,0.000000,0.000000,0.000000,0.000000,0.000000,0.000000,0.000000,0.000000,0.000000,0.000000,0.000000,0.000000,0,0
1789812591.447763,0,17.924983,20.810095,0.033987,0.000000,0.000000,0.000000,0.000000,0.000000,0.000000,0.000000,0.000000,0.000000,0.000000,0.000000,0.000000,0,0
1789812591.547671,0,18.041454,20.824493,0.059117,0.000000,0.000000,0.000000,0.000000,0.000000,0.000000,0.000000,0.000000,0.000000,0.000000,0.000000,0.000000,0,0
1789812591.648898,0,18.023995,20.839328,0.043097,0.000000,0.000000,0.000000,0.000000,0.000000,0.000000,0.000000,0.000000,0.000000,0.000000,0.000000,0.000000,0,0
1789812591.747634,0,18.023995,20.839328,0.043097,0.000000,0.000000,0.000000,0.000000,0.000000,0.000000,0.000000,0.000000,0.000000,0.000000,0.000000,0.000000,0,0
1789812591.847756,0,18.023995,20.839328,0.043097,0.000000,0.000000,0.000000,0.000000,0.000000,0.000000,0.000000,0.000000,0.000000,0.000000,0.000000,0.000000,0,0
1789812591.947635,0,18.023995,20.839328,0.043097,0.000000,0.000000,0.000000,0.000000,0.000000,0.000000,0.000000,0.000000,0.000000,0.000000,0.000000,0.000000,0,0
1789812592.047711,0,18.023995,20.839328,0.043097,0.000000,0.000000,0.000000,0.000000,0.000000,0.000000,0.000000,0.000000,0.000000,0.000000,0.000000,0.000000,0,0
1789812592.147638,0,18.023995,20.839328,0.043097,0.000000,0.000000,0.000000,0.000000,0.000000,0.000000,0.000000,0.000000,0.000000,0.000000,0.000000,0.000000,0,0
1789812592.247734,0,18.023995,20.839328,0.043097,0.000000,0.000000,0.000000,0.000000,0.000000,0.000000,0.000000,0.000000,0.000000,0.000000,0.000000,0.000000,0,0
1789812592.347597,0,18.023995,20.839328,0.043097,0.000000,0.000000,0.000000,0.000000,0.000000,0.000000,0.000000,0.000000,0.000000,0.000000,0.000000,0.000000,0,0
1789812592.447790,0,18.023995,20.839328,0.043097,0.000000,0.000000,0.000000,0.000000,0.000000,0.000000,0.000000,0.000000,0.000000,0.000000,0.000000,0.000000,0,0
1789812592.548229,0,18.023995,20.839328,0.043097,0.000000,0.000000,0.000000,0.000000,0.000000,0.000000,0.000000,0.000000,0.000000,0.000000,0.000000,0.000000,0,0
1789812592.648691,0,18.023995,20.839328,0.043097,0.000000,0.000000,0.000000,0.000000,0.000000,0.000000,0.000000,0.000000,0.000000,0.000000,0.000000,0.000000,0,0
1789812592.747658,0,18.023995,20.839328,0.043097,0.000000,0.000000,0.000000,0.000000,0.000000,0.000000,0.000000,0.000000,0.000000,0.000000,0.000000,0.000000,0,0
1789812592.847675,0,18.023995,20.839328,0.043097,0.000000,0.000000,0.000000,0.000000,0.000000,0.000000,0.000000,0.000000,0.000000,0.000000,0.000000,0.000000,0,0
1789812592.947660,0,18.023995,20.839328,0.043097,0.000000,0.000000,0.000000,0.000000,0.000000,0.000000,0.000000,0.000000,0.000000,0.000000,0.000000,0.000000,0,0
1789812593.047803,0,18.023995,20.839328,0.043097,0.000000,0.000000,0.000000,0.000000,0.000000,0.000000,0.000000,0.000000,0.000000,0.000000,0.000000,0.000000,0,0
1789812593.147673,0,18.023995,20.839328,0.043097,0.000000,0.000000,0.000000,0.000000,0.000000,0.000000,0.000000,0.000000,0.000000,0.000000,0.000000,0.000000,0,0
1789812593.247717,0,18.023995,20.839328,0.043097,0.000000,0.000000,0.000000,0.000000,0.000000,0.000000,0.000000,0.000000,0.000000,0.000000,0.000000,0.000000,0,0
1789812593.347704,0,18.023995,20.839328,0.043097,0.000000,0.000000,0.000000,0.000000,0.000000,0.000000,0.000000,0.000000,0.000000,0.000000,0.000000,0.000000,0,0
1789812593.447814,0,18.023995,20.839328,0.043097,0.000000,0.000000,0.000000,0.000000,0.000000,0.000000,0.000000,0.000000,0.000000,0.000000,0.000000,0.000000,0,0
1789812593.547810,0,18.023995,20.839328,0.043097,0.000000,0.000000,0.000000,0.000000,0.000000,0.000000,0.000000,0.000000,0.000000,0.000000,0.000000,0.000000,0,0
1789812593.648051,0,18.023995,20.839328,0.043097,0.000000,0.000000,0.000000,0.000000,0.000000,0.000000,0.000000,0.000000,0.000000,0.000000,0.000000,0.000000,0,0
1789812593.747715,0,18.023995,20.839328,0.043097,0.000000,0.000000,0.000000,0.000000,0.000000,0.000000,0.000000,0.000000,0.000000,0.000000,0.000000,0.000000,0,0
1789812593.847701,0,18.023995,20.839328,0.043097,0.000000,0.000000,0.000000,0.000000,0.000000,0.000000,0.000000,0.000000,0.000000,0.000000,0.000000,0.000000,0,0
1789812593.948087,0,18.023995,20.839328,0.043097,0.000000,0.000000,0.000000,0.000000,0.000000,0.000000,0.000000,0.000000,0.000000,0.000000,0.000000,0.000000,0,0
1789812594.047778,0,18.023995,20.839328,0.043097,0.000000,0.000000,0.000000,0.000000,0.000000,0.000000,0.000000,0.000000,0.000000,0.000000,0.000000,0.000000,0,0
1789812594.147744,0,18.023995,20.839328,0.043097,0.000000,0.000000,0.000000,0.000000,0.000000,0.000000,0.000000,0.000000,0.000000,0.000000,0.000000,0.000000,0,0
1789812594.248070,0,18.023995,20.839328,0.043097,0.000000,0.000000,0.000000,0.000000,0.000000,0.000000,0.000000,0.000000,0.000000,0.000000,0.000000,0.000000,0,0
1789812594.351063,0,18.023995,20.839328,0.043097,0.000000,0.000000,0.000000,0.000000,0.000000,0.000000,0.000000,0.000000,0.000000,0.000000,0.000000,0.000000,0,0
1789812594.447763,0,18.023995,20.839328,0.043097,0.000000,0.000000,0.000000,0.000000,0.000000,0.000000,0.000000,0.000000,0.000000,0.000000,0.000000,0.000000,0,0
1789812594.547840,0,18.023995,20.839328,0.043097,0.000000,0.000000,0.000000,0.000000,0.000000,0.000000,0.000000,0.000000,0.000000,0.000000,0.000000,0.000000,0,0
1789812594.647744,0,18.023995,20.839328,0.043097,0.000000,0.000000,0.000000,0.000000,0.000000,0.000000,0.000000,0.000000,0.000000,0.000000,0.000000,0.000000,0,0
1789812594.747748,0,18.023995,20.839328,0.043097,0.000000,0.000000,0.000000,0.000000,0.000000,0.000000,0.000000,0.000000,0.000000,0.000000,0.000000,0.000000,0,0
1789812594.847764,0,18.023995,20.839328,0.043097,0.000000,0.000000,0.000000,0.000000,0.000000,0.000000,0.000000,0.000000,0.000000,0.000000,0.000000,0.000000,0,0
1789812594.947791,0,18.023995,20.839328,0.043097,0.000000,0.000000,0.000000,0.000000,0.000000,0.000000,0.000000,0.000000,0.000000,0.000000,0.000000,0.000000,0,0
1789812595.047785,0,18.023995,20.839328,0.043097,0.000000,0.000000,0.000000,0.000000,0.000000,0.000000,0.000000,0.000000,0.000000,0.000000,0.000000,0.000000,0,0
1789812595.147779,0,18.023995,20.839328,0.043097,0.000000,0.000000,0.000000,0.000000,0.000000,0.000000,0.000000,0.000000,0.000000,0.000000,0.000000,0.000000,0,0
1789812595.247870,0,18.023995,20.839328,0.043097,0.000000,0.000000,0.000000,0.000000,0.000000,0.000000,0.000000,0.000000,0.000000,0.000000,0.000000,0.000000,0,0
1789812595.347855,0,18.023995,20.839328,0.043097,0.000000,0.000000,0.000000,0.000000,0.000000,0.000000,0.000000,0.000000,0.000000,0.000000,0.000000,0.000000,0,0
1789812595.447795,0,18.023995,20.839328,0.043097,0.000000,0.000000,0.000000,0.000000,0.000000,0.000000,0.000000,0.000000,0.000000,0.000000,0.000000,0.000000,0,0
1789812595.547818,0,18.023995,20.839328,0.043097,0.000000,0.000000,0.000000,0.000000,0.000000,0.000000,0.000000,0.000000,0.000000,0.000000,0.000000,0.000000,0,0
1789812595.647846,0,18.023995,20.839328,0.043097,0.000000,0.000000,0.000000,0.000000,0.000000,0.000000,0.000000,0.000000,0.000000,0.000000,0.000000,0.000000,0,0
1789812595.747802,0,18.023995,20.839328,0.043097,0.000000,0.000000,0.000000,0.000000,0.000000,0.000000,0.000000,0.000000,0.000000,0.000000,0.000000,0.000000,0,0
1789812595.847897,0,18.023995,20.839328,0.043097,0.000000,0.000000,0.000000,0.000000,0.000000,0.000000,0.000000,0.000000,0.000000,0.000000,0.000000,0.000000,0,0
1789812595.948895,0,18.023995,20.839328,0.043097,0.000000,0.000000,0.000000,0.000000,0.000000,0.000000,0.000000,0.000000,0.000000,0.000000,0.000000,0.000000,0,0
1789812596.047794,0,18.023995,20.839328,0.043097,0.000000,0.000000,0.000000,0.000000,0.000000,0.000000,0.000000,0.000000,0.000000,0.000000,0.000000,0.000000,0,0
1789812596.147874,0,18.023995,20.839328,0.043097,0.000000,0.000000,0.000000,0.000000,0.000000,0.000000,0.000000,0.000000,0.000000,0.000000,0.000000,0.000000,0,0
1789812596.247832,0,18.023995,20.839328,0.043097,0.000000,0.000000,0.000000,0.000000,0.000000,0.000000,0.000000,0.000000,0.000000,0.000000,0.000000,0.000000,0,0
1789812596.348140,0,18.023995,20.839328,0.043097,0.000000,0.000000,0.000000,0.000000,0.000000,0.000000,0.000000,0.000000,0.000000,0.000000,0.000000,0.000000,0,0
1789812596.447832,0,18.023995,20.839328,0.043097,0.000000,0.000000,0.000000,0.000000,0.000000,0.000000,0.000000,0.000000,0.000000,0.000000,0.000000,0.000000,0,0
1789812596.552186,0,18.023995,20.839328,0.043097,0.000000,0.000000,0.000000,0.000000,0.000000,0.000000,0.000000,0.000000,0.000000,0.000000,0.000000,0.000000,0,0
1789812596.647834,0,18.023995,20.839328,0.043097,0.000000,0.000000,0.000000,0.000000,0.000000,0.000000,0.000000,0.000000,0.000000,0.000000,0.000000,0.000000,0,0
1789812596.747883,0,18.023995,20.839328,0.043097,0.000000,0.000000,0.000000,0.000000,0.000000,0.000000,0.000000,0.000000,0.000000,0.000000,0.000000,0.000000,0,0
1789812596.847855,0,18.023995,20.839328,0.043097,0.000000,0.000000,0.000000,0.000000,0.000000,0.000000,0.000000,0.000000,0.000000,0.000000,0.000000,0.000000,0,0
1789812596.948153,0,18.023995,20.839328,0.043097,0.000000,0.000000,0.000000,0.000000,0.000000,0.000000,0.000000,0.000000,0.000000,0.000000,0.000000,0.000000,0,0
1789812597.047902,0,18.023995,20.839328,0.043097,0.000000,0.000000,0.000000,0.000000,0.000000,0.000000,0.000000,0.000000,0.000000,0.000000,0.000000,0.000000,0,0
1789812597.147892,0,18.023995,20.839328,0.043097,0.000000,0.000000,0.000000,0.000000,0.000000,0.000000,0.000000,0.000000,0.000000,0.000000,0.000000,0.000000,0,0
1789812597.247894,0,18.023995,20.839328,0.043097,0.000000,0.000000,0.000000,0.000000,0.000000,0.000000,0.000000,0.000000,0.000000,0.000000,0.000000,0.000000,0,0
1789812597.347876,0,18.023995,20.839328,0.043097,0.000000,0.000000,0.000000,0.000000,0.000000,0.000000,0.000000,0.000000,0.000000,0.000000,0.000000,0.000000,0,0
1789812597.447892,0,18.023995,20.839328,0.043097,0.000000,0.000000,0.000000,0.000000,0.000000,0.000000,0.000000,0.000000,0.000000,0.000000,0.000000,0.000000,0,0
1789812597.548917,0,18.023995,20.839328,0.043097,0.000000,0.000000,0.000000,0.000000,0.000000,0.000000,0.000000,0.000000,0.000000,0.000000,0.000000,0.000000,0,0
1789812597.647889,0,18.023995,20.839328,0.043097,0.000000,0.000000,0.000000,0.000000,0.000000,0.000000,0.000000,0.000000,0.000000,0.000000,0.000000,0.000000,0,0
1789812597.747954,0,18.023995,20.839328,0.043097,0.000000,0.000000,0.000000,0.000000,0.000000,0.000000,0.000000,0.000000,0.000000,0.000000,0.000000,0.000000,0,0
1789812597.848145,0,18.023995,20.839328,0.043097,0.000000,0.000000,0.000000,0.000000,0.000000,0.000000,0.000000,0.000000,0.000000,0.000000,0.000000,0.000000,0,0
1789812597.948229,0,18.023995,20.839328,0.043097,0.000000,0.000000,0.000000,0.000000,0.000000,0.000000,0.000000,0.000000,0.000000,0.000000,0.000000,0.000000,0,0
1789812598.048009,0,18.097307,20.913147,0.025795,0.000000,0.000000,0.000000,0.000000,0.000000,0.000000,0.000000,0.000000,0.000000,0.000000,0.000000,0.000000,0,0
1789812598.147880,0,18.090105,20.878675,0.011616,0.000000,0.000000,0.000000,0.000000,0.000000,0.000000,0.000000,0.000000,0.000000,0.000000,0.000000,0.000000,0,0
1789812598.247950,0,18.090105,20.878675,0.011616,0.000000,0.000000,0.000000,0.000000,0.000000,0.000000,0.000000,0.000000,0.000000,0.000000,0.000000,0.000000,0,0
1789812598.348004,0,18.090105,20.878675,0.011616,0.000000,0.000000,0.000000,0.000000,0.000000,0.000000,0.000000,0.000000,0.000000,0.000000,0.000000,0.000000,0,0
1789812598.447931,0,18.090105,20.878675,0.011616,0.000000,0.000000,0.000000,0.000000,0.000000,0.000000,0.000000,0.000000,0.000000,0.000000,0.000000,0.000000,0,0
1789812598.547973,0,18.090105,20.878675,0.011616,0.000000,0.000000,0.000000,0.000000,0.000000,0.000000,0.000000,0.000000,0.000000,0.000000,0.000000,0.000000,0,0
1789812598.650413,0,18.090105,20.878675,0.011616,0.000000,0.000000,0.000000,0.000000,0.000000,0.000000,0.000000,0.000000,0.000000,0.000000,0.000000,0.000000,0,0
1789812598.747974,0,18.090105,20.878675,0.011616,0.000000,0.000000,0.000000,0.000000,0.000000,0.000000,0.000000,0.000000,0.000000,0.000000,0.000000,0.000000,0,0
1789812598.847994,0,18.090105,20.878675,0.011616,0.000000,0.000000,0.000000,0.000000,0.000000,0.000000,0.000000,0.000000,0.000000,0.000000,0.000000,0.000000,0,0
1789812598.948030,0,18.090105,20.878675,0.011616,0.000000,0.000000,0.000000,0.000000,0.000000,0.000000,0.000000,0.000000,0.000000,0.000000,0.000000,0.000000,0,0
1789812599.051350,0,18.090105,20.878675,0.011616,0.000000,0.000000,0.000000,0.000000,0.000000,0.000000,0.000000,0.000000,0.000000,0.000000,0.000000,0.000000,0,0
1789812599.147976,0,18.090105,20.878675,0.011616,0.000000,0.000000,0.000000,0.000000,0.000000,0.000000,0.000000,0.000000,0.000000,0.000000,0.000000,0.000000,0,0
1789812599.248032,0,18.090105,20.878675,0.011616,0.000000,0.000000,0.000000,0.000000,0.000000,0.000000,0.000000,0.000000,0.000000,0.000000,0.000000,0.000000,0,0
1789812599.347989,0,18.090105,20.878675,0.011616,0.000000,0.000000,0.000000,0.000000,0.000000,0.000000,0.000000,0.000000,0.000000,0.000000,0.000000,0.000000,0,0
1789812599.447982,0,18.090105,20.878675,0.011616,0.000000,0.000000,0.000000,0.000000,0.000000,0.000000,0.000000,0.000000,0.000000,0.000000,0.000000,0.000000,0,0
1789812599.548018,0,18.090105,20.878675,0.011616,0.000000,0.000000,0.000000,0.000000,0.000000,0.000000,0.000000,0.000000,0.000000,0.000000,0.000000,0.000000,0,0
1789812599.648021,0,18.090105,20.878675,0.011616,0.000000,0.000000,0.000000,0.000000,0.000000,0.000000,0.000000,0.000000,0.000000,0.000000,0.000000,0.000000,0,0
1789812599.748019,0,18.090105,20.878675,0.011616,0.000000,0.000000,0.000000,0.000000,0.000000,0.000000,0.000000,0.000000,0.000000,0.000000,0.000000,0.000000,0,0
1789812599.847997,0,18.090105,20.878675,0.011616,0.000000,0.000000,0.000000,0.000000,0.000000,0.000000,0.000000,0.000000,0.000000,0.000000,0.000000,0.000000,0,0
1789812599.948054,0,18.090105,20.878675,0.011616,0.000000,0.000000,0.000000,0.000000,0.000000,0.000000,0.000000,0.000000,0.000000,0.000000,0.000000,0.000000,0,0
1789812600.048034,0,18.090105,20.878675,0.011616,0.000000,0.000000,0.000000,0.000000,0.000000,0.000000,0.000000,0.000000,0.000000,0.000000,0.000000,0.000000,0,0
1789812600.148033,0,18.090105,20.878675,0.011616,0.000000,0.000000,0.000000,0.000000,0.000000,0.000000,0.000000,0.000000,0.000000,0.000000,0.000000,0.000000,0,0
1789812600.248002,0,18.090105,20.878675,0.011616,0.000000,0.000000,0.000000,0.000000,0.000000,0.000000,0.000000,0.000000,0.000000,0.000000,0.000000,0.000000,0,0
1789812600.348279,0,18.090105,20.878675,0.011616,0.000000,0.000000,0.000000,0.000000,0.000000,0.000000,0.000000,0.000000,0.000000,0.000000,0.000000,0.000000,0,0
1789812600.448160,0,18.090105,20.878675,0.011616,0.000000,0.000000,0.000000,0.000000,0.000000,0.000000,0.000000,0.000000,0.000000,0.000000,0.000000,0.000000,0,0
1789812600.548053,0,18.090105,20.878675,0.011616,0.000000,0.000000,0.000000,0.000000,0.000000,0.000000,0.000000,0.000000,0.000000,0.000000,0.000000,0.000000,0,0
1789812600.648627,0,18.090105,20.878675,0.011616,0.000000,0.000000,0.000000,0.000000,0.000000,0.000000,0.000000,0.000000,0.000000,0.000000,0.000000,0.000000,0,0
1789812600.748097,0,18.090105,20.878675,0.011616,0.000000,0.000000,0.000000,0.000000,0.000000,0.000000,0.000000,0.000000,0.000000,0.000000,0.000000,0.000000,0,0
1789812600.848051,0,18.090105,20.878675,0.011616,0.000000,0.000000,0.000000,0.000000,0.000000,0.000000,0.000000,0.000000,0.000000,0.000000,0.000000,0.000000,0,0
1789812600.948081,0,18.090105,20.878675,0.011616,0.000000,0.000000,0.000000,0.000000,0.000000,0.000000,0.000000,0.000000,0.000000,0.000000,0.000000,0.000000,0,0
1789812601.048071,0,18.090105,20.878675,0.011616,0.000000,0.000000,0.000000,0.000000,0.000000,0.000000,0.000000,0.000000,0.000000,0.000000,0.000000,0.000000,0,0
1789812601.148053,0,18.090105,20.878675,0.011616,0.000000,0.000000,0.000000,0.000000,0.000000,0.000000,0.000000,0.000000,0.000000,0.000000,0.000000,0.000000,0,0
1789812601.248089,0,18.090105,20.878675,0.011616,0.000000,0.000000,0.000000,0.000000,0.000000,0.000000,0.000000,0.000000,0.000000,0.000000,0.000000,0.000000,0,0
1789812601.348121,0,18.090105,20.878675,0.011616,0.000000,0.000000,0.000000,0.000000,0.000000,0.000000,0.000000,0.000000,0.000000,0.000000,0.000000,0.000000,0,0
1789812601.448979,0,18.090105,20.878675,0.011616,0.000000,0.000000,0.000000,0.000000,0.000000,0.000000,0.000000,0.000000,0.000000,0.000000,0.000000,0.000000,0,0
1789812601.548121,0,18.090105,20.878675,0.011616,0.000000,0.000000,0.000000,0.000000,0.000000,0.000000,0.000000,0.000000,0.000000,0.000000,0.000000,0.000000,0,0
1789812601.648168,0,18.090105,20.878675,0.011616,0.000000,0.000000,0.000000,0.000000,0.000000,0.000000,0.000000,0.000000,0.000000,0.000000,0.000000,0.000000,0,0
1789812601.748106,0,18.090105,20.878675,0.011616,0.000000,0.000000,0.000000,0.000000,0.000000,0.000000,0.000000,0.000000,0.000000,0.000000,0.000000,0.000000,0,0
1789812601.848187,0,18.090105,20.878675,0.011616,0.000000,0.000000,0.000000,0.000000,0.000000,0.000000,0.000000,0.000000,0.000000,0.000000,0.000000,0.000000,0,0
1789812601.948180,0,18.090105,20.878675,0.011616,0.000000,0.000000,0.000000,0.000000,0.000000,0.000000,0.000000,0.000000,0.000000,0.000000,0.000000,0.000000,0,0
1789812602.048126,0,18.090105,20.878675,0.011616,0.000000,0.000000,0.000000,0.000000,0.000000,0.000000,0.000000,0.000000,0.000000,0.000000,0.000000,0.000000,0,0
1789812602.148176,0,18.090105,20.878675,0.011616,0.000000,0.000000,0.000000,0.000000,0.000000,0.000000,0.000000,0.000000,0.000000,0.000000,0.000000,0.000000,0,0
1789812602.248157,0,18.090105,20.878675,0.011616,0.000000,0.000000,0.000000,0.000000,0.000000,0.000000,0.000000,0.000000,0.000000,0.000000,0.000000,0.000000,0,0
1789812602.348176,0,18.090105,20.878675,0.011616,0.000000,0.000000,0.000000,0.000000,0.000000,0.000000,0.000000,0.000000,0.000000,0.000000,0.000000,0.000000,0,0
1789812602.448133,0,18.090105,20.878675,0.011616,0.000000,0.000000,0.000000,0.000000,0.000000,0.000000,0.000000,0.000000,0.000000,0.000000,0.000000,0.000000,0,0
1789812602.548143,0,18.090105,20.878675,0.011616,0.000000,0.000000,0.000000,0.000000,0.000000,0.000000,0.000000,0.000000,0.000000,0.000000,0.000000,0.000000,0,0
1789812602.648179,0,18.090105,20.878675,0.011616,0.000000,0.000000,0.000000,0.000000,0.000000,0.000000,0.000000,0.000000,0.000000,0.000000,0.000000,0.000000,0,0
1789812602.748194,0,18.090105,20.878675,0.011616,0.000000,0.000000,0.000000,0.000000,0.000000,0.000000,0.000000,0.000000,0.000000,0.000000,0.000000,0.000000,0,0
1789812602.848221,0,18.090105,20.878675,0.011616,0.000000,0.000000,0.000000,0.000000,0.000000,0.000000,0.000000,0.000000,0.000000,0.000000,0.000000,0.000000,0,0
1789812602.948179,0,18.090105,20.878675,0.011616,0.000000,0.000000,0.000000,0.000000,0.000000,0.000000,0.000000,0.000000,0.000000,0.000000,0.000000,0.000000,0,0
1789812603.048171,0,18.090105,20.878675,0.011616,0.000000,0.000000,0.000000,0.000000,0.000000,0.000000,0.000000,0.000000,0.000000,0.000000,0.000000,0.000000,0,0
1789812603.148167,0,18.090105,20.878675,0.011616,0.000000,0.000000,0.000000,0.000000,0.000000,0.000000,0.000000,0.000000,0.000000,0.000000,0.000000,0.000000,0,0
1789812603.248189,0,18.090105,20.878675,0.011616,0.000000,0.000000,0.000000,0.000000,0.000000,0.000000,0.000000,0.000000,0.000000,0.000000,0.000000,0.000000,0,0
1789812603.348213,0,18.090105,20.878675,0.011616,0.000000,0.000000,0.000000,0.000000,0.000000,0.000000,0.000000,0.000000,0.000000,0.000000,0.000000,0.000000,0,0
1789812603.448199,0,18.090105,20.878675,0.011616,0.000000,0.000000,0.000000,0.000000,0.000000,0.000000,0.000000,0.000000,0.000000,0.000000,0.000000,0.000000,0,0
1789812603.548211,0,18.090105,20.878675,0.011616,0.000000,0.000000,0.000000,0.000000,0.000000,0.000000,0.000000,0.000000,0.000000,0.000000,0.000000,0.000000,0,0
1789812603.648236,0,18.090105,20.878675,0.011616,0.000000,0.000000,0.000000,0.000000,0.000000,0.000000,0.000000,0.000000,0.000000,0.000000,0.000000,0.000000,0,0
1789812603.748235,0,18.090105,20.878675,0.011616,0.000000,0.000000,0.000000,0.000000,0.000000,0.000000,0.000000,0.000000,0.000000,0.000000,0.000000,0.000000,0,0
1789812603.848294,0,18.090105,20.878675,0.011616,0.000000,0.000000,0.000000,0.000000,0.000000,0.000000,0.000000,0.000000,0.000000,0.000000,0.000000,0.000000,0,0
1789812603.948237,0,18.090105,20.878675,0.011616,0.000000,0.000000,0.000000,0.000000,0.000000,0.000000,0.000000,0.000000,0.000000,0.000000,0.000000,0.000000,0,0
1789812604.048248,0,18.090105,20.878675,0.011616,0.000000,0.000000,0.000000,0.000000,0.000000,0.000000,0.000000,0.000000,0.000000,0.000000,0.000000,0.000000,0,0
1789812604.148223,0,18.090105,20.878675,0.011616,0.000000,0.000000,0.000000,0.000000,0.000000,0.000000,0.000000,0.000000,0.000000,0.000000,0.000000,0.000000,0,0
1789812604.248221,0,18.090105,20.878675,0.011616,0.000000,0.000000,0.000000,0.000000,0.000000,0.000000,0.000000,0.000000,0.000000,0.000000,0.000000,0.000000,0,0
1789812604.348263,0,18.090105,20.878675,0.011616,0.000000,0.000000,0.000000,0.000000,0.000000,0.000000,0.000000,0.000000,0.000000,0.000000,0.000000,0.000000,0,0
1789812604.448228,0,18.090105,20.878675,0.011616,0.000000,0.000000,0.000000,0.000000,0.000000,0.000000,0.000000,0.000000,0.000000,0.000000,0.000000,0.000000,0,0
1789812604.548274,0,18.090105,20.878675,0.011616,0.000000,0.000000,0.000000,0.000000,0.000000,0.000000,0.000000,0.000000,0.000000,0.000000,0.000000,0.000000,0,0
1789812604.649205,0,18.090105,20.878675,0.011616,0.000000,0.000000,0.000000,0.000000,0.000000,0.000000,0.000000,0.000000,0.000000,0.000000,0.000000,0.000000,0,0
1789812604.748282,0,18.090105,20.878675,0.011616,0.000000,0.000000,0.000000,0.000000,0.000000,0.000000,0.000000,0.000000,0.000000,0.000000,0.000000,0.000000,0,0
1789812604.848317,0,18.090105,20.878675,0.011616,0.000000,0.000000,0.000000,0.000000,0.000000,0.000000,0.000000,0.000000,0.000000,0.000000,0.000000,0.000000,0,0
1789812604.948291,0,18.090105,20.878675,0.011616,0.000000,0.000000,0.000000,0.000000,0.000000,0.000000,0.000000,0.000000,0.000000,0.000000,0.000000,0.000000,0,0
1789812605.048315,0,18.090105,20.878675,0.011616,0.000000,0.000000,0.000000,0.000000,0.000000,0.000000,0.000000,0.000000,0.000000,0.000000,0.000000,0.000000,0,0
1789812605.148266,0,18.090105,20.878675,0.011616,0.000000,0.000000,0.000000,0.000000,0.000000,0.000000,0.000000,0.000000,0.000000,0.000000,0.000000,0.000000,0,0
1789812605.248272,0,18.090105,20.878675,0.011616,0.000000,0.000000,0.000000,0.000000,0.000000,0.000000,0.000000,0.000000,0.000000,0.000000,0.000000,0.000000,0,0
1789812605.348447,0,18.090105,20.878675,0.011616,0.000000,0.000000,0.000000,0.000000,0.000000,0.000000,0.000000,0.000000,0.000000,0.000000,0.000000,0.000000,0,0
1789812605.448299,0,18.090105,20.878675,0.011616,0.000000,0.000000,0.000000,0.000000,0.000000,0.000000,0.000000,0.000000,0.000000,0.000000,0.000000,0.000000,0,0
1789812605.548321,0,18.090105,20.878675,0.011616,0.000000,0.000000,0.000000,0.000000,0.000000,0.000000,0.000000,0.000000,0.000000,0.000000,0.000000,0.000000,0,0
1789812605.648260,0,18.090105,20.878675,0.011616,0.000000,0.000000,0.000000,0.000000,0.000000,0.000000,0.000000,0.000000,0.000000,0.000000,0.000000,0.000000,0,0
1789812605.748975,0,18.090105,20.878675,0.011616,0.000000,0.000000,0.000000,0.000000,0.000000,0.000000,0.000000,0.000000,0.000000,0.000000,0.000000,0.000000,0,0
1789812605.848515,0,18.090105,20.878675,0.011616,0.000000,0.000000,0.000000,0.000000,0.000000,0.000000,0.000000,0.000000,0.000000,0.000000,0.000000,0.000000,0,0
1789812605.948788,0,18.090105,20.878675,0.011616,0.000000,0.000000,0.000000,0.000000,0.000000,0.000000,0.000000,0.000000,0.000000,0.000000,0.000000,0.000000,0,0
1789812606.048337,0,18.090105,20.878675,0.011616,0.000000,0.000000,0.000000,0.000000,0.000000,0.000000,0.000000,0.000000,0.000000,0.000000,0.000000,0.000000,0,0
1789812606.148843,0,18.090105,20.878675,0.011616,0.000000,0.000000,0.000000,0.000000,0.000000,0.000000,0.000000,0.000000,0.000000,0.000000,0.000000,0.000000,0,0
1789812606.248348,0,18.090105,20.878675,0.011616,0.000000,0.000000,0.000000,0.000000,0.000000,0.000000,0.000000,0.000000,0.000000,0.000000,0.000000,0.000000,0,0
1789812606.348335,0,18.090105,20.878675,0.011616,0.000000,0.000000,0.000000,0.000000,0.000000,0.000000,0.000000,0.000000,0.000000,0.000000,0.000000,0.000000,0,0
1789812606.448339,0,18.090105,20.878675,0.011616,0.000000,0.000000,0.000000,0.000000,0.000000,0.000000,0.000000,0.000000,0.000000,0.000000,0.000000,0.000000,0,0
1789812606.548336,0,18.090105,20.878675,0.011616,0.000000,0.000000,0.000000,0.000000,0.000000,0.000000,0.000000,0.000000,0.000000,0.000000,0.000000,0.000000,0,0
1789812606.648308,0,18.090105,20.878675,0.011616,0.000000,0.000000,0.000000,0.000000,0.000000,0.000000,0.000000,0.000000,0.000000,0.000000,0.000000,0.000000,0,0
1789812606.748335,0,18.090105,20.878675,0.011616,0.000000,0.000000,0.000000,0.000000,0.000000,0.000000,0.000000,0.000000,0.000000,0.000000,0.000000,0.000000,0,0
1789812606.848365,0,18.090105,20.878675,0.011616,0.000000,0.000000,0.000000,0.000000,0.000000,0.000000,0.000000,0.000000,0.000000,0.000000,0.000000,0.000000,0,0
1789812606.948363,0,18.090105,20.878675,0.011616,0.000000,0.000000,0.000000,0.000000,0.000000,0.000000,0.000000,0.000000,0.000000,0.000000,0.000000,0.000000,0,0
1789812607.048379,0,18.090105,20.878675,0.011616,0.000000,0.000000,0.000000,0.000000,0.000000,0.000000,0.000000,0.000000,0.000000,0.000000,0.000000,0.000000,0,0
1789812607.148379,0,18.090105,20.878675,0.011616,0.000000,0.000000,0.000000,0.000000,0.000000,0.000000,0.000000,0.000000,0.000000,0.000000,0.000000,0.000000,0,0
1789812607.250412,0,18.090105,20.878675,0.011616,0.000000,0.000000,0.000000,0.000000,0.000000,0.000000,0.000000,0.000000,0.000000,0.000000,0.000000,0.000000,0,0
1789812607.348469,0,18.090105,20.878675,0.011616,0.000000,0.000000,0.000000,0.000000,0.000000,0.000000,0.000000,0.000000,0.000000,0.000000,0.000000,0.000000,0,0
1789812607.448420,0,18.090105,20.878675,0.011616,0.000000,0.000000,0.000000,0.000000,0.000000,0.000000,0.000000,0.000000,0.000000,0.000000,0.000000,0.000000,0,0
1789812607.548412,0,18.090105,20.878675,0.011616,0.000000,0.000000,0.000000,0.000000,0.000000,0.000000,0.000000,0.000000,0.000000,0.000000,0.000000,0.000000,0,0
1789812607.648395,0,18.090105,20.878675,0.011616,0.000000,0.000000,0.000000,0.000000,0.000000,0.000000,0.000000,0.000000,0.000000,0.000000,0.000000,0.000000,0,0
1789812607.748399,0,18.090105,20.878675,0.011616,0.000000,0.000000,0.000000,0.000000,0.000000,0.000000,0.000000,0.000000,0.000000,0.000000,0.000000,0.000000,0,0
1789812607.848401,0,18.090105,20.878675,0.011616,0.000000,0.000000,0.000000,0.000000,0.000000,0.000000,0.000000,0.000000,0.000000,0.000000,0.000000,0.000000,0,0
1789812607.948478,0,18.090105,20.878675,0.011616,0.000000,0.000000,0.000000,0.000000,0.000000,0.000000,0.000000,0.000000,0.000000,0.000000,0.000000,0.000000,0,0
1789812608.048408,0,18.090105,20.878675,0.011616,0.000000,0.000000,0.000000,0.000000,0.000000,0.000000,0.000000,0.000000,0.000000,0.000000,0.000000,0.000000,0,0
1789812608.148464,0,18.090105,20.878675,0.011616,0.000000,0.000000,0.000000,0.000000,0.000000,0.000000,0.000000,0.000000,0.000000,0.000000,0.000000,0.000000,0,0
1789812608.248449,0,18.090105,20.878675,0.011616,0.000000,0.000000,0.000000,0.000000,0.000000,0.000000,0.000000,0.000000,0.000000,0.000000,0.000000,0.000000,0,0
1789812608.348402,0,18.090105,20.878675,0.011616,0.000000,0.000000,0.000000,0.000000,0.000000,0.000000,0.000000,0.000000,0.000000,0.000000,0.000000,0.000000,0,0
1789812608.448437,0,18.090105,20.878675,0.011616,0.000000,0.000000,0.000000,0.000000,0.000000,0.000000,0.000000,0.000000,0.000000,0.000000,0.000000,0.000000,0,0
1789812608.548657,0,18.090105,20.878675,0.011616,0.000000,0.000000,0.000000,0.000000,0.000000,0.000000,0.000000,0.000000,0.000000,0.000000,0.000000,0.000000,0,0
1789812608.648420,0,18.090105,20.878675,0.011616,0.000000,0.000000,0.000000,0.000000,0.000000,0.000000,0.000000,0.000000,0.000000,0.000000,0.000000,0.000000,0,0
1789812608.748460,0,18.090105,20.878675,0.011616,0.000000,0.000000,0.000000,0.000000,0.000000,0.000000,0.000000,0.000000,0.000000,0.000000,0.000000,0.000000,0,0
1789812608.848480,0,18.090105,20.878675,0.011616,0.000000,0.000000,0.000000,0.000000,0.000000,0.000000,0.000000,0.000000,0.000000,0.000000,0.000000,0.000000,0,0
1789812608.948505,0,18.090105,20.878675,0.011616,0.000000,0.000000,0.000000,0.000000,0.000000,0.000000,0.000000,0.000000,0.000000,0.000000,0.000000,0.000000,0,0
1789812609.048468,0,18.090105,20.878675,0.011616,0.000000,0.000000,0.000000,0.000000,0.000000,0.000000,0.000000,0.000000,0.000000,0.000000,0.000000,0.000000,0,0
1789812609.148537,0,18.090105,20.878675,0.011616,0.000000,0.000000,0.000000,0.000000,0.000000,0.000000,0.000000,0.000000,0.000000,0.000000,0.000000,0.000000,0,0
1789812609.248759,0,18.090105,20.878675,0.011616,0.000000,0.000000,0.000000,0.000000,0.000000,0.000000,0.000000,0.000000,0.000000,0.000000,0.000000,0.000000,0,0
1789812609.348511,0,18.090105,20.878675,0.011616,0.000000,0.000000,0.000000,0.000000,0.000000,0.000000,0.000000,0.000000,0.000000,0.000000,0.000000,0.000000,0,0
1789812609.448488,0,18.090105,20.878675,0.011616,0.000000,0.000000,0.000000,0.000000,0.000000,0.000000,0.000000,0.000000,0.000000,0.000000,0.000000,0.000000,0,0
1789812609.549001,0,18.090105,20.878675,0.011616,0.000000,0.000000,0.000000,0.000000,0.000000,0.000000,0.000000,0.000000,0.000000,0.000000,0.000000,0.000000,0,0
1789812609.648542,0,18.090105,20.878675,0.011616,0.000000,0.000000,0.000000,0.000000,0.000000,0.000000,0.000000,0.000000,0.000000,0.000000,0.000000,0.000000,0,0
1789812609.748555,0,18.090105,20.878675,0.011616,0.000000,0.000000,0.000000,0.000000,0.000000,0.000000,0.000000,0.000000,0.000000,0.000000,0.000000,0.000000,0,0
1789812609.848701,0,18.090105,20.878675,0.011616,0.000000,0.000000,0.000000,0.000000,0.000000,0.000000,0.000000,0.000000,0.000000,0.000000,0.000000,0.000000,0,0
1789812609.948537,0,18.090105,20.878675,0.011616,0.000000,0.000000,0.000000,0.000000,0.000000,0.000000,0.000000,0.000000,0.000000,0.000000,0.000000,0.000000,0,0
1789812610.048600,0,18.090105,20.878675,0.011616,0.000000,0.000000,0.000000,0.000000,0.000000,0.000000,0.000000,0.000000,0.000000,0.000000,0.000000,0.000000,0,0
1789812610.148514,0,18.090105,20.878675,0.011616,0.000000,0.000000,0.000000,0.000000,0.000000,0.000000,0.000000,0.000000,0.000000,0.000000,0.000000,0.000000,0,0
1789812610.248531,0,18.090105,20.878675,0.011616,0.000000,0.000000,0.000000,0.000000,0.000000,0.000000,0.000000,0.000000,0.000000,0.000000,0.000000,0.000000,0,0
1789812610.349000,0,18.090105,20.878675,0.011616,0.000000,0.000000,0.000000,0.000000,0.000000,0.000000,0.000000,0.000000,0.000000,0.000000,0.000000,0.000000,0,0
1789812610.448537,0,18.090105,20.878675,0.011616,0.000000,0.000000,0.000000,0.000000,0.000000,0.000000,0.000000,0.000000,0.000000,0.000000,0.000000,0.000000,0,0
1789812610.548628,0,18.090105,20.878675,0.011616,0.000000,0.000000,0.000000,0.000000,0.000000,0.000000,0.000000,0.000000,0.000000,0.000000,0.000000,0.000000,0,0
1789812610.648559,0,18.090105,20.878675,0.011616,0.000000,0.000000,0.000000,0.000000,0.000000,0.000000,0.000000,0.000000,0.000000,0.000000,0.000000,0.000000,0,0
1789812610.748670,0,18.090105,20.878675,0.011616,0.000000,0.000000,0.000000,0.000000,0.000000,0.000000,0.000000,0.000000,0.000000,0.000000,0.000000,0.000000,0,0
1789812610.848572,0,18.090105,20.878675,0.011616,0.000000,0.000000,0.000000,0.000000,0.000000,0.000000,0.000000,0.000000,0.000000,0.000000,0.000000,0.000000,0,0
1789812610.948575,0,18.090105,20.878675,0.011616,0.000000,0.000000,0.000000,0.000000,0.000000,0.000000,0.000000,0.000000,0.000000,0.000000,0.000000,0.000000,0,0
1789812611.048770,0,18.090105,20.878675,0.011616,0.000000,0.000000,0.000000,0.000000,0.000000,0.000000,0.000000,0.000000,0.000000,0.000000,0.000000,0.000000,0,0
1789812611.148617,0,18.090105,20.878675,0.011616,0.000000,0.000000,0.000000,0.000000,0.000000,0.000000,0.000000,0.000000,0.000000,0.000000,0.000000,0.000000,0,0
1789812611.248700,0,18.090105,20.878675,0.011616,0.000000,0.000000,0.000000,0.000000,0.000000,0.000000,0.000000,0.000000,0.000000,0.000000,0.000000,0.000000,0,0
1789812611.348596,0,18.090105,20.878675,0.011616,0.000000,0.000000,0.000000,0.000000,0.000000,0.000000,0.000000,0.000000,0.000000,0.000000,0.000000,0.000000,0,0
1789812611.448605,0,18.090105,20.878675,0.011616,0.000000,0.000000,0.000000,0.000000,0.000000,0.000000,0.000000,0.000000,0.000000,0.000000,0.000000,0.000000,0,0
1789812611.552413,0,18.090105,20.878675,0.011616,0.000000,0.000000,0.000000,0.000000,0.000000,0.000000,0.000000,0.000000,0.000000,0.000000,0.000000,0.000000,0,0
1789812611.648652,0,18.090105,20.878675,0.011616,0.000000,0.000000,0.000000,0.000000,0.000000,0.000000,0.000000,0.000000,0.000000,0.000000,0.000000,0.000000,0,0
1789812611.748610,0,18.090105,20.878675,0.011616,0.000000,0.000000,0.000000,0.000000,0.000000,0.000000,0.000000,0.000000,0.000000,0.000000,0.000000,0.000000,0,0
1789812611.848709,0,18.090105,20.878675,0.011616,18.090105,20.878675,19.128000,20.879000,0.000000,0.000000,0.800000,0.000314,-0.011302,1.037895,0.600000,-0.032777,0,0
1789812611.948669,0,18.090105,20.878675,0.011616,18.090105,20.878675,19.128000,20.879000,0.000000,0.000000,0.800000,0.000314,-0.011302,1.037895,0.600000,-0.052670,0,0
1789812612.048706,0,18.090105,20.878675,0.011616,18.090105,20.878675,19.128000,20.879000,0.000000,0.000000,0.800000,0.000314,-0.011302,1.037895,0.600000,-0.063520,0,0
1789812612.148674,0,18.090105,20.878675,0.011616,18.090105,20.878675,19.128000,20.879000,0.000000,0.000000,0.800000,0.000314,-0.011302,1.037895,0.600000,-0.068149,0,0
1789812612.248697,0,18.090105,20.878675,0.011616,18.090105,20.878675,19.128000,20.879000,0.000000,0.000000,0.800000,0.000314,-0.011302,1.037895,0.600000,-0.068612,0,0
1789812612.348826,0,18.090105,20.878675,0.011616,18.090105,20.878675,19.128000,20.879000,0.000000,0.000000,0.800000,0.000314,-0.011302,1.037895,0.600000,-0.066390,0,0
1789812612.448652,0,18.090105,20.878675,0.011616,18.090105,20.878675,19.128000,20.879000,0.000000,0.000000,0.800000,0.000314,-0.011302,1.037895,0.600000,-0.062539,0,0
1789812612.548693,0,18.090105,20.878675,0.011616,18.090105,20.878675,19.128000,20.879000,0.000000,0.000000,0.800000,0.000314,-0.011302,1.037895,0.600000,-0.057798,0,0
1789812612.648700,0,18.090105,20.878675,0.011616,18.090105,20.878675,19.128000,20.879000,0.000000,0.000000,0.800000,0.000314,-0.011302,1.037895,0.600000,-0.052678,0,0
1789812612.748899,0,18.090105,20.878675,0.011616,18.090105,20.878675,19.128000,20.879000,0.000000,0.000000,0.800000,0.000314,-0.011302,1.037895,0.600000,-0.047520,0,0
1789812612.848720,0,18.090105,20.878675,0.011616,18.090105,20.878675,19.128000,20.879000,0.000000,0.000000,0.800000,0.000314,-0.011302,1.037895,0.600000,-0.042545,0,0
1789812612.949834,0,18.090105,20.878675,0.011616,18.090105,20.878675,19.128000,20.879000,0.000000,0.000000,0.800000,0.000314,-0.011302,1.037895,0.600000,-0.037884,0,0
1789812613.048659,0,18.090105,20.878675,0.011616,18.090105,20.878675,19.128000,20.879000,0.000000,0.000000,0.800000,0.000314,-0.011302,1.037895,0.600000,-0.033612,0,0
1789812613.148702,0,18.090105,20.878675,0.011616,18.090105,20.878675,19.128000,20.879000,0.000000,0.000000,0.800000,0.000314,-0.011302,1.037895,0.600000,-0.029760,0,0
1789812613.248725,0,18.090105,20.878675,0.011616,18.090105,20.878675,19.128000,20.879000,0.000000,0.000000,0.800000,0.000314,-0.011302,1.037895,0.600000,-0.026330,0,0
1789812613.348693,0,18.090105,20.878675,0.011616,18.090105,20.878675,19.128000,20.879000,0.000000,0.000000,0.800000,0.000314,-0.011302,1.037895,0.600000,-0.023308,0,0
1789812613.449390,0,18.090105,20.878675,0.011616,18.090105,20.878675,19.128000,20.879000,0.000000,0.000000,0.800000,0.000314,-0.011302,1.037895,0.600000,-0.020667,0,0
1789812613.548792,0,18.090105,20.878675,0.011616,18.090105,20.878675,19.128000,20.879000,0.000000,0.000000,0.800000,0.000314,-0.011302,1.037895,0.600000,-0.018377,0,0
1789812613.648816,0,18.090105,20.878675,0.011616,18.090105,20.878675,19.128000,20.879000,0.000000,0.000000,0.800000,0.000314,-0.011302,1.037895,0.600000,-0.016402,0,0
1789812613.748750,0,18.090105,20.878675,0.011616,18.090105,20.878675,19.128000,20.879000,0.000000,0.000000,0.800000,0.000314,-0.011302,1.037895,0.600000,-0.014708,0,0
1789812613.848858,0,18.090105,20.878675,0.011616,18.090105,20.878675,19.128000,20.879000,0.000000,0.000000,0.800000,0.000314,-0.011302,1.037895,0.600000,-0.013261,0,0
1789812613.948789,0,18.090105,20.878675,0.011616,18.090105,20.878675,19.128000,20.879000,0.000000,0.000000,0.800000,0.000314,-0.011302,1.037895,0.600000,-0.012031,0,0
1789812614.048733,0,18.090105,20.878675,0.011616,18.090105,20.878675,19.128000,20.879000,0.000000,0.000000,0.800000,0.000314,-0.011302,1.037895,0.600000,-0.010989,0,0
1789812614.148768,0,18.090105,20.878675,0.011616,18.090105,20.878675,19.128000,20.879000,0.000000,0.000000,0.800000,0.000314,-0.011302,1.037895,0.600000,-0.010108,0,0
1789812614.248763,0,18.206528,20.864867,0.001489,18.090105,20.878675,19.128000,20.879000,-0.013844,0.116419,0.799960,0.017618,0.016129,0.921476,0.532699,0.001056,0,0
1789812614.348751,0,18.206528,20.864867,0.001489,18.090105,20.878675,19.128000,20.879000,-0.013844,0.116419,0.799960,0.017618,0.016129,0.921476,0.532699,0.008481,0,0
1789812614.448854,0,18.206528,20.864867,0.001489,18.090105,20.878675,19.128000,20.879000,-0.013844,0.116419,0.799960,0.017618,0.016129,0.921476,0.532699,0.013217,0,0
1789812614.548787,0,18.206528,20.864867,0.001489,18.090105,20.878675,19.128000,20.879000,-0.013844,0.116419,0.799960,0.017618,0.016129,0.921476,0.532699,0.016041,0,0
1789812614.648775,0,18.206528,20.864867,0.001489,18.090105,20.878675,19.128000,20.879000,-0.013844,0.116419,0.799960,0.017618,0.016129,0.921476,0.532699,0.017530,0,0
1789812614.748817,0,18.313445,20.826296,-0.008825,18.090105,20.878675,19.128000,20.879000,-0.052449,0.223324,0.799423,0.065828,0.074653,0.814572,0.470898,0.040335,0,0
1789812614.849774,0,18.313445,20.826296,-0.008825,18.090105,20.878675,19.128000,20.879000,-0.052449,0.223324,0.799423,0.065828,0.074653,0.814572,0.470898,0.054810,0,0
1789812614.948781,0,18.313445,20.826296,-0.008825,18.090105,20.878675,19.128000,20.879000,-0.052449,0.223324,0.799423,0.065828,0.074653,0.814572,0.470898,0.063375,0,0
1789812615.048869,0,18.313445,20.826296,-0.008825,18.090105,20.878675,19.128000,20.879000,-0.052449,0.223324,0.799423,0.065828,0.074653,0.814572,0.470898,0.067815,0,0
1789812615.148774,0,18.428889,20.777926,-0.016263,18.090105,20.878675,19.128000,20.879000,-0.100855,0.338753,0.797872,0.126052,0.142315,0.699142,0.350000,0.095165,0,0
1789812615.248787,0,18.428889,20.777926,-0.016263,18.090105,20.878675,19.128000,20.879000,-0.100855,0.338753,0.797872,0.126052,0.142315,0.699142,0.350000,0.111709,0,0
1789812615.348830,0,18.428889,20.777926,-0.016263,18.090105,20.878675,19.128000,20.879000,-0.100855,0.338753,0.797872,0.126052,0.142315,0.699142,0.350000,0.120675,0,0
1789812615.448887,0,18.547212,20.781097,-0.017735,18.090105,20.878675,19.128000,20.879000,-0.097721,0.457077,0.798001,0.122163,0.139898,0.580819,0.350000,0.123515,0,0
1789812615.548817,0,18.547212,20.781097,-0.017735,18.090105,20.878675,19.128000,20.879000,-0.097721,0.457077,0.798001,0.122163,0.139898,0.580819,0.350000,0.123190,0,0
1789812615.650277,0,18.547212,20.781097,-0.017735,18.090105,20.878675,19.128000,20.879000,-0.097721,0.457077,0.798001,0.122163,0.139898,0.580819,0.350000,0.120852,0,0
1789812615.749127,1,18.676096,20.768617,-0.024233,18.090105,20.878675,19.128000,20.879000,-0.110241,0.585956,0.797459,0.137684,0.161917,0.451939,0.350000,0.125768,0,0
1789812615.850257,1,18.676096,20.768617,-0.024233,19.128000,20.879000,19.128000,24.452000,0.451904,-0.110383,0.760039,1.034371,1.058604,3.683383,0.180000,0.260615,0,0
1789812615.948856,1,18.676096,20.768617,-0.024233,19.128000,20.879000,19.128000,24.452000,0.451904,-0.110383,0.760039,1.034371,1.058604,3.683383,0.180000,0.368492,0,0
1789812616.048891,1,18.812035,20.740095,-0.023215,19.128000,20.879000,19.128000,24.452000,0.315965,-0.138905,0.779751,1.185805,1.209020,3.711905,0.180000,0.454793,0,0
1789812616.149050,1,18.812035,20.740095,-0.023215,19.128000,20.879000,19.128000,24.452000,0.315965,-0.138905,0.779751,1.185805,1.209020,3.711905,0.180000,0.523835,0,0
1789812616.249841,1,18.812035,20.740095,-0.023215,19.128000,20.879000,19.128000,24.452000,0.315965,-0.138905,0.779751,1.185805,1.209020,3.711905,0.180000,0.579068,0,0
1789812616.348914,1,18.943833,20.721816,-0.017153,19.128000,20.879000,19.128000,24.452000,0.184167,-0.157184,0.792961,1.342590,1.359743,3.730184,0.180000,0.623254,0,0
1789812616.453753,1,18.943833,20.721816,-0.017153,19.128000,20.879000,19.128000,24.452000,0.184167,-0.157184,0.792961,1.342590,1.359743,3.730184,0.180000,0.658603,0,0
1789812616.549514,1,18.943833,20.721816,-0.017153,19.128000,20.879000,19.128000,24.452000,0.184167,-0.157184,0.792961,1.342590,1.359743,3.730184,0.180000,0.686883,0,0
1789812616.648951,1,19.046756,20.731218,0.019689,19.128000,20.879000,19.128000,24.452000,0.081244,-0.147782,0.798617,1.469414,1.449725,3.720782,0.180000,0.709506,0,0
1789812616.748930,1,19.046756,20.731218,0.019689,19.128000,20.879000,19.128000,24.452000,0.081244,-0.147782,0.798617,1.469414,1.449725,3.720782,0.180000,0.727605,0,0
1789812616.848914,1,19.046756,20.731218,0.019689,19.128000,20.879000,19.128000,24.452000,0.081244,-0.147782,0.798617,1.469414,1.449725,3.720782,0.180000,0.742084,0,0
1789812616.948877,1,19.046756,20.731218,0.019689,19.128000,20.879000,19.128000,24.452000,0.081244,-0.147782,0.798617,1.469414,1.449725,3.720782,0.180000,0.753667,0,0
1789812617.049340,1,19.158351,20.732618,0.053454,19.128000,20.879000,19.128000,24.452000,-0.030351,-0.146382,0.799807,1.608726,1.555272,3.719382,0.180000,0.762934,0,0
1789812617.148906,1,19.158351,20.732618,0.053454,19.128000,20.879000,19.128000,24.452000,-0.030351,-0.146382,0.799807,1.608726,1.555272,3.719382,0.180000,0.770347,0,0
1789812617.249007,1,19.158351,20.732618,0.053454,19.128000,20.879000,19.128000,24.452000,-0.030351,-0.146382,0.799807,1.608726,1.555272,3.719382,0.180000,0.776278,0,0
1789812617.348896,1,19.158351,20.732618,0.053454,19.128000,20.879000,19.128000,24.452000,-0.030351,-0.146382,0.799807,1.608726,1.555272,3.719382,0.180000,0.781022,0,0
1789812617.448895,1,19.158351,20.732618,0.053454,19.128000,20.879000,19.128000,24.452000,-0.030351,-0.146382,0.799807,1.608726,1.555272,3.719382,0.180000,0.784818,0,0
1789812617.548962,1,19.279390,20.746056,0.227160,19.128000,20.879000,19.128000,24.452000,-0.151390,-0.132944,0.795225,1.758918,1.531758,3.705944,0.180000,0.787854,0,0
1789812617.648929,1,19.279390,20.746056,0.227160,19.128000,20.879000,19.128000,24.452000,-0.151390,-0.132944,0.795225,1.758918,1.531758,3.705944,0.180000,0.790283,0,0
1789812617.748939,1,19.310247,20.749982,0.379044,19.128000,20.879000,19.128000,24.452000,-0.182247,-0.129018,0.793106,1.796664,1.417620,3.702018,0.180000,0.752688,0,0
1789812617.848957,1,19.310247,20.749982,0.379044,19.128000,20.879000,19.128000,24.452000,-0.182247,-0.129018,0.793106,1.796664,1.417620,3.702018,0.180000,0.726872,0,0
1789812617.948939,1,19.342932,20.780604,0.550830,19.128000,20.879000,19.128000,24.452000,-0.214932,-0.098396,0.790454,1.836287,1.285457,3.671396,0.180000,0.659398,0,0
1789812618.048933,1,19.342932,20.780604,0.550830,19.128000,20.879000,19.128000,24.452000,-0.214932,-0.098396,0.790454,1.836287,1.285457,3.671396,0.180000,0.615548,0,0
1789812618.148936,1,19.373250,20.814315,0.721528,19.128000,20.879000,19.128000,24.452000,-0.245250,-0.064685,0.787631,1.872658,1.151129,3.637685,0.180000,0.537528,0,0
1789812618.248899,1,19.373250,20.814315,0.721528,19.128000,20.879000,19.128000,24.452000,-0.245250,-0.064685,0.787631,1.872658,1.151129,3.637685,0.180000,0.489117,0,0
1789812618.348991,1,19.396932,20.855233,0.895799,19.128000,20.879000,19.128000,24.452000,-0.268932,-0.023767,0.785190,1.900779,1.004980,3.596767,0.180000,0.406088,0,0
1789812618.448977,1,19.396932,20.855233,0.895799,19.128000,20.879000,19.128000,24.452000,-0.268932,-0.023767,0.785190,1.900779,1.004980,3.596767,0.180000,0.356806,0,0
1789812618.548932,1,19.418173,20.878629,1.049863,19.128000,20.879000,19.128000,24.452000,-0.290173,-0.000371,0.782829,1.925767,0.875904,3.573371,0.180000,0.282030,0,0
1789812618.648952,1,19.418173,20.878629,1.049863,19.128000,20.879000,19.128000,24.452000,-0.290173,-0.000371,0.782829,1.925767,0.875904,3.573371,0.180000,0.240409,0,0
1789812618.748969,1,19.430354,20.887986,1.182977,19.128000,20.879000,19.128000,24.452000,-0.302354,0.008986,0.781404,1.939991,0.757014,3.564014,0.180000,0.176501,0,0
1789812618.848974,1,19.430354,20.887986,1.182977,19.128000,20.879000,19.128000,24.452000,-0.302354,0.008986,0.781404,1.939991,0.757014,3.564014,0.180000,0.143681,0,0
1789812618.949240,1,19.431842,20.921244,1.323350,19.128000,20.879000,19.128000,24.452000,-0.303842,0.042244,0.781226,1.941724,0.618374,3.530756,0.300000,0.079410,0,0
1789812619.048990,1,19.431842,20.921244,1.323350,19.128000,20.879000,19.128000,24.452000,-0.303842,0.042244,0.781226,1.941724,0.618374,3.530756,0.300000,0.047468,0,0
1789812619.148983,1,19.428951,20.949570,1.437850,19.128000,20.879000,19.128000,24.452000,-0.300951,0.070570,0.781570,1.938357,0.500507,3.502430,0.300000,-0.007294,0,0
1789812619.253632,1,19.428951,20.949570,1.437850,19.128000,20.879000,19.128000,24.452000,-0.300951,0.070570,0.781570,1.938357,0.500507,3.502430,0.300000,-0.032040,0,0
1789812619.349003,1,19.428951,20.949570,1.437850,19.128000,20.879000,19.128000,24.452000,-0.300951,0.070570,0.781570,1.938357,0.500507,3.502430,0.300000,-0.036585,0,0
1789812619.449064,1,19.423198,21.003589,1.568532,19.128000,20.879000,19.128000,24.452000,-0.295198,0.124589,0.782247,1.931644,0.363113,3.448411,0.300000,-0.080202,0,0
1789812619.549004,1,19.423198,21.003589,1.568532,19.128000,20.879000,19.128000,24.452000,-0.295198,0.124589,0.782247,1.931644,0.363113,3.448411,0.300000,-0.097647,0,0
1789812619.649017,1,19.423198,21.003589,1.568532,19.128000,20.879000,19.128000,24.452000,-0.295198,0.124589,0.782247,1.931644,0.363113,3.448411,0.300000,-0.097643,0,0
1789812619.749034,1,19.423198,21.003589,1.568532,19.128000,20.879000,19.128000,24.452000,-0.295198,0.124589,0.782247,1.931644,0.363113,3.448411,0.300000,-0.086473,0,0
1789812619.849344,1,19.423198,21.003589,1.568532,19.128000,20.879000,19.128000,24.452000,-0.295198,0.124589,0.782247,1.931644,0.363113,3.448411,0.300000,-0.068602,0,0
1789812619.949054,1,19.413209,21.089377,1.697878,19.128000,20.879000,19.128000,24.452000,-0.285209,0.210377,0.783395,1.919949,0.222071,3.362623,0.308190,-0.100851,0,0
1789812620.049128,1,19.413209,21.089377,1.697878,19.128000,20.879000,19.128000,24.452000,-0.285209,0.210377,0.783395,1.919949,0.222071,3.362623,0.308190,-0.113014,0,0
1789812620.149082,1,19.413209,21.089377,1.697878,19.128000,20.879000,19.128000,24.452000,-0.285209,0.210377,0.783395,1.919949,0.222071,3.362623,0.308190,-0.111837,0,0
1789812620.253479,1,19.413209,21.089377,1.697878,19.128000,20.879000,19.128000,24.452000,-0.285209,0.210377,0.783395,1.919949,0.222071,3.362623,0.308190,-0.102169,0,0
1789812620.349669,1,19.413209,21.089377,1.697878,19.128000,20.879000,19.128000,24.452000,-0.285209,0.210377,0.783395,1.919949,0.222071,3.362623,0.308190,-0.087453,0,0
1789812620.449105,1,19.380003,21.188070,1.825670,19.128000,20.879000,19.128000,24.452000,-0.252003,0.309070,0.786956,1.880704,0.055034,3.263930,0.548099,-0.133834,0,0
1789812620.549096,1,19.380003,21.188070,1.825670,19.128000,20.879000,19.128000,24.452000,-0.252003,0.309070,0.786956,1.880704,0.055034,3.263930,0.548099,-0.157064,0,0
1789812620.649631,1,19.380003,21.188070,1.825670,19.128000,20.879000,19.128000,24.452000,-0.252003,0.309070,0.786956,1.880704,0.055034,3.263930,0.548099,-0.164548,0,0
1789812620.749118,1,19.380003,21.188070,1.825670,19.128000,20.879000,19.128000,24.452000,-0.252003,0.309070,0.786956,1.880704,0.055034,3.263930,0.548099,-0.161655,0,0
1789812620.849087,1,19.380003,21.188070,1.825670,19.128000,20.879000,19.128000,24.452000,-0.252003,0.309070,0.786956,1.880704,0.055034,3.263930,0.548099,-0.152237,0,0
1789812620.949133,1,19.335376,21.303026,1.865143,19.128000,20.879000,19.128000,24.452000,-0.207376,0.424026,0.791104,1.827163,-0.037980,3.148974,0.528795,-0.174351,0,0
1789812621.049098,1,19.335376,21.303026,1.865143,19.128000,20.879000,19.128000,24.452000,-0.207376,0.424026,0.791104,1.827163,-0.037980,3.148974,0.528795,-0.182290,0,0
1789812621.149163,1,19.335376,21.303026,1.865143,19.128000,20.879000,19.128000,24.452000,-0.207376,0.424026,0.791104,1.827163,-0.037980,3.148974,0.528795,-0.180839,0,0
1789812621.251594,1,19.335376,21.303026,1.865143,19.128000,20.879000,19.128000,24.452000,-0.207376,0.424026,0.791104,1.827163,-0.037980,3.148974,0.528795,-0.173437,0,0
1789812621.349122,1,19.297376,21.408782,1.847415,19.128000,20.879000,19.128000,24.452000,-0.169376,0.529782,0.794036,1.780957,-0.066458,3.043218,0.511036,-0.173544,0,0
1789812621.449680,1,19.297376,21.408782,1.847415,19.128000,20.879000,19.128000,24.452000,-0.169376,0.529782,0.794036,1.780957,-0.066458,3.043218,0.511036,-0.168000,0,0
1789812621.549073,1,19.297376,21.408782,1.847415,19.128000,20.879000,19.128000,24.452000,-0.169376,0.529782,0.794036,1.780957,-0.066458,3.043218,0.511036,-0.159061,0,0
1789812621.649151,1,19.297376,21.408782,1.847415,19.128000,20.879000,19.128000,24.452000,-0.169376,0.529782,0.794036,1.780957,-0.066458,3.043218,0.511036,-0.148307,0,0
1789812621.749475,1,19.260906,21.567819,1.829407,19.128000,20.879000,19.128000,24.452000,-0.132906,0.688819,0.796313,1.736174,-0.093233,2.884181,0.484329,-0.146969,0,0
1789812621.849168,1,19.260906,21.567819,1.829407,19.128000,20.879000,19.128000,24.452000,-0.132906,0.688819,0.796313,1.736174,-0.093233,2.884181,0.484329,-0.142099,0,0
1789812621.949101,1,19.260906,21.567819,1.829407,19.128000,20.879000,19.128000,24.452000,-0.132906,0.688819,0.796313,1.736174,-0.093233,2.884181,0.484329,-0.135163,0,0
1789812622.049237,1,19.228960,21.688227,1.817745,19.128000,20.879000,19.128000,24.452000,-0.100960,0.809227,0.797867,1.696665,-0.121080,2.763773,0.417251,-0.137753,0,0
1789812622.151066,1,19.228960,21.688227,1.817745,19.128000,20.879000,19.128000,24.452000,-0.100960,0.809227,0.797867,1.696665,-0.121080,2.763773,0.417251,-0.136323,0,0
1789812622.249141,1,19.228960,21.688227,1.817745,19.128000,20.879000,19.128000,24.452000,-0.100960,0.809227,0.797867,1.696665,-0.121080,2.763773,0.417251,-0.132376,0,0
1789812622.350119,1,19.195708,21.829286,1.792584,19.128000,20.879000,19.128000,24.452000,-0.067708,0.950286,0.799039,1.655331,-0.137253,2.622714,0.397490,-0.133078,0,0
1789812622.449151,1,19.195708,21.829286,1.792584,19.128000,20.879000,19.128000,24.452000,-0.067708,0.950286,0.799039,1.655331,-0.137253,2.622714,0.397490,-0.130950,0,0
1789812622.551383,1,19.195708,21.829286,1.792584,19.128000,20.879000,19.128000,24.452000,-0.067708,0.950286,0.799039,1.655331,-0.137253,2.622714,0.397490,-0.127095,0,0
1789812622.649173,1,19.169784,22.000672,1.747128,19.128000,20.879000,19.128000,24.452000,-0.041784,1.121672,0.799634,1.623003,-0.124125,2.451328,0.413457,-0.117233,0,0
1789812622.749206,1,19.169784,22.000672,1.747128,19.128000,20.879000,19.128000,24.452000,-0.041784,1.121672,0.799634,1.623003,-0.124125,2.451328,0.413457,-0.108714,0,0
1789812622.849221,1,19.169784,22.000672,1.747128,19.128000,20.879000,19.128000,24.452000,-0.041784,1.121672,0.799634,1.623003,-0.124125,2.451328,0.413457,-0.101396,0,0
1789812622.949189,1,19.138846,22.179327,1.700131,19.128000,20.879000,19.128000,24.452000,-0.010846,1.300327,0.799975,1.584353,-0.115778,2.272673,0.423942,-0.091966,0,0
1789812623.049193,1,19.138846,22.179327,1.700131,19.128000,20.879000,19.128000,24.452000,-0.010846,1.300327,0.799975,1.584353,-0.115778,2.272673,0.423942,-0.084568,0,0
1789812623.149211,1,19.138846,22.179327,1.700131,19.128000,20.879000,19.128000,24.452000,-0.010846,1.300327,0.799975,1.584353,-0.115778,2.272673,0.423942,-0.078766,0,0
1789812623.249216,1,19.119333,22.343466,1.635148,19.128000,20.879000,19.128000,24.452000,0.008667,1.464466,0.799984,1.559963,-0.075186,2.108534,0.354078,-0.058794,0,0
1789812623.349246,1,19.119333,22.343466,1.635148,19.128000,20.879000,19.128000,24.452000,0.008667,1.464466,0.799984,1.559963,-0.075186,2.108534,0.354078,-0.045163,0,0
1789812623.450354,1,19.119333,22.343466,1.635148,19.128000,20.879000,19.128000,24.452000,0.008667,1.464466,0.799984,1.559963,-0.075186,2.108534,0.354078,-0.036137,0,0
1789812623.549254,1,19.104107,22.484601,1.587769,19.128000,20.879000,19.128000,24.452000,0.023893,1.605601,0.799880,1.540935,-0.046834,1.967399,0.330378,-0.019556,0,0
1789812623.649235,1,19.104107,22.484601,1.587769,19.128000,20.879000,19.128000,24.452000,0.023893,1.605601,0.799880,1.540935,-0.046834,1.967399,0.330378,-0.009099,0,0
1789812623.749260,1,19.104107,22.484601,1.587769,19.128000,20.879000,19.128000,24.452000,0.023893,1.605601,0.799880,1.540935,-0.046834,1.967399,0.330378,-0.002979,0,0
1789812623.849255,1,19.086718,22.626663,1.559281,19.128000,20.879000,19.128000,24.452000,0.041282,1.747663,0.799642,1.519216,-0.040065,1.825337,0.306522,0.002693,0,0
1789812623.950609,1,19.086718,22.626663,1.559281,19.128000,20.879000,19.128000,24.452000,0.041282,1.747663,0.799642,1.519216,-0.040065,1.825337,0.306522,0.005414,0,0
1789812624.050053,1,19.086718,22.626663,1.559281,19.128000,20.879000,19.128000,24.452000,0.041282,1.747663,0.799642,1.519216,-0.040065,1.825337,0.306522,0.006138,0,0
1789812624.155259,1,19.076290,22.772602,1.533828,19.128000,20.879000,19.128000,24.452000,0.051710,1.893602,0.799439,1.506203,-0.027625,1.679398,0.300000,0.010107,0,0
1789812624.249238,1,19.076290,22.772602,1.533828,19.128000,20.879000,19.128000,24.452000,0.051710,1.893602,0.799439,1.506203,-0.027625,1.679398,0.300000,0.011690,0,0
1789812624.349347,1,19.076290,22.772602,1.533828,19.128000,20.879000,19.128000,24.452000,0.051710,1.893602,0.799439,1.506203,-0.027625,1.679398,0.300000,0.011683,0,0
1789812624.449500,1,19.067009,22.912351,1.520274,19.128000,20.879000,19.128000,24.452000,0.060991,2.033351,0.799220,1.494631,-0.025643,1.539649,0.300000,0.011412,0,0
1789812624.549331,1,19.067009,22.912351,1.520274,19.128000,20.879000,19.128000,24.452000,0.060991,2.033351,0.799220,1.494631,-0.025643,1.539649,0.300000,0.010269,0,0
1789812624.649888,1,19.067009,22.912351,1.520274,19.128000,20.879000,19.128000,24.452000,0.060991,2.033351,0.799220,1.494631,-0.025643,1.539649,0.300000,0.008614,0,0
1789812624.749503,1,19.051155,23.036730,1.504941,19.128000,20.879000,19.128000,24.452000,0.076845,2.157730,0.798762,1.474887,-0.030055,1.415270,0.300000,0.005022,0,0
1789812624.849623,1,19.051155,23.036730,1.504941,19.128000,20.879000,19.128000,24.452000,0.076845,2.157730,0.798762,1.474887,-0.030055,1.415270,0.300000,0.001922,0,0
1789812624.950408,1,19.051155,23.036730,1.504941,19.128000,20.879000,19.128000,24.452000,0.076845,2.157730,0.798762,1.474887,-0.030055,1.415270,0.300000,-0.000741,0,0
1789812625.049241,1,19.051155,23.036730,1.504941,19.128000,20.879000,19.128000,24.452000,0.076845,2.157730,0.798762,1.474887,-0.030055,1.415270,0.300000,-0.003016,0,0
1789812625.149370,1,19.025343,23.171872,1.532381,19.128000,20.879000,19.128000,24.452000,0.102657,2.292872,0.797795,1.442823,-0.089557,1.280128,0.300000,-0.027547,0,0
1789812625.249298,1,19.025343,23.171872,1.532381,19.128000,20.879000,19.128000,24.452000,0.102657,2.292872,0.797795,1.442823,-0.089557,1.280128,0.300000,-0.043936,0,0
1789812625.349255,1,19.025343,23.171872,1.532381,19.128000,20.879000,19.128000,24.452000,0.102657,2.292872,0.797795,1.442823,-0.089557,1.280128,0.300000,-0.054459,0,0
1789812625.450308,1,19.025343,23.171872,1.532381,19.128000,20.879000,19.128000,24.452000,0.102657,2.292872,0.797795,1.442823,-0.089557,1.280128,0.300000,-0.060806,0,0
1789812625.549376,1,18.997844,23.306912,1.563471,19.128000,20.879000,19.128000,24.452000,0.130156,2.427912,0.796463,1.408810,-0.154661,1.145088,0.377265,-0.089134,0,0
1789812625.649511,1,18.997844,23.306912,1.563471,19.128000,20.879000,19.128000,24.452000,0.130156,2.427912,0.796463,1.408810,-0.154661,1.145088,0.377265,-0.106792,0,0
1789812625.749366,1,18.997844,23.306912,1.563471,19.128000,20.879000,19.128000,24.452000,0.130156,2.427912,0.796463,1.408810,-0.154661,1.145088,0.377265,-0.116914,0,0
1789812625.850566,1,18.997844,23.306912,1.563471,19.128000,20.879000,19.128000,24.452000,0.130156,2.427912,0.796463,1.408810,-0.154661,1.145088,0.377265,-0.121809,0,0
1789812625.950210,1,18.959838,23.434028,1.590383,19.128000,20.879000,19.128000,24.452000,0.168162,2.555028,0.794120,1.362120,-0.228264,1.017972,0.302517,-0.151205,0,0
1789812626.050626,1,18.959838,23.434028,1.590383,19.128000,20.879000,19.128000,24.452000,0.168162,2.555028,0.794120,1.362120,-0.228264,1.017972,0.302517,-0.168536,0,0
1789812626.149387,1,18.959838,23.434028,1.590383,19.128000,20.879000,19.128000,24.452000,0.168162,2.555028,0.794120,1.362120,-0.228264,1.017972,0.302517,-0.177451,0,0
1789812626.250173,1,18.959838,23.434028,1.590383,19.128000,20.879000,19.128000,24.452000,0.168162,2.555028,0.794120,1.362120,-0.228264,1.017972,0.302517,-0.180624,0,0
1789812626.349321,1,18.936443,23.561560,1.600667,19.128000,20.879000,19.128000,24.452000,0.191557,2.682560,0.792392,1.333601,-0.267066,0.890440,0.300000,-0.194833,0,0
1789812626.449316,1,18.936443,23.561560,1.600667,19.128000,20.879000,19.128000,24.452000,0.191557,2.682560,0.792392,1.333601,-0.267066,0.890440,0.300000,-0.201474,0,0
1789812626.549345,1,18.936443,23.561560,1.600667,19.128000,20.879000,19.128000,24.452000,0.191557,2.682560,0.792392,1.333601,-0.267066,0.890440,0.300000,-0.203007,0,0
1789812626.649948,1,18.936443,23.561560,1.600667,19.128000,20.879000,19.128000,24.452000,0.191557,2.682560,0.792392,1.333601,-0.267066,0.890440,0.300000,-0.201209,0,0
1789812626.749412,1,18.915330,23.688296,1.590855,19.128000,20.879000,19.128000,24.452000,0.212670,2.809296,0.790651,1.308035,-0.282821,0.763704,0.300000,-0.203362,0,0
1789812626.849898,1,18.915330,23.688296,1.590855,19.128000,20.879000,19.128000,24.452000,0.212670,2.809296,0.790651,1.308035,-0.282821,0.763704,0.300000,-0.202261,0,0
1789812626.949427,1,18.915330,23.688296,1.590855,19.128000,20.879000,19.128000,24.452000,0.212670,2.809296,0.790651,1.308035,-0.282821,0.763704,0.300000,-0.199123,0,0
1789812627.049392,1,18.915330,23.688296,1.590855,19.128000,20.879000,19.128000,24.452000,0.212670,2.809296,0.790651,1.308035,-0.282821,0.763704,0.300000,-0.194806,0,0
1789812627.149778,1,18.887649,23.829828,1.516964,19.128000,20.879000,19.128000,24.452000,0.240351,2.950828,0.788111,1.274785,-0.242179,0.622172,0.300000,-0.174491,0,0
1789812627.249678,1,18.887649,23.829828,1.516964,19.128000,20.879000,19.128000,24.452000,0.240351,2.950828,0.788111,1.274785,-0.242179,0.622172,0.300000,-0.159354,0,0
1789812627.349504,1,18.887649,23.829828,1.516964,19.128000,20.879000,19.128000,24.452000,0.240351,2.950828,0.788111,1.274785,-0.242179,0.622172,0.300000,-0.148136,0,0
1789812627.449666,1,18.887649,23.829828,1.516964,19.128000,20.879000,19.128000,24.452000,0.240351,2.950828,0.788111,1.274785,-0.242179,0.622172,0.300000,-0.139874,0,0
1789812627.553144,1,18.891370,23.948718,1.411752,19.128000,20.879000,19.128000,24.452000,0.236630,3.069718,0.788469,1.279236,-0.132516,0.503282,0.403179,-0.093191,0,0
1789812627.649667,1,18.891370,23.948718,1.411752,19.128000,20.879000,19.128000,24.452000,0.236630,3.069718,0.788469,1.279236,-0.132516,0.503282,0.403179,-0.062237,0,0
1789812627.749735,1,18.891370,23.948718,1.411752,19.128000,20.879000,19.128000,24.452000,0.236630,3.069718,0.788469,1.279236,-0.132516,0.503282,0.403179,-0.042588,0,0
1789812627.849451,1,18.891370,23.948718,1.411752,19.128000,20.879000,19.128000,24.452000,0.236630,3.069718,0.788469,1.279236,-0.132516,0.503282,0.403179,-0.030958,0,0
1789812627.949688,2,18.903309,24.066009,1.323037,19.128000,20.879000,19.128000,24.452000,0.224691,3.187009,0.789583,1.293556,-0.029481,0.385991,0.300000,0.014215,0,0
1789812628.049483,2,18.903309,24.066009,1.323037,19.128000,24.452000,19.128000,26.252000,0.224691,-0.385991,0.789583,1.293556,-0.029481,2.185991,0.600000,0.041968,0,0
1789812628.150250,2,18.903309,24.066009,1.323037,19.128000,24.452000,19.128000,26.252000,0.224691,-0.385991,0.789583,1.293556,-0.029481,2.185991,0.600000,0.057462,0,0
1789812628.249679,2,18.903309,24.066009,1.323037,19.128000,24.452000,19.128000,26.252000,0.224691,-0.385991,0.789583,1.293556,-0.029481,2.185991,0.600000,0.064489,0,0
1789812628.350304,2,18.922565,24.183680,1.262242,19.128000,24.452000,19.128000,26.252000,0.205435,-0.268320,0.791267,1.316777,0.054535,2.068320,0.600000,0.097584,0,0
1789812628.449474,2,18.922565,24.183680,1.262242,19.128000,24.452000,19.128000,26.252000,0.205435,-0.268320,0.791267,1.316777,0.054535,2.068320,0.600000,0.115952,0,0
1789812628.549569,2,18.922565,24.183680,1.262242,19.128000,24.452000,19.128000,26.252000,0.205435,-0.268320,0.791267,1.316777,0.054535,2.068320,0.600000,0.124160,0,0
1789812628.649474,2,18.922565,24.183680,1.262242,19.128000,24.452000,19.128000,26.252000,0.205435,-0.268320,0.791267,1.316777,0.054535,2.068320,0.600000,0.125538,0,0
1789812628.749503,2,18.952932,24.307618,1.254298,19.128000,24.452000,19.128000,26.252000,0.175068,-0.144382,0.793632,1.353683,0.099385,1.944382,0.600000,0.139528,0,0
1789812628.849780,2,18.952932,24.307618,1.254298,19.128000,24.452000,19.128000,26.252000,0.175068,-0.144382,0.793632,1.353683,0.099385,1.944382,0.600000,0.144888,0,0
1789812628.949481,2,18.952932,24.307618,1.254298,19.128000,24.452000,19.128000,26.252000,0.175068,-0.144382,0.793632,1.353683,0.099385,1.944382,0.600000,0.144511,0,0
1789812629.049522,2,18.952932,24.307618,1.254298,19.128000,24.452000,19.128000,26.252000,0.175068,-0.144382,0.793632,1.353683,0.099385,1.944382,0.600000,0.140477,0,0
1789812629.149534,2,18.988086,24.427144,1.281730,19.128000,24.452000,19.128000,26.252000,0.139914,-0.024856,0.795917,1.396784,0.115054,1.824856,0.424863,0.140217,0,0
1789812629.249505,2,18.988086,24.427144,1.281730,19.128000,24.452000,19.128000,26.252000,0.139914,-0.024856,0.795917,1.396784,0.115054,1.824856,0.424863,0.136743,0,0
1789812629.349591,2,18.988086,24.427144,1.281730,19.128000,24.452000,19.128000,26.252000,0.139914,-0.024856,0.795917,1.396784,0.115054,1.824856,0.424863,0.131351,0,0
1789812629.449473,2,18.988086,24.427144,1.281730,19.128000,24.452000,19.128000,26.252000,0.139914,-0.024856,0.795917,1.396784,0.115054,1.824856,0.424863,0.124947,0,0
1789812629.550191,2,19.022329,24.562144,1.295807,19.128000,24.452000,19.128000,26.252000,0.105671,0.110144,0.797664,1.439088,0.143281,1.689856,0.390366,0.128835,0,0
1789812629.651518,2,19.022329,24.562144,1.295807,19.128000,24.452000,19.128000,26.252000,0.105671,0.110144,0.797664,1.439088,0.143281,1.689856,0.390366,0.129036,0,0
1789812629.749778,2,19.022329,24.562144,1.295807,19.128000,24.452000,19.128000,26.252000,0.105671,0.110144,0.797664,1.439088,0.143281,1.689856,0.390366,0.126869,0,0
1789812629.849531,2,19.056026,24.686300,1.285069,19.128000,24.452000,19.128000,26.252000,0.071974,0.234300,0.798914,1.480949,0.195880,1.565700,0.333382,0.143296,0,0
1789812629.949527,2,19.056026,24.686300,1.285069,19.128000,24.452000,19.128000,26.252000,0.071974,0.234300,0.798914,1.480949,0.195880,1.565700,0.333382,0.151995,0,0
1789812630.049531,2,19.056026,24.686300,1.285069,19.128000,24.452000,19.128000,26.252000,0.071974,0.234300,0.798914,1.480949,0.195880,1.565700,0.333382,0.155401,0,0
1789812630.149539,2,19.083621,24.816226,1.314783,19.128000,24.452000,19.128000,26.252000,0.044379,0.364226,0.799587,1.515351,0.200568,1.435774,0.328727,0.157063,0,0
1789812630.251549,2,19.083621,24.816226,1.314783,19.128000,24.452000,19.128000,26.252000,0.044379,0.364226,0.799587,1.515351,0.200568,1.435774,0.328727,0.155855,0,0
1789812630.349535,2,19.083621,24.816226,1.314783,19.128000,24.452000,19.128000,26.252000,0.044379,0.364226,0.799587,1.515351,0.200568,1.435774,0.328727,0.152860,0,0
1789812630.449554,2,19.098300,24.936798,1.376891,19.128000,24.452000,19.128000,26.252000,0.029700,0.484798,0.799815,1.533680,0.156789,1.315202,0.374864,0.132206,0,0
1789812630.549505,2,19.098300,24.936798,1.376891,19.128000,24.452000,19.128000,26.252000,0.029700,0.484798,0.799815,1.533680,0.156789,1.315202,0.374864,0.116835,0,0
1789812630.649549,2,19.098300,24.936798,1.376891,19.128000,24.452000,19.128000,26.252000,0.029700,0.484798,0.799815,1.533680,0.156789,1.315202,0.374864,0.105460,0,0
1789812630.749520,2,19.106482,25.045642,1.431589,19.128000,24.452000,19.128000,26.252000,0.021518,0.593642,0.799903,1.543903,0.112313,1.206358,0.428371,0.080194,0,0
1789812630.849564,2,19.106482,25.045642,1.431589,19.128000,24.452000,19.128000,26.252000,0.021518,0.593642,0.799903,1.543903,0.112313,1.206358,0.428371,0.063062,0,0
1789812630.951174,2,19.106482,25.045642,1.431589,19.128000,24.452000,19.128000,26.252000,0.021518,0.593642,0.799903,1.543903,0.112313,1.206358,0.428371,0.051822,0,0
1789812631.049605,2,19.106482,25.045642,1.431589,19.128000,24.452000,19.128000,26.252000,0.021518,0.593642,0.799903,1.543903,0.112313,1.206358,0.428371,0.044801,0,0
1789812631.150110,2,19.105187,25.175156,1.500857,19.128000,24.452000,19.128000,26.252000,0.022813,0.723156,0.799891,1.542284,0.041428,1.076844,0.358948,0.013908,0,0
1789812631.249830,2,19.105187,25.175156,1.500857,19.128000,24.452000,19.128000,26.252000,0.022813,0.723156,0.799891,1.542284,0.041428,1.076844,0.358948,-0.005591,0,0
1789812631.349594,2,19.105187,25.175156,1.500857,19.128000,24.452000,19.128000,26.252000,0.022813,0.723156,0.799891,1.542284,0.041428,1.076844,0.358948,-0.017018,0,0
1789812631.449609,2,19.105187,25.175156,1.500857,19.128000,24.452000,19.128000,26.252000,0.022813,0.723156,0.799891,1.542284,0.041428,1.076844,0.358948,-0.022822,0,0
1789812631.549768,2,19.106493,25.309013,1.558415,19.128000,24.452000,19.128000,26.252000,0.021507,0.857013,0.799903,1.543915,-0.014500,0.942987,0.314329,-0.046023,0,0
1789812631.650408,2,19.106493,25.309013,1.558415,19.128000,24.452000,19.128000,26.252000,0.021507,0.857013,0.799903,1.543915,-0.014500,0.942987,0.314329,-0.059320,0,0
1789812631.749650,2,19.106493,25.309013,1.558415,19.128000,24.452000,19.128000,26.252000,0.021507,0.857013,0.799903,1.543915,-0.014500,0.942987,0.314329,-0.065748,0,0
1789812631.850501,2,19.105091,25.419637,1.579654,19.128000,24.452000,19.128000,26.252000,0.022909,0.967637,0.799890,1.542164,-0.037491,0.832363,0.300000,-0.076203,0,0
1789812631.949616,2,19.105091,25.419637,1.579654,19.128000,24.452000,19.128000,26.252000,0.022909,0.967637,0.799890,1.542164,-0.037491,0.832363,0.300000,-0.080596,0,0
1789812632.049594,2,19.099435,25.534248,1.582354,19.128000,24.452000,19.128000,26.252000,0.028565,1.082248,0.799829,1.535098,-0.047256,0.717752,0.300000,-0.084645,0,0
1789812632.149658,2,19.099435,25.534248,1.582354,19.128000,24.452000,19.128000,26.252000,0.028565,1.082248,0.799829,1.535098,-0.047256,0.717752,0.300000,-0.084796,0,0
1789812632.249659,2,19.099435,25.534248,1.582354,19.128000,24.452000,19.128000,26.252000,0.028565,1.082248,0.799829,1.535098,-0.047256,0.717752,0.300000,-0.082445,0,0
1789812632.349740,2,19.099435,25.534248,1.582354,19.128000,24.452000,19.128000,26.252000,0.028565,1.082248,0.799829,1.535098,-0.047256,0.717752,0.300000,-0.078588,0,0
1789812632.450170,2,19.098889,25.638154,1.564100,19.128000,24.452000,19.128000,26.252000,0.029111,1.186154,0.799822,1.534415,-0.029685,0.613846,0.300000,-0.067267,0,0
1789812632.549680,2,19.098889,25.638154,1.564100,19.128000,24.452000,19.128000,26.252000,0.029111,1.186154,0.799822,1.534415,-0.029685,0.613846,0.300000,-0.057924,0,0
1789812632.649673,2,19.098889,25.638154,1.564100,19.128000,24.452000,19.128000,26.252000,0.029111,1.186154,0.799822,1.534415,-0.029685,0.613846,0.300000,-0.050221,0,0
1789812632.749722,2,19.098889,25.638154,1.564100,19.128000,24.452000,19.128000,26.252000,0.029111,1.186154,0.799822,1.534415,-0.029685,0.613846,0.300000,-0.043876,0,0
1789812632.853886,3,19.098048,25.758180,1.524850,19.128000,24.452000,19.128000,26.252000,0.029952,1.306180,0.799812,1.533365,0.008515,0.493820,0.300000,-0.024199,0,0
1789812632.949648,3,19.098048,25.758180,1.524850,19.128000,26.252000,13.628000,26.252000,0.493820,0.029952,0.752922,2.561101,1.036252,5.470048,0.180000,0.140641,0,0
1789812633.049936,3,19.098048,25.758180,1.524850,19.128000,26.252000,13.628000,26.252000,0.493820,0.029952,0.752922,2.561101,1.036252,5.470048,0.180000,0.272513,0,0
1789812633.149674,3,19.098048,25.758180,1.524850,19.128000,26.252000,13.628000,26.252000,0.493820,0.029952,0.752922,2.561101,1.036252,5.470048,0.180000,0.378010,0,0
1789812633.252651,3,19.102374,25.870855,1.477739,19.128000,26.252000,13.628000,26.252000,0.381145,0.025626,0.770993,2.682470,1.204732,5.474374,0.180000,0.462408,0,0
1789812633.349671,3,19.102374,25.870855,1.477739,19.128000,26.252000,13.628000,26.252000,0.381145,0.025626,0.770993,2.682470,1.204732,5.474374,0.180000,0.529926,0,0
1789812633.450421,3,19.102374,25.870855,1.477739,19.128000,26.252000,13.628000,26.252000,0.381145,0.025626,0.770993,2.682470,1.204732,5.474374,0.180000,0.583941,0,0
1789812633.549712,3,19.107242,25.989669,1.445653,19.128000,26.252000,13.628000,26.252000,0.262331,0.020758,0.785891,2.819422,1.373769,5.479242,0.180000,0.627153,0,0
1789812633.649667,3,19.107242,25.989669,1.445653,19.128000,26.252000,13.628000,26.252000,0.262331,0.020758,0.785891,2.819422,1.373769,5.479242,0.180000,0.661722,0,0
1789812633.749701,3,19.107242,25.989669,1.445653,19.128000,26.252000,13.628000,26.252000,0.262331,0.020758,0.785891,2.819422,1.373769,5.479242,0.180000,0.689378,0,0
1789812633.849803,3,19.107242,25.989669,1.445653,19.128000,26.252000,13.628000,26.252000,0.262331,0.020758,0.785891,2.819422,1.373769,5.479242,0.180000,0.711502,0,0
1789812633.949695,3,19.109880,26.104043,1.470379,19.128000,26.252000,13.628000,26.252000,0.147957,0.018120,0.795438,2.957688,1.487309,5.481880,0.180000,0.729202,0,0
1789812634.049770,3,19.109880,26.104043,1.470379,19.128000,26.252000,13.628000,26.252000,0.147957,0.018120,0.795438,2.957688,1.487309,5.481880,0.180000,0.743361,0,0
1789812634.149873,3,19.109880,26.104043,1.470379,19.128000,26.252000,13.628000,26.252000,0.147957,0.018120,0.795438,2.957688,1.487309,5.481880,0.180000,0.754689,0,0
1789812634.249768,3,19.109880,26.104043,1.470379,19.128000,26.252000,13.628000,26.252000,0.147957,0.018120,0.795438,2.957688,1.487309,5.481880,0.180000,0.763751,0,0
1789812634.349765,3,19.109880,26.104043,1.470379,19.128000,26.252000,13.628000,26.252000,0.147957,0.018120,0.795438,2.957688,1.487309,5.481880,0.180000,0.771001,0,0
1789812634.449765,3,19.101961,26.200288,1.637228,19.128000,26.252000,13.628000,26.252000,0.051712,0.026039,0.799439,3.076998,1.439770,5.473961,0.180000,0.776801,0,0
1789812634.549769,3,19.088009,26.243774,1.795018,19.128000,26.252000,13.628000,26.252000,0.008226,0.039991,0.799986,3.131310,1.336292,5.460009,0.180000,0.739864,0,0
1789812634.649832,3,19.088009,26.243774,1.795018,19.128000,26.252000,13.628000,26.252000,0.008226,0.039991,0.799986,3.131310,1.336292,5.460009,0.180000,0.713355,0,0
1789812634.749737,3,19.071947,26.279916,1.963070,19.128000,26.252000,13.628000,26.252000,-0.027916,0.056053,0.799836,-3.106704,1.213411,5.443947,0.180000,0.647853,0,0
1789812634.849801,3,19.071947,26.279916,1.963070,19.128000,26.252000,13.628000,26.252000,-0.027916,0.056053,0.799836,-3.106704,1.213411,5.443947,0.180000,0.604285,0,0
1789812634.949722,3,19.047977,26.314942,2.155787,19.128000,26.252000,13.628000,26.252000,-0.062942,0.080023,0.799169,-3.062996,1.064403,5.419977,0.180000,0.519851,0,0
1789812635.049830,3,19.047977,26.314942,2.155787,19.128000,26.252000,13.628000,26.252000,-0.062942,0.080023,0.799169,-3.062996,1.064403,5.419977,0.180000,0.466307,0,0
1789812635.150258,3,19.018973,26.338931,2.341668,19.128000,26.252000,13.628000,26.252000,-0.086931,0.109027,0.798417,-3.033141,0.908376,5.390973,0.180000,0.375558,0,0
1789812635.250187,3,19.018973,26.338931,2.341668,19.128000,26.252000,13.628000,26.252000,-0.086931,0.109027,0.798417,-3.033141,0.908376,5.390973,0.180000,0.320624,0,0
1789812635.350132,3,19.018973,26.338931,2.341668,19.128000,26.252000,13.628000,26.252000,-0.086931,0.109027,0.798417,-3.033141,0.908376,5.390973,0.180000,0.290809,0,0
1789812635.449850,3,18.985404,26.350455,2.498223,19.128000,26.252000,13.628000,26.252000,-0.098455,0.142596,0.797971,-3.018832,0.766130,5.357404,0.180000,0.224093,0,0
1789812635.549841,3,18.985404,26.350455,2.498223,19.128000,26.252000,13.628000,26.252000,-0.098455,0.142596,0.797971,-3.018832,0.766130,5.357404,0.180000,0.187753,0,0
1789812635.650668,3,18.958862,26.363471,2.627992,19.128000,26.252000,13.628000,26.252000,-0.111471,0.169138,0.797402,-3.002700,0.652494,5.330862,0.300000,0.129387,0,0
1789812635.749853,3,18.958862,26.363471,2.627992,19.128000,26.252000,13.628000,26.252000,-0.111471,0.169138,0.797402,-3.002700,0.652494,5.330862,0.300000,0.099907,0,0
1789812635.849769,3,18.958862,26.363471,2.627992,19.128000,26.252000,13.628000,26.252000,-0.111471,0.169138,0.797402,-3.002700,0.652494,5.330862,0.300000,0.090094,0,0
1789812635.950180,3,18.914332,26.377075,2.748154,19.128000,26.252000,13.628000,26.252000,-0.125075,0.213668,0.796733,-2.985878,0.549153,5.286332,0.300000,0.054110,0,0
1789812636.050343,3,18.914332,26.377075,2.748154,19.128000,26.252000,13.628000,26.252000,-0.125075,0.213668,0.796733,-2.985878,0.549153,5.286332,0.300000,0.039899,0,0
1789812636.150488,3,18.914332,26.377075,2.748154,19.128000,26.252000,13.628000,26.252000,-0.125075,0.213668,0.796733,-2.985878,0.549153,5.286332,0.300000,0.040191,0,0
1789812636.249868,3,18.914332,26.377075,2.748154,19.128000,26.252000,13.628000,26.252000,-0.125075,0.213668,0.796733,-2.985878,0.549153,5.286332,0.300000,0.049753,0,0
1789812636.349906,3,18.851925,26.394680,2.861115,19.128000,26.252000,13.628000,26.252000,-0.142680,0.276075,0.795755,-2.964176,0.457894,5.223925,0.300000,0.030185,0,0
1789812636.449921,3,18.851925,26.394680,2.861115,19.128000,26.252000,13.628000,26.252000,-0.142680,0.276075,0.795755,-2.964176,0.457894,5.223925,0.300000,0.025612,0,0
1789812636.549858,3,18.851925,26.394680,2.861115,19.128000,26.252000,13.628000,26.252000,-0.142680,0.276075,0.795755,-2.964176,0.457894,5.223925,0.300000,0.030819,0,0
1789812636.649882,3,18.851925,26.394680,2.861115,19.128000,26.252000,13.628000,26.252000,-0.142680,0.276075,0.795755,-2.964176,0.457894,5.223925,0.300000,0.042077,0,0
1789812636.749874,3,18.851925,26.394680,2.861115,19.128000,26.252000,13.628000,26.252000,-0.142680,0.276075,0.795755,-2.964176,0.457894,5.223925,0.300000,0.056756,0,0
1789812636.849901,3,18.740173,26.415961,2.970148,19.128000,26.252000,13.628000,26.252000,-0.163961,0.387827,0.794407,-2.938056,0.374981,5.112173,0.300000,0.041536,0,0
1789812636.949876,3,18.740173,26.415961,2.970148,19.128000,26.252000,13.628000,26.252000,-0.163961,0.387827,0.794407,-2.938056,0.374981,5.112173,0.300000,0.037633,0,0
1789812637.049865,3,18.740173,26.415961,2.970148,19.128000,26.252000,13.628000,26.252000,-0.163961,0.387827,0.794407,-2.938056,0.374981,5.112173,0.300000,0.041130,0,0
1789812637.150141,3,18.740173,26.415961,2.970148,19.128000,26.252000,13.628000,26.252000,-0.163961,0.387827,0.794407,-2.938056,0.374981,5.112173,0.300000,0.049222,0,0
1789812637.249853,3,18.609318,26.434364,3.020375,19.128000,26.252000,13.628000,26.252000,-0.182364,0.518682,0.793097,-2.915582,0.347228,4.981318,0.300000,0.049364,0,0
1789812637.349834,3,18.609318,26.434364,3.020375,19.128000,26.252000,13.628000,26.252000,-0.182364,0.518682,0.793097,-2.915582,0.347228,4.981318,0.300000,0.054426,0,0
1789812637.450615,3,18.609318,26.434364,3.020375,19.128000,26.252000,13.628000,26.252000,-0.182364,0.518682,0.793097,-2.915582,0.347228,4.981318,0.300000,0.062433,0,0
1789812637.550737,3,18.609318,26.434364,3.020375,19.128000,26.252000,13.628000,26.252000,-0.182364,0.518682,0.793097,-2.915582,0.347228,4.981318,0.300000,0.072004,0,0
1789812637.649908,3,18.495316,26.449244,3.033400,19.128000,26.252000,13.628000,26.252000,-0.197244,0.632684,0.791940,-2.897494,0.352291,4.867316,0.300000,0.084130,0,0
1789812637.749930,3,18.495316,26.449244,3.033400,19.128000,26.252000,13.628000,26.252000,-0.197244,0.632684,0.791940,-2.897494,0.352291,4.867316,0.300000,0.095572,0,0
1789812637.849967,3,18.495316,26.449244,3.033400,19.128000,26.252000,13.628000,26.252000,-0.197244,0.632684,0.791940,-2.897494,0.352291,4.867316,0.300000,0.106117,0,0
1789812637.950163,3,18.495316,26.449244,3.033400,19.128000,26.252000,13.628000,26.252000,-0.197244,0.632684,0.791940,-2.897494,0.352291,4.867316,0.300000,0.115667,0,0
1789812638.049925,3,18.371211,26.460908,3.036643,19.128000,26.252000,13.628000,26.252000,-0.208908,0.756789,0.790974,-2.883374,0.363169,4.743211,0.300000,0.128339,0,0
1789812638.150604,3,18.371211,26.460908,3.036643,19.128000,26.252000,13.628000,26.252000,-0.208908,0.756789,0.790974,-2.883374,0.363169,4.743211,0.300000,0.138579,0,0
1789812638.249908,3,18.371211,26.460908,3.036643,19.128000,26.252000,13.628000,26.252000,-0.208908,0.756789,0.790974,-2.883374,0.363169,4.743211,0.300000,0.146852,0,0
1789812638.350091,3,18.371211,26.460908,3.036643,19.128000,26.252000,13.628000,26.252000,-0.208908,0.756789,0.790974,-2.883374,0.363169,4.743211,0.300000,0.153537,0,0
1789812638.449928,3,18.248696,26.473587,3.060840,19.128000,26.252000,13.628000,26.252000,-0.221587,0.879304,0.789864,-2.868085,0.354261,4.620696,0.300000,0.155550,0,0
1789812638.549980,3,18.248696,26.473587,3.060840,19.128000,26.252000,13.628000,26.252000,-0.221587,0.879304,0.789864,-2.868085,0.354261,4.620696,0.300000,0.157702,0,0
1789812638.650153,3,18.248696,26.473587,3.060840,19.128000,26.252000,13.628000,26.252000,-0.221587,0.879304,0.789864,-2.868085,0.354261,4.620696,0.300000,0.159856,0,0
1789812638.749966,3,18.248696,26.473587,3.060840,19.128000,26.252000,13.628000,26.252000,-0.221587,0.879304,0.789864,-2.868085,0.354261,4.620696,0.300000,0.161926,0,0
1789812638.849979,3,18.126778,26.483322,3.103814,19.128000,26.252000,13.628000,26.252000,-0.231322,1.001222,0.788971,-2.856391,0.322981,4.498778,0.300000,0.151973,0,0
1789812638.951493,3,18.126778,26.483322,3.103814,19.128000,26.252000,13.628000,26.252000,-0.231322,1.001222,0.788971,-2.856391,0.322981,4.498778,0.300000,0.145983,0,0
1789812639.050096,3,18.126778,26.483322,3.103814,19.128000,26.252000,13.628000,26.252000,-0.231322,1.001222,0.788971,-2.856391,0.322981,4.498778,0.300000,0.142770,0,0
1789812639.154330,3,18.126778,26.483322,3.103814,19.128000,26.252000,13.628000,26.252000,-0.231322,1.001222,0.788971,-2.856391,0.322981,4.498778,0.300000,0.141462,0,0
1789812639.250166,3,18.126778,26.483322,3.103814,19.128000,26.252000,13.628000,26.252000,-0.231322,1.001222,0.788971,-2.856391,0.322981,4.498778,0.300000,0.141427,0,0
1789812639.350082,3,18.003133,26.485135,-3.125750,19.128000,26.252000,13.628000,26.252000,-0.233135,1.124867,0.788801,-2.854218,0.271532,4.375133,0.300000,0.122631,0,0
1789812639.450294,3,18.003133,26.485135,-3.125750,19.128000,26.252000,13.628000,26.252000,-0.233135,1.124867,0.788801,-2.854218,0.271532,4.375133,0.300000,0.111127,0,0
1789812639.550089,3,18.003133,26.485135,-3.125750,19.128000,26.252000,13.628000,26.252000,-0.233135,1.124867,0.788801,-2.854218,0.271532,4.375133,0.300000,0.104750,0,0
1789812639.649962,3,17.874738,26.477219,-3.065001,19.128000,26.252000,13.628000,26.252000,-0.225219,1.253262,0.789535,-2.863718,0.201284,4.246738,0.328021,0.075206,0,0
1789812639.750192,3,17.874738,26.477219,-3.065001,19.128000,26.252000,13.628000,26.252000,-0.225219,1.253262,0.789535,-2.863718,0.201284,4.246738,0.328021,0.057315,0,0
1789812639.850111,3,17.874738,26.477219,-3.065001,19.128000,26.252000,13.628000,26.252000,-0.225219,1.253262,0.789535,-2.863718,0.201284,4.246738,0.328021,0.047598,0,0
1789812639.950335,3,17.874738,26.477219,-3.065001,19.128000,26.252000,13.628000,26.252000,-0.225219,1.253262,0.789535,-2.863718,0.201284,4.246738,0.328021,0.043501,0,0
1789812640.050134,3,17.755781,26.460746,-3.009002,19.128000,26.252000,13.628000,26.252000,-0.208746,1.372219,0.790987,-2.883570,0.125431,4.127781,0.411840,0.014323,0,0
1789812640.150187,3,17.755781,26.460746,-3.009002,19.128000,26.252000,13.628000,26.252000,-0.208746,1.372219,0.790987,-2.883570,0.125431,4.127781,0.411840,-0.002415,0,0
1789812640.250150,3,17.755781,26.460746,-3.009002,19.128000,26.252000,13.628000,26.252000,-0.208746,1.372219,0.790987,-2.883570,0.125431,4.127781,0.411840,-0.010522,0,0
1789812640.350344,3,17.755781,26.460746,-3.009002,19.128000,26.252000,13.628000,26.252000,-0.208746,1.372219,0.790987,-2.883570,0.125431,4.127781,0.411840,-0.012781,0,0
1789812640.450106,3,17.637123,26.439656,-2.961013,19.128000,26.252000,13.628000,26.252000,-0.187656,1.490877,0.792695,-2.909140,0.051873,4.009123,0.437359,-0.039195,0,0
1789812640.550141,3,17.637123,26.439656,-2.961013,19.128000,26.252000,13.628000,26.252000,-0.187656,1.490877,0.792695,-2.909140,0.051873,4.009123,0.437359,-0.053494,0,0
1789812640.650162,3,17.637123,26.439656,-2.961013,19.128000,26.252000,13.628000,26.252000,-0.187656,1.490877,0.792695,-2.909140,0.051873,4.009123,0.437359,-0.059469,0,0
1789812640.750206,3,17.637123,26.439656,-2.961013,19.128000,26.252000,13.628000,26.252000,-0.187656,1.490877,0.792695,-2.909140,0.051873,4.009123,0.437359,-0.059876,0,0
1789812640.850162,3,17.509351,26.415482,-2.942972,19.128000,26.252000,13.628000,26.252000,-0.163482,1.618649,0.794440,-2.938643,0.004329,3.881351,0.423420,-0.074778,0,0
1789812640.950198,3,17.509351,26.415482,-2.942972,19.128000,26.252000,13.628000,26.252000,-0.163482,1.618649,0.794440,-2.938643,0.004329,3.881351,0.423420,-0.081237,0,0
1789812641.054138,3,17.509351,26.415482,-2.942972,19.128000,26.252000,13.628000,26.252000,-0.163482,1.618649,0.794440,-2.938643,0.004329,3.881351,0.423420,-0.082035,0,0
1789812641.150153,3,17.409974,26.392807,-2.926715,19.128000,26.252000,13.628000,26.252000,-0.140807,1.718026,0.795865,-2.966482,-0.039767,3.781974,0.412579,-0.096425,0,0
1789812641.250139,3,17.409974,26.392807,-2.926715,19.128000,26.252000,13.628000,26.252000,-0.140807,1.718026,0.795865,-2.966482,-0.039767,3.781974,0.412579,-0.102574,0,0
1789812641.350140,3,17.409974,26.392807,-2.926715,19.128000,26.252000,13.628000,26.252000,-0.140807,1.718026,0.795865,-2.966482,-0.039767,3.781974,0.412579,-0.103201,0,0
1789812641.453514,3,17.300660,26.368102,-2.912557,19.128000,26.252000,13.628000,26.252000,-0.116102,1.827340,0.797183,-2.996970,-0.084412,3.672660,0.400654,-0.116827,0,0
1789812641.550223,3,17.300660,26.368102,-2.912557,19.128000,26.252000,13.628000,26.252000,-0.116102,1.827340,0.797183,-2.996970,-0.084412,3.672660,0.400654,-0.122563,0,0
1789812641.650851,3,17.300660,26.368102,-2.912557,19.128000,26.252000,13.628000,26.252000,-0.116102,1.827340,0.797183,-2.996970,-0.084412,3.672660,0.400654,-0.123019,0,0
1789812641.750807,3,17.175216,26.346951,-2.954347,19.128000,26.252000,13.628000,26.252000,-0.094951,1.952784,0.798113,-3.023180,-0.068832,3.547216,0.386969,-0.114157,0,0
1789812641.850383,3,17.175216,26.346951,-2.954347,19.128000,26.252000,13.628000,26.252000,-0.094951,1.952784,0.798113,-3.023180,-0.068832,3.547216,0.386969,-0.105296,0,0
1789812641.950243,3,17.175216,26.346951,-2.954347,19.128000,26.252000,13.628000,26.252000,-0.094951,1.952784,0.798113,-3.023180,-0.068832,3.547216,0.386969,-0.096790,0,0
1789812642.051000,3,17.054771,26.333305,-3.004405,19.128000,26.252000,13.628000,26.252000,-0.081305,2.073229,0.798615,-3.040135,-0.035730,3.426771,0.373830,-0.076343,0,0
1789812642.151165,3,17.054771,26.333305,-3.004405,19.128000,26.252000,13.628000,26.252000,-0.081305,2.073229,0.798615,-3.040135,-0.035730,3.426771,0.373830,-0.060918,0,0
1789812642.250147,3,17.054771,26.333305,-3.004405,19.128000,26.252000,13.628000,26.252000,-0.081305,2.073229,0.798615,-3.040135,-0.035730,3.426771,0.373830,-0.049324,0,0
1789812642.352247,3,16.931170,26.318194,-3.056069,19.128000,26.252000,13.628000,26.252000,-0.066194,2.196830,0.799081,-3.058944,-0.002875,3.303170,0.360346,-0.028349,0,0
1789812642.450188,3,16.931170,26.318194,-3.056069,19.128000,26.252000,13.628000,26.252000,-0.066194,2.196830,0.799081,-3.058944,-0.002875,3.303170,0.360346,-0.013849,0,0
1789812642.550203,3,16.931170,26.318194,-3.056069,19.128000,26.252000,13.628000,26.252000,-0.066194,2.196830,0.799081,-3.058944,-0.002875,3.303170,0.360346,-0.004072,0,0
1789812642.650182,3,16.816388,26.312690,-3.092914,19.128000,26.252000,13.628000,26.252000,-0.060690,2.311612,0.799228,-3.065802,0.027111,3.188388,0.347824,0.013687,0,0
1789812642.750186,3,16.816388,26.312690,-3.092914,19.128000,26.252000,13.628000,26.252000,-0.060690,2.311612,0.799228,-3.065802,0.027111,3.188388,0.347824,0.025047,0,0
1789812642.850197,3,16.816388,26.312690,-3.092914,19.128000,26.252000,13.628000,26.252000,-0.060690,2.311612,0.799228,-3.065802,0.027111,3.188388,0.347824,0.031858,0,0
1789812642.950314,3,16.701170,26.304924,-3.112472,19.128000,26.252000,13.628000,26.252000,-0.052924,2.426830,0.799412,-3.075485,0.036987,3.073170,0.335255,0.039234,0,0
1789812643.052513,3,16.701170,26.304924,-3.112472,19.128000,26.252000,13.628000,26.252000,-0.052924,2.426830,0.799412,-3.075485,0.036987,3.073170,0.335255,0.043125,0,0
1789812643.150207,3,16.701170,26.304924,-3.112472,19.128000,26.252000,13.628000,26.252000,-0.052924,2.426830,0.799412,-3.075485,0.036987,3.073170,0.335255,0.044630,0,0
1789812643.250185,3,16.586705,26.303335,-3.126153,19.128000,26.252000,13.628000,26.252000,-0.051335,2.541295,0.799447,-3.077467,0.048686,2.958705,0.322768,0.048994,0,0
1789812643.350204,3,16.586705,26.303335,-3.126153,19.128000,26.252000,13.628000,26.252000,-0.051335,2.541295,0.799447,-3.077467,0.048686,2.958705,0.322768,0.050801,0,0
1789812643.450336,3,16.586705,26.303335,-3.126153,19.128000,26.252000,13.628000,26.252000,-0.051335,2.541295,0.799447,-3.077467,0.048686,2.958705,0.322768,0.050899,0,0
1789812643.550232,3,16.472284,26.301027,-3.122706,19.128000,26.252000,13.628000,26.252000,-0.049027,2.655716,0.799496,-3.080347,0.042359,2.844284,0.310285,0.047494,0,0
1789812643.650418,3,16.472284,26.301027,-3.122706,19.128000,26.252000,13.628000,26.252000,-0.049027,2.655716,0.799496,-3.080347,0.042359,2.844284,0.310285,0.044262,0,0
1789812643.750233,3,16.472284,26.301027,-3.122706,19.128000,26.252000,13.628000,26.252000,-0.049027,2.655716,0.799496,-3.080347,0.042359,2.844284,0.310285,0.041270,0,0
1789812643.850229,3,16.362822,26.292748,-3.114580,19.128000,26.252000,13.628000,26.252000,-0.040748,2.765178,0.799652,-3.090679,0.023901,2.734822,0.300000,0.031537,0,0
1789812643.950240,3,16.362822,26.292748,-3.114580,19.128000,26.252000,13.628000,26.252000,-0.040748,2.765178,0.799652,-3.090679,0.023901,2.734822,0.300000,0.024525,0,0
1789812644.050241,3,16.362822,26.292748,-3.114580,19.128000,26.252000,13.628000,26.252000,-0.040748,2.765178,0.799652,-3.090679,0.023901,2.734822,0.300000,0.019534,0,0
1789812644.150634,3,16.362822,26.292748,-3.114580,19.128000,26.252000,13.628000,26.252000,-0.040748,2.765178,0.799652,-3.090679,0.023901,2.734822,0.300000,0.016036,0,0
1789812644.250259,3,16.229381,26.288048,-3.095744,19.128000,26.252000,13.628000,26.252000,-0.036048,2.898619,0.799727,-3.096548,-0.000804,2.601381,0.300000,0.004221,0,0
1789812644.350263,3,16.229381,26.288048,-3.095744,19.128000,26.252000,13.628000,26.252000,-0.036048,2.898619,0.799727,-3.096548,-0.000804,2.601381,0.300000,-0.003525,0,0
1789812644.450416,3,16.229381,26.288048,-3.095744,19.128000,26.252000,13.628000,26.252000,-0.036048,2.898619,0.799727,-3.096548,-0.000804,2.601381,0.300000,-0.008358,0,0
1789812644.550511,3,16.229381,26.288048,-3.095744,19.128000,26.252000,13.628000,26.252000,-0.036048,2.898619,0.799727,-3.096548,-0.000804,2.601381,0.300000,-0.011133,0,0
1789812644.650378,3,16.105263,26.277579,-3.074159,19.128000,26.252000,13.628000,26.252000,-0.025579,3.022737,0.799863,-3.109624,-0.035465,2.477263,0.300000,-0.025646,0,0
1789812644.750338,3,16.105263,26.277579,-3.074159,19.128000,26.252000,13.628000,26.252000,-0.025579,3.022737,0.799863,-3.109624,-0.035465,2.477263,0.300000,-0.034619,0,0
1789812644.850342,3,16.105263,26.277579,-3.074159,19.128000,26.252000,13.628000,26.252000,-0.025579,3.022737,0.799863,-3.109624,-0.035465,2.477263,0.300000,-0.039685,0,0
1789812644.950317,3,16.105263,26.277579,-3.074159,19.128000,26.252000,13.628000,26.252000,-0.025579,3.022737,0.799863,-3.109624,-0.035465,2.477263,0.300000,-0.042050,0,0
1789812645.050390,3,15.981739,26.265487,-3.056617,19.128000,26.252000,13.628000,26.252000,-0.013487,3.146261,0.799962,-3.124735,-0.068118,2.353739,0.300000,-0.054991,0,0
1789812645.150646,3,15.981739,26.265487,-3.056617,19.128000,26.252000,13.628000,26.252000,-0.013487,3.146261,0.799962,-3.124735,-0.068118,2.353739,0.300000,-0.062436,0,0
1789812645.250268,3,15.981739,26.265487,-3.056617,19.128000,26.252000,13.628000,26.252000,-0.013487,3.146261,0.799962,-3.124735,-0.068118,2.353739,0.300000,-0.066066,0,0
1789812645.350637,3,15.981739,26.265487,-3.056617,19.128000,26.252000,13.628000,26.252000,-0.013487,3.146261,0.799962,-3.124735,-0.068118,2.353739,0.300000,-0.067109,0,0
1789812645.450382,3,15.981739,26.265487,-3.056617,19.128000,26.252000,13.628000,26.252000,-0.013487,3.146261,0.799962,-3.124735,-0.068118,2.353739,0.300000,-0.066454,0,0
1789812645.550349,3,15.861051,26.258436,-3.074568,19.128000,26.252000,13.628000,26.252000,-0.006436,3.266949,0.799991,-3.133548,-0.058980,2.233051,0.300000,-0.061266,0,0
1789812645.654115,3,15.861051,26.258436,-3.074568,19.128000,26.252000,13.628000,26.252000,-0.006436,3.266949,0.799991,-3.133548,-0.058980,2.233051,0.300000,-0.056675,0,0
1789812645.750337,3,15.861051,26.258436,-3.074568,19.128000,26.252000,13.628000,26.252000,-0.006436,3.266949,0.799991,-3.133548,-0.058980,2.233051,0.300000,-0.052649,0,0
1789812645.850310,3,15.745543,26.246900,-3.102449,19.128000,26.252000,13.628000,26.252000,0.005100,3.382457,0.799995,3.135218,-0.045518,2.117543,0.300000,-0.044030,0,0
1789812645.950377,3,15.745543,26.246900,-3.102449,19.128000,26.252000,13.628000,26.252000,0.005100,3.382457,0.799995,3.135218,-0.045518,2.117543,0.300000,-0.037663,0,0
1789812646.052484,3,15.745543,26.246900,-3.102449,19.128000,26.252000,13.628000,26.252000,0.005100,3.382457,0.799995,3.135218,-0.045518,2.117543,0.300000,-0.032992,0,0
1789812646.150818,3,15.745543,26.246900,-3.102449,19.128000,26.252000,13.628000,26.252000,0.005100,3.382457,0.799995,3.135218,-0.045518,2.117543,0.300000,-0.029593,0,0
1789812646.250618,3,15.623318,26.237320,-3.128636,19.128000,26.252000,13.628000,26.252000,0.014680,3.504682,0.799955,3.123244,-0.031306,1.995318,0.300000,-0.021734,0,0
1789812646.350844,3,15.623318,26.237320,-3.128636,19.128000,26.252000,13.628000,26.252000,0.014680,3.504682,0.799955,3.123244,-0.031306,1.995318,0.300000,-0.016461,0,0
1789812646.450366,3,15.623318,26.237320,-3.128636,19.128000,26.252000,13.628000,26.252000,0.014680,3.504682,0.799955,3.123244,-0.031306,1.995318,0.300000,-0.013054,0,0
1789812646.550814,3,15.623318,26.237320,-3.128636,19.128000,26.252000,13.628000,26.252000,0.014680,3.504682,0.799955,3.123244,-0.031306,1.995318,0.300000,-0.010978,0,0
1789812646.650490,3,15.507452,26.233483,3.129506,19.128000,26.252000,13.628000,26.252000,0.018517,3.620548,0.799928,3.118449,-0.011058,1.879452,0.300000,-0.002123,0,0
1789812646.750473,3,15.507452,26.233483,3.129506,19.128000,26.252000,13.628000,26.252000,0.018517,3.620548,0.799928,3.118449,-0.011058,1.879452,0.300000,0.003408,0,0
1789812646.850458,3,15.507452,26.233483,3.129506,19.128000,26.252000,13.628000,26.252000,0.018517,3.620548,0.799928,3.118449,-0.011058,1.879452,0.300000,0.006590,0,0
1789812646.950454,3,15.507452,26.233483,3.129506,19.128000,26.252000,13.628000,26.252000,0.018517,3.620548,0.799928,3.118449,-0.011058,1.879452,0.300000,0.008142,0,0
1789812647.050440,3,15.389764,26.228429,3.121001,19.128000,26.252000,13.628000,26.252000,0.023571,3.738236,0.799883,3.112133,-0.008868,1.761764,0.300000,0.009421,0,0
1789812647.150407,3,15.389764,26.228429,3.121001,19.128000,26.252000,13.628000,26.252000,0.023571,3.738236,0.799883,3.112133,-0.008868,1.761764,0.300000,0.009685,0,0
1789812647.250405,3,15.389764,26.228429,3.121001,19.128000,26.252000,13.628000,26.252000,0.023571,3.738236,0.799883,3.112133,-0.008868,1.761764,0.300000,0.009289,0,0
1789812647.350419,3,15.389764,26.228429,3.121001,19.128000,26.252000,13.628000,26.252000,0.023571,3.738236,0.799883,3.112133,-0.008868,1.761764,0.300000,0.008487,0,0
1789812647.450533,3,15.266635,26.231197,3.119365,19.128000,26.252000,13.628000,26.252000,0.020803,3.861365,0.799909,3.115592,-0.003773,1.638635,0.300000,0.009391,0,0
1789812647.550446,3,15.266635,26.231197,3.119365,19.128000,26.252000,13.628000,26.252000,0.020803,3.861365,0.799909,3.115592,-0.003773,1.638635,0.300000,0.009519,0,0
1789812647.651546,3,15.266635,26.231197,3.119365,19.128000,26.252000,13.628000,26.252000,0.020803,3.861365,0.799909,3.115592,-0.003773,1.638635,0.300000,0.009144,0,0
1789812647.750445,3,15.266635,26.231197,3.119365,19.128000,26.252000,13.628000,26.252000,0.020803,3.861365,0.799909,3.115592,-0.003773,1.638635,0.300000,0.008463,0,0
1789812647.850445,3,15.148680,26.225193,3.117062,19.128000,26.252000,13.628000,26.252000,0.026807,3.979320,0.799849,3.108090,-0.008972,1.520680,0.300000,0.005638,0,0
1789812647.950448,3,15.148680,26.225193,3.117062,19.128000,26.252000,13.628000,26.252000,0.026807,3.979320,0.799849,3.108090,-0.008972,1.520680,0.300000,0.003424,0,0
1789812648.050473,3,15.148680,26.225193,3.117062,19.128000,26.252000,13.628000,26.252000,0.026807,3.979320,0.799849,3.108090,-0.008972,1.520680,0.300000,0.001691,0,0
1789812648.150451,3,15.148680,26.225193,3.117062,19.128000,26.252000,13.628000,26.252000,0.026807,3.979320,0.799849,3.108090,-0.008972,1.520680,0.300000,0.000335,0,0
1789812648.250625,3,15.027873,26.221034,3.112801,19.128000,26.252000,13.628000,26.252000,0.030966,4.100127,0.799799,3.102895,-0.009906,1.399873,0.300000,-0.001080,0,0
1789812648.350457,3,15.027873,26.221034,3.112801,19.128000,26.252000,13.628000,26.252000,0.030966,4.100127,0.799799,3.102895,-0.009906,1.399873,0.300000,-0.002140,0,0
1789812648.450616,3,15.027873,26.221034,3.112801,19.128000,26.252000,13.628000,26.252000,0.030966,4.100127,0.799799,3.102895,-0.009906,1.399873,0.300000,-0.002931,0,0
1789812648.550467,3,15.027873,26.221034,3.112801,19.128000,26.252000,13.628000,26.252000,0.030966,4.100127,0.799799,3.102895,-0.009906,1.399873,0.300000,-0.003519,0,0
1789812648.650522,3,14.903338,26.216136,3.116060,19.128000,26.252000,13.628000,26.252000,0.035864,4.224662,0.799730,3.096778,-0.019282,1.275338,0.300000,-0.007515,0,0
1789812648.750503,3,14.903338,26.216136,3.116060,19.128000,26.252000,13.628000,26.252000,0.035864,4.224662,0.799730,3.096778,-0.019282,1.275338,0.300000,-0.010158,0,0
1789812648.850502,3,14.903338,26.216136,3.116060,19.128000,26.252000,13.628000,26.252000,0.035864,4.224662,0.799730,3.096778,-0.019282,1.275338,0.300000,-0.011828,0,0
1789812648.950562,3,14.903338,26.216136,3.116060,19.128000,26.252000,13.628000,26.252000,0.035864,4.224662,0.799730,3.096778,-0.019282,1.275338,0.300000,-0.012810,0,0
1789812649.050522,3,14.788463,26.211376,3.124899,19.128000,26.252000,13.628000,26.252000,0.040624,4.339537,0.799654,3.090835,-0.034064,1.160463,0.000000,0.000000,1,0
1789812649.150530,3,14.788463,26.211376,3.124899,19.128000,26.252000,13.628000,26.252000,0.040624,4.339537,0.799654,3.090835,-0.034064,1.160463,0.000000,0.000000,1,0
1789812649.250497,3,14.788463,26.211376,3.124899,19.128000,26.252000,13.628000,26.252000,0.040624,4.339537,0.799654,3.090835,-0.034064,1.160463,0.000000,0.000000,1,0
1789812649.350511,3,14.788463,26.211376,3.124899,19.128000,26.252000,13.628000,26.252000,0.040624,4.339537,0.799654,3.090835,-0.034064,1.160463,0.000000,0.000000,1,0
1789812649.450510,3,14.663315,26.207450,3.127877,19.128000,26.252000,13.628000,26.252000,0.044550,4.464685,0.799584,3.085934,-0.041943,1.035315,0.000000,0.000000,1,0
1789812649.550908,3,14.663315,26.207450,3.127877,19.128000,26.252000,13.628000,26.252000,0.044550,4.464685,0.799584,3.085934,-0.041943,1.035315,0.000000,0.000000,1,0
1789812649.650597,3,14.663315,26.207450,3.127877,19.128000,26.252000,13.628000,26.252000,0.044550,4.464685,0.799584,3.085934,-0.041943,1.035315,0.000000,0.000000,1,0
1789812649.750669,3,14.663315,26.207450,3.127877,19.128000,26.252000,13.628000,26.252000,0.044550,4.464685,0.799584,3.085934,-0.041943,1.035315,0.000000,0.000000,1,0
1789812649.850578,3,14.548070,26.197758,3.090188,19.128000,26.252000,13.628000,26.252000,0.054242,4.579930,0.799383,3.073841,-0.016347,0.920070,0.000000,0.000000,1,0
1789812649.951129,3,14.548070,26.197758,3.090188,19.128000,26.252000,13.628000,26.252000,0.054242,4.579930,0.799383,3.073841,-0.016347,0.920070,0.000000,0.000000,1,0
1789812650.050550,3,14.548070,26.197758,3.090188,19.128000,26.252000,13.628000,26.252000,0.054242,4.579930,0.799383,3.073841,-0.016347,0.920070,0.000000,0.000000,1,0
1789812650.150565,3,14.548070,26.197758,3.090188,19.128000,26.252000,13.628000,26.252000,0.054242,4.579930,0.799383,3.073841,-0.016347,0.920070,0.000000,0.000000,1,0
1789812650.250612,3,14.548070,26.197758,3.090188,19.128000,26.252000,13.628000,26.252000,0.054242,4.579930,0.799383,3.073841,-0.016347,0.920070,0.000000,0.000000,1,0
1789812650.350577,3,14.548070,26.197758,3.090188,19.128000,26.252000,13.628000,26.252000,0.054242,4.579930,0.799383,3.073841,-0.016347,0.920070,0.000000,0.000000,1,0
1789812650.450583,3,14.548070,26.197758,3.090188,19.128000,26.252000,13.628000,26.252000,0.054242,4.579930,0.799383,3.073841,-0.016347,0.920070,0.000000,0.000000,1,0
1789812650.550604,3,14.548070,26.197758,3.090188,19.128000,26.252000,13.628000,26.252000,0.054242,4.579930,0.799383,3.073841,-0.016347,0.920070,0.000000,0.000000,1,0
1789812650.650662,3,14.548070,26.197758,3.090188,19.128000,26.252000,13.628000,26.252000,0.054242,4.579930,0.799383,3.073841,-0.016347,0.920070,0.000000,0.000000,1,0
1789812650.750595,3,14.548070,26.197758,3.090188,19.128000,26.252000,13.628000,26.252000,0.054242,4.579930,0.799383,3.073841,-0.016347,0.920070,0.000000,0.000000,1,0
1789812650.850643,3,14.548070,26.197758,3.090188,19.128000,26.252000,13.628000,26.252000,0.054242,4.579930,0.799383,3.073841,-0.016347,0.920070,0.000000,0.000000,1,0
1789812650.950590,3,14.548070,26.197758,3.090188,19.128000,26.252000,13.628000,26.252000,0.054242,4.579930,0.799383,3.073841,-0.016347,0.920070,0.000000,0.000000,1,0
1789812651.050617,3,14.548070,26.197758,3.090188,19.128000,26.252000,13.628000,26.252000,0.054242,4.579930,0.799383,3.073841,-0.016347,0.920070,0.000000,0.000000,1,0
1789812651.150606,3,14.548070,26.197758,3.090188,19.128000,26.252000,13.628000,26.252000,0.054242,4.579930,0.799383,3.073841,-0.016347,0.920070,0.000000,0.000000,1,0
1789812651.250616,3,14.548070,26.197758,3.090188,19.128000,26.252000,13.628000,26.252000,0.054242,4.579930,0.799383,3.073841,-0.016347,0.920070,0.000000,0.000000,1,0
1789812651.350651,3,14.548070,26.197758,3.090188,19.128000,26.252000,13.628000,26.252000,0.054242,4.579930,0.799383,3.073841,-0.016347,0.920070,0.000000,0.000000,1,0
1789812651.450620,3,14.548070,26.197758,3.090188,19.128000,26.252000,13.628000,26.252000,0.054242,4.579930,0.799383,3.073841,-0.016347,0.920070,0.000000,0.000000,1,0
1789812651.550657,3,14.548070,26.197758,3.090188,19.128000,26.252000,13.628000,26.252000,0.054242,4.579930,0.799383,3.073841,-0.016347,0.920070,0.000000,0.000000,1,0
1789812651.650669,3,14.548070,26.197758,3.090188,19.128000,26.252000,13.628000,26.252000,0.054242,4.579930,0.799383,3.073841,-0.016347,0.920070,0.000000,0.000000,1,0
1789812651.751116,3,14.548070,26.197758,3.090188,19.128000,26.252000,13.628000,26.252000,0.054242,4.579930,0.799383,3.073841,-0.016347,0.920070,0.000000,0.000000,1,0
1789812651.850699,3,14.548070,26.197758,3.090188,19.128000,26.252000,13.628000,26.252000,0.054242,4.579930,0.799383,3.073841,-0.016347,0.920070,0.000000,0.000000,1,0
1789812651.950613,3,14.548070,26.197758,3.090188,19.128000,26.252000,13.628000,26.252000,0.054242,4.579930,0.799383,3.073841,-0.016347,0.920070,0.000000,0.000000,1,0
1789812652.050708,3,14.548070,26.197758,3.090188,19.128000,26.252000,13.628000,26.252000,0.054242,4.579930,0.799383,3.073841,-0.016347,0.920070,0.000000,0.000000,1,0
1789812652.151901,3,14.548070,26.197758,3.090188,19.128000,26.252000,13.628000,26.252000,0.054242,4.579930,0.799383,3.073841,-0.016347,0.920070,0.000000,0.000000,1,0
1789812652.250652,3,14.548070,26.197758,3.090188,19.128000,26.252000,13.628000,26.252000,0.054242,4.579930,0.799383,3.073841,-0.016347,0.920070,0.000000,0.000000,1,0
1789812652.350688,3,14.548070,26.197758,3.090188,19.128000,26.252000,13.628000,26.252000,0.054242,4.579930,0.799383,3.073841,-0.016347,0.920070,0.000000,0.000000,1,0
1789812652.450657,3,14.548070,26.197758,3.090188,19.128000,26.252000,13.628000,26.252000,0.054242,4.579930,0.799383,3.073841,-0.016347,0.920070,0.000000,0.000000,1,0
1789812652.550662,3,14.548070,26.197758,3.090188,19.128000,26.252000,13.628000,26.252000,0.054242,4.579930,0.799383,3.073841,-0.016347,0.920070,0.000000,0.000000,1,0
1789812652.650691,3,14.548070,26.197758,3.090188,19.128000,26.252000,13.628000,26.252000,0.054242,4.579930,0.799383,3.073841,-0.016347,0.920070,0.000000,0.000000,1,0
1789812652.750715,3,14.548070,26.197758,3.090188,19.128000,26.252000,13.628000,26.252000,0.054242,4.579930,0.799383,3.073841,-0.016347,0.920070,0.000000,0.000000,1,0
1789812652.850703,3,14.548070,26.197758,3.090188,19.128000,26.252000,13.628000,26.252000,0.054242,4.579930,0.799383,3.073841,-0.016347,0.920070,0.000000,0.000000,1,0
1789812652.950697,3,14.548070,26.197758,3.090188,19.128000,26.252000,13.628000,26.252000,0.054242,4.579930,0.799383,3.073841,-0.016347,0.920070,0.000000,0.000000,1,0
1789812653.050698,3,14.548070,26.197758,3.090188,19.128000,26.252000,13.628000,26.252000,0.054242,4.579930,0.799383,3.073841,-0.016347,0.920070,0.000000,0.000000,1,0
1789812653.150705,3,14.548070,26.197758,3.090188,19.128000,26.252000,13.628000,26.252000,0.054242,4.579930,0.799383,3.073841,-0.016347,0.920070,0.000000,0.000000,1,0
1789812653.250720,3,14.548070,26.197758,3.090188,19.128000,26.252000,13.628000,26.252000,0.054242,4.579930,0.799383,3.073841,-0.016347,0.920070,0.000000,0.000000,1,0
1789812653.350730,3,14.548070,26.197758,3.090188,19.128000,26.252000,13.628000,26.252000,0.054242,4.579930,0.799383,3.073841,-0.016347,0.920070,0.000000,0.000000,1,0
1789812653.450708,3,14.548070,26.197758,3.090188,19.128000,26.252000,13.628000,26.252000,0.054242,4.579930,0.799383,3.073841,-0.016347,0.920070,0.000000,0.000000,1,0
1789812653.552932,3,14.548070,26.197758,3.090188,19.128000,26.252000,13.628000,26.252000,0.054242,4.579930,0.799383,3.073841,-0.016347,0.920070,0.000000,0.000000,1,0
1789812653.650789,3,14.548070,26.197758,3.090188,19.128000,26.252000,13.628000,26.252000,0.054242,4.579930,0.799383,3.073841,-0.016347,0.920070,0.000000,0.000000,1,0
1789812653.750803,3,14.548070,26.197758,3.090188,19.128000,26.252000,13.628000,26.252000,0.054242,4.579930,0.799383,3.073841,-0.016347,0.920070,0.000000,0.000000,1,0
1789812653.850787,3,14.548070,26.197758,3.090188,19.128000,26.252000,13.628000,26.252000,0.054242,4.579930,0.799383,3.073841,-0.016347,0.920070,0.000000,0.000000,1,0
1789812653.950746,3,14.548070,26.197758,3.090188,19.128000,26.252000,13.628000,26.252000,0.054242,4.579930,0.799383,3.073841,-0.016347,0.920070,0.000000,0.000000,1,0
1789812654.050757,3,14.548070,26.197758,3.090188,19.128000,26.252000,13.628000,26.252000,0.054242,4.579930,0.799383,3.073841,-0.016347,0.920070,0.000000,0.000000,1,0
1789812654.150785,3,14.548070,26.197758,3.090188,19.128000,26.252000,13.628000,26.252000,0.054242,4.579930,0.799383,3.073841,-0.016347,0.920070,0.000000,0.000000,1,0
1789812654.251049,3,14.548070,26.197758,3.090188,19.128000,26.252000,13.628000,26.252000,0.054242,4.579930,0.799383,3.073841,-0.016347,0.920070,0.000000,0.000000,1,0
1789812654.352285,3,14.548070,26.197758,3.090188,19.128000,26.252000,13.628000,26.252000,0.054242,4.579930,0.799383,3.073841,-0.016347,0.920070,0.000000,0.000000,1,0
1789812654.450966,3,14.548070,26.197758,3.090188,19.128000,26.252000,13.628000,26.252000,0.054242,4.579930,0.799383,3.073841,-0.016347,0.920070,0.000000,0.000000,1,0
1789812654.550792,3,14.548070,26.197758,3.090188,19.128000,26.252000,13.628000,26.252000,0.054242,4.579930,0.799383,3.073841,-0.016347,0.920070,0.000000,0.000000,1,0
1789812654.650799,3,14.548070,26.197758,3.090188,19.128000,26.252000,13.628000,26.252000,0.054242,4.579930,0.799383,3.073841,-0.016347,0.920070,0.000000,0.000000,1,0
1789812654.750779,3,14.548070,26.197758,3.090188,19.128000,26.252000,13.628000,26.252000,0.054242,4.579930,0.799383,3.073841,-0.016347,0.920070,0.000000,0.000000,1,0
1789812654.851762,3,14.548070,26.197758,3.090188,19.128000,26.252000,13.628000,26.252000,0.054242,4.579930,0.799383,3.073841,-0.016347,0.920070,0.000000,0.000000,1,0
1789812654.950827,3,14.548070,26.197758,3.090188,19.128000,26.252000,13.628000,26.252000,0.054242,4.579930,0.799383,3.073841,-0.016347,0.920070,0.000000,0.000000,1,0
1789812655.050820,3,14.548070,26.197758,3.090188,19.128000,26.252000,13.628000,26.252000,0.054242,4.579930,0.799383,3.073841,-0.016347,0.920070,0.000000,0.000000,1,0
1789812655.154158,3,14.548070,26.197758,3.090188,19.128000,26.252000,13.628000,26.252000,0.054242,4.579930,0.799383,3.073841,-0.016347,0.920070,0.000000,0.000000,1,0
1789812655.250891,3,14.548070,26.197758,3.090188,19.128000,26.252000,13.628000,26.252000,0.054242,4.579930,0.799383,3.073841,-0.016347,0.920070,0.000000,0.000000,1,0
1789812655.350829,3,14.548070,26.197758,3.090188,19.128000,26.252000,13.628000,26.252000,0.054242,4.579930,0.799383,3.073841,-0.016347,0.920070,0.000000,0.000000,1,0
1789812655.450904,3,14.548070,26.197758,3.090188,19.128000,26.252000,13.628000,26.252000,0.054242,4.579930,0.799383,3.073841,-0.016347,0.920070,0.000000,0.000000,1,0
1789812655.550823,3,14.548070,26.197758,3.090188,19.128000,26.252000,13.628000,26.252000,0.054242,4.579930,0.799383,3.073841,-0.016347,0.920070,0.000000,0.000000,1,0
1789812655.650844,3,14.548070,26.197758,3.090188,19.128000,26.252000,13.628000,26.252000,0.054242,4.579930,0.799383,3.073841,-0.016347,0.920070,0.000000,0.000000,1,0
1789812655.750839,3,14.548070,26.197758,3.090188,19.128000,26.252000,13.628000,26.252000,0.054242,4.579930,0.799383,3.073841,-0.016347,0.920070,0.000000,0.000000,1,0
1789812655.850854,3,14.548070,26.197758,3.090188,19.128000,26.252000,13.628000,26.252000,0.054242,4.579930,0.799383,3.073841,-0.016347,0.920070,0.000000,0.000000,1,0
1789812655.950853,3,14.548070,26.197758,3.090188,19.128000,26.252000,13.628000,26.252000,0.054242,4.579930,0.799383,3.073841,-0.016347,0.920070,0.000000,0.000000,1,0
1789812656.050889,3,14.548070,26.197758,3.090188,19.128000,26.252000,13.628000,26.252000,0.054242,4.579930,0.799383,3.073841,-0.016347,0.920070,0.000000,0.000000,1,0
1789812656.151127,3,14.548070,26.197758,3.090188,19.128000,26.252000,13.628000,26.252000,0.054242,4.579930,0.799383,3.073841,-0.016347,0.920070,0.000000,0.000000,1,0
1789812656.250908,3,14.548070,26.197758,3.090188,19.128000,26.252000,13.628000,26.252000,0.054242,4.579930,0.799383,3.073841,-0.016347,0.920070,0.000000,0.000000,1,0
1789812656.351937,3,14.548070,26.197758,3.090188,19.128000,26.252000,13.628000,26.252000,0.054242,4.579930,0.799383,3.073841,-0.016347,0.920070,0.000000,0.000000,1,0
1789812656.451863,3,14.548070,26.197758,3.090188,19.128000,26.252000,13.628000,26.252000,0.054242,4.579930,0.799383,3.073841,-0.016347,0.920070,0.000000,0.000000,1,0
1789812656.550915,3,14.548070,26.197758,3.090188,19.128000,26.252000,13.628000,26.252000,0.054242,4.579930,0.799383,3.073841,-0.016347,0.920070,0.000000,0.000000,1,0
1789812656.650904,3,14.548070,26.197758,3.090188,19.128000,26.252000,13.628000,26.252000,0.054242,4.579930,0.799383,3.073841,-0.016347,0.920070,0.000000,0.000000,1,0
1789812656.750914,3,14.548070,26.197758,3.090188,19.128000,26.252000,13.628000,26.252000,0.054242,4.579930,0.799383,3.073841,-0.016347,0.920070,0.000000,0.000000,1,0
1789812656.850911,3,14.548070,26.197758,3.090188,19.128000,26.252000,13.628000,26.252000,0.054242,4.579930,0.799383,3.073841,-0.016347,0.920070,0.000000,0.000000,1,0
1789812656.950901,3,14.548070,26.197758,3.090188,19.128000,26.252000,13.628000,26.252000,0.054242,4.579930,0.799383,3.073841,-0.016347,0.920070,0.000000,0.000000,1,0
1789812657.050928,3,14.548070,26.197758,3.090188,19.128000,26.252000,13.628000,26.252000,0.054242,4.579930,0.799383,3.073841,-0.016347,0.920070,0.000000,0.000000,1,0
1789812657.150949,3,14.548070,26.197758,3.090188,19.128000,26.252000,13.628000,26.252000,0.054242,4.579930,0.799383,3.073841,-0.016347,0.920070,0.000000,0.000000,1,0
1789812657.251040,3,14.548070,26.197758,3.090188,19.128000,26.252000,13.628000,26.252000,0.054242,4.579930,0.799383,3.073841,-0.016347,0.920070,0.000000,0.000000,1,0
1789812657.351009,3,14.548070,26.197758,3.090188,19.128000,26.252000,13.628000,26.252000,0.054242,4.579930,0.799383,3.073841,-0.016347,0.920070,0.000000,0.000000,1,0
1789812657.450914,3,14.548070,26.197758,3.090188,19.128000,26.252000,13.628000,26.252000,0.054242,4.579930,0.799383,3.073841,-0.016347,0.920070,0.000000,0.000000,1,0
1789812657.550945,3,14.548070,26.197758,3.090188,19.128000,26.252000,13.628000,26.252000,0.054242,4.579930,0.799383,3.073841,-0.016347,0.920070,0.000000,0.000000,1,0
1789812657.650961,3,14.548070,26.197758,3.090188,19.128000,26.252000,13.628000,26.252000,0.054242,4.579930,0.799383,3.073841,-0.016347,0.920070,0.000000,0.000000,1,0
1789812657.750956,3,14.548070,26.197758,3.090188,19.128000,26.252000,13.628000,26.252000,0.054242,4.579930,0.799383,3.073841,-0.016347,0.920070,0.000000,0.000000,1,0
1789812657.850968,3,14.548070,26.197758,3.090188,19.128000,26.252000,13.628000,26.252000,0.054242,4.579930,0.799383,3.073841,-0.016347,0.920070,0.000000,0.000000,1,0
1789812657.951352,3,14.548070,26.197758,3.090188,19.128000,26.252000,13.628000,26.252000,0.054242,4.579930,0.799383,3.073841,-0.016347,0.920070,0.000000,0.000000,1,0
1789812658.050978,3,14.548070,26.197758,3.090188,19.128000,26.252000,13.628000,26.252000,0.054242,4.579930,0.799383,3.073841,-0.016347,0.920070,0.000000,0.000000,1,0
1789812658.151663,3,14.548070,26.197758,3.090188,19.128000,26.252000,13.628000,26.252000,0.054242,4.579930,0.799383,3.073841,-0.016347,0.920070,0.000000,0.000000,1,0
1789812658.250999,3,14.548070,26.197758,3.090188,19.128000,26.252000,13.628000,26.252000,0.054242,4.579930,0.799383,3.073841,-0.016347,0.920070,0.000000,0.000000,1,0
1789812658.350989,3,14.548070,26.197758,3.090188,19.128000,26.252000,13.628000,26.252000,0.054242,4.579930,0.799383,3.073841,-0.016347,0.920070,0.000000,0.000000,1,0
1789812658.452172,3,14.548070,26.197758,3.090188,19.128000,26.252000,13.628000,26.252000,0.054242,4.579930,0.799383,3.073841,-0.016347,0.920070,0.000000,0.000000,1,0
1789812658.551774,3,14.548070,26.197758,3.090188,19.128000,26.252000,13.628000,26.252000,0.054242,4.579930,0.799383,3.073841,-0.016347,0.920070,0.000000,0.000000,1,0
1789812658.651039,3,14.548070,26.197758,3.090188,19.128000,26.252000,13.628000,26.252000,0.054242,4.579930,0.799383,3.073841,-0.016347,0.920070,0.000000,0.000000,1,0
1789812658.751014,3,14.548070,26.197758,3.090188,19.128000,26.252000,13.628000,26.252000,0.054242,4.579930,0.799383,3.073841,-0.016347,0.920070,0.000000,0.000000,1,0
1789812658.851004,3,14.548070,26.197758,3.090188,19.128000,26.252000,13.628000,26.252000,0.054242,4.579930,0.799383,3.073841,-0.016347,0.920070,0.000000,0.000000,1,0
1789812658.951575,3,14.548070,26.197758,3.090188,19.128000,26.252000,13.628000,26.252000,0.054242,4.579930,0.799383,3.073841,-0.016347,0.920070,0.000000,0.000000,1,0
1789812659.051027,3,14.548070,26.197758,3.090188,19.128000,26.252000,13.628000,26.252000,0.054242,4.579930,0.799383,3.073841,-0.016347,0.920070,0.000000,0.000000,1,0
1789812659.151063,3,14.548070,26.197758,3.090188,19.128000,26.252000,13.628000,26.252000,0.054242,4.579930,0.799383,3.073841,-0.016347,0.920070,0.000000,0.000000,1,0
1789812659.251037,3,14.548070,26.197758,3.090188,19.128000,26.252000,13.628000,26.252000,0.054242,4.579930,0.799383,3.073841,-0.016347,0.920070,0.000000,0.000000,1,0
1789812659.351010,3,14.548070,26.197758,3.090188,19.128000,26.252000,13.628000,26.252000,0.054242,4.579930,0.799383,3.073841,-0.016347,0.920070,0.000000,0.000000,1,0
1789812659.451034,3,14.548070,26.197758,3.090188,19.128000,26.252000,13.628000,26.252000,0.054242,4.579930,0.799383,3.073841,-0.016347,0.920070,0.000000,0.000000,1,0
1789812659.551071,3,14.548070,26.197758,3.090188,19.128000,26.252000,13.628000,26.252000,0.054242,4.579930,0.799383,3.073841,-0.016347,0.920070,0.000000,0.000000,1,0
1789812659.651100,3,14.548070,26.197758,3.090188,19.128000,26.252000,13.628000,26.252000,0.054242,4.579930,0.799383,3.073841,-0.016347,0.920070,0.000000,0.000000,1,0
1789812659.750983,3,14.548070,26.197758,3.090188,19.128000,26.252000,13.628000,26.252000,0.054242,4.579930,0.799383,3.073841,-0.016347,0.920070,0.000000,0.000000,1,0
1789812659.851116,3,14.548070,26.197758,3.090188,19.128000,26.252000,13.628000,26.252000,0.054242,4.579930,0.799383,3.073841,-0.016347,0.920070,0.000000,0.000000,1,0
1789812659.951058,3,14.548070,26.197758,3.090188,19.128000,26.252000,13.628000,26.252000,0.054242,4.579930,0.799383,3.073841,-0.016347,0.920070,0.000000,0.000000,1,0
1789812660.052000,3,14.548070,26.197758,3.090188,19.128000,26.252000,13.628000,26.252000,0.054242,4.579930,0.799383,3.073841,-0.016347,0.920070,0.000000,0.000000,1,0
1789812660.151363,3,14.548070,26.197758,3.090188,19.128000,26.252000,13.628000,26.252000,0.054242,4.579930,0.799383,3.073841,-0.016347,0.920070,0.000000,0.000000,1,0
1789812660.255256,3,14.548070,26.197758,3.090188,19.128000,26.252000,13.628000,26.252000,0.054242,4.579930,0.799383,3.073841,-0.016347,0.920070,0.000000,0.000000,1,0
1789812660.351104,3,14.548070,26.197758,3.090188,19.128000,26.252000,13.628000,26.252000,0.054242,4.579930,0.799383,3.073841,-0.016347,0.920070,0.000000,0.000000,1,0
1789812660.451110,3,14.548070,26.197758,3.090188,19.128000,26.252000,13.628000,26.252000,0.054242,4.579930,0.799383,3.073841,-0.016347,0.920070,0.000000,0.000000,1,0
1789812660.551878,3,14.548070,26.197758,3.090188,19.128000,26.252000,13.628000,26.252000,0.054242,4.579930,0.799383,3.073841,-0.016347,0.920070,0.000000,0.000000,1,0
1789812660.651179,3,14.548070,26.197758,3.090188,19.128000,26.252000,13.628000,26.252000,0.054242,4.579930,0.799383,3.073841,-0.016347,0.920070,0.000000,0.000000,1,0
1789812660.751096,3,14.548070,26.197758,3.090188,19.128000,26.252000,13.628000,26.252000,0.054242,4.579930,0.799383,3.073841,-0.016347,0.920070,0.000000,0.000000,1,0
1789812660.851110,3,14.548070,26.197758,3.090188,19.128000,26.252000,13.628000,26.252000,0.054242,4.579930,0.799383,3.073841,-0.016347,0.920070,0.000000,0.000000,1,0
1789812660.951107,3,14.548070,26.197758,3.090188,19.128000,26.252000,13.628000,26.252000,0.054242,4.579930,0.799383,3.073841,-0.016347,0.920070,0.000000,0.000000,1,0
1789812661.051111,3,14.548070,26.197758,3.090188,19.128000,26.252000,13.628000,26.252000,0.054242,4.579930,0.799383,3.073841,-0.016347,0.920070,0.000000,0.000000,1,0
1789812661.151630,3,14.548070,26.197758,3.090188,19.128000,26.252000,13.628000,26.252000,0.054242,4.579930,0.799383,3.073841,-0.016347,0.920070,0.000000,0.000000,1,0
1789812661.252531,3,14.548070,26.197758,3.090188,19.128000,26.252000,13.628000,26.252000,0.054242,4.579930,0.799383,3.073841,-0.016347,0.920070,0.000000,0.000000,1,0
1789812661.351216,3,14.548070,26.197758,3.090188,19.128000,26.252000,13.628000,26.252000,0.054242,4.579930,0.799383,3.073841,-0.016347,0.920070,0.000000,0.000000,1,0
1789812661.453070,3,14.548070,26.197758,3.090188,19.128000,26.252000,13.628000,26.252000,0.054242,4.579930,0.799383,3.073841,-0.016347,0.920070,0.000000,0.000000,1,0
1789812661.551157,3,14.548070,26.197758,3.090188,19.128000,26.252000,13.628000,26.252000,0.054242,4.579930,0.799383,3.073841,-0.016347,0.920070,0.000000,0.000000,1,0
1789812661.651170,3,14.548070,26.197758,3.090188,19.128000,26.252000,13.628000,26.252000,0.054242,4.579930,0.799383,3.073841,-0.016347,0.920070,0.000000,0.000000,1,0
1789812661.751465,3,14.548070,26.197758,3.090188,19.128000,26.252000,13.628000,26.252000,0.054242,4.579930,0.799383,3.073841,-0.016347,0.920070,0.000000,0.000000,1,0
1789812661.851189,3,14.548070,26.197758,3.090188,19.128000,26.252000,13.628000,26.252000,0.054242,4.579930,0.799383,3.073841,-0.016347,0.920070,0.000000,0.000000,1,0
1789812661.951188,3,14.548070,26.197758,3.090188,19.128000,26.252000,13.628000,26.252000,0.054242,4.579930,0.799383,3.073841,-0.016347,0.920070,0.000000,0.000000,1,0
1789812662.051136,3,14.548070,26.197758,3.090188,19.128000,26.252000,13.628000,26.252000,0.054242,4.579930,0.799383,3.073841,-0.016347,0.920070,0.000000,0.000000,1,0
1789812662.151278,3,14.548070,26.197758,3.090188,19.128000,26.252000,13.628000,26.252000,0.054242,4.579930,0.799383,3.073841,-0.016347,0.920070,0.000000,0.000000,1,0
1789812662.251499,3,14.548070,26.197758,3.090188,19.128000,26.252000,13.628000,26.252000,0.054242,4.579930,0.799383,3.073841,-0.016347,0.920070,0.000000,0.000000,1,0
1789812662.351160,3,14.548070,26.197758,3.090188,19.128000,26.252000,13.628000,26.252000,0.054242,4.579930,0.799383,3.073841,-0.016347,0.920070,0.000000,0.000000,1,0
1789812662.451308,3,14.548070,26.197758,3.090188,19.128000,26.252000,13.628000,26.252000,0.054242,4.579930,0.799383,3.073841,-0.016347,0.920070,0.000000,0.000000,1,0
1789812662.551186,3,14.548070,26.197758,3.090188,19.128000,26.252000,13.628000,26.252000,0.054242,4.579930,0.799383,3.073841,-0.016347,0.920070,0.000000,0.000000,1,0
1789812662.651156,3,14.548070,26.197758,3.090188,19.128000,26.252000,13.628000,26.252000,0.054242,4.579930,0.799383,3.073841,-0.016347,0.920070,0.000000,0.000000,1,0
1789812662.751224,3,14.548070,26.197758,3.090188,19.128000,26.252000,13.628000,26.252000,0.054242,4.579930,0.799383,3.073841,-0.016347,0.920070,0.000000,0.000000,1,0
1789812662.851289,3,14.548070,26.197758,3.090188,19.128000,26.252000,13.628000,26.252000,0.054242,4.579930,0.799383,3.073841,-0.016347,0.920070,0.000000,0.000000,1,0
1789812662.953575,3,14.548070,26.197758,3.090188,19.128000,26.252000,13.628000,26.252000,0.054242,4.579930,0.799383,3.073841,-0.016347,0.920070,0.000000,0.000000,1,0
1789812663.051193,3,14.548070,26.197758,3.090188,19.128000,26.252000,13.628000,26.252000,0.054242,4.579930,0.799383,3.073841,-0.016347,0.920070,0.000000,0.000000,1,0
1789812663.151216,3,14.548070,26.197758,3.090188,19.128000,26.252000,13.628000,26.252000,0.054242,4.579930,0.799383,3.073841,-0.016347,0.920070,0.000000,0.000000,1,0
1789812663.251256,3,14.548070,26.197758,3.090188,19.128000,26.252000,13.628000,26.252000,0.054242,4.579930,0.799383,3.073841,-0.016347,0.920070,0.000000,0.000000,1,0
1789812663.351448,3,14.548070,26.197758,3.090188,19.128000,26.252000,13.628000,26.252000,0.054242,4.579930,0.799383,3.073841,-0.016347,0.920070,0.000000,0.000000,1,0
1789812663.453876,3,14.548070,26.197758,3.090188,19.128000,26.252000,13.628000,26.252000,0.054242,4.579930,0.799383,3.073841,-0.016347,0.920070,0.000000,0.000000,1,0
1789812663.551271,3,14.548070,26.197758,3.090188,19.128000,26.252000,13.628000,26.252000,0.054242,4.579930,0.799383,3.073841,-0.016347,0.920070,0.000000,0.000000,1,0
1789812663.651320,3,14.548070,26.197758,3.090188,19.128000,26.252000,13.628000,26.252000,0.054242,4.579930,0.799383,3.073841,-0.016347,0.920070,0.000000,0.000000,1,0
1789812663.753958,3,14.548070,26.197758,3.090188,19.128000,26.252000,13.628000,26.252000,0.054242,4.579930,0.799383,3.073841,-0.016347,0.920070,0.000000,0.000000,1,0
1789812663.851540,3,14.548070,26.197758,3.090188,19.128000,26.252000,13.628000,26.252000,0.054242,4.579930,0.799383,3.073841,-0.016347,0.920070,0.000000,0.000000,1,0
1789812663.951359,3,14.548070,26.197758,3.090188,19.128000,26.252000,13.628000,26.252000,0.054242,4.579930,0.799383,3.073841,-0.016347,0.920070,0.000000,0.000000,1,0
1789812664.051259,3,14.548070,26.197758,3.090188,19.128000,26.252000,13.628000,26.252000,0.054242,4.579930,0.799383,3.073841,-0.016347,0.920070,0.000000,0.000000,1,0
1789812664.151310,3,14.548070,26.197758,3.090188,19.128000,26.252000,13.628000,26.252000,0.054242,4.579930,0.799383,3.073841,-0.016347,0.920070,0.000000,0.000000,1,0
1789812664.252051,3,14.548070,26.197758,3.090188,19.128000,26.252000,13.628000,26.252000,0.054242,4.579930,0.799383,3.073841,-0.016347,0.920070,0.000000,0.000000,1,0
1789812664.351268,3,14.548070,26.197758,3.090188,19.128000,26.252000,13.628000,26.252000,0.054242,4.579930,0.799383,3.073841,-0.016347,0.920070,0.000000,0.000000,1,0
1789812664.451259,3,14.548070,26.197758,3.090188,19.128000,26.252000,13.628000,26.252000,0.054242,4.579930,0.799383,3.073841,-0.016347,0.920070,0.000000,0.000000,1,0
1789812664.551281,3,14.548070,26.197758,3.090188,19.128000,26.252000,13.628000,26.252000,0.054242,4.579930,0.799383,3.073841,-0.016347,0.920070,0.000000,0.000000,1,0
1789812664.651302,3,14.548070,26.197758,3.090188,19.128000,26.252000,13.628000,26.252000,0.054242,4.579930,0.799383,3.073841,-0.016347,0.920070,0.000000,0.000000,1,0
1789812664.751578,3,14.548070,26.197758,3.090188,19.128000,26.252000,13.628000,26.252000,0.054242,4.579930,0.799383,3.073841,-0.016347,0.920070,0.000000,0.000000,1,0
1789812664.851342,3,14.548070,26.197758,3.090188,19.128000,26.252000,13.628000,26.252000,0.054242,4.579930,0.799383,3.073841,-0.016347,0.920070,0.000000,0.000000,1,0
1789812664.951387,3,14.548070,26.197758,3.090188,19.128000,26.252000,13.628000,26.252000,0.054242,4.579930,0.799383,3.073841,-0.016347,0.920070,0.000000,0.000000,1,0
1789812665.051358,3,14.548070,26.197758,3.090188,19.128000,26.252000,13.628000,26.252000,0.054242,4.579930,0.799383,3.073841,-0.016347,0.920070,0.000000,0.000000,1,0
1789812665.151364,3,14.548070,26.197758,3.090188,19.128000,26.252000,13.628000,26.252000,0.054242,4.579930,0.799383,3.073841,-0.016347,0.920070,0.000000,0.000000,1,0
1789812665.252516,3,14.548070,26.197758,3.090188,19.128000,26.252000,13.628000,26.252000,0.054242,4.579930,0.799383,3.073841,-0.016347,0.920070,0.000000,0.000000,1,0
1789812665.351354,3,14.548070,26.197758,3.090188,19.128000,26.252000,13.628000,26.252000,0.054242,4.579930,0.799383,3.073841,-0.016347,0.920070,0.000000,0.000000,1,0
1789812665.451317,3,14.548070,26.197758,3.090188,19.128000,26.252000,13.628000,26.252000,0.054242,4.579930,0.799383,3.073841,-0.016347,0.920070,0.000000,0.000000,1,0
1789812665.551861,3,14.548070,26.197758,3.090188,19.128000,26.252000,13.628000,26.252000,0.054242,4.579930,0.799383,3.073841,-0.016347,0.920070,0.000000,0.000000,1,0
1789812665.651383,3,14.548070,26.197758,3.090188,19.128000,26.252000,13.628000,26.252000,0.054242,4.579930,0.799383,3.073841,-0.016347,0.920070,0.000000,0.000000,1,0
1789812665.751374,3,14.548070,26.197758,3.090188,19.128000,26.252000,13.628000,26.252000,0.054242,4.579930,0.799383,3.073841,-0.016347,0.920070,0.000000,0.000000,1,0
1789812665.851345,3,14.548070,26.197758,3.090188,19.128000,26.252000,13.628000,26.252000,0.054242,4.579930,0.799383,3.073841,-0.016347,0.920070,0.000000,0.000000,1,0
1789812665.951376,3,14.548070,26.197758,3.090188,19.128000,26.252000,13.628000,26.252000,0.054242,4.579930,0.799383,3.073841,-0.016347,0.920070,0.000000,0.000000,1,0
1789812666.051378,3,14.548070,26.197758,3.090188,19.128000,26.252000,13.628000,26.252000,0.054242,4.579930,0.799383,3.073841,-0.016347,0.920070,0.000000,0.000000,1,0
1789812666.151374,3,14.548070,26.197758,3.090188,19.128000,26.252000,13.628000,26.252000,0.054242,4.579930,0.799383,3.073841,-0.016347,0.920070,0.000000,0.000000,1,0
1789812666.251351,3,14.548070,26.197758,3.090188,19.128000,26.252000,13.628000,26.252000,0.054242,4.579930,0.799383,3.073841,-0.016347,0.920070,0.000000,0.000000,1,0
1789812666.351385,3,14.548070,26.197758,3.090188,19.128000,26.252000,13.628000,26.252000,0.054242,4.579930,0.799383,3.073841,-0.016347,0.920070,0.000000,0.000000,1,0
1789812666.451440,3,14.548070,26.197758,3.090188,19.128000,26.252000,13.628000,26.252000,0.054242,4.579930,0.799383,3.073841,-0.016347,0.920070,0.000000,0.000000,1,0
1789812666.551373,3,14.548070,26.197758,3.090188,19.128000,26.252000,13.628000,26.252000,0.054242,4.579930,0.799383,3.073841,-0.016347,0.920070,0.000000,0.000000,1,0
1789812666.651870,3,14.548070,26.197758,3.090188,19.128000,26.252000,13.628000,26.252000,0.054242,4.579930,0.799383,3.073841,-0.016347,0.920070,0.000000,0.000000,1,0
1789812666.751506,3,14.548070,26.197758,3.090188,19.128000,26.252000,13.628000,26.252000,0.054242,4.579930,0.799383,3.073841,-0.016347,0.920070,0.000000,0.000000,1,0
1789812666.851650,3,14.548070,26.197758,3.090188,19.128000,26.252000,13.628000,26.252000,0.054242,4.579930,0.799383,3.073841,-0.016347,0.920070,0.000000,0.000000,1,0
1789812666.958375,3,14.548070,26.197758,3.090188,19.128000,26.252000,13.628000,26.252000,0.054242,4.579930,0.799383,3.073841,-0.016347,0.920070,0.000000,0.000000,1,0
1789812667.051437,3,14.548070,26.197758,3.090188,19.128000,26.252000,13.628000,26.252000,0.054242,4.579930,0.799383,3.073841,-0.016347,0.920070,0.000000,0.000000,1,0
1789812667.151401,3,14.548070,26.197758,3.090188,19.128000,26.252000,13.628000,26.252000,0.054242,4.579930,0.799383,3.073841,-0.016347,0.920070,0.000000,0.000000,1,0
1789812667.251419,3,14.548070,26.197758,3.090188,19.128000,26.252000,13.628000,26.252000,0.054242,4.579930,0.799383,3.073841,-0.016347,0.920070,0.000000,0.000000,1,0
1789812667.351451,3,14.548070,26.197758,3.090188,19.128000,26.252000,13.628000,26.252000,0.054242,4.579930,0.799383,3.073841,-0.016347,0.920070,0.000000,0.000000,1,0
1789812667.451483,3,14.548070,26.197758,3.090188,19.128000,26.252000,13.628000,26.252000,0.054242,4.579930,0.799383,3.073841,-0.016347,0.920070,0.000000,0.000000,1,0
1789812667.551507,3,14.548070,26.197758,3.090188,19.128000,26.252000,13.628000,26.252000,0.054242,4.579930,0.799383,3.073841,-0.016347,0.920070,0.000000,0.000000,1,0
1789812667.651581,3,14.548070,26.197758,3.090188,19.128000,26.252000,13.628000,26.252000,0.054242,4.579930,0.799383,3.073841,-0.016347,0.920070,0.000000,0.000000,1,0
1789812667.751474,3,14.548070,26.197758,3.090188,19.128000,26.252000,13.628000,26.252000,0.054242,4.579930,0.799383,3.073841,-0.016347,0.920070,0.000000,0.000000,1,0
1789812667.851542,3,14.548070,26.197758,3.090188,19.128000,26.252000,13.628000,26.252000,0.054242,4.579930,0.799383,3.073841,-0.016347,0.920070,0.000000,0.000000,1,0
1789812667.951508,3,14.548070,26.197758,3.090188,19.128000,26.252000,13.628000,26.252000,0.054242,4.579930,0.799383,3.073841,-0.016347,0.920070,0.000000,0.000000,1,0
1789812668.051493,3,14.548070,26.197758,3.090188,19.128000,26.252000,13.628000,26.252000,0.054242,4.579930,0.799383,3.073841,-0.016347,0.920070,0.000000,0.000000,1,0
1789812668.151491,3,14.548070,26.197758,3.090188,19.128000,26.252000,13.628000,26.252000,0.054242,4.579930,0.799383,3.073841,-0.016347,0.920070,0.000000,0.000000,1,0
1789812668.251463,3,14.548070,26.197758,3.090188,19.128000,26.252000,13.628000,26.252000,0.054242,4.579930,0.799383,3.073841,-0.016347,0.920070,0.000000,0.000000,1,0
1789812668.351507,3,14.548070,26.197758,3.090188,19.128000,26.252000,13.628000,26.252000,0.054242,4.579930,0.799383,3.073841,-0.016347,0.920070,0.000000,0.000000,1,0
1789812668.452492,3,14.548070,26.197758,3.090188,19.128000,26.252000,13.628000,26.252000,0.054242,4.579930,0.799383,3.073841,-0.016347,0.920070,0.000000,0.000000,1,0
1789812668.551504,3,14.548070,26.197758,3.090188,19.128000,26.252000,13.628000,26.252000,0.054242,4.579930,0.799383,3.073841,-0.016347,0.920070,0.000000,0.000000,1,0
1789812668.651495,3,14.548070,26.197758,3.090188,19.128000,26.252000,13.628000,26.252000,0.054242,4.579930,0.799383,3.073841,-0.016347,0.920070,0.000000,0.000000,1,0
1789812668.751484,3,14.548070,26.197758,3.090188,19.128000,26.252000,13.628000,26.252000,0.054242,4.579930,0.799383,3.073841,-0.016347,0.920070,0.000000,0.000000,1,0
1789812668.851468,3,14.548070,26.197758,3.090188,19.128000,26.252000,13.628000,26.252000,0.054242,4.579930,0.799383,3.073841,-0.016347,0.920070,0.000000,0.000000,1,0
1789812668.951501,3,14.548070,26.197758,3.090188,19.128000,26.252000,13.628000,26.252000,0.054242,4.579930,0.799383,3.073841,-0.016347,0.920070,0.000000,0.000000,1,0
1789812669.053486,3,14.548070,26.197758,3.090188,19.128000,26.252000,13.628000,26.252000,0.054242,4.579930,0.799383,3.073841,-0.016347,0.920070,0.000000,0.000000,1,0
1789812669.151534,3,14.548070,26.197758,3.090188,19.128000,26.252000,13.628000,26.252000,0.054242,4.579930,0.799383,3.073841,-0.016347,0.920070,0.000000,0.000000,1,0
1789812669.251532,3,14.548070,26.197758,3.090188,19.128000,26.252000,13.628000,26.252000,0.054242,4.579930,0.799383,3.073841,-0.016347,0.920070,0.000000,0.000000,1,0
1789812669.351528,3,14.548070,26.197758,3.090188,19.128000,26.252000,13.628000,26.252000,0.054242,4.579930,0.799383,3.073841,-0.016347,0.920070,0.000000,0.000000,1,0
1789812669.451562,3,14.548070,26.197758,3.090188,19.128000,26.252000,13.628000,26.252000,0.054242,4.579930,0.799383,3.073841,-0.016347,0.920070,0.000000,0.000000,1,0
1789812669.551578,3,14.548070,26.197758,3.090188,19.128000,26.252000,13.628000,26.252000,0.054242,4.579930,0.799383,3.073841,-0.016347,0.920070,0.000000,0.000000,1,0
1789812669.652446,3,14.548070,26.197758,3.090188,19.128000,26.252000,13.628000,26.252000,0.054242,4.579930,0.799383,3.073841,-0.016347,0.920070,0.000000,0.000000,1,0
1789812669.751556,3,14.548070,26.197758,3.090188,19.128000,26.252000,13.628000,26.252000,0.054242,4.579930,0.799383,3.073841,-0.016347,0.920070,0.000000,0.000000,1,0
1789812669.851546,3,14.548070,26.197758,3.090188,19.128000,26.252000,13.628000,26.252000,0.054242,4.579930,0.799383,3.073841,-0.016347,0.920070,0.000000,0.000000,1,0
1789812669.951544,3,14.548070,26.197758,3.090188,19.128000,26.252000,13.628000,26.252000,0.054242,4.579930,0.799383,3.073841,-0.016347,0.920070,0.000000,0.000000,1,0
1789812670.051553,3,14.548070,26.197758,3.090188,19.128000,26.252000,13.628000,26.252000,0.054242,4.579930,0.799383,3.073841,-0.016347,0.920070,0.000000,0.000000,1,0
1789812670.151551,3,14.548070,26.197758,3.090188,19.128000,26.252000,13.628000,26.252000,0.054242,4.579930,0.799383,3.073841,-0.016347,0.920070,0.000000,0.000000,1,0
1789812670.251573,3,14.548070,26.197758,3.090188,19.128000,26.252000,13.628000,26.252000,0.054242,4.579930,0.799383,3.073841,-0.016347,0.920070,0.000000,0.000000,1,0
1789812670.353377,3,14.548070,26.197758,3.090188,19.128000,26.252000,13.628000,26.252000,0.054242,4.579930,0.799383,3.073841,-0.016347,0.920070,0.000000,0.000000,1,0
1789812670.451648,3,14.548070,26.197758,3.090188,19.128000,26.252000,13.628000,26.252000,0.054242,4.579930,0.799383,3.073841,-0.016347,0.920070,0.000000,0.000000,1,0
1789812670.551606,3,14.548070,26.197758,3.090188,19.128000,26.252000,13.628000,26.252000,0.054242,4.579930,0.799383,3.073841,-0.016347,0.920070,0.000000,0.000000,1,0
1789812670.652098,3,14.548070,26.197758,3.090188,19.128000,26.252000,13.628000,26.252000,0.054242,4.579930,0.799383,3.073841,-0.016347,0.920070,0.000000,0.000000,1,0
1789812670.751594,3,14.548070,26.197758,3.090188,19.128000,26.252000,13.628000,26.252000,0.054242,4.579930,0.799383,3.073841,-0.016347,0.920070,0.000000,0.000000,1,0
1789812670.851610,3,14.548070,26.197758,3.090188,19.128000,26.252000,13.628000,26.252000,0.054242,4.579930,0.799383,3.073841,-0.016347,0.920070,0.000000,0.000000,1,0
1789812670.952580,3,14.548070,26.197758,3.090188,19.128000,26.252000,13.628000,26.252000,0.054242,4.579930,0.799383,3.073841,-0.016347,0.920070,0.000000,0.000000,1,0
1789812671.051828,3,14.548070,26.197758,3.090188,19.128000,26.252000,13.628000,26.252000,0.054242,4.579930,0.799383,3.073841,-0.016347,0.920070,0.000000,0.000000,1,0
1789812671.151608,3,14.548070,26.197758,3.090188,19.128000,26.252000,13.628000,26.252000,0.054242,4.579930,0.799383,3.073841,-0.016347,0.920070,0.000000,0.000000,1,0
1789812671.251720,3,14.548070,26.197758,3.090188,19.128000,26.252000,13.628000,26.252000,0.054242,4.579930,0.799383,3.073841,-0.016347,0.920070,0.000000,0.000000,1,0
1789812671.351616,3,14.548070,26.197758,3.090188,19.128000,26.252000,13.628000,26.252000,0.054242,4.579930,0.799383,3.073841,-0.016347,0.920070,0.000000,0.000000,1,0
1789812671.451629,3,14.548070,26.197758,3.090188,19.128000,26.252000,13.628000,26.252000,0.054242,4.579930,0.799383,3.073841,-0.016347,0.920070,0.000000,0.000000,1,0
1789812671.551639,3,14.548070,26.197758,3.090188,19.128000,26.252000,13.628000,26.252000,0.054242,4.579930,0.799383,3.073841,-0.016347,0.920070,0.000000,0.000000,1,0
1789812671.651630,3,14.548070,26.197758,3.090188,19.128000,26.252000,13.628000,26.252000,0.054242,4.579930,0.799383,3.073841,-0.016347,0.920070,0.000000,0.000000,1,0
1789812671.751641,3,14.548070,26.197758,3.090188,19.128000,26.252000,13.628000,26.252000,0.054242,4.579930,0.799383,3.073841,-0.016347,0.920070,0.000000,0.000000,1,0
1789812671.851817,3,14.548070,26.197758,3.090188,19.128000,26.252000,13.628000,26.252000,0.054242,4.579930,0.799383,3.073841,-0.016347,0.920070,0.000000,0.000000,1,0
1789812671.951646,3,14.548070,26.197758,3.090188,19.128000,26.252000,13.628000,26.252000,0.054242,4.579930,0.799383,3.073841,-0.016347,0.920070,0.000000,0.000000,1,0
1789812672.051658,3,14.548070,26.197758,3.090188,19.128000,26.252000,13.628000,26.252000,0.054242,4.579930,0.799383,3.073841,-0.016347,0.920070,0.000000,0.000000,1,0
1789812672.151752,3,14.548070,26.197758,3.090188,19.128000,26.252000,13.628000,26.252000,0.054242,4.579930,0.799383,3.073841,-0.016347,0.920070,0.000000,0.000000,1,0
1789812672.251674,3,14.548070,26.197758,3.090188,19.128000,26.252000,13.628000,26.252000,0.054242,4.579930,0.799383,3.073841,-0.016347,0.920070,0.000000,0.000000,1,0
1789812672.352206,3,14.548070,26.197758,3.090188,19.128000,26.252000,13.628000,26.252000,0.054242,4.579930,0.799383,3.073841,-0.016347,0.920070,0.000000,0.000000,1,0
1789812672.451692,3,14.548070,26.197758,3.090188,19.128000,26.252000,13.628000,26.252000,0.054242,4.579930,0.799383,3.073841,-0.016347,0.920070,0.000000,0.000000,1,0
1789812672.551728,3,14.548070,26.197758,3.090188,19.128000,26.252000,13.628000,26.252000,0.054242,4.579930,0.799383,3.073841,-0.016347,0.920070,0.000000,0.000000,1,0
1789812672.655307,3,14.548070,26.197758,3.090188,19.128000,26.252000,13.628000,26.252000,0.054242,4.579930,0.799383,3.073841,-0.016347,0.920070,0.000000,0.000000,1,0
1789812672.751701,3,14.548070,26.197758,3.090188,19.128000,26.252000,13.628000,26.252000,0.054242,4.579930,0.799383,3.073841,-0.016347,0.920070,0.000000,0.000000,1,0
1789812672.851712,3,14.548070,26.197758,3.090188,19.128000,26.252000,13.628000,26.252000,0.054242,4.579930,0.799383,3.073841,-0.016347,0.920070,0.000000,0.000000,1,0
1789812672.952074,3,14.548070,26.197758,3.090188,19.128000,26.252000,13.628000,26.252000,0.054242,4.579930,0.799383,3.073841,-0.016347,0.920070,0.000000,0.000000,1,0
1789812673.051727,3,14.548070,26.197758,3.090188,19.128000,26.252000,13.628000,26.252000,0.054242,4.579930,0.799383,3.073841,-0.016347,0.920070,0.000000,0.000000,1,0
1789812673.151816,3,14.548070,26.197758,3.090188,19.128000,26.252000,13.628000,26.252000,0.054242,4.579930,0.799383,3.073841,-0.016347,0.920070,0.000000,0.000000,1,0
1789812673.251751,3,14.548070,26.197758,3.090188,19.128000,26.252000,13.628000,26.252000,0.054242,4.579930,0.799383,3.073841,-0.016347,0.920070,0.000000,0.000000,1,0
1789812673.351903,3,14.548070,26.197758,3.090188,19.128000,26.252000,13.628000,26.252000,0.054242,4.579930,0.799383,3.073841,-0.016347,0.920070,0.000000,0.000000,1,0
1789812673.451708,3,14.548070,26.197758,3.090188,19.128000,26.252000,13.628000,26.252000,0.054242,4.579930,0.799383,3.073841,-0.016347,0.920070,0.000000,0.000000,1,0
1789812673.551733,3,14.548070,26.197758,3.090188,19.128000,26.252000,13.628000,26.252000,0.054242,4.579930,0.799383,3.073841,-0.016347,0.920070,0.000000,0.000000,1,0
1789812673.651755,3,14.548070,26.197758,3.090188,19.128000,26.252000,13.628000,26.252000,0.054242,4.579930,0.799383,3.073841,-0.016347,0.920070,0.000000,0.000000,1,0
1789812673.751808,3,14.548070,26.197758,3.090188,19.128000,26.252000,13.628000,26.252000,0.054242,4.579930,0.799383,3.073841,-0.016347,0.920070,0.000000,0.000000,1,0
1789812673.851779,3,14.548070,26.197758,3.090188,19.128000,26.252000,13.628000,26.252000,0.054242,4.579930,0.799383,3.073841,-0.016347,0.920070,0.000000,0.000000,1,0
1789812673.952673,3,14.548070,26.197758,3.090188,19.128000,26.252000,13.628000,26.252000,0.054242,4.579930,0.799383,3.073841,-0.016347,0.920070,0.000000,0.000000,1,0
1789812674.051750,3,14.548070,26.197758,3.090188,19.128000,26.252000,13.628000,26.252000,0.054242,4.579930,0.799383,3.073841,-0.016347,0.920070,0.000000,0.000000,1,0
1789812674.151875,3,14.548070,26.197758,3.090188,19.128000,26.252000,13.628000,26.252000,0.054242,4.579930,0.799383,3.073841,-0.016347,0.920070,0.000000,0.000000,1,0
1789812674.251766,3,14.548070,26.197758,3.090188,19.128000,26.252000,13.628000,26.252000,0.054242,4.579930,0.799383,3.073841,-0.016347,0.920070,0.000000,0.000000,1,0
1789812674.351775,3,14.548070,26.197758,3.090188,19.128000,26.252000,13.628000,26.252000,0.054242,4.579930,0.799383,3.073841,-0.016347,0.920070,0.000000,0.000000,1,0
1789812674.451793,3,14.548070,26.197758,3.090188,19.128000,26.252000,13.628000,26.252000,0.054242,4.579930,0.799383,3.073841,-0.016347,0.920070,0.000000,0.000000,1,0
1789812674.551799,3,14.548070,26.197758,3.090188,19.128000,26.252000,13.628000,26.252000,0.054242,4.579930,0.799383,3.073841,-0.016347,0.920070,0.000000,0.000000,1,0
1789812674.654639,3,14.548070,26.197758,3.090188,19.128000,26.252000,13.628000,26.252000,0.054242,4.579930,0.799383,3.073841,-0.016347,0.920070,0.000000,0.000000,1,0
1789812674.751846,3,14.548070,26.197758,3.090188,19.128000,26.252000,13.628000,26.252000,0.054242,4.579930,0.799383,3.073841,-0.016347,0.920070,0.000000,0.000000,1,0
1789812674.852639,3,14.548070,26.197758,3.090188,19.128000,26.252000,13.628000,26.252000,0.054242,4.579930,0.799383,3.073841,-0.016347,0.920070,0.000000,0.000000,1,0
1789812674.953492,3,14.548070,26.197758,3.090188,19.128000,26.252000,13.628000,26.252000,0.054242,4.579930,0.799383,3.073841,-0.016347,0.920070,0.000000,0.000000,1,0
1789812675.051803,3,14.548070,26.197758,3.090188,19.128000,26.252000,13.628000,26.252000,0.054242,4.579930,0.799383,3.073841,-0.016347,0.920070,0.000000,0.000000,1,0
1789812675.151857,3,14.548070,26.197758,3.090188,19.128000,26.252000,13.628000,26.252000,0.054242,4.579930,0.799383,3.073841,-0.016347,0.920070,0.000000,0.000000,1,0
1789812675.251842,3,14.548070,26.197758,3.090188,19.128000,26.252000,13.628000,26.252000,0.054242,4.579930,0.799383,3.073841,-0.016347,0.920070,0.000000,0.000000,1,0
1789812675.351807,3,14.548070,26.197758,3.090188,19.128000,26.252000,13.628000,26.252000,0.054242,4.579930,0.799383,3.073841,-0.016347,0.920070,0.000000,0.000000,1,0
1789812675.451881,3,14.548070,26.197758,3.090188,19.128000,26.252000,13.628000,26.252000,0.054242,4.579930,0.799383,3.073841,-0.016347,0.920070,0.000000,0.000000,1,0
1789812675.551851,3,14.548070,26.197758,3.090188,19.128000,26.252000,13.628000,26.252000,0.054242,4.579930,0.799383,3.073841,-0.016347,0.920070,0.000000,0.000000,1,0
1789812675.651873,3,14.548070,26.197758,3.090188,19.128000,26.252000,13.628000,26.252000,0.054242,4.579930,0.799383,3.073841,-0.016347,0.920070,0.000000,0.000000,1,0
1789812675.751893,3,14.548070,26.197758,3.090188,19.128000,26.252000,13.628000,26.252000,0.054242,4.579930,0.799383,3.073841,-0.016347,0.920070,0.000000,0.000000,1,0
1789812675.851844,3,14.548070,26.197758,3.090188,19.128000,26.252000,13.628000,26.252000,0.054242,4.579930,0.799383,3.073841,-0.016347,0.920070,0.000000,0.000000,1,0
1789812675.951907,3,14.548070,26.197758,3.090188,19.128000,26.252000,13.628000,26.252000,0.054242,4.579930,0.799383,3.073841,-0.016347,0.920070,0.000000,0.000000,1,0
1789812676.051870,3,14.548070,26.197758,3.090188,19.128000,26.252000,13.628000,26.252000,0.054242,4.579930,0.799383,3.073841,-0.016347,0.920070,0.000000,0.000000,1,0
1789812676.152552,3,14.548070,26.197758,3.090188,19.128000,26.252000,13.628000,26.252000,0.054242,4.579930,0.799383,3.073841,-0.016347,0.920070,0.000000,0.000000,1,0
1789812676.251891,3,14.548070,26.197758,3.090188,19.128000,26.252000,13.628000,26.252000,0.054242,4.579930,0.799383,3.073841,-0.016347,0.920070,0.000000,0.000000,1,0
1789812676.351884,3,14.548070,26.197758,3.090188,19.128000,26.252000,13.628000,26.252000,0.054242,4.579930,0.799383,3.073841,-0.016347,0.920070,0.000000,0.000000,1,0
1789812676.451913,3,14.548070,26.197758,3.090188,19.128000,26.252000,13.628000,26.252000,0.054242,4.579930,0.799383,3.073841,-0.016347,0.920070,0.000000,0.000000,1,0
1789812676.551888,3,14.548070,26.197758,3.090188,19.128000,26.252000,13.628000,26.252000,0.054242,4.579930,0.799383,3.073841,-0.016347,0.920070,0.000000,0.000000,1,0
1789812676.651876,3,14.548070,26.197758,3.090188,19.128000,26.252000,13.628000,26.252000,0.054242,4.579930,0.799383,3.073841,-0.016347,0.920070,0.000000,0.000000,1,0
1789812676.751888,3,14.548070,26.197758,3.090188,19.128000,26.252000,13.628000,26.252000,0.054242,4.579930,0.799383,3.073841,-0.016347,0.920070,0.000000,0.000000,1,0
1789812676.852218,3,14.548070,26.197758,3.090188,19.128000,26.252000,13.628000,26.252000,0.054242,4.579930,0.799383,3.073841,-0.016347,0.920070,0.000000,0.000000,1,0
1789812676.951967,3,14.548070,26.197758,3.090188,19.128000,26.252000,13.628000,26.252000,0.054242,4.579930,0.799383,3.073841,-0.016347,0.920070,0.000000,0.000000,1,0
1789812677.051921,3,14.548070,26.197758,3.090188,19.128000,26.252000,13.628000,26.252000,0.054242,4.579930,0.799383,3.073841,-0.016347,0.920070,0.000000,0.000000,1,0
1789812677.151911,3,14.548070,26.197758,3.090188,19.128000,26.252000,13.628000,26.252000,0.054242,4.579930,0.799383,3.073841,-0.016347,0.920070,0.000000,0.000000,1,0
1789812677.251930,3,14.548070,26.197758,3.090188,19.128000,26.252000,13.628000,26.252000,0.054242,4.579930,0.799383,3.073841,-0.016347,0.920070,0.000000,0.000000,1,0
1789812677.351908,3,14.548070,26.197758,3.090188,19.128000,26.252000,13.628000,26.252000,0.054242,4.579930,0.799383,3.073841,-0.016347,0.920070,0.000000,0.000000,1,0
1789812677.451906,3,14.548070,26.197758,3.090188,19.128000,26.252000,13.628000,26.252000,0.054242,4.579930,0.799383,3.073841,-0.016347,0.920070,0.000000,0.000000,1,0
1789812677.551952,3,14.548070,26.197758,3.090188,19.128000,26.252000,13.628000,26.252000,0.054242,4.579930,0.799383,3.073841,-0.016347,0.920070,0.000000,0.000000,1,0
1789812677.651986,3,14.548070,26.197758,3.090188,19.128000,26.252000,13.628000,26.252000,0.054242,4.579930,0.799383,3.073841,-0.016347,0.920070,0.000000,0.000000,1,0
1789812677.751947,3,14.548070,26.197758,3.090188,19.128000,26.252000,13.628000,26.252000,0.054242,4.579930,0.799383,3.073841,-0.016347,0.920070,0.000000,0.000000,1,0
1789812677.851961,3,14.548070,26.197758,3.090188,19.128000,26.252000,13.628000,26.252000,0.054242,4.579930,0.799383,3.073841,-0.016347,0.920070,0.000000,0.000000,1,0
1789812677.952527,3,14.548070,26.197758,3.090188,19.128000,26.252000,13.628000,26.252000,0.054242,4.579930,0.799383,3.073841,-0.016347,0.920070,0.000000,0.000000,1,0
1789812678.051987,3,14.548070,26.197758,3.090188,19.128000,26.252000,13.628000,26.252000,0.054242,4.579930,0.799383,3.073841,-0.016347,0.920070,0.000000,0.000000,1,0
1789812678.151996,3,14.548070,26.197758,3.090188,19.128000,26.252000,13.628000,26.252000,0.054242,4.579930,0.799383,3.073841,-0.016347,0.920070,0.000000,0.000000,1,0
1789812678.254672,3,14.548070,26.197758,3.090188,19.128000,26.252000,13.628000,26.252000,0.054242,4.579930,0.799383,3.073841,-0.016347,0.920070,0.000000,0.000000,1,0
1789812678.351970,3,14.548070,26.197758,3.090188,19.128000,26.252000,13.628000,26.252000,0.054242,4.579930,0.799383,3.073841,-0.016347,0.920070,0.000000,0.000000,1,0
1789812678.452004,3,14.548070,26.197758,3.090188,19.128000,26.252000,13.628000,26.252000,0.054242,4.579930,0.799383,3.073841,-0.016347,0.920070,0.000000,0.000000,1,0
1789812678.551987,3,14.548070,26.197758,3.090188,19.128000,26.252000,13.628000,26.252000,0.054242,4.579930,0.799383,3.073841,-0.016347,0.920070,0.000000,0.000000,1,0
1789812678.651997,3,14.548070,26.197758,3.090188,19.128000,26.252000,13.628000,26.252000,0.054242,4.579930,0.799383,3.073841,-0.016347,0.920070,0.000000,0.000000,1,0
1789812678.752017,3,14.548070,26.197758,3.090188,19.128000,26.252000,13.628000,26.252000,0.054242,4.579930,0.799383,3.073841,-0.016347,0.920070,0.000000,0.000000,1,0
1789812678.852066,3,14.548070,26.197758,3.090188,19.128000,26.252000,13.628000,26.252000,0.054242,4.579930,0.799383,3.073841,-0.016347,0.920070,0.000000,0.000000,1,0
1789812678.952060,3,14.548070,26.197758,3.090188,19.128000,26.252000,13.628000,26.252000,0.054242,4.579930,0.799383,3.073841,-0.016347,0.920070,0.000000,0.000000,1,0
1789812679.052040,3,14.548070,26.197758,3.090188,19.128000,26.252000,13.628000,26.252000,0.054242,4.579930,0.799383,3.073841,-0.016347,0.920070,0.000000,0.000000,1,0
1789812679.152021,3,14.548070,26.197758,3.090188,19.128000,26.252000,13.628000,26.252000,0.054242,4.579930,0.799383,3.073841,-0.016347,0.920070,0.000000,0.000000,1,0
1789812679.252873,3,14.548070,26.197758,3.090188,19.128000,26.252000,13.628000,26.252000,0.054242,4.579930,0.799383,3.073841,-0.016347,0.920070,0.000000,0.000000,1,0
1789812679.352038,3,14.548070,26.197758,3.090188,19.128000,26.252000,13.628000,26.252000,0.054242,4.579930,0.799383,3.073841,-0.016347,0.920070,0.000000,0.000000,1,0
1789812679.452054,3,14.548070,26.197758,3.090188,19.128000,26.252000,13.628000,26.252000,0.054242,4.579930,0.799383,3.073841,-0.016347,0.920070,0.000000,0.000000,1,0
1789812679.552046,3,14.548070,26.197758,3.090188,19.128000,26.252000,13.628000,26.252000,0.054242,4.579930,0.799383,3.073841,-0.016347,0.920070,0.000000,0.000000,1,0
1789812679.652028,3,14.548070,26.197758,3.090188,19.128000,26.252000,13.628000,26.252000,0.054242,4.579930,0.799383,3.073841,-0.016347,0.920070,0.000000,0.000000,1,0
1789812679.752141,3,14.548070,26.197758,3.090188,19.128000,26.252000,13.628000,26.252000,0.054242,4.579930,0.799383,3.073841,-0.016347,0.920070,0.000000,0.000000,1,0
1789812679.852049,3,14.548070,26.197758,3.090188,19.128000,26.252000,13.628000,26.252000,0.054242,4.579930,0.799383,3.073841,-0.016347,0.920070,0.000000,0.000000,1,0
1789812679.952091,3,14.548070,26.197758,3.090188,19.128000,26.252000,13.628000,26.252000,0.054242,4.579930,0.799383,3.073841,-0.016347,0.920070,0.000000,0.000000,1,0
1789812680.052223,3,14.548070,26.197758,3.090188,19.128000,26.252000,13.628000,26.252000,0.054242,4.579930,0.799383,3.073841,-0.016347,0.920070,0.000000,0.000000,1,0
1789812680.152097,3,14.548070,26.197758,3.090188,19.128000,26.252000,13.628000,26.252000,0.054242,4.579930,0.799383,3.073841,-0.016347,0.920070,0.000000,0.000000,1,0
1789812680.252119,3,14.548070,26.197758,3.090188,19.128000,26.252000,13.628000,26.252000,0.054242,4.579930,0.799383,3.073841,-0.016347,0.920070,0.000000,0.000000,1,0
1789812680.352097,3,14.548070,26.197758,3.090188,19.128000,26.252000,13.628000,26.252000,0.054242,4.579930,0.799383,3.073841,-0.016347,0.920070,0.000000,0.000000,1,0
1789812680.452119,3,14.548070,26.197758,3.090188,19.128000,26.252000,13.628000,26.252000,0.054242,4.579930,0.799383,3.073841,-0.016347,0.920070,0.000000,0.000000,1,0
1789812680.552085,3,14.548070,26.197758,3.090188,19.128000,26.252000,13.628000,26.252000,0.054242,4.579930,0.799383,3.073841,-0.016347,0.920070,0.000000,0.000000,1,0
1789812680.652107,3,14.548070,26.197758,3.090188,19.128000,26.252000,13.628000,26.252000,0.054242,4.579930,0.799383,3.073841,-0.016347,0.920070,0.000000,0.000000,1,0
1789812680.752086,3,14.548070,26.197758,3.090188,19.128000,26.252000,13.628000,26.252000,0.054242,4.579930,0.799383,3.073841,-0.016347,0.920070,0.000000,0.000000,1,0
1789812680.853609,3,14.548070,26.197758,3.090188,19.128000,26.252000,13.628000,26.252000,0.054242,4.579930,0.799383,3.073841,-0.016347,0.920070,0.000000,0.000000,1,0
1789812680.952112,3,14.548070,26.197758,3.090188,19.128000,26.252000,13.628000,26.252000,0.054242,4.579930,0.799383,3.073841,-0.016347,0.920070,0.000000,0.000000,1,0
1789812681.052120,3,14.548070,26.197758,3.090188,19.128000,26.252000,13.628000,26.252000,0.054242,4.579930,0.799383,3.073841,-0.016347,0.920070,0.000000,0.000000,1,0
1789812681.152123,3,14.548070,26.197758,3.090188,19.128000,26.252000,13.628000,26.252000,0.054242,4.579930,0.799383,3.073841,-0.016347,0.920070,0.000000,0.000000,1,0
1789812681.252224,3,14.548070,26.197758,3.090188,19.128000,26.252000,13.628000,26.252000,0.054242,4.579930,0.799383,3.073841,-0.016347,0.920070,0.000000,0.000000,1,0
1789812681.352129,3,14.548070,26.197758,3.090188,19.128000,26.252000,13.628000,26.252000,0.054242,4.579930,0.799383,3.073841,-0.016347,0.920070,0.000000,0.000000,1,0
1789812681.452114,3,14.548070,26.197758,3.090188,19.128000,26.252000,13.628000,26.252000,0.054242,4.579930,0.799383,3.073841,-0.016347,0.920070,0.000000,0.000000,1,0
1789812681.552327,3,14.548070,26.197758,3.090188,19.128000,26.252000,13.628000,26.252000,0.054242,4.579930,0.799383,3.073841,-0.016347,0.920070,0.000000,0.000000,1,0
1789812681.652165,3,14.548070,26.197758,3.090188,19.128000,26.252000,13.628000,26.252000,0.054242,4.579930,0.799383,3.073841,-0.016347,0.920070,0.000000,0.000000,1,0
1789812681.752152,3,14.548070,26.197758,3.090188,19.128000,26.252000,13.628000,26.252000,0.054242,4.579930,0.799383,3.073841,-0.016347,0.920070,0.000000,0.000000,1,0
1789812681.852430,3,14.548070,26.197758,3.090188,19.128000,26.252000,13.628000,26.252000,0.054242,4.579930,0.799383,3.073841,-0.016347,0.920070,0.000000,0.000000,1,0
1789812681.952146,3,14.548070,26.197758,3.090188,19.128000,26.252000,13.628000,26.252000,0.054242,4.579930,0.799383,3.073841,-0.016347,0.920070,0.000000,0.000000,1,0
1789812682.052218,3,14.548070,26.197758,3.090188,19.128000,26.252000,13.628000,26.252000,0.054242,4.579930,0.799383,3.073841,-0.016347,0.920070,0.000000,0.000000,1,0
1789812682.152184,3,14.548070,26.197758,3.090188,19.128000,26.252000,13.628000,26.252000,0.054242,4.579930,0.799383,3.073841,-0.016347,0.920070,0.000000,0.000000,1,0
1789812682.252208,3,14.548070,26.197758,3.090188,19.128000,26.252000,13.628000,26.252000,0.054242,4.579930,0.799383,3.073841,-0.016347,0.920070,0.000000,0.000000,1,0
1789812682.352181,3,14.548070,26.197758,3.090188,19.128000,26.252000,13.628000,26.252000,0.054242,4.579930,0.799383,3.073841,-0.016347,0.920070,0.000000,0.000000,1,0
1789812682.452276,3,14.548070,26.197758,3.090188,19.128000,26.252000,13.628000,26.252000,0.054242,4.579930,0.799383,3.073841,-0.016347,0.920070,0.000000,0.000000,1,0
1789812682.552202,3,14.548070,26.197758,3.090188,19.128000,26.252000,13.628000,26.252000,0.054242,4.579930,0.799383,3.073841,-0.016347,0.920070,0.000000,0.000000,1,0
1789812682.652272,3,14.548070,26.197758,3.090188,19.128000,26.252000,13.628000,26.252000,0.054242,4.579930,0.799383,3.073841,-0.016347,0.920070,0.000000,0.000000,1,0
1789812682.752328,3,14.548070,26.197758,3.090188,19.128000,26.252000,13.628000,26.252000,0.054242,4.579930,0.799383,3.073841,-0.016347,0.920070,0.000000,0.000000,1,0
1789812682.852253,3,14.548070,26.197758,3.090188,19.128000,26.252000,13.628000,26.252000,0.054242,4.579930,0.799383,3.073841,-0.016347,0.920070,0.000000,0.000000,1,0
1789812682.952224,3,14.548070,26.197758,3.090188,19.128000,26.252000,13.628000,26.252000,0.054242,4.579930,0.799383,3.073841,-0.016347,0.920070,0.000000,0.000000,1,0
1789812683.052223,3,14.548070,26.197758,3.090188,19.128000,26.252000,13.628000,26.252000,0.054242,4.579930,0.799383,3.073841,-0.016347,0.920070,0.000000,0.000000,1,0
1789812683.152231,3,14.548070,26.197758,3.090188,19.128000,26.252000,13.628000,26.252000,0.054242,4.579930,0.799383,3.073841,-0.016347,0.920070,0.000000,0.000000,1,0
